url,disposition,warnings
https://www.lbcgroup.tv/news/breaking-news/796392/%D9%85%D8%B9%D9%84%D9%88%D9%85%D8%A7%D8%AA-%D8%A3%D9%88%D9%84%D9%8A%D8%A9-%D8%B9%D9%86-%D8%A7%D9%86%D9%81%D8%AC%D8%A7%D8%B1-%D8%A3%D8%AC%D9%87%D8%B2%D8%A9-%D8%A7%D8%AA%D8%B5%D8%A7%D9%84-%D9%84%D8%A7%D8%B3%D9%84%D9%83%D9%8A%D8%A9-%D8%AA%D9%8F%D8%B9%D8%B1%D9%81-%D8%A8%D8%A7%D9%84%D9%80-pager-%D8%A3%D9%85-%D8%A7%D9%84%D9%80-be/ar,included,
https://www.lbcgroup.tv/news/breaking-news/796397/%D9%85%D8%B3%D8%A4%D9%88%D9%84-%D9%85%D9%86-%D8%AD%D8%B2%D8%A8-%D8%A7%D9%84%D9%84%D9%87-%D9%84%D8%B1%D9%88%D9%8A%D8%AA%D8%B1%D8%B2-%D8%AA%D9%81%D8%AC%D9%8A%D8%B1-%D8%A3%D8%AC%D9%87%D8%B2%D8%A9-%D8%A7%D9%84%D8%A7%D8%AA%D8%B5%D8%A7%D9%84-%D9%8A%D8%B4%D9%83%D9%84-%D8%A3%D9%83%D8%A8%D8%B1-%D8%A7%D8%AE%D8%AA%D8%B1%D8%A7%D9%82-%D8%A3%D9%85%D9%86%D9%8A-%D8%AD%D8%AA/ar,included,
https://www.lbcgroup.tv/news/breaking-news/796421/%D9%85%D8%B5%D8%A7%D8%AF%D8%B1-%D8%A3%D9%85%D9%86%D9%8A%D8%A9-%D9%84%D8%B1%D9%88%D9%8A%D8%AA%D8%B1%D8%B2-%D8%A5%D8%B5%D8%A7%D8%A8%D8%A9-%D8%A3%D9%83%D8%AB%D8%B1-%D9%85%D9%86-1000-%D8%B4%D8%AE%D8%B5-%D9%81%D9%8A-%D8%AA%D9%81%D8%AC%D9%8A%D8%B1-%D8%A3%D8%AC%D9%87%D8%B2%D8%A9-%D9%84%D8%A7%D8%B3%D9%84%D9%83%D9%8A%D8%A9-%D9%85%D9%86-%D8%A3/ar,included,
https://www.lbcgroup.tv/news/breaking-news/796720/%D9%85%D9%88%D8%AC%D8%A9-%D8%AA%D9%81%D8%AC%D9%8A%D8%B1%D8%A7%D8%AA-%D8%B7%D8%A7%D9%84%D8%AA-%D8%A3%D8%AC%D9%87%D8%B2%D8%A9-%D9%84%D8%A7%D8%B3%D9%84%D9%83%D9%8A%D8%A9-%D9%81%D9%8A-%D9%85%D9%86%D8%A7%D8%B7%D9%82-%D9%85%D8%AE%D8%AA%D9%84%D9%81%D8%A9-%D9%81%D9%8A-%D8%A7%D9%84%D8%AC%D9%86%D9%88%D8%A8-%D9%88%D8%A7%D9%84%D8%B6%D8%A7%D8%AD%D9%8A%D8%A9-%D8%A7%D9%84%D8%AC/ar,included,
https://www.lbcgroup.tv/news/breaking-news/796728/%D9%85%D8%B5%D8%AF%D8%B1-%D8%A3%D9%85%D9%86%D9%8A-%D9%84%D8%B1%D9%88%D9%8A%D8%AA%D8%B1%D8%B2-%D8%A3%D8%AC%D9%87%D8%B2%D8%A9-%D8%A7%D9%84%D8%A7%D8%AA%D8%B5%D8%A7%D9%84%D8%A7%D8%AA-%D8%A7%D9%84%D8%AA%D9%8A-%D8%A7%D9%86%D9%81%D8%AC%D8%B1%D8%AA-%D8%A7%D9%84%D9%8A%D9%88%D9%85-%D9%87%D9%8A-%D8%A3%D8%AC%D9%87%D8%B2%D8%A9-%D9%84%D8%A7%D8%B3%D9%84%D9%83%D9%8A-%D9%85%D8%AD/ar,included,
https://www.lbcgroup.tv/news/breaking-news/797005/%D9%86%D8%B5%D8%B1%D8%A7%D9%84%D9%84%D9%87-%D9%83%D8%A8%D8%A7%D8%B1-%D9%82%D9%8A%D8%A7%D8%AF%D8%A7%D8%AA-%D8%AD%D8%B2%D8%A8-%D8%A7%D9%84%D9%84%D9%87-%D9%84%D8%A7-%D9%8A%D8%AD%D9%85%D9%84%D9%88%D9%86-%D8%B7%D8%B1%D8%A7%D8%B2-%D8%A3%D8%AC%D9%87%D8%B2%D8%A9-%D8%A7%D9%84%D8%A8%D9%8A%D8%AC%D8%B1-%D8%A7%D9%84%D8%AA%D9%8A-%D8%A7%D9%86%D9%81%D8%AC%D8%B1%D8%AA/ar,included,
https://www.lbcgroup.tv/news/health-nutrition/797960/%D8%B3%D9%85%D8%A7%D8%B9%D8%A7%D8%AA-%D8%A7%D9%84%D8%A3%D8%B0%D9%86-%D8%A7%D9%84%D9%84%D8%A7%D8%B3%D9%84%D9%83%D9%8A%D8%A9-%D9%82%D8%AF-%D8%AA%D8%A4%D8%AF%D9%8A-%D8%A5%D9%84%D9%89-%D9%81%D9%82%D8%AF%D8%A7%D9%86-%D8%A7%D9%84%D8%B3%D9%85%D8%B9-%D9%88%D9%87%D8%B0%D8%A7-%D9%85%D8%A7-%D9%83%D8%B4%D9%81%D9%87-%D8%A7%D9%84%D8%A3%D8%B7%D8%A8%D8%A7%D8%A1/ar,included,
https://www.lbcgroup.tv/news/latest-news/796468/%D8%A7%D8%B5%D8%A7%D8%A8%D8%A9-%D9%86%D8%AC%D9%84-%D8%A7%D9%84%D9%86%D8%A7%D8%A6%D8%A8-%D8%AD%D8%B3%D9%86-%D9%81%D8%B6%D9%84-%D8%A7%D9%84%D9%84%D9%87-%D8%A8%D8%AC%D8%B1%D9%88%D8%AD-%D8%AC%D8%B1%D8%A7%D8%A1-%D8%B9%D9%85%D9%84%D9%8A%D8%A9-%D8%A7%D9%84%D9%80-pagers/ar,included,
https://www.lbcgroup.tv/news/latest-news/796530/%D9%85%D8%AA%D8%AD%D8%AF%D8%AB-%D8%A8%D8%A7%D8%B3%D9%85-%D8%A7%D9%84%D8%A8%D9%86%D8%AA%D8%A7%D8%BA%D9%88%D9%86-%D9%84%D9%8A%D8%B3-%D9%84%D8%AF%D9%8A%D9%86%D8%A7-%D8%A3%D9%8A-%D9%85%D8%B9%D9%84%D9%88%D9%85%D8%A7%D8%AA-%D8%B9%D9%86-%D8%AA%D9%81%D8%AC%D9%8A%D8%B1-%D8%A3%D8%AC%D9%87%D8%B2%D8%A9-%D8%A7%D9%84%D8%A7%D8%AA%D8%B5%D8%A7%D9%84-%D8%A7%D9%84%D9%85%D8%AD%D9%85/ar,included,
https://www.lbcgroup.tv/news/latest-news/796779/%D8%A7%D9%84%D8%AC%D9%8A%D8%B4-%D9%8A%D9%82%D9%88%D9%85-%D8%A8%D8%AA%D9%81%D8%AC%D9%8A%D8%B1-%D8%AC%D9%87%D8%A7%D8%B2-%D9%84%D8%A7%D8%B3%D9%84%D9%83%D9%8A-%D8%B9%D8%AB%D8%B1-%D8%B9%D9%84%D9%8A%D9%87-%D9%81%D9%8A-%D9%85%D9%88%D9%82%D9%81-%D8%A7%D9%84%D8%AC%D8%A7%D9%85%D8%B9%D8%A9-%D8%A7%D9%84%D8%A7%D9%85%D9%8A%D8%B1%D9%83%D9%8A%D8%A9-%D8%A8%D9%8A%D8%B1%D9%88%D8%AA/ar,included,
https://www.lbcgroup.tv/news/latest-news/797076/%D8%A3%D9%8A-%D8%A8%D9%8A-%D8%B3%D9%8A-%D8%B9%D9%86-%D9%85%D8%B5%D8%AF%D8%B1-%D8%A7%D8%B3%D8%AA%D8%AE%D8%A8%D8%A7%D8%B1%D8%A7%D8%AA%D9%8A-%D8%A3%D9%85%D9%8A%D8%B1%D9%83%D9%8A-%D9%84%D8%A5%D8%B3%D8%B1%D8%A7%D8%A6%D9%8A%D9%84-%D9%8A%D8%AF-%D9%81%D9%8A-%D8%AA%D8%B5%D9%86%D9%8A%D8%B9-%D8%A3%D8%AC%D9%87%D8%B2%D8%A9-%D8%A7%D9%84%D8%A8%D9%8A%D8%AC%D8%B1-%D8%A7/ar,included,
https://www.lbcgroup.tv/news/latest-news/797259/%D8%B5%D8%AD%D9%8A%D9%81%D8%A9-%D9%87%D8%A2%D8%B1%D8%AA%D8%B3-%D8%A5%D8%A8%D8%B1%D8%A7%D9%87%D9%8A%D9%85-%D8%B9%D9%82%D9%8A%D9%84-%D8%AE%D8%B1%D8%AC-%D8%A7%D9%84%D9%8A%D9%88%D9%85-%D9%85%D9%86-%D8%A7%D9%84%D9%85%D8%B3%D8%AA%D8%B4%D9%81%D9%89-%D8%A8%D8%B9%D8%AF-%D8%A5%D8%B5%D8%A7%D8%A8%D8%AA%D9%87-%D8%A8%D8%A7%D9%84%D9%80%D8%A8%D9%8A%D8%AC%D8%B1/ar,included,
https://www.lbcgroup.tv/news/latest-news/797502/cnn-arabic-%D8%AA%D8%B4%D8%B1%D8%AD-%D8%AD%D8%AC%D9%85-%D8%B6%D8%B1%D8%B1-%D8%AA%D9%81%D8%AC%D9%8A%D8%B1-%D8%A3%D8%AC%D9%87%D8%B2%D8%A9-%D8%A7%D9%84%D8%A8%D9%8A%D8%AC%D8%B1/ar,included,
https://www.lbcgroup.tv/news/latest-news/797502/cnn-arabic-%D8%AA%D8%B4%D8%B1%D8%AD-%D8%AD%D8%AC%D9%85-%D8%B6%D8%B1%D8%B1-%D8%AA%D9%81%D8%AC%D9%8A%D8%B1-%D8%A3%D8%AC%D9%87%D8%B2%D8%A9-%D8%A7%D9%84%D8%A8%D9%8A%D8%AC%D8%B1/ar?utm_source=TheWALL360&utm_medium=Twitter-Sharing-TheWALL&utm_term=Twitter-Sharing-TheWALL&utm_campaign=Twitter-Sharing-TheWALL&src=twitter-share,excluded:url-duplicate,
https://www.lbcgroup.tv/news/lebanon-news/796393/preliminary-reports-wireless-communication-devices-pagers-or-beepers-e/en,included,
https://www.lbcgroup.tv/news/lebanon-news/796393/wireless-communication-devices-pagers-or-beepers-used-by-hezbollah-mem/en,excluded:url-duplicate,
https://www.lbcgroup.tv/news/lebanon-news/796406/hezbollahs-pagers-how-they-work-and-what-could-have-triggered-their-ex/en,included,
https://www.lbcgroup.tv/news/lebanon-news/796406/understanding-the-pager-and-how-it-can-explode/en,excluded:url-duplicate,
https://www.lbcgroup.tv/news/lebanon-news/796406/what-to-know-about-pagers-and-how-they-can-explode/en,excluded:url-duplicate,
https://www.lbcgroup.tv/news/lebanon-news/796416/lebanons-isf-urges-citizens-to-clear-roads-after-pager-explosions/en,included,
https://www.lbcgroup.tv/news/lebanon-news/796417/videos-show-hezbollah-members-injured-in-pager-explosions/en,included,
https://www.lbcgroup.tv/news/lebanon-news/796442/hezbollah-parliamentarians-son-killed-in-israeli-breach-pager-explosio/en,included,
https://www.lbcgroup.tv/news/lebanon-news/796448/hezbollah-issues-preliminary-statement-after-pager-explosions/en,included,
https://www.lbcgroup.tv/news/lebanon-news/796448/hezbollah-issues-preliminary-statement-after-pagers-explosions/en,excluded:url-duplicate,
https://www.lbcgroup.tv/news/lebanon-news/796452/wsj-recent-pager-explosions-among-hezbollah-members-linked-to-new-ship/en,included,
https://www.lbcgroup.tv/news/lebanon-news/796455/lebanon-health-minister-reports-8-dead-2800-injured-in-pager-explosion/en,included,
https://www.lbcgroup.tv/news/lebanon-news/796516/mp-hassan-fadlallahs-son-undergoing-surgery-after-pager-explosion-deat/en,included,
https://www.lbcgroup.tv/news/lebanon-news/796516/mp-hassan-fadlallahs-son-undergoing-surgery-after-pager-explosions-dea/en,excluded:url-duplicate,
https://www.lbcgroup.tv/news/lebanon-news/796519/us-says-not-involved-and-not-aware-in-advance-of-lebanon-pager-blasts/en,included,
https://www.lbcgroup.tv/news/lebanon-news/796527/hamas-calls-lebanon-pager-blasts-zionist-terrorist-aggression/en,included,
https://www.lbcgroup.tv/news/lebanon-news/796586/gold-apollo-denies-manufacturing-pagers-used-in-lebanon-explosions/en,included,
https://www.lbcgroup.tv/news/lebanon-news/796586/taiwans-gold-apollo-denies-manufacturing-pagers-used-in-lebanon-explos/en,excluded:url-duplicate,
https://www.lbcgroup.tv/news/lebanon-news/796589/israel-planted-explosives-in-5000-hezbollah-pagers-sources-tell-reuter/en,included,
https://www.lbcgroup.tv/news/lebanon-news/796605/at-least-nine-dead-3000-injured-in-pager-bombings-in-lebanon/en,included,
https://www.lbcgroup.tv/news/lebanon-news/796605/at-least-nine-dead-3000-injured-in-pager-explosions-in-lebanon/en,excluded:url-duplicate,
https://www.lbcgroup.tv/news/lebanon-news/796609/iraq-sends-15-tons-of-aid-and-medical-team-to-lebanon-after-pager-atta/en,included,
https://www.lbcgroup.tv/news/lebanon-news/796613/nasrallah-to-speak-thursday-at-5-pm-after-pager-explosions/en,included,
https://www.lbcgroup.tv/news/lebanon-news/796626/taiwans-gold-apollo-says-hezbollah-pagers-made-by-hungary-partner-bac/en,included,
https://www.lbcgroup.tv/news/lebanon-news/796667/health-minister-reports-12-dead-thousands-injured-in-pager-explosions/en,included,
https://www.lbcgroup.tv/news/lebanon-news/796688/hezbollah-pager-explosions-gold-apollo-says-it-received-strange-paymen/en,included,
https://www.lbcgroup.tv/news/lebanon-news/796689/jordan-sends-aid-to-lebanon-following-pager-explosions/en,included,
https://www.lbcgroup.tv/news/lebanon-news/796711/un-rights-chief-demands-accountability-for-lebanon-pager-blasts/en,included,
https://www.lbcgroup.tv/news/lebanon-news/796748/lebanons-fm-bou-habib-says-pager-explosions-could-signal-wider-war/en,included,
https://www.lbcgroup.tv/news/lebanon-news/796834/japans-chief-cabinet-secretary-says-gathering-information-on-icom-devi/en,included,
https://www.lbcgroup.tv/news/lebanon-news/796836/icom-japan-says-it-cannot-confirm-the-shipment-of-a-wireless-product-l/en,included,
https://www.lbcgroup.tv/news/lebanon-news/796903/lebanons-civil-aviation-authority-bans-transport-of-pagers-and-walkie/en,included,
https://www.lbcgroup.tv/news/lebanon-news/796913/special-coverage-hezbollah-pager-explosions-case-shifts-from-hungary-r/en,included,
https://www.lbcgroup.tv/news/lebanon-news/797081/taiwan-minister-denies-pager-components-in-lebanon-blasts-came-from-ta/en,included,
https://www.lbcgroup.tv/news/lebanon-news/797130/israel-planned-pager-device-explosions-for-15-years-us-intelligence-so/en,included,
https://www.lbcgroup.tv/news/lebanon-news/797183/reuters-hezbollah-distributed-pagers-after-inspecting-them-hours-befor/en,included,
https://www.lbcgroup.tv/news/lebanon-news/797270/haaretz-ibrahim-aqil-discharged-from-hospital-after-an-injury-by-pager/en,included,
https://www.lbcgroup.tv/news/lebanon-news/797338/un-high-commissioner-for-human-rights-condemns-lebanon-device-blasts-a/en,included,
https://www.lbcgroup.tv/news/lebanon-news/797338/un-high-commissioner-for-human-rights-condemns-lebanon-device-blasts-a/en?fbclid=IwY2xjawFboExleHRuA2FlbQIxMQABHTwef-tifyO_9IQbqgcp7izcc5VWL4grsvGAOl5CjNy3m486EesOJgIW6Q_aem_oPFwgG6SKdxx1QZXiN6oVw,excluded:url-duplicate,
https://www.lbcgroup.tv/news/lebanon-news/797509/irans-ambassador-to-lebanon-suffers-hand-injury-eye-affected-in-pager/en,included,
https://www.lbcgroup.tv/news/lebanon-news/798625/norway-starts-investigation-into-reported-links-to-exploding-pagers-in/en,included,
https://www.lbcgroup.tv/news/lebanon-news/799004/lebanese-army-blows-up-pager-devices-in-choueifat-area-causes-rising-s/en,included,
https://www.lbcgroup.tv/news/lebanon-security/796394/%D9%81%D9%8A%D8%AF%D9%8A%D9%88%D9%87%D8%A7%D8%AA-%D8%AA%D8%B8%D9%87%D8%B1-%D8%A8%D8%B9%D8%B6-%D8%A7%D8%B5%D8%A7%D8%A8%D8%A7%D8%AA-%D8%B9%D9%86%D8%A7%D8%B5%D8%B1-%D8%AD%D8%B2%D8%A8-%D8%A7%D9%84%D9%84%D9%87-%D8%A7%D8%AB%D8%B1-%D8%A7%D9%86%D9%81%D8%AC%D8%A7%D8%B1-%D8%A3%D8%AC%D9%87%D8%B2%D8%A9-%D8%A7%D8%AA%D8%B5%D8%A7%D9%84-%D9%84%D8%A7%D8%B3%D9%84%D9%83%D9%8A%D8%A9/ar,included,
https://www.lbcgroup.tv/news/lebanon-security/796400/%D9%81%D9%8A%D8%AF%D9%8A%D9%88-%D9%8A%D8%B8%D9%87%D8%B1-%D9%84%D8%AD%D8%B8%D8%A9-%D8%A7%D9%86%D9%81%D8%AC%D8%A7%D8%B1-%D8%A7%D9%84%D9%80-pager-%D9%81%D9%8A-%D9%8A%D8%AF-%D8%B9%D9%86%D8%A7%D8%B5%D8%B1-%D8%AD%D8%B2%D8%A8-%D8%A7%D9%84%D9%84%D9%87/ar,included,
https://www.lbcgroup.tv/news/lebanon-security/796400/%D9%81%D9%8A%D8%AF%D9%8A%D9%88-%D9%8A%D8%B8%D9%87%D8%B1-%D9%84%D8%AD%D8%B8%D8%A9-%D8%A7%D9%86%D9%81%D8%AC%D8%A7%D8%B1-%D8%A7%D9%84%D9%80-pager-%D9%81%D9%8A-%D9%8A%D8%AF-%D8%B9%D9%86%D8%A7%D8%B5%D8%B1-%D8%AD%D8%B2%D8%A8-%D8%A7%D9%84%D9%84%D9%87/ar?utm_source=TheWALL360&utm_medium=Twitter-Sharing-TheWALL&utm_term=Twitter-Sharing-TheWALL&utm_campaign=Twitter-Sharing-TheWALL&src=twitter-share,excluded:url-duplicate,
https://www.lbcgroup.tv/news/lebanon-security/796401/%D8%A7%D9%84%D9%8A%D9%83%D9%85-%D9%85%D8%A7-%D9%87%D9%88-%D8%A7%D9%84%D9%80-pager-%D9%88%D9%83%D9%8A%D9%81-%D9%8A%D9%85%D9%83%D9%86-%D8%A3%D9%86-%D9%8A%D9%86%D9%81%D8%AC%D8%B1/ar,included,
https://www.lbcgroup.tv/news/lebanon-security/796401/%D8%A7%D9%84%D9%8A%D9%83%D9%85-%D9%85%D8%A7-%D9%87%D9%88-%D8%A7%D9%84%D9%80-pager-%D9%88%D9%83%D9%8A%D9%81-%D9%8A%D9%85%D9%83%D9%86-%D8%A3%D9%86-%D9%8A%D9%86%D9%81%D8%AC%D8%B1/ar?utm_source=TheWALL360&utm_medium=Twitter-Sharing-TheWALL&utm_term=Twitter-Sharing-TheWALL&utm_campaign=Twitter-Sharing-TheWALL&src=twitter-share,excluded:url-duplicate,
https://www.lbcgroup.tv/news/lebanon-security/796414/%D8%A7%D9%86%D9%81%D8%AC%D8%A7%D8%B1-%D8%A3%D8%AC%D9%87%D8%B2%D8%A9-%D8%A7%D9%84%D9%80pagers-%D8%A8%D8%B9%D9%86%D8%A7%D8%B5%D8%B1-%D8%AD%D8%B2%D8%A8-%D8%A7%D9%84%D9%84%D9%87%D8%A7%D9%84%D9%8A%D9%83%D9%85-%D8%A2%D8%AE%D8%B1-%D8%A7%D9%84%D9%85%D8%B9%D9%84%D9%88%D9%85%D8%A7%D8%AA-%D9%81%D9%8A%D8%AF%D9%8A%D9%88%D9%87%D8%A7%D8%AA/ar,included,
https://www.lbcgroup.tv/news/lebanon-security/796414/%D8%A7%D9%86%D9%81%D8%AC%D8%A7%D8%B1-%D8%A3%D8%AC%D9%87%D8%B2%D8%A9-%D8%A7%D9%84%D9%80pagers-%D8%A8%D8%B9%D9%86%D8%A7%D8%B5%D8%B1-%D8%AD%D8%B2%D8%A8-%D8%A7%D9%84%D9%84%D9%87%D8%A7%D9%84%D9%8A%D9%83%D9%85-%D8%A2%D8%AE%D8%B1-%D8%A7%D9%84%D9%85%D8%B9%D9%84%D9%88%D9%85%D8%A7%D8%AA-%D9%81%D9%8A%D8%AF%D9%8A%D9%88%D9%87%D8%A7%D8%AA/ar?utm_source=TheWALL360&utm_medium=Twitter-Sharing-TheWALL&utm_term=Twitter-Sharing-TheWALL&utm_campaign=Twitter-Sharing-TheWALL&src=twitter-share,excluded:url-duplicate,
https://www.lbcgroup.tv/news/lebanon-security/796892/%D8%AA%D8%B9%D9%85%D9%8A%D9%85-%D9%85%D9%86-%D8%A7%D9%84%D9%85%D8%AF%D9%8A%D8%B1%D9%8A%D8%A9-%D8%A7%D9%84%D8%B9%D8%A7%D9%85%D8%A9-%D9%84%D9%84%D8%B7%D9%8A%D8%B1%D8%A7%D9%86-%D8%A7%D9%84%D9%85%D8%AF%D9%86%D9%8A-%D9%8A%D8%AA%D8%B9%D9%84%D9%82-%D8%A8%D9%85%D9%86%D8%B9-%D9%86%D9%82%D9%84-%D8%A3%D9%8A-%D8%AC%D9%87%D8%A7%D8%B2-pager-%D8%A3/ar,included,
https://www.lbcgroup.tv/news/lebanon/796518/%D9%88%D8%A7%D8%B4%D9%86%D8%B7%D9%86-%D8%AA%D8%B9%D9%84%D9%86-%D8%A3%D9%86%D9%87%D8%A7-%D9%84%D9%8A%D8%B3%D8%AA-%D8%B6%D8%A7%D9%84%D8%B9%D8%A9-%D9%88%D9%84%D9%85-%D8%AA%D9%83%D9%86-%D8%B9%D9%84%D9%89-%D8%B9%D9%84%D9%85-%D9%85%D8%B3%D8%A8%D9%82-%D8%A8%D8%A7%D9%86%D9%81%D8%AC%D8%A7%D8%B1-%D8%A3%D8%AC%D9%87%D8%B2%D8%A9-%D8%A7%D9%84%D8%A7%D8%AA%D8%B5%D8%A7%D9%84/ar,included,
https://www.lbcgroup.tv/news/lebanon/796518/%D9%88%D8%A7%D8%B4%D9%86%D8%B7%D9%86-%D8%AA%D8%B9%D9%84%D9%86-%D8%A3%D9%86%D9%87%D8%A7-%D9%84%D9%8A%D8%B3%D8%AA-%D8%B6%D8%A7%D9%84%D8%B9%D8%A9-%D9%88%D9%84%D9%85-%D8%AA%D9%83%D9%86-%D8%B9%D9%84%D9%89-%D8%B9%D9%84%D9%85-%D9%85%D8%B3%D8%A8%D9%82-%D8%A8%D8%A7%D9%86%D9%81%D8%AC%D8%A7%D8%B1-%D8%A3%D8%AC%D9%87%D8%B2%D8%A9-%D8%A7%D9%84%D8%A7%D8%AA%D8%B5%D8%A7%D9%84/ar?utm_source=TheWALL360&utm_medium=Twitter-Sharing-TheWALL&utm_term=Twitter-Sharing-TheWALL&utm_campaign=Twitter-Sharing-TheWALL&src=twitter-share,excluded:url-duplicate,
https://www.lbcgroup.tv/news/lebanon/796548/%D8%A7%D9%84%D8%A8%D9%86%D8%AA%D8%A7%D8%BA%D9%88%D9%86-%D8%A7%D9%84%D9%88%D9%84%D8%A7%D9%8A%D8%A7%D8%AA-%D8%A7%D9%84%D9%85%D8%AA%D8%AD%D8%AF%D8%A9-%D9%84%D9%8A%D8%B3%D8%AA-%D8%B6%D8%A7%D9%84%D8%B9%D8%A9-%D9%81%D9%8A-%D8%AA%D9%81%D8%AC%D9%8A%D8%B1%D8%A7%D8%AA-%D8%A3%D8%AC%D9%87%D8%B2%D8%A9-%D8%A7%D9%84%D8%A7%D8%AA%D8%B5%D8%A7%D9%84-%D8%A8%D9%84%D8%A8%D9%86%D8%A7%D9%86/ar,included,
https://www.lbcgroup.tv/news/lebanon/796585/%D8%BA%D9%88%D9%84%D8%AF-%D8%A3%D8%A8%D9%88%D9%84%D9%88-%D8%A7%D9%84%D8%AA%D8%A7%D9%8A%D9%88%D8%A7%D9%86%D9%8A%D8%A9-%D8%AA%D9%86%D9%81%D9%8A-%D8%A3%D9%86-%D8%AA%D9%83%D9%88%D9%86-%D8%A3%D8%AC%D9%87%D8%B2%D8%A9-%D8%A7%D9%84%D8%A7%D8%AA%D8%B5%D8%A7%D9%84-%D8%A7%D9%84%D8%AA%D9%8A-%D8%A7%D9%86%D9%81%D8%AC%D8%B1%D8%AA-%D8%A8%D8%A3%D9%8A%D8%AF%D9%8A-%D8%B9%D9%86%D8%A7/ar,included,
https://www.lbcgroup.tv/news/lebanon/796600/%D8%A5%D9%84%D9%8A%D9%83%D9%85-%D8%B9%D8%AF%D8%AF-%D8%A7%D9%84%D8%B4%D9%87%D8%AF%D8%A7%D8%A1-%D9%88%D8%A7%D9%84%D9%85%D8%B5%D8%A7%D8%A8%D9%8A%D9%86-%D8%A7%D8%B2%D8%A7%D8%A1-%D8%AA%D9%81%D8%AC%D9%8A%D8%B1%D8%A7%D8%AA-%D8%A7%D9%84%D8%A8%D9%8A%D8%AC%D8%B1/ar,included,
https://www.lbcgroup.tv/news/lebanon/796600/%D8%A5%D9%84%D9%8A%D9%83%D9%85-%D8%B9%D8%AF%D8%AF-%D8%A7%D9%84%D8%B4%D9%87%D8%AF%D8%A7%D8%A1-%D9%88%D8%A7%D9%84%D9%85%D8%B5%D8%A7%D8%A8%D9%8A%D9%86-%D8%A7%D8%B2%D8%A7%D8%A1-%D8%AA%D9%81%D8%AC%D9%8A%D8%B1%D8%A7%D8%AA-%D8%A7%D9%84%D8%A8%D9%8A%D8%AC%D8%B1/ar?utm_source=TheWALL360&utm_medium=Twitter-Sharing-TheWALL&utm_term=Twitter-Sharing-TheWALL&utm_campaign=Twitter-Sharing-TheWALL&src=twitter-share,excluded:url-duplicate,
https://www.lbcgroup.tv/news/lebanon/796645/%D9%83%D8%AA%D8%A7%D9%86%D8%A9-%D8%A7%D8%B3%D8%AA%D8%AC%D8%A7%D8%A8%D8%A9-%D8%B3%D9%8A%D8%A7%D8%B1%D8%A9-%D8%A5%D8%B3%D8%B9%D8%A7%D9%81-%D9%88450-%D9%85%D8%B3%D8%B9%D9%81%D8%A7%D9%8B-%D8%A8%D8%B9%D8%AF-%D8%AD%D8%A7%D8%AF%D8%AB%D8%A9-%D8%A7%D9%86%D9%81%D8%AC%D8%A7%D8%B1%D8%A7%D8%AA-%D8%A7%D9%84%D9%80pagers/ar,included,
https://www.lbcgroup.tv/news/lebanon/796645/%D9%83%D8%AA%D8%A7%D9%86%D8%A9-%D8%A7%D8%B3%D8%AA%D8%AC%D8%A7%D8%A8%D8%A9-150-%D8%B3%D9%8A%D8%A7%D8%B1%D8%A9-%D8%A5%D8%B3%D8%B9%D8%A7%D9%81-%D9%88450-%D9%85%D8%B3%D8%B9%D9%81%D8%A7%D9%8B-%D8%A8%D8%B9%D8%AF-%D8%AD%D8%A7%D8%AF%D8%AB%D8%A9-%D8%A7%D9%86%D9%81%D8%AC%D8%A7%D8%B1%D8%A7%D8%AA-%D8%A7%D9%84%D9%80pagers/ar,excluded:url-duplicate,
https://www.lbcgroup.tv/news/lebanon/796724/%D9%81%D9%8A%D8%AF%D9%8A%D9%88-%D9%84%D9%84%D8%AD%D8%B8%D8%A9-%D8%A7%D9%86%D9%81%D8%AC%D8%A7%D8%B1-%D8%A3%D8%AD%D8%AF-%D8%A7%D9%84%D8%A7%D8%AC%D9%87%D8%B2%D8%A9-%D8%A7%D9%84%D9%84%D8%A7%D8%B3%D9%84%D9%83%D9%8A%D8%A9-%D8%AE%D9%84%D8%A7%D9%84-%D8%A7%D9%84%D9%85%D9%88%D8%AC%D8%A9-%D8%A7%D9%84%D8%AC%D8%AF%D9%8A%D8%AF%D8%A9-%D8%A7%D9%84%D8%AD%D8%A7%D8%B5%D9%84%D8%A9-%D8%A7/ar,included,
https://www.lbcgroup.tv/news/lebanon/796733/%D8%A8%D8%B9%D8%AF-%D8%A7%D9%84%D8%A7%D8%B9%D8%AA%D8%AF%D8%A7%D8%A1-%D8%A7%D9%84%D8%A7%D8%B3%D8%B1%D8%A7%D8%A6%D9%8A%D9%84%D9%8A-%D8%B9%D9%84%D9%89-%D8%A3%D8%AC%D9%87%D8%B2%D8%A9-%D8%A7%D9%84%D9%80%D8%A8%D9%8A%D8%AC%D8%B1-%D8%AA%D9%88%D8%B5%D9%8A%D8%A7%D8%AA-%D9%85%D9%87%D9%85%D8%A9-%D9%84%D9%84%D9%85%D9%88%D8%A7%D8%B7%D9%86%D9%8A%D9%86/ar,included,
https://www.lbcgroup.tv/news/lebanon/796733/%D8%A8%D8%B9%D8%AF-%D8%A7%D9%84%D8%A7%D8%B9%D8%AA%D8%AF%D8%A7%D8%A1-%D8%A7%D9%84%D8%A7%D8%B3%D8%B1%D8%A7%D8%A6%D9%8A%D9%84%D9%8A-%D8%B9%D9%84%D9%89-%D8%A3%D8%AC%D9%87%D8%B2%D8%A9-%D8%A7%D9%84%D9%80%D8%A8%D9%8A%D8%AC%D8%B1-%D8%AA%D9%88%D8%B5%D9%8A%D8%A7%D8%AA-%D9%85%D9%87%D9%85%D8%A9-%D9%84%D9%84%D9%85%D9%88%D8%A7%D8%B7%D9%86%D9%8A%D9%86/ar?utm_source=TheWALL360&utm_medium=Twitter-Sharing-TheWALL&utm_term=Twitter-Sharing-TheWALL&utm_campaign=Twitter-Sharing-TheWALL&src=twitter-share,excluded:url-duplicate,
https://www.lbcgroup.tv/news/lebanon/796733/%D8%A8%D8%B9%D8%AF-%D8%A7%D9%84%D8%A7%D8%B9%D8%AA%D8%AF%D8%A7%D8%A1-%D8%A7%D9%84%D8%A7%D8%B3%D8%B1%D8%A7%D8%A6%D9%8A%D9%84%D9%8A-%D8%B9%D9%84%D9%89-%D8%A3%D8%AC%D9%87%D8%B2%D8%A9-%D8%A7%D9%84%D9%80%D8%A8%D9%8A%D8%AC%D8%B1-%D8%AA%D9%88%D8%B5%D9%8A%D8%A7%D8%AA-%D9%87%D8%A7%D9%85%D8%A9-%D9%84%D9%84%D9%85%D9%88%D8%A7%D8%B7%D9%86%D9%8A%D9%86/ar,excluded:url-duplicate,
https://www.lbcgroup.tv/news/lebanon/796742/%D9%81%D9%8A%D8%AF%D9%8A%D9%88-%D8%A2%D8%AE%D8%B1-%D9%84%D9%84%D8%AD%D8%B8%D8%A9-%D8%A7%D9%86%D9%81%D8%AC%D8%A7%D8%B1-%D8%A3%D8%AD%D8%AF-%D8%A7%D9%84%D8%A7%D8%AC%D9%87%D8%B2%D8%A9-%D8%A7%D9%84%D9%84%D8%A7%D8%B3%D9%84%D9%83%D9%8A%D8%A9-%D8%AE%D9%84%D8%A7%D9%84-%D8%A7%D9%84%D9%85%D9%88%D8%AC%D8%A9-%D8%A7%D9%84%D8%AC%D8%AF%D9%8A%D8%AF%D8%A9-%D8%A7%D9%84%D8%AD%D8%A7%D8%B5/ar,included,
https://www.lbcgroup.tv/news/lebanon/796743/%D9%88%D8%B2%D9%8A%D8%B1-%D8%A7%D9%84%D8%AE%D8%A7%D8%B1%D8%AC%D9%8A%D8%A9-%D8%AA%D9%81%D8%AC%D9%8A%D8%B1-%D8%A3%D8%AC%D9%87%D8%B2%D8%A9-%D8%A7%D9%84%D8%A7%D8%AA%D8%B5%D8%A7%D9%84-%D9%8A%D9%86%D8%B0%D8%B1-%D8%A8%D9%86%D8%B4%D9%88%D8%A8-%D9%86%D8%B2%D8%A7%D8%B9-%D8%A3%D9%88%D8%B3%D8%B9/ar,included,
https://www.lbcgroup.tv/news/lebanon/796743/%D9%88%D8%B2%D9%8A%D8%B1-%D8%A7%D9%84%D8%AE%D8%A7%D8%B1%D8%AC%D9%8A%D8%A9-%D8%AA%D9%81%D8%AC%D9%8A%D8%B1-%D8%A3%D8%AC%D9%87%D8%B2%D8%A9-%D8%A7%D9%84%D8%A7%D8%AA%D8%B5%D8%A7%D9%84-%D9%8A%D9%86%D8%B0%D8%B1-%D8%A8%D9%86%D8%B4%D9%88%D8%A8-%D9%86%D8%B2%D8%A7%D8%B9-%D8%A3%D9%88%D8%B3%D8%B9/ar?utm_source=TheWALL360&utm_medium=Twitter-Sharing-TheWALL&utm_term=Twitter-Sharing-TheWALL&utm_campaign=Twitter-Sharing-TheWALL&src=twitter-share,excluded:url-duplicate,
https://www.lbcgroup.tv/news/lebanon/796745/%D8%A8%D8%A7%D9%84%D8%B5%D9%88%D8%B1-%D9%88%D8%A7%D9%84%D9%81%D9%8A%D8%AF%D9%8A%D9%88%D9%87%D8%A7%D8%AA-%D8%B6%D8%AD%D8%A7%D9%8A%D8%A7-%D8%A7%D8%AB%D8%B1-%D9%85%D9%88%D8%AC%D8%A9-%D8%AA%D9%81%D8%AC%D9%8A%D8%B1%D8%A7%D8%AA-%D8%AC%D8%AF%D9%8A%D8%AF%D8%A9-%D8%AA%D8%B7%D8%A7%D9%84-%D8%A7%D8%AC%D9%87%D8%B2%D8%A9-%D9%84%D8%A7%D8%B3%D9%84%D9%83%D9%8A%D8%A9-%D9%85%D9%86/ar,included,
https://www.lbcgroup.tv/news/lebanon/796745/%D8%A8%D8%A7%D9%84%D8%B5%D9%88%D8%B1-%D9%88%D8%A7%D9%84%D9%81%D9%8A%D8%AF%D9%8A%D9%88%D9%87%D8%A7%D8%AA-%D9%85%D9%88%D8%AC%D8%A9-%D8%AA%D9%81%D8%AC%D9%8A%D8%B1%D8%A7%D8%AA-%D8%AC%D8%AF%D9%8A%D8%AF%D8%A9-%D8%AA%D8%B7%D8%A7%D9%84-%D8%A7%D8%AC%D9%87%D8%B2%D8%A9-%D9%84%D8%A7%D8%B3%D9%84%D9%83%D9%8A%D8%A9-%D9%85%D9%86-%D9%86%D9%88%D8%B9-icom-v/ar,excluded:url-duplicate,
https://www.lbcgroup.tv/news/lebanon/796764/%D9%85%D9%8A%D9%82%D8%A7%D8%AA%D9%8A-%D8%B7%D9%84%D8%A8%D8%AA-%D8%AF%D8%B9%D9%88%D8%A9-%D9%85%D8%AC%D9%84%D8%B3-%D8%A7%D9%84%D8%A7%D9%85%D9%86-%D8%A7%D9%84%D9%86%D8%B8%D8%B1-%D9%84%D8%A8%D8%AD%D8%AB-%D8%AA%D9%81%D8%AC%D9%8A%D8%B1-%D8%A3%D8%AC%D9%87%D8%B2%D8%A9-%D8%A7%D9%84%D8%A7%D8%AA%D8%B5%D8%A7%D9%84-%D9%81%D9%8A-%D9%84%D8%A8%D9%86%D8%A7%D9%86/ar,included,
https://www.lbcgroup.tv/news/lebanon/796791/%D9%88%D8%B2%D8%A7%D8%B1%D8%A9-%D8%A7%D9%84%D8%A7%D8%AA%D8%B5%D8%A7%D9%84%D8%A7%D8%AA-%D8%A3%D8%AC%D9%87%D8%B2%D8%A9-icom-v82-%D9%84%D9%85-%D9%8A%D8%AA%D9%85-%D8%AA%D8%B1%D8%AE%D9%8A%D8%B5%D9%87%D8%A7-%D9%85%D9%86-%D8%A7%D9%84%D9%88%D8%B2%D8%A7%D8%B1%D8%A9-%D8%B9%D9%84%D9%85%D8%A7-%D8%A3%D9%86-%D8%A7%D9%84%D8%AA%D8%B1%D8%AE/ar,included,
https://www.lbcgroup.tv/news/lebanon/796853/%D9%88%D8%B2%D9%8A%D8%B1-%D8%A7%D9%84%D8%AF%D9%81%D8%A7%D8%B9-%D8%A7%D9%84%D8%AA%D8%A7%D9%8A%D9%88%D8%A7%D9%86%D9%8A%D9%91-%D9%81%D8%B1%D9%8A%D9%82-%D8%A7%D9%84%D8%A3%D9%85%D9%86-%D8%A7%D9%84%D9%88%D8%B7%D9%86%D9%8A%D9%91-%D9%8A%D9%88%D9%84%D9%8A-%D8%A7%D9%87%D8%AA%D9%85%D8%A7%D9%85%D9%8B%D8%A7-%D9%84%D8%AA%D9%81%D8%AC%D9%8A%D8%B1-%D8%A7%D9%84%D8%A8%D9%8A%D8%AC%D8%B1/ar,included,
https://www.lbcgroup.tv/news/lebanon/796853/%D9%88%D8%B2%D9%8A%D8%B1-%D8%A7%D9%84%D8%AF%D9%81%D8%A7%D8%B9-%D8%A7%D9%84%D8%AA%D8%A7%D9%8A%D9%88%D8%A7%D9%86%D9%8A%D9%91-%D9%81%D8%B1%D9%8A%D9%82-%D8%A7%D9%84%D8%A3%D9%85%D9%86-%D8%A7%D9%84%D9%88%D8%B7%D9%86%D9%8A%D9%91-%D9%8A%D9%88%D9%84%D9%8A-%D8%A7%D9%87%D8%AA%D9%85%D8%A7%D9%85%D9%8B%D8%A7-%D9%84%D8%AA%D9%81%D8%AC%D9%8A%D8%B1-%D8%A7%D9%84%D8%A8%D9%8A%D8%AC%D8%B1/ar?utm_source=TheWALL360&utm_medium=Twitter-Sharing-TheWALL&utm_term=Twitter-Sharing-TheWALL&utm_campaign=Twitter-Sharing-TheWALL&src=twitter-share,excluded:url-duplicate,
https://www.lbcgroup.tv/news/lebanon/796919/%D9%82%D8%B6%D9%8A%D8%A9-%D8%A7%D9%86%D9%81%D8%AC%D8%A7%D8%B1%D8%A7%D8%AA-%D8%A3%D8%AC%D9%87%D8%B2%D8%A9-%D8%A7%D9%84%D8%A8%D9%8A%D8%AC%D8%B1-%D8%A7%D9%84%D8%AA%D8%A7%D8%A8%D8%B9%D8%A9-%D9%84%D8%AD%D8%B2%D8%A8-%D8%A7%D9%84%D9%84%D9%87-%D8%AA%D9%86%D8%AA%D9%82%D9%84-%D9%85%D9%86-%D8%B4%D8%B1%D9%83%D8%A9-%D9%85%D8%B3%D8%AC%D9%84%D8%A9-%D9%81%D9%8A-%D8%A7%D9%84/ar,included,
https://www.lbcgroup.tv/news/lebanon/796919/%D9%82%D8%B6%D9%8A%D8%A9-%D8%A7%D9%86%D9%81%D8%AC%D8%A7%D8%B1%D8%A7%D8%AA-%D8%A3%D8%AC%D9%87%D8%B2%D8%A9-%D8%A7%D9%84%D8%A8%D9%8A%D8%AC%D8%B1-%D8%A7%D9%84%D8%AA%D8%A7%D8%A8%D8%B9%D8%A9-%D9%84%D8%AD%D8%B2%D8%A8-%D8%A7%D9%84%D9%84%D9%87-%D8%AA%D9%86%D8%AA%D9%82%D9%84-%D9%85%D9%86-%D8%B4%D8%B1%D9%83%D8%A9-%D9%85%D8%B3%D8%AC%D9%84%D8%A9-%D9%81%D9%8A-%D8%A7%D9%84/ar?utm_source=TheWALL360&utm_medium=Twitter-Sharing-TheWALL&utm_term=Twitter-Sharing-TheWALL&utm_campaign=Twitter-Sharing-TheWALL&src=twitter-share,excluded:url-duplicate,
https://www.lbcgroup.tv/news/lebanon/796927/%D8%A8%D9%84%D8%BA%D8%A7%D8%B1%D9%8A%D8%A7-%D8%AA%D8%B9%D9%84%D9%86-%D8%A3%D9%86%D9%87%D8%A7-%D8%B3%D8%AA%D8%AD%D9%82%D9%82-%D9%81%D9%8A-%D8%B5%D9%84%D8%A7%D8%AA-%D8%B4%D8%B1%D9%83%D8%A9-%D8%A8%D8%A3%D8%AC%D9%87%D8%B2%D8%A9-%D8%A7%D8%AA%D8%B5%D8%A7%D9%84-%D9%84%D8%A7%D8%B3%D9%84%D9%83%D9%8A%D8%A9-%D8%A7%D9%86%D9%81%D8%AC%D8%B1%D8%AA-%D9%81%D9%8A-%D9%84%D8%A8/ar,included,
https://www.lbcgroup.tv/news/lebanon/797013/%D8%A7%D9%84%D8%B5%D8%AD%D8%A9-%D8%A7%D9%84%D8%B9%D8%A7%D9%84%D9%85%D9%8A%D8%A9-%D8%AA%D9%81%D8%AC%D9%8A%D8%B1%D8%A7%D8%AA-%D8%A3%D8%AC%D9%87%D8%B2%D8%A9-%D8%A7%D9%84%D8%A7%D8%AA%D8%B5%D8%A7%D9%84%D8%A7%D8%AA-%D8%A3%D8%AF%D9%89-%D9%84%D9%80%D8%AA%D8%B9%D8%B7%D9%8A%D9%84-%D8%AE%D8%B7%D9%8A%D8%B1-%D8%A8%D8%A7%D9%84%D9%82%D8%B7%D8%A7%D8%B9-%D8%A7%D9%84%D8%B5%D8%AD%D9%8A/ar,included,
https://www.lbcgroup.tv/news/lebanon/797176/%D9%85%D8%B5%D8%AF%D8%B1%D8%A7%D9%86-%D8%A3%D9%85%D9%86%D9%8A%D8%A7%D9%86-%D9%84%D8%B1%D9%88%D9%8A%D8%AA%D8%B1%D8%B2-%D8%AD%D8%B2%D8%A8-%D8%A7%D9%84%D9%84%D9%87-%D8%B3%D9%84%D9%91%D9%85-%D8%A3%D8%B9%D8%B6%D8%A7%D8%A1%D9%87-%D8%A3%D8%AC%D9%87%D8%B2%D8%A9-%D8%A8%D9%8A%D8%AC%D8%B1-%D8%AC%D8%AF%D9%8A%D8%AF%D8%A9-%D9%82%D8%A8%D9%84-%D8%B3%D8%A7%D8%B9%D8%A7%D8%AA/ar,included,
https://www.lbcgroup.tv/news/lebanon/797176/%D9%85%D8%B5%D8%AF%D8%B1%D8%A7%D9%86-%D8%A3%D9%85%D9%86%D9%8A%D8%A7%D9%86-%D9%84%D8%B1%D9%88%D9%8A%D8%AA%D8%B1%D8%B2-%D8%AD%D8%B2%D8%A8-%D8%A7%D9%84%D9%84%D9%87-%D8%B3%D9%84%D9%91%D9%85-%D8%A3%D8%B9%D8%B6%D8%A7%D8%A1%D9%87-%D8%A3%D8%AC%D9%87%D8%B2%D8%A9-%D8%A8%D9%8A%D8%AC%D8%B1-%D8%AC%D8%AF%D9%8A%D8%AF%D8%A9-%D9%82%D8%A8%D9%84-%D8%B3%D8%A7%D8%B9%D8%A7%D8%AA/ar?utm_source=TheWALL360&utm_medium=Twitter-Sharing-TheWALL&utm_term=Twitter-Sharing-TheWALL&utm_campaign=Twitter-Sharing-TheWALL&src=twitter-share,excluded:url-duplicate,
https://www.lbcgroup.tv/news/lebanon/797327/%D8%A8%D8%B2%D8%B4%D9%83%D9%8A%D8%A7%D9%86-%D9%8A%D8%B2%D9%88%D8%B1-%D9%81%D9%8A-%D8%A7%D9%8A%D8%B1%D8%A7%D9%86-%D8%A7%D9%84%D8%AC%D8%B1%D8%AD%D9%89-%D8%A7%D9%84%D9%84%D8%A8%D9%86%D8%A7%D9%86%D9%8A%D9%8A%D9%86-%D8%AC%D8%B1%D8%A7%D8%A1-%D8%AA%D9%81%D8%AC%D9%8A%D8%B1%D8%A7%D8%AA-%D8%A3%D8%AC%D9%87%D8%B2%D8%A9-%D8%A7%D9%84%D8%A7%D8%AA%D8%B5%D8%A7%D9%84-%D8%A8%D9%84%D8%A8/ar,included,
https://www.lbcgroup.tv/news/lebanon/797327/%D8%A8%D8%B2%D8%B4%D9%83%D9%8A%D8%A7%D9%86-%D9%8A%D8%B2%D9%88%D8%B1-%D9%81%D9%8A-%D8%A7%D9%8A%D8%B1%D8%A7%D9%86-%D8%A7%D9%84%D8%AC%D8%B1%D8%AD%D9%89-%D8%A7%D9%84%D9%84%D8%A8%D9%86%D8%A7%D9%86%D9%8A%D9%8A%D9%86-%D8%AC%D8%B1%D8%A7%D8%A1-%D8%AA%D9%81%D8%AC%D9%8A%D8%B1%D8%A7%D8%AA-%D8%A3%D8%AC%D9%87%D8%B2%D8%A9-%D8%A7%D9%84%D8%A7%D8%AA%D8%B5%D8%A7%D9%84-%D8%A8%D9%84%D8%A8/ar?utm_source=TheWALL360&utm_medium=Twitter-Sharing-TheWALL&utm_term=Twitter-Sharing-TheWALL&utm_campaign=Twitter-Sharing-TheWALL&src=twitter-share,excluded:url-duplicate,
https://www.lbcgroup.tv/news/lebanon/797581/%D8%B1%D8%AF%D9%91-%D8%A3%D9%88%D9%84%D9%8A-%D9%84%D9%84%D9%85%D9%82%D8%A7%D9%88%D9%85%D8%A9-%D8%A7%D9%84%D8%A7%D8%B3%D9%84%D8%A7%D9%85%D9%8A%D8%A9-%D8%B9%D9%84%D9%89-%D8%AA%D9%81%D8%AC%D9%8A%D8%B1%D8%A7%D8%AA-%D8%A7%D9%84%D8%A8%D9%8A%D8%AC%D8%B1-%D9%88%D8%A7%D9%84%D9%84%D8%A7%D8%B3%D9%84%D9%83%D9%8A-%D8%B9%D8%A8%D8%B1-%D9%82%D8%B5%D9%81-%D9%85%D8%AC%D9%85%D8%B9%D8%A7/ar,included,
https://www.lbcgroup.tv/news/lebanon/797581/%D8%B1%D8%AF%D9%91-%D8%A3%D9%88%D9%84%D9%8A-%D9%84%D9%84%D9%85%D9%82%D8%A7%D9%88%D9%85%D8%A9-%D8%A7%D9%84%D8%A7%D8%B3%D9%84%D8%A7%D9%85%D9%8A%D8%A9-%D8%B9%D9%84%D9%89-%D8%AA%D9%81%D8%AC%D9%8A%D8%B1%D8%A7%D8%AA-%D8%A7%D9%84%D8%A8%D9%8A%D8%AC%D8%B1-%D9%88%D8%A7%D9%84%D9%84%D8%A7%D8%B3%D9%84%D9%83%D9%8A-%D8%B9%D8%A8%D8%B1-%D9%82%D8%B5%D9%81-%D9%85%D8%AC%D9%85%D8%B9%D8%A7/ar?utm_source=TheWALL360&utm_medium=Twitter-Sharing-TheWALL&utm_term=Twitter-Sharing-TheWALL&utm_campaign=Twitter-Sharing-TheWALL&src=twitter-share,excluded:url-duplicate,
https://www.lbcgroup.tv/news/lebanon/802234/%D8%B4%D8%B1%D9%83%D8%A9-serta-%D9%84%D8%A7-%D8%B9%D9%84%D8%A7%D9%82%D8%A9-%D9%84%D9%86%D8%A7-%D9%84%D8%A7-%D9%85%D9%86-%D9%82%D8%B1%D9%8A%D8%A8-%D9%88%D9%84%D8%A7-%D9%85%D9%86-%D8%A8%D8%B9%D9%8A%D8%AF-%D8%A8%D9%85%D9%88%D8%B6%D9%88%D8%B9-%D8%A7%D9%84%D9%80-pagers/ar,included,
https://www.lbcgroup.tv/news/middleeastnews/796429/iranian-ambassador-to-lebanon-injured-in-pager-explosion-report-says/en,included,
https://www.lbcgroup.tv/news/middleeastnews/796503/war-monitor-reports-14-wounded-in-syria-from-hezbollah-pager-blasts/en,included,
https://www.lbcgroup.tv/news/middleeastnews/796636/iran-accuses-israel-of-mass-murder-after-pager-explosions-foreign-mini/en,included,
https://www.lbcgroup.tv/news/middleeastnews/796659/kremlin-lebanon-pager-explosions-risk-igniting-tensions-in-explosive-r/en,included,
https://www.lbcgroup.tv/news/news-bulletin-reports/796757/pagers-turned-time-bombs-how-did-israel-gain-access/en,included,
https://www.lbcgroup.tv/news/news-bulletin-reports/797305/mysterious-pagers-link-from-lebanon-to-norway-did-israel-infiltrate-th/en,included,
https://www.lbcgroup.tv/news/news-bulletin-reports/797701/pager-explosions-in-lebanon-investigation-trail-leading-back-to-israel/en,included,
https://www.lbcgroup.tv/news/news-reports/796699/%D8%A8%D8%AD%D8%B3%D8%A8-%D8%A8%D8%B9%D8%B6-%D8%A7%D9%84%D8%AA%D8%B1%D8%AC%D9%8A%D8%AD%D8%A7%D8%AA-%D9%87%D9%83%D8%B0%D8%A7-%D8%AA%D9%85%D9%83%D9%86%D8%AA-%D8%A5%D8%B3%D8%B1%D8%A7%D8%A6%D9%8A%D9%84-%D9%85%D9%86-%D8%AA%D9%86%D9%81%D9%8A%D8%B0-%D8%B9%D9%85%D9%84%D9%8A%D8%A9-%D8%A7%D9%84%D8%A8%D9%8A%D8%AC%D8%B1/ar,included,
https://www.lbcgroup.tv/news/news-reports/796699/%D8%A8%D8%AD%D8%B3%D8%A8-%D8%A8%D8%B9%D8%B6-%D8%A7%D9%84%D8%AA%D8%B1%D8%AC%D9%8A%D8%AD%D8%A7%D8%AA-%D9%87%D9%83%D8%B0%D8%A7-%D8%AA%D9%85%D9%83%D9%86%D8%AA-%D8%A5%D8%B3%D8%B1%D8%A7%D8%A6%D9%8A%D9%84-%D9%85%D9%86-%D8%AA%D9%86%D9%81%D9%8A%D8%B0-%D8%B9%D9%85%D9%84%D9%8A%D8%A9-%D8%A7%D9%84%D8%A8%D9%8A%D8%AC%D8%B1/ar?utm_source=TheWALL360&utm_medium=Twitter-Sharing-TheWALL&utm_term=Twitter-Sharing-TheWALL&utm_campaign=Twitter-Sharing-TheWALL&src=twitter-share,excluded:url-duplicate,
https://www.lbcgroup.tv/news/news-reports/796701/%D9%88%D8%B6%D8%B9-%D8%A7%D9%84%D9%85%D8%B3%D8%AA%D8%B4%D9%81%D9%8A%D8%A7%D8%AA-%D8%A8%D8%B9%D8%AF-%D8%A7%D9%84%D9%87%D8%AC%D9%88%D9%85-%D8%A8%D8%A7%D9%84%D9%80%D8%A7%D9%84%D8%A8%D9%8A%D8%AC%D8%B1/ar,included,
https://www.lbcgroup.tv/news/news-reports/796701/%D9%88%D8%B6%D8%B9-%D8%A7%D9%84%D9%85%D8%B3%D8%AA%D8%B4%D9%81%D9%8A%D8%A7%D8%AA-%D8%A8%D8%B9%D8%AF-%D8%A7%D9%84%D9%87%D8%AC%D9%88%D9%85-%D8%A8%D8%A7%D9%84%D9%80%D8%A7%D9%84%D8%A8%D9%8A%D8%AC%D8%B1/ar?utm_source=TheWALL360&utm_medium=Twitter-Sharing-TheWALL&utm_term=Twitter-Sharing-TheWALL&utm_campaign=Twitter-Sharing-TheWALL&src=twitter-share,excluded:url-duplicate,
https://www.lbcgroup.tv/news/news-reports/796795/%D8%A8%D8%B9%D8%AF-%D8%A7%D9%84%D9%80pagers-%D8%AD%D8%A7%D9%86-%D8%AF%D9%88%D8%B1-%D8%A7%D9%84%D9%80-talkie-walkie/ar,included,
https://www.lbcgroup.tv/news/news-reports/796796/%D8%AA%D9%81%D8%AC%D9%8A%D8%B1%D8%A7%D8%AA-%D8%A7%D9%84%D8%A8%D9%8A%D8%AC%D8%B1-%D8%AA%D9%84-%D8%A3%D8%A8%D9%8A%D8%A8-%D8%B5%D8%A7%D9%85%D8%AA%D8%A9/ar,included,
https://www.lbcgroup.tv/news/news-reports/796811/%D8%B1%D8%AD%D9%84%D8%A9-%D8%A7%D9%84%D8%A8%D9%8A%D8%AC%D8%B1-%D8%A7%D9%84%D9%85%D9%81%D8%AE%D8%AE-%D8%A8%D9%8A%D9%86-%D8%AA%D8%A7%D9%8A%D9%88%D8%A7%D9%86-%D9%88%D8%A7%D9%84%D9%85%D8%AC%D8%B1-%D9%88%D8%B9%D9%86%D8%A7%D8%B5%D8%B1-%D8%AD%D8%B2%D8%A8-%D8%A7%D9%84%D9%84%D9%87/ar,included,
https://www.lbcgroup.tv/news/news-reports/796812/%D9%8A%D9%88%D9%85-%D9%85%D8%A7-%D8%A8%D8%B9%D8%AF-%D8%B5%D8%AF%D9%85%D8%A9-%D8%AA%D9%81%D8%AC%D9%8A%D8%B1%D8%A7%D8%AA-%D8%A7%D9%84%D8%A8%D9%8A%D8%AC%D8%B1-%D9%88%D9%82%D8%B9%D9%87-%D8%A3%D8%B9%D9%84%D9%89-%D8%B9%D9%84%D9%89-%D8%A7%D9%84%D8%AC%D8%B1%D8%AD%D9%89-%D9%88%D8%B9%D8%A7%D8%A6%D9%84%D8%A7%D8%AA-%D8%A7%D9%84%D8%B4%D9%87%D8%AF%D8%A7%D8%A1/ar,included,
https://www.lbcgroup.tv/news/news-reports/797322/%D9%84%D8%BA%D8%B2-%D8%A7%D9%84%D9%80pagers-%D9%85%D9%86-%D9%84%D8%A8%D9%86%D8%A7%D9%86-%D8%A5%D9%84%D9%89-%D8%AA%D8%A7%D9%8A%D9%88%D8%A7%D9%86-%D9%88%D8%A8%D9%84%D8%BA%D8%A7%D8%B1%D9%8A%D8%A7-%D9%88%D8%B5%D9%88%D9%84%D9%8B%D8%A7-%D8%A5%D9%84%D9%89-%D8%A7%D9%84%D9%86%D8%B1%D9%88%D9%8A%D8%AC-%D9%88%D8%A5%D8%AE%D8%AA%D9%81%D8%A7%D8%A1/ar,included,
https://www.lbcgroup.tv/news/news-reports/797322/%D9%84%D8%BA%D8%B2-%D8%A7%D9%84%D9%80pagers-%D9%85%D9%86-%D9%84%D8%A8%D9%86%D8%A7%D9%86-%D8%A5%D9%84%D9%89-%D8%AA%D8%A7%D9%8A%D9%88%D8%A7%D9%86-%D9%88%D8%A8%D9%84%D8%BA%D8%A7%D8%B1%D9%8A%D8%A7-%D9%88%D8%B5%D9%88%D9%84%D9%8B%D8%A7-%D8%A5%D9%84%D9%89-%D8%A7%D9%84%D9%86%D8%B1%D9%88%D9%8A%D8%AC-%D9%88%D8%A5%D8%AE%D8%AA%D9%81%D8%A7%D8%A1/ar?utm_source=TheWALL360&utm_medium=Twitter-Sharing-TheWALL&utm_term=Twitter-Sharing-TheWALL&utm_campaign=Twitter-Sharing-TheWALL&src=twitter-share,excluded:url-duplicate,
https://www.lbcgroup.tv/news/news-reports/797714/%D9%84%D8%BA%D8%B2-%D8%A7%D9%84%D9%80pagers-%D9%85%D8%B9%D9%84%D9%88%D9%85%D8%A7%D8%AA-%D8%AC%D8%AF%D9%8A%D8%AF%D8%A9-%D8%B9%D9%86-%D8%A3%D8%B5%D8%AD%D8%A7%D8%A8-%D8%A7%D9%84%D8%B4%D8%B1%D9%83%D8%A7%D8%AA-%D8%A7%D9%84%D9%88%D9%87%D9%85%D9%8A%D8%A9-%D9%88%D9%81%D8%B1%D8%B6%D9%8A%D8%A9-%D8%AA%D9%81%D8%AE%D9%8A%D8%AE%D9%87%D8%A7-%D8%AF%D8%A7/ar,included,
https://www.lbcgroup.tv/news/newspaper-secrets/797752/%D8%A3%D8%B3%D8%B1%D8%A7%D8%B1-%D8%A7%D9%84%D8%B5%D8%AD%D9%81-%D8%A7%D9%84%D9%85%D8%AD%D9%84%D9%8A%D8%A9-23-9-2024/ar,excluded:none,
https://www.lbcgroup.tv/news/world-news/796648/russia-strongly-condemns-lebanon-pager-explosions/en,included,
https://www.lbcgroup.tv/news/world-news/796670/eu-top-diplomat-borrell-condemns-lebanon-pager-attacks/en,included,
https://www.lbcgroup.tv/news/world-news/796693/blinken-denies-us-knowledge-or-involvement-in-lebanon-pager-blasts/en,included,
https://www.lbcgroup.tv/news/world-news/797366/japans-icom-highly-unlikely-wireless-devices-that-exploded-in-lebanon/en,included,
https://www.lbcgroup.tv/news/world/796487/%D8%A5%D8%B5%D8%A7%D8%A8%D8%A9-14-%D8%B4%D8%AE%D8%B5%D8%A7-%D9%81%D9%8A-%D8%B3%D9%88%D8%B1%D9%8A%D8%A7-%D8%A8%D8%A7%D9%86%D9%81%D8%AC%D8%A7%D8%B1-%D8%A7%D9%84%D9%80-pagers/ar,included,
https://www.lbcgroup.tv/news/world/796615/%D8%B4%D8%B1%D9%83%D8%A9-%D8%AC%D9%88%D9%84%D8%AF-%D8%A3%D8%A8%D9%88%D9%84%D9%84%D9%88-%D8%A7%D9%84%D8%AA%D8%A7%D9%8A%D9%88%D8%A7%D9%86%D9%8A%D8%A9-%D8%B7%D8%B1%D8%A7%D8%B2-%D8%AC%D9%87%D8%A7%D8%B2-%D8%A7%D9%84%D8%A8%D9%8A%D8%AC%D8%B1-%D8%A5%D9%8A%D9%87%D8%A2%D8%B1-924-%D9%8A%D9%8F%D9%86%D8%AA%D8%AC-%D9%88%D9%8A%D9%8F%D8%A8%D8%A7%D8%B9-%D8%A8%D9%88/ar,included,
https://www.lbcgroup.tv/news/world/796615/%D8%B4%D8%B1%D9%83%D8%A9-%D8%AC%D9%88%D9%84%D8%AF-%D8%A3%D8%A8%D9%88%D9%84%D9%84%D9%88-%D8%A7%D9%84%D8%AA%D8%A7%D9%8A%D9%88%D8%A7%D9%86%D9%8A%D8%A9-%D8%B7%D8%B1%D8%A7%D8%B2-%D8%AC%D9%87%D8%A7%D8%B2-%D8%A7%D9%84%D8%A8%D9%8A%D8%AC%D8%B1-%D8%A5%D9%8A%D9%87%D8%A2%D8%B1-924-%D9%8A%D9%8F%D9%86%D8%AA%D8%AC-%D9%88%D9%8A%D9%8F%D8%A8%D8%A7%D8%B9-%D8%A8%D9%88/ar?utm_source=TheWALL360&utm_medium=Twitter-Sharing-TheWALL&utm_term=Twitter-Sharing-TheWALL&utm_campaign=Twitter-Sharing-TheWALL&src=twitter-share,excluded:url-duplicate,
https://www.lbcgroup.tv/news/world/796615/%D8%B4%D8%B1%D9%83%D8%A9-%D8%BA%D9%88%D9%84%D8%AF-%D8%A3%D8%A8%D9%88%D9%84%D9%88-%D8%A7%D9%84%D8%AA%D8%A7%D9%8A%D9%88%D8%A7%D9%86%D9%8A%D8%A9-%D8%B7%D8%B1%D8%A7%D8%B2-%D8%AC%D9%87%D8%A7%D8%B2-%D8%A7%D9%84%D8%A8%D9%8A%D8%AC%D8%B1-%D8%A5%D9%8A%D9%87%D8%A2%D8%B1-924-%D9%8A%D9%8F%D9%86%D8%AA%D8%AC-%D9%88%D9%8A%D9%8F%D8%A8%D8%A7%D8%B9-%D8%A8%D9%88%D8%A7/ar,excluded:url-duplicate,
https://www.lbcgroup.tv/news/world/796683/%D8%A8%D9%88%D8%B1%D9%8A%D9%84-%D9%8A%D8%AF%D9%8A%D9%86-%D8%AA%D9%81%D8%AC%D9%8A%D8%B1-%D8%A3%D8%AC%D9%87%D8%B2%D8%A9-%D8%A7%D9%84%D8%A7%D8%AA%D8%B5%D8%A7%D9%84%D8%A7%D8%AA-%D9%81%D9%8A-%D9%84%D8%A8%D9%86%D8%A7%D9%86-%D9%84%D8%AA%D9%81%D8%A7%D8%AF%D9%8A-%D8%AD%D8%B1%D8%A8-%D8%B4%D8%A7%D9%85%D9%84%D8%A9-%D9%84%D9%87%D8%A7-%D8%B9%D9%88%D8%A7%D9%82%D8%A8-%D8%B9/ar,included,
https://www.lbcgroup.tv/news/world/796694/%D8%A7%D9%84%D8%B1%D8%A6%D9%8A%D8%B3-%D8%A7%D9%84%D8%A5%D9%8A%D8%B1%D8%A7%D9%86%D9%8A-%D8%AA%D8%B9%D9%84%D9%8A%D9%82%D8%A7%D9%8B-%D8%B9%D9%84%D9%89-%D8%AD%D8%A7%D8%AF%D8%AB%D8%A9-%D8%A7%D9%84%D9%80-pagers-%D8%A7%D9%84%D8%AF%D9%88%D9%84-%D8%A7%D9%84%D8%BA%D8%B1%D8%A8%D9%8A%D8%A9-%D9%88%D8%A7%D9%84%D8%A3%D9%85%D9%8A%D8%B1%D9%83%D9%8A%D9%8A%D9%86/ar,included,
https://www.lbcgroup.tv/news/world/796696/%D8%A8%D9%84%D9%8A%D9%86%D9%83%D9%86-%D9%8A%D9%86%D9%81%D9%8A-%D9%85%D8%B9%D8%B1%D9%81%D8%A9-%D8%A7%D9%84%D9%88%D9%84%D8%A7%D9%8A%D8%A7%D8%AA-%D8%A7%D9%84%D9%85%D8%AA%D8%AD%D8%AF%D8%A9-%D8%A3%D9%88-%D8%AA%D9%88%D8%B1%D8%B7%D9%87%D8%A7-%D9%81%D9%8A-%D8%AA%D9%81%D8%AC%D9%8A%D8%B1-%D8%A3%D8%AC%D9%87%D8%B2%D8%A9-%D8%A7%D9%84%D8%A7%D8%AA%D8%B5%D8%A7%D9%84-%D9%81%D9%8A/ar,included,
https://www.lbcgroup.tv/news/world/796718/%D8%A7%D9%84%D8%A3%D9%85%D9%85-%D8%A7%D9%84%D9%85%D8%AA%D8%AD%D8%AF%D8%A9-%D9%84%D9%85%D8%AD%D8%A7%D8%B3%D8%A8%D8%A9-%D8%A7%D9%84%D9%85%D8%B3%D8%A4%D9%88%D9%84%D9%8A%D9%86-%D8%B9%D9%86-%D8%AA%D9%81%D8%AC%D9%8A%D8%B1-%D8%A3%D8%AC%D9%87%D8%B2%D8%A9-%D8%A7%D9%84%D8%A7%D8%AA%D8%B5%D8%A7%D9%84-%D9%81%D9%8A-%D9%84%D8%A8%D9%86%D8%A7%D9%86/ar,included,
https://www.lbcgroup.tv/news/world/796718/%D8%A7%D9%84%D8%A3%D9%85%D9%85-%D8%A7%D9%84%D9%85%D8%AA%D8%AD%D8%AF%D8%A9-%D9%84%D9%85%D8%AD%D8%A7%D8%B3%D8%A8%D8%A9-%D8%A7%D9%84%D9%85%D8%B3%D8%A4%D9%88%D9%84%D9%8A%D9%86-%D8%B9%D9%86-%D8%AA%D9%81%D8%AC%D9%8A%D8%B1-%D8%A3%D8%AC%D9%87%D8%B2%D8%A9-%D8%A7%D9%84%D8%A7%D8%AA%D8%B5%D8%A7%D9%84-%D9%81%D9%8A-%D9%84%D8%A8%D9%86%D8%A7%D9%86/ar?utm_source=TheWALL360&utm_medium=Twitter-Sharing-TheWALL&utm_term=Twitter-Sharing-TheWALL&utm_campaign=Twitter-Sharing-TheWALL&src=twitter-share,excluded:url-duplicate,
https://www.lbcgroup.tv/news/world/796737/%D8%A7%D9%84%D8%A3%D9%85%D9%85-%D8%A7%D9%84%D9%85%D8%AA%D8%AD%D8%AF%D8%A9-%D9%8A%D8%AC%D8%A8-%D9%85%D8%AD%D8%A7%D8%B3%D8%A8%D8%A9-%D8%A7%D9%84%D9%85%D8%B3%D8%A4%D9%88%D9%84%D9%8A%D9%86-%D8%B9%D9%86-%D8%AA%D9%81%D8%AC%D9%8A%D8%B1-%D8%A3%D8%AC%D9%87%D8%B2%D8%A9-%D8%A7%D9%84%D8%A7%D8%AA%D8%B5%D8%A7%D9%84-%D9%81%D9%8A-%D9%84%D8%A8%D9%86%D8%A7%D9%86/ar,included,
https://www.lbcgroup.tv/news/world/796749/%D8%A8%D9%88%D8%AF%D8%A7%D8%A8%D8%B3%D8%AA-%D8%AA%D9%86%D9%81%D9%8A-%D9%88%D8%AC%D9%88%D8%AF-%D9%85%D9%88%D9%82%D8%B9-%D8%A5%D9%86%D8%AA%D8%A7%D8%AC-%D9%81%D9%8A-%D8%A7%D9%84%D9%85%D8%AC%D8%B1-%D9%84%D8%A3%D8%AC%D9%87%D8%B2%D8%A9-%D8%A7%D9%84%D8%A7%D8%AA%D8%B5%D8%A7%D9%84-%D8%A7%D9%84%D9%85%D8%B3%D8%AA%D8%AE%D8%AF%D9%85%D8%A9-%D9%85%D9%86-%D8%AD%D8%B2%D8%A8/ar,included,
https://www.lbcgroup.tv/news/world/796749/%D8%A8%D9%88%D8%AF%D8%A7%D8%A8%D8%B3%D8%AA-%D8%AA%D9%86%D9%81%D9%8A-%D9%88%D8%AC%D9%88%D8%AF-%D9%85%D9%88%D9%82%D8%B9-%D8%A5%D9%86%D8%AA%D8%A7%D8%AC-%D9%81%D9%8A-%D8%A7%D9%84%D9%85%D8%AC%D8%B1-%D9%84%D8%A3%D8%AC%D9%87%D8%B2%D8%A9-%D8%A7%D9%84%D8%A7%D8%AA%D8%B5%D8%A7%D9%84-%D8%A7%D9%84%D9%85%D8%B3%D8%AA%D8%AE%D8%AF%D9%85%D8%A9-%D9%85%D9%86-%D8%AD%D8%B2%D8%A8/ar?utm_source=TheWALL360&utm_medium=Twitter-Sharing-TheWALL&utm_term=Twitter-Sharing-TheWALL&utm_campaign=Twitter-Sharing-TheWALL&src=twitter-share,excluded:url-duplicate,
https://www.lbcgroup.tv/news/world/797012/%D8%A7%D9%84%D8%AE%D8%A7%D8%B1%D8%AC%D9%8A%D8%A9-%D8%A7%D9%84%D8%A5%D8%B3%D8%A8%D8%A7%D9%86%D9%8A%D8%A9-%D8%A7%D9%84%D9%87%D8%AC%D9%85%D8%A7%D8%AA-%D8%B9%D9%84%D9%89-%D8%A7%D9%84%D8%A7%D8%AC%D9%87%D8%B2%D8%A9-%D8%A7%D9%84%D9%84%D8%A7%D8%B3%D9%84%D9%83%D9%8A%D8%A9-%D8%A7%D9%86%D8%AA%D9%87%D8%A7%D9%83-%D9%84%D9%84%D9%82%D8%A7%D9%86%D9%88%D9%86-%D8%A7%D9%84%D8%A5%D9%86%D8%B3%D8%A7/ar,included,
https://www.lbcgroup.tv/news/world/797012/%D8%A7%D9%84%D8%AE%D8%A7%D8%B1%D8%AC%D9%8A%D8%A9-%D8%A7%D9%84%D8%A5%D8%B3%D8%A8%D8%A7%D9%86%D9%8A%D8%A9-%D8%A7%D9%84%D9%87%D8%AC%D9%85%D8%A7%D8%AA-%D8%B9%D9%84%D9%89-%D8%A7%D9%84%D8%A7%D8%AC%D9%87%D8%B2%D8%A9-%D8%A7%D9%84%D9%84%D8%A7%D8%B3%D9%84%D9%83%D9%8A%D8%A9-%D8%A7%D9%86%D8%AA%D9%87%D8%A7%D9%83-%D9%84%D9%84%D9%82%D8%A7%D9%86%D9%88%D9%86-%D8%A7%D9%84%D8%A5%D9%86%D8%B3%D8%A7/ar?utm_source=TheWALL360&utm_medium=Twitter-Sharing-TheWALL&utm_term=Twitter-Sharing-TheWALL&utm_campaign=Twitter-Sharing-TheWALL&src=twitter-share,excluded:url-duplicate,
https://www.lbcgroup.tv/news/world/797036/%D9%88%D8%B3%D8%A7%D8%A6%D9%84-%D8%A5%D8%B9%D9%84%D8%A7%D9%85-%D9%85%D8%AD%D9%84%D9%8A%D8%A9-16-%D9%85%D9%84%D9%8A%D9%88%D9%86-%D9%8A%D9%88%D8%B1%D9%88-%D8%AB%D9%85%D9%86-%D8%A3%D8%AC%D9%87%D8%B2%D8%A9-%D8%A7%D9%84%D8%A8%D9%8A%D8%AC%D8%B1-%D9%85%D8%B1%D8%AA-%D8%B9%D8%A8%D8%B1-%D8%A8%D9%84%D8%BA%D8%A7%D8%B1%D9%8A%D8%A7-%D9%82%D8%A8%D9%84-%D8%AA/ar,included,
https://www.lbcgroup.tv/news/world/797036/%D9%88%D8%B3%D8%A7%D8%A6%D9%84-%D8%A5%D8%B9%D9%84%D8%A7%D9%85-%D9%85%D8%AD%D9%84%D9%8A%D8%A9-16-%D9%85%D9%84%D9%8A%D9%88%D9%86-%D9%8A%D9%88%D8%B1%D9%88-%D8%AB%D9%85%D9%86-%D8%A3%D8%AC%D9%87%D8%B2%D8%A9-%D8%A7%D9%84%D8%A8%D9%8A%D8%AC%D8%B1-%D9%85%D8%B1%D8%AA-%D8%B9%D8%A8%D8%B1-%D8%A8%D9%84%D8%BA%D8%A7%D8%B1%D9%8A%D8%A7-%D9%82%D8%A8%D9%84-%D8%AA/ar?utm_source=TheWALL360&utm_medium=Twitter-Sharing-TheWALL&utm_term=Twitter-Sharing-TheWALL&utm_campaign=Twitter-Sharing-TheWALL&src=twitter-share,excluded:url-duplicate,
https://www.lbcgroup.tv/news/world/797093/%D8%AA%D8%A7%D9%8A%D9%88%D8%A7%D9%86-%D8%AA%D8%B3%D8%AA%D8%AC%D9%88%D8%A8-%D8%B1%D8%A6%D9%8A%D8%B3-%D8%B4%D8%B1%D9%83%D8%A9-%D8%A3%D8%AC%D9%87%D8%B2%D8%A9-%D8%A7%D9%84%D8%A8%D9%8A%D8%AC%D8%B1-%D8%A7%D9%84%D9%85%D8%B1%D8%AA%D8%A8%D8%B7%D8%A9-%D8%A8%D8%A7%D9%86%D9%81%D8%AC%D8%A7%D8%B1%D8%A7%D8%AA-%D9%84%D8%A8%D9%86%D8%A7%D9%86/ar,included,
https://www.lbcgroup.tv/news/world/797094/%D9%88%D8%B2%D9%8A%D8%B1-%D8%A7%D9%84%D8%A5%D9%82%D8%AA%D8%B5%D8%A7%D8%AF-%D8%A7%D9%84%D8%AA%D8%A7%D9%8A%D9%88%D8%A7%D9%86%D9%8A-%D9%85%D9%83%D9%88%D9%86%D8%A7%D8%AA-%D8%A3%D8%AC%D9%87%D8%B2%D8%A9-%D8%A7%D9%84%D8%A8%D9%8A%D8%AC%D8%B1-%D8%A7%D9%84%D8%AA%D9%8A-%D8%A7%D9%86%D9%81%D8%AC%D8%B1%D8%AA-%D9%81%D9%8A-%D9%84%D8%A8%D9%86%D8%A7%D9%86-%D9%84%D9%85-%D8%AA%D8%B5/ar,included,
https://www.lbcgroup.tv/news/world/797094/%D9%88%D8%B2%D9%8A%D8%B1-%D8%A7%D9%84%D8%A5%D9%82%D8%AA%D8%B5%D8%A7%D8%AF-%D8%A7%D9%84%D8%AA%D8%A7%D9%8A%D9%88%D8%A7%D9%86%D9%8A-%D9%85%D9%83%D9%88%D9%86%D8%A7%D8%AA-%D8%A3%D8%AC%D9%87%D8%B2%D8%A9-%D8%A7%D9%84%D8%A8%D9%8A%D8%AC%D8%B1-%D8%A7%D9%84%D8%AA%D9%8A-%D8%A7%D9%86%D9%81%D8%AC%D8%B1%D8%AA-%D9%81%D9%8A-%D9%84%D8%A8%D9%86%D8%A7%D9%86-%D9%84%D9%85-%D8%AA%D8%B5/ar?utm_source=TheWALL360&utm_medium=Twitter-Sharing-TheWALL&utm_term=Twitter-Sharing-TheWALL&utm_campaign=Twitter-Sharing-TheWALL&src=twitter-share,excluded:url-duplicate,
https://www.lbcgroup.tv/news/world/797110/%D8%AC%D9%87%D8%A7%D8%B2-%D8%A7%D9%84%D8%A3%D9%85%D9%86-%D8%A7%D9%84%D8%A8%D9%84%D8%BA%D8%A7%D8%B1%D9%8A-%D9%84%D9%85-%D9%8A%D8%AA%D9%85-%D8%A7%D8%B3%D8%AA%D9%8A%D8%B1%D8%A7%D8%AF-%D8%A3%D9%88-%D8%AA%D8%B5%D8%AF%D9%8A%D8%B1-%D8%A3%D9%88-%D8%AA%D8%B5%D9%86%D9%8A%D8%B9-%D8%A8%D9%8A%D8%AC%D8%B1-%D9%85%D9%86-%D8%AA%D9%84%D9%83-%D8%A7%D9%84%D8%AA%D9%8A/ar,included,
https://www.lbcgroup.tv/news/world/797153/%D8%A5%D8%B3%D8%AA%D8%AC%D9%88%D8%A7%D8%A8-%D9%85%D9%85%D8%AB%D9%84%D9%8A-%D8%B4%D8%B1%D9%83%D8%AA%D9%8A%D9%86-%D9%81%D9%8A-%D8%AA%D8%A7%D9%8A%D9%88%D8%A7%D9%86-%D8%A8%D8%AE%D8%B5%D9%88%D8%B5-%D8%A3%D8%AC%D9%87%D8%B2%D8%A9-%D8%A7%D9%84%D8%A8%D9%8A%D8%AC%D8%B1/ar,included,
https://www.lbcgroup.tv/news/world/797341/%D8%A7%D9%84%D8%A3%D9%85%D9%85-%D8%A7%D9%84%D9%85%D8%AA%D8%AD%D8%AF%D8%A9-%D8%AA%D8%AF%D9%8A%D9%86-%D8%AA%D9%81%D8%AC%D9%8A%D8%B1%D8%A7%D8%AA-%D8%A3%D8%AC%D9%87%D8%B2%D8%A9-%D8%A7%D9%84%D8%A7%D8%AA%D8%B5%D8%A7%D9%84-%D9%81%D9%8A-%D9%84%D8%A8%D9%86%D8%A7%D9%86-%D9%88%D8%AA%D8%B9%D8%AA%D8%A8%D8%B1%D9%87%D8%A7-%D8%A7%D9%86%D8%AA%D9%87%D8%A7%D9%83%D8%A7-%D9%84%D9%84%D9%82/ar,included,
https://www.lbcgroup.tv/news/world/797341/%D8%A7%D9%84%D8%A3%D9%85%D9%85-%D8%A7%D9%84%D9%85%D8%AA%D8%AD%D8%AF%D8%A9-%D8%AA%D8%AF%D9%8A%D9%86-%D8%AA%D9%81%D8%AC%D9%8A%D8%B1%D8%A7%D8%AA-%D8%A3%D8%AC%D9%87%D8%B2%D8%A9-%D8%A7%D9%84%D8%A7%D8%AA%D8%B5%D8%A7%D9%84-%D9%81%D9%8A-%D9%84%D8%A8%D9%86%D8%A7%D9%86-%D9%88%D8%AA%D8%B9%D8%AA%D8%A8%D8%B1%D9%87%D8%A7-%D8%A7%D9%86%D8%AA%D9%87%D8%A7%D9%83%D8%A7-%D9%84%D9%84%D9%82/ar?utm_source=TheWALL360&utm_medium=Twitter-Sharing-TheWALL&utm_term=Twitter-Sharing-TheWALL&utm_campaign=Twitter-Sharing-TheWALL&src=twitter-share,excluded:url-duplicate,
https://www.lbcgroup.tv/news/world/797357/%D8%A2%D9%8A%D9%83%D9%88%D9%85-%D8%A7%D9%84%D9%8A%D8%A7%D8%A8%D8%A7%D9%86%D9%8A%D8%A9-%D8%A7%D9%84%D8%A3%D8%AC%D9%87%D8%B2%D8%A9-%D8%A7%D9%84%D9%84%D8%A7%D8%B3%D9%84%D9%83%D9%8A%D8%A9-%D9%84%D9%8A%D8%B3%D8%AA-%D9%85%D9%86-%D9%85%D9%86%D8%AA%D8%AC%D8%A7%D8%AA%D9%86%D8%A7/ar,included,
https://www.lbcgroup.tv/news/world/797357/%D8%A2%D9%8A%D9%83%D9%88%D9%85-%D8%A7%D9%84%D9%8A%D8%A7%D8%A8%D8%A7%D9%86%D9%8A%D8%A9-%D8%A7%D9%84%D8%A3%D8%AC%D9%87%D8%B2%D8%A9-%D8%A7%D9%84%D9%84%D8%A7%D8%B3%D9%84%D9%83%D9%8A%D8%A9-%D9%84%D9%8A%D8%B3%D8%AA-%D9%85%D9%86-%D9%85%D9%86%D8%AA%D8%AC%D8%A7%D8%AA%D9%86%D8%A7/ar?utm_source=TheWALL360&utm_medium=Twitter-Sharing-TheWALL&utm_term=Twitter-Sharing-TheWALL&utm_campaign=Twitter-Sharing-TheWALL&src=twitter-share,excluded:url-duplicate,
https://www.lbcgroup.tv/news/world/797416/%D8%A8%D8%B9%D8%AF-%D8%AA%D9%81%D8%AC%D9%8A%D8%B1-%D8%A3%D8%AC%D9%87%D8%B2%D8%A9-%D8%A7%D8%AA%D8%B5%D8%A7%D9%84-%D9%84%D8%A7%D8%B3%D9%84%D9%83%D9%8A%D8%A9-%D8%AA%D8%A7%D8%A8%D8%B9%D8%A9-%D9%84%D8%AD%D8%B2%D8%A8-%D8%A7%D9%84%D9%84%D9%87-%D9%85%D8%A7%D8%AF%D9%88%D8%B1%D9%88-%D9%8A%D8%AF%D8%B9%D9%88-%D8%A7%D9%84%D9%81%D9%86%D8%B2%D9%88%D9%8A%D9%84%D9%8A%D9%8A%D9%86/ar,included,
https://www.lbcgroup.tv/news/world/798977/%D8%A7%D9%84%D9%86%D8%B1%D9%88%D9%8A%D8%AC-%D8%AA%D8%B5%D8%AF%D8%B1-%D8%B7%D9%84%D8%A8%D8%A7-%D8%AF%D9%88%D9%84%D9%8A%D8%A7-%D9%84%D9%84%D8%A8%D8%AD%D8%AB-%D8%B9%D9%86-%D8%B4%D8%AE%D8%B5-%D8%B9%D9%84%D9%89-%D8%B5%D9%84%D8%A9-%D8%A8%D8%A3%D8%AC%D9%87%D8%B2%D8%A9-%D8%A7%D9%84%D8%A8%D9%8A%D8%AC%D8%B1-%D8%A7%D9%84%D8%AA%D9%8A-%D8%A7%D9%86%D9%81%D8%AC%D8%B1%D8%AA/ar,included,
https://www.lbcgroup.tv/news/world/802175/%D8%B7%D9%8A%D8%B1%D8%A7%D9%86-%D8%A7%D9%84%D8%A5%D9%85%D8%A7%D8%B1%D8%A7%D8%AA-%D8%AA%D8%AD%D8%B8%D8%B1-%D8%A3%D8%AC%D9%87%D8%B2%D8%A9-%D8%A7%D9%84%D8%A7%D8%AA%D8%B5%D8%A7%D9%84-%D8%A7%D9%84%D9%84%D8%A7%D8%B3%D9%84%D9%83%D9%8A%D8%A9-%D8%A8%D8%B9%D8%AF-%D8%AA%D9%81%D8%AC%D9%8A%D8%B1%D8%A7%D8%AA-%D9%81%D9%8A-%D9%84%D8%A8%D9%86%D8%A7%D9%86/ar,included,
https://www.aljadeed.tv/news/%D8%AA%D8%B4%D8%A7%D9%87%D8%AF%D9%88%D9%86-%D8%A7%D9%84%D8%A2%D9%86/502552/%D9%85%D8%B5%D8%A7%D8%AF%D8%B1-%D8%A7%D9%85%D9%86%D9%8A%D8%A9-%D9%84%D8%B1%D9%88%D9%8A%D8%AA%D8%B1-%D8%A7%D9%83%D8%AB%D8%B1-%D9%85%D9%86-1000-%D8%AC%D8%B1%D9%8A%D8%AD-%D9%81%D9%8A-%D9%84%D8%A8%D9%86%D8%A7%D9%86-%D8%AC%D8%B1%D8%A7%D8%A1-%D8%AA%D9%81%D8%AC%D9%8A%D8%B1%D8%A7%D8%AA-%D8%A8%D9%8A%D8%AC%D8%B1,included,
https://www.aljadeed.tv/news/%D8%AA%D8%B4%D8%A7%D9%87%D8%AF%D9%88%D9%86-%D8%A7%D9%84%D8%A2%D9%86/502564/%D8%A7%D8%AE%D8%AA%D8%B1%D8%A7%D9%82-%D8%A3%D9%85%D9%86%D9%8A-%D9%84%D8%A7%D8%B3%D9%84%D9%83%D9%8A-%D9%83%D8%A8%D9%8A%D8%B1-%D9%81%D9%8A-%D8%A7%D9%84%D8%B6%D8%A7%D8%AD%D9%8A%D8%A9-%D8%A7%D9%84%D8%AC%D9%86%D9%88%D8%A8%D9%8A%D8%A9,included,
https://www.aljadeed.tv/news/%D8%AA%D8%B4%D8%A7%D9%87%D8%AF%D9%88%D9%86-%D8%A7%D9%84%D8%A2%D9%86/502819/%D8%AA%D9%81%D9%80-%D8%AC%D9%8A%D8%B1-%D8%AC%D9%87%D8%A7%D8%B2-%D9%84%D8%A7%D8%B3%D9%84%D9%83%D9%8A-%D9%81%D9%8A-%D9%83%D9%84%D9%8A%D9%85%D9%86%D8%B5%D9%88-%D9%85%D8%B1%D8%A7%D8%B3%D9%84%D8%A9-%D8%A7%D9%84%D8%AC%D8%AF%D9%8A%D8%AF-%D8%AA%D9%86%D9%82%D9%84-%D8%A7%D9%84%D8%AA%D9%81%D8%A7%D8%B5%D9%8A%D9%84,included,
https://www.aljadeed.tv/news/%D8%AE%D8%A7%D8%B5-%D8%A7%D9%84%D8%AC%D8%AF%D9%8A%D8%AF/502549/%D8%B3%D9%8A%D9%86%D8%A7%D8%B1%D9%8A%D9%88%D9%87%D8%A7%D8%AA-%D8%B9%D8%AF%D8%A9-%D9%84%D8%A5%D9%86%D9%81%D8%AC%D8%A7%D8%B1-%D8%A7%D9%84%D8%A8%D9%8A%D8%AC%D8%B1-%D9%8A%D8%B4%D8%B1%D8%AD%D9%87%D8%A7-%D8%A7%D9%84%D8%AE%D8%A8%D9%8A%D8%B1-%D9%81%D9%8A-%D8%A7%D9%84%D8%AA%D8%AD%D9%88%D9%91%D9%84-%D8%A7%D9%84%D8%B1%D9%82%D9%85%D9%8A-%D9%88%D8%A3%D9%85%D9%86-%D8%A7%D9%84%D9%85,included,
https://www.aljadeed.tv/news/%D8%AE%D8%A7%D8%B5-%D8%A7%D9%84%D8%AC%D8%AF%D9%8A%D8%AF/502553/%D8%A5%D8%AE%D8%AA%D8%B1%D8%A7%D9%82-%D8%A3%D9%85%D9%86%D9%8A-%D9%84%D8%A7%D8%B3%D9%84%D9%83%D9%8A-%D9%83%D8%A8%D9%8A%D8%B1-%D8%A7%D9%84%D8%AC%D8%AF%D9%8A%D8%AF-%D9%81%D9%8A-%D8%AA%D8%BA%D8%B7%D9%8A%D8%A9-%D9%85%D9%81%D8%AA%D9%88%D8%AD%D8%A9-%D9%84%D9%84%D8%AD%D8%AF%D8%AB,included,
https://www.aljadeed.tv/news/%D8%AE%D8%A7%D8%B5-%D8%A7%D9%84%D8%AC%D8%AF%D9%8A%D8%AF/502673/%D8%A7%D9%84%D8%AE%D8%A8%D9%8A%D8%B1-%D9%81%D9%8A-%D8%A7%D9%84%D8%B4%D8%A4%D9%88%D9%86-%D8%A7%D9%84%D8%A5%D8%B3%D8%B1%D8%A7%D8%A6%D9%8A%D9%84%D9%8A%D8%A9-%D9%86%D8%A8%D9%8A%D9%87-%D8%B9%D9%88%D8%A7%D8%B6%D8%A9-%D9%84%D9%80-%D8%A7%D9%84%D8%AC%D8%AF%D9%8A%D8%AF-%D9%85%D9%86-%D9%8A%D8%AD%D9%85%D9%84-%D8%AC%D9%87%D8%A7%D8%B2-%D8%A7%D9%84%D8%A8%D9%8A%D8%AC%D8%B1,included,
https://www.aljadeed.tv/news/%D8%AE%D8%A7%D8%B5-%D8%A7%D9%84%D8%AC%D8%AF%D9%8A%D8%AF/502740/%D9%85%D8%B1%D8%A7%D8%B3%D9%84%D8%A9-%D8%A7%D9%84%D8%AC%D8%AF%D9%8A%D8%AF-%D9%85%D8%B9%D9%84%D9%88%D9%85%D8%A7%D8%AA-%D8%B9%D9%86-%D8%A7%D9%86%D9%81%D8%AC%D8%A7%D8%B1-%D9%85%D8%B2%D9%8A%D8%AF-%D9%85%D9%86-%D8%A3%D8%AC%D9%87%D8%B2%D8%A9-%D8%A7%D9%84%D8%A8%D9%8A%D8%AC%D8%B1-%D9%81%D9%8A-%D8%A8%D8%B9%D8%B6-%D8%A7%D9%84%D9%85%D9%86%D8%A7%D8%B7%D9%82-%D8%A7%D9%84,included,
https://www.aljadeed.tv/news/%D8%AE%D8%A7%D8%B5-%D8%A7%D9%84%D8%AC%D8%AF%D9%8A%D8%AF/502743/%D9%85%D8%B1%D8%A7%D8%B3%D9%84-%D8%A7%D9%84%D8%AC%D8%AF%D9%8A%D8%AF-%D8%A7%D9%86%D9%81%D8%AC%D8%A7%D8%B1-%D8%A8%D9%8A%D8%AC%D8%B1-%D8%AC%D8%AF%D9%8A%D8%AF%D8%A9-%D8%AF%D8%A7%D8%AE%D9%84-%D8%B3%D9%8A%D8%A7%D8%B1%D8%A9-%D9%81%D9%8A-%D9%85%D8%B1%D8%AC%D8%B9%D9%8A%D9%88%D9%86,included,
https://www.aljadeed.tv/news/%D8%AE%D8%A7%D8%B5-%D8%A7%D9%84%D8%AC%D8%AF%D9%8A%D8%AF/502744/%D9%85%D8%B1%D8%A7%D8%B3%D9%84-%D8%A7%D9%84%D8%AC%D8%AF%D9%8A%D8%AF-%D8%A7%D9%86%D9%81%D8%AC%D8%A7%D8%B1-%D8%A7%D8%AC%D9%87%D8%B2%D8%A9-%D9%84%D8%A7%D8%B3%D9%84%D9%83%D9%8A%D8%A9-%D8%AF%D8%A7%D8%AE%D9%84-4-%D8%B3%D9%8A%D8%A7%D8%B1%D8%AA-%D9%81%D9%8A-%D8%A8%D9%84%D8%AF%D8%A9-%D8%A7%D9%84%D8%B9%D8%A8%D8%A7%D8%B3%D9%8A%D8%A9,included,
https://www.aljadeed.tv/news/%D8%AE%D8%A7%D8%B5-%D8%A7%D9%84%D8%AC%D8%AF%D9%8A%D8%AF/502749/%D8%A7%D9%84%D8%A7%D9%86%D9%81%D8%AC%D8%A7%D8%B1%D8%A7%D8%AA-%D8%B7%D8%A7%D9%84%D8%AA-%D8%B9%D8%AF%D8%AF%D8%A7%D9%8B-%D9%85%D9%86-%D8%A7%D9%84%D8%B4%D9%82%D9%82-%D8%A7%D9%84%D8%B3%D9%83%D9%86%D9%8A%D8%A9-%D8%A7%D8%AB%D8%B1-%D8%A7%D9%86%D9%81%D8%AC%D8%A7%D8%B1-%D8%A7%D8%AC%D9%87%D8%B2%D8%A9-%D9%84%D8%A7%D8%B3%D9%84%D9%83%D9%8A%D8%A9-%D9%81%D9%8A-%D9%85%D9%86%D8%A7,included,
https://www.aljadeed.tv/news/%D8%B9%D8%B1%D8%A8%D9%8A%D8%A7%D8%AA/502535/%D9%85%D8%B5%D8%A7%D8%AF%D8%B1-%D8%A3%D9%85%D9%86%D9%8A%D8%A9-%D9%84%D8%B1%D9%88%D9%8A%D8%AA%D8%B1%D8%B2-%D8%A3%D9%83%D8%AB%D8%B1-%D9%85%D9%86-1000-%D8%AC%D8%B1%D9%8A%D8%AD-%D9%81%D9%8A-%D9%84%D8%A8%D9%86%D8%A7%D9%86-%D8%AC%D8%B1%D8%A7%D8%A1-%D8%AA%D9%81%D8%AC%D9%8A%D8%B1%D8%A7%D8%AA-%D8%A8%D9%8A%D8%AC%D8%B1,included,
https://www.aljadeed.tv/news/%D8%B9%D8%B1%D8%A8%D9%8A%D8%A7%D8%AA/502539/%D8%B1%D9%88%D9%8A%D8%AA%D8%B1%D8%B2-%D9%86%D9%82%D9%84%D8%A7-%D8%B9%D9%86-%D9%85%D8%B5%D8%A7%D8%AF%D8%B1-%D8%A3%D9%85%D9%86%D9%8A%D8%A9-%D8%A3%D8%AC%D9%87%D8%B2%D8%A9-%D8%A7%D9%84%D8%A7%D8%AA%D8%B5%D8%A7%D9%84-%D8%A7%D9%84%D8%AA%D9%8A-%D8%A7%D9%86%D9%81%D8%AC%D8%B1%D8%AA-%D9%81%D9%8A-%D9%84%D8%A8%D9%86%D8%A7%D9%86-%D9%87%D9%8A-%D8%A3%D8%AD%D8%AF%D8%AB,included,
https://www.aljadeed.tv/news/%D8%B9%D8%B1%D8%A8%D9%8A%D8%A7%D8%AA/502542/%D9%88%D9%88%D9%84-%D8%B3%D8%AA%D8%B1%D9%8A%D8%AA-%D8%AC%D9%88%D8%B1%D9%86%D8%A7%D9%84-%D8%B9%D9%86-%D9%85%D8%B5%D8%A7%D8%AF%D8%B1-%D9%85%D8%B7%D9%84%D8%B9%D8%A9-%D8%A3%D8%AC%D9%87%D8%B2%D8%A9-%D8%A7%D9%84%D8%A7%D8%AA%D8%B5%D8%A7%D9%84-%D8%A7%D9%84%D9%85%D8%B3%D8%AA%D9%87%D8%AF%D9%81%D8%A9-%D9%81%D9%8A-%D9%84%D8%A8%D9%86%D8%A7%D9%86-%D9%83%D8%A7%D9%86%D8%AA,included,
https://www.aljadeed.tv/news/%D8%B9%D8%B1%D8%A8%D9%8A%D8%A7%D8%AA/502546/%D8%A3%D8%A8-%D8%B9%D9%86-%D9%85%D8%B5%D8%A7%D8%AF%D8%B1-%D9%82%D8%B1%D9%8A%D8%A8%D8%A9-%D9%85%D9%86-%D8%AD%D8%B2%D8%A8-%D8%A7%D9%84%D9%84%D9%87-%D8%A3%D8%AC%D9%87%D8%B2%D8%A9-%D8%A7%D9%84%D8%A7%D8%AA%D8%B5%D8%A7%D9%84-%D8%A7%D9%84%D8%AC%D8%AF%D9%8A%D8%AF%D8%A9-%D9%85%D8%B2%D9%88%D8%AF%D8%A9-%D8%A8%D8%A8%D8%B7%D8%A7%D8%B1%D9%8A%D8%A7%D8%AA-%D9%84%D9%8A%D8%AB,included,
https://www.aljadeed.tv/news/%D8%B9%D8%B1%D8%A8%D9%8A%D8%A7%D8%AA/502546/%D8%A3%D9%81%D8%A8-%D8%B9%D9%86-%D9%85%D8%B5%D8%A7%D8%AF%D8%B1-%D9%82%D8%B1%D9%8A%D8%A8%D8%A9-%D9%85%D9%86-%D8%AD%D8%B2%D8%A8-%D8%A7%D9%84%D9%84%D9%87-%D8%A3%D8%AC%D9%87%D8%B2%D8%A9-%D8%A7%D9%84%D8%A7%D8%AA%D8%B5%D8%A7%D9%84-%D8%A7%D9%84%D8%AC%D8%AF%D9%8A%D8%AF%D8%A9-%D9%85%D8%B2%D9%88%D8%AF%D8%A9-%D8%A8%D8%A8%D8%B7%D8%A7%D8%B1%D9%8A%D8%A7%D8%AA-%D9%84%D9%8A,excluded:url-duplicate,
https://www.aljadeed.tv/news/%D8%B9%D8%B1%D8%A8%D9%8A%D8%A7%D8%AA/502559/%D8%A3%D9%83%D8%B3%D9%8A%D9%88%D8%B3-%D8%B9%D9%86-%D9%85%D8%B5%D8%AF%D8%B1-%D9%85%D8%B7%D9%84%D8%B9-%D8%A3%D8%AC%D9%87%D8%B2%D8%A9-%D8%A7%D9%84%D8%A7%D8%AA%D8%B5%D8%A7%D9%84-%D9%83%D8%A7%D9%86%D8%AA-%D8%AA%D8%B3%D8%AA%D8%AE%D8%AF%D9%85-%D8%B9%D9%84%D9%89-%D9%86%D8%B7%D8%A7%D9%82-%D9%88%D8%A7%D8%B3%D8%B9-%D8%A8%D9%8A%D9%86-%D8%A3%D8%B9%D8%B6%D8%A7%D8%A1,included,
https://www.aljadeed.tv/news/%D8%B9%D8%B1%D8%A8%D9%8A%D8%A7%D8%AA/502609/%D8%A7%D9%84%D8%AE%D8%A7%D8%B1%D8%AC%D9%8A%D8%A9-%D8%A7%D9%84%D8%A3%D9%85%D9%8A%D8%B1%D9%83%D9%8A%D8%A9-%D9%86%D8%AC%D9%85%D8%B9-%D9%85%D8%B9%D9%84%D9%88%D9%85%D8%A7%D8%AA-%D8%B9%D9%86-%D8%AA%D9%81%D8%AC%D9%8A%D8%B1%D8%A7%D8%AA-%D8%A3%D8%AC%D9%87%D8%B2%D8%A9-%D8%A7%D9%84%D8%A7%D8%AA%D8%B5%D8%A7%D9%84-%D9%81%D9%8A-%D9%84%D8%A8%D9%86%D8%A7%D9%86-%D9%88%D9%88%D8%A7%D8%B4,included,
https://www.aljadeed.tv/news/%D8%B9%D8%B1%D8%A8%D9%8A%D8%A7%D8%AA/502623/%D8%A7%D9%84%D8%A8%D9%86%D8%AA%D8%A7%D8%BA%D9%88%D9%86-%D8%A7%D9%84%D9%88%D9%84%D8%A7%D9%8A%D8%A7%D8%AA-%D8%A7%D9%84%D9%85%D8%AA%D8%AD%D8%AF%D8%A9-%D9%84%D9%8A%D8%B3%D8%AA-%D8%B6%D8%A7%D9%84%D8%B9%D8%A9-%D9%81%D9%8A-%D8%AA%D9%81%D8%AC%D9%8A%D8%B1%D8%A7%D8%AA-%D8%A3%D8%AC%D9%87%D8%B2%D8%A9-%D8%A7%D9%84%D8%A7%D8%AA%D8%B5%D8%A7%D9%84-%D9%81%D9%8A-%D9%84%D8%A8%D9%86%D8%A7,included,
https://www.aljadeed.tv/news/%D8%B9%D8%B1%D8%A8%D9%8A%D8%A7%D8%AA/502659/%D8%A3%D9%88%D9%84-%D8%AA%D8%B9%D9%84%D9%8A%D9%82-%D9%85%D9%86-%D8%B4%D8%B1%D9%83%D8%A9-%D8%BA%D9%88%D9%84%D8%AF-%D8%A3%D8%A8%D9%88%D9%84%D9%88-%D8%AD%D9%88%D9%84-%D8%A7%D9%86%D9%81%D8%AC%D8%A7%D8%B1-%D8%A3%D8%AC%D9%87%D8%B2%D8%A9-%D8%A7%D9%84%D8%A8%D9%8A%D8%AC%D8%B1,included,
https://www.aljadeed.tv/news/%D8%B9%D8%B1%D8%A8%D9%8A%D8%A7%D8%AA/502660/%D8%A5%D8%B9%D9%84%D8%A7%D9%85-%D8%A7%D9%84%D8%B3%D9%81%D9%8A%D8%B1-%D8%A7%D9%84%D8%A5%D9%8A%D8%B1%D8%A7%D9%86%D9%8A-%D9%81%D9%8A-%D9%84%D8%A8%D9%86%D8%A7%D9%86-%D9%81%D9%82%D8%AF-%D8%A5%D8%AD%D8%AF%D9%89-%D8%B9%D9%8A%D9%86%D9%8A%D9%87-%D8%A8%D9%80-%D8%AA%D9%81%D8%AC%D9%8A%D8%B1-%D8%A7%D9%84%D8%A8%D9%8A%D8%AC%D8%B1,included,
https://www.aljadeed.tv/news/%D8%B9%D8%B1%D8%A8%D9%8A%D8%A7%D8%AA/502669/%D9%84%D8%AA%D8%AD%D9%82%D9%8A%D9%82-%D8%AF%D9%88%D9%84%D9%8A-%D8%A7%D9%84%D8%AE%D8%A7%D8%B1%D8%AC%D9%8A%D8%A9-%D8%A7%D9%84%D8%B1%D9%88%D8%B3%D9%8A%D8%A9-%D8%A8%D9%83%D9%84%D8%A7%D9%85-%D9%87%D8%A7%D9%85-%D8%B9%D9%86-%D8%AA%D9%81%D8%AC%D9%8A%D8%B1-%D8%A7%D9%84%D8%A8%D9%8A%D8%AC%D8%B1,included,
https://www.aljadeed.tv/news/%D8%B9%D8%B1%D8%A8%D9%8A%D8%A7%D8%AA/502670/%D8%A8%D8%B9%D8%AF-%D8%AA%D9%81%D8%AC%D9%8A%D8%B1%D8%A7%D8%AA-%D8%A7%D9%84%D8%A8%D9%8A%D8%AC%D8%B1-%D8%AD%D9%85%D8%A7%D8%B3-%D8%AA%D9%83%D8%B4%D9%81-%D8%AD%D8%A7%D9%84%D8%A9-%D9%83%D9%88%D8%A7%D8%AF%D8%B1%D9%87%D8%A7-%D9%81%D9%8A-%D9%84%D8%A8%D9%86%D8%A7%D9%86,included,
https://www.aljadeed.tv/news/%D8%B9%D8%B1%D8%A8%D9%8A%D8%A7%D8%AA/502690/%D8%A7%D9%84%D9%83%D8%B1%D9%85%D9%84%D9%8A%D9%86-%D9%8A%D8%B9%D9%84%D9%91%D9%82-%D8%B9%D9%84%D9%89-%D9%87%D8%AC%D9%88%D9%85-%D8%A7%D9%84%D8%A8%D9%8A%D8%AC%D8%B1-%D9%81%D9%8A-%D9%84%D8%A8%D9%86%D8%A7%D9%86,included,
https://www.aljadeed.tv/news/%D8%B9%D8%B1%D8%A8%D9%8A%D8%A7%D8%AA/502705/%D8%A7%D9%84%D8%B7%D8%B1%D9%81-%D8%A7%D9%84%D8%B1%D8%A7%D8%A8%D8%B9-%D8%A7%D9%84%D9%85%D8%AA%D9%88%D9%91%D8%B1%D8%B7-%D8%A8%D9%80-%D8%AA%D9%81%D8%AC%D9%8A%D8%B1-%D8%A7%D9%84%D8%A8%D9%8A%D8%AC%D8%B1-%D9%85%D9%86-%D9%87%D9%88%D8%9F,included,
https://www.aljadeed.tv/news/%D8%B9%D8%B1%D8%A8%D9%8A%D8%A7%D8%AA/502723/%D8%A7%D9%84%D8%B1%D8%A6%D9%8A%D8%B3-%D8%A7%D9%84%D8%A7%D9%8A%D8%B1%D8%A7%D9%86%D9%8A-%D9%8A%D8%B9%D9%84%D9%91%D9%82-%D8%B9%D9%84%D9%89-%D8%A7%D9%86%D9%81%D8%AC%D8%A7%D8%B1-%D8%A3%D8%AC%D9%87%D8%B2%D8%A9-%D8%A7%D9%84%D8%A7%D8%AA%D8%B5%D8%A7%D9%84%D8%A7%D8%AA-%D9%81%D9%8A-%D9%84%D8%A8%D9%86%D8%A7%D9%86,included,
https://www.aljadeed.tv/news/%D8%B9%D8%B1%D8%A8%D9%8A%D8%A7%D8%AA/502751/%D8%A3%D9%83%D8%B3%D9%8A%D9%88%D8%B3-%D8%B9%D9%86-%D9%85%D8%B5%D8%AF%D8%B1%D9%8A%D9%86-%D8%A5%D8%B3%D8%B1%D8%A7%D8%A6%D9%8A%D9%84-%D9%81%D8%AC%D8%B1%D8%AA-%D8%A2%D9%84%D8%A7%D9%81-%D8%A3%D8%AC%D9%87%D8%B2%D8%A9-%D8%A7%D9%84%D8%A7%D8%AA%D8%B5%D8%A7%D9%84-%D8%A7%D9%84%D9%84%D8%A7%D8%B3%D9%84%D9%83%D9%8A%D8%A9-%D8%A7%D9%84%D8%AA%D9%8A-%D9%8A%D8%B3%D8%AA%D8%AE%D8%AF%D9%85,included,
https://www.aljadeed.tv/news/%D8%B9%D8%B1%D8%A8%D9%8A%D8%A7%D8%AA/502762/%D8%A7%D9%84%D8%AC%D8%B2%D9%8A%D8%B1%D8%A9-%D8%A7%D9%84%D8%A3%D8%AC%D9%87%D8%B2%D8%A9-%D8%A7%D9%84%D9%84%D8%A7%D8%B3%D9%84%D9%83%D9%8A%D8%A9-%D8%A7%D9%84%D8%AA%D9%8A-%D8%AC%D8%B1%D9%89-%D8%AA%D9%81%D8%AC%D9%8A%D8%B1%D9%87%D8%A7-%D9%81%D9%8A-%D9%85%D9%86%D8%A7%D8%B7%D9%82-%D8%A8%D9%84%D8%A8%D9%86%D8%A7%D9%86-%D9%85%D9%86-%D9%86%D9%88%D8%B9-%D8%A2%D9%8A%D9%83%D9%88,included,
https://www.aljadeed.tv/news/%D8%B9%D8%B1%D8%A8%D9%8A%D8%A7%D8%AA/502806/%D8%A7%D9%84%D9%85%D8%B1%D8%B5%D8%AF-%D8%A7%D9%84%D8%A3%D9%88%D8%B1%D9%88%D9%85%D8%AA%D9%88%D8%B3%D8%B7%D9%8A-%D9%84%D8%AD%D9%82%D9%88%D9%82-%D8%A7%D9%84%D8%A5%D9%86%D8%B3%D8%A7%D9%86-%D8%AA%D9%81%D8%AC%D9%8A%D8%B1-%D8%A5%D8%B3%D8%B1%D8%A7%D8%A6%D9%8A%D9%84-%D8%A3%D8%AC%D9%87%D8%B2%D8%A9-%D8%A7%D9%84%D8%A8%D9%8A%D8%AC%D8%B1-%D9%88%D8%A3%D8%AC%D9%87%D8%B2%D8%A9-%D9%84%D8%A7,included,
https://www.aljadeed.tv/news/%D8%B9%D8%B1%D8%A8%D9%8A%D8%A7%D8%AA/502928/%D8%A7%D9%84%D8%AD%D9%83%D9%88%D9%85%D8%A9-%D8%A7%D9%84%D9%85%D8%AC%D8%B1%D9%8A%D8%A9-%D8%A7%D9%84%D8%B4%D8%B1%D9%83%D8%A9-%D8%A7%D9%84%D9%85%D8%B9%D9%86%D9%8A%D8%A9-%D8%A8%D9%82%D8%B6%D9%8A%D8%A9-%D8%A7%D9%84%D8%A8%D9%8A%D8%AC%D8%B1-%D9%88%D8%B3%D9%8A%D8%B7-%D8%AA%D8%AC%D8%A7%D8%B1%D9%8A-%D9%88%D9%84%D9%8A%D8%B3-%D9%84%D9%87%D8%A7-%D9%85%D9%88%D9%82%D8%B9-%D8%AA,included,
https://www.aljadeed.tv/news/%D8%B9%D8%B1%D8%A8%D9%8A%D8%A7%D8%AA/503008/%D9%88%D8%B2%D9%8A%D8%B1-%D8%A7%D9%84%D8%A7%D9%82%D8%AA%D8%B5%D8%A7%D8%AF-%D8%A7%D9%84%D8%AA%D8%A7%D9%8A%D9%88%D8%A7%D9%86%D9%8A-%D9%85%D9%83%D9%88%D9%86%D8%A7%D8%AA-%D8%A3%D8%AC%D9%87%D8%B2%D8%A9-%D8%A7%D9%84%D8%A8%D9%8A%D8%AC%D8%B1-%D8%A7%D9%84%D9%85%D9%86%D9%81%D8%AC%D8%B1%D8%A9-%D9%81%D9%8A-%D9%84%D8%A8%D9%86%D8%A7%D9%86-%D9%84%D9%85-%D8%AA%D8%B5%D9%86%D8%B9,included,
https://www.aljadeed.tv/news/%D8%B9%D8%B1%D8%A8%D9%8A%D8%A7%D8%AA/503045/%D8%A7%D9%84%D8%A8%D9%8A%D8%AC%D8%B1-%D9%81%D8%AE%D8%AE%D8%AA%D9%87%D8%A7-%D8%A5%D8%B3%D8%B1%D8%A7%D8%A6%D9%8A%D9%84-%D9%88%D8%AA%D8%A7%D9%8A%D9%88%D8%A7%D9%86-%D8%AA%D8%AD%D9%82%D9%82-%D9%85%D8%B9-%D8%B4%D8%B1%D9%83%D8%AA%D9%8A%D9%86,included,
https://www.aljadeed.tv/news/%D8%B9%D8%B1%D8%A8%D9%8A%D8%A7%D8%AA/503070/%D9%85%D8%B5%D8%AF%D8%B1-%D9%84%D8%A8%D9%86%D8%A7%D9%86%D9%8A-%D9%84%D8%B1%D9%88%D9%8A%D8%AA%D8%B1%D8%B2-%D8%A8%D8%B7%D8%A7%D8%B1%D9%8A%D8%A7%D8%AA-%D8%A3%D8%AC%D9%87%D8%B2%D8%A9-%D9%88%D9%88%D9%83%D9%8A-%D8%AA%D9%88%D9%83%D9%8A-%D8%A7%D9%84%D9%85%D9%86%D9%81%D8%AC%D8%B1%D8%A9-%D9%83%D8%A7%D9%86%D8%AA-%D9%85%D9%84%D9%88%D8%AB%D8%A9-%D8%A8%D9%85%D8%A7%D8%AF%D8%A9,included,
https://www.aljadeed.tv/news/%D8%B9%D8%B1%D8%A8%D9%8A%D8%A7%D8%AA/503220/%D8%A8%D9%88-%D8%AD%D8%A8%D9%8A%D8%A8-%D8%AA%D9%81%D8%AC%D9%8A%D8%B1-%D8%A2%D9%84%D8%A7%D9%81-%D8%A3%D8%AC%D9%87%D8%B2%D8%A9-%D8%A7%D9%84%D8%A7%D8%AA%D8%B5%D8%A7%D9%84-%D8%A8%D9%88%D9%82%D8%AA-%D9%88%D8%A7%D8%AD%D8%AF-%D8%A3%D8%B3%D9%84%D9%88%D8%A8-%D9%82%D8%AA%D8%A7%D9%84%D9%8A-%D8%BA%D9%8A%D8%B1-%D9%85%D8%B3%D8%A8%D9%88%D9%82,included,
https://www.aljadeed.tv/news/%D8%B9%D8%B1%D8%A8%D9%8A%D8%A7%D8%AA/503337/%D8%B9%D9%84%D9%89-%D8%AE%D9%84%D9%81%D9%8A%D8%A9-%D8%AA%D9%81%D8%AC%D9%8A%D8%B1%D8%A7%D8%AA-%D8%A7%D9%84%D8%A8%D9%8A%D8%AC%D8%B1-%D8%A7%D9%84%D8%AD%D9%83%D9%88%D9%85%D8%A9-%D8%A7%D9%84%D9%85%D8%AC%D8%B1%D9%8A%D8%A9-%D8%AA%D8%AC%D8%B1%D9%8A-%D8%A7%D8%B3%D8%AA%D8%AC%D9%88%D8%A7%D8%A8%D8%A7%D9%8B,included,
https://www.aljadeed.tv/news/%D8%B9%D8%B1%D8%A8%D9%8A%D8%A7%D8%AA/503349/%D8%A5%D8%B3%D8%AA%D8%AE%D8%A8%D8%A7%D8%B1%D8%A7%D8%AA-%D9%87%D9%86%D8%BA%D8%A7%D8%B1%D9%8A%D8%A7-%D8%AA%D8%B3%D8%AA%D8%AC%D9%88%D8%A8-%D8%AD%D8%B3%D9%86%D8%A7%D8%A1-%D8%A7%D9%84%D8%A8%D9%8A%D8%AC%D8%B1,included,
https://www.aljadeed.tv/news/%D8%B9%D8%B1%D8%A8%D9%8A%D8%A7%D8%AA/503494/%D9%87%D8%AC%D9%85%D8%A7%D8%AA-%D8%A7%D9%84%D8%A8%D9%8A%D8%AC%D8%B1-%D9%87%D8%B1%D8%AA%D8%B3%D9%88%D8%BA-%D9%8A%D9%86%D9%81%D9%8A-%D8%AA%D9%88%D8%B1%D9%91%D8%B7-%D8%A5%D8%B3%D8%B1%D8%A7%D8%A6%D9%8A%D9%84,included,
https://www.aljadeed.tv/news/%D8%B9%D8%B1%D8%A8%D9%8A%D8%A7%D8%AA/504121/%D8%A7%D9%85%D9%8A%D8%B1-%D9%82%D8%B7%D8%B1-%D8%AA%D9%81%D8%AC%D9%8A%D8%B1-%D9%88%D8%B3%D8%A7%D8%A6%D9%84-%D8%A7%D9%84%D8%A7%D8%AA%D8%B5%D8%A7%D9%84%D8%A7%D8%AA-%D8%A7%D9%84%D9%84%D8%A7%D8%B3%D9%84%D9%83%D9%8A%D8%A9-%D9%81%D9%8A-%D9%84%D8%A8%D9%86%D8%A7%D9%86-%D8%AC%D8%B1%D9%8A%D9%85%D8%A9-%D9%83%D8%A8%D8%B1%D9%89,included,
https://www.aljadeed.tv/news/%D8%B9%D8%B1%D8%A8%D9%8A%D8%A7%D8%AA/504613/%D8%A3%D9%81%D8%A8-%D8%A7%D9%84%D9%86%D8%B1%D9%88%D8%AC-%D8%AA%D8%B5%D8%AF%D8%B1-%D9%85%D8%B0%D9%83%D8%B1%D8%A9-%D8%A8%D8%AD%D8%AB-%D8%AF%D9%88%D9%84%D9%8A%D8%A9-%D8%B9%D9%86-%D8%B1%D8%AC%D9%84-%D9%85%D8%B1%D8%AA%D8%A8%D8%B7-%D8%A8%D8%AA%D9%81%D8%AC%D9%8A%D8%B1%D8%A7%D8%AA-%D8%A3%D8%AC%D9%87%D8%B2%D8%A9-%D8%A7%D9%84%D8%A7%D8%AA%D8%B5%D8%A7%D9%84%D8%A7%D8%AA,included,
https://www.aljadeed.tv/news/%D8%B9%D8%B1%D8%A8%D9%8A%D8%A7%D8%AA/507113/%D9%88%D8%A7%D8%B4%D9%86%D8%B7%D9%86-%D8%A8%D9%88%D8%B3%D8%AA-%D8%B9%D9%86-%D9%85%D8%B3%D8%A4%D9%88%D9%84%D9%8A%D9%86-%D8%A5%D8%B3%D8%B1%D8%A7%D8%A6%D9%8A%D9%84%D9%8A%D9%8A%D9%86-%D8%A3%D8%AC%D9%87%D8%B2%D8%A9-%D8%A7%D9%84%D9%86%D8%AF%D8%A7%D8%A1-%D8%A7%D9%84%D8%AA%D8%A7%D8%A8%D8%B9%D8%A9-%D9%84%D8%AD%D8%B2%D8%A8-%D8%A7%D9%84%D9%84%D9%87-%D8%B5%D9%86%D8%B9%D8%AA,included,
https://www.aljadeed.tv/news/%D8%B9%D8%B1%D8%A8%D9%8A%D8%A7%D8%AA/507116/%D9%88%D8%A7%D8%B4%D9%86%D8%B7%D9%86-%D8%A8%D9%88%D8%B3%D8%AA-%D8%B9%D9%86-%D9%85%D8%B3%D8%A4%D9%88%D9%84%D9%8A%D9%86-%D8%A5%D8%B3%D8%B1%D8%A7%D8%A6%D9%8A%D9%84%D9%8A%D9%8A%D9%86-%D8%A7%D9%84%D9%85%D9%88%D8%B3%D8%A7%D8%AF-%D8%A8%D8%AF%D8%A3-%D8%A5%D8%AF%D8%AE%D8%A7%D9%84-%D8%A3%D8%AC%D9%87%D8%B2%D8%A9-%D8%A7%D9%84%D9%84%D8%A7%D8%B3%D9%84%D9%83%D9%8A-%D8%A7%D9%84%D9%85,included,
https://www.aljadeed.tv/news/%D8%B9%D8%B1%D8%A8%D9%8A%D8%A7%D8%AA/507118/%D9%88%D8%A7%D8%B4%D9%86%D8%B7%D9%86-%D8%A8%D9%88%D8%B3%D8%AA-%D8%A7%D9%84%D8%A5%D8%B3%D8%B1%D8%A7%D8%A6%D9%8A%D9%84%D9%8A%D9%88%D9%86-%D8%AA%D9%86%D8%B5%D8%AA%D9%88%D8%A7-%D8%B9%D9%84%D9%89-%D8%A7%D8%AA%D8%B5%D8%A7%D9%84%D8%A7%D8%AA-%D8%AD%D8%B2%D8%A8-%D8%A7%D9%84%D9%84%D9%87-%D8%B9%D8%A8%D8%B1-%D8%A7%D9%84%D9%84%D8%A7%D8%B3%D9%84%D9%83%D9%8A-9-%D8%B3%D9%86,included,
https://www.aljadeed.tv/news/%D8%B9%D8%B1%D8%A8%D9%8A%D8%A7%D8%AA/507119/%D9%88%D8%A7%D8%B4%D9%86%D8%B7%D9%86-%D8%A8%D9%88%D8%B3%D8%AA-%D9%82%D8%B1%D8%A7%D8%A1%D8%A9-%D8%A7%D9%84%D8%B1%D8%B3%D8%A7%D8%A6%D9%84-%D9%81%D9%8A-%D8%A3%D8%AC%D9%87%D8%B2%D8%A9-%D8%A7%D9%84%D9%86%D8%AF%D8%A7%D8%A1-%D9%83%D8%A7%D9%86%D8%AA-%D8%AA%D8%AA%D8%B7%D9%84%D8%A8-%D8%A7%D9%84%D8%B6%D8%BA%D8%B7-%D8%B9%D9%84%D9%89-%D8%B2%D8%B1%D9%8A%D9%86-%D9%85%D8%A7,included,
https://www.aljadeed.tv/news/%D9%85%D8%AD%D9%84%D9%8A%D8%A7%D8%AA/502509/%D9%85%D8%A7-%D9%87%D9%88-%D8%AC%D9%87%D8%A7%D8%B2-%D8%A7%D9%84%D8%A8%D9%8A%D8%AC%D8%B1-%D8%A7%D9%84%D8%B0%D9%8A-%D8%A7%D9%86%D9%81%D8%AC%D8%B1-%D8%A8%D8%B9%D9%86%D8%A7%D8%B5%D8%B1-%D8%AD%D8%B2%D8%A8-%D8%A7%D9%84%D9%84%D9%87%D8%9F,included,
https://www.aljadeed.tv/news/%D9%85%D8%AD%D9%84%D9%8A%D8%A7%D8%AA/502514/%D9%85%D8%B3%D8%A4%D9%88%D9%84-%D9%85%D9%86-%D8%AD%D8%B2%D8%A8-%D8%A7%D9%84%D9%84%D9%87-%D9%84%D8%B1%D9%88%D9%8A%D8%AA%D8%B1%D8%B2-%D8%AA%D9%81%D8%AC%D9%8A%D8%B1-%D8%A3%D8%AC%D9%87%D8%B2%D8%A9-%D8%A7%D9%84%D8%A7%D8%AA%D8%B5%D8%A7%D9%84-%D9%8A%D8%B4%D9%83%D9%84-%D8%A3%D9%83%D8%A8%D8%B1-%D8%A7%D8%AE%D8%AA%D8%B1%D8%A7%D9%82-%D8%A3%D9%85%D9%86%D9%8A-%D8%AD%D8%AA,included,
https://www.aljadeed.tv/news/%D9%85%D8%AD%D9%84%D9%8A%D8%A7%D8%AA/502593/%D8%A8%D8%B9%D8%AF-%D8%A7%D9%84%D8%AD%D8%AF%D9%8A%D8%AB-%D8%B9%D9%86-%D8%B3%D8%AD%D8%A8-%D8%A3%D8%AC%D9%87%D8%B2%D8%A9-%D8%A8%D9%8A%D8%AC%D8%B1%D8%B2-%D9%85%D9%86-%D9%85%D9%88%D8%B8%D9%81%D9%8A%D9%87%D8%A7-%D8%A7%D9%84%D8%AC%D8%A7%D9%85%D8%B9%D8%A9-%D8%A7%D9%84%D8%A3%D9%85%D9%8A%D8%B1%D9%83%D9%8A%D8%A9-%D8%AA%D9%88%D8%B6%D8%AD,included,
https://www.aljadeed.tv/news/%D9%85%D8%AD%D9%84%D9%8A%D8%A7%D8%AA/502666/%D8%A5%D8%B9%D9%84%D8%A7%D9%85-%D8%B9%D9%86%D8%A7%D8%B5%D8%B1-%D8%A7%D9%83%D8%AA%D8%B4%D9%81%D8%AA-%D8%AE%D8%B1%D9%82-%D8%A7%D9%84%D8%A8%D9%8A%D8%AC%D8%B1-%D9%88%D8%A5%D8%B3%D8%B1%D8%A7%D8%A6%D9%8A%D9%84-%D9%81%D8%AC%D8%B1%D8%AA%D9%87%D8%A7-%D8%A7%D8%B3%D8%AA%D8%A8%D8%A7%D9%82%D9%8A%D8%A7%D9%8B,included,
https://www.aljadeed.tv/news/%D9%85%D8%AD%D9%84%D9%8A%D8%A7%D8%AA/502668/%D8%A7%D8%AA%D8%B5%D8%A7%D9%84-%D8%A8%D9%8A%D9%86-%D9%88%D8%B2%D9%8A%D8%B1-%D8%A7%D9%84%D8%AE%D8%A7%D8%B1%D8%AC%D9%8A%D8%A9-%D8%A7%D9%84%D8%AA%D8%B1%D9%83%D9%8A-%D9%88%D9%85%D9%8A%D9%82%D8%A7%D8%AA%D9%8A-%D9%88%D8%A3%D8%AC%D9%87%D8%B2%D8%A9-%D8%A7%D9%84%D8%A8%D9%8A%D8%AC%D8%B1-%D8%AD%D8%A7%D8%B6%D8%B1%D8%A9,included,
https://www.aljadeed.tv/news/%D9%85%D8%AD%D9%84%D9%8A%D8%A7%D8%AA/502697/%D9%88%D8%B2%D9%8A%D8%B1-%D8%A7%D9%84%D8%B5%D8%AD%D8%A9-%D9%81%D8%B1%D8%A7%D8%B3-%D8%A7%D9%84%D8%A3%D8%A8%D9%8A%D8%B6-%D9%86%D8%AD%D9%88-300-%D8%AD%D8%A7%D9%84%D8%A9-%D8%AD%D8%B1%D8%AC%D8%A9-%D8%A8%D8%AA%D9%81%D8%AC%D9%8A%D8%B1-%D8%A3%D8%AC%D9%87%D8%B2%D8%A9-%D8%A7%D9%84%D8%A7%D8%AA%D8%B5%D8%A7%D9%84,included,exact_body_duplicate
https://www.aljadeed.tv/news/%D9%85%D8%AD%D9%84%D9%8A%D8%A7%D8%AA/502698/%D8%A8%D8%A7%D9%84%D9%81%D9%8A%D8%AF%D9%8A%D9%88-%D8%A7%D9%84%D9%86%D8%A7%D8%A6%D8%A8-%D8%AD%D9%8A%D8%AF%D8%B1-%D9%86%D8%A7%D8%B5%D8%B1-%D9%8A%D9%83%D8%B4%D9%81-%D8%B7%D8%A8%D9%8A%D8%B9%D8%A9-%D8%A7%D9%84%D8%A7%D8%B5%D8%A7%D8%A8%D8%A7%D8%AA-%D8%AC%D8%B1%D8%A7%D8%A1-%D9%87%D8%AC%D9%88%D9%85-%D8%A7%D9%84%D8%A8%D9%8A%D8%AC%D8%B1,included,
https://www.aljadeed.tv/news/%D9%85%D8%AD%D9%84%D9%8A%D8%A7%D8%AA/502719/%D8%A8%D9%88%D8%AD%D8%A8%D9%8A%D8%A8-%D8%B9%D9%86-%D9%87%D8%AC%D9%88%D9%85-%D8%A7%D9%84%D8%A8%D9%8A%D8%AC%D8%B1-%D8%A5%D8%B9%D8%AA%D8%AF%D8%A7%D8%A1-%D8%B5%D8%A7%D8%B1%D8%AE-%D8%B9%D9%84%D9%89-%D8%B3%D9%8A%D8%A7%D8%AF%D8%A9-%D9%84%D8%A8%D9%86%D8%A7%D9%86-%D9%88%D8%A3%D9%85%D9%86%D9%87,included,
https://www.aljadeed.tv/news/%D9%85%D8%AD%D9%84%D9%8A%D8%A7%D8%AA/502742/%D9%85%D8%B9%D9%84%D9%88%D9%85%D8%A7%D8%AA-%D8%B9%D9%86-%D8%A7%D9%86-%D8%A7%D9%84%D8%A7%D9%86%D9%81%D8%AC%D8%A7%D8%B1%D8%A7%D8%AA-%D8%A7%D9%84%D8%AC%D8%AF%D9%8A%D8%AF%D8%A9-%D8%AA%D8%B6%D8%B1%D8%A8-%D8%A3%D8%AC%D9%87%D8%B2%D8%A9-%D9%84%D8%A7%D8%B3%D9%84%D9%83%D9%8A%D8%A9,included,exact_body_duplicate
https://www.aljadeed.tv/news/%D9%85%D8%AD%D9%84%D9%8A%D8%A7%D8%AA/502745/%D9%88%D9%82%D9%88%D8%B9-%D8%A5%D8%B5%D8%A7%D8%A8%D8%A7%D8%AA-%D8%A8%D8%A7%D9%86%D9%81%D8%AC%D8%A7%D8%B1%D8%A7%D8%AA-%D8%AC%D8%AF%D9%8A%D8%AF%D8%A9-%D8%B6%D8%B1%D8%A8%D8%AA-%D8%A7%D9%84%D8%A3%D8%AC%D9%87%D8%B2%D8%A9-%D8%A7%D9%84%D9%84%D8%A7%D8%B3%D9%84%D9%83%D9%8A%D8%A9-%D9%81%D9%8A-%D8%B9%D8%AF%D8%AF-%D9%85%D9%86-%D8%A7%D9%84%D9%85%D9%86%D8%A7%D8%B7%D9%82-%D8%A7,included,exact_body_duplicate
https://www.aljadeed.tv/news/%D9%85%D8%AD%D9%84%D9%8A%D8%A7%D8%AA/502746/%D8%A8%D8%A7%D9%84%D9%81%D9%8A%D8%AF%D9%8A%D9%88-%D9%84%D8%AD%D8%B8%D8%A9-%D8%A7%D9%86%D9%81%D8%AC%D8%A7%D8%B1-%D8%AC%D9%87%D8%A7%D8%B2-%D9%84%D8%A7%D8%B3%D9%84%D9%83%D9%8A-%D8%A3%D8%AB%D9%86%D8%A7%D8%A1-%D8%AA%D8%B4%D9%8A%D9%8A%D8%B9-%D9%81%D9%8A-%D8%A7%D9%84%D8%B6%D8%A7%D8%AD%D9%8A%D8%A9-%D8%A7%D9%84%D8%AC%D9%86%D9%88%D8%A8%D9%8A%D8%A9,included,
https://www.aljadeed.tv/news/%D9%85%D8%AD%D9%84%D9%8A%D8%A7%D8%AA/502756/%D8%B3%D9%82%D9%88%D8%B7-3-%D8%B4%D9%87%D8%AF%D8%A7%D8%A1-%D9%81%D9%8A-%D8%A8%D9%84%D8%AF%D8%A9-%D8%B3%D8%AD%D9%85%D8%B1-%D9%86%D8%AA%D9%8A%D8%AC%D8%A9-%D8%A7%D9%86%D9%81%D8%AC%D8%A7%D8%B1-%D8%A7%D9%84%D8%A3%D8%AC%D9%87%D8%B2%D8%A9-%D8%A7%D9%84%D9%84%D8%A7%D8%B3%D9%84%D9%83%D9%8A%D8%A9,included,exact_body_duplicate
https://www.aljadeed.tv/news/%D9%85%D8%AD%D9%84%D9%8A%D8%A7%D8%AA/502761/%D8%A8%D8%A7%D9%84%D9%81%D9%8A%D8%AF%D9%8A%D9%88-%D8%A7%D9%86%D9%81%D8%AC%D9%80%D8%A7%D8%B1%D8%A7%D8%AA-%D8%AC%D8%AF%D9%8A%D8%AF%D8%A9-%D8%AA%D8%B6%D8%B1%D8%A8-%D8%A7%D9%84%D8%A7%D8%AC%D9%87%D8%B2%D8%A9-%D8%A7%D9%84%D9%84%D8%A7%D8%B3%D9%84%D9%83%D9%8A%D8%A9-%D9%81%D9%8A-%D9%85%D9%86%D8%A7%D8%B7%D9%82-%D9%84%D8%A8%D9%86%D8%A7%D9%86%D9%8A%D8%A9-%D8%B9%D8%AF%D8%A9,included,
https://www.aljadeed.tv/news/%D9%85%D8%AD%D9%84%D9%8A%D8%A7%D8%AA/502763/%D8%A3%D8%AC%D9%87%D8%B2%D8%A9-%D9%84%D8%A7%D8%B3%D9%84%D9%83%D9%8A%D8%A9-%D9%85%D9%86-%D9%86%D9%88%D8%B9-icom-%D8%A7%D9%86%D9%81%D8%AC%D8%B1%D8%AA-%D9%81%D9%8A-%D8%A3%D9%8A%D8%A7%D8%AF%D9%8A-%D8%AD%D8%A7%D9%85%D9%84%D9%8A%D9%87%D8%A7-%D9%88%D8%AF%D8%A7%D8%AE%D9%84-%D8%A7%D9%84%D9%85%D9%86%D8%A7%D8%B2%D9%84-%D9%85%D9%85%D8%A7-%D8%AA%D8%B3,included,exact_body_duplicate
https://www.aljadeed.tv/news/%D9%85%D8%AD%D9%84%D9%8A%D8%A7%D8%AA/502764/%D8%B3%D9%8A-%D8%A5%D9%86-%D8%A5%D9%86-%D8%B9%D9%86-%D9%85%D8%B5%D8%AF%D8%B1-%D8%A3%D9%85%D9%86%D9%8A-%D9%84%D8%A8%D9%86%D8%A7%D9%86%D9%8A-%D8%A7%D9%84%D8%A3%D8%AC%D9%87%D8%B2%D8%A9-%D8%A7%D9%84%D9%84%D8%A7%D8%B3%D9%84%D9%83%D9%8A%D8%A9-%D8%A3%D9%82%D9%84-%D8%A7%D8%B3%D8%AA%D8%AE%D8%AF%D8%A7%D9%85%D8%A7-%D9%85%D9%86-%D8%A3%D8%AC%D9%87%D8%B2%D8%A9-%D8%A7,included,exact_body_duplicate
https://www.aljadeed.tv/news/%D9%85%D8%AD%D9%84%D9%8A%D8%A7%D8%AA/502778/%D9%85%D8%B1%D8%A7%D8%B3%D9%84%D8%A9-%D8%A7%D9%84%D8%AC%D8%AF%D9%8A%D8%AF-%D8%AC%D9%87%D8%A7%D8%B2-%D9%84%D8%A7%D8%B3%D9%84%D9%83%D9%8A-%D8%A7%D9%86%D9%81%D8%AC%D8%B1-%D9%85%D9%86%D8%B0-%D8%A8%D8%B9%D8%B6-%D8%A7%D9%84%D9%88%D9%82%D8%AA-%D8%AF%D8%A7%D8%AE%D9%84-%D8%B3%D9%8A%D8%A7%D8%B1%D8%A9-%D9%83%D8%A7%D9%86%D8%AA-%D9%85%D8%B1%D9%83%D9%88%D9%86%D8%A9-%D9%81,included,exact_body_duplicate
https://www.aljadeed.tv/news/%D9%85%D8%AD%D9%84%D9%8A%D8%A7%D8%AA/502785/%D9%85%D8%B1%D8%A7%D8%B3%D9%84%D8%A9-%D8%A7%D9%84%D8%AC%D8%AF%D9%8A%D8%AF-%D8%A7%D9%84%D8%AC%D9%8A%D8%B4-%D8%A7%D9%84%D9%84%D8%A8%D9%86%D8%A7%D9%86%D9%8A-%D9%8A%D9%82%D9%88%D9%85-%D8%A8%D8%AA%D9%81%D8%AC%D9%8A%D8%B1-%D8%AC%D9%87%D8%A7%D8%B2-%D9%84%D8%A7%D8%B3%D9%84%D9%83%D9%8A-%D8%B9%D8%AB%D8%B1-%D8%B9%D9%84%D9%8A%D9%87-%D9%81%D9%8A-%D9%85%D9%88%D9%82%D9%81,included,exact_body_duplicate
https://www.aljadeed.tv/news/%D9%85%D8%AD%D9%84%D9%8A%D8%A7%D8%AA/502807/%D9%88%D8%B2%D8%A7%D8%B1%D8%A9-%D8%A7%D9%84%D8%A7%D8%AA%D8%B5%D8%A7%D9%84%D8%A7%D8%AA-%D8%A3%D8%AC%D9%87%D8%B2%D8%A9-icom-v82-%D9%84%D9%85-%D9%8A%D8%AA%D9%85-%D8%AA%D8%B1%D8%AE%D9%8A%D8%B5%D9%87%D8%A7-%D9%85%D9%86-%D8%A7%D9%84%D9%88%D8%B2%D8%A7%D8%B1%D8%A9-%D8%B9%D9%84%D9%85%D8%A7-%D8%A3%D9%86-%D8%A7%D9%84%D8%AA%D8%B1%D8%AE,included,exact_body_duplicate
https://www.aljadeed.tv/news/%D9%85%D8%AD%D9%84%D9%8A%D8%A7%D8%AA/502815/%D8%AA%D9%81%D8%AC%D9%8A%D8%B1-%D8%AC%D9%87%D8%A7%D8%B2-%D9%84%D8%A7%D8%B3%D9%84%D9%83%D9%8A-%D9%81%D9%8A-%D9%83%D9%84%D9%8A%D9%85%D9%86%D8%B5%D9%88-%D9%85%D8%B1%D8%A7%D8%B3%D9%84%D8%A9-%D8%A7%D9%84%D8%AC%D8%AF%D9%8A%D8%AF-%D8%AA%D9%86%D9%82%D9%84-%D8%A7%D9%84%D8%AA%D9%81%D8%A7%D8%B5%D9%8A%D9%84,included,
https://www.aljadeed.tv/news/%D9%85%D8%AD%D9%84%D9%8A%D8%A7%D8%AA/502851/%D8%A7%D9%84%D9%85%D8%AF%D9%8A%D8%B1%D9%8A%D8%A9-%D8%A7%D9%84%D8%B9%D8%A7%D9%85%D8%A9-%D9%84%D9%84%D8%B7%D9%8A%D8%B1%D8%A7%D9%86-%D8%A7%D9%84%D9%85%D8%AF%D9%86%D9%8A-%D8%A8%D9%8F%D9%85%D9%86%D8%B9-%D9%86%D9%82%D9%84-%D8%A3%D9%8A-%D8%AC%D9%87%D8%A7%D8%B2-pager-%D8%A3%D9%88-walkie-talki,included,
https://www.aljadeed.tv/news/%D9%85%D8%AD%D9%84%D9%8A%D8%A7%D8%AA/502868/%D8%A7%D9%84%D8%AC%D9%8A%D8%B4-%D8%A7%D9%84%D9%84%D8%A8%D9%86%D8%A7%D9%86%D9%8A-%D8%AA%D9%82%D9%88%D9%85-%D9%88%D8%AD%D8%AF%D8%A7%D8%AA-%D9%85%D8%AE%D8%AA%D8%B5%D8%A9-%D9%85%D9%86-%D8%A7%D9%84%D8%AC%D9%8A%D8%B4-%D8%A8%D8%AA%D9%81%D8%AC%D9%8A%D8%B1-%D8%A3%D8%AC%D9%87%D8%B2%D8%A9-%D8%A5%D8%B3%D8%AA%D8%AF%D8%B9%D8%A7%D8%A1-pager-%D9%88%D8%A3,included,exact_body_duplicate
https://www.aljadeed.tv/news/%D9%85%D8%AD%D9%84%D9%8A%D8%A7%D8%AA/502873/%D9%88%D8%AD%D8%AF%D8%A7%D8%AA-%D9%85%D8%AE%D8%AA%D8%B5%D8%A9-%D8%AA%D9%82%D9%88%D9%85-%D8%A8%D8%AA%D9%81%D8%AC%D9%8A%D8%B1-%D8%A3%D8%AC%D9%87%D8%B2%D8%A9-%D8%A7%D9%84%D8%A8%D9%8A%D8%AC%D8%B1-%D9%88%D8%A3%D8%AC%D9%87%D8%B2%D8%A9-%D8%A7%D8%AA%D8%B5%D8%A7%D9%84-%D9%85%D8%B4%D8%A8%D9%88%D9%87%D8%A9-%D8%A7%D9%84%D8%AC%D9%8A%D8%B4-%D9%84%D9%84%D8%AA%D8%A8%D9%84%D9%8A%D8%BA,included,
https://www.aljadeed.tv/news/%D9%85%D8%AD%D9%84%D9%8A%D8%A7%D8%AA/502897/%D9%88%D8%B2%D9%8A%D8%B1-%D8%A7%D9%84%D8%B5%D8%AD%D8%A9-%D9%81%D8%B1%D8%A7%D8%B3-%D8%A7%D9%84%D8%A3%D8%A8%D9%8A%D8%B6-%D8%AD%D8%AC%D9%85-%D8%A7%D9%84%D8%A3%D8%AC%D9%87%D8%B2%D8%A9-%D8%A7%D9%84%D9%84%D8%A7%D8%B3%D9%84%D9%83%D9%8A%D8%A9-%D8%A7%D9%84%D8%B0%D9%8A-%D8%A7%D9%86%D9%81%D8%AC%D8%B1-%D8%A3%D9%85%D8%B3-%D9%83%D8%A7%D9%86-%D8%A3%D9%83%D8%A8%D8%B1-%D9%84,included,exact_body_duplicate
https://www.aljadeed.tv/news/%D9%85%D8%AD%D9%84%D9%8A%D8%A7%D8%AA/502927/%D8%A8%D8%A7%D9%84%D9%81%D9%8A%D8%AF%D9%8A%D9%88-%D9%84%D8%AD%D8%B8%D8%A9-%D8%AA%D9%81%D8%AC%D9%8A%D8%B1-%D8%AC%D9%87%D8%A7%D8%B2-%D9%84%D8%A7%D8%B3%D9%84%D9%83%D9%8A-%D9%85%D9%81%D8%AE%D8%AE-%D9%82%D8%B1%D8%A8-%D8%A7%D9%84%D8%AC%D8%A7%D9%85%D8%B9%D8%A9-%D8%A7%D9%84%D8%A7%D9%85%D9%8A%D8%B1%D9%83%D9%8A%D8%A9,included,
https://www.aljadeed.tv/news/%D9%85%D8%AD%D9%84%D9%8A%D8%A7%D8%AA/502941/%D9%86%D8%B5%D8%B1-%D8%A7%D9%84%D9%84%D9%87-%D8%A7%D9%84%D8%B9%D8%AF%D9%88-%D8%AA%D8%AC%D8%A7%D9%88%D8%B2-%D9%81%D9%8A-%D8%AA%D9%81%D8%AC%D9%8A%D8%B1-%D8%A7%D8%AC%D9%87%D8%B2%D8%A9-%D8%A7%D9%84%D8%A8%D9%8A%D8%AC%D8%B1-%D9%83%D9%84-%D8%A7%D9%84%D8%B6%D9%88%D8%A7%D8%A8%D8%B7-%D9%88%D8%A7%D9%84%D9%82%D9%88%D8%A7%D9%86%D9%8A%D9%86,included,exact_body_duplicate
https://www.aljadeed.tv/news/%D9%85%D8%AD%D9%84%D9%8A%D8%A7%D8%AA/502942/%D9%86%D8%B5%D8%B1-%D8%A7%D9%84%D9%84%D9%87-%D8%A7%D9%84%D8%B9%D8%AF%D9%88-%D8%B9%D9%86%D8%AF%D9%85%D8%A7-%D9%81%D8%AC%D8%B1-%D8%A7%D8%AC%D9%87%D8%B2%D8%A9-%D8%A7%D9%84%D8%A8%D9%8A%D8%AC%D8%B1-%D9%83%D8%A7%D9%86-%D9%8A%D8%AA%D8%B9%D9%85%D8%AF-%D9%82%D8%AA%D9%84-4000-%D8%A7%D9%86%D8%B3%D8%A7%D9%86-%D9%81%D9%8A-%D8%AF%D9%82%D9%8A%D9%82,included,exact_body_duplicate
https://www.aljadeed.tv/news/%D9%85%D8%AD%D9%84%D9%8A%D8%A7%D8%AA/502952/%D8%A8%D8%A7%D9%84%D8%B5%D9%88%D8%B1-%D8%A3%D8%AD%D8%AF-%D8%AC%D8%B1%D8%AD%D9%89-%D8%AA%D9%81%D8%AC%D9%8A%D8%B1%D8%A7%D8%AA-%D8%A7%D9%84%D8%A8%D9%8A%D8%AC%D8%B1-%D9%8A%D8%AA%D8%A7%D8%A8%D8%B9-%D9%83%D9%84%D9%85%D8%A9-%D8%A7%D9%85%D9%8A%D9%86-%D8%B9%D8%A7%D9%85-%D8%A7%D9%84%D8%AD%D8%B2%D8%A8,included,
https://www.aljadeed.tv/news/%D9%85%D8%AD%D9%84%D9%8A%D8%A7%D8%AA/502973/%D9%85%D9%82%D8%AF%D9%85%D8%A9-%D9%86%D8%B4%D8%B1%D8%A9-%D8%A3%D8%AE%D8%A8%D8%A7%D8%B1-%D8%A7%D9%84%D8%AC%D8%AF%D9%8A%D8%AF,included,
https://www.aljadeed.tv/news/%D9%85%D8%AD%D9%84%D9%8A%D8%A7%D8%AA/502991/%D8%A8%D8%A7%D9%84%D8%B5%D9%88%D8%B1%D8%A9-%D9%86%D9%82%D9%84-95-%D8%AC%D8%B1%D9%8A%D8%AD%D8%A7%D9%8B-%D9%85%D9%86-%D8%A7%D9%84%D9%85%D8%B5%D8%A7%D8%A8%D9%8A%D9%86-%D8%A8%D8%AA%D9%81%D8%AC%D9%8A%D8%B1%D8%A7%D8%AA-%D8%A7%D9%84%D8%A8%D9%8A%D8%AC%D8%B1-%D8%A5%D9%84%D9%89-%D8%A5%D9%8A%D8%B1%D8%A7%D9%86,included,
https://www.aljadeed.tv/news/%D9%85%D8%AD%D9%84%D9%8A%D8%A7%D8%AA/503093/%D8%B1%D9%88%D9%8A%D8%AA%D8%B1%D8%B2-%D9%86%D9%82%D9%84%D8%A7%D9%8B-%D8%B9%D9%86-%D9%85%D8%B5%D8%AF%D8%B1%D9%8A%D9%86-%D8%A3%D9%85%D9%86%D9%8A%D9%8A%D9%86-%D8%AD%D8%B2%D8%A8-%D8%A7%D9%84%D9%84%D9%87-%D9%88%D8%B2%D8%B9-%D8%A3%D8%AC%D9%87%D8%B2%D8%A9-%D8%A7%D9%84%D8%A8%D9%8A%D8%AC%D8%B1-%D8%A8%D8%B9%D8%AF-%D9%81%D8%AD%D8%B5%D9%87%D8%A7-%D9%82%D8%A8%D9%84,included,exact_body_duplicate
https://www.aljadeed.tv/news/%D9%85%D8%AD%D9%84%D9%8A%D8%A7%D8%AA/503441/%D8%B1%D8%AF%D9%8C-%D8%A3%D9%88%D9%84%D9%8A-%D9%84%D9%84%D8%AD%D8%B2%D8%A8-%D8%B9%D9%84%D9%89-%D9%85%D8%AC%D8%B2%D8%B1%D8%A9-%D8%A7%D9%84%D8%A8%D9%8A%D8%AC%D8%B1-%D9%88%D8%A7%D9%84%D9%84%D8%A7%D8%B3%D9%84%D9%83%D9%8A-%D8%B4%D8%B1%D9%83%D8%A9-%D8%B1%D8%A7%D9%81%D8%A7%D8%A6%D9%8A%D9%84-%D8%A8%D9%85%D8%B1%D9%85%D9%89-%D8%B5%D9%88%D8%A7%D8%B1%D9%8A%D8%AE-%D9%81%D8%A7,included,
https://www.aljadeed.tv/news/%D9%85%D8%AD%D9%84%D9%8A%D8%A7%D8%AA/504571/%D8%A7%D9%84%D8%AC%D9%8A%D8%B4-%D8%A7%D9%84%D9%84%D8%A8%D9%86%D8%A7%D9%86%D9%8A-%D8%B3%D9%86%D9%81%D8%AC%D9%91%D8%B1-%D8%A3%D8%AC%D9%87%D8%B2%D8%A9-%D8%A8%D9%8A%D8%AC%D8%B1-%D9%88%D8%A3%D8%AC%D9%87%D8%B2%D8%A9-%D8%A5%D8%AA%D8%B5%D8%A7%D9%84%D8%A7%D8%AA-%D9%81%D9%8A-%D8%A7%D9%84%D8%B4%D9%88%D9%8A%D9%81%D8%A7%D8%AA-%D8%A8%D9%8A%D9%86-%D8%A7%D9%84%D8%B3%D8%A7%D8%B9%D8%A9,included,exact_body_duplicate
https://www.aljadeed.tv/news/%D9%85%D8%AD%D9%84%D9%8A%D8%A7%D8%AA/507123/%D9%88%D8%A7%D8%B4%D9%86%D8%B7%D9%86-%D8%A8%D9%88%D8%B3%D8%AA-%D8%AA%D9%83%D8%B4%D9%81-%D8%AA%D9%81%D8%A7%D8%B5%D9%8A%D9%84-%D8%B9%D9%85%D9%84%D9%8A%D8%A9-%D8%A7%D9%84%D8%A8%D9%8A%D8%AC%D8%B1-%D8%A7%D9%84%D9%85%D9%88%D8%B3%D8%A7%D8%AF-%D8%AA%D9%86%D8%B5%D8%AA-%D8%B9%D9%84%D9%89-%D8%AD%D8%B2%D8%A8-%D8%A7%D9%84%D9%84%D9%87-9-%D8%B3%D9%86%D9%88%D8%A7%D8%AA,included,
https://www.mtv.com.lb/News/%D8%A3%D8%A8%D8%B1%D8%B2_%D8%A7%D9%84%D8%A3%D8%AE%D8%A8%D8%A7%D8%B1/1486599/%D9%85%D9%86_%D9%87%D9%8A_%D8%A7%D9%84%D9%85%D8%B1%D8%A3%D8%A9_%D8%A7%D9%84%D8%BA%D8%A7%D9%85%D8%B6%D8%A9_%D8%A7%D9%84%D8%AA%D9%8A_%D8%A7%D8%B1%D8%AA%D8%A8%D8%B7_%D8%A7%D8%B3%D9%85%D9%87%D8%A7_%D8%A8%D8%AA%D9%81%D8%AC%D9%8A%D8%B1%D8%A7%D8%AA_~%D8%A7%D9%84%D8%A8%D9%8A%D8%AC%D8%B1~%D8%9F,included,date_missing
https://www.mtv.com.lb/News/%D8%A7%D9%84%D8%B9%D9%86%D8%A7%D9%88%D9%8A%D9%86/1485743/%D8%A8%D8%B9%D8%AF_%D8%A7%D9%86%D9%81%D8%AC%D8%A7%D8%B1_%D8%A7%D9%84%D8%A3%D8%AC%D9%87%D8%B2%D8%A9_%D8%A7%D9%84%D9%84%D8%A7%D8%B3%D9%84%D9%83%D9%8A%D8%A9ddotddotddot_%D9%87%D9%88%D8%A7%D8%AA%D9%81%D9%86%D8%A7_%D8%A8%D8%AE%D8%B7%D8%B1%D8%9F,included,
https://www.mtv.com.lb/News/%D8%AE%D9%80%D9%80%D8%A7%D8%B1%D8%AC%D9%80%D9%80%D9%8A%D9%80%D9%80%D8%A7%D8%AA/1484170/%D9%86%D8%AA%D9%86%D9%8A%D8%A7%D9%87%D9%88-%D9%88%D8%A7%D9%81%D9%82-%D8%B9%D9%84%D9%89--%D8%AA%D9%81%D8%AC%D9%8A%D8%B1%D8%A7%D8%AA-%D8%A7%D9%84%D8%A8%D9%8A%D8%AC%D8%B1--%D9%85%D9%86-%D8%AF%D9%88%D9%86-%D8%A5%D8%A8%D9%84%D8%A7%D8%BA-%D9%88%D8%A7%D8%B4%D9%86%D8%B7%D9%86,included,
https://www.mtv.com.lb/News/%D8%AE%D9%80%D9%80%D8%A7%D8%B1%D8%AC%D9%80%D9%80%D9%8A%D9%80%D9%80%D8%A7%D8%AA/1485684/%D8%AA%D8%A7%D9%8A%D9%88%D8%A7%D9%86-%D8%AA%D8%B9%D9%84-%D9%82-%D8%B9%D9%84%D9%89-%D8%AA%D9%81%D8%AC%D9%8A%D8%B1%D8%A7%D8%AA--%D8%A7%D9%84%D8%A8%D9%8A%D8%AC%D8%B1-,included,
https://www.mtv.com.lb/News/%D8%AE%D9%80%D9%80%D8%A7%D8%B1%D8%AC%D9%80%D9%80%D9%8A%D9%80%D9%80%D8%A7%D8%AA/1486142/-%D8%AA%D9%81%D8%AC%D9%8A%D8%B1%D8%A7%D8%AA-%D8%A7%D9%84%D8%A8%D9%8A%D8%AC%D8%B1---%D8%A7%D8%B3%D8%AA%D8%AC%D9%88%D8%A7%D8%A8-%D8%B1%D8%A6%D9%8A%D8%B3-%D8%A7%D9%84%D8%B4-%D8%B1%D9%83%D8%A9-%D9%88%D9%87%D8%B0%D8%A7-%D9%85%D8%A7-%D8%AA%D8%A8%D9%8A-%D9%86?,included,
https://www.mtv.com.lb/News/%D8%AE%D9%80%D9%80%D8%A7%D8%B1%D8%AC%D9%80%D9%80%D9%8A%D9%80%D9%80%D8%A7%D8%AA/1486145/%D8%A8%D8%B9%D8%AF-%D8%AA%D9%81%D8%AC%D9%8A%D8%B1%D9%87%D8%A7-%D9%81%D9%8A-%D9%84%D8%A8%D9%86%D8%A7%D9%86----%D8%AA%D8%A7%D9%8A%D9%88%D8%A7%D9%86-%D8%AA%D9%86%D9%81%D9%8A-%D8%B5%D9%86%D8%B9%D9%87%D8%A7--%D8%A7%D9%84%D8%A8%D9%8A%D8%AC%D8%B1%D8%B2-,included,
https://www.mtv.com.lb/News/%D8%AE%D9%80%D9%80%D8%A7%D8%B1%D8%AC%D9%80%D9%80%D9%8A%D9%80%D9%80%D8%A7%D8%AA/1486173/%D8%AA%D9%81%D8%A7%D8%B5%D9%8A%D9%84-%D8%AC%D8%AF%D9%8A%D8%AF%D8%A9-%D8%B9%D9%86-%D8%B3%D9%8A-%D8%AF%D8%A9--%D8%A7%D9%84%D8%A8%D9%8A%D8%AC%D8%B1-%D8%A7%D9%84%D9%85%D9%86%D9%81%D8%AC%D8%B1-,included,date_missing
https://www.mtv.com.lb/News/%D8%AE%D9%80%D9%80%D8%A7%D8%B1%D8%AC%D9%80%D9%80%D9%8A%D9%80%D9%80%D8%A7%D8%AA/1486179/%D8%A8%D9%84%D8%BA%D8%A7%D8%B1%D9%8A%D8%A7-%D8%AA%D8%AA%D8%A8%D8%B1-%D8%A3-%D9%85%D9%86-%D8%AA%D8%B5%D9%86%D9%8A%D8%B9-%D8%A3%D8%AC%D9%87%D8%B2%D8%A9--%D8%A7%D9%84%D8%A8%D9%8A%D8%AC%D8%B1%D8%B2-,included,date_missing
https://www.mtv.com.lb/News/%D8%AE%D9%80%D9%80%D8%A7%D8%B1%D8%AC%D9%80%D9%80%D9%8A%D9%80%D9%80%D8%A7%D8%AA/1486948/%D8%A5%D9%8A%D8%B1%D8%A7%D9%86-%D8%AA%D8%AD%D8%B8%D8%B1--%D8%A7%D9%84%D8%A8%D9%8A%D8%AC%D8%B1--%D8%B9%D9%84%D9%89-%D8%B1%D8%AD%D9%84%D8%A7%D8%AA%D9%87%D8%A7-%D8%A7%D9%84%D9%89-%D8%A8%D9%8A%D8%B1%D9%88%D8%AA,included,
https://www.mtv.com.lb/News/%D8%AE%D9%80%D9%80%D8%A7%D8%B1%D8%AC%D9%80%D9%80%D9%8A%D9%80%D9%80%D8%A7%D8%AA/1486980/%D8%A5%D8%B3%D8%B1%D8%A7%D8%A6%D9%8A%D9%84-%D8%AA%D9%86%D9%81%D9%8A-%D8%AA%D9%88%D8%B1-%D8%B7%D9%87%D8%A7-%D8%A8%D8%AA%D9%81%D8%AC%D9%8A%D8%B1--%D8%A7%D9%84%D8%A8%D9%8A%D8%AC%D8%B1--%D9%88-%D8%A7%D9%84%D9%84%D8%A7%D8%B3%D9%84%D9%83%D9%8A-,included,
https://www.mtv.com.lb/News/%D8%AE%D9%80%D9%80%D8%A7%D8%B1%D8%AC%D9%80%D9%80%D9%8A%D9%80%D9%80%D8%A7%D8%AA/1487253/%D8%A8%D8%B9%D8%AF-%D8%AA%D9%81%D8%AC%D9%8A%D8%B1%D8%A7%D8%AA-%D9%84%D8%A8%D9%86%D8%A7%D9%86----%D8%A5%D9%8A%D8%B1%D8%A7%D9%86-%D8%AA%D8%AD%D8%B8%D8%B1-%D8%A3%D8%AC%D9%87%D8%B2%D8%A9-%D8%A7%D9%84%D8%A7%D8%AA%D8%B5%D8%A7%D9%84,included,
https://www.mtv.com.lb/News/%D8%AE%D9%80%D9%80%D8%A7%D8%B1%D8%AC%D9%80%D9%80%D9%8A%D9%80%D9%80%D8%A7%D8%AA/1489584/%D8%AA%D8%A7%D9%8A%D9%88%D8%A7%D9%86----%D8%A7%D8%B3%D8%AA%D8%AC%D9%88%D8%A7%D8%A8-4-%D8%A3%D8%B4%D8%AE%D8%A7%D8%B5-%D8%AD%D9%88%D9%84-%D8%A3%D8%AC%D9%87%D8%B2%D8%A9--%D8%A7%D9%84%D8%A8%D9%8A%D8%AC%D8%B1-,included,
https://www.mtv.com.lb/News/%D8%B3%D9%80%D9%80%D9%8A%D9%80%D9%80%D8%A7%D8%B3%D9%80%D9%80%D8%A9/1482863/%D8%A8%D8%A7%D9%84%D9%81%D9%8A%D8%AF%D9%8A%D9%88ccol_%D9%84%D8%AD%D8%B8%D8%A9_%D8%A7%D9%86%D9%81%D8%AC%D8%A7%D8%B1_%D9%84%D8%A7%D8%B3%D9%84%D9%83%D9%8A_%D9%81%D9%8A_%D8%A3%D8%AD%D8%AF_%D8%A7%D9%84%D9%85%D8%AD%D8%A7%D9%84,included,
https://www.mtv.com.lb/News/%D8%B3%D9%80%D9%80%D9%8A%D9%80%D9%80%D8%A7%D8%B3%D9%80%D9%80%D8%A9/1482897/~%D8%A3%D9%83%D8%A8%D8%B1_%D8%A7%D8%AE%D8%AA%D8%B1%D8%A7%D9%82_%D8%A3%D9%85%D9%86%D9%8A%D9%91~ddotddotddot_%D8%AA%D9%81%D8%AC%D9%8A%D8%B1_%D8%A3%D8%AC%D9%87%D8%B2%D8%A9_Pager_%D8%A7%D9%84%D8%AA%D8%A7%D8%A8%D8%B9%D8%A9_%D9%84%D9%80~%D8%A7%D9%84%D8%AD%D8%B2%D8%A8,included,date_missing
https://www.mtv.com.lb/News/%D8%B3%D9%80%D9%80%D9%8A%D9%80%D9%80%D8%A7%D8%B3%D9%80%D9%80%D8%A9/1485779/%D8%AA%D9%81%D8%AC%D9%8A%D8%B1%D8%A7%D8%AA_~%D8%A7%D9%84%D8%A8%D9%8A%D8%AC%D8%B1~ddotddotddot_%D9%85%D8%B9%D9%84%D9%88%D9%85%D8%A7%D8%AA_%D8%AE%D8%B7%D9%8A%D8%B1%D8%A9_%D8%AA%D8%AA%D9%83%D8%B4%D9%91%D9%81,included,date_missing
https://www.mtv.com.lb/News/%D9%85%D8%A8%D8%A7%D8%B4%D8%B1/1482848/%D8%A7%D9%84%D8%AC%D9%8A%D8%B4-%D8%A7%D9%84%D8%A5%D8%B3%D8%B1%D8%A7%D8%A6%D9%8A%D9%84%D9%8A-%D9%8A%D9%81%D8%AC-%D8%B1-%D8%A8%D9%88%D8%A7%D8%B3%D8%B7%D8%A9-%D8%AA%D9%82%D9%86%D9%8A%D8%A9-%D8%B9%D8%A7%D9%84%D9%8A%D8%A9-%D8%A7%D9%84%D8%A3%D8%AC%D9%87%D8%B2%D8%A9-%D8%A7%D9%84%D9%84%D8%A7%D8%B3%D9%84%D9%83%D9%8A%D8%A9-%D9%84%D8%B9%D9%86%D8%A7%D8%B5%D8%B1--%D8%AD%D8%B2%D8%A8-%D8%A7%D9%84%D9%84%D9%87--%D9%81%D9%8A-%D8%A3%D9%83%D8%AB%D8%B1-%D9%85%D9%86-%D9%85%D9%83%D8%A7%D9%86-%D9%81%D9%8A-%D8%A7%D9%84%D8%B6%D8%A7%D8%AD%D9%8A%D8%A9-%D8%A7%D9%84%D8%AC%D9%86%D9%88%D8%A8%D9%8A%D8%A9,included,date_missing
https://www.mtv.com.lb/News/%D9%85%D8%A8%D8%A7%D8%B4%D8%B1/1482853/-%D8%B1%D9%88%D9%8A%D8%AA%D8%B1%D8%B2--%D8%B9%D9%86-%D9%85%D8%B5%D8%A7%D8%AF%D8%B1-%D8%A3%D9%85%D9%86%D9%8A%D8%A9-%D9%88%D8%B4%D9%87%D9%88%D8%AF--%D8%A5%D8%B5%D8%A7%D8%A8%D8%A9-%D9%85%D8%A7-%D9%84%D8%A7-%D9%8A%D9%82%D9%84-%D8%B9%D9%86-10-%D9%85%D9%86-%D8%B9%D9%86%D8%A7%D8%B5%D8%B1--%D8%AD%D8%B2%D8%A8-%D8%A7%D9%84%D9%84%D9%87--%D8%A8%D8%B9%D8%AF-%D8%A7%D9%86%D9%81%D8%AC%D8%A7%D8%B1-%D8%A3%D8%AC%D9%87%D8%B2%D8%A9-%D8%A7%D8%AA%D8%B5%D8%A7%D9%84-%D9%84%D8%A7%D8%B3%D9%84%D9%83%D9%8A-%D9%83%D8%A7%D9%86%D9%88%D8%A7-%D9%8A%D8%AD%D9%85%D9%84%D9%88%D9%86%D9%87%D8%A7,included,
https://www.mtv.com.lb/News/%D9%85%D8%A8%D8%A7%D8%B4%D8%B1/1482861/-%D8%B1%D9%88%D9%8A%D8%AA%D8%B1%D8%B2--%D8%B9%D9%86-%D9%85%D8%B3%D8%A4%D9%88%D9%84-%D9%85%D9%86--%D8%AD%D8%B2%D8%A8-%D8%A7%D9%84%D9%84%D9%87---%D8%AA%D9%81%D8%AC%D9%8A%D8%B1-%D8%A3%D8%AC%D9%87%D8%B2%D8%A9-%D8%A7%D9%84%D8%A7%D8%AA%D8%B5%D8%A7%D9%84-%D9%8A%D8%B4%D9%83-%D9%84-%D8%A3%D9%83%D8%A8%D8%B1-%D8%A7%D8%AE%D8%AA%D8%B1%D8%A7%D9%82-%D8%A3%D9%85%D9%86%D9%8A-%D8%AD%D8%AA%D9%89-%D8%A7%D9%84%D8%A2%D9%86,included,
https://www.mtv.com.lb/News/%D9%85%D8%A8%D8%A7%D8%B4%D8%B1/1482881/%D9%82%D9%88%D9%89-%D8%A7%D9%84%D8%A3%D9%85%D9%86-%D8%A7%D9%84%D8%AF%D8%A7%D8%AE%D9%84%D9%8A-%D8%AA%D8%B7%D9%88-%D9%82-%D9%85%D9%86%D8%B7%D9%82%D8%A9-%D8%A7%D9%84%D8%A3%D9%88%D9%86%D9%8A%D8%B3%D9%83%D9%88-%D8%A8%D8%B9%D8%AF-%D8%A7%D9%86%D9%81%D8%AC%D8%A7%D8%B1-%D8%B3%D9%8A-%D8%A7%D8%B1%D8%A9-%D8%A8%D8%AF%D8%A7%D8%AE%D9%84%D9%87%D8%A7-%D8%B4%D8%AE%D8%B5-%D9%83%D8%A7%D9%86-%D9%8A%D8%B3%D8%AA%D8%AE%D8%AF%D9%85-%D8%AC%D9%87%D8%A7%D8%B2-%D8%A7%D9%84%D9%80pager,included,
https://www.mtv.com.lb/News/%D9%85%D8%A8%D8%A7%D8%B4%D8%B1/1482889/%D9%85%D8%B9%D9%84%D9%88%D9%85%D8%A7%D8%AA-mtv--%D8%A7%D9%86%D9%81%D8%AC%D8%A7%D8%B1-pager-%D9%82%D8%A8%D9%84-%D8%AF%D9%82%D8%A7%D8%A6%D9%82-%D9%81%D9%8A-%D8%A7%D9%84%D8%AC%D9%86%D9%88%D8%A8-%D8%A8%D8%A7%D9%84%D8%A5%D8%B6%D8%A7%D9%81%D8%A9-%D8%A5%D9%84%D9%89-%D8%A5%D8%B5%D8%A7%D8%A8%D8%A7%D8%AA-%D8%A3%D8%AE%D8%B1%D9%89-%D9%81%D9%8A-%D8%A7%D9%84%D9%86%D8%A7%D8%B9%D9%85%D8%A9-%D9%88%D8%B5%D9%8A%D8%AF%D8%A7-%D9%88%D9%85%D9%86%D8%A7%D8%B7%D9%82-%D8%A3%D8%AE%D8%B1%D9%89,included,
https://www.mtv.com.lb/News/%D9%85%D8%A8%D8%A7%D8%B4%D8%B1/1482901/-%D8%B1%D9%88%D9%8A%D8%AA%D8%B1%D8%B2--%D9%86%D9%82%D9%84%D8%A7--%D8%B9%D9%86-%D9%88%D9%83%D8%A7%D9%84%D8%A9-%D9%85%D9%87%D8%B1-%D9%84%D9%84%D8%A3%D9%86%D8%A8%D8%A7%D8%A1-%D8%A7%D9%84%D8%A5%D9%8A%D8%B1%D8%A7%D9%86%D9%8A%D8%A9--%D8%A5%D8%B5%D8%A7%D8%A8%D8%A9-%D8%A7%D9%84%D8%B3%D9%81%D9%8A%D8%B1-%D8%A7%D9%84%D8%A5%D9%8A%D8%B1%D8%A7%D9%86%D9%8A-%D9%81%D9%8A-%D8%A8%D9%8A%D8%B1%D9%88%D8%AA-%D9%85%D8%AC%D8%AA%D8%A8%D9%89-%D8%A3%D9%85%D8%A7%D9%86%D9%8A-%D8%A8%D8%A7%D9%86%D9%81%D8%AC%D8%A7%D8%B1-%D8%AC%D9%87%D8%A7%D8%B2--%D8%A8%D9%8A%D8%AC%D8%B1-,included,
https://www.mtv.com.lb/News/%D9%85%D8%A8%D8%A7%D8%B4%D8%B1/1483949/%D8%A5%D8%B3%D8%AA%D8%B4%D9%87%D8%A7%D8%AF-%D9%86%D8%AC%D9%84-%D8%A7%D9%84%D9%86%D8%A7%D8%A6%D8%A8-%D8%B9%D9%84%D9%8A-%D8%B9%D9%85-%D8%A7%D8%B1-%D8%AC%D8%B1-%D8%A7%D8%A1-%D8%A7%D9%86%D9%81%D8%AC%D8%A7%D8%B1-%D8%AC%D9%87%D8%A7%D8%B2-%D8%A7%D9%84%D9%80pager,included,
https://www.mtv.com.lb/News/%D9%85%D8%A8%D8%A7%D8%B4%D8%B1/1484077/%D8%B1%D8%A6%D9%8A%D8%B3-%D8%A7%D9%84%D9%88%D8%B2%D8%B1%D8%A7%D8%A1-%D8%A7%D9%84%D8%B9%D8%B1%D8%A7%D9%82%D9%8A-%D9%8A%D9%88%D8%AC-%D9%87-%D8%A8%D8%A5%D8%B1%D8%B3%D8%A7%D9%84-%D8%B7%D9%88%D8%A7%D9%82%D9%85-%D8%B7%D8%A8%D9%8A%D8%A9-%D9%88%D9%81%D8%B1%D9%82-%D8%A7%D9%84%D8%B7%D9%88%D8%A7%D8%B1%D8%A6-%D8%A5%D9%84%D9%89-%D9%84%D8%A8%D9%86%D8%A7%D9%86-%D9%84%D8%AA%D9%82%D8%AF%D9%8A%D9%85-%D8%A7%D9%84%D9%85%D8%B3%D8%A7%D8%B9%D8%AF%D8%A9-%D8%A7%D9%84%D8%B9%D8%A7%D8%AC%D9%84%D8%A9-%D9%84%D9%85%D8%B5%D8%A7%D8%A8%D9%8A-%D8%A7%D9%86%D9%81%D8%AC%D8%A7%D8%B1-%D8%A7%D9%84%D9%80pager,included,
https://www.mtv.com.lb/News/%D9%85%D8%A8%D8%A7%D8%B4%D8%B1/1484093/%D8%A7%D9%84%D8%AE%D8%A7%D8%B1%D8%AC%D9%8A%D8%A9-%D8%A7%D9%84%D8%A3%D9%85%D9%8A%D8%B1%D9%83%D9%8A%D8%A9--%D9%85%D9%86-%D8%A7%D9%84%D8%B3%D8%A7%D8%A8%D9%82-%D9%84%D8%A3%D9%88%D8%A7%D9%86%D9%87-%D9%85%D8%B9%D8%B1%D9%81%D8%A9-%D9%85%D8%AF%D9%89-%D8%AA%D8%A3%D8%AB%D9%8A%D8%B1-%D8%AA%D9%81%D8%AC%D9%8A%D8%B1%D8%A7%D8%AA-%D8%A3%D8%AC%D9%87%D8%B2%D8%A9-%D8%A7%D9%84%D8%A7%D8%AA%D8%B5%D8%A7%D9%84-%D9%81%D9%8A-%D9%84%D8%A8%D9%86%D8%A7%D9%86-%D8%B9%D9%84%D9%89-%D9%85%D8%AD%D8%A7%D8%AF%D8%AB%D8%A7%D8%AA-%D9%88%D9%82%D9%81-%D8%A5%D8%B7%D9%84%D8%A7%D9%82-%D8%A7%D9%84%D9%86%D8%A7%D8%B1-%D9%81%D9%8A-%D8%BA%D8%B2%D8%A9,included,
https://www.mtv.com.lb/News/%D9%85%D8%A8%D8%A7%D8%B4%D8%B1/1484199/%D9%87%D8%A2%D8%B1%D8%AA%D8%B3--%D8%AA%D9%82%D8%A7%D8%B1%D9%8A%D8%B1-%D8%A3%D9%85%D9%8A%D8%B1%D9%83%D9%8A%D8%A9-%D8%AA%D9%81%D9%8A%D8%AF-%D8%A8%D8%A3%D9%86-%D8%A5%D8%B3%D8%B1%D8%A7%D8%A6%D9%8A%D9%84-%D9%81%D8%AC-%D8%B1%D8%AA-%D8%A3%D8%AC%D9%87%D8%B2%D8%A9--%D8%A7%D9%84%D8%A8%D9%8A%D8%AC%D8%B1--%D9%81%D9%8A-%D9%84%D8%A8%D9%86%D8%A7%D9%86-%D9%85%D9%86-%D8%AE%D9%84%D8%A7%D9%84-%D8%B1%D8%B3%D8%A7%D8%A6%D9%84-%D9%86%D8%B5%D9%8A%D8%A9,included,
https://www.mtv.com.lb/News/%D9%85%D8%A8%D8%A7%D8%B4%D8%B1/1484217/%D9%85%D8%B5%D8%AF%D8%B1-%D8%A5%D8%B3%D8%B1%D8%A7%D8%A6%D9%8A%D9%84%D9%8A-%D9%84%D9%80-%D8%A3%D9%83%D8%B3%D9%8A%D9%88%D8%B3---%D8%A5%D8%B3%D8%B1%D8%A7%D8%A6%D9%8A%D9%84-%D8%AE%D8%B7-%D8%B7%D8%AA-%D9%84%D8%AA%D9%81%D8%AC%D9%8A%D8%B1-%D8%A3%D8%AC%D9%87%D8%B2%D8%A9-%D8%A7%D9%84%D9%86%D8%AF%D8%A7%D8%A1-%D9%83%D8%B6%D8%B1%D8%A8%D8%A9-%D8%A7%D9%81%D8%AA%D8%AA%D8%A7%D8%AD%D9%8A%D8%A9-%D9%84%D8%AD%D8%B1%D8%A8-%D9%88%D8%A7%D8%B3%D8%B9%D8%A9,included,
https://www.mtv.com.lb/News/%D9%85%D8%A8%D8%A7%D8%B4%D8%B1/1484222/%D9%86%D9%8A%D9%88%D9%8A%D9%88%D8%B1%D9%83-%D8%AA%D8%A7%D9%8A%D9%85%D8%B2--%D8%A7%D9%84%D8%B3%D9%81%D9%8A%D8%B1-%D8%A7%D9%84%D8%A5%D9%8A%D8%B1%D8%A7%D9%86%D9%8A-%D9%81%D9%8A-%D8%A8%D9%8A%D8%B1%D9%88%D8%AA-%D9%81%D9%82%D8%AF-%D8%A5%D8%AD%D8%AF%D9%89-%D8%B9%D9%8A%D9%86%D9%8A%D9%87-%D9%88%D8%A3%D8%B5%D9%8A%D8%A8%D8%AA-%D8%A7%D9%84%D8%A3%D8%AE%D8%B1%D9%89-%D8%A8%D8%AC%D8%B1%D9%88%D8%AD-%D8%AE%D8%B7%D9%8A%D8%B1%D8%A9-%D9%81%D9%8A-%D8%AA%D9%81%D8%AC%D9%8A%D8%B1-%D8%A3%D8%AC%D9%87%D8%B2%D8%A9--%D8%A8%D9%8A%D8%AC%D8%B1-,included,
https://www.mtv.com.lb/News/%D9%85%D8%A8%D8%A7%D8%B4%D8%B1/1484262/%D8%A7%D9%84%D8%AE%D8%A7%D8%B1%D8%AC%D9%8A%D8%A9-%D8%A7%D9%84%D8%B1%D9%88%D8%B3%D9%8A%D8%A9--%D8%AA%D9%81%D8%AC%D9%8A%D8%B1-%D8%A3%D8%AC%D9%87%D8%B2%D8%A9-%D8%A7%D9%84%D8%A8%D9%8A%D8%AC%D8%B1-%D9%81%D9%8A-%D9%84%D8%A8%D9%86%D8%A7%D9%86-%D9%8A%D8%AA%D8%B7%D9%84%D8%A8-%D8%AA%D8%AD%D9%82%D9%8A%D9%82%D8%A7--%D8%AF%D9%88%D9%84%D9%8A%D8%A7-,included,
https://www.mtv.com.lb/News/%D9%85%D8%A8%D8%A7%D8%B4%D8%B1/1484265/-%D8%A3%D9%83%D8%B3%D9%8A%D9%88%D8%B3--%D8%B9%D9%86-%D9%85%D8%B3%D8%A4%D9%88%D9%84%D9%8A%D9%86-%D8%A3%D9%85%D9%8A%D8%B1%D9%83%D9%8A%D9%8A%D9%86--%D8%A5%D8%B3%D8%B1%D8%A7%D8%A6%D9%8A%D9%84-%D9%82%D8%B1%D8%B1%D8%AA-%D8%AA%D9%81%D8%AC%D9%8A%D8%B1-%D8%A3%D8%AC%D9%87%D8%B2%D8%A9-%D8%A7%D9%84%D8%A7%D8%AA%D8%B5%D8%A7%D9%84-%D8%A3%D9%85%D8%B3-%D8%AE%D9%88%D9%81%D8%A7--%D9%85%D9%86-%D8%A7%D9%83%D8%AA%D8%B4%D8%A7%D9%81-%D8%B9%D9%85%D9%84%D9%8A%D8%AA%D9%87%D8%A7-%D8%A7%D9%84%D8%B3%D8%B1%D9%8A%D8%A9-%D9%85%D9%86-%D9%82%D8%A8%D9%84-%D8%AD%D8%B2%D8%A8-%D8%A7%D9%84%D9%84%D9%87,included,
https://www.mtv.com.lb/News/%D9%85%D8%A8%D8%A7%D8%B4%D8%B1/1485447/%D9%85%D8%B5%D8%AF%D8%B1-%D8%A3%D9%85%D9%86%D9%8A-%D9%84%D9%80mtv--%D9%86%D8%AD%D9%86-%D8%A3%D9%85%D8%A7%D9%85-%D8%B9%D9%85%D9%84-%D8%A3%D9%85%D9%86%D9%8A-%D8%AC%D8%AF%D9%8A%D8%AF-%D9%8A%D8%B3%D8%AA%D9%87%D8%AF%D9%81-%D8%A3%D8%AC%D9%87%D8%B2%D8%A9-%D8%A7%D9%84%D8%A7%D8%AA%D8%B5%D8%A7%D9%84%D8%A7%D8%AA-%D8%A7%D9%84%D8%AD%D8%AF%D9%8A%D8%AB%D8%A9,included,
https://www.mtv.com.lb/News/%D9%85%D8%A8%D8%A7%D8%B4%D8%B1/1485456/%D8%B1%D9%88%D9%8A%D8%AA%D8%B1%D8%B2-%D8%B9%D9%86-%D9%85%D8%B5%D8%AF%D8%B1-%D8%A3%D9%85%D9%86%D9%8A--%D8%A3%D8%AC%D9%87%D8%B2%D8%A9-%D8%A7%D9%84%D8%A7%D8%AA%D8%B5%D8%A7%D9%84%D8%A7%D8%AA-%D8%A7%D9%84%D8%AA%D9%8A-%D8%A7%D9%86%D9%81%D8%AC%D8%B1%D8%AA-%D8%A7%D9%84%D9%8A%D9%88%D9%85-%D8%AA%D9%85-%D8%B4%D8%B1%D8%A7%D8%A4%D9%87%D8%A7-%D9%85%D9%86-%D9%82%D8%A8%D9%84-%D8%AD%D8%B2%D8%A8-%D8%A7%D9%84%D9%84%D9%87-%D9%82%D8%A8%D9%84-5-%D8%A3%D8%B4%D9%87%D8%B1,included,
https://www.mtv.com.lb/News/%D9%85%D8%A8%D8%A7%D8%B4%D8%B1/1485457/%D8%B1%D9%88%D9%8A%D8%AA%D8%B1%D8%B2-%D8%B9%D9%86-%D9%85%D8%B5%D8%AF%D8%B1-%D8%A3%D9%85%D9%86%D9%8A--%D8%A3%D8%AC%D9%87%D8%B2%D8%A9-%D8%A7%D9%84%D8%A7%D8%AA%D8%B5%D8%A7%D9%84%D8%A7%D8%AA-%D8%A7%D9%84%D8%AA%D9%8A-%D8%A7%D9%86%D9%81%D8%AC%D8%B1%D8%AA-%D9%81%D9%8A-%D8%A3%D9%86%D8%AD%D8%A7%D8%A1-%D9%84%D8%A8%D9%86%D8%A7%D9%86-%D9%87%D9%8A-%D8%A3%D8%AC%D9%87%D8%B2%D8%A9-%D8%A7%D8%AA%D8%B5%D8%A7%D9%84-%D9%84%D8%A7%D8%B3%D9%84%D9%83%D9%8A-%D9%85%D8%AD%D9%85%D9%88%D9%84%D8%A9-%D8%A8%D8%A7%D9%84%D9%8A%D8%AF-%D9%88%D8%AA%D8%AE%D8%AA%D9%84%D9%81-%D8%B9%D9%86-%D8%A3%D8%AC%D9%87%D8%B2%D8%A9-%D8%A7%D9%84%D8%A8%D9%8A%D8%AC%D8%B1-%D8%A7%D9%84%D8%AA%D9%8A-%D8%A7%D9%86%D9%81%D8%AC%D8%B1%D8%AA-%D8%A3%D9%85%D8%B3,included,
https://www.mtv.com.lb/News/%D9%85%D8%A8%D8%A7%D8%B4%D8%B1/1485469/%D8%A8%D8%A7%D9%84%D8%B5-%D9%88%D8%B1%D8%A9--%D8%A7%D9%84%D8%A3%D8%AC%D9%87%D8%B2%D8%A9-%D8%A7%D9%84%D8%AA%D9%8A-%D8%A7%D9%86%D9%81%D8%AC%D8%B1%D8%AA-%D9%87%D9%8A-%D9%85%D9%86-%D9%86%D9%88%D8%B9-icom-v82,included,
https://www.mtv.com.lb/News/%D9%85%D8%A8%D8%A7%D8%B4%D8%B1/1485474/%D9%85%D8%B5%D8%A7%D8%AF%D8%B1-%D8%A3%D9%85%D9%86%D9%8A%D8%A9-%D9%84%D9%80mtv--%D8%A7%D8%AE%D8%AA%D8%B1%D8%A7%D9%82-%D8%B4%D8%A8%D9%83%D8%A9-%D8%A7%D9%84%D8%A7%D8%AA%D8%B5%D8%A7%D9%84%D8%A7%D8%AA-%D8%A7%D9%84%D8%AE%D8%A7%D8%B5%D8%A9-%D8%A8%D8%A7%D9%84%D8%A3%D8%AC%D9%87%D8%B2%D8%A9-%D8%A7%D9%84%D9%84%D8%A7%D8%B3%D9%84%D9%83%D9%8A%D8%A9-%D8%A7%D9%84%D8%AA%D8%A7%D8%A8%D8%B9%D8%A9-%D9%84%D8%AD%D8%B2%D8%A8-%D8%A7%D9%84%D9%84%D9%87-%D9%88%D8%A8%D8%AB--%D9%85%D9%88%D8%AC%D8%A7%D8%AA-%D8%B0%D8%A7%D8%AA-%D8%AA%D8%B1%D8%AF-%D8%AF-%D9%85%D8%B1%D8%AA%D9%81%D8%B9-%D8%B9%D9%84%D9%8A%D9%87%D8%A7-%D8%A3%D8%AF%D8%AA-%D9%84%D9%84%D8%A7%D9%86%D9%81%D8%AC%D8%A7%D8%B1%D8%A7%D8%AA,included,
https://www.mtv.com.lb/News/%D9%85%D8%A8%D8%A7%D8%B4%D8%B1/1485486/%D8%B9%D8%AF%D8%AF-%D9%85%D9%86-%D8%A7%D9%84%D8%AC%D8%B1%D8%AD%D9%89-%D9%86-%D9%82%D9%84-%D8%A5%D9%84%D9%89-%D9%85%D8%B3%D8%AA%D8%B4%D9%81%D9%8A%D8%A7%D8%AA-%D8%A7%D9%84%D8%B6%D8%A7%D8%AD%D9%8A%D8%A9-%D8%A7%D9%84%D8%AC%D9%86%D9%88%D8%A8%D9%8A%D8%A9-%D8%A5%D8%AB%D8%B1-%D8%A7%D9%86%D9%81%D8%AC%D8%A7%D8%B1-%D8%A3%D8%AC%D9%87%D8%B2%D8%A9-%D9%84%D8%A7%D8%B3%D9%84%D9%83%D9%8A%D8%A9,included,
https://www.mtv.com.lb/News/%D9%85%D8%A8%D8%A7%D8%B4%D8%B1/1485501/%D8%B3%D9%8A-%D8%A5%D9%86-%D8%A5%D9%86-%D8%B9%D9%86-%D9%85%D8%B5%D8%AF%D8%B1-%D8%A3%D9%85%D9%86%D9%8A-%D9%84%D8%A8%D9%86%D8%A7%D9%86%D9%8A--%D8%A7%D9%84%D8%A3%D8%AC%D9%87%D8%B2%D8%A9-%D8%A7%D9%84%D9%84%D8%A7%D8%B3%D9%84%D9%83%D9%8A%D8%A9-%D8%A3%D9%82%D9%84-%D8%A7%D8%B3%D8%AA%D8%AE%D8%AF%D8%A7%D9%85%D8%A7--%D9%85%D9%86-%D8%A3%D8%AC%D9%87%D8%B2%D8%A9-%D8%A7%D9%84%D8%A8%D9%8A%D8%AC%D8%B1-%D9%88%D8%AA%D9%85-%D8%AA%D9%88%D8%B2%D9%8A%D8%B9%D9%87%D8%A7-%D8%B9%D9%84%D9%89-%D9%85%D9%86%D8%B8%D9%85%D9%8A-%D8%A7%D9%84%D8%AA%D8%AC%D9%85%D8%B9%D8%A7%D8%AA,included,
https://www.mtv.com.lb/News/%D9%85%D8%A8%D8%A7%D8%B4%D8%B1/1485503/%D8%A7%D9%84%D9%88%D9%83%D8%A7%D9%84%D8%A9-%D8%A7%D9%84%D9%88%D8%B7%D9%86%D9%8A%D8%A9--%D8%B3%D9%82%D9%88%D8%B7-3-%D8%AC%D8%B1%D8%AD%D9%89-%D8%AF%D8%A7%D8%AE%D9%84-%D8%B3%D9%8A%D8%A7%D8%B1%D8%A9-%D9%81%D9%8A-%D8%AC%D8%AF%D9%8A%D8%AF%D8%A9-%D9%85%D8%B1%D8%AC%D8%B9%D9%8A%D9%88%D9%86-%D8%A8%D8%B9%D8%AF-%D8%A7%D9%86%D9%81%D8%AC%D8%A7%D8%B1-%D8%AC%D9%87%D8%A7%D8%B2-%D9%84%D8%A7%D8%B3%D9%84%D9%83%D9%8A-%D9%83%D8%A7%D9%86-%D9%85%D9%88%D8%B6%D9%88%D8%B9%D8%A7--%D9%81%D9%8A-%D8%AF%D8%A7%D8%AE%D9%84%D9%87%D8%A7,included,
https://www.mtv.com.lb/News/%D9%85%D8%A8%D8%A7%D8%B4%D8%B1/1485506/%D8%A7%D9%84%D9%88%D9%83%D8%A7%D9%84%D8%A9-%D8%A7%D9%84%D9%88%D8%B7%D9%86%D9%8A%D8%A9--%D8%B3%D9%82%D9%88%D8%B7-%D8%B9%D8%AF%D8%AF-%D9%85%D9%86-%D8%A7%D9%84%D8%AC%D8%B1%D8%AD%D9%89-%D9%81%D9%8A-%D8%A7%D9%86%D9%81%D8%AC%D8%A7%D8%B1-%D8%A3%D8%AC%D9%87%D8%B2%D8%A9-%D9%84%D8%A7%D8%B3%D9%84%D9%83%D9%8A%D8%A9-%D9%81%D9%8A-%D8%A8%D9%84%D8%AF%D8%A9-%D9%84%D8%A8%D8%A7%D9%8A%D8%A7,included,
https://www.mtv.com.lb/News/%D9%85%D8%A8%D8%A7%D8%B4%D8%B1/1485544/%D9%85%D8%B5%D8%A7%D8%AF%D8%B1-%D9%84%D9%80-%D8%A3%D9%83%D8%B3%D9%8A%D9%88%D8%B3--%D8%A3%D8%AC%D9%87%D8%B2%D8%A9-%D8%A7%D9%84%D8%A7%D8%AA%D8%B5%D8%A7%D9%84-%D8%AA%D9%85-%D8%AA%D9%81%D8%AE%D9%8A%D8%AE%D9%87%D8%A7-%D9%85%D8%B3%D8%A8%D9%82%D8%A7-%D9%85%D9%86-%D9%82%D8%A8%D9%84-%D8%A5%D8%B3%D8%B1%D8%A7%D8%A6%D9%8A%D9%84-%D9%82%D8%A8%D9%84-%D8%AA%D8%B3%D9%84%D9%8A%D9%85%D9%87%D8%A7-%D9%84%D8%AD%D8%B2%D8%A8-%D8%A7%D9%84%D9%84%D9%87,included,
https://www.mtv.com.lb/News/%D9%85%D8%A8%D8%A7%D8%B4%D8%B1/1485545/%D9%85%D8%B5%D8%A7%D8%AF%D8%B1-%D9%84%D9%80-%D8%A3%D9%83%D8%B3%D9%8A%D9%88%D8%B3--%D8%A7%D9%84%D8%A3%D8%AC%D9%87%D8%B2%D8%A9-%D8%A7%D9%84%D9%84%D8%A7%D8%B3%D9%84%D9%83%D9%8A%D8%A9-%D8%B3%D9%84%D9%85%D8%AA-%D9%84%D8%AD%D8%B2%D8%A8-%D8%A7%D9%84%D9%84%D9%87-%D9%83%D8%AC%D8%B2%D8%A1-%D9%85%D9%86-%D9%86%D8%B8%D8%A7%D9%85-%D8%A7%D9%84%D8%A7%D8%AA%D8%B5%D8%A7%D9%84%D8%A7%D8%AA-%D8%A7%D9%84%D8%B7%D8%A7%D8%B1%D8%A6-%D9%84%D9%84%D8%AD%D8%B2%D8%A8,included,
https://www.mtv.com.lb/News/%D9%85%D8%A8%D8%A7%D8%B4%D8%B1/1485547/%D8%A3%D9%83%D8%B3%D9%8A%D9%88%D8%B3--%D8%AA%D9%81%D8%AC%D9%8A%D8%B1%D8%A7%D8%AA-%D8%A7%D9%84%D9%8A%D9%88%D9%85-%D8%A3%D8%AA%D8%AA-%D8%A8%D8%B9%D8%AF-%D8%AA%D9%82%D9%8A%D9%8A%D9%85-%D8%A3%D9%86--%D8%AA%D8%AD%D9%82%D9%8A%D9%82-%D8%AD%D8%B2%D8%A8-%D8%A7%D9%84%D9%84%D9%87-%D8%A8%D8%A7%D9%86%D9%81%D8%AC%D8%A7%D8%B1%D8%A7%D8%AA-%D8%A3%D9%85%D8%B3-%D8%B3%D9%8A%D9%83%D8%B4%D9%81-%D8%AE%D8%B1%D9%82-%D8%A7-%D8%A3%D9%85%D9%86%D9%8A-%D8%A7-%D8%A8%D8%A7%D9%84%D8%A3%D8%AC%D9%87%D8%B2%D8%A9-%D8%A7%D9%84%D9%84%D8%A7%D8%B3%D9%84%D9%83%D9%8A%D8%A9,included,
https://www.mtv.com.lb/News/%D9%85%D8%A8%D8%A7%D8%B4%D8%B1/1485558/%D9%85%D8%AC%D9%84%D8%B3-%D8%A7%D9%84%D8%A3%D9%85%D9%86-%D9%8A%D8%AC%D8%AA%D9%85%D8%B9-%D9%8A%D9%88%D9%85-%D8%A7%D9%84%D8%AC%D9%85%D8%B9%D8%A9-%D8%A8%D8%B4%D8%A3%D9%86-%D9%84%D8%A8%D9%86%D8%A7%D9%86-%D9%84%D9%84%D8%A8%D8%AD%D8%AB-%D9%81%D9%8A-%D8%A7%D9%84%D9%87%D8%AC%D9%85%D8%A7%D8%AA-%D8%A7%D9%84%D9%84%D8%A7%D8%B3%D9%84%D9%83%D9%8A%D8%A9,included,
https://www.mtv.com.lb/News/%D9%85%D8%A8%D8%A7%D8%B4%D8%B1/1485566/%D8%AA%D9%81%D8%AC%D9%8A%D8%B1-%D8%A7%D9%84%D9%84%D8%A7%D8%B3%D9%84%D9%83%D9%8A----%D8%A7%D9%84%D8%AA%D9%81%D8%A7%D8%B5%D9%8A%D9%84-%D9%81%D9%8A-%D8%A7%D9%84%D9%86%D8%B4%D8%B1%D8%A9-%D8%A8%D8%B9%D8%AF-%D9%82%D9%84%D9%8A%D9%84,included,
https://www.mtv.com.lb/News/%D9%85%D8%A8%D8%A7%D8%B4%D8%B1/1485578/%D8%A8%D9%88%D8%AF%D8%A7%D8%A8%D8%B3%D8%AA-%D8%AA%D9%86%D9%81%D9%8A-%D9%88%D8%AC%D9%88%D8%AF-%D9%85%D9%88%D9%82%D8%B9-%D8%A5%D9%86%D8%AA%D8%A7%D8%AC-%D9%81%D9%8A-%D8%A7%D9%84%D9%85%D8%AC%D8%B1-%D9%84%D8%A3%D8%AC%D9%87%D8%B2%D8%A9-%D8%A7%D9%84%D8%A7%D8%AA%D8%B5%D8%A7%D9%84-%D8%A7%D9%84%D9%85%D8%B3%D8%AA%D8%AE%D8%AF%D9%85%D8%A9-%D9%85%D9%86--%D8%AD%D8%B2%D8%A8-%D8%A7%D9%84%D9%84%D9%87-,included,
https://www.mtv.com.lb/News/%D9%85%D8%A8%D8%A7%D8%B4%D8%B1/1485605/%D9%87%D9%8A%D8%A6%D8%A9-%D8%A7%D9%84%D8%A8%D8%AB-%D8%A7%D9%84%D8%A5%D8%B3%D8%B1%D8%A7%D8%A6%D9%8A%D9%84%D9%8A%D8%A9--%D8%A7%D9%84%D9%85%D9%88%D8%AC%D8%A9-%D8%A7%D9%84%D8%AB%D8%A7%D9%86%D9%8A%D8%A9-%D9%85%D9%86-%D8%A7%D9%86%D9%81%D8%AC%D8%A7%D8%B1%D8%A7%D8%AA-%D8%A3%D8%AC%D9%87%D8%B2%D8%A9-%D8%A7%D9%84%D8%A7%D8%AA%D8%B5%D8%A7%D9%84%D8%A7%D8%AA-%D9%87%D8%AF%D9%81%D9%87%D8%A7-%D8%AE%D9%84%D9%82-%D8%B4%D8%B9%D9%88%D8%B1-%D8%A8%D8%A7%D9%84%D8%AE%D9%88%D9%81-%D9%84%D8%AF%D9%89--%D8%AD%D8%B2%D8%A8-%D8%A7%D9%84%D9%84%D9%87-,included,
https://www.mtv.com.lb/News/%D9%85%D8%A8%D8%A7%D8%B4%D8%B1/1485633/-%D8%AD%D8%B2%D8%A8-%D8%A7%D9%84%D9%84%D9%87--%D9%8A-%D8%B9%D9%84%D9%86-%D8%A7%D8%B3%D8%AA%D8%B4%D9%87%D8%A7%D8%AF-3-%D9%85%D9%86-%D9%85%D9%82%D8%A7%D8%AA%D9%84%D9%8A%D9%87-%D8%AE%D9%84%D8%A7%D9%84-%D8%AA%D9%81%D8%AC%D9%8A%D8%B1%D8%A7%D8%AA-%D8%A7%D9%84%D9%8A%D9%88%D9%85-%D8%A8%D8%A3%D8%AC%D9%87%D8%B2%D8%A9-%D8%A7%D9%84%D9%84%D8%A7%D8%B3%D9%84%D9%83%D9%8A,included,
https://www.mtv.com.lb/News/%D9%85%D8%A8%D8%A7%D8%B4%D8%B1/1485647/%D8%A5%D9%8A%D8%B1%D8%A7%D9%86-%D8%AA%D8%B7%D9%84%D8%A8-%D9%85%D9%86-%D9%85%D8%AC%D9%84%D8%B3-%D8%A7%D9%84%D8%A3%D9%85%D9%86-%D8%A5%D8%AF%D8%A7%D9%86%D8%A9-%D8%A7%D8%B3%D8%AA%D9%87%D8%AF%D8%A7%D9%81-%D8%A5%D8%B3%D8%B1%D8%A7%D8%A6%D9%8A%D9%84-%D9%84%D8%B3%D9%81%D9%8A%D8%B1%D9%87%D8%A7-%D9%84%D8%AF%D9%89-%D8%A8%D9%8A%D8%B1%D9%88%D8%AA-%D8%AE%D9%84%D8%A7%D9%84-%D9%87%D8%AC%D9%85%D8%A7%D8%AA-%D8%A7%D9%84%D9%84%D8%A7%D8%B3%D9%84%D9%83%D9%8A,included,
https://www.mtv.com.lb/News/%D9%85%D8%A8%D8%A7%D8%B4%D8%B1/1485660/-%D8%A2%D9%8A%D9%83%D9%88%D9%85--%D8%A7%D9%84%D9%8A%D8%A7%D8%A8%D8%A7%D9%86%D9%8A%D8%A9--%D9%84%D8%A7-%D9%8A%D9%85%D9%83%D9%86-%D8%AA%D8%A3%D9%83%D9%8A%D8%AF-%D8%A5%D8%B0%D8%A7-%D9%83%D8%A7%D9%86%D8%AA-%D8%B4%D8%B1%D9%83%D8%AA%D9%86%D8%A7-%D8%B4%D8%AD%D9%86%D8%AA-%D9%85%D9%86%D8%AA%D8%AC-%D8%A7-%D9%84%D8%A7%D8%B3%D9%84%D9%83%D9%8A-%D8%A7-%D9%85%D8%B1%D8%AA%D8%A8%D8%B7-%D8%A7-%D8%A8%D8%A7%D9%86%D9%81%D8%AC%D8%A7%D8%B1%D8%A7%D8%AA-%D9%84%D8%A8%D9%86%D8%A7%D9%86,included,
https://www.mtv.com.lb/News/%D9%85%D8%A8%D8%A7%D8%B4%D8%B1/1485667/%D9%87%D9%8A%D8%A6%D8%A9-%D8%A7%D9%84%D8%A8%D8%AB-%D8%A7%D9%84%D8%A5%D8%B3%D8%B1%D8%A7%D8%A6%D9%8A%D9%84%D9%8A%D8%A9--%D8%AA%D9%81%D8%AC%D9%8A%D8%B1%D8%A7%D8%AA-%D8%A3%D8%AC%D9%87%D8%B2%D8%A9-%D8%A7%D9%84%D9%84%D8%A7%D8%B3%D9%84%D9%83%D9%8A-%D9%81%D9%8A-%D9%84%D8%A8%D9%86%D8%A7%D9%86-%D8%A7%D8%B3%D8%AA%D9%87%D8%AF%D9%81%D8%AA-%D8%B9%D9%86%D8%A7%D8%B5%D8%B1--%D9%82%D9%88%D8%A9-%D8%A7%D9%84%D8%B1%D8%B6%D9%88%D8%A7%D9%86--%D9%81%D9%8A-%D8%AD%D8%B2%D8%A8-%D8%A7%D9%84%D9%84%D9%87,included,
https://www.mtv.com.lb/News/%D9%85%D8%A8%D8%A7%D8%B4%D8%B1/1485668/%D9%88%D8%B2%D9%8A%D8%B1-%D8%A7%D9%84%D8%AF%D9%81%D8%A7%D8%B9-%D8%A7%D9%84%D8%AA%D8%A7%D9%8A%D9%88%D8%A7%D9%86%D9%8A--%D9%84%D8%A7-%D9%8A%D9%88%D8%AC%D8%AF-%D8%AA%D9%86%D8%B3%D9%8A%D9%82-%D9%85%D8%B3%D8%A8%D9%82-%D8%A8%D9%8A%D9%86-%D8%AA%D8%A7%D9%8A%D9%88%D8%A7%D9%86-%D9%88%D8%A5%D8%B3%D8%B1%D8%A7%D8%A6%D9%8A%D9%84-%D8%A8%D8%B4%D8%A3%D9%86-%D8%AA%D9%81%D8%AC%D9%8A%D8%B1-%D8%A2%D9%84%D8%A7%D9%81-%D8%A3%D8%AC%D9%87%D8%B2%D8%A9-%D8%A7%D9%84%D8%A8%D9%8A%D8%AC%D8%B1-%D9%81%D9%8A-%D9%84%D8%A8%D9%86%D8%A7%D9%86,included,
https://www.mtv.com.lb/News/%D9%85%D8%A8%D8%A7%D8%B4%D8%B1/1485691/%D8%B1%D8%A6%D9%8A%D8%B3-%D9%85%D8%AC%D9%84%D8%B3-%D8%A7%D9%84%D8%AF%D9%88%D9%85%D8%A7-%D8%A7%D9%84%D8%B1%D9%88%D8%B3%D9%8A--%D9%8A%D8%AC%D8%A8-%D8%A7%D9%84%D8%AA%D8%AD%D9%82%D9%8A%D9%82-%D8%A8%D8%AF%D9%82-%D8%A9-%D9%81%D9%8A-%D8%B3%D9%84%D8%B3%D9%84%D8%A9-%D8%AA%D9%81%D8%AC%D9%8A%D8%B1%D8%A7%D8%AA-%D8%A3%D8%AC%D9%87%D8%B2%D8%A9-%D8%A7%D9%84%D8%A7%D8%AA%D8%B5%D8%A7%D9%84-%D9%81%D9%8A-%D9%84%D8%A8%D9%86%D8%A7%D9%86,included,
https://www.mtv.com.lb/News/%D9%85%D8%A8%D8%A7%D8%B4%D8%B1/1485832/%D9%85%D8%B9%D9%84%D9%88%D9%85%D8%A7%D8%AA-mtv--%D8%A7%D9%84%D8%A3%D8%B1%D9%82%D8%A7%D9%85-%D8%AA%D8%B4%D9%8A%D8%B1-%D8%A7%D9%84%D9%89-%D8%A3%D9%83%D8%AB%D8%B1-%D9%85%D9%86-500-%D9%85%D8%B5%D8%A7%D8%A8-%D9%81%D9%8A-%D8%A7%D9%84%D8%B9%D9%8A%D9%88%D9%86-%D8%AC%D8%B1-%D8%A7%D8%A1-%D8%AA%D9%81%D8%AC%D9%8A%D8%B1%D8%A7%D8%AA--%D8%A7%D9%84%D8%A8%D9%8A%D8%AC%D8%B1--300-%D9%85%D9%86%D9%87%D9%85-%D8%AE%D8%B3%D8%B1%D9%88%D8%A7-%D9%86%D8%B8%D8%B1%D9%87%D9%85-%D8%A8%D8%B4%D9%83%D9%84-%D9%83%D8%A7%D9%85%D9%84,included,
https://www.mtv.com.lb/News/%D9%85%D8%A8%D8%A7%D8%B4%D8%B1/1485834/%D9%88%D8%B2%D9%8A%D8%B1-%D8%A7%D9%84%D8%B5%D8%AD%D8%A9-%D9%81%D8%B1%D8%A7%D8%B3-%D8%A7%D9%84%D8%A3%D8%A8%D9%8A%D8%B6--%D8%B9%D8%AF%D8%AF-%D8%B4%D9%87%D8%AF%D8%A7%D8%A1-%D8%AA%D9%81%D8%AC%D9%8A%D8%B1%D8%A7%D8%AA--%D8%A7%D9%84%D8%A8%D9%8A%D8%AC%D8%B1--%D8%A8%D9%84%D8%BA-12-%D8%A3%D9%85-%D8%A7-%D8%B9%D8%AF%D8%AF-%D8%A7%D9%84%D8%AC%D8%B1%D8%AD%D9%89-%D9%81%D8%A8%D9%84%D8%BA-2323,included,
https://www.mtv.com.lb/News/%D9%85%D8%A8%D8%A7%D8%B4%D8%B1/1485836/%D8%A7%D9%84%D8%A3%D8%A8%D9%8A%D8%B6--226-%D8%AD%D8%A7%D9%84%D8%A9-%D9%85%D8%A7-%D8%B2%D8%A7%D9%84%D8%AA-%D9%81%D9%8A-%D8%A7%D9%84%D8%B9%D9%86%D8%A7%D9%8A%D8%A9-%D8%A7%D9%84%D9%85%D8%B1%D9%83-%D8%B2%D8%A9-%D8%AC%D8%B1%D8%A7%D8%A1-%D8%A7%D9%84%D8%AA%D9%81%D8%AC%D9%8A%D8%B1-%D8%A7%D9%84%D8%A3%D9%88%D9%84-%D9%84%D8%A3%D8%AC%D9%87%D8%B2%D8%A9-%D8%A7%D9%84%D8%A7%D8%AA%D8%B5%D8%A7%D9%84,included,
https://www.mtv.com.lb/News/%D9%85%D8%A8%D8%A7%D8%B4%D8%B1/1485838/%D8%A7%D9%84%D8%A3%D8%A8%D9%8A%D8%B6--25-%D8%B4%D9%87%D9%8A%D8%AF%D8%A7--%D9%88608-%D8%AC%D8%B1%D8%AD%D9%89-%D8%AC%D8%B1-%D8%A7%D8%A1-%D8%AA%D9%81%D8%AC%D9%8A%D8%B1%D8%A7%D8%AA-%D8%A7%D9%84%D9%84%D8%A7%D8%B3%D9%84%D9%83%D9%8A-%D8%A3%D9%85%D8%B3,included,
https://www.mtv.com.lb/News/%D9%85%D8%A8%D8%A7%D8%B4%D8%B1/1485868/%D8%A7%D9%84%D8%AA%D9%84%D8%BA%D8%B1%D8%A7%D9%81-%D8%B9%D9%86-%D9%88%D9%83%D8%A7%D9%84%D8%A9-%D8%A3%D9%85%D9%86-%D8%A7%D9%84%D8%AF%D9%88%D9%84%D8%A9-%D8%A7%D9%84%D8%A8%D9%84%D8%BA%D8%A7%D8%B1%D9%8A%D8%A9--%D9%86%D8%AD%D9%82%D9%82-%D9%81%D9%8A-%D8%AF%D9%88%D8%B1-%D8%B4%D8%B1%D9%83%D8%A9-%D9%85%D8%B3%D8%AC%D9%84%D8%A9-%D9%84%D8%AF%D9%8A%D9%86%D8%A7-%D9%81%D9%8A-%D8%A8%D9%8A%D8%B9-%D8%A3%D8%AC%D9%87%D8%B2%D8%A9--%D8%A7%D9%84%D8%A8%D9%8A%D8%AC%D8%B1--%D9%84%D8%AD%D8%B2%D8%A8-%D8%A7%D9%84%D9%84%D9%87-%D9%81%D9%8A-%D9%84%D8%A8%D9%86%D8%A7%D9%86,included,
https://www.mtv.com.lb/News/%D9%85%D8%A8%D8%A7%D8%B4%D8%B1/1486022/-%D8%B1%D9%88%D9%8A%D8%AA%D8%B1%D8%B2--%D8%B9%D9%86-%D9%88%D8%B3%D8%A7%D8%A6%D9%84-%D8%A5%D8%B9%D9%84%D8%A7%D9%85-%D9%85%D8%AD%D9%84%D9%8A%D8%A9--1-6-%D9%85%D9%84%D9%8A%D9%88%D9%86-%D9%8A%D9%88%D8%B1%D9%88-%D8%AB%D9%85%D9%86-%D8%A3%D8%AC%D9%87%D8%B2%D8%A9-%D8%A7%D9%84%D8%A8%D9%8A%D8%AC%D8%B1-%D9%88%D9%87%D9%8A-%D9%85%D8%B1-%D8%AA-%D8%B9%D8%A8%D8%B1-%D8%A8%D9%84%D8%BA%D8%A7%D8%B1%D9%8A%D8%A7-%D9%82%D8%A8%D9%84-%D8%AA%D8%AD%D9%88%D9%8A%D9%84%D9%87%D8%A7-%D8%A5%D9%84%D9%89-%D8%A7%D9%84%D9%85%D8%AC%D8%B1,included,
https://www.mtv.com.lb/News/%D9%85%D8%A8%D8%A7%D8%B4%D8%B1/1486096/%D8%A7%D9%84%D8%A8%D8%B9%D8%AB%D8%A9-%D8%A7%D9%84%D9%84%D8%A8%D9%86%D8%A7%D9%86%D9%8A%D8%A9-%D8%A8%D8%A7%D9%84%D8%A3%D9%85%D9%85-%D8%A7%D9%84%D9%85%D8%AA%D8%AD%D8%AF%D8%A9--%D8%AA%D9%81%D8%AC%D9%8A%D8%B1-%D8%A3%D8%AC%D9%87%D8%B2%D8%A9-%D8%A7%D9%84%D8%A8%D9%8A%D8%AC%D8%B1-%D8%AA%D9%85-%D8%A8%D9%88%D8%A7%D8%B3%D8%B7%D8%A9-%D8%B1%D8%B3%D8%A7%D9%84%D8%A9-%D8%A5%D9%84%D9%83%D8%AA%D8%B1%D9%88%D9%86%D9%8A%D8%A9,included,
https://www.mtv.com.lb/News/%D9%85%D8%A8%D8%A7%D8%B4%D8%B1/1486123/%D9%88%D8%B2%D9%8A%D8%B1-%D8%A7%D9%82%D8%AA%D8%B5%D8%A7%D8%AF-%D8%AA%D8%A7%D9%8A%D9%88%D8%A7%D9%86--%D9%85%D9%83%D9%88%D9%86%D8%A7%D8%AA-%D8%A3%D8%AC%D9%87%D8%B2%D8%A9--%D8%A7%D9%84%D8%A8%D9%8A%D8%AC%D8%B1--%D8%A7%D9%84%D8%AA%D9%8A-%D8%A7%D9%86%D9%81%D8%AC%D8%B1%D8%AA-%D9%81%D9%8A-%D9%84%D8%A8%D9%86%D8%A7%D9%86-%D9%84%D9%85-%D8%AA%D8%B5%D9%86%D8%B9-%D9%84%D8%AF%D9%8A%D9%86%D8%A7,included,
https://www.mtv.com.lb/News/%D9%85%D8%A8%D8%A7%D8%B4%D8%B1/1486170/%D8%AC%D9%87%D8%A7%D8%B2-%D8%A7%D9%84%D8%A3%D9%85%D9%86-%D9%81%D9%8A-%D8%A8%D9%84%D8%BA%D8%A7%D8%B1%D9%8A%D8%A7--%D9%84%D9%85-%D9%8A%D8%AA%D9%85--%D8%A7%D8%B3%D8%AA%D9%8A%D8%B1%D8%A7%D8%AF-%D8%A3%D9%88-%D8%AA%D8%B5%D8%AF%D9%8A%D8%B1-%D8%A3%D9%88-%D8%AA%D8%B5%D9%86%D9%8A%D8%B9-%D8%A3%D9%8A-%D8%A3%D8%AC%D9%87%D8%B2%D8%A9--%D8%A8%D9%8A%D8%AC%D8%B1--%D9%81%D9%8A-%D8%A8%D9%84%D8%BA%D8%A7%D8%B1%D9%8A%D8%A7-%D9%85%D9%86-%D8%A7%D9%84%D8%AA%D9%8A-%D8%A7%D9%86%D9%81%D8%AC%D8%B1%D8%AA-%D9%81%D9%8A-%D9%84%D8%A8%D9%86%D8%A7%D9%86,included,
https://www.mtv.com.lb/News/%D9%85%D8%A8%D8%A7%D8%B4%D8%B1/1486283/%D8%A3%D8%A8%D9%8A%D8%B6--%D9%85%D8%A7-%D8%AD%D8%AF%D8%AB-%D9%86%D8%B9%D8%AA%D8%A8%D8%B1%D9%87-%D8%AC%D8%B1%D9%8A%D9%85%D8%A9-%D8%AD%D8%B1%D8%A8-%D9%84%D8%A3%D9%86-%D9%85%D8%B9%D8%B8%D9%85-%D8%A7%D9%84%D9%85%D8%B5%D8%A7%D8%A8%D9%8A%D9%86-%D8%AC%D8%B1%D8%A7%D8%A1-%D8%AA%D9%81%D8%AC%D9%8A%D8%B1%D8%A7%D8%AA-%D8%A3%D8%AC%D9%87%D8%B2%D8%A9-%D8%A7%D9%84%D8%A7%D8%AA%D8%B5%D8%A7%D9%84-%D9%87%D9%85-%D9%85%D9%86-%D8%A7%D9%84%D9%85%D8%AF%D9%86%D9%8A%D9%8A%D9%86,included,
https://www.mtv.com.lb/News/%D9%85%D8%A8%D8%A7%D8%B4%D8%B1/1486298/%D8%B1%D9%88%D9%8A%D8%AA%D8%B1%D8%B2--%D8%AD%D8%B2%D8%A8-%D8%A7%D9%84%D9%84%D9%87-%D9%81%D8%AD%D8%B5-%D8%A3%D8%AC%D9%87%D8%B2%D8%A9-%D8%A7%D9%84%D8%A8%D9%8A%D8%AC%D8%B1-%D8%B9%D8%A8%D8%B1-%D8%A7%D9%84%D9%85%D8%A7%D8%B3%D8%AD-%D8%A7%D9%84%D8%B6%D9%88%D8%A6%D9%8A-%D9%82%D8%A8%D9%84-%D8%AA%D9%88%D8%B2%D9%8A%D8%B9%D9%87%D8%A7-%D8%B9%D9%84%D9%89-%D8%B9%D9%86%D8%A7%D8%B5%D8%B1%D9%87,included,
https://www.mtv.com.lb/News/%D9%85%D8%A8%D8%A7%D8%B4%D8%B1/1486301/-%D9%88%D9%88%D9%84-%D8%B3%D8%AA%D8%B1%D9%8A%D8%AA-%D8%AC%D9%88%D8%B1%D9%86%D8%A7%D9%84---%D8%AD%D8%B2%D8%A8-%D8%A7%D9%84%D9%84%D9%87-%D9%8A%D8%AD%D9%82-%D9%82-%D9%81%D9%8A-%D9%88%D8%AC%D9%88%D8%AF-%D8%B9%D9%85%D9%84%D8%A7%D8%A1-%D9%84%D9%84%D9%85%D9%88%D8%B3%D8%A7%D8%AF-%D8%A8%D8%A7%D9%84%D8%AF%D8%A7%D8%AE%D9%84-%D8%A8%D8%B9%D8%AF-%D8%AA%D9%81%D8%AC%D9%8A%D8%B1%D8%A7%D8%AA-%D8%A7%D9%84%D9%84%D8%A7%D8%B3%D9%84%D9%83%D9%8A,included,
https://www.mtv.com.lb/News/%D9%85%D8%A8%D8%A7%D8%B4%D8%B1/1486407/%D9%88%D8%B3%D8%A7%D8%A6%D9%84-%D8%A5%D8%B9%D9%84%D8%A7%D9%85-%D8%A5%D8%B3%D8%B1%D8%A7%D8%A6%D9%8A%D9%84%D9%8A%D8%A9--%D8%A7%D8%A8%D8%B1%D8%A7%D9%87%D9%8A%D9%85-%D8%B9%D9%82%D9%8A%D9%84-%D8%AE%D8%B1%D8%AC-%D8%B5%D8%A8%D8%A7%D8%AD-%D8%A7%D9%84%D9%8A%D9%88%D9%85-%D9%85%D9%86-%D8%A7%D9%84%D9%85%D8%B3%D8%AA%D8%B4%D9%81%D9%89-%D8%A8%D8%B9%D8%AF-%D8%A3%D9%86-%D9%83%D8%A7%D9%86-%D9%82%D8%AF-%D8%A3%D8%B5%D9%8A%D8%A8-%D9%81%D9%8A-%D8%AA%D9%81%D8%AC%D9%8A%D8%B1%D8%A7%D8%AA-%D8%A3%D8%AC%D9%87%D8%B2%D8%A9--%D8%A7%D9%84%D8%A8%D9%8A%D8%AC%D8%B1-,included,date_missing
https://www.mtv.com.lb/News/%D9%85%D8%A8%D8%A7%D8%B4%D8%B1/1486573/%D8%B4%D8%B1%D9%83%D8%A9-%D8%A3%D9%8A%D9%83%D9%88%D9%85-%D8%A7%D9%84%D9%8A%D8%A7%D8%A8%D8%A7%D9%86%D9%8A%D8%A9-%D8%AA%D8%B3%D8%AA%D8%A8%D8%B9%D8%AF-%D8%A3%D9%86-%D8%AA%D9%83%D9%88%D9%86-%D8%A3%D8%AC%D9%87%D8%B2%D8%A9-%D8%A7%D9%84%D9%84%D8%A7%D8%B3%D9%84%D9%83%D9%8A-%D8%A7%D9%84%D8%AA%D9%8A-%D8%A7%D9%86%D9%81%D8%AC%D8%B1%D8%AA-%D9%81%D9%8A-%D9%84%D8%A8%D9%86%D8%A7%D9%86-%D9%85%D9%86-%D8%A5%D9%86%D8%AA%D8%A7%D8%AC%D9%87%D8%A7,included,
https://www.mtv.com.lb/News/%D9%85%D8%A8%D8%A7%D8%B4%D8%B1/1486624/%D9%88%D9%88%D9%84-%D8%B3%D8%AA%D8%B1%D9%8A%D8%AA-%D8%AC%D9%88%D8%B1%D9%86%D8%A7%D9%84--%D8%A7%D9%84%D8%AA%D8%AD%D9%82%D9%8A%D9%82-%D9%81%D9%8A-%D8%AA%D9%81%D8%AC%D9%8A%D8%B1-%D8%A3%D8%AC%D9%87%D8%B2%D8%A9-%D8%A7%D9%84%D9%86%D8%AF%D8%A7%D8%A1-%D8%A8%D9%84%D8%A8%D9%86%D8%A7%D9%86-%D9%82%D8%A7%D8%AF-%D8%A5%D9%84%D9%89-%D9%85%D8%AA%D8%A7%D9%87%D8%A9-%D9%85%D9%86-%D8%B4%D8%B1%D9%83%D8%A7%D8%AA-%D9%88%D8%A3%D9%81%D8%B1%D8%A7%D8%AF-%D9%85%D8%B4%D8%A8%D9%88%D9%87%D9%8A%D9%86-%D9%81%D9%8A-%D8%A2%D8%B3%D9%8A%D8%A7-%D9%88%D8%A3%D9%88%D8%B1%D9%88%D8%A8%D8%A7,included,
https://www.mtv.com.lb/News/%D9%85%D8%A8%D8%A7%D8%B4%D8%B1/1486647/%D8%A7%D9%84%D8%A3%D8%A8%D9%8A%D8%B6--%D8%B3%D8%AC-%D9%84%D9%86%D8%A7-%D8%B3%D9%82%D9%88%D8%B7-12-%D8%B4%D9%87%D9%8A%D8%AF-%D8%A7-%D9%81%D9%8A-%D8%AA%D9%81%D8%AC%D9%8A%D8%B1--%D8%A7%D9%84%D8%A8%D9%8A%D8%AC%D8%B1--%D9%8827-%D8%B4%D9%87%D9%8A%D8%AF-%D8%A7-%D9%81%D9%8A-%D8%AA%D9%81%D8%AC%D9%8A%D8%B1-%D8%A7%D9%84%D8%A3%D8%AC%D9%87%D8%B2%D8%A9-%D8%A7%D9%84%D9%84%D8%A7%D8%B3%D9%84%D9%83%D9%8A%D8%A9-%D9%88%D9%82%D8%AF-%D8%A3%D8%AC%D8%B1%D9%8A%D8%AA-2078-%D8%B9%D9%85%D9%84%D9%8A%D8%A9-%D9%81%D9%8A-%D8%A7%D9%84%D9%85%D8%B3%D8%AA%D8%B4%D9%81%D9%8A%D8%A7%D8%AA,included,
https://www.mtv.com.lb/News/%D9%85%D8%A8%D8%A7%D8%B4%D8%B1/1486649/%D8%A7%D9%84%D8%A3%D8%A8%D9%8A%D8%B6--%D9%84%D8%A7-%D9%8A%D8%B2%D8%A7%D9%84-777-%D8%AC%D8%B1%D9%8A%D8%AD-%D8%A7-%D9%86%D8%AA%D9%8A%D8%AC%D8%A9-%D8%AA%D9%81%D8%AC%D9%8A%D8%B1--%D8%A7%D9%84%D8%A8%D9%8A%D8%AC%D8%B1--%D9%88%D8%A7%D9%84%D8%A3%D8%AC%D9%87%D8%B2%D8%A9-%D8%A7%D9%84%D9%84%D8%A7%D8%B3%D9%84%D9%83%D9%8A%D8%A9-%D9%81%D9%8A-%D8%A7%D9%84%D9%85%D8%B3%D8%AA%D8%B4%D9%81%D9%8A%D8%A7%D8%AA-%D9%88152-%D9%85%D9%86%D9%87%D9%85-%D9%81%D9%8A-%D8%A7%D9%84%D8%B9%D9%86%D8%A7%D9%8A%D8%A9-%D8%A7%D9%84%D9%81%D8%A7%D8%A6%D9%82%D8%A9,included,
https://www.mtv.com.lb/News/%D9%85%D8%A8%D8%A7%D8%B4%D8%B1/1486978/%D8%A7%D9%84%D8%B1%D8%A6%D9%8A%D8%B3-%D8%A7%D9%84%D8%A5%D8%B3%D8%B1%D8%A7%D8%A6%D9%8A%D9%84%D9%8A--%D8%AD%D8%B2%D8%A8-%D8%A7%D9%84%D9%84%D9%87-%D9%84%D8%AF%D9%8A%D9%87-%D8%A3%D8%B9%D8%AF%D8%A7%D8%A1-%D9%83%D8%AB%D8%B1-%D9%87%D8%B0%D9%87-%D8%A7%D9%84%D8%A3%D9%8A%D8%A7%D9%85-%D9%88%D9%84%D9%8A%D8%B3-%D9%84%D8%AF%D9%8A%D9%86%D8%A7-%D8%B9%D9%84%D8%A7%D9%82%D8%A9-%D8%A8%D8%AA%D9%81%D8%AC%D9%8A%D8%B1%D8%A7%D8%AA--%D8%A7%D9%84%D8%A8%D9%8A%D8%AC%D8%B1--%D9%88%D9%85%D9%86-%D8%A7%D9%84%D9%88%D8%A7%D8%B6%D8%AD-%D8%A3%D9%86-%D8%A7%D8%AD%D8%AA%D9%85%D8%A7%D9%84%D8%A7%D8%AA-%D8%A7%D9%84%D8%AA%D8%B5%D8%B9%D9%8A%D8%AF-%D9%83%D8%A8%D9%8A%D8%B1%D8%A9-%D8%AC%D8%AF%D8%A7-,included,
https://www.mtv.com.lb/News/%D9%85%D8%A8%D8%A7%D8%B4%D8%B1/1488919/%D8%AD%D8%B2%D8%A8-%D8%A7%D9%84%D9%84%D9%87--%D9%85%D9%82%D8%B1-%D8%A7%D9%84%D9%85%D9%88%D8%B3%D8%A7%D8%AF-%D8%A7%D9%84%D8%B0%D9%8A-%D8%AA%D9%85-%D8%A7%D8%B3%D8%AA%D9%87%D8%AF%D8%A7%D9%81%D9%87-%D9%85%D8%B3%D8%A4%D9%88%D9%84-%D8%B9%D9%86-%D8%A7%D8%BA%D8%AA%D9%8A%D8%A7%D9%84-%D8%A7%D9%84%D9%82%D8%A7%D8%AF%D8%A9-%D9%88%D8%B9%D9%86-%D8%AA%D9%81%D8%AC%D9%8A%D8%B1--%D8%A7%D9%84%D8%A8%D9%8A%D8%AC%D8%B1--%D9%88%D8%A3%D8%AC%D9%87%D8%B1%D8%A9-%D8%A7%D9%84%D9%84%D8%A7%D8%B3%D9%84%D9%83%D9%8A,included,
https://www.mtv.com.lb/News/%D9%85%D8%A8%D8%A7%D8%B4%D8%B1/1489095/-%D8%B1%D9%88%D9%8A%D8%AA%D8%B1%D8%B2---1500-%D8%B9%D9%86%D8%B5%D8%B1-%D8%A8%D9%80-%D8%AD%D8%B2%D8%A8-%D8%A7%D9%84%D9%84%D9%87--%D8%A3%D8%B5%D9%8A%D8%A8%D9%88%D8%A7-%D8%A8%D8%A7%D9%84%D8%B9%D9%85%D9%89-%D8%A3%D9%88-%D9%81%D9%82%D8%AF%D9%88%D8%A7-%D8%A3%D9%8A%D8%AF%D9%8A%D9%87%D9%85-%D8%AC%D8%B1%D8%A7%D8%A1-%D9%87%D8%AC%D9%85%D8%A7%D8%AA-%D8%A7%D9%84%D9%84%D8%A7%D8%B3%D9%84%D9%83%D9%8A,included,
https://www.mtv.com.lb/News/%D9%85%D8%A8%D8%A7%D8%B4%D8%B1/1489567/%D9%88%D8%B2%D9%8A%D8%B1-%D8%A7%D9%84%D8%AE%D8%A7%D8%B1%D8%AC%D9%8A%D8%A9-%D8%A7%D9%84%D8%B3%D9%88%D8%B1%D9%8A--%D8%AA%D8%AC%D8%A7%D9%87%D9%84-%D9%85%D8%AC%D9%84%D8%B3-%D8%A7%D9%84%D8%A7%D9%85%D9%86-%D9%84%D8%A5%D8%AF%D8%A7%D9%86%D8%A9-%D8%A7%D8%B9%D8%AA%D8%AF%D8%A7%D8%A1%D8%A7%D8%AA--%D8%A7%D9%84%D8%A8%D9%8A%D8%AC%D8%B1--%D8%B4%D8%AC-%D8%B9-%D8%A5%D8%B3%D8%B1%D8%A7%D8%A6%D9%8A%D9%84-%D8%B9%D9%84%D9%89-%D8%A7%D9%84%D8%AD%D8%B1%D8%A8-%D9%81%D9%8A-%D9%84%D8%A8%D9%86%D8%A7%D9%86,included,
https://www.mtv.com.lb/News/%D9%85%D8%A8%D8%A7%D8%B4%D8%B1/1490054/%D8%A3%D8%B5%D9%88%D8%A7%D8%AA-%D8%A7%D9%84%D8%AA%D9%81%D8%AC%D9%8A%D8%B1%D8%A7%D8%AA-%D8%A7%D9%84%D8%AA%D9%8A-%D8%B3%D9%85%D8%B9%D8%AA-%D9%81%D9%8A-%D8%A8%D9%8A%D8%B1%D9%88%D8%AA-%D9%88%D8%B6%D9%88%D8%A7%D8%AD%D9%8A%D9%87%D8%A7-%D9%86%D8%A7%D8%AA%D8%AC%D8%A9-%D8%B9%D9%86-%D8%AA%D9%81%D8%AC%D9%8A%D8%B1-%D8%A7%D9%84%D8%AC%D9%8A%D8%B4-%D9%84%D8%A3%D8%AC%D9%87%D8%B2%D8%A9-%D8%A8%D9%8A%D8%AC%D8%B1%D8%B2-%D9%88%D8%A3%D8%AC%D9%87%D8%B2%D8%A9-%D8%A7%D8%AA-%D8%B5%D8%A7%D9%84-%D9%85%D8%B4%D8%A8%D9%88%D9%87%D8%A9-%D9%81%D9%8A-%D9%85%D9%86%D8%B7%D9%82%D8%A9-%D9%83%D9%88%D8%B3%D8%AA%D8%A7%D8%A8%D8%B1%D8%A7%D9%81%D8%A7---%D8%A7%D9%84%D8%B4%D9%88%D9%8A%D9%81%D8%A7%D8%AA,included,date_missing
https://www.mtv.com.lb/News/%D9%85%D8%A8%D8%A7%D8%B4%D8%B1/1494127/%D9%83%D8%AA%D8%A7%D9%86%D8%A9-%D9%84%D9%80mtv--%D9%81%D9%88%D8%AC%D8%A6%D9%86%D8%A7-%D8%A8%D9%83%D8%A7%D8%B1%D8%AB%D8%AA%D9%8A%D9%86-%D9%83%D8%A8%D9%8A%D8%B1%D8%AA%D9%8A%D9%86-%D9%87%D9%85%D8%A7-%D8%A7%D9%86%D9%81%D8%AC%D8%A7%D8%B1-%D9%85%D8%B1%D9%81%D8%A3-%D8%A8%D9%8A%D8%B1%D9%88%D8%AA-%D9%88%D8%B9%D9%85%D9%84%D9%8A-%D8%A9--%D8%A7%D9%84%D8%A8%D9%8A%D8%AC%D8%B1%D8%B2--%D9%84%D8%A3%D9%86-%D9%86%D8%A7-%D9%86%D9%82%D9%84%D9%86%D8%A7-%D8%B9%D8%AF%D8%AF%D8%A7--%D9%83%D8%A8%D9%8A%D8%B1%D8%A7--%D9%85%D9%86-%D8%A7%D9%84%D9%85%D8%B5%D8%A7%D8%A8%D9%8A%D9%86-%D9%81%D9%8A-%D9%83%D9%84--%D9%84%D8%A8%D9%86%D8%A7%D9%86-%D9%88%D9%81%D9%8A-%D8%A7%D9%84%D9%88%D9%82%D8%AA-%D9%86%D9%81%D8%B3%D9%87,included,
https://www.mtv.com.lb/News/%D9%85%D9%80%D9%80%D8%AD%D9%80%D9%80%D9%84%D9%80%D9%80%D9%8A%D9%80%D9%80%D8%A7%D8%AA/1482856/%D8%A8%D8%A7%D9%84%D8%B5-%D9%88%D8%B1%D8%A9--%D8%AA%D9%81%D8%AC%D9%8A%D8%B1-%D8%A7%D9%84%D8%A3%D8%AC%D9%87%D8%B2%D8%A9-%D8%A7%D9%84%D9%84%D8%A7%D8%B3%D9%84%D9%83%D9%8A%D8%A9-%D9%84%D9%80-%D8%A7%D9%84%D8%AD%D8%B2%D8%A8--%D9%81%D9%8A-%D8%A7%D9%84%D8%B6-%D8%A7%D8%AD%D9%8A%D8%A9,included,date_missing
https://www.mtv.com.lb/News/%D9%85%D9%80%D9%80%D8%AD%D9%80%D9%80%D9%84%D9%80%D9%80%D9%8A%D9%80%D9%80%D8%A7%D8%AA/1482863/%D8%A8%D8%A7%D9%84%D9%81%D9%8A%D8%AF%D9%8A%D9%88--%D9%84%D8%AD%D8%B8%D8%A9-%D8%A7%D9%86%D9%81%D8%AC%D8%A7%D8%B1-%D9%84%D8%A7%D8%B3%D9%84%D9%83%D9%8A-%D9%81%D9%8A-%D8%A3%D8%AD%D8%AF-%D8%A7%D9%84%D9%85%D8%AD%D8%A7%D9%84,excluded:url-duplicate,
https://www.mtv.com.lb/News/%D9%85%D9%80%D9%80%D8%AD%D9%80%D9%80%D9%84%D9%80%D9%80%D9%8A%D9%80%D9%80%D8%A7%D8%AA/1482897/-%D8%A3%D9%83%D8%A8%D8%B1-%D8%A7%D8%AE%D8%AA%D8%B1%D8%A7%D9%82-%D8%A3%D9%85%D9%86%D9%8A------%D8%AA%D9%81%D8%AC%D9%8A%D8%B1-%D8%A3%D8%AC%D9%87%D8%B2%D8%A9-pager-%D8%A7%D9%84%D8%AA%D8%A7%D8%A8%D8%B9%D8%A9-%D9%84%D9%80-%D8%A7%D9%84%D8%AD%D8%B2%D8%A8-,excluded:url-duplicate,
https://www.mtv.com.lb/News/%D9%85%D9%80%D9%80%D8%AD%D9%80%D9%80%D9%84%D9%80%D9%80%D9%8A%D9%80%D9%80%D8%A7%D8%AA/1482916/%D8%A8%D8%A7%D9%84%D9%81%D9%8A%D8%AF%D9%8A%D9%88--mtv-%D8%AA%D8%B1%D8%B5%D8%AF-%D8%B3%D9%8A%D8%A7%D8%B1%D8%A9-%D8%A7%D9%86%D9%81%D8%AC%D8%B1-%D9%81%D9%8A%D9%87%D8%A7-%D8%AC%D9%87%D8%A7%D8%B2-pager,included,date_missing
https://www.mtv.com.lb/News/%D9%85%D9%80%D9%80%D8%AD%D9%80%D9%80%D9%84%D9%80%D9%80%D9%8A%D9%80%D9%80%D8%A7%D8%AA/1483944/%D8%A3%D8%AC%D9%87%D8%B2%D8%A9-%D8%A7%D9%84%D9%80pager-%D8%A7%D9%84%D9%85%D8%AA%D9%81%D8%AC-%D8%B1%D8%A9-%D8%A3%D8%AA%D8%AA-%D8%A8%D8%B4%D8%AD%D9%86%D8%A9-%D8%AC%D8%AF%D9%8A%D8%AF%D8%A9----%D9%88%D9%87%D9%83%D8%B0%D8%A7-%D8%AE-%D8%B1-%D9%82-%D8%AA-,included,date_missing
https://www.mtv.com.lb/News/%D9%85%D9%80%D9%80%D8%AD%D9%80%D9%80%D9%84%D9%80%D9%80%D9%8A%D9%80%D9%80%D8%A7%D8%AA/1483987/%D8%AA%D9%81%D8%AC%D9%8A%D8%B1-%D8%A7%D9%84%D9%80pager--%D8%AB%D9%85%D8%A7%D9%86%D9%8A%D8%A9-%D8%B4%D9%87%D8%AF%D8%A7%D8%A1-%D8%A8%D9%8A%D9%86%D9%87%D9%85-%D9%86%D8%AC%D9%84-%D9%86%D8%A7%D8%A6%D8%A8-%D9%88%D8%B9%D8%AF%D8%AF-%D9%83%D8%A8%D9%8A%D8%B1-%D9%85%D9%86-%D8%A7%D9%84%D8%AC%D8%B1%D8%AD%D9%89,included,date_missing
https://www.mtv.com.lb/News/%D9%85%D9%80%D9%80%D8%AD%D9%80%D9%80%D9%84%D9%80%D9%80%D9%8A%D9%80%D9%80%D8%A7%D8%AA/1484165/-%D9%84%D9%85-%D9%86%D8%B4%D8%A7%D8%B1%D9%83-----%D9%88%D8%A7%D8%B4%D9%86%D8%B7%D9%86-%D8%AA-%D8%B9%D9%84-%D9%82-%D8%B9%D9%84%D9%89--%D8%AA%D9%81%D8%AC%D9%8A%D8%B1%D8%A7%D8%AA-%D8%A7%D9%84%D8%A8%D9%8A%D8%AC%D8%B1-,included,date_missing
https://www.mtv.com.lb/News/%D9%85%D9%80%D9%80%D8%AD%D9%80%D9%80%D9%84%D9%80%D9%80%D9%8A%D9%80%D9%80%D8%A7%D8%AA/1484211/%D8%A8%D8%A7%D9%84%D9%81%D9%8A%D8%AF%D9%8A%D9%88--%D9%85%D8%A7%D8%B0%D8%A7-%D8%A8%D8%B9%D8%AF-%D8%AA%D9%81%D8%AC%D9%8A%D8%B1--%D8%A7%D9%84%D8%A8%D9%8A%D8%AC%D8%B1--,included,
https://www.mtv.com.lb/News/%D9%85%D9%80%D9%80%D8%AD%D9%80%D9%80%D9%84%D9%80%D9%80%D9%8A%D9%80%D9%80%D8%A7%D8%AA/1484228/-%D8%B6%D8%B1%D8%A8%D8%A9-%D8%A7%D9%84%D8%A8%D9%8A%D8%AC%D8%B1-----%D9%84%D9%85%D8%A7%D8%B0%D8%A7-%D8%A7%D9%84%D8%A2%D9%86-,included,
https://www.mtv.com.lb/News/%D9%85%D9%80%D9%80%D8%AD%D9%80%D9%80%D9%84%D9%80%D9%80%D9%8A%D9%80%D9%80%D8%A7%D8%AA/1484260/%D9%85%D8%A7%D8%B0%D8%A7-%D9%82%D8%A7%D9%84%D8%AA-%D8%B1%D9%88%D8%B3%D9%8A%D8%A7-%D8%B9%D9%86-%D8%AA%D9%81%D8%AC%D9%8A%D8%B1-%D8%A3%D8%AC%D9%87%D8%B2%D8%A9-%D8%A7%D9%84%D8%A7%D8%AA%D8%B5%D8%A7%D9%84-%D9%81%D9%8A-%D9%84%D8%A8%D9%86%D8%A7%D9%86-,included,
https://www.mtv.com.lb/News/%D9%85%D9%80%D9%80%D8%AD%D9%80%D9%80%D9%84%D9%80%D9%80%D9%8A%D9%80%D9%80%D8%A7%D8%AA/1485363/%D8%A8%D9%8A%D8%B1%D9%85--%D8%AA%D9%81%D8%AC%D9%8A%D8%B1--%D8%A7%D9%84%D8%A8%D9%8A%D8%AC%D8%B1--%D8%B9%D9%85%D9%84-%D8%A5%D8%B1%D9%87%D8%A7%D8%A8%D9%8A,included,
https://www.mtv.com.lb/News/%D9%85%D9%80%D9%80%D8%AD%D9%80%D9%80%D9%84%D9%80%D9%80%D9%8A%D9%80%D9%80%D8%A7%D8%AA/1485400/%D9%82%D8%A7%D8%A6%D8%AF-%D8%B3%D8%A7%D8%A8%D9%82-%D9%84%D9%84%D8%B4%D8%B1%D8%B7%D8%A9-%D8%A7%D9%84%D9%82%D8%B6%D8%A7%D8%A6%D9%8A%D8%A9-%D9%8A%D8%B4%D8%B1%D8%AD-%D8%AA%D9%81%D8%A7%D8%B5%D9%8A%D9%84-%D8%A7%D8%AE%D8%AA%D8%B1%D8%A7%D9%82--%D8%A7%D9%84%D8%A8%D9%8A%D8%AC%D8%B1-,included,
https://www.mtv.com.lb/News/%D9%85%D9%80%D9%80%D8%AD%D9%80%D9%80%D9%84%D9%80%D9%80%D9%8A%D9%80%D9%80%D8%A7%D8%AA/1485468/%D9%8A%D9%88%D9%85-%D8%B1%D8%B9%D8%A8-%D8%AC%D8%AF%D9%8A%D8%AF----%D8%A5%D9%86%D9%81%D8%AC%D8%A7%D8%B1-%D8%A3%D8%AC%D9%87%D8%B2%D8%A9--%D8%A7%D9%84%D8%AD%D8%B2%D8%A8--%D8%A7%D9%84%D9%84%D8%A7%D8%B3%D9%84%D9%83%D9%8A%D8%A9,included,
https://www.mtv.com.lb/News/%D9%85%D9%80%D9%80%D8%AD%D9%80%D9%80%D9%84%D9%80%D9%80%D9%8A%D9%80%D9%80%D8%A7%D8%AA/1485572/%D8%AD%D8%B2%D8%A8-%D8%A7%D9%84%D9%84%D9%87-%D8%B4%D9%8A-%D8%B9-4-%D8%B4%D9%87%D8%AF%D8%A7%D8%A1-%D8%B3%D9%82%D8%B7%D9%88%D8%A7-%D8%A3%D9%85%D8%B3-%D8%AC%D8%B1%D8%A7%D8%A1-%D8%AA%D9%81%D8%AC%D9%8A%D8%B1%D8%A7%D8%AA--%D8%A7%D9%84%D8%A8%D9%8A%D8%AC%D8%B1-,included,
https://www.mtv.com.lb/News/%D9%85%D9%80%D9%80%D8%AD%D9%80%D9%80%D9%84%D9%80%D9%80%D9%8A%D9%80%D9%80%D8%A7%D8%AA/1485586/%D8%A8%D8%A7%D9%84%D9%81%D9%8A%D8%AF%D9%8A%D9%88--%D8%A7%D9%84%D8%AC%D9%8A%D8%B4-%D9%8A%D9%81%D8%AC-%D8%B1-%D8%AC%D9%87%D8%A7%D8%B2%D8%A7--%D9%84%D8%A7%D8%B3%D9%84%D9%83%D9%8A%D8%A7-,included,
https://www.mtv.com.lb/News/%D9%85%D9%80%D9%80%D8%AD%D9%80%D9%80%D9%84%D9%80%D9%80%D9%8A%D9%80%D9%80%D8%A7%D8%AA/1485664/%D8%A5%D8%B5%D8%A7%D8%A8%D8%A7%D8%AA-%D8%AA%D9%81%D8%AC%D9%8A%D8%B1%D8%A7%D8%AA--%D8%A7%D9%84%D8%A8%D9%8A%D8%AC%D8%B1--%D8%A3%D8%B4%D8%AF--%D9%85%D9%86-%D8%A7%D9%86%D9%81%D8%AC%D8%A7%D8%B1-%D8%A7%D9%84%D9%85%D8%B1%D9%81%D8%A3,included,date_missing
https://www.mtv.com.lb/News/%D9%85%D9%80%D9%80%D8%AD%D9%80%D9%80%D9%84%D9%80%D9%80%D9%8A%D9%80%D9%80%D8%A7%D8%AA/1485665/%D9%85%D8%AC%D8%B2%D8%B1%D8%A9--%D8%A7%D9%84%D8%A8%D9%8A%D8%AC%D8%B1---%D8%B9%D9%86%D8%AF%D9%85%D8%A7-%D8%A7%D8%AC%D8%AA%D8%A7%D8%AD-%D8%A7%D9%84%D9%81%D9%8A%D8%B1%D9%88%D8%B3-%D8%A7%D9%84%D8%B6%D8%A7%D8%AD%D9%8A%D8%A9-,included,date_missing
https://www.mtv.com.lb/News/%D9%85%D9%80%D9%80%D8%AD%D9%80%D9%80%D9%84%D9%80%D9%80%D9%8A%D9%80%D9%80%D8%A7%D8%AA/1485673/%D8%AA%D9%81%D8%A7%D8%B5%D9%8A%D9%84-%D9%85%D8%B3%D8%A7%D8%B1-%D8%A7%D9%84%D8%AA%D8%AD%D9%82%D9%8A%D9%82-%D8%A8%D8%AA%D9%81%D8%AC%D9%8A%D8%B1--%D8%A7%D9%84%D8%A8%D9%8A%D8%AC%D8%B1-?,included,date_missing
https://www.mtv.com.lb/News/%D9%85%D9%80%D9%80%D8%AD%D9%80%D9%80%D9%84%D9%80%D9%80%D9%8A%D9%80%D9%80%D8%A7%D8%AA/1485677/%D8%B9%D9%85%D9%84%D9%8A%D8%A9--%D8%A8%D9%8A%D8%AC%D8%B1-----%D8%A5%D8%B9%D9%84%D8%A7%D9%86-%D8%AD%D8%B1%D8%A8-%D8%A3%D9%85-%D8%A8%D8%AF%D8%A7%D9%8A%D8%A9-%D8%AA%D8%B3%D9%88%D9%8A%D8%A9-,included,date_missing
https://www.mtv.com.lb/News/%D9%85%D9%80%D9%80%D8%AD%D9%80%D9%80%D9%84%D9%80%D9%80%D9%8A%D9%80%D9%80%D8%A7%D8%AA/1485688/%D9%85-%D9%86-%D9%8A%D8%B3%D8%AA%D8%AE%D8%AF%D9%85-%D8%A3%D8%AC%D9%87%D8%B2%D8%A9--%D8%A7%D9%84%D8%A8%D9%8A%D8%AC%D8%B1--,included,date_missing
https://www.mtv.com.lb/News/%D9%85%D9%80%D9%80%D8%AD%D9%80%D9%80%D9%84%D9%80%D9%80%D9%8A%D9%80%D9%80%D8%A7%D8%AA/1485727/%D8%A8%D8%B9%D8%AF-%D8%A7%D9%86%D9%81%D8%AC%D8%A7%D8%B1-%D8%A3%D8%AC%D9%87%D8%B2%D8%A9-%D8%A7%D9%84%D8%A7%D8%AA%D8%B5%D8%A7%D9%84%D8%A7%D8%AA----%D8%A8%D9%88%D8%B1%D9%8A%D9%84-%D9%8A-%D8%B9%D9%84-%D9%82--%D8%A3%D8%AF%D9%8A%D9%86-%D8%A8%D8%B4%D8%AF-%D8%A9,included,
https://www.mtv.com.lb/News/%D9%85%D9%80%D9%80%D8%AD%D9%80%D9%80%D9%84%D9%80%D9%80%D9%8A%D9%80%D9%80%D8%A7%D8%AA/1485743/%D8%A8%D8%B9%D8%AF-%D8%A7%D9%86%D9%81%D8%AC%D8%A7%D8%B1-%D8%A7%D9%84%D8%A3%D8%AC%D9%87%D8%B2%D8%A9-%D8%A7%D9%84%D9%84%D8%A7%D8%B3%D9%84%D9%83%D9%8A%D8%A9----%D9%87%D9%88%D8%A7%D8%AA%D9%81%D9%86%D8%A7-%D8%A8%D8%AE%D8%B7%D8%B1-,excluded:url-duplicate,
https://www.mtv.com.lb/News/%D9%85%D9%80%D9%80%D8%AD%D9%80%D9%80%D9%84%D9%80%D9%80%D9%8A%D9%80%D9%80%D8%A7%D8%AA/1485749/-%D8%A7%D9%84%D8%A8%D9%8A%D8%AC%D8%B1--%D9%88%D8%A7%D9%84%D8%A3%D8%AC%D9%87%D8%B2%D8%A9-%D8%A7%D9%84%D9%84%D8%A7%D8%B3%D9%84%D9%83%D9%8A-%D8%A9-%D9%85%D9%85%D9%86%D9%88%D8%B9%D8%A9-%D9%81%D9%8A-%D8%A7%D9%84%D8%B7-%D8%A7%D8%A6%D8%B1%D8%A7%D8%AA-?,included,date_missing
https://www.mtv.com.lb/News/%D9%85%D9%80%D9%80%D8%AD%D9%80%D9%80%D9%84%D9%80%D9%80%D9%8A%D9%80%D9%80%D8%A7%D8%AA/1485779/%D8%AA%D9%81%D8%AC%D9%8A%D8%B1%D8%A7%D8%AA--%D8%A7%D9%84%D8%A8%D9%8A%D8%AC%D8%B1-----%D9%85%D8%B9%D9%84%D9%88%D9%85%D8%A7%D8%AA-%D8%AE%D8%B7%D9%8A%D8%B1%D8%A9-%D8%AA%D8%AA%D9%83%D8%B4-%D9%81,excluded:url-duplicate,
https://www.mtv.com.lb/News/%D9%85%D9%80%D9%80%D8%AD%D9%80%D9%80%D9%84%D9%80%D9%80%D9%8A%D9%80%D9%80%D8%A7%D8%AA/1485791/%D8%A7%D9%84%D8%B9%D8%A8%D8%B3%D9%8A-%D8%A7%D8%B3%D8%AA%D9%86%D9%83%D8%B1-%D8%AA%D9%81%D8%AC%D9%8A%D8%B1-%D8%A3%D8%AC%D9%87%D8%B2%D8%A9-%D8%A7%D9%84%D8%A7%D8%AA%D8%B5%D8%A7%D9%84%D8%A7%D8%AA--%D8%A7%D9%86%D8%AA%D9%87%D8%A7%D9%83-%D8%B5%D8%A7%D8%B1%D8%AE-%D9%84%D9%85%D9%88%D8%A7%D8%AB%D9%8A%D9%82-%D8%A7%D9%84%D8%A3%D9%85%D9%85-%D8%A7%D9%84%D9%85%D8%AA%D8%AD%D8%AF%D8%A9,included,
https://www.mtv.com.lb/News/%D9%85%D9%80%D9%80%D8%AD%D9%80%D9%80%D9%84%D9%80%D9%80%D9%8A%D9%80%D9%80%D8%A7%D8%AA/1485801/%D8%A8%D8%A7%D9%84%D9%81%D9%8A%D8%AF%D9%8A%D9%88--%D8%AA%D9%81%D8%AC%D9%8A%D8%B1-%D8%AC%D9%87%D8%A7%D8%B2%D9%8A-%D9%84%D8%A7%D8%B3%D9%84%D9%83%D9%8A,included,
https://www.mtv.com.lb/News/%D9%85%D9%80%D9%80%D8%AD%D9%80%D9%80%D9%84%D9%80%D9%80%D9%8A%D9%80%D9%80%D8%A7%D8%AA/1485846/%D8%AD%D8%B5%D9%8A%D9%84%D8%A9-%D8%B4%D9%87%D8%AF%D8%A7%D8%A1-%D9%88%D8%AC%D8%B1%D8%AD%D9%89-%D8%AA%D9%81%D8%AC%D9%8A%D8%B1%D8%A7%D8%AA--%D8%A7%D9%84%D8%A8%D9%8A%D8%AC%D8%B1--%D9%88%D8%A7%D9%84%D9%84%D8%A7%D8%B3%D9%84%D9%83%D9%8A,included,date_missing
https://www.mtv.com.lb/News/%D9%85%D9%80%D9%80%D8%AD%D9%80%D9%80%D9%84%D9%80%D9%80%D9%8A%D9%80%D9%80%D8%A7%D8%AA/1486127/-%D8%A7%D9%84%D8%AD%D8%B2%D8%A8--%D9%8A%D8%AD%D8%AA%D9%88%D9%8A-%D8%B6%D8%B1%D8%A8%D8%A7%D8%AA-%D8%A7%D9%84%D9%84%D8%A7%D8%B3%D9%84%D9%83%D9%8A-----%D9%84%D8%A7-%D8%B9%D9%88%D8%AF%D8%A9-%D9%84%D8%B3%D9%83-%D8%A7%D9%86-%D8%A7%D9%84%D8%B4%D9%85%D8%A7%D9%84--,included,date_missing
https://www.mtv.com.lb/News/%D9%85%D9%80%D9%80%D8%AD%D9%80%D9%80%D9%84%D9%80%D9%80%D9%8A%D9%80%D9%80%D8%A7%D8%AA/1486135/%D8%A8%D8%B9%D8%AF-%D8%AA%D9%81%D8%AC%D9%8A%D8%B1%D8%A7%D8%AA-%D8%A7%D9%84%D9%80-%D8%A8%D9%8A%D8%AC%D8%B1%D8%B2-----%D9%83%D9%8A%D9%81-%D8%B3%D9%8A%D8%B1%D8%AF---%D8%A7%D9%84%D8%AD%D8%B2%D8%A8--,included,date_missing
https://www.mtv.com.lb/News/%D9%85%D9%80%D9%80%D8%AD%D9%80%D9%80%D9%84%D9%80%D9%80%D9%8A%D9%80%D9%80%D8%A7%D8%AA/1486198/%D8%A7%D9%84%D8%AE%D8%B7-%D8%A9-%D9%85%D9%86%D8%B0-15-%D8%B9%D8%A7%D9%85%D8%A7-----%D9%85%D8%B9%D9%84%D9%88%D9%85%D8%A7%D8%AA-%D8%AC%D8%AF%D9%8A%D8%AF%D8%A9-%D8%B9%D9%86--%D8%AA%D9%81%D8%AC%D9%8A%D8%B1-%D8%A7%D9%84%D8%A8%D9%8A%D8%AC%D8%B1-,included,
https://www.mtv.com.lb/News/%D9%85%D9%80%D9%80%D8%AD%D9%80%D9%80%D9%84%D9%80%D9%80%D9%8A%D9%80%D9%80%D8%A7%D8%AA/1486266/%D9%85%D8%A7%D8%B0%D8%A7-%D9%88-%D8%AC%D8%AF-%D8%AF%D8%A7%D8%AE%D9%84--%D8%A7%D9%84%D9%88%D9%88%D9%83%D9%8A-%D8%AA%D9%88%D9%83%D9%8A--,included,
https://www.mtv.com.lb/News/%D9%85%D9%80%D9%80%D8%AD%D9%80%D9%80%D9%84%D9%80%D9%80%D9%8A%D9%80%D9%80%D8%A7%D8%AA/1486588/-%D8%A2%D9%8A%D9%83%D9%88%D9%85--%D8%A7%D9%84%D9%8A%D8%A7%D8%A8%D8%A7%D9%86%D9%8A%D8%A9--%D8%A7%D9%84%D8%A3%D8%AC%D9%87%D8%B2%D8%A9-%D8%A7%D9%84%D9%84%D8%A7%D8%B3%D9%84%D9%83%D9%8A%D8%A9-%D9%84%D9%8A%D8%B3%D8%AA-%D9%85%D9%86-%D9%85%D9%86%D8%AA%D8%AC%D8%A7%D8%AA%D9%86%D8%A7,included,exact_body_duplicate
https://www.mtv.com.lb/News/%D9%85%D9%80%D9%80%D8%AD%D9%80%D9%80%D9%84%D9%80%D9%80%D9%8A%D9%80%D9%80%D8%A7%D8%AA/1486599/%D9%85%D9%86-%D9%87%D9%8A-%D8%A7%D9%84%D9%85%D8%B1%D8%A3%D8%A9-%D8%A7%D9%84%D8%BA%D8%A7%D9%85%D8%B6%D8%A9-%D8%A7%D9%84%D8%AA%D9%8A-%D8%A7%D8%B1%D8%AA%D8%A8%D8%B7-%D8%A7%D8%B3%D9%85%D9%87%D8%A7-%D8%A8%D8%AA%D9%81%D8%AC%D9%8A%D8%B1%D8%A7%D8%AA--%D8%A7%D9%84%D8%A8%D9%8A%D8%AC%D8%B1--,excluded:url-duplicate,
https://www.mtv.com.lb/News/%D9%85%D9%80%D9%80%D8%AD%D9%80%D9%80%D9%84%D9%80%D9%80%D9%8A%D9%80%D9%80%D8%A7%D8%AA/1486639/%D8%B1%D8%AC%D8%A7%D9%84-%D8%A3%D8%B9%D9%85%D8%A7%D9%84-%D8%BA%D8%A7%D9%85%D8%B6%D9%88%D9%86-%D9%88%D8%B1%D8%A7%D8%A1-%D8%A3%D8%AC%D9%87%D8%B2%D8%A9-%D8%A7%D9%84%D9%80-%D8%A8%D9%8A%D8%AC%D8%B1-,included,date_missing
https://www.mtv.com.lb/News/%D9%85%D9%80%D9%80%D8%AD%D9%80%D9%80%D9%84%D9%80%D9%80%D9%8A%D9%80%D9%80%D8%A7%D8%AA/1486870/%D8%B1%D8%AF%D8%A7--%D8%B9%D9%84%D9%89-%D9%85%D8%AC%D8%B2%D8%B1%D8%AA%D9%8A--%D8%A7%D9%84%D8%A8%D8%A7%D9%8A%D8%AC%D8%B1--%D9%88-%D8%A7%D9%84%D9%84%D8%A7%D8%B3%D9%84%D9%83%D9%8A-----%D9%87%D8%B0%D8%A7-%D9%85%D8%A7-%D8%A3%D8%B9%D9%84%D9%86%D9%87--%D8%A7%D9%84%D8%AD%D8%B2%D8%A8-,included,
https://www.mtv.com.lb/News/%D9%85%D9%80%D9%80%D8%AD%D9%80%D9%80%D9%84%D9%80%D9%80%D9%8A%D9%80%D9%80%D8%A7%D8%AA/1487198/%D8%AA%D9%81%D8%AC%D9%8A%D8%B1--%D8%A7%D9%84%D8%A8%D9%8A%D8%AC%D8%B1--%D9%88%D8%A7%D9%84%D8%A3%D8%AC%D9%87%D8%B2%D8%A9-%D8%A7%D9%84%D9%84%D8%A7%D8%B3%D9%84%D9%83%D9%8A%D8%A9--%D9%85%D8%A7%D8%B0%D8%A7-%D8%A8%D8%B9%D8%AF-,included,
https://www.mtv.com.lb/News/%D9%85%D9%80%D9%80%D8%AD%D9%80%D9%80%D9%84%D9%80%D9%80%D9%8A%D9%80%D9%80%D8%A7%D8%AA/1490462/%D8%A8%D8%A7%D9%84%D8%B5-%D9%88%D8%B1%D8%A9--%D8%AC%D9%87%D8%A7%D8%B2-%D9%84%D8%A7%D8%B3%D9%84%D9%83%D9%8A-%D9%85%D8%B4%D8%A8%D9%88%D9%87-%D9%81%D9%8A-%D8%B2%D9%82%D8%A7%D9%82-%D8%A7%D9%84%D8%A8%D9%84%D8%A7%D8%B7---%D9%88%D9%82%D9%88%D9%89-%D8%A7%D9%84%D8%A3%D9%85%D9%86-%D8%AA%D8%AA%D8%AD%D8%B1-%D9%83,included,date_missing
https://www.mtv.com.lb/en/News/International/1485405/blinken-denies-us-involvement-in-lebanon-pager-blasts,included,
https://www.mtv.com.lb/en/News/International/1485716/taiwan-comments-on-the-pager-explosions,included,
https://www.mtv.com.lb/en/News/International/1486607/us-lawmaker-rashida-tlaib-condemns-cartoon-showing-her-with-exploding-pager,included,
https://www.mtv.com.lb/en/News/Live-Feed/1485621/iranian-media--some-injured-individuals-from-the-pager-explosion-in-lebanon-have-been-transported-to-iran,included,
https://www.mtv.com.lb/en/News/Live-Feed/1489571/syria-s-foreign-minister--the-security-council-s-failure-to-condemn-the--pager--attacks-has-encouraged-israel-to-wage-war-in-lebanon,included,
https://www.mtv.com.lb/en/News/Live_Feed/1484219/an-israeli-source-to-axios--israel-planned-to-blow-up-pagers-as-the-opening-blow-to-a-wide-scale-war,included,
https://www.mtv.com.lb/en/News/Live_Feed/1484225/the-new-york-times--the-iranian-ambassador-to-beirut-lost-one-eye-and-the-other-was-seriously-injured-in-the-pager-explosion,included,
https://www.mtv.com.lb/en/News/Live_Feed/1485835/mtv-sources--reports-indicate-that-over-500-individual-has-suffered-from-eye-injuries-during-the-pager-explosions--and-300-of-them-have-completly-lost-their-sight,included,
https://www.mtv.com.lb/en/News/Live_Feed/1486178/the-bulgarian-security-agency--no-pager-devices-involved-in-the-explosions-in-lebanon-were-imported--exported--or-manufactured-in-bulgaria,included,
https://www.mtv.com.lb/en/News/Live_Feed/1486189/american-media--citing-an-intelligence-official--israel-played-a-role-in-manufacturing-the-pager-devices-that-exploded-in-lebanon--and-this-operation-has-been-planned-for-at-least-15-years,included,
https://www.mtv.com.lb/en/News/Local/1482883/watch--discover-pager-devices-and-see-how-they-were-detonated,included,
https://www.mtv.com.lb/en/News/Local/1483939/watch--mtv-captures-the-car-where-a-pager-device-exploded,included,
https://www.mtv.com.lb/en/News/Local/1484143/hezbollah-vows-to-punish-israel-after-pager-explosions,included,
https://www.mtv.com.lb/en/News/Local/1485416/berri--mikati-discuss-aftermath-of-israeli-pager-attack,included,
https://www.mtv.com.lb/en/News/Local/1485773/beirut-airport-bans-pagers--walkie-talkies-on-all-flights,included,
https://www.mtv.com.lb/news/%D9%85%D9%80%D9%80%D8%AD%D9%80%D9%80%D9%84%D9%80%D9%80%D9%8A%D9%80%D9%80%D8%A7%D8%AA/1482879/%D8%A8%D8%A7%D9%84%D9%81%D9%8A%D8%AF%D9%8A%D9%88--%D8%AA%D8%B9%D8%B1-%D9%81%D9%88%D8%A7-%D8%A5%D9%84%D9%89-%D8%A3%D8%AC%D9%87%D8%B2%D8%A9-pagers----%D9%88%D9%87%D9%83%D8%B0%D8%A7-%D9%81-%D8%AC--%D8%B1-%D8%AA-,included,date_missing
https://www.mtv.com.lb/news/%D9%85%D9%80%D9%80%D8%AD%D9%80%D9%80%D9%84%D9%80%D9%80%D9%8A%D9%80%D9%80%D8%A7%D8%AA/1484183/%D8%AA%D9%81%D8%A7%D8%B5%D9%8A%D9%84-%D8%AC%D8%AF%D9%8A%D8%AF%D8%A9-%D8%B9%D9%86-%D8%A3%D8%AC%D9%87%D8%B2%D8%A9-%D8%A7%D9%84%D8%A7%D8%AA%D8%B5%D8%A7%D9%84-%D8%A7%D9%84%D9%85%D8%AA%D9%81%D8%AC-%D8%B1%D8%A9,included,
https://www.mtv.com.lb/news/%D9%85%D9%80%D9%80%D8%AD%D9%80%D9%80%D9%84%D9%80%D9%80%D9%8A%D9%80%D9%80%D8%A7%D8%AA/1484269/%D8%AA%D9%81%D8%AC%D9%8A%D8%B1-%D8%A3%D8%AC%D9%87%D8%B2%D8%A9-%D8%A7%D9%84%D8%A7%D8%AA%D8%B5%D8%A7%D9%84-%D9%81%D9%8A-%D9%84%D8%A8%D9%86%D8%A7%D9%86--%D8%AF%D8%B9%D9%88%D8%A9--%D9%84%D8%AA%D8%AD%D9%82%D9%8A%D9%82-%D8%AF%D9%88%D9%84%D9%8A,included,
https://www.mtv.com.lb/news/%D9%85%D9%80%D9%80%D8%AD%D9%80%D9%80%D9%84%D9%80%D9%80%D9%8A%D9%80%D9%80%D8%A7%D8%AA/1484303/%D9%85%D9%88%D8%B3%D9%89--%D8%AA%D9%81%D8%AC%D9%8A%D8%B1--%D8%A7%D9%84%D8%A8%D9%8A%D8%AC%D8%B1--%D8%A5%D9%86%D8%AA%D9%87%D8%A7%D9%83-%D9%84%D9%84%D8%AD%D8%B1%D9%85%D8%A7%D8%AA-%D9%88%D8%A7%D9%84%D9%82%D9%8A%D9%85-%D8%A7%D9%84%D8%A5%D9%86%D8%B3%D8%A7%D9%86%D9%8A%D8%A9-%D9%88%D8%A7%D9%84%D8%A3%D8%AE%D9%84%D8%A7%D9%82%D9%8A%D8%A9,included,date_missing
https://www.mtv.com.lb/news/%D9%85%D9%80%D9%80%D8%AD%D9%80%D9%80%D9%84%D9%80%D9%80%D9%8A%D9%80%D9%80%D8%A7%D8%AA/1486488/%D9%83%D9%8A%D9%81-%D8%A7%D9%86%D9%81%D8%AC%D8%B1%D8%AA-%D8%A3%D8%AC%D9%87%D8%B2%D8%A9-%D8%A7%D9%84%D9%86%D8%AF%D8%A7%D8%A1--%D8%A7%D9%84%D8%A8%D8%A7%D9%8A%D8%AC%D8%B1--%D9%88%D8%A7%D9%84%D9%84%D8%A7%D8%B3%D9%84%D9%83%D9%8A-,included,
https://www.mtv.com.lb/news/live_feed/1484225/the-new-york-times--the-iranian-ambassador-to-beirut-lost-one-eye-and-the-other-was-seriously-injured-in-the-pager-explosion,excluded:url-duplicate,
https://www.almanar.com.lb/12483099,included,
https://www.almanar.com.lb/12484837,included,
https://www.almanar.com.lb/12485024,included,
https://www.almanar.com.lb/12486674,included,
https://www.almanar.com.lb/12487224,included,
https://www.almanar.com.lb/12490084,excluded:none,
https://www.almanar.com.lb/12502063,excluded:none,
https://www.almanar.com.lb/12510599,included,
https://www.almanar.com.lb/12510720,included,
https://www.almanar.com.lb/12514966,excluded:none,
https://www.almanar.com.lb/12568866,included,
https://english.almanar.com.lb/2202653,included,date_missing
https://english.almanar.com.lb/2200695,included,date_missing
https://www.nna-leb.gov.lb/ar/international/722276/%D8%A7%D9%84%D9%83%D8%B1%D9%85%D9%84%D9%8A%D9%86-%D8%A3%D8%B9%D8%AA%D8%A8%D8%B1-%D8%AA%D9%81%D8%AC%D9%8A%D8%B1-%D8%A3%D8%AC%D9%87%D8%B2%D8%A9-%D8%A7%D9%84%D8%A7%D8%AA%D8%B5%D8%A7%D9%84-%D9%81%D9%8A-%D9%84%D8%A8%D9%86%D8%A7%D9%86-%D8%AA%D8%B5%D8%B9%D9%8A%D8%AF%D8%A7,included,date_missing
https://www.nna-leb.gov.lb/en/economy/722542/beirut-airport-bans-pagers-walkie-talkies-on-all-f,included,date_missing
https://www.almanar.com.lb/12481867,included,
https://www.almanar.com.lb/12482626,included,
https://www.almanar.com.lb/12482956,included,
https://www.almanar.com.lb/12483451,included,
https://www.almanar.com.lb/12484771,included,
https://www.almanar.com.lb/12484903,included,
https://www.almanar.com.lb/12485497,included,
https://www.almanar.com.lb/12485563,included,
https://www.almanar.com.lb/12486179,included,
https://www.almanar.com.lb/12486201,included,
https://www.almanar.com.lb/12486652,included,
https://www.almanar.com.lb/12486883,included,
https://www.almanar.com.lb/12487279,included,
https://www.almanar.com.lb/12487367,included,
https://www.almanar.com.lb/12487565,included,
https://www.almanar.com.lb/12487818,included,
https://www.almanar.com.lb/12488005,included,
https://www.almanar.com.lb/12488412,included,
https://www.almanar.com.lb/12488687,included,
https://www.almanar.com.lb/12488720,included,
https://www.almanar.com.lb/12490194,included,
https://www.almanar.com.lb/12490865,included,
https://www.almanar.com.lb/12492053,included,
https://www.almanar.com.lb/12493406,included,
https://www.almanar.com.lb/12494561,included,
https://www.almanar.com.lb/12494583,included,
https://www.almanar.com.lb/12494605,included,
https://www.almanar.com.lb/12494649,included,
https://www.almanar.com.lb/12497377,included,
https://www.almanar.com.lb/12506771,included,
https://www.almanar.com.lb/12520004,included,
https://www.almanar.com.lb/12524866,included,
