url,first_capture,source,event_candidate
https://www.n-tv.de/der_tag/Acht-Jahre-nach-Verschwinden-43-Studenten-fuer-tot-erklaert-article23534766.html,20240918100203,cdx,
https://www.n-tv.de/der_tag/AfD-verliert-Klagen-auf-Vorsitz-in-Bundestags-Ausschuessen-article25235764.html,20240918114110,cdx,
https://www.n-tv.de/der_tag/Afghanen-stuermen-Passbehoerde-article24653020.html,20240917104703,cdx,
https://www.n-tv.de/der_tag/Anleger-um-645-Millionen-Euro-betrogen-Razzien-in-Deutschland-article24870051.html,20240917224045,cdx,
https://www.n-tv.de/der_tag/Arnold-Schwarzenegger-ist-jetzt-Dr-h-c-mult-article25234484.html,20240917171921,cdx,
https://www.n-tv.de/der_tag/Asiatische-Hornisse-und-Nilgaense-Invasive-Arten-nehmen-zu-article25121387.html,20240917103850,cdx,
https://www.n-tv.de/der_tag/Auf-dem-Weg-zum-Machu-Picchu-Bus-mit-Touristen-stuerzt-15-Meter-in-die-Tiefe-article25233582.html,20240917171858,cdx,
https://www.n-tv.de/der_tag/Bekannter-Regimekritiker-Tawakoli-aus-iranischer-Haft-entlassen-article23797294.html,20240917174902,cdx,
https://www.n-tv.de/der_tag/Bereits-erste-Tote-Israel-beginnt-groesseren-Einsatz-im-Westjordanland-article25186556.html,20240918103227,cdx,
https://www.n-tv.de/der_tag/Berlin-Muenchen-Zwei-Drittel-aller-Zuege-sind-unpuenktlich-article20202250.html,20240917102707,cdx,
https://www.n-tv.de/der_tag/Blinken-zu-Gespraechen-ueber-Waffenruhe-im-Gazastreifen-eingetroffen-article25235198.html,20240918112500,cdx,
https://www.n-tv.de/der_tag/Briefe-vom-Finanzamt-werden-kaum-verstanden-article25169144.html,20240918173656,cdx,
https://www.n-tv.de/der_tag/Busfahrer-rettet-25-Kinder-aus-brennendem-Fahrzeug-article22680318.html,20240918122251,cdx,
https://www.n-tv.de/der_tag/Das-wird-heute-wichtig-article25235272.html,20240918133949,cdx,
https://www.n-tv.de/der_tag/Der-Tag-am-20-August-2024-article25168939.html,20240917144646,cdx,
https://www.n-tv.de/der_tag/Der-Tag-am-Dienstag-3-September-2024-article25200011.html,20240917142641,cdx,
https://www.n-tv.de/der_tag/Der-Tag-am-Donnerstag-dem-05-September-2024-article25205618.html,20240917135953,cdx,
https://www.n-tv.de/der_tag/Der-Tag-am-Donnerstag-dem-11-Juli-2024-article25079229.html,20240917113443,cdx,
https://www.n-tv.de/der_tag/Der-Tag-am-Freitag-13-September-2024-article25224512.html,20240917142827,cdx,
https://www.n-tv.de/der_tag/Der-Tag-am-Mittwoch-11-September-2024-article25218674.html,20240917135701,cdx,
https://www.n-tv.de/der_tag/Der-Tag-am-Mittwoch-18-September-2024-article25235122.html,20240918043441,cdx,
https://www.n-tv.de/der_tag/Der-Tag-am-Mittwoch-28-August-2024-article25186526.html,20240917161352,cdx,
https://www.n-tv.de/der_tag/Der-Tag-am-Montag-19-August-2024-article25166557.html,20240917121322,cdx,
https://www.n-tv.de/der_tag/Der-Tag-auf-ntv-de-am-Freitag-12-Juli-2024-article25082293.html,20240917160256,cdx,
https://www.n-tv.de/der_tag/Der-Tag-auf-ntv-de-am-Freitag-23-August-2024-article25176912.html,20240917114039,cdx,
https://www.n-tv.de/der_tag/Der-Tag-auf-ntv-de-am-Montag-5-August-2024-article25136437.html,20240917201334,cdx,
https://www.n-tv.de/der_tag/Der-Tag-bei-ntv-de-17-September-2024-article25231963.html,20240917142941,cdx,
https://www.n-tv.de/der_tag/Der-Tag-bei-ntv-de-am-Donnerstag-dem-15-August-2024-article25159390.html,20240917130217,cdx,
https://www.n-tv.de/der_tag/Deutschland-schliesst-wohl-Migrationsabkommen-mit-Usbekistan-article25223038.html,20240917162455,cdx,
https://www.n-tv.de/der_tag/Doch-kein-Loewe-Wildtierexperte-erkennt-auf-Video-nur-zwei-Wildschweine-article24276386.html,20240918090946,cdx,
https://www.n-tv.de/der_tag/Drei-Tote-bei-Hubschrauberabsturz-in-der-Schweiz-article24845700.html,20240917182422,cdx,
https://www.n-tv.de/der_tag/Dutzende-Hisbollah-Mitglieder-durch-explodierende-Pager-verletzt-article25233836.html,20240917175945,cdx,strong
https://www.n-tv.de/der_tag/Erneute-Explosion-in-Koelns-Innenstadt-article25235324.html,20240918102739,cdx,
https://www.n-tv.de/der_tag/Estlands-Armee-Russischer-Kampfjet-dringt-unerlaubt-in-Luftraum-ein-article23096099.html,20240918014440,cdx,
https://www.n-tv.de/der_tag/Familie-isst-Giftpilz-und-kaempft-ums-Uberleben-article20002301.html,20240918234049,cdx,
https://www.n-tv.de/der_tag/Fast-jedes-fuenfte-Kind-in-Deutschland-fuehlt-sich-auf-Schulweg-unsicher-article25187866.html,20240918080253,cdx,
https://www.n-tv.de/der_tag/Frauen-an-den-Herd-Stegner-stichelt-gegen-Merz-nach-Kanzler-Entscheidung-article25234786.html,20240917195627,cdx,
https://www.n-tv.de/der_tag/Frueherer-britischer-Finanzminister-Darling-ist-tot-article24569541.html,20240917004348,cdx,
https://www.n-tv.de/der_tag/Fuenfjaehrige-stirbt-in-Freizeitbad-Ermittlungen-gegen-Mutter-article25236771.html,20240918194735,cdx,
https://www.n-tv.de/der_tag/Grossbrand-in-Shanghaier-Chemiefabrik-mindestens-ein-Toter-article23407041.html,20240917004608,cdx,
https://www.n-tv.de/der_tag/Gruenen-Minister-Ozdemir-wirft-Merz-Wahlkampfgetoese-vor-article25186829.html,20240918111902,cdx,
https://www.n-tv.de/der_tag/Hamburg-steigert-Abschiebungen-von-Ausreisepflichtigen-article25183802.html,20240918025736,cdx,
https://www.n-tv.de/der_tag/Harris-liegt-laut-neuer-Umfrage-in-zwei-Schluesselstaaten-klar-vor-Trump-article25237564.html,20240918213059,cdx,
https://www.n-tv.de/der_tag/Hisbollah-Geraete-explodiert-Opferzahlen-im-Libanon-steigen-rapide-article25237478.html,20240918202945,cdx,related
https://www.n-tv.de/der_tag/Hoecke-aeussert-sich-zu-seiner-Absage-bei-Spitzenrunde-article25191701.html,20240918070437,cdx,
https://www.n-tv.de/der_tag/Holocaust-Leugnerin-Haverbeck-zu-mehr-als-einem-Jahr-Haft-verurteilt-article25045692.html,20240918010302,cdx,
https://www.n-tv.de/der_tag/Junge-Jugendliche-greifen-aeltere-Jugendliche-mit-Boellern-an-article25235401.html,20240918080238,cdx,
https://www.n-tv.de/der_tag/Klimakleber-wegen-Schmiererei-an-Bundeskanzleramt-zu-Geldstrafe-verurteilt-article24411299.html,20240918044327,cdx,
https://www.n-tv.de/der_tag/Kuba-Wasserhose-fegt-vom-offenen-Meer-aufs-Festland-article23119106.html,20240918180914,cdx,
https://www.n-tv.de/der_tag/Mann-verpasst-Boarding-und-pruegelt-gegen-Flugzeugtuer-article25186056.html,20240917214349,cdx,
https://www.n-tv.de/der_tag/Mann-zuendet-17-Jaehrige-an-Mordprozess-beginnt-article25232847.html,20240917105740,cdx,
https://www.n-tv.de/der_tag/Modemarke-schliesst-alle-Filialen-in-Deutschland-article25190578.html,20240918184848,cdx,
https://www.n-tv.de/der_tag/Nach-30-Jahren-Thomas-Hermanns-macht-als-Quatsch-Comedy-Club-Moderator-Schluss-article23726147.html,20240917185204,cdx,
https://www.n-tv.de/der_tag/Nach-Solingen-Scholz-kuendigt-Gespraeche-mit-Opposition-an-article25188040.html,20240918051029,cdx,
https://www.n-tv.de/der_tag/Nach-Trumps-Verschwoerungserzaehlung-33-Bombendrohungen-in-Springfield-article25232435.html,20240917152850,cdx,
https://www.n-tv.de/der_tag/Nicht-bei-Prozess-aufgetaucht-Sean-Diddy-Combs-zu-Millionenstrafe-verurteilt-article25218189.html,20240917202135,cdx,
https://www.n-tv.de/der_tag/Nordkoreaner-flieht-ueber-Grenze-nach-Suedkorea-article21180437.html,20240918220751,cdx,
https://www.n-tv.de/der_tag/Nur-jeder-Fuenfte-haelt-Friedrich-Merz-fuer-einen-geeigneten-Kanzlerkandidaten-article25234547.html,20240918064146,cdx,
https://www.n-tv.de/der_tag/Passagiere-duerfen-Kreuzfahrtschiff-in-Wien-nicht-verlassen-article25229297.html,20240918024159,cdx,
https://www.n-tv.de/der_tag/Reaktionen-auf-Documenta-Ruecktritt-Schormanns-article23469553.html,20240918043703,cdx,
https://www.n-tv.de/der_tag/Rekord-In-Japan-leben-mehr-als-95-000-Hundertjaehrige-article25233100.html,20240917142433,cdx,
https://www.n-tv.de/der_tag/Royales-Kate-arbeitet-wieder-Harry-kommt-zum-Winken-und-ein-Kleid-article25236074.html,20240918150307,cdx,
https://www.n-tv.de/der_tag/Schlagzeilen-am-Mittag-article25236297.html,20240918214514,cdx,
https://www.n-tv.de/der_tag/Schwarzenegger-bekommt-Ehrendoktorwuerde-in-Berlin-article25232259.html,20240917094823,cdx,
https://www.n-tv.de/der_tag/Schwere-wahllose-Kollateralschaeden-EU-aeussert-sich-zu-Pager-Explosionen-im-Libanon-article25236990.html,20240918142441,cdx,strong
https://www.n-tv.de/der_tag/Staerkster-Taifun-seit-75-Jahren-trifft-Shanghai-article25229446.html,20240917010442,cdx,
https://www.n-tv.de/der_tag/Tonnenweise-Fleisch-auf-Autobahn-nach-Unfall-A2-stundenlang-gesperrt-article24786313.html,20240917061410,cdx,
https://www.n-tv.de/der_tag/Toter-Mann-vor-russischer-Botschaft-in-Berlin-article22911229.html,20240917200319,cdx,
https://www.n-tv.de/der_tag/Trump-erlaeutert-seine-Hannibal-Lecter-Erwaehnungen-article25236371.html,20240918220208,cdx,
https://www.n-tv.de/der_tag/Trumps-Musikauswahl-schrumpft-article25191211.html,20240918235649,cdx,
https://www.n-tv.de/der_tag/Umfrage-91-Prozent-der-Buerger-lehnen-Anti-Corona-Demos-ab-article21960401.html,20240918204420,cdx,
https://www.n-tv.de/der_tag/Unterstuetzer-Daten-von-Wagenknecht-Partei-frei-zugaenglich-article25185802.html,20240917230048,cdx,
https://www.n-tv.de/der_tag/Vance-zu-Attentatsversuch-Trump-war-sauer-weil-er-nicht-weiter-golfen-konnte-article25234396.html,20240917152613,cdx,
https://www.n-tv.de/der_tag/Video-soll-Explosion-und-Taeter-in-Koeln-zeigen-article25230352.html,20240918075907,cdx,
https://www.n-tv.de/der_tag/Von-der-Leyen-will-rechten-Italiener-als-Vizepraesidenten-article25232734.html,20240917171243,cdx,
https://www.n-tv.de/der_tag/Waldbraende-wueten-auf-Korsika-Kloster-muss-geraeumt-werden-article24286056.html,20240918100322,cdx,
https://www.n-tv.de/der_tag/Watergate-Club-in-Berlin-schliesst-nach-22-Jahren-article25232954.html,20240917182935,cdx,
https://www.n-tv.de/der_tag/Wegner-fassungslos-ueber-niedertraechtigen-Angriff-auf-juedischen-Studenten-article24713760.html,20240917234439,cdx,
https://www.n-tv.de/der_tag/Weltkriegsbombe-in-Koeln-entdeckt-RTL-Sendezentrum-wird-geraeumt-RTL-und-ntv-senden-weiter-live-article24847514.html,20240918084720,cdx,
https://www.n-tv.de/der_tag/Zahl-der-Alzheimer-Todesfaelle-in-20-Jahren-fast-verdoppelt-article25232395.html,20240917194329,cdx,
https://www.n-tv.de/der_tag/Zuckerberg-wirft-Biden-Regierung-Zensur-zu-Corona-vor-article25185710.html,20240918033152,cdx,
https://www.n-tv.de/der_tag/Zwei-Schleuser-von-mehr-als-80-Menschen-festgenommen-article25235805.html,20240918133743,cdx,
https://www.n-tv.de/mediathek/videos/auto/Als-Absatzmarkt-ist-China-heute-nicht-relevant-article25231324.html,20240917112406,cdx,
https://www.n-tv.de/mediathek/videos/auto/Bugattis-neuer-Tourbillon-ist-ein-Bolide-der-Superlative-article25055246.html,20240917174533,cdx,
https://www.n-tv.de/mediathek/videos/auto/Macht-Minis-neuer-E-Cooper-den-Zweitwagen-ueberfluessig-article24955711.html,20240917201908,cdx,
https://www.n-tv.de/mediathek/videos/auto/Quasi-kein-Deutscher-haelt-sich-fuer-schlechten-Autofahrer-article25111801.html,20240917154247,cdx,
https://www.n-tv.de/mediathek/videos/auto/So-schlaegt-sich-der-Kia-EV3-im-Konkurrenten-Vergleich-article24962454.html,20240917210816,cdx,
https://www.n-tv.de/mediathek/videos/auto/VW-stellt-neue-Transporter-Generation-vor-article25230617.html,20240917084607,cdx,
https://www.n-tv.de/mediathek/videos/Dokumentationen/Bombenentschaerfer-die-meisten-Fehler-macht-man-nur-einmal-article24881164.html,20240917150818,cdx,
https://www.n-tv.de/mediathek/videos/Dokumentationen/Die-Macht-der-Kirche-in-Deutschland-article24612301.html,20240917102137,cdx,
https://www.n-tv.de/mediathek/videos/Dokumentationen/Die-Rueckkehr-des-IS-wie-sicher-ist-Deutschland-article25131139.html,20240917122944,cdx,
https://www.n-tv.de/mediathek/videos/Dokumentationen/Ex-Einbrecher-verraet-Tricks-und-Schutzmassnahmen-article24880001.html,20240917201138,cdx,
https://www.n-tv.de/mediathek/videos/Dokumentationen/Gewalt-gegen-Retter-Verliert-Deutschland-den-Respekt-article24583066.html,20240917153514,cdx,
https://www.n-tv.de/mediathek/videos/Dokumentationen/Illegale-Strassenrennen-wenn-das-Auto-zur-Waffe-wird-article24880035.html,20240917150427,cdx,
https://www.n-tv.de/mediathek/videos/Dokumentationen/Wahnwelt-QAnon-Eine-Aussteigerin-packt-aus-article24881016.html,20240917104240,cdx,
https://www.n-tv.de/mediathek/videos/Dokumentationen/Weltreligionen-zeigt-die-Vielfalt-von-Glauben-article24838182.html,20240917120414,cdx,
https://www.n-tv.de/mediathek/videos/Dokumentationen/Wie-die-einzigartigen-Schnellstrassen-ueberwacht-werden-article24881151.html,20240917132449,cdx,
https://www.n-tv.de/mediathek/videos/Dokumentationen/Wie-die-Luftfahrt-gruener-wird-article24298222.html,20240917141649,cdx,
https://www.n-tv.de/mediathek/videos/geldanlage-check/Aktienmarkt-wird-positiv-in-letztes-Quartal-gehen-article25231362.html,20240917110236,cdx,
https://www.n-tv.de/mediathek/videos/geldanlage-check/DAX-und-Nikkei-wirken-im-Moment-ueberkauft-article25158806.html,20240917092910,cdx,
https://www.n-tv.de/mediathek/videos/geldanlage-check/EZB-giesst-Kapitalmaerkten-Wasser-in-den-Wein-article24998094.html,20240917042106,cdx,
https://www.n-tv.de/mediathek/videos/geldanlage-check/Macht-keinen-Sinn-Fed-Entscheidung-auszutimen-article25237222.html,20240918201903,cdx,
https://www.n-tv.de/mediathek/videos/geldanlage-check/Raus-aus-dem-Tagesgeld-rein-in-lange-laufende-Anleihen-article25220639.html,20240917185310,cdx,
https://www.n-tv.de/mediathek/videos/geldanlage-check/Sollte-sich-nicht-von-DAX-Aussetzern-stoppen-lassen-article25234335.html,20240917162415,cdx,
https://www.n-tv.de/mediathek/videos/geldanlage-check/Was-bedeutet-der-steigende-Euro-fuer-Wirtschaft-und-Dax-article22008787.html,20240918025527,cdx,
https://www.n-tv.de/mediathek/videos/geldanlage-check/Wuerde-bei-Autowerten-noch-zweites-Tief-abwarten-article25225945.html,20240917094732,cdx,
https://www.n-tv.de/mediathek/videos/panorama/40-000-Kubikmeter-Fels-stuerzen-von-Alpen-Berg-article25225675.html,20240918163942,cdx,
https://www.n-tv.de/mediathek/videos/panorama/An-der-Oder-in-Polen-bleibt-die-Lage-angespannt-article25235506.html,20240918145931,cdx,
https://www.n-tv.de/mediathek/videos/panorama/Astronautin-spielt-Star-Wars-Melodie-auf-Geige-im-All-article25227452.html,20240917092118,cdx,
https://www.n-tv.de/mediathek/videos/panorama/Ausflugsboot-bohrt-sich-in-Dach-von-Marine-Faehre-article24998139.html,20240918113317,cdx,
https://www.n-tv.de/mediathek/videos/panorama/Ausgebuexter-Bueffel-jagt-Touristen-am-Strand-in-Thailand-article25158630.html,20240917091235,cdx,
https://www.n-tv.de/mediathek/videos/panorama/Auto-landet-auf-Hausdach-article16930161.html,20240918073745,cdx,
https://www.n-tv.de/mediathek/videos/panorama/Babykaetzchen-verirrt-sich-in-Gehege-voller-Tiger-article25220670.html,20240917165436,cdx,
https://www.n-tv.de/mediathek/videos/panorama/Bagger-schaufelt-gestrandete-Luxusjacht-in-Spanien-frei-article24998569.html,20240917215318,cdx,
https://www.n-tv.de/mediathek/videos/panorama/Balkon-bricht-ab-sechs-Verletzte-in-Hamburg-article25159535.html,20240917144913,cdx,
https://www.n-tv.de/mediathek/videos/panorama/Beim-Lunge-Feeding-Wal-verschluckt-beinahe-Robbe-article25236799.html,20240918153610,cdx,
https://www.n-tv.de/mediathek/videos/panorama/Britin-feiert-102-Geburtstag-mit-Fallschirmsprung-neuer-Rekord-article25184390.html,20240918014450,cdx,
https://www.n-tv.de/mediathek/videos/panorama/Bruecken-nebendran-gar-nicht-so-befahren-wie-gedacht-article25221975.html,20240917103349,cdx,
https://www.n-tv.de/mediathek/videos/panorama/Bus-kommt-von-Strasse-ab-und-stuerzt-15-Meter-in-die-Tiefe-article25233417.html,20240917135632,cdx,
https://www.n-tv.de/mediathek/videos/panorama/Cholera-Ausbruch-verschaerft-Lage-im-Sudan-article25184768.html,20240918053204,cdx,
https://www.n-tv.de/mediathek/videos/panorama/Dammbrueche-verschaerfen-Flut-Katastrophe-in-Tschechien-article25232133.html,20240917184408,cdx,
https://www.n-tv.de/mediathek/videos/panorama/Dammbrueche-Vorher-nachher-Bilder-fangen-Verwuestung-ein-article24392570.html,20240918032651,cdx,
https://www.n-tv.de/mediathek/videos/panorama/Das-lange-vergessene-Trauma-der-Muenchener-Heimkinder-article25216827.html,20240917122935,cdx,
https://www.n-tv.de/mediathek/videos/panorama/Diebe-brechen-durch-Zimmerdecke-in-Geschaeft-ein-article25237132.html,20240918201425,cdx,
https://www.n-tv.de/mediathek/videos/panorama/Diese-Regeln-gelten-ab-sofort-fuer-Cannabis-am-Steuer-article25174404.html,20240918030246,cdx,
https://www.n-tv.de/mediathek/videos/panorama/Dresdner-Bruecke-stuerzt-ein-Uberwachungskamera-zeigt-Strassenbahn-nur-wenige-Minuten-frueher-article25219016.html,20240917094945,cdx,
https://www.n-tv.de/mediathek/videos/panorama/Dresdner-Feuerwehr-Uns-rennt-die-Zeit-davon-article25227192.html,20240917174739,cdx,
https://www.n-tv.de/mediathek/videos/panorama/Duerre-in-Griechenland-laesst-Seen-verschwinden-article25188872.html,20240918172926,cdx,
https://www.n-tv.de/mediathek/videos/panorama/Dunkle-Strassen-in-Schorndorf-ab-0-Uhr-Sparmassnahme-stoesst-auf-Kritik-article25228329.html,20240917084608,cdx,
https://www.n-tv.de/mediathek/videos/panorama/Dutzende-Menschen-sterben-bei-Hochwasser-in-Bangladesch-article25179614.html,20240918012131,cdx,
https://www.n-tv.de/mediathek/videos/panorama/Dutzende-Tote-bei-schweren-Busungluecken-in-Pakistan-article25181021.html,20240918053248,cdx,
https://www.n-tv.de/mediathek/videos/panorama/Ein-Mann-hat-zum-dritten-Mal-sein-Haus-verloren-article25156849.html,20240917022556,cdx,
https://www.n-tv.de/mediathek/videos/panorama/Eingestuerztes-Brueckenteil-ist-bereits-unter-Wasser-article25228110.html,20240917094609,cdx,
https://www.n-tv.de/mediathek/videos/panorama/Eisladen-rechnet-Preis-nach-Gramm-statt-Kugel-ab-article25159537.html,20240917235520,cdx,
https://www.n-tv.de/mediathek/videos/panorama/Energie-in-der-Luft-DJ-spielt-ploetzlich-nackt-article25225705.html,20240917111303,cdx,
https://www.n-tv.de/mediathek/videos/panorama/Es-kommt-vereinzelt-noch-zu-Evakuierungen-article25235276.html,20240918104535,cdx,
https://www.n-tv.de/mediathek/videos/panorama/Explosion-in-Ex-Rocker-Treff-Leiche-entdeckt-article25229698.html,20240917123045,cdx,
https://www.n-tv.de/mediathek/videos/panorama/Explosion-in-Koeln-kann-als-Warnruf-verstanden-werden-article25230509.html,20240917162316,cdx,
https://www.n-tv.de/mediathek/videos/panorama/Explosion-von-vorgestern-ist-Steinwurf-entfernt-article25235588.html,20240918102519,cdx,
https://www.n-tv.de/mediathek/videos/panorama/Explosionen-in-Koeln-Experten-sehen-Zusammenhang-article25236420.html,20240918145147,cdx,
https://www.n-tv.de/mediathek/videos/panorama/Flughafen-Frankfurt-bekommt-neuartige-Handgepaeck-Scanner-article23860707.html,20240918181634,cdx,
https://www.n-tv.de/mediathek/videos/panorama/Flugzeug-knallt-bei-Landung-mit-Heck-auf-Asphalt-article25224853.html,20240917172222,cdx,
https://www.n-tv.de/mediathek/videos/panorama/Flut-reisst-Feuerwehrmann-den-Boden-unter-den-Fuessen-weg-article25232133.html,20240917071626,cdx,
https://www.n-tv.de/mediathek/videos/panorama/Frau-filmt-wie-Blitz-direkt-vor-ihr-in-Palme-einschlaegt-article25171219.html,20240918014054,cdx,
https://www.n-tv.de/mediathek/videos/panorama/Frau-kaempft-an-Harris-Seite-gegen-Abtreibungsverbot-article25170387.html,20240918001752,cdx,
https://www.n-tv.de/mediathek/videos/panorama/Frau-nach-Stunden-aus-Wuergegriff-einer-Python-befreit-article25236140.html,20240918172823,cdx,
https://www.n-tv.de/mediathek/videos/panorama/Freiwillige-sammeln-Plastik-von-Straenden-der-Philippinen-article25227277.html,20240917084603,cdx,
https://www.n-tv.de/mediathek/videos/panorama/Freiwillige-versorgen-von-Milben-befallene-Wombats-article25216831.html,20240917141718,cdx,
https://www.n-tv.de/mediathek/videos/panorama/Fuenf-Doerfer-werden-evakuiert-article1323766.html,20240917042113,cdx,
https://www.n-tv.de/mediathek/videos/panorama/Ganze-Gemeinden-in-Ost-Tschechien-sind-abgeschnitten-article25228755.html,20240917145301,cdx,
https://www.n-tv.de/mediathek/videos/panorama/Gas-Explosion-loest-gigantische-Stichflamme-in-Texas-aus-article25232313.html,20240917103421,cdx,
https://www.n-tv.de/mediathek/videos/panorama/Gewaltige-Explosion-in-der-Tuerkei-Toter-und-Verletzte-article25231275.html,20240917084608,cdx,
https://www.n-tv.de/mediathek/videos/panorama/Gewaltiger-Erdrutsch-zermalmt-Autos-und-LKW-article24991703.html,20240918063821,cdx,
https://www.n-tv.de/mediathek/videos/panorama/Grossbritannien-ist-weltweites-Omikron-Epizentrum-article23049763.html,20240917132631,cdx,
https://www.n-tv.de/mediathek/videos/panorama/Gueterzug-kracht-in-LKW-mit-23-Tonnen-Panzer-article25225410.html,20240917213902,cdx,
https://www.n-tv.de/mediathek/videos/panorama/Hamburg-sperrt-erste-Bruecke-wegen-Schaeden-fuer-LKW-article25221956.html,20240917185235,cdx,
https://www.n-tv.de/mediathek/videos/panorama/Heute-Abend-wird-wohl-Hochwasseralarmstufe-3-erreicht-article25232159.html,20240917084117,cdx,
https://www.n-tv.de/mediathek/videos/panorama/Hochwasser-flutet-U-Bahn-Hunderte-eingeschlossen-article22695247.html,20240918235159,cdx,
https://www.n-tv.de/mediathek/videos/panorama/Hochwasser-in-Brasilien-article296214.html,20240917160306,cdx,
https://www.n-tv.de/mediathek/videos/panorama/Hochwasser-treffen-Rumaenien-mit-voller-Wucht-article25227551.html,20240917115513,cdx,
https://www.n-tv.de/mediathek/videos/panorama/IAA-steht-voll-im-Zeichen-der-Mobilitaetswende-article25233781.html,20240917181343,cdx,
https://www.n-tv.de/mediathek/videos/panorama/Im-polnischen-Wartha-steht-Wasser-bis-in-ersten-Stock-article25228387.html,20240917121021,cdx,
https://www.n-tv.de/mediathek/videos/panorama/In-Niederoesterreich-ist-es-zur-zweiten-Welle-gekommen-article25232161.html,20240917123818,cdx,
https://www.n-tv.de/mediathek/videos/panorama/Italiener-bauen-Obst-und-Gemuese-auf-Meeresgrund-an-article25229784.html,20240917084601,cdx,
https://www.n-tv.de/mediathek/videos/panorama/Japan-erwartet-Mega-Beben-das-sind-die-Gruende-article25158793.html,20240917092922,cdx,
https://www.n-tv.de/mediathek/videos/panorama/Kayakerin-wagt-riskante-Manoever-fuer-die-Wissenschaft-article25219448.html,20240917182449,cdx,
https://www.n-tv.de/mediathek/videos/panorama/Klimawandel-fuehrt-zu-mehr-Extremwetterlagen-in-Deutschland-article17820026.html,20240917025821,cdx,
https://www.n-tv.de/mediathek/videos/panorama/Laschet-Brauchen-schnellstmoeglich-einen-Lockdown-article22229416.html,20240918051223,cdx,
https://www.n-tv.de/mediathek/videos/panorama/Massenproteste-nach-Vergewaltigung-und-Mord-an-einer-Arztin-article25170391.html,20240917200920,cdx,
https://www.n-tv.de/mediathek/videos/panorama/Meteorologe-So-dramatisch-wie-2002-wird-es-nicht-article25225301.html,20240917123053,cdx,
https://www.n-tv.de/mediathek/videos/panorama/Mexikos-Marine-jagt-Drogenschmuggler-mit-Hubschraubern-article25190054.html,20240918225304,cdx,
https://www.n-tv.de/mediathek/videos/panorama/Misler-Pegel-der-Elbe-wird-bei-6-40-Metern-erwartet-article25229465.html,20240917131336,cdx,
https://www.n-tv.de/mediathek/videos/panorama/Mit-sichtbaren-Schaeden-Raub-Juwelen-wieder-im-Museum-article25156680.html,20240917033546,cdx,
https://www.n-tv.de/mediathek/videos/panorama/ntv-Reporterin-begleitet-Rettungshunde-beim-Training-article25179550.html,20240918003420,cdx,
https://www.n-tv.de/mediathek/videos/panorama/Obertauern-versinkt-im-Schnee-Urlauber-stecken-fest-article25225445.html,20240917203925,cdx,
https://www.n-tv.de/mediathek/videos/panorama/Ozeanriese-Disney-Dream-funkelt-im-Hamburger-Hafen-article25201300.html,20240917121743,cdx,
https://www.n-tv.de/mediathek/videos/panorama/Personenzuege-kollidieren-in-Agypten-drei-Tote-article25228301.html,20240917185050,cdx,
https://www.n-tv.de/mediathek/videos/panorama/Polen-rettet-Menschen-per-Hubschrauber-aus-Flutgebieten-article25229424.html,20240917084602,cdx,
https://www.n-tv.de/mediathek/videos/panorama/Polizei-haelt-Fluechtlingsboot-vor-Melilla-gewaltsam-auf-article25187893.html,20240918172926,cdx,
https://www.n-tv.de/mediathek/videos/panorama/Portugals-Feuerwehr-kaempft-gegen-20-grosse-Waldbraende-article25236894.html,20240918172421,cdx,
https://www.n-tv.de/mediathek/videos/panorama/Prag-errichtet-Barrieren-Dresden-birgt-Brueckenteile-article25227094.html,20240917110358,cdx,
https://www.n-tv.de/mediathek/videos/panorama/Razzien-decken-Paedophilen-Netzwerk-auf-Junge-befreit-article25227090.html,20240917151453,cdx,
https://www.n-tv.de/mediathek/videos/panorama/Regen-und-tief-stehende-Sonne-fuehren-zu-Massenunfall-article25213383.html,20240917113608,cdx,
https://www.n-tv.de/mediathek/videos/panorama/Regenmassen-verwuesten-Schweizer-Urlaubsort-article25156809.html,20240917034724,cdx,
https://www.n-tv.de/mediathek/videos/panorama/Rund-um-Los-Angeles-brennen-die-Berge-article25225501.html,20240917095222,cdx,
https://www.n-tv.de/mediathek/videos/panorama/Sattelschlepper-schrammt-haarscharf-an-Passanten-vorbei-article25227176.html,20240917115052,cdx,
https://www.n-tv.de/mediathek/videos/panorama/Seeber-Es-kommt-vereinzelt-noch-zu-Evakuierungen-article25235276.html,20240918091247,cdx,
https://www.n-tv.de/mediathek/videos/panorama/Slowenien-drohen-nach-Uberschwemmungen-Erdrutsche-article24308783.html,20240918090908,cdx,
https://www.n-tv.de/mediathek/videos/panorama/Solche-Regenmengen-sind-alles-andere-als-normal-article25227155.html,20240917100745,cdx,
https://www.n-tv.de/mediathek/videos/panorama/Sporthallendach-in-Indonesien-bricht-unter-Wassermassen-article25236518.html,20240918124154,cdx,
https://www.n-tv.de/mediathek/videos/panorama/Staudamm-bricht-Wassermassen-reissen-Gebaeude-mit-article25228931.html,20240917012944,cdx,
https://www.n-tv.de/mediathek/videos/panorama/Streikwoche-beginnt-NRW-macht-den-Anfang-article24782103.html,20240917185342,cdx,
https://www.n-tv.de/mediathek/videos/panorama/Teer-verseucht-Israels-gesamte-Mittelmeerkueste-article22380008.html,20240917144145,cdx,
https://www.n-tv.de/mediathek/videos/panorama/Tote-in-Solingen-Polizei-spricht-von-Attentat-article25179508.html,20240918090655,cdx,
https://www.n-tv.de/mediathek/videos/panorama/US-Kuestenwache-zeigt-Aufnahmen-des-Titan-Wracks-article25236438.html,20240918153146,cdx,
https://www.n-tv.de/mediathek/videos/panorama/Verwuestete-Teile-Osterreichs-erwarten-weitere-Fluten-article25230577.html,20240917031114,cdx,
https://www.n-tv.de/mediathek/videos/panorama/Video-soll-Taeter-und-Explosion-in-Koeln-zeigen-article25230220.html,20240917014016,cdx,
https://www.n-tv.de/mediathek/videos/panorama/Von-Entspannung-kann-hier-keine-Rede-sein-article25228148.html,20240917114805,cdx,
https://www.n-tv.de/mediathek/videos/panorama/Wann-sollte-die-zweite-Booster-Impfung-erfolgen-article23256468.html,20240917102227,cdx,
https://www.n-tv.de/mediathek/videos/panorama/Zweite-Explosion-innerhalb-weniger-Tage-erschuettert-Koeln-article25235508.html,20240918081225,cdx,
https://www.n-tv.de/mediathek/videos/panorama/Zweitgroesste-Raffinerie-Griechenlands-spuckt-Feuerbaelle-article25236200.html,20240918114842,cdx,
https://www.n-tv.de/mediathek/videos/politik/AfD-benutzt-falsche-Schueler-Zahlen-im-Spitzenduell-article25189035.html,20240918081617,cdx,
https://www.n-tv.de/mediathek/videos/politik/Afghanen-reisen-mit-Stempeltrick-heimlich-in-die-Heimat-article25156581.html,20240917023135,cdx,
https://www.n-tv.de/mediathek/videos/politik/Aggressives-TV-Duell-Harris-lacht-ueber-Trumps-Tier-Unsinn-article25218770.html,20240917093352,cdx,
https://www.n-tv.de/mediathek/videos/politik/Aktivisten-dringen-in-mehrere-deutsche-Flughaefen-ein-article25159727.html,20240917173951,cdx,
https://www.n-tv.de/mediathek/videos/politik/Anwohner-sprachen-von-extrem-beaengstigendem-Moment-article25202436.html,20240917110057,cdx,
https://www.n-tv.de/mediathek/videos/politik/Attacke-auf-SPD-Politiker-Ecke-zeigt-sich-mit-Blessuren-article24922602.html,20240917171040,cdx,
https://www.n-tv.de/mediathek/videos/politik/Aufnahmen-zeigen-ukrainische-Drohnenabwehr-article25191119.html,20240918222218,cdx,
https://www.n-tv.de/mediathek/videos/politik/Aufpassen-dass-Bundespolizei-nicht-zerschlissen-wird-article25224085.html,20240917162234,cdx,
https://www.n-tv.de/mediathek/videos/politik/Auftritt-heizt-Geruechte-um-Putin-Nachfolge-an-article24998368.html,20240918063738,cdx,
https://www.n-tv.de/mediathek/videos/politik/Australien-verankert-Recht-auf-Nichterreichbarkeit-article25183827.html,20240918045035,cdx,
https://www.n-tv.de/mediathek/videos/politik/Bei-Strom-und-Gas-gibt-s-wieder-Schnaeppchen-article23956992.html,20240917111256,cdx,
https://www.n-tv.de/mediathek/videos/politik/Biden-nimmt-Mann-Trump-Kappe-ab-setzt-sie-selbst-auf-article25222481.html,20240917114858,cdx,
https://www.n-tv.de/mediathek/videos/politik/Biden-und-Starmer-daempfen-Kiews-Erwartungen-article25227092.html,20240917204641,cdx,
https://www.n-tv.de/mediathek/videos/politik/Blome-Stimmen-fuer-AfD-sind-nicht-mehr-reiner-Protest-article25191321.html,20240918224858,cdx,
https://www.n-tv.de/mediathek/videos/politik/Blufarb-zu-Pager-Explosionen-im-Libanon-Israel-ist-klar-dass-das-eine-Reaktion-zur-Folge-haben-kann-article25235249.html,20240918065410,cdx,strong
https://www.n-tv.de/mediathek/videos/politik/Bundespolizei-startet-erweiterte-Grenzkontrollen-article25230119.html,20240917100449,cdx,
https://www.n-tv.de/mediathek/videos/politik/Bundeswehr-verzeichnet-zwei-Sabotage-Akte-article25158987.html,20240917163939,cdx,
https://www.n-tv.de/mediathek/videos/politik/CO2-Bepreisung-koennte-Luecke-im-Haushalt-fuellen-article25168309.html,20240917022401,cdx,
https://www.n-tv.de/mediathek/videos/politik/Daenemarks-harte-Asylpolitik-Vorbild-fuer-Deutschland-article24441578.html,20240917141457,cdx,
https://www.n-tv.de/mediathek/videos/politik/Darum-sendet-Belarus-Panzer-an-die-Front-in-Russland-article25156968.html,20240917044038,cdx,
https://www.n-tv.de/mediathek/videos/politik/Darum-wird-Palaestina-Solidaritaet-Duisburg-verboten-article24946040.html,20240918225445,cdx,
https://www.n-tv.de/mediathek/videos/politik/Das-Gesetz-gefaehrdet-alles-fuer-das-wir-hier-stehen-article24381912.html,20240917213009,cdx,
https://www.n-tv.de/mediathek/videos/politik/Deutsche-Taurus-Haltung-wird-als-stur-wahrgenommen-article25228104.html,20240917120429,cdx,
https://www.n-tv.de/mediathek/videos/politik/Die-Reden-der-Obamas-auf-dem-Parteitag-der-US-Demokraten-article25172586.html,20240918185110,cdx,
https://www.n-tv.de/mediathek/videos/politik/Dies-ist-ein-8-Mai-wie-kein-anderer-article23318327.html,20240917113537,cdx,
https://www.n-tv.de/mediathek/videos/politik/Dobrindts-Abschiebe-Idee-erntet-Kritik-in-eigenen-Reihen-article25036446.html,20240917174212,cdx,
https://www.n-tv.de/mediathek/videos/politik/Doku-article25230933.html,20240917015609,cdx,
https://www.n-tv.de/mediathek/videos/politik/Ermittler-suchen-weiter-nach-dem-Eindringling-article25159571.html,20240917174041,cdx,
https://www.n-tv.de/mediathek/videos/politik/Erstmals-gerechtere-Verteilung-der-Asylbewerber-in-EU-article24864425.html,20240917105748,cdx,
https://www.n-tv.de/mediathek/videos/politik/Experte-Lukaschenko-wird-nicht-fuer-Putin-in-Krieg-ziehen-article25183010.html,20240918013013,cdx,
https://www.n-tv.de/mediathek/videos/politik/Explodierende-Pager-toeten-mehrere-Hisbollah-Mitglieder-article25234598.html,20240917172520,cdx,strong
https://www.n-tv.de/mediathek/videos/politik/Explosionen-haben-Terror-Wirkung-auf-Zivilbevoelkerung-article25237403.html,20240918180513,cdx,
https://www.n-tv.de/mediathek/videos/politik/F-16-Kampfjets-werden-nicht-die-Wunderwaffe-sein-article25235408.html,20240918101907,cdx,
https://www.n-tv.de/mediathek/videos/politik/FDP-zuendelt-mit-12-Punkte-Plan-SPD-schiesst-zurueck-article24890751.html,20240917121241,cdx,
https://www.n-tv.de/mediathek/videos/politik/Fehlende-Kraefte-in-Kursk-sind-grosse-Blamage-der-Russen-article25168353.html,20240917023010,cdx,
https://www.n-tv.de/mediathek/videos/politik/Gefaehrdet-die-Kursk-Offensive-Putins-Machtapparat-article25157681.html,20240917080528,cdx,
https://www.n-tv.de/mediathek/videos/politik/Gefluechtete-Ukrainer-stossen-auf-breite-Hilfsbereitschaft-article23162859.html,20240917094338,cdx,
https://www.n-tv.de/mediathek/videos/politik/General-soll-Selenskyjs-Nord-Stream-Befehl-ignoriert-haben-article25159626.html,20240917234458,cdx,
https://www.n-tv.de/mediathek/videos/politik/Grundsicherung-braucht-zweistelligen-Milliardenbetrag-article24236077.html,20240918020550,cdx,
https://www.n-tv.de/mediathek/videos/politik/Habeck-Intel-Geld-wird-fuer-die-Wirtschaft-arbeiten-article25234693.html,20240917195638,cdx,
https://www.n-tv.de/mediathek/videos/politik/Haben-Sie-mich-gerade-als-Nazi-bezeichnet--article25001900.html,20240917153118,cdx,
https://www.n-tv.de/mediathek/videos/politik/Halb-Deutsch-halb-Englisch-Koenig-Charles-ganze-Rede-article24023066.html,20240917123324,cdx,
https://www.n-tv.de/mediathek/videos/politik/Henfling-BSW-will-Diktatfrieden-in-der-Ukraine-article25188976.html,20240917102704,cdx,
https://www.n-tv.de/mediathek/videos/politik/Hundertprozentige-Sicherheit-kann-es-nicht-geben-article25222494.html,20240917165321,cdx,
https://www.n-tv.de/mediathek/videos/politik/Israel-zeigt-blutverschmierten-Geisel-Tunnel-in-Rafah-article25220026.html,20240917201239,cdx,
https://www.n-tv.de/mediathek/videos/politik/Israelische-Truppen-befreien-Geisel-nach-ueber-300-Tagen-article25186023.html,20240917235544,cdx,
https://www.n-tv.de/mediathek/videos/politik/Israels-Bodenoffensive-ist-eigentlich-Deeskalation-article24530204.html,20240917145642,cdx,
https://www.n-tv.de/mediathek/videos/politik/Ist-die-Kanzler-Frage-in-der-Union-nun-entschieden-article25232135.html,20240917084557,cdx,
https://www.n-tv.de/mediathek/videos/politik/Ist-Putins-Herrschaft-gefaehrdet-oeffnet-sich-Fenster-article25158796.html,20240917103910,cdx,
https://www.n-tv.de/mediathek/videos/politik/Jaeger-zu-Pager-Explosionen-Das-hat-neue-Qualitaet-article25235816.html,20240918135918,cdx,strong
https://www.n-tv.de/mediathek/videos/politik/Kandidatur-Verzicht-Soeder-genervt-von-Geschnabel-article25237030.html,20240918173339,cdx,
https://www.n-tv.de/mediathek/videos/politik/KI-Moderatoren-sollen-Venezuelas-Journalisten-schuetzen-article25216829.html,20240917162327,cdx,
https://www.n-tv.de/mediathek/videos/politik/Koalition-mit-Gruenen-auszuschliessen-waere-fahrlaessig-article25235266.html,20240918081214,cdx,
https://www.n-tv.de/mediathek/videos/politik/Landwirt-sucht-mit-Metalldetektor-nach-Minen-bei-Charkiw-article25173659.html,20240917153041,cdx,
https://www.n-tv.de/mediathek/videos/politik/Laschet-aeussert-sich-ueber-Kanzlerkandidatur-article22482858.html,20240917191834,cdx,
https://www.n-tv.de/mediathek/videos/politik/Litauen-sieht-deutsche-Kampfbrigade-als-Rueckhalt-article25224823.html,20240917111140,cdx,
https://www.n-tv.de/mediathek/videos/politik/Liz-Truss-stuermt-wegen-Salat-Plakat-von-Buehne-article25157447.html,20240917165400,cdx,
https://www.n-tv.de/mediathek/videos/politik/Man-bewegt-sich-zwischen-klarer-Kante-und-Rassismus-article25184438.html,20240918035638,cdx,
https://www.n-tv.de/mediathek/videos/politik/Mann-schlaegt-Mette-Frederiksen-auf-offener-Strasse-article24999297.html,20240918123125,cdx,
https://www.n-tv.de/mediathek/videos/politik/Merz-lehnt-Gespraechs-Endlosschleife-zu-Asylpolitik-ab-article25219695.html,20240917153015,cdx,
https://www.n-tv.de/mediathek/videos/politik/Merz-oder-Scholz-das-denken-die-Deutschen-ueber-die-Kanzlertauglichkeit-article25236582.html,20240918145149,cdx,
https://www.n-tv.de/mediathek/videos/politik/Merz-stellt-Teil-seiner-Regierungsschwerpunkte-vor-article25235253.html,20240918055511,cdx,
https://www.n-tv.de/mediathek/videos/politik/MI6-Chef-Kursk-Offensive-koennte-Kriegsverlauf-veraendern-article25212279.html,20240917110040,cdx,
https://www.n-tv.de/mediathek/videos/politik/Miserable-Situation-ist-vor-allem-fuer-Soeder-gegeben-article24365393.html,20240917155749,cdx,
https://www.n-tv.de/mediathek/videos/politik/Munz-Harte-Kaempfe-und-Verluste-auf-beiden-Seiten-article25229993.html,20240917131205,cdx,
https://www.n-tv.de/mediathek/videos/politik/Munz-Neue-Atomwaffen-auf-Berlin-Drohung-kein-Zufall-article25222545.html,20240917195708,cdx,
https://www.n-tv.de/mediathek/videos/politik/Munz-Russland-sucht-mit-Razzien-nach-Vertragssoldaten-article25232686.html,20240917121053,cdx,
https://www.n-tv.de/mediathek/videos/politik/Munz-Wegen-F-16-macht-sich-Kreml-keine-Sorgen-article25235750.html,20240918124842,cdx,
https://www.n-tv.de/mediathek/videos/politik/Munz-Wuerde-in-Russland-fuer-grosse-Aufregung-sorgen-article25159989.html,20240917194951,cdx,
https://www.n-tv.de/mediathek/videos/politik/Mutmasslicher-Nord-Stream-Saboteur-kommt-aus-Ukraine-article25157679.html,20240917080616,cdx,
https://www.n-tv.de/mediathek/videos/politik/Mutmasslicher-Trump-Attentaeter-Ermittler-finden-GoPro-article25229426.html,20240917174301,cdx,
https://www.n-tv.de/mediathek/videos/politik/Nach-Hoecke-Absage-Welche-Krankheit-hat-er-eigentlich--article25188951.html,20240917200214,cdx,
https://www.n-tv.de/mediathek/videos/politik/Nur-bei-Gruenen-Waehlern-will-Mehrheit-Kampfpanzer-liefern-article23834174.html,20240917165815,cdx,
https://www.n-tv.de/mediathek/videos/politik/Oldepot-in-Westukraine-wurde-wohl-teilweise-zerstoert-article24316939.html,20240918120515,cdx,
https://www.n-tv.de/mediathek/videos/politik/Opposition-hat-Verhandlungstisch-dramatisch-verlassen-article25224713.html,20240917174842,cdx,
https://www.n-tv.de/mediathek/videos/politik/Pflegeeinrichtungen-schlagen-Alarm-article25156585.html,20240917074233,cdx,
https://www.n-tv.de/mediathek/videos/politik/Pistorius-waere-fuer-das-Land-ein-Gewinn-article25234858.html,20240918012645,cdx,
https://www.n-tv.de/mediathek/videos/politik/Politikexperte-Schroeder-Kanzler-Kandidatur-ist-keine-gemaehte-Wiese-fuer-Merz-article25235528.html,20240918135918,cdx,
https://www.n-tv.de/mediathek/videos/politik/Promis-die-sich-im-US-Wahlkampf-fuer-Harris-oder-Trump-stark-machen-article25164785.html,20240917155240,cdx,
https://www.n-tv.de/mediathek/videos/politik/Putin-Waffenfreigabe-waere-NATO-Kriegsbeteiligung-article25224603.html,20240917121351,cdx,
https://www.n-tv.de/mediathek/videos/politik/Raketen-auf-Wohnhaus-hinterlassen-Charkiw-fassungslos-article25230807.html,20240917015645,cdx,
https://www.n-tv.de/mediathek/videos/politik/Raketen-treffen-Poltawa-Dutzende-Tote-article25201993.html,20240917013446,cdx,
https://www.n-tv.de/mediathek/videos/politik/Ramelows-Atomkrieg-Sorge-ist-sehr-berechtigt-article23247034.html,20240917152711,cdx,
https://www.n-tv.de/mediathek/videos/politik/Rechtsextreme-im-Block-waeren-zweitstaerkste-Fraktion-article24997544.html,20240918074847,cdx,
https://www.n-tv.de/mediathek/videos/politik/Reisner-Ukraine-wird-von-den-Ereignissen-ueberholt-article25221339.html,20240917180748,cdx,
https://www.n-tv.de/mediathek/videos/politik/Richter-Hin-und-Her-bedeutet-Nervenkrieg-fuer-Israelis-article25156599.html,20240917044041,cdx,
https://www.n-tv.de/mediathek/videos/politik/Ringen-um-Geisel-Deal-so-steht-es-um-die-Verhandlungen-article25159837.html,20240917160437,cdx,
https://www.n-tv.de/mediathek/videos/politik/Russische-Truppen-sprengen-ukrainisches-Kohlebergwerk-article25233323.html,20240917195908,cdx,
https://www.n-tv.de/mediathek/videos/politik/Russland-sucht-auf-Waffenmesse-nach-neuen-Partnern-article25158280.html,20240917091535,cdx,
https://www.n-tv.de/mediathek/videos/politik/Schmidt-Denker-CDU-Antrag-ist-politisches-Kalkuel-article25221973.html,20240917194326,cdx,
https://www.n-tv.de/mediathek/videos/politik/Schoene-Frau-Trump-denkt-bei-Harris-Bild-an-Melania-article25157428.html,20240917032020,cdx,
https://www.n-tv.de/mediathek/videos/politik/Scholz-stimmt-Fragendem-zu-Ampel-ist-wie-Kindergarten-article25205955.html,20240917153216,cdx,
https://www.n-tv.de/mediathek/videos/politik/Scholz-und-Merz-rupfen-sich-im-Bundestag-article25219963.html,20240917131054,cdx,
https://www.n-tv.de/mediathek/videos/politik/Scholz-Vertrauenswerte-brechen-massiv-ein-article23819532.html,20240917190404,cdx,
https://www.n-tv.de/mediathek/videos/politik/Schuetze-von-Muenchen-radikalisierte-sich-wohl-uebers-Netz-article25208540.html,20240918174231,cdx,
https://www.n-tv.de/mediathek/videos/politik/Sehen-in-Wahrheit-keine-russischen-Gegenmassnahmen-article25230663.html,20240917013048,cdx,
https://www.n-tv.de/mediathek/videos/politik/Selenskyj-Russland-schuert-Eskalation-im-Nahen-Osten-article24453591.html,20240918014924,cdx,
https://www.n-tv.de/mediathek/videos/politik/Sharma-in-Pokrowsk-Hoeren-die-ganze-Zeit-Gefechtslaerm-article25225125.html,20240917013059,cdx,
https://www.n-tv.de/mediathek/videos/politik/Sharma-Intensivste-Kaempfe-toben-bei-Kurachowe-article25227040.html,20240917114025,cdx,
https://www.n-tv.de/mediathek/videos/politik/Sharma-Selenskyjs-Siegesplan-umfasst-fuenf-Hauptpunkte-article25230226.html,20240917102022,cdx,
https://www.n-tv.de/mediathek/videos/politik/So-funktionieren-die-Grenzkontrollen-ohne-Staus-article25230076.html,20240917014731,cdx,
https://www.n-tv.de/mediathek/videos/politik/So-ruestet-sich-Litauen-fuer-moeglichen-Einmarsch-Russlands-article25182764.html,20240918020539,cdx,
https://www.n-tv.de/mediathek/videos/politik/Soeder-K-Frage-entschieden-Friedrich-Merz-macht-s-article25233287.html,20240917135837,cdx,
https://www.n-tv.de/mediathek/videos/politik/Soeder-sticht-Merz-in-vielen-Umfrage-Punkten-aus-article25233158.html,20240917145543,cdx,
https://www.n-tv.de/mediathek/videos/politik/Soeder-und-Merz-aeussern-sich-zur-Kanzlerkandidatur-der-Union-article25233160.html,20240917143620,cdx,
https://www.n-tv.de/mediathek/videos/politik/Soldaten-klagen-ueber-Magen-Darm-Probleme-article25159527.html,20240917162403,cdx,
https://www.n-tv.de/mediathek/videos/politik/Spitzenrunde-vor-Thueringen-Wahl-Die-Analyse-article25189182.html,20240918090850,cdx,
https://www.n-tv.de/mediathek/videos/politik/Streit-um-Compact-Magazin-koennte-Jahre-dauern-article25159090.html,20240917111135,cdx,
https://www.n-tv.de/mediathek/videos/politik/Syrer-soll-im-Asylverfahren-Falsches-angegeben-haben-article25183950.html,20240918075506,cdx,
https://www.n-tv.de/mediathek/videos/politik/Terroristen-stuermen-Hauptstadt-Flughafen-in-Mali-article25236847.html,20240918153110,cdx,
https://www.n-tv.de/mediathek/videos/politik/Thueringen-steht-nicht-am-Kipppunkt-einer-Diktatur-article25189945.html,20240918200254,cdx,
https://www.n-tv.de/mediathek/videos/politik/Tim-Walz-ruehrt-Sohn-Gus-auf-Parteitag-zu-Traenen-article25176265.html,20240917133427,cdx,
https://www.n-tv.de/mediathek/videos/politik/Trump-erlaeutert-seine-Hannibal-Lecter-Erwaehnungen-article25236185.html,20240918113409,cdx,
https://www.n-tv.de/mediathek/videos/politik/Trump-Putin-Kim-und-Xi-sind-in-Bestform-article25154374.html,20240917174703,cdx,
https://www.n-tv.de/mediathek/videos/politik/Trump-schmeisst-wirre-Anschuldigungen-in-den-Raum-article25218868.html,20240917111356,cdx,
https://www.n-tv.de/mediathek/videos/politik/Trump-unterstellt-Harris-Schuld-an-Attentat-auf-ihn-article25218854.html,20240917182725,cdx,
https://www.n-tv.de/mediathek/videos/politik/Ukraine-beschiesst-Wohnhaeuser-in-Belgorod-article25233526.html,20240917143059,cdx,
https://www.n-tv.de/mediathek/videos/politik/Ukraine-greift-wohl-russisches-Waffenarsenal-an-article25235451.html,20240918114923,cdx,
https://www.n-tv.de/mediathek/videos/politik/Ukraine-ist-in-Region-Donezk-sehr-unter-Druck-article25156589.html,20240917045818,cdx,
https://www.n-tv.de/mediathek/videos/politik/Ukrainische-Drohnen-treffen-Wohnhaeuser-in-Russland-article25182355.html,20240918080424,cdx,
https://www.n-tv.de/mediathek/videos/politik/Umbach-Russland-ist-zu-aktiver-Sabotage-uebergegangen-article25160016.html,20240917220416,cdx,
https://www.n-tv.de/mediathek/videos/politik/Union-und-BSW-buessen-ein-SPD-legt-leicht-zu-article25233340.html,20240917134050,cdx,
https://www.n-tv.de/mediathek/videos/politik/USA-pruefen-Freigabe-fuer-westliche-Langstreckenraketen-article25221952.html,20240917204454,cdx,
https://www.n-tv.de/mediathek/videos/politik/Vance-Trump-sauer-weil-er-nicht-weiter-golfen-konnte-article25233663.html,20240917170452,cdx,
https://www.n-tv.de/mediathek/videos/politik/Viele-rote-Flecken-Wo-Kiffen-doch-verboten-bleibt-article24843457.html,20240917141827,cdx,
https://www.n-tv.de/mediathek/videos/politik/Was-das-Migrationsabkommen-mit-Kenia-beinhaltet-article25227313.html,20240917113115,cdx,
https://www.n-tv.de/mediathek/videos/politik/Was-im-Entlastungs-Paket-steckt-und-was-nicht-article23568927.html,20240917174626,cdx,
https://www.n-tv.de/mediathek/videos/politik/Werden-demnaechst-verstaerkt-Angriffe-auf-Ukraine-sehen-article25184123.html,20240917122254,cdx,
https://www.n-tv.de/mediathek/videos/politik/Wie-die-deutsche-Diplomatie-an-Putin-scheiterte-article23152761.html,20240917041758,cdx,
https://www.n-tv.de/mediathek/videos/politik/Wie-laesst-sich-der-Hoehenflug-der-AfD-erklaeren-article24168977.html,20240917091842,cdx,
https://www.n-tv.de/mediathek/videos/politik/Wie-Politiker-die-Jugend-auf-Tiktok-erreichen-wollen-article24972385.html,20240918113340,cdx,
https://www.n-tv.de/mediathek/videos/politik/Wie-Ukrainer-Fluechtige-am-Grenzfluss-zu-Moldau-abfangen-article25233579.html,20240917165821,cdx,
https://www.n-tv.de/mediathek/videos/politik/Wird-immer-teurer-fuer-Kreml-neue-Soldaten-zu-werben-article25189990.html,20240918180231,cdx,
https://www.n-tv.de/mediathek/videos/politik/Woher-Trumps-abstruse-Katzenesser-Aussage-kommt-article25223433.html,20240917131729,cdx,
https://www.n-tv.de/mediathek/videos/politik/Woidke-wirbt-beim-Erntefest-um-jede-Stimme-article25232749.html,20240917184324,cdx,
https://www.n-tv.de/mediathek/videos/politik/Wolf-Wir-brauchen-Migration-in-Thueringen-article25188905.html,20240918172926,cdx,
https://www.n-tv.de/mediathek/videos/politik/Wuest-hat-einen-ungemein-klugen-Schachzug-gemacht-article25232670.html,20240917173957,cdx,
https://www.n-tv.de/mediathek/videos/politik/Wuest-lehnt-Kanzlerkandidatur-ab-und-lobt-Merz-article25231612.html,20240917012352,cdx,
https://www.n-tv.de/mediathek/videos/politik/Wuetender-Scholz-bruellt-auf-die-Union-ein-article25219329.html,20240917113948,cdx,
https://www.n-tv.de/mediathek/videos/politik/Zeugen-filmen-explodierende-Walkie-Talkies-im-Libanon-article25237275.html,20240918163942,cdx,strong
https://www.n-tv.de/mediathek/videos/politik/Zwei-chinesische-Fischer-sterben-bei-Verfolgungsjagd-article24738714.html,20240917103907,cdx,
https://www.n-tv.de/mediathek/videos/ratgeber/Autobahnraststaetten-Das-sind-die-besten-und-schlimmsten-article25222321.html,20240917102430,cdx,
https://www.n-tv.de/mediathek/videos/ratgeber/Bargeld-vs-Kreditkarte-Was-ist-kosteneffizienter-article24849146.html,20240917180140,cdx,
https://www.n-tv.de/mediathek/videos/ratgeber/Das-sind-die-besten-Onlineportale-fuer-den-Camping-Urlaub-article24957598.html,20240917161605,cdx,
https://www.n-tv.de/mediathek/videos/ratgeber/Das-sind-die-Themenwelt-Highlights-im-Phantasialand-article24830306.html,20240917123736,cdx,
https://www.n-tv.de/mediathek/videos/ratgeber/Diese-Kosten-kommen-auf-Verbraucher-zu-article23786313.html,20240917102044,cdx,
https://www.n-tv.de/mediathek/videos/ratgeber/Diese-Schlitten-sind-schnell-und-sicher-article24673046.html,20240917114230,cdx,
https://www.n-tv.de/mediathek/videos/ratgeber/Diese-Versicherer-bieten-den-besten-Schutz-und-Service-article24823389.html,20240917164939,cdx,
https://www.n-tv.de/mediathek/videos/ratgeber/Dubai-hat-so-viel-mehr-zu-bieten-als-Strandurlaub-article25148631.html,20240917130428,cdx,
https://www.n-tv.de/mediathek/videos/ratgeber/Eiscreme-Test-Vegane-und-High-Protein-Sorten-im-Check-article25219356.html,20240917185304,cdx,
https://www.n-tv.de/mediathek/videos/ratgeber/Fahrradtrends-diese-Gadgets-ueberzeugen-article24942034.html,20240917111700,cdx,
https://www.n-tv.de/mediathek/videos/ratgeber/Fernseher-werden-guenstiger-article25207713.html,20240917173926,cdx,
https://www.n-tv.de/mediathek/videos/ratgeber/Gadgets-und-Tricks-fuer-das-perfekte-Urlaubsfoto-article25045807.html,20240917112105,cdx,
https://www.n-tv.de/mediathek/videos/ratgeber/Gesund-und-nachhaltig-Diaet-machen-so-klappt-es-article24673032.html,20240917104958,cdx,
https://www.n-tv.de/mediathek/videos/ratgeber/Halten-Wundermatratzen-was-ihre-Hersteller-versprechen-article19727265.html,20240917093510,cdx,
https://www.n-tv.de/mediathek/videos/ratgeber/Haustier-entlaufen-Diese-Tipps-helfen-bei-der-Suche-article25230194.html,20240917144522,cdx,
https://www.n-tv.de/mediathek/videos/ratgeber/Kfz-Versicherung-steigt-wohl-fuer-Millionen-Autobesitzer-article25175765.html,20240918045745,cdx,
https://www.n-tv.de/mediathek/videos/ratgeber/Kreuzfahrt-Branche-blickt-optimistisch-auf-den-Sommer-article24787049.html,20240917093802,cdx,
https://www.n-tv.de/mediathek/videos/ratgeber/Kreuzfahrt-ist-nicht-gleich-Kreuzfahrt-ein-Uberblick-article25084044.html,20240917161255,cdx,
https://www.n-tv.de/mediathek/videos/ratgeber/Kultur-Tipp-Katharina-Grosse-fulminant-farbgewaltig-article24936723.html,20240917100945,cdx,
https://www.n-tv.de/mediathek/videos/ratgeber/Life-Living-Award-das-sind-die-Preistraeger-2024-article24812399.html,20240917163008,cdx,
https://www.n-tv.de/mediathek/videos/ratgeber/Lohnen-Legos-Sneaker-oder-Spielkarten-als-Wertanlage-article25213862.html,20240917110907,cdx,
https://www.n-tv.de/mediathek/videos/ratgeber/Lohnen-sich-Aktionsartikel-im-Discounter-wirklich-article24980862.html,20240917142838,cdx,
https://www.n-tv.de/mediathek/videos/ratgeber/Lohnen-sich-Online-Bewerbungsportale-article17546076.html,20240917204723,cdx,
https://www.n-tv.de/mediathek/videos/ratgeber/Lohnen-sich-private-Investitionen-in-Startups-article25230231.html,20240917212648,cdx,
https://www.n-tv.de/mediathek/videos/ratgeber/Mit-diesen-Tipps-lassen-sich-Heizkosten-senken-article24667643.html,20240918104550,cdx,
https://www.n-tv.de/mediathek/videos/ratgeber/Neue-Europapark-Achterbahn-hat-steilsten-Start-der-Welt-article25050024.html,20240917112735,cdx,
https://www.n-tv.de/mediathek/videos/ratgeber/So-viel-sollte-ein-Girokonto-maximal-im-Jahr-kosten-article25184606.html,20240917103432,cdx,
https://www.n-tv.de/mediathek/videos/ratgeber/Stiftung-Warentest-Diese-TV-Geraete-sind-gut-und-guenstig-article24811401.html,20240917130708,cdx,
https://www.n-tv.de/mediathek/videos/ratgeber/Teurer-Spass-GdP-fordert-Bussgeld-Angleichung-fuer-Knoellchen-aus-der-EU-article25156575.html,20240917083352,cdx,
https://www.n-tv.de/mediathek/videos/ratgeber/Urlaub-E-Mails-Banken-diese-Fallen-lauern-im-Internet-article25137745.html,20240917133538,cdx,
https://www.n-tv.de/mediathek/videos/ratgeber/Warum-sich-eine-Outdoor-Kueche-lohnt-article24980691.html,20240917190816,cdx,
https://www.n-tv.de/mediathek/videos/ratgeber/Was-sich-im-September-fuer-Verbraucher-aendert-article25197612.html,20240917091804,cdx,
https://www.n-tv.de/mediathek/videos/ratgeber/Welche-Lebensmittel-wann-in-grossen-Mengen-schaden-article24957830.html,20240917114909,cdx,
https://www.n-tv.de/mediathek/videos/ratgeber/Wie-viel-Untergewicht-duerfen-Lebensmittel-haben-article25206634.html,20240917161422,cdx,
https://www.n-tv.de/mediathek/videos/spezial/Fuenfter-DRM-Lauf-um-die-Sulinger-Baerenklaue-Teil-1-article21372053.html,20240917091858,cdx,
https://www.n-tv.de/mediathek/videos/spezial/Siebter-DRM-Lauf-Drei-Staedte-Rallye-Teil-1-article21371804.html,20240917160913,cdx,
https://www.n-tv.de/mediathek/videos/sport/Beim-Daum-Abschied-brechen-Weggefaehrten-die-Stimmen-article25224368.html,20240917132029,cdx,
https://www.n-tv.de/mediathek/videos/sport/Bodycam-Video-zeigt-Festnahme-von-NFL-Star-Tyreek-Hill-article25216603.html,20240917125113,cdx,
https://www.n-tv.de/mediathek/videos/sport/Das-war-wohl-auch-Christoph-Daums-letzter-Wunsch-article25222131.html,20240917133727,cdx,
https://www.n-tv.de/mediathek/videos/sport/Deutsche-Olympioniken-freuen-sich-ueber-Medaillenregen-article18404636.html,20240917190013,cdx,
https://www.n-tv.de/mediathek/videos/sport/DFB-Elf-dreht-das-Spiel-Kimmich-schiebt-zum-2-1-ein-article25218360.html,20240917095953,cdx,
https://www.n-tv.de/mediathek/videos/sport/Eklat-in-3-Liga-Sponsor-kippt-Bier-auf-Schiedsrichter-article24075068.html,20240917100932,cdx,
https://www.n-tv.de/mediathek/videos/sport/Freediver-Moltschanow-knackt-eigenen-Weltrekord-article25230893.html,20240917014749,cdx,
https://www.n-tv.de/mediathek/videos/sport/Haben-grosses-Gemeinschaftsgefuehl-ausserhalb-des-Platzes-article25234619.html,20240918113409,cdx,
https://www.n-tv.de/mediathek/videos/sport/In-Ulm-blueht-dem-uebermaechtigen-FCB-ein-Spatzen-Plan-article25161147.html,20240918190727,cdx,
https://www.n-tv.de/mediathek/videos/sport/Infantino-scheint-moralisch-voellig-verwahrlost-zu-sein-article23733188.html,20240917112116,cdx,
https://www.n-tv.de/mediathek/videos/sport/Jannik-Sinner-trotz-positivem-Steroid-Test-freigesprochen-article25171158.html,20240918023227,cdx,
https://www.n-tv.de/mediathek/videos/sport/Jeder-im-Team-kann-etwas-von-Jo-abgucken-article25215186.html,20240917095402,cdx,
https://www.n-tv.de/mediathek/videos/sport/Johannes-Floors-Mockridges-Kommentare-sind-bodenlos-article25215511.html,20240917112435,cdx,
https://www.n-tv.de/mediathek/videos/sport/Kane-vergibt-Riesenchance-England-patzt-vor-EM-Auftakt-article24998867.html,20240917134946,cdx,
https://www.n-tv.de/mediathek/videos/sport/Max-Kruse-schildert-Vorfall-mit-der-Berliner-Polizei-article25227675.html,20240917114542,cdx,
https://www.n-tv.de/mediathek/videos/sport/Nagelsmann-mit-DFB-Team-auf-richtig-gutem-Weg-article25220517.html,20240917150253,cdx,
https://www.n-tv.de/mediathek/videos/sport/Nagelsmann-Voeller-ist-eine-Art-Vaterfigur-article25234627.html,20240918145146,cdx,
https://www.n-tv.de/mediathek/videos/sport/Nathalie-Pohl-schwimmt-erfolgreich-die-Ocean-s-Seven-ab-article25234677.html,20240918074729,cdx,
https://www.n-tv.de/mediathek/videos/sport/Nathalie-Pohl-schwimmt-erfolgreich-die-Oceans-Seven-ab-article25234677.html,20240917195631,cdx,
https://www.n-tv.de/mediathek/videos/sport/Neuer-DFB-Kader-startet-mit-Geheimtraining-article25203229.html,20240917165448,cdx,
https://www.n-tv.de/mediathek/videos/sport/NFL-Star-foppt-Polizei-nur-Stunden-nach-Festnahme-article25214368.html,20240917094918,cdx,
https://www.n-tv.de/mediathek/videos/sport/nfl/Commanders-Neuling-Seibert-legt-absoluten-Traumstart-hin-article25234792.html,20240918113309,cdx,
https://www.n-tv.de/mediathek/videos/sport/nfl/NFL-Star-Mahomes-erst-stocksauer-dann-im-Siegestaumel-article25230374.html,20240917181553,cdx,
https://www.n-tv.de/mediathek/videos/sport/nfl/Seahawks-gelingt-die-Revanche-im-Overtime-Krimi-article25230192.html,20240917213526,cdx,
https://www.n-tv.de/mediathek/videos/sport/nfl/Vollmer-erinnert-sich-an-irre-Super-Bowl-Momente-2015-article25223185.html,20240917130001,cdx,
https://www.n-tv.de/mediathek/videos/sport/nfl/Zauber-Touchdown-schockt-49ers-article25229091.html,20240917203705,cdx,
https://www.n-tv.de/mediathek/videos/sport/Paul-Breitner-26er-Kader-ist-ein-Unding-article24995663.html,20240918001247,cdx,
https://www.n-tv.de/mediathek/videos/sport/Pole-fliegt-auf-BMX-ueber-elf-fahrende-Gueterzug-Waggons-article25224355.html,20240917131924,cdx,
https://www.n-tv.de/mediathek/videos/sport/Reijnders-schockt-DFB-Elf-kurz-nach-Anpfiff-article25218307.html,20240917183015,cdx,
https://www.n-tv.de/mediathek/videos/sport/RTL-holt-Ex-NFL-Profi-fuer-die-neue-Saison-article25157131.html,20240917041404,cdx,
https://www.n-tv.de/mediathek/videos/sport/Ruderin-geht-nach-Schlaganfall-wieder-auf-Medaillenjagd-article25186628.html,20240918082337,cdx,
https://www.n-tv.de/mediathek/videos/sport/Schiedsrichter-hat-auf-beiden-Seiten-nicht-gut-gepfiffen-article25218482.html,20240917095754,cdx,
https://www.n-tv.de/mediathek/videos/sport/Skate-Elite-vollfuehrt-Stunts-vor-spektakulaerer-Kulisse-article25158781.html,20240917092041,cdx,
https://www.n-tv.de/mediathek/videos/sport/Slackliner-balanciert-von-Asien-nach-Europa-article25231326.html,20240917012353,cdx,
https://www.n-tv.de/mediathek/videos/sport/Team-aus-Osterreich-fliegt-zum-Sieg-der-Gasballon-WM-article25237296.html,20240918193805,cdx,
https://www.n-tv.de/mediathek/videos/sport/Uberragender-Vasilj-treibt-Ungarn-in-den-Torlos-Wahnsinn-article25219013.html,20240917110430,cdx,
https://www.n-tv.de/mediathek/videos/sport/Undav-ueber-Lob-Was-kannst-du-dir-davon-kaufen-Nix-article25235268.html,20240918115451,cdx,
https://www.n-tv.de/mediathek/videos/sport/Was-sich-mit-der-neuen-Champions-League-aendert-article25189022.html,20240917135905,cdx,
https://www.n-tv.de/mediathek/videos/sport/Welche-abgespaceten-Dinge-Nagelsmann-an-der-NFL-mag-article25234600.html,20240918200935,cdx,
https://www.n-tv.de/mediathek/videos/sport/Welschof-Ist-Goal-fuer-jeden-der-als-Rookie-kommt-article25178949.html,20240918090751,cdx,
https://www.n-tv.de/mediathek/videos/technik/Apple-Chef-Vision-Pro-ist-eine-Zaesur-wie-iPhone-und-Mac-article25081512.html,20240917094957,cdx,
https://www.n-tv.de/mediathek/videos/technik/E-Boot-rast-ueber-die-Ostsee-zu-neuem-Weltrekord-article25234321.html,20240917185122,cdx,
https://www.n-tv.de/mediathek/videos/technik/Gamescom-praesentiert-Klassiker-und-Neuheiten-article25174424.html,20240917134804,cdx,
https://www.n-tv.de/mediathek/videos/technik/iPhone-16-Kunden-in-EU-bekommen-nicht-alle-Funktionen-article25216167.html,20240917104821,cdx,
https://www.n-tv.de/mediathek/videos/technik/Microsoft-stattet-PCs-mit-KI-Begleiter-Copilot-aus-article24955191.html,20240917200749,cdx,
https://www.n-tv.de/mediathek/videos/technik/Muenchen-verteidigt-Platz-1-Das-macht-Staedte-smart-article25232143.html,20240918085426,cdx,
https://www.n-tv.de/mediathek/videos/technik/Muessen-nicht-nachbauen-was-Google-und-Meta-machen-article25184216.html,20240917143703,cdx,
https://www.n-tv.de/mediathek/videos/technik/Pro-Vision-ab-sofort-in-Deutschland-erhaeltlich-Was-Apples-Computerbrille-alles-kann-article25082444.html,20240917191527,cdx,
https://www.n-tv.de/mediathek/videos/technik/Robotaxis-verheddern-sich-nachts-in-bizarrem-Hup-Tanz-article25157687.html,20240917055736,cdx,
https://www.n-tv.de/mediathek/videos/technik/San-Francisco-streitet-heftig-ueber-seine-Robotaxis-article24339108.html,20240918011716,cdx,
https://www.n-tv.de/mediathek/videos/technik/Wie-nachhaltig-ist-die-Games-Branche-article25174838.html,20240917174539,cdx,
https://www.n-tv.de/mediathek/videos/technik/Wohl-risikoreichste-Mission-der-SpaceX-Geschichte-article25186932.html,20240918044508,cdx,
https://www.n-tv.de/mediathek/videos/technik/Wollen-beim-Googeln-nicht-mehr-nur-zehn-blaue-Links-article24942608.html,20240917112310,cdx,
https://www.n-tv.de/mediathek/videos/Teleb_rse_Highlights/Nvidia-birgt-immenses-Enttaeuschungspotential-article25184397.html,20240918020803,cdx,
https://www.n-tv.de/mediathek/videos/unterhaltung/Adele-singt-in-Muenchner-Wetter-Apokalypse-einfach-weiter-article25160810.html,20240918004515,cdx,
https://www.n-tv.de/mediathek/videos/unterhaltung/Axel-Schulz-ist-von-Stefan-Raabs-Leistung-enttaeuscht-article25228544.html,20240917174134,cdx,
https://www.n-tv.de/mediathek/videos/unterhaltung/Backstage-bei-Du-gewinnst-hier-nicht-die-Million-article25228089.html,20240917115415,cdx,
https://www.n-tv.de/mediathek/videos/unterhaltung/Billie-Eilish-erinnert-sich-an-ersten-Auftritt-in-Berlin-article24997900.html,20240918113342,cdx,
https://www.n-tv.de/mediathek/videos/unterhaltung/Blutige-Binden-lauter-Zoff-und-Comedy-fuer-Doofe-article25171231.html,20240918011009,cdx,
https://www.n-tv.de/mediathek/videos/unterhaltung/Cardi-B-ist-nur-eine-Woche-nach-Geburt-zurueck-im-Gym-article25233632.html,20240917145655,cdx,
https://www.n-tv.de/mediathek/videos/unterhaltung/Cardi-B-schunkelt-mit-drittem-Baby-im-Klinikbett-article25225196.html,20240917095928,cdx,
https://www.n-tv.de/mediathek/videos/unterhaltung/Carmen-Geiss-zeigt-Fans-ihre-Gallensteine-article25236905.html,20240918174833,cdx,
https://www.n-tv.de/mediathek/videos/unterhaltung/Claudia-Schiffer-verbluefft-mit-Schmetterlingsvideo-article25188403.html,20240918085941,cdx,
https://www.n-tv.de/mediathek/videos/unterhaltung/Dschungel-Stars-liefern-sich-oeffentliche-Schlammschlacht-article25167405.html,20240918035021,cdx,
https://www.n-tv.de/mediathek/videos/unterhaltung/Ex-Bachelorette-Haller-zeigt-ihre-Schrauben-im-Ruecken-article25187154.html,20240917162849,cdx,
https://www.n-tv.de/mediathek/videos/unterhaltung/Heidi-Klum-teilt-Ganzkoerper-Vermessung-fuer-Halloween-article25232915.html,20240917161009,cdx,
https://www.n-tv.de/mediathek/videos/unterhaltung/Heino-heimst-fuer-USA-Auftritt-Gage-seines-Lebens-ein-article25157272.html,20240917040811,cdx,
https://www.n-tv.de/mediathek/videos/unterhaltung/Helge-Schneider-bloedelt-Zuschauer-fuer-Boxkampf-warm-article25228051.html,20240917112608,cdx,
https://www.n-tv.de/mediathek/videos/unterhaltung/Heulender-Opa-David-Hasselhoff-zeigt-Enkelin-London-article25158204.html,20240917070353,cdx,
https://www.n-tv.de/mediathek/videos/unterhaltung/Hoehle-der-Loewen-Investorin-sauer-Schlechtester-Pitch-article25233338.html,20240917143121,cdx,
https://www.n-tv.de/mediathek/videos/unterhaltung/Kader-stellt-die-grossen-Fragen-Sex-mit-80-geht-das--article25170933.html,20240917085536,cdx,
https://www.n-tv.de/mediathek/videos/unterhaltung/Kult-Arzt-Dr-Bob-erhaelt-ueberraschenden-Ersatz-article25188340.html,20240918172823,cdx,
https://www.n-tv.de/mediathek/videos/unterhaltung/Massimo-Sinato-tanzt-und-singt-bei-Moulin-Rouge-article25235798.html,20240918123946,cdx,
https://www.n-tv.de/mediathek/videos/unterhaltung/Mein-RTL-Stefan-Raab-kuendigt-Show-Comeback-an-article25227919.html,20240917121519,cdx,
https://www.n-tv.de/mediathek/videos/unterhaltung/Miniserie-Shogun-knackt-Emmy-Rekord-article25230395.html,20240917094000,cdx,
https://www.n-tv.de/mediathek/videos/unterhaltung/Raab-geht-es-ueberraschend-gut-die-Rippe-ist-ganz-article25234318.html,20240917200654,cdx,
https://www.n-tv.de/mediathek/videos/unterhaltung/Raabs-Pa-aufs-Maul-boxt-sich-in-den-Charts-nach-oben-article25230665.html,20240917133015,cdx,
https://www.n-tv.de/mediathek/videos/unterhaltung/Regina-Halmich-Wurde-voellig-im-Dunkeln-gelassen-article25228112.html,20240917155102,cdx,
https://www.n-tv.de/mediathek/videos/unterhaltung/Sam-Rafi-kann-seine-wahren-Gefuehle-nicht-zeigen-article25233577.html,20240917165821,cdx,
https://www.n-tv.de/mediathek/videos/unterhaltung/Shakira-bricht-Tanz-ab-nachdem-Fans-unters-Kleid-filmen-article25231064.html,20240917084557,cdx,
https://www.n-tv.de/mediathek/videos/unterhaltung/Thomas-D-landet-nach-Insektenstich-in-Notaufnahme-article25158565.html,20240917080524,cdx,
https://www.n-tv.de/mediathek/videos/unterhaltung/Traegt-Jennifer-Lopez-einen-Hauch-von-Rache-article25216225.html,20240917141704,cdx,
https://www.n-tv.de/mediathek/videos/unterhaltung/Vorwuerfe-treffen-zu-So-verlief-der-Fall-Gil-Ofarim-article24564440.html,20240917044301,cdx,
https://www.n-tv.de/mediathek/videos/unterhaltung/Ziel-ist-Hier-soll-nie-einer-die-Million-gewinnen-article25235818.html,20240918123607,cdx,
https://www.n-tv.de/mediathek/videos/wetter/Bis-zum-Wochenende-bleibt-es-frisch-article18375001.html,20240917094528,cdx,
https://www.n-tv.de/mediathek/videos/Wetterwolken/Wolkenanimation-article10077216.html,20240917020045,cdx,
https://www.n-tv.de/mediathek/videos/wirtschaft/Ampel-wird-nicht-drum-rumkommen-Geld-in-Hand-zu-nehmen-article25233022.html,20240918020333,cdx,
https://www.n-tv.de/mediathek/videos/wirtschaft/Auch-bei-KI-gibt-es-noch-eine-ganze-Menge-zu-tun-article25236422.html,20240918200215,cdx,
https://www.n-tv.de/mediathek/videos/wirtschaft/Ausbau-der-Chip-Produktion-in-Deutschland-geht-weiter-article25232616.html,20240917140341,cdx,
https://www.n-tv.de/mediathek/videos/wirtschaft/Autowerte-auf-Talfahrt-Es-wird-erst-mal-schlimmer-article25130194.html,20240918000250,cdx,
https://www.n-tv.de/mediathek/videos/wirtschaft/Baender-stehen-still-30-000-Boeing-Arbeiter-streiken-article25225504.html,20240917194836,cdx,
https://www.n-tv.de/mediathek/videos/wirtschaft/Bahn-verkauft-Logistiktochter-Schenker-an-DSV-article25221961.html,20240917181725,cdx,
https://www.n-tv.de/mediathek/videos/wirtschaft/Bedingungen-fuer-Unternehmensgruendungen-in-Deutschland-historisch-schlecht-article25171745.html,20240918165402,cdx,
https://www.n-tv.de/mediathek/videos/wirtschaft/Breiter-Protest-begleitet-Stahlgipfel-in-Duisburg-article25231297.html,20240917162619,cdx,
https://www.n-tv.de/mediathek/videos/wirtschaft/Das-sollen-Googles-neue-KI-Smartphones-koennen-article25157683.html,20240917081737,cdx,
https://www.n-tv.de/mediathek/videos/wirtschaft/DAX-Konzerne-legen-zu-Sondereffekt-verhagelt-Bilanz-article25159581.html,20240917174038,cdx,
https://www.n-tv.de/mediathek/videos/wirtschaft/Deindustrialisierung-Deutschlands-Ende-als-Wirtschaftsnation-article25225506.html,20240917160316,cdx,
https://www.n-tv.de/mediathek/videos/wirtschaft/Deutsche-Bahn-will-bis-zu-30-000-Jobs-abbauen-article25235255.html,20240918124843,cdx,
https://www.n-tv.de/mediathek/videos/wirtschaft/Deutsche-Bank-kann-Unicredit-die-Coba-Fusion-erschweren-article25232141.html,20240917131923,cdx,
https://www.n-tv.de/mediathek/videos/wirtschaft/Deutschland-im-Reisefieber-Tuerkei-beliebtestes-Ziel-article24782278.html,20240917203751,cdx,
https://www.n-tv.de/mediathek/videos/wirtschaft/Deutschland-sackt-im-BDI-Innovationsindikator-ab-article25236499.html,20240918151557,cdx,
https://www.n-tv.de/mediathek/videos/wirtschaft/Die-eine-oder-andere-Stelle-wird-wegfallen-article25225544.html,20240917192226,cdx,
https://www.n-tv.de/mediathek/videos/wirtschaft/Die-Party-in-der-Autoindustrie-ist-schon-laenger-vorbei-article25177910.html,20240917180618,cdx,
https://www.n-tv.de/mediathek/videos/wirtschaft/Dieser-Schuss-von-Trump-wird-nach-hinten-losgehen-article25232360.html,20240917172315,cdx,
https://www.n-tv.de/mediathek/videos/wirtschaft/Erneutes-Rekordquartal-TUI-profitiert-von-Reiselust-article25157685.html,20240917064111,cdx,
https://www.n-tv.de/mediathek/videos/wirtschaft/Erste-Lithiumraffinerie-Europas-steht-in-Bitterfeld-Wolfen-article25237286.html,20240918183618,cdx,
https://www.n-tv.de/mediathek/videos/wirtschaft/Erwartete-Fed-Zinssenkung-Es-bleibt-weiter-unsicher-fuer-Anleger-article25229971.html,20240917180627,cdx,
https://www.n-tv.de/mediathek/videos/wirtschaft/Europas-stotternde-Wirtschaft-bestimmt-Salzburger-Trilog-article25186652.html,20240918212611,cdx,
https://www.n-tv.de/mediathek/videos/wirtschaft/Experte-Feinunze-Gold-koennte-bis-3500-Dollar-erreichen-article25172556.html,20240918185115,cdx,
https://www.n-tv.de/mediathek/videos/wirtschaft/EZB-Entscheid-sollte-Haeuslebauer-freuen-article25223722.html,20240917162853,cdx,
https://www.n-tv.de/mediathek/videos/wirtschaft/Fondsmanager-Vollen-Effekt-von-FTI-werden-wir-erst-im-Sommerquartal-sehen-article25156944.html,20240917040815,cdx,
https://www.n-tv.de/mediathek/videos/wirtschaft/Giffey-Der-naechste-Schritt-ist-Glasfaser-ueberall-article25178833.html,20240917113228,cdx,
https://www.n-tv.de/mediathek/videos/wirtschaft/Glaube-dass-es-noch-zwei-weitere-Zinssenkungen-gibt-article25222259.html,20240917153802,cdx,
https://www.n-tv.de/mediathek/videos/wirtschaft/Hafenmitarbeiter-stemmen-sich-gegen-geplanten-Deal-article25076435.html,20240917044113,cdx,
https://www.n-tv.de/mediathek/videos/wirtschaft/Im-Moment-ist-Konsolidierung-angesagt-article25182166.html,20240918011358,cdx,
https://www.n-tv.de/mediathek/videos/wirtschaft/Inflation-erreicht-hoechsten-Wert-seit-fast-50-Jahren-article23396752.html,20240917174526,cdx,
https://www.n-tv.de/mediathek/videos/wirtschaft/Intel-Milliarden-DIHK-fordert-Entlastung-bei-Strompreis-article25235359.html,20240918145146,cdx,
https://www.n-tv.de/mediathek/videos/wirtschaft/Investieren-in-daenische-Biotechnologie-lohnt-sich-das-Anlegen-article25224978.html,20240917153545,cdx,
https://www.n-tv.de/mediathek/videos/wirtschaft/Ist-richtig-dass-der-Staat-aus-Commerzbank-rausgeht-article25224896.html,20240917093619,cdx,
https://www.n-tv.de/mediathek/videos/wirtschaft/Kann-zu-Verwerfungen-an-Aktienmaerkten-kommen-article25173637.html,20240918064053,cdx,
https://www.n-tv.de/mediathek/videos/wirtschaft/Kleiner-Vertrauensbruch-kann-USA-in-Rezession-zwingen-article23982677.html,20240917160307,cdx,
https://www.n-tv.de/mediathek/videos/wirtschaft/Legalisierung-in-China-ist-positivste-Erwartung-fuer-Bitcoin-Kurs-article25159987.html,20240917174010,cdx,
https://www.n-tv.de/mediathek/videos/wirtschaft/Linderung-ist-nicht-die-Trendwende-die-wir-brauchen-article24998380.html,20240918063755,cdx,
https://www.n-tv.de/mediathek/videos/wirtschaft/Nestle-soll-seit-Jahrzehnten-bei-Mineralwasser-betruegen-article25115276.html,20240917152538,cdx,
https://www.n-tv.de/mediathek/videos/wirtschaft/Netzaktivistin-beschafft-sich-Schufa-Auskunft-von-Spahn-article24283075.html,20240917194007,cdx,
https://www.n-tv.de/mediathek/videos/wirtschaft/Pham-Intel-hat-zwei-Mega-Trends-verschlafen-article25232825.html,20240917185044,cdx,
https://www.n-tv.de/mediathek/videos/wirtschaft/Pham-Nvidia-Anleger-sind-gierig-geworden-article25189811.html,20240918215638,cdx,
https://www.n-tv.de/mediathek/videos/wirtschaft/Regierung-verbietet-Leerverkaeufe-article901786.html,20240918012125,cdx,
https://www.n-tv.de/mediathek/videos/wirtschaft/Reitz-Umfeld-des-Finanzministers-ist-stinksauer-article25224718.html,20240917125147,cdx,
https://www.n-tv.de/mediathek/videos/wirtschaft/Rohstoff-Experte-Brauchen-eine-Drei-Saeulen-Strategie-article25100935.html,20240917162437,cdx,
https://www.n-tv.de/mediathek/videos/wirtschaft/Scholz-und-BDI-Chef-liefern-sich-Schlagabtausch-article25037691.html,20240917161135,cdx,
https://www.n-tv.de/mediathek/videos/wirtschaft/Solar-Boom-zu-teuer-fuer-Bund-Forderung-nach-EEG-Reform-article25159830.html,20240917233256,cdx,
https://www.n-tv.de/mediathek/videos/wirtschaft/Ukraine-steht-kurz-vor-der-Pleite-article12304286.html,20240917091754,cdx,
https://www.n-tv.de/mediathek/videos/wirtschaft/Uniper-nimmt-umgeruestete-Testanlage-in-Betrieb-article25183825.html,20240917221931,cdx,
https://www.n-tv.de/mediathek/videos/wirtschaft/Was-der-EZB-Entscheid-fuer-Verbraucher-bedeutet-article25224628.html,20240917150602,cdx,
https://www.n-tv.de/mediathek/videos/wirtschaft/Welche-Vor-und-Nachteile-die-neue-Amazon-Kreditkarte-hat-article25158151.html,20240917131711,cdx,
https://www.n-tv.de/mediathek/videos/wirtschaft/Weltwirtschaft-wird-jetzt-kalt-gestartet-article25186988.html,20240918065250,cdx,
https://www.n-tv.de/mediathek/videos/wirtschaft/Wie-deutsche-Hidden-Champions-die-Weltspitze-aufmischen-article25157749.html,20240917131707,cdx,
https://www.n-tv.de/mediathek/videos/wirtschaft/Wie-Ikea-und-Co-Restaurants-Kunden-streitig-machen-article25230293.html,20240917102905,cdx,
https://www.n-tv.de/mediathek/videos/wirtschaft/Wir-sind-verfangen-in-Uberregulierungen-article24997829.html,20240918113305,cdx,
https://www.n-tv.de/mediathek/videos/wissen/Antibiotikaresistenz-ist-ein-weltweites-Problem-article24522952.html,20240917203904,cdx,
https://www.n-tv.de/mediathek/videos/wissen/Astronauten-muessen-noch-bis-2025-auf-ISS-bleiben-article25180681.html,20240918084804,cdx,
https://www.n-tv.de/mediathek/videos/wissen/Barmer-bemaengelt-niedrige-HPV-Impfbereitschaft-article25186648.html,20240917163719,cdx,
https://www.n-tv.de/mediathek/videos/wissen/Crew-der-Polaris-Dawn-Mission-landet-vor-Florida-article25228436.html,20240917110029,cdx,
https://www.n-tv.de/mediathek/videos/wissen/Das-plant-SpaceX-mit-seiner-Polaris-Dawn-Mission-article25208933.html,20240917173858,cdx,
https://www.n-tv.de/mediathek/videos/wissen/Entschluesselt-Delfine-rufen-ihren-Namen-ins-Meer-article25209724.html,20240917212612,cdx,
https://www.n-tv.de/mediathek/videos/wissen/Experte-erklaert-Ursachen-fuer-den-Extrem-Regen-article25229778.html,20240917100047,cdx,
https://www.n-tv.de/mediathek/videos/wissen/Forscher-finden-Protein-moeglicher-Einsatz-gegen-Krebs-article25185558.html,20240917093742,cdx,
https://www.n-tv.de/mediathek/videos/wissen/Herkunft-von-Stonehenge-Altarstein-verbluefft-Forscher-article25161004.html,20240918165045,cdx,
https://www.n-tv.de/mediathek/videos/wissen/ISS-Astronauten-raetseln-ueber-mysterioeses-Geraeusch-article25200973.html,20240917175057,cdx,
https://www.n-tv.de/mediathek/videos/wissen/Schwaene-treiben-es-wild-fuer-frischen-Genpool-article25147019.html,20240917154709,cdx,
https://www.n-tv.de/mediathek/videos/wissen/So-schuetzen-sich-Menschen-vor-Blitzeinschlaegen-article25123079.html,20240917111513,cdx,
https://www.n-tv.de/mediathek/videos/wissen/Teilnehmer-verlassen-Mars-Simulation-nach-378-Tagen-article25069164.html,20240917174303,cdx,
https://www.n-tv.de/panorama/27-Jaehriger-erliegt-Verletzungen-nach-Balkonabbruch-article25170682.html,20240917034835,cdx,
https://www.n-tv.de/panorama/A27-fuer-Klima-Demo-gesperrt-Stau-fuehrt-zu-Unfall-article25189002.html,20240918172823,cdx,
https://www.n-tv.de/panorama/Achtjaehrige-aus-Deutschland-ertrinkt-in-Italien-article25184100.html,20240918042352,cdx,
https://www.n-tv.de/panorama/Alarmstufe-Rot-Mallorca-zwischen-Rekorden-und-Unwettern-article25160031.html,20240917195548,cdx,
https://www.n-tv.de/panorama/Anett-flutet-Nachbarlaender-Hochwasser-im-Osten-moeglich-article25223536.html,20240917171247,cdx,
https://www.n-tv.de/panorama/Auch-Tschechien-meldet-den-ersten-Hochwassertoten-article25229678.html,20240917010052,cdx,
https://www.n-tv.de/panorama/Aus-einer-Anfeuerung-werden-schnell-Schmaehgesaenge-article24988826.html,20240918003841,cdx,
https://www.n-tv.de/panorama/Balkon-mit-sechs-Menschen-bricht-von-Hauswand-ab-article25159277.html,20240917133600,cdx,
https://www.n-tv.de/panorama/Behoerden-beschlagnahmen-Viagra-der-Inka-article25210750.html,20240918173303,cdx,
https://www.n-tv.de/panorama/Berliner-knackt-den-Super-Jackpot-article15475526.html,20240918132806,cdx,
https://www.n-tv.de/panorama/Berliner-Polizeipraesidentin-Slowik-zu-Messergewalt-Jung-maennlich-und-nicht-deutscher-Hintergrund-article25032461.html,20240918102731,cdx,
https://www.n-tv.de/panorama/Bewaehrung-fuer-Ex-BBC-Moderator-wegen-Kinderpornografie-article25231146.html,20240917010844,cdx,
https://www.n-tv.de/panorama/Bewaehrungsstrafe-nach-toedlichem-Unfall-an-Bahnuebergang-article25183221.html,20240918040143,cdx,
https://www.n-tv.de/panorama/Britische-Marine-beschlagnahmt-halbe-Tonne-Kokain-in-der-Karibik-article25180797.html,20240917194950,cdx,
https://www.n-tv.de/panorama/Carolabruecke-komplett-in-Gefahr-eingestuerzter-Teil-wird-abgerissen-article25223257.html,20240917150837,cdx,
https://www.n-tv.de/panorama/Chefingenieur-zur-Titan-Ich-steige-da-nicht-ein-article25232692.html,20240917095243,cdx,
https://www.n-tv.de/panorama/Dach-von-Partyboot-in-Berlin-stuerzt-ein-article25234866.html,20240918004216,cdx,
https://www.n-tv.de/panorama/Dach-von-Partyboot-in-Berlin-stuerzt-ein-neun-Verletzte-article25234866.html,20240918080720,cdx,
https://www.n-tv.de/panorama/Dach-von-Partyboot-in-Berlin-stuerzt-ein-zwoelf-Verletzte-article25234866.html,20240918115219,cdx,
https://www.n-tv.de/panorama/Dach-von-Turnhalle-stuerzt-ein-article19592787.html,20240918185712,cdx,
https://www.n-tv.de/panorama/Datenlecks-bei-Check24-und-Verivox-zeigten-Adresse-und-Einkommen-article25234483.html,20240917170837,cdx,
https://www.n-tv.de/panorama/Datenmissbrauch-Wenn-flirtende-Polizisten-Handynummern-abfragen-article25233480.html,20240917134039,cdx,
https://www.n-tv.de/panorama/Dauphin-war-die-Stadt-ohne-Armut-article15287556.html,20240918074854,cdx,
https://www.n-tv.de/panorama/Der-Nachtisch-wird-zum-Luxusdessert-article25171738.html,20240917164548,cdx,
https://www.n-tv.de/panorama/Der-naechste-Club-dicht-Watergate-in-Berlin-schliesst-Ende-2024-article25232951.html,20240917124025,cdx,
https://www.n-tv.de/panorama/Deutsche-Touristin-stirbt-bei-Haiattacke-article25234743.html,20240917210943,cdx,
https://www.n-tv.de/panorama/Deutscher-bei-Lawinenabgang-getoetet-article21459713.html,20240918095042,cdx,
https://www.n-tv.de/panorama/Die-113-Jaehrige-die-Instagram-fuer-sich-entdeckt-article24055906.html,20240918172823,cdx,
https://www.n-tv.de/panorama/Die-schwimmende-Zeitbombe-wird-entschaerft-article24291325.html,20240917191906,cdx,
https://www.n-tv.de/panorama/Die-Schwurbler-dominieren-article22921183.html,20240917063306,cdx,
https://www.n-tv.de/panorama/Diensthund-skalpiert-Frau-Polizist-verurteilt-article25236557.html,20240918145319,cdx,
https://www.n-tv.de/panorama/Diesel-wird-knapp-article4621066.html,20240917111227,cdx,
https://www.n-tv.de/panorama/Drei-Schwestern-ueberfahren-article5791996.html,20240917120815,cdx,
https://www.n-tv.de/panorama/Dresden-bangt-in-Bayern-steigen-die-Pegelstaende-article25231976.html,20240917074131,cdx,
https://www.n-tv.de/panorama/Dresden-erhoeht-Hochwasser-Alarmstufe-article25229018.html,20240917155619,cdx,
https://www.n-tv.de/panorama/Elch-taucht-am-Strand-von-Usedom-auf-article25234459.html,20240917171151,cdx,
https://www.n-tv.de/panorama/Entfuehrer-von-Koelner-Psychotherapeutin-verurteilt-article25231526.html,20240917010935,cdx,
https://www.n-tv.de/panorama/Essen_und_Trinken/Bei-Snack-Boards-gibt-es-keine-Regeln-article25155508.html,20240917104320,cdx,
https://www.n-tv.de/panorama/Essen_und_Trinken/Diese-Liebe-waehrt-ewig-article25222002.html,20240917152330,cdx,
https://www.n-tv.de/panorama/Experten-wird-angst-und-bange-Deutsche-Flughaefen-haben-ein-Sicherheitsproblem-article25160525.html,20240917234306,cdx,
https://www.n-tv.de/panorama/Feuerwehr-birgt-einen-Toten-nach-Brand-in-Hessen-article25184036.html,20240917033628,cdx,
https://www.n-tv.de/panorama/Flut-hoch-wie-nie-Altstadt-trotzdem-trocken-article10794731.html,20240918083513,cdx,
https://www.n-tv.de/panorama/Fluten-schwemmen-Krokodile-an-article2237576.html,20240918051616,cdx,
https://www.n-tv.de/panorama/Frau-kommt-bei-Fahrt-mit-Wikingerschiff-ums-Leben-article25188380.html,20240918140436,cdx,
https://www.n-tv.de/panorama/Frau-vergisst-Krebserkrankung-im-Koma-und-bekommt-Diagnose-erneut-article25157317.html,20240917064319,cdx,
https://www.n-tv.de/panorama/Gericht-verurteilt-22-Jaehrige-zu-Haftstrafe-article20848044.html,20240918140629,cdx,
https://www.n-tv.de/panorama/Getoeteter-Angreifer-von-Wolmirstedt-ist-27-jaehriger-Afghane-article25016722.html,20240918010900,cdx,
https://www.n-tv.de/panorama/Gibt-es-guten-Wein-der-schmeckt-auch-ohne-Alkohol-article25176369.html,20240918074409,cdx,
https://www.n-tv.de/panorama/Hoch-Serkan-beschert-Deutschland-strahlenden-Spaetsommer-article25236118.html,20240918184221,cdx,
https://www.n-tv.de/panorama/Hochwasser-in-Dresden-steht-kurz-vor-Warnstufe-3-article25235139.html,20240918064008,cdx,
https://www.n-tv.de/panorama/Hochwasser-in-Osterreich-Regenmassen-sorgen-fuer-Verkehrschaos-in-Wien-article25229544.html,20240917010750,cdx,
https://www.n-tv.de/panorama/Hunter-Biden-bekennt-sich-ueberraschend-schuldig-article25208282.html,20240918170324,cdx,
https://www.n-tv.de/panorama/In-Berlin-Festgenommener-ist-kein-gesuchter-RAF-Terrorist-article25157202.html,20240917050728,cdx,
https://www.n-tv.de/panorama/IS-Rueckkehrerin-muss-mehrere-Jahre-in-Haft-article24367077.html,20240918061815,cdx,
https://www.n-tv.de/panorama/Jaeger-erschiesst-aggressive-Kuh-in-Niedersachsen-article25169700.html,20240917005031,cdx,
https://www.n-tv.de/panorama/Japans-Maenner-knapsen-article279720.html,20240918153651,cdx,
https://www.n-tv.de/panorama/Kampfjets-vom-Typ-Rafale-kollidieren-in-der-Luft-zwei-Piloten-tot-article25159686.html,20240917174031,cdx,
https://www.n-tv.de/panorama/Kein-Zeichen-der-Reue-article20562295.html,20240918231714,cdx,
https://www.n-tv.de/panorama/Keine-grossen-Taschen-Flaschen-Messer-600-Polizisten-sollen-Wiesn-zu-sicherstem-Volksfest-der-Welt-machen-article25236424.html,20240918132149,cdx,
https://www.n-tv.de/panorama/Keine-Vermissten-mehr-nach-Einsturz-von-Eishoehle-in-Island-article25183547.html,20240918033310,cdx,
https://www.n-tv.de/panorama/Kommission-kritisiert-Gefaengnisse-in-Deutschland-article25185826.html,20240917194542,cdx,
https://www.n-tv.de/panorama/Krefelder-Schule-sperrt-Toiletten-fuer-Schueler-ab-article25232784.html,20240917095307,cdx,
https://www.n-tv.de/panorama/KZ-Uberlebende-beschreibt-Ankunft-im-Lager-article22999647.html,20240917001859,cdx,
https://www.n-tv.de/panorama/Laender-setzen-Pflege-Impfpflicht-selten-durch-article23469547.html,20240917005630,cdx,
https://www.n-tv.de/panorama/Land-unter-in-Bayern-und-Sachsen-article10751731.html,20240917000405,cdx,
https://www.n-tv.de/panorama/Lange-Nacht-der-Wissenschaften-in-Berlin-Uni-Leitung-sagt-Vortrag-umstrittener-Biologin-ab-article23438497.html,20240918032116,cdx,
https://www.n-tv.de/panorama/LKW-Zugmaschine-stuerzt-von-Autobahnbruecke-article25159318.html,20240917155647,cdx,
https://www.n-tv.de/panorama/Londoner-Polizei-erhaelt-miserables-Zeugnis-article25160397.html,20240917235701,cdx,
https://www.n-tv.de/panorama/Mann-im-Frankfurter-Hauptbahnhof-erschossen-article25171422.html,20240917111916,cdx,
https://www.n-tv.de/panorama/Mann-in-NRW-geht-mit-Messer-auf-Passanten-und-Polizei-los-article25186263.html,20240918152459,cdx,
https://www.n-tv.de/panorama/Mann-lagert-tote-Mutter-zwei-Jahre-in-Gefriertruhe-article25187100.html,20240917182828,cdx,
https://www.n-tv.de/panorama/Mann-stirbt-bei-Achterbahn-Test-fuer-Oktoberfest-article25231000.html,20240917010058,cdx,
https://www.n-tv.de/panorama/Mehr-als-2200-Missbrauchsopfer-in-evangelischer-Kirche-article24688734.html,20240918000644,cdx,
https://www.n-tv.de/panorama/Mehrere-Tote-bei-Waldbraenden-in-Portugal-article25231738.html,20240917010549,cdx,
https://www.n-tv.de/panorama/Millionen-Infektionen-im-kommenden-Winter-Bundesgesundheitsminister-Karl-Lauterbach-warnt-vor-steigender-Long-Covid-Gefahr-article25233092.html,20240917123747,cdx,
https://www.n-tv.de/panorama/Mit-Drogen-versetzte-Bonbons-in-Neuseeland-verteilt-article25156717.html,20240917034406,cdx,
https://www.n-tv.de/der_tag/28-afghanische-Straftaeter-im-Flugzeug-auf-dem-Weg-nach-Kabul-article25192309.html,20240920005530,cdx,
https://www.n-tv.de/der_tag/AfD-Politikerin-verteilt-Nahkampf-Waffen-im-Wahlkampf-article25239847.html,20240920153003,cdx,
https://www.n-tv.de/der_tag/Ausnahme-Taifun-trifft-Japan-Millionen-Menschen-sollen-Haeuser-verlassen-article25191084.html,20240919041121,cdx,
https://www.n-tv.de/der_tag/Berliner-Klimaaktivist-zu-Haftstrafe-verurteilt-article24267164.html,20240919081939,cdx,
https://www.n-tv.de/der_tag/Delegierter-bleibt-bei-Irans-Hymne-sitzen-afghanischer-Botschafter-einbestellt-article25242384.html,20240920202220,cdx,
https://www.n-tv.de/der_tag/Der-Tag-am-30-Juli-2024-article25123787.html,20240919164436,cdx,
https://www.n-tv.de/der_tag/Der-Tag-am-31-Juli-2024-article25126482.html,20240919164436,cdx,
https://www.n-tv.de/der_tag/Der-Tag-am-Dienstag-dem-23-Juli-2024-article25107439.html,20240919164436,cdx,
https://www.n-tv.de/der_tag/Der-Tag-am-Dienstag-dem-6-August-2024-article25139013.html,20240919164436,cdx,
https://www.n-tv.de/der_tag/Der-Tag-am-Donnerstag-19-September-2024-article25237840.html,20240919043744,cdx,
https://www.n-tv.de/der_tag/Der-Tag-am-Donnerstag-29-August-2024-article25189441.html,20240919164436,cdx,
https://www.n-tv.de/der_tag/Der-Tag-am-Freitag-20-September-2024-article25240495.html,20240920043916,cdx,
https://www.n-tv.de/der_tag/Der-Tag-auf-ntv-de-am-Donnerstag-1-August-2024-article25129378.html,20240919164436,cdx,
https://www.n-tv.de/der_tag/Der-Tag-auf-ntv-de-am-Freitag-2-August-2024-article25131948.html,20240919164436,cdx,
https://www.n-tv.de/der_tag/Der-Tag-bei-ntv-de-16-September-2024-article25229282.html,20240919164436,cdx,
https://www.n-tv.de/der_tag/Der-Tag-bei-ntv-de-am-Freitag-dem-16-August-2024-article25162094.html,20240919164436,cdx,
https://www.n-tv.de/der_tag/Der-Tag-bei-ntv-de-am-Mittwoch-dem-17-Juli-2024-article25094335.html,20240919164436,cdx,
https://www.n-tv.de/der_tag/Deutscher-Gleitschirmflieger-stirbt-nach-Absturz-in-Osterreich-article25172109.html,20240920065135,cdx,
https://www.n-tv.de/der_tag/Die-Deutschen-in-ihrer-Freizeit-article25184622.html,20240919135754,cdx,
https://www.n-tv.de/der_tag/Disneys-neuer-Kreuzfahrtgigant-zwaengt-sich-durch-die-Ems-article25238709.html,20240919164229,cdx,
https://www.n-tv.de/der_tag/Dutzende-prominente-Republikaner-stellen-sich-oeffentlich-gegen-Trump-article25237503.html,20240919034950,cdx,
https://www.n-tv.de/der_tag/Eisbaer-schafft-es-von-Groenland-nach-Island-und-wird-erschossen-article25241823.html,20240920144419,cdx,
https://www.n-tv.de/der_tag/Elton-John-geht-es-langsam-wieder-besser-article25202732.html,20240920232016,cdx,
https://www.n-tv.de/der_tag/Ermittler-finden-kiloweise-Drogen-in-Hessen-article25192443.html,20240919211130,cdx,
https://www.n-tv.de/der_tag/Experten-warnen-vor-Sturmflut-an-Nordseekueste-article23089011.html,20240920105721,cdx,
https://www.n-tv.de/der_tag/Explosionen-in-Koeln-Polizei-veroeffentlicht-Fotos-des-Verdaechtigen-article25242428.html,20240920203759,cdx,
https://www.n-tv.de/der_tag/Forscher-loesen-Raetsel-um-Fingerknack-Geraeusch-article20362062.html,20240920143807,cdx,
https://www.n-tv.de/der_tag/Friedrich-Merz-ueber-Boris-Pistorius-Waere-fuer-das-Land-ein-Gewinn-article25234798.html,20240919024526,cdx,
https://www.n-tv.de/der_tag/Helene-Fischer-singt-auf-neuem-Album-Kinderlieder-article25240577.html,20240920200600,cdx,
https://www.n-tv.de/der_tag/IS-Anschlag-in-Bruessel-Terrorverdaechtiger-festgenommen-article24491096.html,20240920183624,cdx,
https://www.n-tv.de/der_tag/Kleinflugzeug-fliegt-gegen-Windrad-Insassin-stirbt-article25194480.html,20240920061326,cdx,
https://www.n-tv.de/der_tag/Kleinflugzeug-stuerzt-bei-Recklinghausen-ab-article18691396.html,20240920063909,cdx,
https://www.n-tv.de/der_tag/Landtagswahl-in-Sachsen-Neue-Umfrage-sorgt-fuer-Uberraschung-article25147365.html,20240920003418,cdx,
https://www.n-tv.de/der_tag/Messerangriff-in-Muenchen-zwei-Verletzte-article25109650.html,20240919143532,cdx,
https://www.n-tv.de/der_tag/Musk-erhaelt-Sonderposten-falls-Trump-siegt-article25237858.html,20240920023832,cdx,
https://www.n-tv.de/der_tag/Nestle-Chef-Schneider-tritt-ueberraschend-zurueck-article25176550.html,20240920080802,cdx,
https://www.n-tv.de/der_tag/Orban-EU-schuldet-Ungarn-Geld-article25194559.html,20240919063041,cdx,
https://www.n-tv.de/der_tag/Ostsee-Taucher-finden-Wrack-mit-Zaren-Champagner-article25123241.html,20240919012527,cdx,
https://www.n-tv.de/der_tag/Schlagzeilen-am-Morgen-article25056750.html,20240920222231,cdx,
https://www.n-tv.de/der_tag/Schmuggler-durchbrechen-Grenzkontrolle-in-Niedersachsen-article25229414.html,20240919045204,cdx,
https://www.n-tv.de/der_tag/Segelflugzeug-stuerzt-auf-Autobahn-Pilot-stirbt-article25128444.html,20240919174544,cdx,
https://www.n-tv.de/der_tag/Staatsanwaltschaft-geht-von-Terror-aus-toedliche-Attacke-in-Rotterdam-article25242363.html,20240920185508,cdx,
https://www.n-tv.de/der_tag/Sylvie-Meis-zeigt-sich-mit-neuer-Liebe-article25178533.html,20240919224014,cdx,
https://www.n-tv.de/der_tag/Tauchboot-Firma-stellt-Betrieb-nach-Titan-Unglueck-ein-article24243348.html,20240920173512,cdx,
https://www.n-tv.de/der_tag/Unternehmer-Grupp-waehlt-zum-ersten-Mal-Gruen-article17126626.html,20240920124728,cdx,
https://www.n-tv.de/der_tag/US-Behoerde-erteilt-Startverbot-fuer-SpaceX-Rakete-Falcon-9-article25189557.html,20240919045041,cdx,
https://www.n-tv.de/der_tag/Video-Kamala-Harris-Wer-bei-mir-einbricht-wird-erschossen-article25241414.html,20240920142148,cdx,
https://www.n-tv.de/der_tag/Videos-des-Tages-article25186222.html,20240920052853,cdx,
https://www.n-tv.de/der_tag/Wagenknecht-mit-roter-Fluessigkeit-attackiert-article25191854.html,20240919001354,cdx,
https://www.n-tv.de/der_tag/Zahl-der-Fluechtlinge-in-Deutschland-ist-auf-dem-Hoechststand-article25240515.html,20240920051254,cdx,
https://www.n-tv.de/der_tag/Zehntausende-Teilnehmer-bei-Klimademo-in-Berlin-article21285579.html,20240920183549,cdx,
https://www.n-tv.de/mediathek/videos/auto/Lilium-Aviation-baut-elektrisches-Lufttaxi-article20017673.html,20240920182352,cdx,
https://www.n-tv.de/mediathek/videos/Das-ist-der-Mann-der-Trump-besiegen-will-article21857613.html,20240920182720,cdx,
https://www.n-tv.de/mediathek/videos/Dokumentationen/Armes-reiches-Deutschland-Wird-das-Leben-unbezahlbar-article24139425.html,20240920085634,cdx,
https://www.n-tv.de/mediathek/videos/Dokumentationen/Auch-unter-Deutschland-schlummern-Vulkane-article24612119.html,20240920085610,cdx,
https://www.n-tv.de/mediathek/videos/Dokumentationen/Der-Nahost-Konflikt-Wie-alles-begann-article24455195.html,20240920085711,cdx,
https://www.n-tv.de/mediathek/videos/Dokumentationen/Hallo-Mama-auf-der-Jagd-nach-SMS-Betruegern-article25099408.html,20240919095111,cdx,
https://www.n-tv.de/mediathek/videos/Dokumentationen/King-Klopp-Meistermacher-Motivator-Mensch-article24880986.html,20240920085524,cdx,
https://www.n-tv.de/mediathek/videos/Dokumentationen/M3-Dachs-Leguan-die-Spezial-Panzer-der-Bundeswehr-article24879854.html,20240920085557,cdx,
https://www.n-tv.de/mediathek/videos/Dokumentationen/Schlafende-Riesen-droht-ein-neues-Pompeji-article24612090.html,20240919095111,cdx,
https://www.n-tv.de/mediathek/videos/Dokumentationen/So-ist-das-Leben-in-Deutschlands-Brennpunkten-wirklich-article24139485.html,20240920085703,cdx,
https://www.n-tv.de/mediathek/videos/Dokumentationen/So-ticken-deutsche-Schuetzenvereine-damals-und-heute-article24880109.html,20240920085514,cdx,
https://www.n-tv.de/mediathek/videos/Dokumentationen/Vulkan-unter-Deutschland-Die-Eifel-wird-ausbrechen-article24879911.html,20240920085546,cdx,
https://www.n-tv.de/mediathek/videos/geldanlage-check/Comeback-Fuer-wen-lohnt-sich-ein-Bausparvertrag-article23435512.html,20240920235231,cdx,
https://www.n-tv.de/mediathek/videos/geldanlage-check/Europas-E-Auto-Politik-wird-in-China-gemacht-article25240014.html,20240919180055,cdx,
https://www.n-tv.de/mediathek/videos/geldanlage-check/Rally-ist-noch-nicht-vorbei-aber-es-gibt-Korrekturen-article25215370.html,20240919034303,cdx,
https://www.n-tv.de/mediathek/videos/panorama/Auf-Flutkatastrophe-in-Nigeria-folgen-Hunger-und-Seuchen-article25241773.html,20240920172828,cdx,
https://www.n-tv.de/mediathek/videos/panorama/Augenzeugen-Toskana-Crash-sah-aus-wie-Schlachtfeld-article25238114.html,20240919070929,cdx,
https://www.n-tv.de/mediathek/videos/panorama/Auto-prallt-bei-Aalen-auf-Klein-LKW-article25206253.html,20240919053733,cdx,
https://www.n-tv.de/mediathek/videos/panorama/Autodieb-wird-von-Nobel-Sportwagen-eingesperrt-article25242114.html,20240920151040,cdx,
https://www.n-tv.de/mediathek/videos/panorama/Blut-aus-Ohren-Boeing-Passagieren-platzen-Aderchen-article25239048.html,20240919163156,cdx,
https://www.n-tv.de/mediathek/videos/panorama/Britische-Baby-Serienmoerderin-muss-lebenslang-in-Haft-article24340541.html,20240920113421,cdx,
https://www.n-tv.de/mediathek/videos/panorama/Bruecke-bricht-zusammen-Autofahrer-stuerzen-in-Fluten-article25214188.html,20240919030748,cdx,
https://www.n-tv.de/mediathek/videos/panorama/Darum-schippert-ein-zweistoeckiges-Gebaeude-ueber-die-Elbe-article25241875.html,20240920161057,cdx,
https://www.n-tv.de/mediathek/videos/panorama/Deutsche-Schuelerinnen-sterben-bei-Autounfall-in-der-Toskana-article25238081.html,20240919070520,cdx,
https://www.n-tv.de/mediathek/videos/panorama/Deutsche-sterben-bei-Autounfall-in-der-Toskana-article25238081.html,20240919070501,cdx,
https://www.n-tv.de/mediathek/videos/panorama/Deutsche-Teenager-sterben-bei-Autounfall-in-der-Toskana-article25238081.html,20240919070802,cdx,
https://www.n-tv.de/mediathek/videos/panorama/Deutsche-Urlauber-zieht-es-an-Nord-und-Ostsee-article13373951.html,20240919175721,cdx,
https://www.n-tv.de/mediathek/videos/panorama/Disneys-neuer-Kreuzfahrtgigant-zwaengt-sich-durch-die-Ems-article25238603.html,20240919111040,cdx,
https://www.n-tv.de/mediathek/videos/panorama/Eltern-quetschen-sechsjaehrige-Tochter-in-Babyklappe-article25214186.html,20240919031357,cdx,
https://www.n-tv.de/mediathek/videos/panorama/Feuerwerk-explodiert-in-Wohnhaus-article6420596.html,20240919062418,cdx,
https://www.n-tv.de/mediathek/videos/panorama/Flugzeug-verfaengt-sich-in-Baumwipfeln-und-bleibt-haengen-article25214073.html,20240919030441,cdx,
https://www.n-tv.de/mediathek/videos/panorama/Fluten-reissen-Menschen-in-Tschechien-mit-article25228034.html,20240920085144,cdx,
https://www.n-tv.de/mediathek/videos/panorama/Frau-hat-zwei-rote-Ampeln-ueberfahren-ohne-Bremsspur-article25238281.html,20240919104158,cdx,
https://www.n-tv.de/mediathek/videos/panorama/Gletscherskigebiete-oeffnen-ihre-Pisten-article20120968.html,20240920201804,cdx,
https://www.n-tv.de/mediathek/videos/panorama/Halbe-Bergspitze-in-den-Alpen-droht-abzubrechen-article25238184.html,20240919103257,cdx,
https://www.n-tv.de/mediathek/videos/panorama/In-Passau-an-der-Donau-heisst-es-erst-einmal-aufatmen-article24990211.html,20240919221255,cdx,
https://www.n-tv.de/mediathek/videos/panorama/Jachten-vor-Formentera-kentern-Sturm-fegt-ueber-Mallorca-article25160143.html,20240920204353,cdx,
https://www.n-tv.de/mediathek/videos/panorama/Kleinflugzeug-landet-auf-nur-einem-Rad-in-Boston-article25236436.html,20240919070345,cdx,
https://www.n-tv.de/mediathek/videos/panorama/Luxusjacht-geht-in-Flammen-auf-und-sinkt-in-US-Hafen-article25241014.html,20240920092202,cdx,
https://www.n-tv.de/mediathek/videos/panorama/Politiker-nimmt-an-Video-Sitzung-teil-auf-der-Toilette-article24999929.html,20240919104759,cdx,
https://www.n-tv.de/mediathek/videos/panorama/Polizei-Muessen-mit-der-Hand-nach-Verschuetteten-graben-article25183232.html,20240919020145,cdx,
https://www.n-tv.de/mediathek/videos/panorama/Polizistin-klettert-durch-Fenster-in-fahrenden-Pickup-article25239151.html,20240919164619,cdx,
https://www.n-tv.de/mediathek/videos/panorama/Rettungskraefte-finden-Leiche-in-Schlucht-auf-Mallorca-article25210667.html,20240919022535,cdx,
https://www.n-tv.de/mediathek/videos/panorama/Riesenrad-bleibt-stehen-Feuerwehr-muss-anruecken-article25214626.html,20240919030914,cdx,
https://www.n-tv.de/mediathek/videos/panorama/Schuesse-in-Hamburg-Mann-schwer-verletzt-article25216599.html,20240920132556,cdx,
https://www.n-tv.de/mediathek/videos/panorama/Solaranlage-soll-Grossbrand-in-Franken-ausgeloest-haben-article25242112.html,20240920171556,cdx,
https://www.n-tv.de/mediathek/videos/panorama/Sprengung-faltet-22-stoeckiges-Hochhaus-perfekt-zusammen-article25214600.html,20240919031326,cdx,
https://www.n-tv.de/mediathek/videos/panorama/Staudamm-in-Polen-bricht-unter-enormer-Wasserlast-article25228673.html,20240920085222,cdx,
https://www.n-tv.de/mediathek/videos/panorama/Tieferliegende-Gemeinden-koennten-geflutet-werden-article25228766.html,20240920085211,cdx,
https://www.n-tv.de/mediathek/videos/panorama/Tierkunstwerke-von-Banksy-erobern-die-Strassen-von-London-article25161151.html,20240920103110,cdx,
https://www.n-tv.de/mediathek/videos/panorama/Verkehrsstreit-eskaliert-zu-Kettensaegen-Kampf-article25228648.html,20240920085216,cdx,
https://www.n-tv.de/mediathek/videos/panorama/Wiesn-Chef-Mehr-Ordner-Metall-Scanner-gegen-Messer-article25241474.html,20240920115618,cdx,
https://www.n-tv.de/mediathek/videos/panorama/Wiesn-Veranstalter-schrauben-Sicherheitsmassnahmen-hoch-article25239915.html,20240919163156,cdx,
https://www.n-tv.de/mediathek/videos/panorama/Wuetender-Fahrer-klaut-Abschlepper-und-crasht-sein-Auto-article25214628.html,20240919034648,cdx,
https://www.n-tv.de/mediathek/videos/panorama/Wueterich-zerlegt-Obststand-und-muss-Millionen-zahlen-article25239635.html,20240919155952,cdx,
https://www.n-tv.de/mediathek/videos/panorama/Zehn-Meter-hohe-Lava-Fontaenen-schiessen-aus-Hawaiis-Erde-article25239092.html,20240919164507,cdx,
https://www.n-tv.de/mediathek/videos/panorama/Zoo-Panda-attackiert-und-beisst-Tierpflegerin-article25241311.html,20240920115609,cdx,
https://www.n-tv.de/mediathek/videos/panorama/Zwergblauwal-klemmt-fest-Helfer-zerlegen-Steg-article25238668.html,20240919160941,cdx,
https://www.n-tv.de/mediathek/videos/politik/30-000-Menschen-setzen-in-Hamburg-Zeichen-gegen-rechts-article24999040.html,20240919181208,cdx,
https://www.n-tv.de/mediathek/videos/politik/AfD-Politikerin-verteilt-Nahkampf-Waffen-im-Wahlkampf-article25239674.html,20240919153257,cdx,
https://www.n-tv.de/mediathek/videos/politik/Ampel-und-Union-beraten-ueber-zusaetzliche-Grenzmassnahmen-article25215961.html,20240920185049,cdx,
https://www.n-tv.de/mediathek/videos/politik/Ampelregierung-schiebt-28-Straftaeter-nach-Afghanistan-ab-article25191662.html,20240920024205,cdx,
https://www.n-tv.de/mediathek/videos/politik/Ausmass-der-Vorbereitung-spricht-fuer-den-Mossad-article25239002.html,20240919140548,cdx,
https://www.n-tv.de/mediathek/videos/politik/Befreite-Hamas-Geiseln-werden-jubelnd-empfangen-article24999766.html,20240919133333,cdx,
https://www.n-tv.de/mediathek/videos/politik/Berlin-gehoert-nicht-der-Bild-und-nicht-den-Messerstechern-article25201854.html,20240920145249,cdx,
https://www.n-tv.de/mediathek/videos/politik/Blufarb-Kommunikationsabbruch-schwaecht-Hisbollah-article25237965.html,20240919095012,cdx,
https://www.n-tv.de/mediathek/videos/politik/Chinesisches-und-philippinisches-Schiff-rammen-sich-article25198417.html,20240919020618,cdx,
https://www.n-tv.de/mediathek/videos/politik/CNN-Interview-mit-Harris-kommt-fuer-viele-zu-spaet-article25192645.html,20240920214722,cdx,
https://www.n-tv.de/mediathek/videos/politik/Das-denken-die-Deutschen-ueber-Merz-Asylpolitik-article25217035.html,20240920091736,cdx,
https://www.n-tv.de/mediathek/videos/politik/Das-ist-die-ultrarechte-Trump-Supporterin-Laura-Loomer-article25228327.html,20240920094214,cdx,
https://www.n-tv.de/mediathek/videos/politik/Das-steht-in-der-umstrittenen-EU-Asylkrisenverordnung-article24429694.html,20240919071725,cdx,
https://www.n-tv.de/mediathek/videos/politik/Diese-Streitpunkte-stehen-bei-Asyl-Gespraechen-an-article25214094.html,20240919032155,cdx,
https://www.n-tv.de/mediathek/videos/politik/Drittstaaten-Loesung-ist-dauerhaft-sinnvoll-und-noetig-article25214611.html,20240919031354,cdx,
https://www.n-tv.de/mediathek/videos/politik/Ein-Punkt-in-Harris-Interview-war-hochinteressant-article25192615.html,20240919123325,cdx,
https://www.n-tv.de/mediathek/videos/politik/Eskalationsspirale-wird-schwer-zu-stoppen-sein-article25239672.html,20240919164306,cdx,
https://www.n-tv.de/mediathek/videos/politik/Evangelikaler-mobilisiert-Glaeubige-gegen-Trump-Wahl-article25241905.html,20240920185334,cdx,
https://www.n-tv.de/mediathek/videos/politik/Gibt-in-der-Asylpolitik-ein-hausgemachtes-Problem-article25217255.html,20240920173547,cdx,
https://www.n-tv.de/mediathek/videos/politik/Grenzgebiet-Attacken-waeren-das-hoffnungsvolle-Szenario-article25238212.html,20240919140548,cdx,
https://www.n-tv.de/mediathek/videos/politik/Grenzkontrollen-bei-Aachen-Polizei-zieht-Zwischenfazit-article25241461.html,20240920152613,cdx,
https://www.n-tv.de/mediathek/videos/politik/Harris-Agenda-ist-klar-das-ist-eines-ihrer-Probleme-article25217450.html,20240920114626,cdx,
https://www.n-tv.de/mediathek/videos/politik/Harris-hat-in-Debatte-zwei-grosse-Herausforderungen-article25216003.html,20240920161750,cdx,
https://www.n-tv.de/mediathek/videos/politik/Im-Libanon-werden-Beerdigungen-zu-Kundgebungen-article25240582.html,20240920081359,cdx,
https://www.n-tv.de/mediathek/videos/politik/Israel-Bisher-mehr-als-17-000-Hamas-Mitglieder-getoetet-article25162232.html,20240920224056,cdx,
https://www.n-tv.de/mediathek/videos/politik/Israel-meldet-Toetung-von-Hisbollah-Anfuehrer-im-Libanon-article25240582.html,20240920163953,cdx,
https://www.n-tv.de/mediathek/videos/politik/Jaeger-Hisbollah-will-Rolle-im-Libanon-nicht-verlieren-article25240959.html,20240920150743,cdx,
https://www.n-tv.de/mediathek/videos/politik/Kadyrow-verliebt-in-bewaffneten-Cybertruck-von-Tesla-article25166001.html,20240919204152,cdx,
https://www.n-tv.de/mediathek/videos/politik/Kamala-Harris-Wer-bei-mir-einbricht-wird-erschossen-article25241305.html,20240920131529,cdx,
https://www.n-tv.de/mediathek/videos/politik/Kursk-Reaktion-zeigt-Vielen-Russen-ist-der-Krieg-egal-article25162721.html,20240920225448,cdx,
https://www.n-tv.de/mediathek/videos/politik/Libanesische-Armee-sprengt-absichtlich-eigene-Funkgeraete-article25237963.html,20240919070345,cdx,strong
https://www.n-tv.de/mediathek/videos/politik/Messerangriffe-in-Rotterdam-Brandenburg-und-Thueringen-article25240584.html,20240920081353,cdx,
https://www.n-tv.de/mediathek/videos/politik/Migrationsforscher-Ampel-hat-Ziele-nicht-erfuellt-article25214460.html,20240919030448,cdx,
https://www.n-tv.de/mediathek/videos/politik/Mit-der-Brandmauer-werden-sie-die-Demokratie-zerstoeren-article25208193.html,20240920143434,cdx,
https://www.n-tv.de/mediathek/videos/politik/Munz-30-000-Tonnen-Munition-sollen-explodiert-sein-article25238599.html,20240919111035,cdx,
https://www.n-tv.de/mediathek/videos/politik/Munz-Moskau-nimmt-nur-einen-Gespraechspartner-ernst-article25216270.html,20240920114445,cdx,
https://www.n-tv.de/mediathek/videos/politik/Nackt-Protest-stoert-Buergerdialog-mit-Lindner-article25214096.html,20240919031550,cdx,
https://www.n-tv.de/mediathek/videos/politik/Ploetzlich-Soldat-Haeftlinge-berichten-vom-Fronteinsatz-article25216997.html,20240920114825,cdx,
https://www.n-tv.de/mediathek/videos/politik/Radikale-israelische-Siedler-greifen-Dorf-an-article25162633.html,20240920234902,cdx,
https://www.n-tv.de/mediathek/videos/politik/Rohingya-kaempfen-auf-engstem-Raum-gegen-den-Hunger-article24350496.html,20240920105620,cdx,
https://www.n-tv.de/mediathek/videos/politik/Rund-12-Prozent-der-Serben-sind-schon-geimpft-article22390999.html,20240919044600,cdx,
https://www.n-tv.de/mediathek/videos/politik/Russe-sieht-Buechse-der-Pandora-koennte-jeden-treffen-article25240714.html,20240920092202,cdx,
https://www.n-tv.de/mediathek/videos/politik/Russen-feuern-sogar-auf-Kuehe-Bauer-sammelt-Geschosse-article24999042.html,20240919211645,cdx,
https://www.n-tv.de/mediathek/videos/politik/Russische-Lenkbombe-trifft-wohl-Altenheim-in-Sumy-article25241800.html,20240920131526,cdx,
https://www.n-tv.de/mediathek/videos/politik/Sharma-Warten-auf-Unterstuetzung-kann-Schwaeche-bedeuten-article25238152.html,20240920070700,cdx,
https://www.n-tv.de/mediathek/videos/politik/So-bereiten-sich-Harris-und-Trump-auf-das-TV-Duell-vor-article25215959.html,20240920160816,cdx,
https://www.n-tv.de/mediathek/videos/politik/So-bereitet-sich-Berlin-auf-die-bevorstehende-EM-vor-article24995455.html,20240920005404,cdx,
https://www.n-tv.de/mediathek/videos/politik/Sollte-kein-Todesurteil-sein-in-die-USA-zu-kommen-article25239705.html,20240920185510,cdx,
https://www.n-tv.de/mediathek/videos/politik/Sollten-Ukrainer-wie-andere-Gefluechtete-behandeln-article25214609.html,20240919030320,cdx,
https://www.n-tv.de/mediathek/videos/politik/Suedukrainisches-Dorf-Staromajorske-laut-Kiew-befreit-article24290848.html,20240920220553,cdx,
https://www.n-tv.de/mediathek/videos/politik/Thiele-Neuer-Krieg-guckt-ueber-den-Tellerrand-article25240611.html,20240920092205,cdx,
https://www.n-tv.de/mediathek/videos/politik/Trump-baut-in-Rede-20-Unwahrheiten-ein-eine-ist-neu-article25162252.html,20240920215241,cdx,
https://www.n-tv.de/mediathek/videos/politik/Trump-findet-es-okay-Harris-persoenlich-zu-beleidigen-article25162675.html,20240920224302,cdx,
https://www.n-tv.de/mediathek/videos/politik/Trump-gibt-Biden-Mitschuld-an-Hamas-Massakern-article24459848.html,20240919085140,cdx,
https://www.n-tv.de/mediathek/videos/politik/Trump-Ich-bin-vielleicht-sogar-groesser-als-Elvis-article25238865.html,20240919130158,cdx,
https://www.n-tv.de/mediathek/videos/politik/Trump-Werde-nach-der-Wahl-all-diese-Frauen-verklagen-article18915201.html,20240920220342,cdx,
https://www.n-tv.de/mediathek/videos/politik/Umgebaute-Gleitbombe-Video-von-Su-24-wirft-Fragen-auf-article25215320.html,20240919025015,cdx,
https://www.n-tv.de/mediathek/videos/politik/USA-aeussern-sich-nur-knapp-zu-Pager-Explosionen-article25239061.html,20240919163156,cdx,strong
https://www.n-tv.de/mediathek/videos/politik/Video-soll-Angriff-auf-letzte-Bruecke-in-Kursk-zeigen-article25213727.html,20240919031349,cdx,
https://www.n-tv.de/mediathek/videos/politik/Videos-zeigen-Explosion-von-Waffenarsenal-in-Toropez-article25235451.html,20240919125645,cdx,
https://www.n-tv.de/mediathek/videos/politik/Von-Lucke-Bei-Landtagswahl-steht-SPD-vor-Paradox-article25240667.html,20240920131525,cdx,
https://www.n-tv.de/mediathek/videos/politik/War-doch-fuer-die-CDU-vollkommen-irre-Merz-zu-waehlen-article25240816.html,20240920092203,cdx,
https://www.n-tv.de/mediathek/videos/politik/Warum-Scholz-jetzt-Friedenstreffen-mit-Russland-fordert-article25213959.html,20240919025912,cdx,
https://www.n-tv.de/mediathek/videos/politik/Woidke-kuendigt-Rueckzug-an-sollte-AfD-gewinnen-article25240665.html,20240920092205,cdx,
https://www.n-tv.de/mediathek/videos/politik/Zeuge-stellt-Messerangreifer-Schlug-ihm-ins-Gesicht-article25240876.html,20240920090738,cdx,
https://www.n-tv.de/mediathek/videos/ratgeber/Das-sollten-Urlauber-in-den-Herbstferien-beachten-article22092931.html,20240920062307,cdx,
https://www.n-tv.de/mediathek/videos/ratgeber/Tipps-zum-Schueleraustausch-das-sind-die-besten-Anbieter-article25236968.html,20240919031907,cdx,
https://www.n-tv.de/mediathek/videos/ratgeber/Urlaub-gegen-Hand-lohnt-sich-das-Reisekonzept-article25206664.html,20240919095111,cdx,
https://www.n-tv.de/mediathek/videos/Reise/Warum-es-immer-mehr-Urlauber-auf-Rhein-und-Main-zieht-article18464791.html,20240920065720,cdx,
https://www.n-tv.de/mediathek/videos/sport/90-jaehrige-Marathonlaeuferin-hat-noch-lange-nicht-genug-article25240056.html,20240920053314,cdx,
https://www.n-tv.de/mediathek/videos/sport/90-Jaehrige-will-schnellste-Marathon-Seniorin-werden-article25240056.html,20240920131525,cdx,
https://www.n-tv.de/mediathek/videos/sport/BVB-Matchwinner-Trophaee-kommt-neben-die-Playstation-article25238116.html,20240919103257,cdx,
https://www.n-tv.de/mediathek/videos/sport/Kerber-erzaehlt-von-Karriere-Ende-und-der-Zeit-seitdem-article25241338.html,20240920123836,cdx,
https://www.n-tv.de/mediathek/videos/sport/Leon-Schaefer-will-bei-Paralympics-Weltrekord-zurueckholen-article25171969.html,20240920122207,cdx,
https://www.n-tv.de/mediathek/videos/sport/Max-Eberl-kontert-Attacke-von-Bayer-Boss-Carro-article25161463.html,20240920102809,cdx,
https://www.n-tv.de/mediathek/videos/sport/nfl/Diese-Knaller-warten-am-naechsten-NFL-Spieltag-article25239652.html,20240919170954,cdx,
https://www.n-tv.de/mediathek/videos/sport/nfl/NFL-enthuellt-Star-fuer-die-Super-Bowl-Halbzeitshow-article25213735.html,20240919031631,cdx,
https://www.n-tv.de/mediathek/videos/sport/nfl/Vikings-demontieren-Giants-Schwarzer-Tag-fuer-Jones-article25213763.html,20240919033353,cdx,
https://www.n-tv.de/mediathek/videos/sport/Sollten-jetzt-keine-Torwart-Diskussion-aufmachen-article24999736.html,20240920125346,cdx,
https://www.n-tv.de/mediathek/videos/sport/Startelf-Tor-Vorlage-Fuellkrug-Ersatz-Undav-rettet-DFB-Elf-article25218497.html,20240920134254,cdx,
https://www.n-tv.de/mediathek/videos/unterhaltung/Avatar-Fortsetzung-begeistert-bei-Deutschland-Premiere-article23785455.html,20240920225213,cdx,
https://www.n-tv.de/mediathek/videos/unterhaltung/Das-sind-die-Kampfansagen-der-Sommerhaus-Stars-article25241549.html,20240920132708,cdx,
https://www.n-tv.de/mediathek/videos/unterhaltung/Dr-Bob-und-Frau-Anette-plaudern-ueber-ihre-Beziehung-article25161388.html,20240920215245,cdx,
https://www.n-tv.de/mediathek/videos/unterhaltung/Eiserne-Halmich-weist-protzenden-Raab-in-die-Schranken-article25227891.html,20240920085128,cdx,
https://www.n-tv.de/mediathek/videos/unterhaltung/Eric-zeigt-sich-beim-Fischaugen-Schlemmen-standfest-article25161741.html,20240920151505,cdx,
https://www.n-tv.de/mediathek/videos/unterhaltung/Erster-DSDS-Kandidat-ersingt-sich-erste-Goldene-CD-article25236042.html,20240919070345,cdx,
https://www.n-tv.de/mediathek/videos/unterhaltung/Fan-dankt-The-Rock-fuer-Inspiration-um-abzunehmen-article25239135.html,20240919175142,cdx,
https://www.n-tv.de/mediathek/videos/unterhaltung/Filip-Pavlovic-Hatte-geile-Kindheit-auf-Reeperbahn-article25241954.html,20240920174632,cdx,
https://www.n-tv.de/mediathek/videos/unterhaltung/Flammen-reissen-Mola-Adebisi-aus-dem-Schlaf-article25193496.html,20240920031230,cdx,
https://www.n-tv.de/mediathek/videos/unterhaltung/Georgina-Fleur-packt-ueber-gewalttaetigen-Ex-Freund-aus-article25191197.html,20240919133534,cdx,
https://www.n-tv.de/mediathek/videos/unterhaltung/Gina-Lisa-Das-ist-der-Grund-fuer-Terenzis-Alkoholabsturz-article25169886.html,20240919095601,cdx,
https://www.n-tv.de/mediathek/videos/unterhaltung/Heinz-Hoenig-kehrt-heim-und-fuehlt-sich-sehr-wohl-article25241943.html,20240920134138,cdx,
https://www.n-tv.de/mediathek/videos/unterhaltung/Helene-Fischer-erfuellt-sich-grossen-Wunsch-article25241941.html,20240920150956,cdx,
https://www.n-tv.de/mediathek/videos/unterhaltung/Koloss-wuehlt-Jury-mit-samtweichem-Groenemeyer-auf-article25236136.html,20240919113841,cdx,
https://www.n-tv.de/mediathek/videos/unterhaltung/Kritik-hagelt-auf-Mockridge-der-sieht-Missverstaendnis-article25214382.html,20240919031317,cdx,
https://www.n-tv.de/mediathek/videos/unterhaltung/Publikum-umjubelt-Stefan-Raab-mit-Standing-Ovations-article25238601.html,20240919111640,cdx,
https://www.n-tv.de/mediathek/videos/unterhaltung/Selbsternannter-Hellseher-zieht-sich-vor-DSDS-Jury-aus-article25236067.html,20240919154953,cdx,
https://www.n-tv.de/mediathek/videos/unterhaltung/Vanessa-Schmitt-geniesst-im-Playboy-die-Spaetsommersonne-article25221052.html,20240919070345,cdx,
https://www.n-tv.de/mediathek/videos/unterhaltung/Wasserbock-Penis-bleibt-Thorsten-Legat-im-Hals-stecken-article25161746.html,20240920122140,cdx,
https://www.n-tv.de/mediathek/videos/unterhaltung/Wie-russische-Swifties-die-Isolation-umgehen-article25242347.html,20240920182531,cdx,
https://www.n-tv.de/mediathek/videos/wirtschaft/900-Flugzeuge-betroffen-US-Behoerde-ordnet-Inspektion-bei-Boeings-Dreamlinern-an-article25169671.html,20240919133905,cdx,
https://www.n-tv.de/mediathek/videos/wirtschaft/Amazon-berechnet-kuenftig-Lieferung-an-Versandstationen-article25189621.html,20240919063601,cdx,
https://www.n-tv.de/mediathek/videos/wirtschaft/Apfel-Ernte-leidet-Sehen-Klimawandel-live-article25161073.html,20240920101939,cdx,
https://www.n-tv.de/mediathek/videos/wirtschaft/Deutsche-Zulieferer-fallen-durch-E-Mobilitaet-zurueck-article25192835.html,20240920170139,cdx,
https://www.n-tv.de/mediathek/videos/wirtschaft/Deutschland-liefert-weiter-Defensivwaffen-an-Israel-article25239046.html,20240919163156,cdx,
https://www.n-tv.de/mediathek/videos/wirtschaft/Deutschland-zaehlt-11-000-Insolvenzen-im-ersten-Halbjahr-article25184956.html,20240920155808,cdx,
https://www.n-tv.de/mediathek/videos/wirtschaft/Expertin-Fed-senkt-Leitzinsen-aufgrund-des-restriktiven-Niveaus-article25238234.html,20240919104158,cdx,
https://www.n-tv.de/mediathek/videos/wirtschaft/Fed-haelt-an-hohem-Leitzins-fest-kommt-Wende-im-Herbst-article25010723.html,20240919090537,cdx,
https://www.n-tv.de/mediathek/videos/wirtschaft/Freitag-der-13-beschert-Dax-ein-Allzeithoch-article22742570.html,20240920174924,cdx,
https://www.n-tv.de/mediathek/videos/wirtschaft/Geben-nach-und-nach-soziale-Marktwirtschaft-auf-article24102045.html,20240920012322,cdx,
https://www.n-tv.de/mediathek/videos/wirtschaft/Groesstes-Problem-ist-beginnende-Deindustrialisierung-article25215457.html,20240919033232,cdx,
https://www.n-tv.de/mediathek/videos/wirtschaft/Haben-die-ganze-Zeit-weiter-Gas-aus-Russland-bezogen-article25028913.html,20240919111040,cdx,
https://www.n-tv.de/mediathek/videos/wirtschaft/Nach-40-Jahren-Millionaer-mit-Lindners-Depot-Plan-article25241290.html,20240920115619,cdx,
https://www.n-tv.de/mediathek/videos/wirtschaft/Nvidia-Aktie-unter-Druck-article25190455.html,20240919093010,cdx,
https://www.n-tv.de/mediathek/videos/wirtschaft/Offshore-Windpark-sorgt-fuer-Wirbel-auf-Helgoland-article11524076.html,20240919163020,cdx,
https://www.n-tv.de/mediathek/videos/wirtschaft/Pieper-Fuer-E-Auto-Problem-braucht-es-keine-Subventionen-article25213912.html,20240919033837,cdx,
https://www.n-tv.de/mediathek/videos/wirtschaft/Prognose-gesenkt-warum-es-fuer-Mercedes-nicht-rund-laeuft-article25241476.html,20240920150756,cdx,
https://www.n-tv.de/mediathek/videos/wirtschaft/Reitz-erklaert-Deshalb-ist-VW-so-teuer-article25241530.html,20240920125125,cdx,
https://www.n-tv.de/mediathek/videos/wirtschaft/So-soll-Deutschland-zum-Technologie-Standort-werden-article25214462.html,20240919041654,cdx,
https://www.n-tv.de/mediathek/videos/wirtschaft/Strafzoelle-auf-E-Autos-Habeck-will-politische-Loesung-mit-China-article25238576.html,20240919130158,cdx,
https://www.n-tv.de/mediathek/videos/wirtschaft/Tenhagen-erklaert-Zinschritt-Folgen-fuer-Deutschland-article25238651.html,20240919111040,cdx,
https://www.n-tv.de/mediathek/videos/wirtschaft/Tenhagen-erklaert-Zinsschritt-Folgen-fuer-Deutschland-article25238651.html,20240919175202,cdx,
https://www.n-tv.de/mediathek/videos/wirtschaft/Treffen-in-Bruessel-kann-Krise-an-sich-abschwaechen-article25238359.html,20240919170954,cdx,
https://www.n-tv.de/mediathek/videos/wirtschaft/Um-zu-ueberleben-muss-man-arbeiten-Punkt-article25239886.html,20240919175151,cdx,
https://www.n-tv.de/mediathek/videos/wirtschaft/US-Notenbank-Fed-wagt-Balanceakt-mit-XL-Schritt-article25238214.html,20240919084250,cdx,
https://www.n-tv.de/mediathek/videos/wirtschaft/VDA-Chefin-Bruessel-muss-Blindflug-beenden-article25241990.html,20240920184230,cdx,
https://www.n-tv.de/mediathek/videos/wirtschaft/VW-Vorstand-bekommt-Zorn-seiner-Arbeiter-zu-spueren-article25205968.html,20240920190001,cdx,
https://www.n-tv.de/mediathek/videos/wirtschaft/Warten-auf-Fed-Maerkte-werden-an-Nase-herumgefuehrt-article25235357.html,20240920070700,cdx,
https://www.n-tv.de/mediathek/videos/wirtschaft/Weselsky-gibt-Bahn-zum-Abschied-letzte-Breitseite-mit-article25206424.html,20240920103031,cdx,
https://www.n-tv.de/mediathek/videos/wirtschaft/Zahl-neuer-Balkonkraftwerke-erreicht-Rekordwert-article25062115.html,20240919143444,cdx,
https://www.n-tv.de/mediathek/videos/wirtschaft/Zehntausende-Jobs-in-Gefahr-VW-haelt-sich-bedeckt-article25240122.html,20240919190012,cdx,
https://www.n-tv.de/mediathek/videos/wissen/Diese-kleinen-gruenen-Wunder-sind-Klimaschutz-Allrounder-article25238383.html,20240919135121,cdx,
https://www.n-tv.de/mediathek/videos/wissen/Erstmals-Mikroplastik-im-Menschen-nachgewiesen-article20684204.html,20240919110434,cdx,
https://www.n-tv.de/mediathek/videos/wissen/Koennen-auslaendische-Baeume-den-deutschen-Wald-ersetzen-article25212285.html,20240919033118,cdx,
https://www.n-tv.de/mediathek/videos/wissen/Messstation-soll-tauenden-Gletscher-in-Bolivien-ueberwachen-article24999076.html,20240919104750,cdx,
https://www.n-tv.de/panorama/23-Frauen-werfen-Mohamed-Al-Fayed-sexuelle-Ubergriffe-vor-article25239009.html,20240919124056,cdx,
https://www.n-tv.de/panorama/Alpen-Touristen-muessen-sich-auf-Veraenderungen-einstellen-article24814071.html,20240920184602,cdx,
https://www.n-tv.de/panorama/Anti-Atomwaffen-Mahnmal-in-Genf-ausgestellt-article25239299.html,20240919133825,cdx,
https://www.n-tv.de/panorama/Arbeitsgericht-weist-Klage-einer-Pflegefachkraft-ab-article25045752.html,20240920120600,cdx,
https://www.n-tv.de/panorama/Badeunfall-in-der-Donau-Suche-nach-zwei-Vermissten-eingestellt-article25212338.html,20240919091534,cdx,
https://www.n-tv.de/panorama/Bandenchef-wegen-vermisster-Studenten-erneut-festgenommen-article25211814.html,20240919003050,cdx,
https://www.n-tv.de/panorama/Behoerde-Mpox-in-Afrika-nicht-unter-Kontrolle-article25239743.html,20240920013430,cdx,
https://www.n-tv.de/panorama/Belugawal-Hvaldimir-Norwegen-weist-Toetungsvorwurf-zurueck-article25214904.html,20240919031351,cdx,
https://www.n-tv.de/panorama/Bewaffneter-beschiesst-Autos-auf-Highway-in-Kentucky-article25212074.html,20240920095753,cdx,
https://www.n-tv.de/panorama/Bislang-unbekannte-Komposition-des-jungen-Mozart-entdeckt-article25239570.html,20240919145745,cdx,
https://www.n-tv.de/panorama/Bringt-Online-Dating-wirklich-die-grosse-Liebe-Mit-ein-paar-Tricks-kann-es-durchaus-dazu-kommen--article25200076.html,20240920101029,cdx,
https://www.n-tv.de/panorama/Buergermeister-empoert-mit-Aussage-zu-Avignon-Prozess-article25242091.html,20240920154157,cdx,
https://www.n-tv.de/panorama/Bundesstaatsanwaltschaft-erhebt-Anklage-gegen-Mitglieder-von-Neonazi-Kampfsportgruppe-Knockout-51-article25239473.html,20240920013709,cdx,
https://www.n-tv.de/panorama/Bundeswehr-Ort-Mechernich-gibt-Teil-Entwarnung-article25162545.html,20240920235805,cdx,
https://www.n-tv.de/panorama/Cheptegeis-Ex-Partner-ueberlebt-Brandverletzungen-nicht-article25216642.html,20240920190110,cdx,
https://www.n-tv.de/panorama/Das-waren-die-heissesten-Orte-heute-article25191818.html,20240919063949,cdx,
https://www.n-tv.de/panorama/Deutsche-ueberfuhr-Fussgaenger-wohl-nicht-mit-Absicht-article24253110.html,20240920200004,cdx,
https://www.n-tv.de/panorama/Deutscher-soll-Frau-auf-Mallorca-vergewaltigt-haben-article25214634.html,20240920191545,cdx,
https://www.n-tv.de/panorama/Donau-in-Bayern-zwei-Menschen-nach-Badeunfall-vermisst-article25211176.html,20240919020613,cdx,
https://www.n-tv.de/panorama/Drei-Polizeikugeln-toeteten-Mann-in-Recklinghausen-article25193997.html,20240920193844,cdx,
https://www.n-tv.de/panorama/Dreimal-lebenslang-in-Prozess-gegen-Mocro-Mafia-article24766202.html,20240919103929,cdx,
https://www.n-tv.de/panorama/Elbehochwasser-in-Dresden-soll-heute-Hoechststand-erreichen-article25238411.html,20240919103738,cdx,
https://www.n-tv.de/panorama/Ermittler-durchsuchen-Koelner-Grossbordell-Pascha-article25241765.html,20240920134135,cdx,
https://www.n-tv.de/panorama/Ermittlungen-nach-Geiselnahme-auf-mehrere-Staedte-ausgeweitet-article25069477.html,20240919103906,cdx,
https://www.n-tv.de/panorama/Es-fuehlt-sich-schon-an-wie-Fruehling-article20325984.html,20240919074404,cdx,
https://www.n-tv.de/panorama/Es-regnet-viel-nur-wo-ist-noch-unklar-article25217227.html,20240920191729,cdx,
https://www.n-tv.de/panorama/Es-wird-unaufhaltsam-Herbst-erste-Schauer-und-Gewitter-article25238849.html,20240919133721,cdx,
https://www.n-tv.de/panorama/Essen_und_Trinken/Pizza-passt-immer-und-ueberall-article25176346.html,20240919051705,cdx,
https://www.n-tv.de/panorama/Eurojackpot-mit-mehr-als-92-Millionen-Euro-geht-nach-NRW-article25194678.html,20240920182425,cdx,
https://www.n-tv.de/panorama/Fahrgaeste-sitzen-nach-Stromausfall-in-Riesenrad-fest-article25213021.html,20240920103527,cdx,
https://www.n-tv.de/panorama/Fall-Lisa-Das-sind-die-Fakten-article16865016.html,20240920192210,cdx,
https://www.n-tv.de/panorama/Familie-als-Geisel-Grosseinsatz-in-Karlsruher-Wohngebiet-article25242259.html,20240920154143,cdx,
https://www.n-tv.de/panorama/Fehler-nach-Dianas-Unfalltod-article561551.html,20240920151118,cdx,
https://www.n-tv.de/panorama/Flasche-Scotch-fuer-42-000-Euro-article234759.html,20240919111636,cdx,
https://www.n-tv.de/panorama/Flugpassagiere-bluten-aus-Nase-und-Ohren-article25238371.html,20240919103848,cdx,
https://www.n-tv.de/panorama/Flugzeug-stuerzt-auf-A-52-article200738.html,20240919053842,cdx,
https://www.n-tv.de/panorama/Flugzeugabsturz-in-Baumkrone-Hobbypilot-aus-23-Meter-Hoehe-gerettet-article25212864.html,20240920111212,cdx,
https://www.n-tv.de/panorama/Flut-Regionen-hoffen-jetzt-auf-EU-Hilfen-article25240236.html,20240919215253,cdx,
https://www.n-tv.de/panorama/Gegend-um-Cinque-Terre-zerstoert-article4623376.html,20240919015831,cdx,
https://www.n-tv.de/panorama/Geimpfte-Senioren-positiv-auf-B-1-1-7-getestet-article22344999.html,20240919101504,cdx,
https://www.n-tv.de/panorama/Herkunft-beeinflusst-die-Wohnungssuche-article20877902.html,20240920210247,cdx,
https://www.n-tv.de/panorama/Hochwasser-an-der-Oder-Aktuellen-Pegelstaende-bei-ntv-de-article25240950.html,20240920112435,cdx,
https://www.n-tv.de/panorama/Hochwasser-unwahrscheinlich-article679841.html,20240919145943,cdx,
https://www.n-tv.de/panorama/Hund-graebt-Stiefel-aus-Polizei-findet-Leichen-article25215476.html,20240919034805,cdx,
https://www.n-tv.de/panorama/Immer-mehr-Kinder-werben-fuer-Anti-Falten-Cremes-article25240847.html,20240920081056,cdx,
https://www.n-tv.de/panorama/Immer-mehr-Orte-von-Lawinen-bedroht-article20803892.html,20240920183758,cdx,
https://www.n-tv.de/panorama/In-der-Donau-vermisste-Maenner-tot-geborgen-article25216149.html,20240920161209,cdx,
https://www.n-tv.de/panorama/In-Sachsen-Anhalt-entsteht-riesige-Weihnachtspyramide-article25162024.html,20240920205256,cdx,
https://www.n-tv.de/panorama/Interview-mit-Cockpit-Pilot-Wie-simuliert-die-Crew-den-Ernstfall-article14771091.html,20240919085626,cdx,
https://www.n-tv.de/panorama/Ist-Lucy-Letby-wirklich-eine-Babymoerderin-article25207659.html,20240920113410,cdx,
https://www.n-tv.de/panorama/Italiens-Gefaengnisse-sind-im-Ausnahmezustand-article25200909.html,20240919005056,cdx,
https://www.n-tv.de/panorama/Juergen-Klopp-wird-mit-Bundesverdienstorden-geehrt-article25242455.html,20240920184418,cdx,
https://www.n-tv.de/panorama/Kanzlerin-besucht-Frankfurt-article895273.html,20240919110953,cdx,
https://www.n-tv.de/panorama/Kim-Dotcom-droht-Auslieferung-an-die-USA-article23012903.html,20240920104726,cdx,
https://www.n-tv.de/panorama/Kleinflugzeug-stuerzt-in-oesterreichischen-Alpen-ab-Pilot-vermisst-article25183396.html,20240919114755,cdx,
https://www.n-tv.de/panorama/Koeln-fuerchtet-Hochwasser-article729802.html,20240919015836,cdx,
https://www.n-tv.de/panorama/Lange-Haftstrafen-fuer-Mord-an-Reporter-de-Vries-article25008837.html,20240919103916,cdx,
https://www.n-tv.de/panorama/Lehrerin-in-Pariser-Vorort-schlaegt-Kind-zu-Boden-article25217577.html,20240920161729,cdx,
https://www.n-tv.de/panorama/Leichen-der-vermissten-Bergsteiger-gefunden-article25218231.html,20240920174055,cdx,
https://www.n-tv.de/panorama/Letzte-oeffentliche-Enthauptung-in-Frankreich-article21080537.html,20240919055457,cdx,
https://www.n-tv.de/panorama/Liveticker-zum-Hochwasser-in-Deutschland-Flut-hinterlaesst-grosse-Schaeden-article10805146.html,20240919041112,cdx,
https://www.n-tv.de/panorama/LKA-verhaftet-Berliner-Polizisten-article20339172.html,20240919045941,cdx,
https://www.n-tv.de/panorama/London-entlaesst-1700-Haeftlinge-wegen-Platzmangels-article25215956.html,20240920160253,cdx,
https://www.n-tv.de/panorama/Lufthansa-Chef-hofft-auf-schnelle-Aufklaerung-article14768806.html,20240919042720,cdx,
https://www.n-tv.de/panorama/Maenner-sind-Zahnputzmuffel-article503944.html,20240919054231,cdx,
https://www.n-tv.de/panorama/Mallorca-entgeht-knapp-schweren-Unwettern-article25161472.html,20240920101532,cdx,
https://www.n-tv.de/panorama/Mann-nach-zehn-Jahren-wegen-Totschlags-an-Geliebter-verurteilt-article25239171.html,20240919124302,cdx,
https://www.n-tv.de/panorama/Maus-springt-aus-Flugzeugessen-Maschine-dreht-um-article25240199.html,20240919215159,cdx,
https://www.n-tv.de/panorama/Mehrere-Menschen-sterben-durch-Taifun-in-Japan-article25192405.html,20240919235005,cdx,
https://www.n-tv.de/panorama/Mehrere-Orte-wegen-Schnee-nicht-mehr-erreichbar-article20804182.html,20240920180407,cdx,
https://www.n-tv.de/panorama/Merkel-reist-komfortabler-article2982191.html,20240920141533,cdx,
https://www.n-tv.de/panorama/Messerangriff-im-Karlsruher-Hauptbahnhof-Taeter-ist-auf-der-Flucht-article25211492.html,20240919004148,cdx,
https://www.n-tv.de/der_tag/Australier-stranden-mit-Auto-in-Fluss-voller-Krokodile-article25255734.html,20240926232723,cdx,
https://www.n-tv.de/der_tag/Auto-stuerzt-von-Bruecke-auf-Bahngleise-in-Darmstadt-article25252358.html,20240926111708,cdx,
https://www.n-tv.de/der_tag/Daran-starb-Fatman-Scoop-article25251136.html,20240925125823,cdx,
https://www.n-tv.de/der_tag/Das-war-Montag-der-5-August-2024-article25138810.html,20240926123414,cdx,
https://www.n-tv.de/der_tag/Defizit-laeuft-aus-dem-Ruder-Herkules-Aufgabe-fuer-Frankreichs-neue-Regierung-article25252722.html,20240926042642,cdx,
https://www.n-tv.de/der_tag/Der-Tag-am-Dienstag-16-Juli-2024-article25090722.html,20240926133115,cdx,
https://www.n-tv.de/der_tag/Der-Tag-am-Dienstag-27-August-2024-article25183735.html,20240925141354,cdx,
https://www.n-tv.de/der_tag/Der-Tag-am-Donnerstag-den-12-September-2024-article25221804.html,20240926115848,cdx,
https://www.n-tv.de/der_tag/Der-Tag-am-Freitag-dem-9-August-2024-article25146885.html,20240926120655,cdx,
https://www.n-tv.de/der_tag/Der-Tag-am-Mittwoch-den-25-September-2024-article25250149.html,20240925043346,cdx,
https://www.n-tv.de/der_tag/Deutsche-Stimme-von-Tony-Curtis-und-Jean-Paul-Belmondo-gestorben-article25144045.html,20240925094735,cdx,
https://www.n-tv.de/der_tag/Diebespaar-zufaellig-bei-Verkehrskontrolle-erwischt-article23008179.html,20240925151619,cdx,
https://www.n-tv.de/der_tag/Donnerstag-der-26-September-2024-article25253248.html,20240926043451,cdx,
https://www.n-tv.de/der_tag/Drohnen-stoppen-Flughafenbetrieb-in-Stockholm-article25214083.html,20240926034857,cdx,
https://www.n-tv.de/der_tag/Dumm-aetzend-verantwortungslos-Durchstechereien-nerven-auch-Spahn-article22849519.html,20240926172025,cdx,
https://www.n-tv.de/der_tag/Eklat-im-Landtag-Was-Sie-treiben-ist-Machtergreifung-article25255368.html,20240926160245,cdx,
https://www.n-tv.de/der_tag/Erdogan-stellt-sich-hinter-Aserbaidschans-Militaereinsatz-article24408329.html,20240925032638,cdx,
https://www.n-tv.de/der_tag/Explosion-in-Koelner-Mehrfamilienhaus-Teil-von-Serie-article25250160.html,20240925045842,cdx,
https://www.n-tv.de/der_tag/Explosion-setzt-Frachter-in-Brand-article23914627.html,20240925064949,cdx,
https://www.n-tv.de/der_tag/Faeser-will-gefaehrlichen-Personen-Waffen-zeitweise-abnehmen-lassen-article24003187.html,20240925145701,cdx,
https://www.n-tv.de/der_tag/Familie-verliert-Wohnwagen-waehrend-der-Fahrt-und-merkt-es-nicht-article21933328.html,20240925065452,cdx,
https://www.n-tv.de/der_tag/FDP-Fraktion-will-Rentenreform-so-nicht-zustimmen-article25253424.html,20240926072657,cdx,
https://www.n-tv.de/der_tag/Gruenen-Spitze-tritt-zurueck-Brauchen-einen-Neustart-article25251269.html,20240925094101,cdx,
https://www.n-tv.de/der_tag/Gruenes-Licht-in-Brandenburg-Wagenknecht-Partei-will-mit-SPD-ueber-Koalition-sprechen-article25252467.html,20240925163842,cdx,
https://www.n-tv.de/der_tag/Heftige-Explosion-in-Koeln-zerstoert-Cafe-komplett-article25250569.html,20240925075041,cdx,
https://www.n-tv.de/der_tag/Hurrikan-Helene-tankt-Kraft-USA-erwarten-Sturmfluten-und-Tornados-article25252820.html,20240926141038,cdx,
https://www.n-tv.de/der_tag/Israel-greift-Ziel-im-Sueden-Beiruts-an-article25242020.html,20240926120305,cdx,
https://www.n-tv.de/der_tag/Israel-meldet-Toetung-von-Raketen-Chef-der-Hisbollah-article25249622.html,20240925165837,cdx,
https://www.n-tv.de/der_tag/Israel-toetet-bei-Luftangriffen-auf-den-Libanon-mindestens-23-Menschen-article25252265.html,20240925145607,cdx,related
https://www.n-tv.de/der_tag/Japanischer-Zerstoerer-passiert-erstmals-Taiwanstrasse-article25253865.html,20240926104321,cdx,
https://www.n-tv.de/der_tag/Kretschmann-wuenscht-sich-Palmer-Rueckkehr-zu-den-Gruenen-der-will-reden-article25254970.html,20240926195024,cdx,
https://www.n-tv.de/der_tag/Lotto-Gewinner-holt-11-3-Millionen-Euro-nicht-ab-article21475095.html,20240925073230,cdx,
https://www.n-tv.de/der_tag/Mann-per-Giftspritze-hingerichtet-obwohl-dies-selbst-die-Staatsanwaltschaft-verhindern-wollte-article25250346.html,20240925063505,cdx,
https://www.n-tv.de/der_tag/Mehrheit-ohne-AfD-nur-mit-BSW-moeglich-doch-BSW-erwaegt-Opposition-in-Brandenburg-article25251317.html,20240925103745,cdx,
https://www.n-tv.de/der_tag/Menschen-mit-Migrationshintergrund-sind-in-deutschen-Parlamenten-unterrepraesentiert-article25251910.html,20240925115004,cdx,
https://www.n-tv.de/der_tag/Moegliche-Koalition-CDU-gibt-der-SPD-in-Brandenburg-einen-Korb-article25255498.html,20240926163250,cdx,
https://www.n-tv.de/der_tag/Razzia-in-Berliner-Wohnhaus-Familienkasse-stutzig-Hier-sollen-120-Kinder-wohnen-article25251355.html,20240925094344,cdx,
https://www.n-tv.de/der_tag/Roboter-debuetiert-als-Dirigent-bei-Dresdner-Sinfonikern-article25240152.html,20240926042653,cdx,
https://www.n-tv.de/der_tag/Schuesse-durch-die-Tuer-in-Solingen-Taeter-irren-sich-wohl-in-der-Wohnung-article25252041.html,20240925130149,cdx,
https://www.n-tv.de/der_tag/Solingen-NRW-Innenminister-Reul-verraet-Details-zu-Messer-und-Bekennervideo-article25255671.html,20240926165952,cdx,
https://www.n-tv.de/der_tag/Trump-Grosse-Drohungen-gegen-mein-Leben-durch-Iran-article25250435.html,20240925064453,cdx,
https://www.n-tv.de/der_tag/Trump-will-am-Anschlagsort-in-Butler-Rede-halten-article25253268.html,20240926060041,cdx,
https://www.n-tv.de/der_tag/Trump-Wir-haben-gehandelt-um-einen-Krieg-zu-beenden-article21488649.html,20240925220559,cdx,
https://www.n-tv.de/der_tag/Von-Fluten-in-der-Toskana-mitgerissen-Zwei-Deutsche-weiterhin-vermisst-article25255122.html,20240926153128,cdx,
https://www.n-tv.de/der_tag/Wagenknecht-schiesst-gegen-Ostbeauftragten-Osten-braucht-keine-Sonderbetreuung-article25252070.html,20240925140819,cdx,
https://www.n-tv.de/der_tag/West-Nil-Virus-in-fuenf-Bundeslaendern-registriert-article25241895.html,20240925071706,cdx,
https://www.n-tv.de/der_tag/Zoo-Besucher-erleben-Giraffen-Geburt-live-article25039274.html,20240925123635,cdx,
https://www.n-tv.de/der_tag/Zugreifen-bei-Kartoffeln-Preise-sollen-dank-Rekordernte-sinken-article25252034.html,20240925121608,cdx,
https://www.n-tv.de/mediathek/videos/auto/Audi-Q5-so-sitzt-es-sich-im-neuen-Mittelklasse-SUV-article25246170.html,20240925001545,cdx,
https://www.n-tv.de/mediathek/videos/auto/BMW-macht-den-Z4-als-Pur-Impulse-ein-Stueck-zorniger-article25014217.html,20240926154016,cdx,
https://www.n-tv.de/mediathek/videos/auto/Liner-1090-Gio-fuer-542-000-Euro-Testfahrt-im-Luxus-Wohnmobil-mit-eigener-Garage-article25246172.html,20240925164938,cdx,
https://www.n-tv.de/mediathek/videos/auto/Volvo-EX90-Schwedens-Antwort-auf-den-BMW-iX-und-Co-article25246971.html,20240925175627,cdx,
https://www.n-tv.de/mediathek/videos/auto/Wagoneer-S-vereint-Luxus-und-elektrische-Offroad-Power-article25014235.html,20240926224115,cdx,
https://www.n-tv.de/mediathek/videos/auto/Wie-Mietwagen-Anbieter-Kunden-abzocken-wollen-article25112018.html,20240926114828,cdx,
https://www.n-tv.de/mediathek/videos/fussball-em/Daenen-finden-emotionale-Worte-fuer-Eriksen-article22619131.html,20240925101617,cdx,
https://www.n-tv.de/mediathek/videos/geldanlage-check/Andere-Volkswirtschaften-haben-auch-schoene-Toechter-article25223849.html,20240926183909,cdx,
https://www.n-tv.de/mediathek/videos/geldanlage-check/Erwarten-weitere-Zinssenkungen-in-den-USA-und-Europa-article25255539.html,20240926163750,cdx,
https://www.n-tv.de/mediathek/videos/geldanlage-check/Koennen-die-USA-eine-Rezession-noch-verhindern-article25252601.html,20240925164237,cdx,
https://www.n-tv.de/mediathek/videos/panorama/700-Feuerwehrleute-kaempfen-gegen-Brand-in-Argentinien-article25249350.html,20240925095120,cdx,
https://www.n-tv.de/mediathek/videos/panorama/Ab-2025-Preis-fuer-Deutschlandticket-steigt-auf-58-Euro-article25246271.html,20240926095004,cdx,
https://www.n-tv.de/mediathek/videos/panorama/Abwasser-Rohr-schiesst-Fontaene-ueber-Berufsverkehr-article25252047.html,20240925141024,cdx,
https://www.n-tv.de/mediathek/videos/panorama/Australier-stranden-mit-Auto-in-Fluss-voller-Krokodile-article25254906.html,20240926195535,cdx,
https://www.n-tv.de/mediathek/videos/panorama/Auto-faehrt-in-feiernde-Gruppe-mehrere-Verletzte-article25247924.html,20240925000658,cdx,
https://www.n-tv.de/mediathek/videos/panorama/Auto-kracht-nahe-Marburg-mit-voller-Wucht-gegen-Baum-article25175533.html,20240925133043,cdx,
https://www.n-tv.de/mediathek/videos/panorama/Auto-stuerzt-von-Bruecke-auf-Bahngleise-in-Darmstadt-article25251786.html,20240925191048,cdx,
https://www.n-tv.de/mediathek/videos/panorama/Blutschnee-ueberzieht-die-Pyrenaeen-article22343368.html,20240926092820,cdx,
https://www.n-tv.de/mediathek/videos/panorama/Darum-nahm-Oceangate-Mitgruender-nie-an-Expedition-teil-article25248992.html,20240925065359,cdx,
https://www.n-tv.de/mediathek/videos/panorama/Deutsche-Urlauber-werden-von-Flut-mitgerissen-article25250298.html,20240925071124,cdx,
https://www.n-tv.de/mediathek/videos/panorama/Deutsches-Marineschiff-irritiert-London-mit-Liedauswahl-article25175303.html,20240925081252,cdx,
https://www.n-tv.de/mediathek/videos/panorama/DNA-Test-ueberfuehrt-Vergewaltiger-article20805587.html,20240925105647,cdx,
https://www.n-tv.de/mediathek/videos/panorama/Dresdener-in-Elbe-Naehe-bereiten-sich-auf-Hochwasser-vor-article25224663.html,20240925005607,cdx,
https://www.n-tv.de/mediathek/videos/panorama/Erster-Einsatz-von-Suizidkapsel-fuehrt-zu-Festnahmen-article25251631.html,20240925133100,cdx,
https://www.n-tv.de/mediathek/videos/panorama/Explosion-in-Kohlemine-toetet-und-verschuettet-Dutzende-article25246762.html,20240926185406,cdx,
https://www.n-tv.de/mediathek/videos/panorama/Feuerwehrfahrzeug-ueberschlaegt-sich-bei-Einsatz-in-Haan-article25253749.html,20240926104435,cdx,
https://www.n-tv.de/mediathek/videos/panorama/Flugzeug-Kollision-in-den-USA-toetet-einen-Piloten-article25245747.html,20240926095054,cdx,
https://www.n-tv.de/mediathek/videos/panorama/Gegen-3-Uhr-heftiger-Knall-Cafe-voellig-ausgebrannt-article25250331.html,20240925072557,cdx,
https://www.n-tv.de/mediathek/videos/panorama/Gegen-drei-Uhr-heftiger-Knall-Cafe-voellig-ausgebrannt-article25250331.html,20240925063026,cdx,
https://www.n-tv.de/mediathek/videos/panorama/Hatten-Besoffene-in-und-ausserhalb-der-Container-article25252838.html,20240926101948,cdx,
https://www.n-tv.de/mediathek/videos/panorama/Heftige-Explosion-in-Koeln-zerstoert-Cafe-komplett-article25250484.html,20240925074053,cdx,
https://www.n-tv.de/mediathek/videos/panorama/Hitzacker-setzt-alle-Hoffnungen-in-die-Spundwand-article10772696.html,20240926212206,cdx,
https://www.n-tv.de/mediathek/videos/panorama/Hochwasser-naht-Weiterer-Teil-der-Carolabruecke-abgebrochen-article25224605.html,20240925005837,cdx,
https://www.n-tv.de/mediathek/videos/panorama/Hunger-wegen-Duerre-Namibia-laesst-Wildtiere-schlachten-article25253010.html,20240926183034,cdx,
https://www.n-tv.de/mediathek/videos/panorama/Inflationaere-Bier-Preise-halten-Wiesn-Fans-nicht-auf-article25247880.html,20240926153143,cdx,
https://www.n-tv.de/mediathek/videos/panorama/Konkurrenz-fuer-Larry-Die-Katzen-der-10th-Downing-Street-article25253337.html,20240926093724,cdx,
https://www.n-tv.de/mediathek/videos/panorama/Lastwagen-faehrt-in-Stau-und-schiebt-PKW-vor-sich-her-article25248562.html,20240926095032,cdx,
https://www.n-tv.de/mediathek/videos/panorama/Lehrer-bei-Streit-um-Palaestina-Flagge-zu-Boden-getreten-article24455859.html,20240926090723,cdx,
https://www.n-tv.de/mediathek/videos/panorama/LKW-schiebt-Mercedes-vor-sich-her-bei-voller-Fahrt-article25248917.html,20240926101950,cdx,
https://www.n-tv.de/mediathek/videos/panorama/Mann-klettert-ueber-Tragflaeche-aus-gelandetem-Flugzeug-article25175581.html,20240925095123,cdx,
https://www.n-tv.de/mediathek/videos/panorama/Mann-zahlt-drei-Jahre-Mietrueckstand-mit-Kleingeld-article25254361.html,20240926132543,cdx,
https://www.n-tv.de/mediathek/videos/panorama/Polizei-eroeffnet-Feuer-in-Bahnhof-und-trifft-Passanten-article25246381.html,20240926101952,cdx,
https://www.n-tv.de/mediathek/videos/panorama/Razzia-in-Berlin-Familienkasse-stutzig-Hier-sollen-120-Kinder-wohnen-article25250399.html,20240925091217,cdx,
https://www.n-tv.de/mediathek/videos/panorama/Regionalzug-kracht-in-Gueterzug-bei-Moers-article25248770.html,20240926114414,cdx,
https://www.n-tv.de/mediathek/videos/panorama/Regionen-an-Oder-und-Neisse-wappnen-sich-fuer-neue-Fluten-article25250298.html,20240925060141,cdx,
https://www.n-tv.de/mediathek/videos/panorama/Schwimmer-unterschaetzen-die-Gefahr-article13263326.html,20240925114226,cdx,
https://www.n-tv.de/mediathek/videos/panorama/Skrupellose-Autodiebin-faehrt-Porsche-ueber-Besitzer-article25246632.html,20240926112627,cdx,
https://www.n-tv.de/mediathek/videos/panorama/Strasse-in-den-USA-bricht-auf-ganzer-Breite-weg-article25000821.html,20240925115028,cdx,
https://www.n-tv.de/mediathek/videos/panorama/Tausende-Fische-sterben-in-ausgetrocknetem-Flussbett-article24999989.html,20240926041903,cdx,
https://www.n-tv.de/mediathek/videos/panorama/Tosende-Sturzflut-rauscht-durch-Ort-in-Osterreich-article25000520.html,20240925155745,cdx,
https://www.n-tv.de/mediathek/videos/panorama/Wanderer-stuerzt-von-Felswand-und-filmt-sich-dabei-article25245577.html,20240926101949,cdx,
https://www.n-tv.de/mediathek/videos/panorama/Wie-Fussfesseln-nach-spanischem-Modell-Frauen-schuetzen-article25250440.html,20240925184043,cdx,
https://www.n-tv.de/mediathek/videos/panorama/Wie-man-Igel-vor-dem-Verhungern-retten-kann-article24990242.html,20240925094557,cdx,
https://www.n-tv.de/mediathek/videos/panorama/Zugepflasterter-Brunnen-verschluckt-gesamten-LKW-article25248822.html,20240926101948,cdx,
https://www.n-tv.de/mediathek/videos/politik/5000-Mann-sind-nichts-in-militaerischen-Groessenordnungen-article25225982.html,20240925010209,cdx,
https://www.n-tv.de/mediathek/videos/politik/AfD-faehrt-Strategie-der-Normalisierung-von-unten-article25246442.html,20240926001734,cdx,
https://www.n-tv.de/mediathek/videos/politik/AfD-Mitglieder-singen-Abschiebe-Lied-auf-Wahlparty-article25245590.html,20240926141735,cdx,
https://www.n-tv.de/mediathek/videos/politik/Antisemitische-Vorfaelle-sind-unuebersehbar-article21776908.html,20240925122429,cdx,
https://www.n-tv.de/mediathek/videos/politik/Baerbock-ruegt-russischen-Journalisten-vor-Kameras-article25251112.html,20240925081242,cdx,
https://www.n-tv.de/mediathek/videos/politik/Biden-spricht-vor-UN-ueber-Herausforderungen-der-Zeit-article25249807.html,20240925065359,cdx,
https://www.n-tv.de/mediathek/videos/politik/Bislang-wenig-Konkretes-haelt-die-Harris-Euphorie-article25175185.html,20240925094553,cdx,
https://www.n-tv.de/mediathek/videos/politik/Blufarb-Geiseln-wurden-in-zwei-Wohnungen-gehalten-article25000593.html,20240926171304,cdx,
https://www.n-tv.de/mediathek/videos/politik/Blufarb-Hisbollah-greift-erstmals-wieder-Tel-Aviv-an-article25250329.html,20240925095704,cdx,
https://www.n-tv.de/mediathek/videos/politik/Bodenoffensive-im-Libanon-ist-grundsaetzlich-moeglich-article25247733.html,20240925232602,cdx,
https://www.n-tv.de/mediathek/videos/politik/Bringt-Habeck-die-Gruenen-nun-noch-mehr-auf-Realo-Kurs-article25255881.html,20240926185817,cdx,
https://www.n-tv.de/mediathek/videos/politik/China-hilft-Russland-westliche-Sanktionen-zu-lindern-article25174436.html,20240925100536,cdx,
https://www.n-tv.de/mediathek/videos/politik/Das-aendert-sich-im-Juli-article24233319.html,20240925015816,cdx,
https://www.n-tv.de/mediathek/videos/politik/Das-war-Terrorismus-gegen-uns-alle-article25182608.html,20240925035726,cdx,
https://www.n-tv.de/mediathek/videos/politik/Der-Streit-um-die-NATO-Osterweiterung-im-Uberblick-article23130454.html,20240925154124,cdx,
https://www.n-tv.de/mediathek/videos/politik/Die-Demokraten-loben-Harris-die-Republikaner-Trump-article25220474.html,20240925073532,cdx,
https://www.n-tv.de/mediathek/videos/politik/Die-Gruenen-haben-wenig-Zeit-sich-zu-sortieren-article25251429.html,20240925122806,cdx,
https://www.n-tv.de/mediathek/videos/politik/DPolG-Es-gilt-Frontex-auf-neue-Fuesse-zu-stellen-article24108082.html,20240925172251,cdx,
https://www.n-tv.de/mediathek/videos/politik/Eklat-im-Thueringer-Landtag-Was-Sie-treiben-ist-Machtergreifung-article25255200.html,20240926141718,cdx,
https://www.n-tv.de/mediathek/videos/politik/Europa-ringt-um-gerechtere-Verteilung-der-Fluechtlinge-article15877791.html,20240925170047,cdx,
https://www.n-tv.de/mediathek/videos/politik/Festakt-fuer-Merkel-CDU-feiert-Hochamt-der-Harmonie-article25253764.html,20240926093017,cdx,
https://www.n-tv.de/mediathek/videos/politik/Friedensforscher-Diplomatie-immer-Teil-des-Krieges-article25254756.html,20240926134040,cdx,
https://www.n-tv.de/mediathek/videos/politik/Geht-nicht-um-das-Gequatsche-was-sie-da-machen-article25188972.html,20240926165811,cdx,
https://www.n-tv.de/mediathek/videos/politik/Gesamter-Vorstand-der-Gruenen-Jugend-erklaert-Ruecktritt-article25253367.html,20240926065602,cdx,
https://www.n-tv.de/mediathek/videos/politik/Gibt-keine-Asyl-Migration-aus-Kenia-nach-Deutschland-article25226445.html,20240925010653,cdx,
https://www.n-tv.de/mediathek/videos/politik/Gruene-sind-in-einer-prekaeren-Situation-article25244980.html,20240926165156,cdx,
https://www.n-tv.de/mediathek/videos/politik/Gruenen-haben-wenig-Zeit-sich-zu-sortieren-article25251429.html,20240925121001,cdx,
https://www.n-tv.de/mediathek/videos/politik/Habeck-wird-sozialistischen-Jugend-nicht-nachweinen-article25255718.html,20240926191129,cdx,
https://www.n-tv.de/mediathek/videos/politik/Haben-ueber-Menschenhandel-keine-Kontrolle-article23199186.html,20240925173205,cdx,
https://www.n-tv.de/mediathek/videos/politik/Hallier-Extremforderung-von-Merz-wurde-abgehandelt-article25218852.html,20240925074202,cdx,
https://www.n-tv.de/mediathek/videos/politik/Hamas-traegt-alleinige-Verantwortung-fuer-Gewalt-article22551617.html,20240925122353,cdx,
https://www.n-tv.de/mediathek/videos/politik/Heisse-Ware-fuer-Russland-Auffaellig-viele-Premium-Autos-im-Kaukasus-article25252067.html,20240925180941,cdx,
https://www.n-tv.de/mediathek/videos/politik/Hillje-Gruene-Marke-ist-tatsaechlich-kaputt-article25251754.html,20240925154511,cdx,
https://www.n-tv.de/mediathek/videos/politik/Hinter-den-Kulissen-gibt-es-Kooperation-mit-unseren-Nachbarn-article20168653.html,20240925122409,cdx,
https://www.n-tv.de/mediathek/videos/politik/Hisbollah-militaerisch-in-anderer-Verfassung-als-Hamas-article25249348.html,20240925065359,cdx,
https://www.n-tv.de/mediathek/videos/politik/Hisbollah-Rakete-trifft-Wohnhaus-im-Norden-Israels-article25246061.html,20240926125331,cdx,
https://www.n-tv.de/mediathek/videos/politik/Hisbollah-schiesst-Raketen-auf-Tel-Aviv-article25251447.html,20240925121204,cdx,
https://www.n-tv.de/mediathek/videos/politik/Hisbollah-schiesst-Raketen-auf-Tel-Aviv-und-Nord-Israel-article25251447.html,20240925145521,cdx,
https://www.n-tv.de/mediathek/videos/politik/Hisbollah-vor-Dilemma-Israel-hat-Oberhand-gewonnen-article25248367.html,20240925001536,cdx,
https://www.n-tv.de/mediathek/videos/politik/Irak-Miliz-schickt-Drohnen-in-den-Sueden-Israels-article25254260.html,20240926131440,cdx,
https://www.n-tv.de/mediathek/videos/politik/Islamisten-und-Rechtsradikale-spielen-sich-in-die-Haende-article25185043.html,20240925191436,cdx,
https://www.n-tv.de/mediathek/videos/politik/Israel-greift-Ziel-in-humanitaerer-Schutzzone-an-article25216785.html,20240925073703,cdx,
https://www.n-tv.de/mediathek/videos/politik/Israel-trainiert-Libanon-Einmarsch-mit-Bodentruppen-article25252603.html,20240925174131,cdx,
https://www.n-tv.de/mediathek/videos/politik/Israel-veroeffentlicht-Todesgrafik-der-Hisbollah-Fuehrung-article25248820.html,20240925153707,cdx,
https://www.n-tv.de/mediathek/videos/politik/Israel-Wird-keine-Waffenruhe-mit-Libanon-geben-article25255223.html,20240926170548,cdx,
https://www.n-tv.de/mediathek/videos/politik/Israelische-Armee-meldet-Angriff-auf-Bruecke-article25254004.html,20240926151507,cdx,
https://www.n-tv.de/mediathek/videos/politik/Israelische-Regierung-fuehlt-sich-in-einem-Momentum-article25248439.html,20240925095120,cdx,
https://www.n-tv.de/mediathek/videos/politik/Israels-Botschafter-verteidigt-Angriffe-im-Gazastreifen-article13309441.html,20240925201643,cdx,
https://www.n-tv.de/mediathek/videos/politik/Kadyrow-protzt-mit-Kampf-Cybertrucks-fuer-Ukraine-Krieg-article25246729.html,20240925235903,cdx,
https://www.n-tv.de/mediathek/videos/politik/Kollig-Die-Seele-dieser-Stadt-ist-angekratzt-article25196334.html,20240926233341,cdx,
https://www.n-tv.de/mediathek/videos/politik/Krankenhaeuser-sollen-Patienten-in-Tiefgaragen-verlegen-article25244982.html,20240926134119,cdx,
https://www.n-tv.de/mediathek/videos/politik/Kriegsbegeisterung-ist-in-Moskau-nicht-zu-spueren-article23142057.html,20240925154025,cdx,
https://www.n-tv.de/mediathek/videos/politik/Lenkraketen-treffen-Saporischschja-dritte-Nacht-in-Folge-article25254802.html,20240926164525,cdx,
https://www.n-tv.de/mediathek/videos/politik/Lindner-ruft-Herbst-der-Entscheidungen-aus-article25247716.html,20240926022939,cdx,
https://www.n-tv.de/mediathek/videos/politik/Lindner-Wenn-wir-nichts-tun-wird-Deutschland-aermer-article24715726.html,20240926114808,cdx,
https://www.n-tv.de/mediathek/videos/politik/Linke-Demo-und-Junge-Alternative-geraten-aneinander-article25181619.html,20240925043943,cdx,
https://www.n-tv.de/mediathek/videos/politik/Luftangriffe-koennten-Vorbereitung-auf-Bodenoffensive-sein-article25246679.html,20240925232601,cdx,
https://www.n-tv.de/mediathek/videos/politik/Medien-Staatsministerin-Claudia-Roth-Sind-in-Battle-zwischen-Demokratien-und-Autokratien-article23410316.html,20240926221102,cdx,
https://www.n-tv.de/mediathek/videos/politik/Militaerflugplatz-in-Wolgograd-brennt-nach-Explosionen-article25174722.html,20240925062258,cdx,
https://www.n-tv.de/mediathek/videos/politik/Munz-Atomdrohungen-verpufft-Putin-zieht-Konsequenzen-article25253860.html,20240926100745,cdx,
https://www.n-tv.de/mediathek/videos/politik/Munz-Chinas-Unterstuetzung-fuer-Russland-ist-enorm-article25251299.html,20240925105353,cdx,
https://www.n-tv.de/mediathek/videos/politik/Munz-Flugzeugtraeger-wird-wohl-nie-mehr-auslaufen-article25247948.html,20240925153709,cdx,
https://www.n-tv.de/mediathek/videos/politik/Munz-Russland-hat-sich-heftige-Klatsche-eingeholt-article25245384.html,20240925235900,cdx,
https://www.n-tv.de/mediathek/videos/politik/New-Yorks-Buergermeister-wegen-Bundesverbrechen-angeklagt-article25255455.html,20240926154540,cdx,
https://www.n-tv.de/mediathek/videos/politik/Palaestinensischer-Premier-vor-UN-Dunkelstes-Kapitel-article25248856.html,20240925001535,cdx,
https://www.n-tv.de/mediathek/videos/politik/Paukenschlag-bei-den-Gruenen-Nouripour-und-Lang-verkuenden-Ruecktritt-article25251331.html,20240925092507,cdx,
https://www.n-tv.de/mediathek/videos/politik/Politikwissenschaftler-von-Lucke-Merz-Vorgehensweise-spielt-AfD-in-die-Haende-article25219204.html,20240925055948,cdx,
https://www.n-tv.de/mediathek/videos/politik/Praekelt-Vorgeschmack-darauf-wenn-AfD-Macht-hat-article25255700.html,20240926174945,cdx,
https://www.n-tv.de/mediathek/videos/politik/Putin-pokert-und-unser-Einsatz-ist-unsere-Bevoelkerung-article25255414.html,20240926170158,cdx,
https://www.n-tv.de/mediathek/videos/politik/Putin-stellt-Russlands-neue-Atomwaffenstrategie-vor-article25253687.html,20240926093711,cdx,
https://www.n-tv.de/mediathek/videos/politik/Regierungsbildung-in-Brandenburg-BSW-macht-der-SPD-eine-Ansage-article25245827.html,20240926125351,cdx,
https://www.n-tv.de/mediathek/videos/politik/Russlands-Botschafter-in-den-USA-dementiert-Einmarschplaene-article23142084.html,20240925154051,cdx,
https://www.n-tv.de/mediathek/videos/politik/Scholz-bekraeftigt-Nein-zu-NATO-Soldaten-in-der-Ukraine-article25000307.html,20240926034925,cdx,
https://www.n-tv.de/mediathek/videos/politik/Scholz-erklaert-sich-zum-Kanzler-der-normalen-Leute-article25248455.html,20240925001550,cdx,
https://www.n-tv.de/mediathek/videos/politik/Schroeder-FDP-ist-eine-destruktive-Weltmacht-geworden-article25245259.html,20240926155932,cdx,
https://www.n-tv.de/mediathek/videos/politik/Selenskyj-stellt-baldiges-Kriegsende-in-Aussicht-article25247712.html,20240925164939,cdx,
https://www.n-tv.de/mediathek/videos/politik/Sieht-aktuell-nicht-nach-begrenztem-Kursk-Vorstoss-aus-article25174810.html,20240925084150,cdx,
https://www.n-tv.de/mediathek/videos/politik/So-ist-die-Sitzverteilung-in-Brandenburg-article25244962.html,20240926211215,cdx,
https://www.n-tv.de/mediathek/videos/politik/So-nah-sind-sich-AfD-und-Identitaere-Bewegung-wirklich-article25241788.html,20240926022938,cdx,
https://www.n-tv.de/mediathek/videos/politik/Sollten-nicht-so-sehr-darauf-achten-was-Putin-sagt-article25226405.html,20240925010221,cdx,
https://www.n-tv.de/mediathek/videos/politik/Trump-Die-Ukraine-ist-weg-article25254484.html,20240926160734,cdx,
https://www.n-tv.de/mediathek/videos/politik/Trump-Hetze-ueber-Springfield-rechte-Milizen-und-Bombendrohungen-wuehlen-US-Stadt-auf-article25247714.html,20240926001733,cdx,
https://www.n-tv.de/mediathek/videos/politik/Trumps-Kritik-haelt-Selenskyj-auf-Abstand-article25254758.html,20240926165202,cdx,
https://www.n-tv.de/mediathek/videos/politik/Ukraine-arbeitet-an-Entwicklung-eigener-Waffensysteme-article25184944.html,20240925185742,cdx,
https://www.n-tv.de/mediathek/videos/politik/Ukraine-Bollwerk-Wuhledar-ist-nicht-an-Russen-gefallen-article25252534.html,20240925152628,cdx,
https://www.n-tv.de/mediathek/videos/politik/Ukraine-Russische-KAB-Fliegerbomben-treffen-Wohnhaeuser-article25245150.html,20240926200104,cdx,
https://www.n-tv.de/mediathek/videos/politik/Ukraine-zerstoert-wohl-Munition-fuer-drei-Monate-Krieg-article25246505.html,20240925232602,cdx,
https://www.n-tv.de/mediathek/videos/politik/UN-Friedensmission-pausiert-Patrouillen-im-Libanon-article25248858.html,20240925001537,cdx,
https://www.n-tv.de/mediathek/videos/politik/Union-baut-Fuehrung-aus-AfD-dahinter-FDP-waere-raus-article25249067.html,20240925001544,cdx,
https://www.n-tv.de/mediathek/videos/politik/US-Demokraten-holen-sich-Starpower-auf-die-Buehne-article25174836.html,20240925055055,cdx,
https://www.n-tv.de/mediathek/videos/politik/Vermurkstes-Heizungsgesetz-war-wichtige-Wegmarke-article25251703.html,20240925143950,cdx,
https://www.n-tv.de/mediathek/videos/politik/Von-Lucke-Gruenen-Ruecktritt-war-keineswegs-freiwillig-article25252195.html,20240925135501,cdx,
https://www.n-tv.de/mediathek/videos/politik/Weber-Parameter-verschieben-sich-zugunsten-Russlands-article25255430.html,20240926161644,cdx,
https://www.n-tv.de/mediathek/videos/politik/Wer-wird-die-US-Wahl-gewinnen-Das-sagen-die-Deutschen-article25176439.html,20240925183329,cdx,
https://www.n-tv.de/mediathek/videos/politik/Wichtiger-Beitrag-zum-Ende-des-Aggressionskrieges-article25226461.html,20240925010241,cdx,
https://www.n-tv.de/mediathek/videos/politik/Wie-die-Gruenen-Zaesur-Soeder-beruhigen-koennte-article25252648.html,20240926095053,cdx,
https://www.n-tv.de/mediathek/videos/politik/Wie-es-auf-der-beruechtigten-Schlangeninsel-aussieht-article25245864.html,20240925101748,cdx,
https://www.n-tv.de/mediathek/videos/politik/Wilp-Lindner-gilt-ein-Stueck-weit-als-unberechenbar-article25247735.html,20240925232602,cdx,
https://www.n-tv.de/mediathek/videos/politik/Wolf-Es-wird-mit-der-AfD-keine-Zusammenarbeit-geben-article25197004.html,20240925092058,cdx,
https://www.n-tv.de/mediathek/videos/politik/Zahlte-Unternehmer-Urlaube-auf-Sylt-article5437706.html,20240925093931,cdx,
https://www.n-tv.de/mediathek/videos/politik/Zehntausende-Libanesen-fliehen-in-den-Norden-des-Landes-article25247705.html,20240925232600,cdx,
https://www.n-tv.de/mediathek/videos/ratgeber/Ausstellung-Superheroes-rueckt-Helden-in-neues-Licht-article25238718.html,20240926120433,cdx,
https://www.n-tv.de/mediathek/videos/ratgeber/Schutz-vor-Einbruechen-ntv-Reporter-testet-Neuheiten-article25248772.html,20240925142735,cdx,
https://www.n-tv.de/mediathek/videos/ratgeber/So-kann-man-den-Jahresurlaub-2025-maximieren-article25253740.html,20240926125653,cdx,
https://www.n-tv.de/mediathek/videos/sport/Cherki-schiesst-Tor-aus-fast-unmoeglichem-Winkel-article25256029.html,20240926231426,cdx,
https://www.n-tv.de/mediathek/videos/sport/Cucurella-zu-strittiger-Szene-Kein-Handspiel-basta-article25069766.html,20240926121347,cdx,
https://www.n-tv.de/mediathek/videos/sport/Extremsportler-kombiniert-Fallschirmspringen-und-Surfen-article25249455.html,20240925050721,cdx,
https://www.n-tv.de/mediathek/videos/sport/Fuer-Dynamo-Kiew-geht-in-Hamburg-alles-schief-article25253083.html,20240925214101,cdx,
https://www.n-tv.de/mediathek/videos/sport/Hansi-Flick-bekommt-Hustenanfall-bei-Torwart-Verkuendung-article25251114.html,20240925095650,cdx,
https://www.n-tv.de/mediathek/videos/sport/Hoffenheim-kontert-Midtjyllands-Traumtor-mit-Traumtor-article25253123.html,20240925221058,cdx,
https://www.n-tv.de/mediathek/videos/sport/Hoffenheim-reist-in-den-Hexenkessel-von-Midtjylland-article25249855.html,20240925161035,cdx,
https://www.n-tv.de/mediathek/videos/sport/Man-United-patzt-Eriksen-wird-zum-tragischen-Helden-article25253077.html,20240925214119,cdx,
https://www.n-tv.de/mediathek/videos/sport/NFL-Star-Tagovailoa-erleidet-vierte-Gehirnerschuetterung-article25226640.html,20240925010634,cdx,
https://www.n-tv.de/mediathek/videos/sport/nfl/Josh-Allen-muss-liefern-wenn-Bills-Erfolg-haben-wollen-article25249912.html,20240925065359,cdx,
https://www.n-tv.de/mediathek/videos/sport/Supercomputer-Das-sind-die-Favoriten-bei-der-EM-article25000675.html,20240926010553,cdx,
https://www.n-tv.de/mediathek/videos/sport/Tohuwabohu-im-Strafraum-kostet-Eintracht-den-Sieg-article25256036.html,20240926231604,cdx,
https://www.n-tv.de/mediathek/videos/sport/Wenn-ich-ehrlich-bin-U17-Weltmeister-erklaert-furioses-Tor-article25253079.html,20240925215012,cdx,
https://www.n-tv.de/mediathek/videos/technik/Copilot-PCs-das-kann-die-KI-von-Microsoft-article24958062.html,20240926153805,cdx,
https://www.n-tv.de/mediathek/videos/technik/Fussballspielende-Roboter-kicken-um-den-Robocup-article25102760.html,20240926114813,cdx,
https://www.n-tv.de/mediathek/videos/unterhaltung/Anna-Carina-Woitschack-erzaehlt-von-Anruf-bei-Haterin-article25175573.html,20240925105127,cdx,
https://www.n-tv.de/mediathek/videos/unterhaltung/Anna-Ermakova-verraet-wie-man-ihr-Herz-gewinnen-kann-article25245434.html,20240926224541,cdx,
https://www.n-tv.de/mediathek/videos/unterhaltung/Bundestag-und-Dschungel-feiern-gemeinsam-beim-RTL-Fest-article25224622.html,20240925011429,cdx,
https://www.n-tv.de/mediathek/videos/unterhaltung/Christoph-Daum-wird-mir-einfach-fehlen-als-Freund-article25182900.html,20240925051532,cdx,
https://www.n-tv.de/mediathek/videos/unterhaltung/Daniela-Katzenberger-Wollten-uns-scheiden-lassen-article25254760.html,20240926195119,cdx,
https://www.n-tv.de/mediathek/videos/unterhaltung/Die-Verraeter-Das-ist-das-Spielprinzip-der-RTL-Show-article25253966.html,20240926184256,cdx,
https://www.n-tv.de/mediathek/videos/unterhaltung/Erste-Legende-verlaesst-freiwillig-den-RTL-Dschungel-article25175251.html,20240925174947,cdx,
https://www.n-tv.de/mediathek/videos/unterhaltung/Fuerstin-Charlene-ist-wieder-bei-ihrer-Familie-article22918880.html,20240925030235,cdx,
https://www.n-tv.de/mediathek/videos/unterhaltung/GZSZ-Star-turtelt-mit-Bachelorette-Kandidat-article25251585.html,20240925145624,cdx,
https://www.n-tv.de/mediathek/videos/unterhaltung/Hape-Kerkeling-ein-Grossneffe-von-Koenig-Charles-article25253964.html,20240926182219,cdx,
https://www.n-tv.de/mediathek/videos/unterhaltung/Heidi-Klum-laeuft-auf-Fashion-Show-vor-Pariser-Oper-article25246192.html,20240925205339,cdx,
https://www.n-tv.de/mediathek/videos/unterhaltung/James-Bond-Dreharbeiten-schrecken-Touristen-auf-article21239864.html,20240925073316,cdx,
https://www.n-tv.de/mediathek/videos/unterhaltung/Klaegerin-P-Diddy-hat-Video-von-Vergewaltigung-verkauft-article25252065.html,20240926112126,cdx,
https://www.n-tv.de/mediathek/videos/unterhaltung/Kloeppel-und-v-d-Groeben-blicken-auf-ihre-erste-Sendung-article25175946.html,20240925175152,cdx,
https://www.n-tv.de/mediathek/videos/unterhaltung/Konflikt-zwischen-Dschungel-Frauen-eskaliert-lautstark-article25175514.html,20240925202106,cdx,
https://www.n-tv.de/mediathek/videos/unterhaltung/Oliver-Pocher-und-Evelyn-Burdecki-schaekern-auf-der-Wiesn-article25249581.html,20240926003252,cdx,
https://www.n-tv.de/mediathek/videos/unterhaltung/Ryan-Reynolds-besucht-krebskranken-Deadpool-Fan-article25248369.html,20240926120224,cdx,
https://www.n-tv.de/mediathek/videos/unterhaltung/Simone-Ballack-laesst-Lachs-Sperma-ins-Gesicht-spritzen-article25245477.html,20240926135903,cdx,
https://www.n-tv.de/mediathek/videos/unterhaltung/Stefan-Mross-nennt-Alkoholvorwuerfe-Wahnsinn-article25249441.html,20240925001536,cdx,
https://www.n-tv.de/mediathek/videos/unterhaltung/Stress-mit-Raab-Elton-spricht-nach-DGHNDMBSR-Ausraster-article25251406.html,20240925112626,cdx,
https://www.n-tv.de/mediathek/videos/wirtschaft/Analysten-geben-Ampelregierung-Mitschuld-an-Rezession-article24429612.html,20240926113242,cdx,
https://www.n-tv.de/mediathek/videos/wirtschaft/Commerzbank-bekommt-neue-Chefin-Orlopp-loest-Knof-ab-article25250537.html,20240925091139,cdx,
https://www.n-tv.de/mediathek/videos/wirtschaft/Cromme-raeumt-Fehler-ein-article9971926.html,20240925205148,cdx,
https://www.n-tv.de/mediathek/videos/wirtschaft/Deutsche-Konjunkturprognose-sieht-duester-aus-article25253396.html,20240926072029,cdx,
https://www.n-tv.de/mediathek/videos/wirtschaft/Frage-ist-Muessen-Varta-Anleger-wirklich-leer-ausgehen--article25174688.html,20240925042634,cdx,
https://www.n-tv.de/mediathek/videos/wirtschaft/Gericht-faellt-Urteil-gegen-Mr-Cum-Ex-Hanno-Berger-article24156358.html,20240926192537,cdx,
https://www.n-tv.de/mediathek/videos/wirtschaft/Hausbesuch-bei-Tesla-Mitarbeitern-das-darf-der-Chef-bei-Krankschreibung-article25251649.html,20240925123719,cdx,
https://www.n-tv.de/mediathek/videos/wirtschaft/Ifo-Geschaeftsklima-sinkt-auf-tiefsten-Stand-seit-Januar-article25248975.html,20240925001537,cdx,
https://www.n-tv.de/mediathek/videos/wirtschaft/Jetzt-muss-es-gelingen-das-wissen-auch-die-Griechen-article15505621.html,20240925003814,cdx,
https://www.n-tv.de/mediathek/videos/wirtschaft/Kommunen-wollen-Steuern-und-Abgaben-erhoehen-article22987766.html,20240925182424,cdx,
https://www.n-tv.de/mediathek/videos/wirtschaft/Nach-Verhandlungsbeginn-VW-drohen-ab-Dezember-Streiks-article25251952.html,20240925181308,cdx,
https://www.n-tv.de/mediathek/videos/wirtschaft/Non-Food-Discounter-sticht-Mitbewerber-aus-article25250309.html,20240925101933,cdx,
https://www.n-tv.de/mediathek/videos/wirtschaft/Optionen-falsch-eingeschaetzt-article9747926.html,20240925205150,cdx,
https://www.n-tv.de/mediathek/videos/wirtschaft/Reitz-Neue-Gesichter-bei-den-Gruenen-reichen-nicht-article25251469.html,20240925195504,cdx,
https://www.n-tv.de/mediathek/videos/wirtschaft/Scholz-wirft-Unicredit-kein-angemessenes-Vorgehen-vor-article25248977.html,20240925001539,cdx,
https://www.n-tv.de/mediathek/videos/wirtschaft/So-soll-die-strauchelnde-Meyer-Werft-gerettet-werden-article25174640.html,20240925061452,cdx,
https://www.n-tv.de/mediathek/videos/wirtschaft/Studie-Grossteil-der-Millennials-traeumt-vom-Eigenheim-article25254540.html,20240926135846,cdx,
https://www.n-tv.de/mediathek/videos/wirtschaft/Tesla-meldet-niedrigste-Gewinnmarge-seit-Jahren-article25110565.html,20240926153125,cdx,
https://www.n-tv.de/mediathek/videos/wirtschaft/ThyssenKrupp-bekommt-1-5-Mrd-Euro-fuer-US-Werk-article11805076.html,20240925204937,cdx,
https://www.n-tv.de/mediathek/videos/wirtschaft/ThyssenKrupp-ist-weiterhin-auf-Talfahrt-article11836336.html,20240925205314,cdx,
https://www.n-tv.de/mediathek/videos/wirtschaft/VW-Chef-Blume-Deutlich-mehr-Wettbewerber-der-Kuchen-ist-kleiner-geworden-article25245832.html,20240926134805,cdx,
https://www.n-tv.de/mediathek/videos/wirtschaft/VW-Chefunterhaendler-Lage-ist-ernst-article25251952.html,20240925142523,cdx,
https://www.n-tv.de/mediathek/videos/wirtschaft/VW-in-der-Krise-Habeck-laedt-zum-Autogipfel-article25240672.html,20240926115113,cdx,
https://www.n-tv.de/mediathek/videos/wirtschaft/VW-Krise-befeuert-Sorgen-um-Standort-Deutschland-article25202939.html,20240925014738,cdx,
https://www.n-tv.de/mediathek/videos/wirtschaft/VW-Spitze-appelliert-mit-Flugblatt-an-Wir-Gefuehl-article25250307.html,20240925064240,cdx,
https://www.n-tv.de/mediathek/videos/wirtschaft/Wirtschaftsinstitute-haben-schlechte-Nachrichten-article25253396.html,20240926120152,cdx,
https://www.n-tv.de/mediathek/videos/wirtschaft/Wissing-macht-Deutscher-Bahn-Dampf-bei-Sanierungen-article25201272.html,20240926235327,cdx,
https://www.n-tv.de/mediathek/videos/wissen/Aktivistin-erlebt-extremste-Klima-Kipppunkte-hautnah-article25235468.html,20240926121555,cdx,
https://www.n-tv.de/mediathek/videos/wissen/Corona-und-Rhinoviren-im-Umlauf-Virologe-Muessen-uns-auf-einiges-einstellen-article25251258.html,20240925111039,cdx,
https://www.n-tv.de/mediathek/videos/wissen/Feuer-spuckende-Roboterhunde-sollen-Farmer-unterstuetzen-article25241945.html,20240926194540,cdx,
https://www.n-tv.de/mediathek/videos/wissen/Ig-Nobelpreise-fuer-skurrile-Forschung-verliehen-article22796764.html,20240925005847,cdx,
https://www.n-tv.de/mediathek/videos/wissen/In-Koeln-koennen-Astronauten-auf-dem-Mond-spazieren-article25253341.html,20240926223152,cdx,
https://www.n-tv.de/mediathek/videos/wissen/Lockdown-macht-Kinder-kurzsichtig-article22779289.html,20240925063331,cdx,
https://www.n-tv.de/mediathek/videos/wissen/Milliardaer-steigt-730-Kilometer-ueber-der-Erde-aus-Kapsel-article25223147.html,20240925010109,cdx,
https://www.n-tv.de/mediathek/videos/wissen/Orca-Gruppe-schlaegt-wieder-zu-und-versenkt-Jacht-article24939126.html,20240926115101,cdx,
https://www.n-tv.de/mediathek/videos/wissen/Panik-um-fliegende-Joro-Spinnen-wundert-Experten-article24997756.html,20240926060458,cdx,
https://www.n-tv.de/mediathek/videos/wissen/Pompeji-Zwei-weitere-Opfer-des-Vesuv-Ausbruchs-entdeckt-article25157139.html,20240926122335,cdx,
https://www.n-tv.de/mediathek/videos/wissen/Wie-Marinesoldaten-ausgebildet-werden-article1003631.html,20240925220045,cdx,
https://www.n-tv.de/panorama/05-33-Italien-schraenkt-landesweit-Aktivitaeten-ein--article21602064.html,20240925173202,cdx,
https://www.n-tv.de/panorama/25-Biber-am-Oderdeich-geschossen-article25248960.html,20240925012836,cdx,
https://www.n-tv.de/panorama/55-Jaehriger-wird-in-den-USA-per-Giftspritze-hingerichtet-article25250292.html,20240925072549,cdx,
https://www.n-tv.de/panorama/86-Jaehriger-faehrt-mit-Auto-in-Hochzeitsgesellschaft-article25254901.html,20240926153538,cdx,
https://www.n-tv.de/panorama/AfDnee-setzt-auf-schockierende-Wahrheiten-article25248796.html,20240925012953,cdx,
https://www.n-tv.de/panorama/Anakonda-verschleppt-Maedchen-article285791.html,20240926181504,cdx,
https://www.n-tv.de/panorama/Andere-Auslegung-waere-moeglich-gewesen-article20316854.html,20240925170549,cdx,
https://www.n-tv.de/panorama/Anschlag-in-Solingen-Neue-Details-zu-Tatwaffe-und-Bekennervideo-article25255752.html,20240926195022,cdx,
https://www.n-tv.de/panorama/Anteil-der-geimpften-Intensivpatienten-steigt-article22860056.html,20240925130340,cdx,
https://www.n-tv.de/panorama/Behoerden-erhoehen-Alarmstufe-article2276941.html,20240925163431,cdx,
https://www.n-tv.de/panorama/Behoerden-melden-Hunderte-Waldbraende-in-Kanada-article25170041.html,20240925123917,cdx,
https://www.n-tv.de/panorama/Bergsteiger-in-Turnschuhen-und-Baumwollhosen-gerettet-article25249818.html,20240925012719,cdx,
https://www.n-tv.de/panorama/Berlin-Lichtenberg-Frau-stirbt-nach-Messerangriff-in-Hochhaus-article25195006.html,20240925031158,cdx,
https://www.n-tv.de/panorama/Bewaehrungsstrafe-fuer-Polizisten-nach-Schuessen-in-Mannschaftsbus-article25175986.html,20240925124652,cdx,
https://www.n-tv.de/panorama/Beweist-ein-Foto-von-1941-Zeitreisen-article25248707.html,20240925012850,cdx,
https://www.n-tv.de/panorama/Bundespolizei-bekommt-Bodycams-article20863459.html,20240926050956,cdx,
https://www.n-tv.de/panorama/Bundeswehr-hilft-mit-Panzern-beim-Abriss-der-Carolabruecke-article25226684.html,20240925010709,cdx,
https://www.n-tv.de/panorama/Deutsche-Touristin-und-Baby-von-Fluten-mitgerissen-article25249891.html,20240925012939,cdx,
https://www.n-tv.de/panorama/Deutsche-wegen-Toetung-von-behinderter-Tochter-verurteilt-article25225581.html,20240925013549,cdx,
https://www.n-tv.de/panorama/Deutschland-droht-eine-toedliche-Opioid-Krise-article25174346.html,20240925012955,cdx,
https://www.n-tv.de/panorama/Deutschland-isst-zumeist-flexitarisch-article25249038.html,20240925012855,cdx,
https://www.n-tv.de/panorama/DHL-liefert-wieder-in-Duisburger-Hochhaus-in-Begleitung-article25253352.html,20240926072046,cdx,
https://www.n-tv.de/panorama/DHL-verweigert-Zustellung-an-Duisburger-Hochhaus-article25121554.html,20240926130648,cdx,
https://www.n-tv.de/panorama/Drei-Maenner-im-Erpressungsfall-Schumacher-angeklagt-article25251517.html,20240925112604,cdx,
https://www.n-tv.de/panorama/Dreijaehrige-verirrt-und-gerettet-article222607.html,20240925030134,cdx,
https://www.n-tv.de/panorama/Ecstasy-ins-Glas-geschuettet-Franzoesischer-Politiker-tritt-zurueck-article25254444.html,20240926124021,cdx,
https://www.n-tv.de/panorama/Ermittler-beschlagnahmen-Koelner-Bordell-Pascha-article25220799.html,20240925072304,cdx,
https://www.n-tv.de/panorama/Ermittler-suchen-nach-Anschlag-in-Solingen-Uhr-und-Handy-article25226439.html,20240925011205,cdx,
https://www.n-tv.de/panorama/Ermittlern-gelingt-Schlag-gegen-Paedophilen-Ring-article25225249.html,20240925005338,cdx,
https://www.n-tv.de/panorama/Erneute-Explosion-in-Koeln-diesmal-in-einem-Cafe-article25250189.html,20240925052752,cdx,
https://www.n-tv.de/panorama/Essen_und_Trinken/Rezepte-fuer-Risotto-aus-Suedtirol-Die-wichtigste-Zutat-ist-Leidenschaft-article25248154.html,20240926162713,cdx,
https://www.n-tv.de/panorama/Ex-Freundin-von-Bankman-Fried-zu-Haftstrafe-verurteilt-article25250644.html,20240925091145,cdx,
https://www.n-tv.de/panorama/Ex-Priester-steht-wegen-Kindesmissbrauchs-vor-Gericht-article25248782.html,20240925012847,cdx,
https://www.n-tv.de/panorama/Familie-findet-vermissten-Sohn-nach-mehr-als-70-Jahren-article25245140.html,20240926130313,cdx,
https://www.n-tv.de/panorama/Festnahmen-nach-Premiere-von-Sterbekapsel-article25249172.html,20240925012855,cdx,
https://www.n-tv.de/panorama/Folgt-nach-der-Wetter-Achterbahn-die-beste-Phase-des-Sommers-article25174947.html,20240925110907,cdx,
https://www.n-tv.de/panorama/Giraffen-Taufe-in-Berliner-Tierpark-Tierbabys-bekommen-Namen-article25175639.html,20240925122617,cdx,
https://www.n-tv.de/panorama/Grossbritannien-verbietet-Macheten-und-Zombie-Messer-article25247727.html,20240925012813,cdx,
https://www.n-tv.de/panorama/Gueterzug-entgleist-in-NRW-Lokfuehrer-stirbt-article24386247.html,20240925093322,cdx,
https://www.n-tv.de/panorama/Havarierter-Frachter-mit-gefaehrlicher-Ladung-verlaesst-Nordsee-article25247134.html,20240925011750,cdx,
https://www.n-tv.de/panorama/Hoechste-Alarmstufe-bei-Eisenhuettenstadt-Hochwasserlage-in-Brandenburg-spitzt-sich-zu-article25250452.html,20240925091419,cdx,
https://www.n-tv.de/panorama/Hubschrauber-reisst-Ol-Arbeiter-in-den-Tod-article16437251.html,20240925193417,cdx,
https://www.n-tv.de/panorama/Hurrikan-John-erreicht-Mexiko-Lebensgefaehrliche-Sturzfluten-erwartet-article25247760.html,20240925012050,cdx,
https://www.n-tv.de/panorama/Japaner-nach-Jahrzehnten-in-Todeszelle-freigesprochen-article25253474.html,20240926093908,cdx,
https://www.n-tv.de/panorama/Junge-in-Russland-geht-mit-Hammer-auf-Mitschueler-los-article25246702.html,20240926180711,cdx,
https://www.n-tv.de/panorama/Kaltluft-Delle-bringt-Bodenfrost-Gefahr-article25255126.html,20240926133938,cdx,
https://www.n-tv.de/panorama/Kasparow-wird-Kroate-article12384536.html,20240926065559,cdx,
https://www.n-tv.de/panorama/Kathryn-Grayson-ist-tot-article737143.html,20240925081455,cdx,
https://www.n-tv.de/panorama/Landstuhl-Bewaehrungsstrafe-fuer-Besitzer-von-gefaelschtem-Impfpass-article23108312.html,20240925232040,cdx,
https://www.n-tv.de/panorama/Lehrer-in-Wedel-niedergestochen-Tatverdaechtige-gefasst-article25101958.html,20240925085558,cdx,
https://www.n-tv.de/panorama/Maenner-pruegeln-57-Jaehrigen-in-Muenchen-tot-article25252174.html,20240925134303,cdx,
https://www.n-tv.de/panorama/Malta-verweigert-havarierter-Ruby-Einfahrt-in-Hafen-article25249136.html,20240925012956,cdx,
https://www.n-tv.de/panorama/Mann-erschlaegt-Schwiegermutter-weil-kein-Bier-mehr-da-war-article25255911.html,20240926215331,cdx,
https://www.n-tv.de/panorama/Mann-faehrt-in-Gruppe-feiernder-Menschen-article25247435.html,20240925025311,cdx,
https://www.n-tv.de/panorama/Medizinische-Ursache-fuer-Fahrt-in-Menschengruppe-wahrscheinlich-article25249231.html,20240925012953,cdx,
https://www.n-tv.de/panorama/Mehrere-Verletzte-bei-Zugunglueck-in-NRW-article25248029.html,20240925012742,cdx,
https://www.n-tv.de/panorama/Missbrauch-erfunden-Eltern-nach-684-Tagen-Haft-freigesprochen-article25255492.html,20240926150602,cdx,
https://www.n-tv.de/panorama/Mithaeftling-belastet-Christian-B-im-Fall-Maddie-article25252834.html,20240925175752,cdx,
https://www.n-tv.de/panorama/Mobile-Tiny-Church-Buchbare-Mini-Kirche-rollt-durch-die-Strassen-article25041746.html,20240925014056,cdx,
https://www.n-tv.de/der_tag/20-Jaehriger-tot-zwischen-Kleidung-in-Altkleidercontainer-gefunden-article24750826.html,20240927055723,cdx,
https://www.n-tv.de/der_tag/48-Jahre-unschuldig-in-Todeszelle-Mann-trifft-seinen-Richter-article20234710.html,20240927111326,cdx,
https://www.n-tv.de/der_tag/AfD-will-von-FPO-lernen-article23061466.html,20240927115747,cdx,
https://www.n-tv.de/der_tag/Altkleidercontainer-entwickelt-sich-zur-toedlichen-Falle-article24360324.html,20240927103135,cdx,
https://www.n-tv.de/der_tag/Beitraege-vieler-Privatversicherter-schiessen-in-die-Hoehe-article25255916.html,20240927005709,cdx,
https://www.n-tv.de/der_tag/Bericht-AfD-legt-sich-bei-Kanzlerkandidatur-fest-article25257991.html,20240927161013,cdx,
https://www.n-tv.de/der_tag/Brigitte-Bardot-wegen-Rassismus-verurteilt-article22908712.html,20240928151627,cdx,
https://www.n-tv.de/der_tag/Bundestag-zahlte-jahrelang-keine-Sozialbeitraege-article19978405.html,20240927051100,cdx,
https://www.n-tv.de/der_tag/Der-Tag-am-Dienstag-den-24-September-2024-article25247584.html,20240927084207,cdx,
https://www.n-tv.de/der_tag/Der-Tag-am-Freitag-30-August-2024-article25192144.html,20240927092023,cdx,
https://www.n-tv.de/der_tag/Der-Tag-am-Freitag-der-27-September-2024-article25256147.html,20240927043714,cdx,
https://www.n-tv.de/der_tag/Der-Tag-am-Mittwoch-9-Dezember-2020-article22223676.html,20240927091537,cdx,
https://www.n-tv.de/der_tag/Der-Tag-am-Montag-dem-2-September-2024-article25197451.html,20240927180211,cdx,
https://www.n-tv.de/der_tag/Der-Tag-am-Montag-den-22-Juli-2024-article25105026.html,20240927144458,cdx,
https://www.n-tv.de/der_tag/EU-koennte-kurzfristig-Hunderttausende-abschieben-article16088981.html,20240928181227,cdx,
https://www.n-tv.de/der_tag/Experte-sieht-AfD-Strategie-in-Thueringen-Tiefpunkt-in-der-Geschichte-article25256668.html,20240927123515,cdx,
https://www.n-tv.de/der_tag/Freispruch-nach-mehr-als-30-Messerstichen-auf-Mutter-article25190761.html,20240927165744,cdx,
https://www.n-tv.de/der_tag/Hisbollah-Anfuehrer-Nasrallah-nach-Israel-Angriff-wohlauf-article25258196.html,20240927221337,cdx,related
https://www.n-tv.de/der_tag/Israels-Armee-Islamist-gesteht-Vergewaltigung-am-7-Oktober-article24839034.html,20240928200332,cdx,
https://www.n-tv.de/der_tag/Ist-ein-schlechter-Witz-Juso-Chef-attackiert-Scholz-fuer-Asylpolitik-article25256589.html,20240927085620,cdx,
https://www.n-tv.de/der_tag/Naechste-Gruene-kuendigt-Parteiaustritt-an-und-wechselt-Fraktion-article25257293.html,20240927145312,cdx,
https://www.n-tv.de/der_tag/Netanjahu-warnt-Iran-deutlich-Keinen-Ort-im-Nahen-Osten-den-Israel-nicht-erreichen-kann-article25257940.html,20240928032816,cdx,
https://www.n-tv.de/der_tag/Schweizer-Bahnchef-teilt-gegen-Deutsche-Bahn-aus-article25256177.html,20240927112853,cdx,
https://www.n-tv.de/der_tag/Signa-Holding-von-Milliardaer-Benko-meldet-Insolvenz-an-article24566013.html,20240927010135,cdx,
https://www.n-tv.de/der_tag/Waldbraende-breiten-sich-aus-und-bedrohen-Millionen-Metropole-in-den-USA-article25218681.html,20240928192726,cdx,
https://www.n-tv.de/der_tag/Wegen-Wasserpistole-Londoner-Polizei-geht-hart-gegen-13-Jaehrigen-vor-article24475808.html,20240928201136,cdx,
https://www.n-tv.de/mediathek/videos/auto/Hacker-manipulieren-fahrendes-Auto-article15577811.html,20240927000755,cdx,
https://www.n-tv.de/mediathek/videos/auto/HVO100-Tankstellen-geben-neuen-Bio-Diesel-ab-heute-aus-article24973877.html,20240927091320,cdx,
https://www.n-tv.de/mediathek/videos/auto/MG4-XPower-vs-Hyundai-Ionic-so-schlagen-sich-die-Hot-Hatches-im-Vergleich-article25246265.html,20240928153606,cdx,
https://www.n-tv.de/mediathek/videos/auto/VW-ID-BUZZ-und-KIA-EV9-wer-kann-Urlaub-article25246267.html,20240927075057,cdx,
https://www.n-tv.de/mediathek/videos/Dokumentationen/Der-Boxer-das-ist-der-Alleskoenner-der-Bundeswehr-article24879941.html,20240928235736,cdx,
https://www.n-tv.de/mediathek/videos/geldanlage-check/Frauen-sind-grundsaetzlich-die-besseren-Investoren-article25249439.html,20240927071650,cdx,
https://www.n-tv.de/mediathek/videos/geldanlage-check/Ist-schwer-Immobilie-mit-normalem-Einkommen-zu-finden-article25258114.html,20240927180700,cdx,
https://www.n-tv.de/mediathek/videos/geldanlage-check/Ist-schwer-mit-normalem-Einkommen-Immobilie-zu-finden-article25258114.html,20240928083745,cdx,
https://www.n-tv.de/mediathek/videos/geldanlage-check/Regierung-hat-sich-bei-Commerzbank-ueberrumpeln-lassen-article25246485.html,20240927103810,cdx,
https://www.n-tv.de/mediathek/videos/panorama/Chinas-Generation-Z-begehrt-gegen-Arbeitsstress-auf-article24741190.html,20240928132446,cdx,
https://www.n-tv.de/mediathek/videos/panorama/Die-verruecktesten-Sorten-auf-dem-Berliner-Eis-Festival-article25151508.html,20240927060921,cdx,
https://www.n-tv.de/mediathek/videos/panorama/Ex-Wilderer-retten-bedrohte-Schildkroeten-article23910132.html,20240927191322,cdx,
https://www.n-tv.de/mediathek/videos/panorama/Flugzeug-landet-ein-anderes-hebt-ab-auf-gleicher-Bahn-article25001026.html,20240927140302,cdx,
https://www.n-tv.de/mediathek/videos/panorama/Hurrikan-Helene-trifft-mit-bis-zu-225-km-h-auf-Florida-article25256283.html,20240927185717,cdx,
https://www.n-tv.de/mediathek/videos/panorama/In-diesem-englischen-Pub-sind-nasse-Fuesse-Programm-article25244924.html,20240928143649,cdx,
https://www.n-tv.de/mediathek/videos/panorama/ISS-filmt-Auge-von-Hurrikan-Helene-aus-dem-Weltall-article25257192.html,20240927160153,cdx,
https://www.n-tv.de/mediathek/videos/panorama/Koala-funktioniert-Supermarkt-in-Spielplatz-um-article25257239.html,20240927155836,cdx,
https://www.n-tv.de/mediathek/videos/panorama/Kreuzfahrtriese-zwaengt-sich-rueckwaerts-durch-enge-Ems-article24890089.html,20240927081815,cdx,
https://www.n-tv.de/mediathek/videos/panorama/Lotsen-zeigen-Zugvoegeln-2000-Kilometer-Weg-nach-Spanien-article25232131.html,20240927190258,cdx,
https://www.n-tv.de/mediathek/videos/panorama/Mann-entfuehrt-Bus-in-Los-Angeles-und-nimmt-Geiseln-article25254046.html,20240927083727,cdx,
https://www.n-tv.de/mediathek/videos/panorama/Polizei-findet-Kokain-in-notgelandetem-US-Kleinflugzeug-article25257868.html,20240927194503,cdx,
https://www.n-tv.de/mediathek/videos/panorama/Polizei-nimmt-40-jaehrigen-Lkw-Fahrer-fest-article19872967.html,20240927050011,cdx,
https://www.n-tv.de/mediathek/videos/panorama/Salmonellen-Faelle-steigen-rapide-Rucola-unter-Verdacht-article25258224.html,20240927212335,cdx,
https://www.n-tv.de/mediathek/videos/panorama/Schafherde-verirrt-sich-auf-Hausdach-article25175797.html,20240927212506,cdx,
https://www.n-tv.de/mediathek/videos/panorama/Schwein-jagt-Reporter-vor-laufender-Kamera-article21424109.html,20240928165756,cdx,
https://www.n-tv.de/mediathek/videos/panorama/Senioren-brauchen-mehr-digitale-Kompetenz-article24996343.html,20240928205606,cdx,
https://www.n-tv.de/mediathek/videos/panorama/Stromsparmassnahme-in-Schorndorf-sorgt-fuer-herbe-Kritik-article25258829.html,20240928160751,cdx,
https://www.n-tv.de/mediathek/videos/panorama/TGV-rammt-Traktor-auf-Bahnuebergang-article25186038.html,20240927202922,cdx,
https://www.n-tv.de/mediathek/videos/panorama/Tuerkei-will-Strassenhunde-einschlaefern-lassen-article24989652.html,20240927060346,cdx,
https://www.n-tv.de/mediathek/videos/politik/AfD-Experte-ordnet-Sitzungseklat-in-Thueringer-Landtag-ein-article25256576.html,20240927174711,cdx,
https://www.n-tv.de/mediathek/videos/politik/AfD-will-Altparteien-zur-Zusammenarbeit-zwingen-article25246077.html,20240927011300,cdx,
https://www.n-tv.de/mediathek/videos/politik/Ampel-Plaene-uns-rauszukicken-werden-nicht-funktionieren-article25001420.html,20240928063857,cdx,
https://www.n-tv.de/mediathek/videos/politik/Ampelkrach-um-die-Rente-FDP-fordert-Korrektur-article25257396.html,20240927180247,cdx,
https://www.n-tv.de/mediathek/videos/politik/An-Menschen-im-Libanon-Bin-nicht-im-Krieg-mit-Ihnen-article25258064.html,20240927163931,cdx,
https://www.n-tv.de/mediathek/videos/politik/Augaepfel-des-Soldaten-lagen-auf-seiner-Schutzweste-article25239005.html,20240927093405,cdx,
https://www.n-tv.de/mediathek/videos/politik/Autokamera-filmt-Raketeneinschlag-in-Israel-article25244159.html,20240927085809,cdx,
https://www.n-tv.de/mediathek/videos/politik/Biden-Harris-als-Vize-war-meine-beste-Entscheidung-article25169100.html,20240927033803,cdx,
https://www.n-tv.de/mediathek/videos/politik/Biden-richtet-Ukraine-Gipfel-in-Deutschland-aus-article25256287.html,20240927063112,cdx,
https://www.n-tv.de/mediathek/videos/politik/Biden-wird-von-Geheimdiensten-vor-Entscheidung-gewarnt-article25257099.html,20240928001927,cdx,
https://www.n-tv.de/mediathek/videos/politik/Brandanschlag-auf-Berliner-Amt-Staatsschutz-ermittelt-article24931226.html,20240927192442,cdx,
https://www.n-tv.de/mediathek/videos/politik/Brasiliens-Praesident-Lula-gibt-Ukraine-Mitschuld-am-Krieg-article23881359.html,20240927065732,cdx,
https://www.n-tv.de/mediathek/videos/politik/Bundesregierung-will-Tierschutzgesetz-ueberarbeiten-article25255883.html,20240928150019,cdx,
https://www.n-tv.de/mediathek/videos/politik/Das-sollte-den-Gewerkschaften-zu-denken-geben-article24016509.html,20240927063524,cdx,
https://www.n-tv.de/mediathek/videos/politik/Das-steckt-hinter-dem-Mammutprojekt-Suedlink-article24389213.html,20240927140444,cdx,
https://www.n-tv.de/mediathek/videos/politik/Druck-auf-Iran-waechst-zu-starker-Reaktion-ueberzugehen-article25258868.html,20240928205041,cdx,
https://www.n-tv.de/mediathek/videos/politik/Einen-Minister-Merz-wird-es-im-Kabinett-Merkel-nicht-geben-article21022104.html,20240928143036,cdx,
https://www.n-tv.de/mediathek/videos/politik/Entlarvender-Unterschied-zwischen-Putin-und-Lawrow-article25216272.html,20240927140013,cdx,
https://www.n-tv.de/mediathek/videos/politik/Erste-Sitzung-im-Thueringer-Landtag-endet-im-Chaos-article25256281.html,20240927061021,cdx,
https://www.n-tv.de/mediathek/videos/politik/Frage-ist-ob-Ampel-noch-die-Kraft-hat-umzusteuern-article25002427.html,20240927103149,cdx,
https://www.n-tv.de/mediathek/videos/politik/Fritz-USA-liefert-Ukraine-erstmals-auch-Gleitbomben-article25256327.html,20240927172107,cdx,
https://www.n-tv.de/mediathek/videos/politik/G20-einigt-sich-wohl-ueberraschend-auf-Erklaerung-article23718537.html,20240927013711,cdx,
https://www.n-tv.de/mediathek/videos/politik/Gewinnt-Woidke-kommt-Kanzler-mit-blauem-Auge-davon-article25243610.html,20240927093454,cdx,
https://www.n-tv.de/mediathek/videos/politik/Gut-vorbereitete-Harris-wirkte-manchmal-zu-theatral-article25220002.html,20240927142341,cdx,
https://www.n-tv.de/mediathek/videos/politik/Habeck-wird-sozialistischer-Jugend-nicht-nachweinen-article25255718.html,20240927051314,cdx,
https://www.n-tv.de/mediathek/videos/politik/Haben-Trump-voraussichtlich-besiegt-article22147908.html,20240927043226,cdx,
https://www.n-tv.de/mediathek/videos/politik/Heil-verlegt-Last-von-alter-auf-junge-Generation-article25257866.html,20240928172219,cdx,
https://www.n-tv.de/mediathek/videos/politik/Hoecke-will-nichts-von-SA-Parole-gewusst-haben-article24867765.html,20240927112107,cdx,
https://www.n-tv.de/mediathek/videos/politik/Ich-wollte-auch-als-Maertyrer-sterben-article18476796.html,20240928175852,cdx,
https://www.n-tv.de/mediathek/videos/politik/Immer-mehr-Deutsche-sorgen-sich-um-innere-Sicherheit-article25223019.html,20240927162526,cdx,
https://www.n-tv.de/mediathek/videos/politik/Iran-verwendet-Atomprogramm-in-zweierlei-Hinsicht-article24888481.html,20240927093003,cdx,
https://www.n-tv.de/mediathek/videos/politik/IS-hat-Ramadan-zum-Pflichtmonat-des-Dschihad-erklaert-article19874007.html,20240927050005,cdx,
https://www.n-tv.de/mediathek/videos/politik/Islamisten-Demo-in-Hamburg-Hab-mich-geekelt-article24910945.html,20240927104624,cdx,
https://www.n-tv.de/mediathek/videos/politik/Kein-AfD-Kandidat-Thueringer-Landtag-waehlt-Praesidenten-article25258907.html,20240928152036,cdx,
https://www.n-tv.de/mediathek/videos/politik/Liefert-Kontakt-zu-vielen-Frauen-Spur-zu-RAF-Terrorist-article25223503.html,20240927161633,cdx,
https://www.n-tv.de/mediathek/videos/politik/Lindner-lacht-ueber-Merz-Verbrenner-Ausfuehrung-article25001915.html,20240928210545,cdx,
https://www.n-tv.de/mediathek/videos/politik/Mann-soll-Anschlag-mit-zwei-Macheten-geplant-haben-article25225930.html,20240927215918,cdx,
https://www.n-tv.de/mediathek/videos/politik/Melania-Trump-erhebt-schwere-Vorwuerfe-in-TV-Interview-article25256641.html,20240927091242,cdx,
https://www.n-tv.de/mediathek/videos/politik/Merz-Das-ist-die-letzte-Warnung-fuer-die-Ampel-article25001435.html,20240928030805,cdx,
https://www.n-tv.de/mediathek/videos/politik/Merz-hat-eine-Botschaft-fuer-Scholz-im-Gepaeck-article23304483.html,20240927074542,cdx,
https://www.n-tv.de/mediathek/videos/politik/NATO-erhoeht-Sicherheitsstufe-von-Airbase-Geilenkirchen-article25177002.html,20240927231353,cdx,
https://www.n-tv.de/mediathek/videos/politik/Netanjahu-steht-innenpolitisch-total-unter-Druck-article25257225.html,20240928161157,cdx,
https://www.n-tv.de/mediathek/videos/politik/ntv-Reporter-auf-Wahlparty-AfD-will-Sperrminoritaet-article25244349.html,20240927093208,cdx,
https://www.n-tv.de/mediathek/videos/politik/Palaestina-Aktivist-kippt-FU-Praesident-Wasser-ins-Gesicht-article25083828.html,20240927215129,cdx,
https://www.n-tv.de/mediathek/videos/politik/Papst-Franziskus-geht-Harris-und-Trump-scharf-an-article25227303.html,20240927170921,cdx,
https://www.n-tv.de/mediathek/videos/politik/Position-des-Alterspraesidenten-wurde-missbraucht-article25256329.html,20240927103143,cdx,
https://www.n-tv.de/mediathek/videos/politik/Recherche-zeigt-Verbindung-zwischen-AfD-und-Identitaeren-article25186149.html,20240927192316,cdx,
https://www.n-tv.de/mediathek/videos/politik/Rente-mit-63-Duemmer-kann-man-s-nicht-anstellen-article24937953.html,20240927081616,cdx,
https://www.n-tv.de/mediathek/videos/politik/Reporterin-faehrt-auf-Leopard-Panzer-durch-Ukraine-Fluss-article25223119.html,20240927163132,cdx,
https://www.n-tv.de/mediathek/videos/politik/Rohstoff-Exportstopp-wird-Westen-nicht-sehr-wehtun-article25256391.html,20240927124348,cdx,
https://www.n-tv.de/mediathek/videos/politik/Russische-Soldaten-schimpfen-ueber-eigene-daemliche-Armee-article23614771.html,20240927140052,cdx,
https://www.n-tv.de/mediathek/videos/politik/Russland-schiesst-quer-UN-verabschiedet-Zukunftspakt-article25245825.html,20240927024455,cdx,
https://www.n-tv.de/mediathek/videos/politik/Selenskyj-spricht-das-erste-Mal-in-New-York-vor-UN-article24405949.html,20240928233551,cdx,
https://www.n-tv.de/mediathek/videos/politik/Sie-haben-diesen-Ort-in-eine-tote-Stadt-verwandelt-article25257782.html,20240928015609,cdx,
https://www.n-tv.de/mediathek/videos/politik/Sieht-aus-als-wuerde-Biden-seine-Meinung-nicht-aendern-article25227085.html,20240927171008,cdx,
https://www.n-tv.de/mediathek/videos/politik/Treutler-Verhalten-zeigt-Demokratie-Verstaendnis-der-AfD-article25256825.html,20240927145114,cdx,
https://www.n-tv.de/mediathek/videos/politik/Trump-hebt-gute-Beziehung-zu-Selenskyj-und-Putin-hervor-article25258219.html,20240927222502,cdx,
https://www.n-tv.de/mediathek/videos/politik/Ukraine-Ausserung-kostet-russischen-Priester-das-Amt-article25256676.html,20240928171715,cdx,
https://www.n-tv.de/mediathek/videos/politik/Ukraine-Krieg-Russische-Panzer-Kolonne-vor-Kiew-von-Ukrainischen-Einheiten-gestoppt-article23161832.html,20240927035540,cdx,
https://www.n-tv.de/mediathek/videos/politik/Ukrainer-filmen-piepende-Drohnen-Mine-der-Russen-article25204987.html,20240927073645,cdx,
https://www.n-tv.de/mediathek/videos/politik/Ukrainerin-bringt-Reporter-Kaffee-bei-Live-Schalte-article23160796.html,20240928180538,cdx,
https://www.n-tv.de/mediathek/videos/politik/Umgeruesteter-Medizin-Zug-versorgt-verwundete-Ukrainer-article25227268.html,20240927171722,cdx,
https://www.n-tv.de/mediathek/videos/politik/Video-zeigt-russische-Drohne-mit-ukrainischen-Farben-article25257011.html,20240927110553,cdx,
https://www.n-tv.de/mediathek/videos/politik/Wagenknecht-Gibt-grosse-Waehler-Wanderung-von-der-SPD-article25001536.html,20240928132053,cdx,
https://www.n-tv.de/mediathek/videos/politik/Warum-Nordkorea-jetzt-wieder-die-Atomkeule-schwingt-article25227311.html,20240927171339,cdx,
https://www.n-tv.de/mediathek/videos/politik/Wer-Kalifat-will-hat-hier-keine-Zukunft-article24907595.html,20240927162630,cdx,
https://www.n-tv.de/mediathek/videos/politik/Zwischen-Israel-und-dem-Libanon-verhaerten-die-Fronten-article25244958.html,20240927133249,cdx,
https://www.n-tv.de/mediathek/videos/ratgeber/ADAC-bietet-Fahr-Fitness-Check-fuer-Senioren-an-article24436899.html,20240927114637,cdx,
https://www.n-tv.de/mediathek/videos/ratgeber/Diese-Lebensmittel-sollte-man-in-Bioqualitaet-kaufen-article24704619.html,20240927150146,cdx,
https://www.n-tv.de/mediathek/videos/ratgeber/Erste-Hilfe-Kurse-gibt-es-auch-fuer-Haustier-Besitzer-article24879095.html,20240927122240,cdx,
https://www.n-tv.de/mediathek/videos/ratgeber/Hausmittel-oder-Chemiekeule-Was-hilft-gegen-Kalk-article24682572.html,20240927094415,cdx,
https://www.n-tv.de/mediathek/videos/ratgeber/Mit-diesen-Tipps-wird-der-Dubai-Urlaub-preiswert-article24673038.html,20240927054431,cdx,
https://www.n-tv.de/mediathek/videos/ratgeber/So-viel-teurer-sind-Gas-Strom-und-Co-als-vor-dem-Krieg-article23678336.html,20240927114944,cdx,
https://www.n-tv.de/mediathek/videos/ratgeber/Tenhagen-Das-koennen-Privat-Krankenversicherte-jetzt-tun-article25257248.html,20240927151150,cdx,
https://www.n-tv.de/mediathek/videos/ratgeber/Verbraucher-aufgepasst-Finanztip-Chefredakteur-gibt-Rat-in-der-Energiekrise-article23872162.html,20240927085404,cdx,
https://www.n-tv.de/mediathek/videos/ratgeber/Warum-Filialen-einer-Kette-unterschiedliche-Preise-haben-article25253751.html,20240927073955,cdx,
https://www.n-tv.de/mediathek/videos/ratgeber/Was-der-Nutri-Score-dem-Verbraucher-verschweigt-article24823387.html,20240927082938,cdx,
https://www.n-tv.de/mediathek/videos/ratgeber/Was-die-Biennale-in-Venedig-so-besonders-macht-article24908900.html,20240927103514,cdx,
https://www.n-tv.de/mediathek/videos/ratgeber/Wie-Cyber-Kriminelle-abgemeldete-Webshops-kapern-article25238720.html,20240927123344,cdx,
https://www.n-tv.de/mediathek/videos/ratgeber/Zwei-Sportuhren-im-Vergleich-300-Euro-Preisdifferenz-article25029579.html,20240927061842,cdx,
https://www.n-tv.de/mediathek/videos/sport/Deutschland-hat-viel-Qualitaet-mit-und-ohne-Ball-article25000810.html,20240927090425,cdx,
https://www.n-tv.de/mediathek/videos/sport/Extremsportler-springt-mit-Wingsuit-vom-Kilimandscharo-article25257760.html,20240928015920,cdx,
https://www.n-tv.de/mediathek/videos/sport/Glasner-ploetzlich-in-Rage-Hoert-mit-dem-Muell-auf--article24104753.html,20240927080309,cdx,
https://www.n-tv.de/mediathek/videos/sport/Lothar-Matthaeus-kennt-im-neuen-Klassiker-nur-einen-Favoriten-article25256393.html,20240927123103,cdx,
https://www.n-tv.de/mediathek/videos/sport/nfl/Erbarmungslose-Vikings-rollen-ueber-Texans-hinweg-article25244664.html,20240927111438,cdx,
https://www.n-tv.de/mediathek/videos/sport/nfl/Quarterback-Legende-Aaron-Rodgers-kehrt-endlich-zurueck-article25218147.html,20240927212124,cdx,
https://www.n-tv.de/mediathek/videos/sport/Paragliding-Shootingstar-hebt-mit-ntv-Reporterin-ab-article24999504.html,20240928101728,cdx,
https://www.n-tv.de/mediathek/videos/sport/Schockdiagnose-Ter-Stegen-faellt-fuer-ganze-Saison-aus-article25245548.html,20240927063725,cdx,
https://www.n-tv.de/mediathek/videos/technik/Tetris-wird-40-Jahre-alt-und-wird-immer-noch-gespielt-article24993497.html,20240928185556,cdx,
https://www.n-tv.de/mediathek/videos/technik/Wie-digitale-Zwillinge-Stadtplanung-revolutionieren-article25134878.html,20240927062951,cdx,
https://www.n-tv.de/mediathek/videos/unterhaltung/Annas-Puschi-Puschi-Stimme-haut-DSDS-Jury-am-Ende-um-article25247186.html,20240928222744,cdx,
https://www.n-tv.de/mediathek/videos/unterhaltung/Beetlejuice-feiert-grosses-Comeback-in-deutschen-Kinos-article25224620.html,20240927171139,cdx,
https://www.n-tv.de/mediathek/videos/unterhaltung/Beim-Dreh-beklaut-Raab-macht-Dieb-eine-Ansage-article25253944.html,20240927041055,cdx,
https://www.n-tv.de/mediathek/videos/unterhaltung/Bill-Kaulitz-turtelt-auf-Wiesn-wieder-mit-Marc-Eggers-article25256951.html,20240927144642,cdx,
https://www.n-tv.de/mediathek/videos/unterhaltung/Boris-Beckers-dritte-Hochzeit-steht-wohl-kurz-bevor-article25225947.html,20240927172035,cdx,
https://www.n-tv.de/mediathek/videos/unterhaltung/Film-Welt-trauert-um-Schauspiel-Ikone-Maggie-Smith-article25258746.html,20240928172502,cdx,
https://www.n-tv.de/mediathek/videos/unterhaltung/Fuer-Ewan-McGregor-strahlt-jetzt-ein-Stern-in-Hollywood-article25225741.html,20240927170802,cdx,
https://www.n-tv.de/mediathek/videos/unterhaltung/Gottschalk-Europa-verarscht-Deutschland-article24122747.html,20240927153558,cdx,
https://www.n-tv.de/mediathek/videos/unterhaltung/Kylie-Jenner-bezirzt-Pariser-Fans-mit-XXL-Ausschnitt-article25257322.html,20240927173112,cdx,
https://www.n-tv.de/mediathek/videos/unterhaltung/Lehmann-erhaelt-im-Berufungsprozess-milderes-Urteil-article25257900.html,20240927152627,cdx,
https://www.n-tv.de/mediathek/videos/unterhaltung/Let-s-Dance-Star-Patricija-Hat-sehr-sehr-weh-getan-article25248664.html,20240927005804,cdx,
https://www.n-tv.de/mediathek/videos/unterhaltung/Song-ueber-verstorbenen-Mann-ruehrt-DSDS-Jury-zu-Traenen-article25244009.html,20240927093332,cdx,
https://www.n-tv.de/mediathek/videos/unterhaltung/Stimme-wie-Dreijaehriger-Kandidat-laesst-Jury-staunen-article25243968.html,20240927085837,cdx,
https://www.n-tv.de/mediathek/videos/unterhaltung/Trotz-Partner-Lilly-Becker-ist-auf-Wiesn-in-Flirtlaune-article25257237.html,20240927212514,cdx,
https://www.n-tv.de/mediathek/videos/unterhaltung/Video-zeigt-wie-P-Diddy-seine-Ex-Freundin-schlaegt-article24951098.html,20240927034613,cdx,
https://www.n-tv.de/mediathek/videos/wirtschaft/Anlage-Experte-erklaert-naechste-Trigger-fuer-den-Markt-article25245346.html,20240927013522,cdx,
https://www.n-tv.de/mediathek/videos/wirtschaft/Commerzbank-will-feindliche-Ubernahme-durch-Unicredit-abwenden-article25222250.html,20240927162423,cdx,
https://www.n-tv.de/mediathek/videos/wirtschaft/Darauf-muessen-Anleger-bei-ETF-Sparplaenen-achten-article25257089.html,20240928084506,cdx,
https://www.n-tv.de/mediathek/videos/wirtschaft/Deutschland-nimmt-Kurs-auf-drei-Millionen-Arbeitslose-article25257403.html,20240927130935,cdx,
https://www.n-tv.de/mediathek/videos/wirtschaft/DHL-plant-Zukaeufe-Das-sollten-Anleger-wissen-article25248150.html,20240927025654,cdx,
https://www.n-tv.de/mediathek/videos/wirtschaft/Fondsmanager-BASF-geht-richtige-Schritte-article25254104.html,20240927045227,cdx,
https://www.n-tv.de/mediathek/videos/wirtschaft/Fuest-Ifo-Index-sinkt-erneut-ernste-Situation-article25248393.html,20240927064845,cdx,
https://www.n-tv.de/mediathek/videos/wirtschaft/Habeck-Schon-heute-lohnt-es-sich-E-Mobil-zu-kaufen-article25247048.html,20240927093426,cdx,
https://www.n-tv.de/mediathek/videos/wirtschaft/Marggraf-Deindustrialisierung-schwer-nachzuweisen-article24955158.html,20240927171133,cdx,
https://www.n-tv.de/mediathek/videos/wirtschaft/Schwache-BIP-Zahlen-belasten-China-und-Deutschland-article25089347.html,20240928132438,cdx,
https://www.n-tv.de/mediathek/videos/wirtschaft/Strompreise-steigen-ab-Maerz-und-April-deutlich-an-article24719454.html,20240927060638,cdx,
https://www.n-tv.de/mediathek/videos/wirtschaft/Ulrich-Reitz-Mindestlohn-macht-Produkte-teurer-article24910833.html,20240927172256,cdx,
https://www.n-tv.de/mediathek/videos/wirtschaft/Unternehmen-zittern-vor-moeglichem-Energie-Embargo-article23230844.html,20240927065838,cdx,
https://www.n-tv.de/mediathek/videos/wirtschaft/Warum-kommt-Chinas-Wirtschaft-nicht-auf-die-Beine-article25088228.html,20240927133821,cdx,
https://www.n-tv.de/mediathek/videos/wirtschaft/Wie-sich-die-SVB-in-einen-Kollaps-manoevriert-hat-article23982446.html,20240927190643,cdx,
https://www.n-tv.de/panorama/17-Jaehriger-rast-mit-Mutter-als-Beifahrerin-wieder-ueber-die-Autobahn-dieses-Mal-mit-165-km-h-article23547921.html,20240927194552,cdx,
https://www.n-tv.de/panorama/30-Jaehriger-stirbt-nach-Covid-19-Party-article21906658.html,20240928105340,cdx,
https://www.n-tv.de/panorama/Als-Journalist-in-Zeiten-des-Wahnsinns-article25256847.html,20240928085509,cdx,
https://www.n-tv.de/panorama/Arbeitslosigkeit-nicht-mehr-Hauptursache-bei-Uberschuldung-article25227254.html,20240927171613,cdx,
https://www.n-tv.de/panorama/Aussergewoehnlich-hohe-Jugendstrafe-fuer-Mord-an-Mutter-und-Bruder-article25257040.html,20240927112359,cdx,
https://www.n-tv.de/panorama/Ausstellung-Nach-Hitler-ueberrascht-und-schockiert-article25248776.html,20240928115159,cdx,
https://www.n-tv.de/panorama/Autofahrer-landet-in-Pool-article390678.html,20240927095022,cdx,
https://www.n-tv.de/panorama/Bandenkriege-erschuettern-Mexiko-nach-El-Mayo-Festnahme-article25221886.html,20240927160722,cdx,
https://www.n-tv.de/panorama/Bombendrohung-in-US-Stadt-Springfield-article25224382.html,20240927215550,cdx,
https://www.n-tv.de/panorama/Brueckenabriss-in-Dresden-vorerst-abgeschlossen-article25227843.html,20240927170655,cdx,
https://www.n-tv.de/panorama/Christian-B-steht-vor-Gericht-wegen-Vergewaltigungen-article24735440.html,20240927120145,cdx,
https://www.n-tv.de/panorama/Das-Hochwasser-geht-die-Hilfe-bleibt-article10801986.html,20240928212559,cdx,
https://www.n-tv.de/panorama/Drei-Tote-bei-Messerattacke-auf-Solinger-Stadtfest-article25179256.html,20240927103543,cdx,
https://www.n-tv.de/panorama/Drittes-Kind-stirbt-nach-Messerangriff-in-England-Taylor-Swift-voellig-geschockt-article25125006.html,20240928152042,cdx,
https://www.n-tv.de/panorama/Dublins-Wohnungskrise-koennte-sich-in-London-wiederholen-article25226155.html,20240927171001,cdx,
https://www.n-tv.de/panorama/Ein-Jahr-nach-Rettung-im-Regenwald-Sorgerechtsstreit-um-Dschungel-Kinder-noch-nicht-entschieden-article25002488.html,20240928133548,cdx,
https://www.n-tv.de/panorama/Einsturz-der-Carolabruecke-Symbol-fuer-marode-Infrastruktur-article25221981.html,20240927162004,cdx,
https://www.n-tv.de/panorama/Elbpegel-in-Sachsen-erreicht-Alarmstufe-1-article25227669.html,20240927172003,cdx,
https://www.n-tv.de/panorama/Eltern-koennten-11-Jaehrige-entfuehrt-haben-article22870935.html,20240927201201,cdx,
https://www.n-tv.de/panorama/Femen-sorgt-fuer-Furore-im-Vatikan-article13965806.html,20240927202054,cdx,
https://www.n-tv.de/panorama/Feuer-bricht-auf-Atom-U-Boot-aus-article6338346.html,20240928170908,cdx,
https://www.n-tv.de/panorama/Gisele-Pelicot-eine-Ikone-der-Frauenbewegung-nachdem-sie-von-ihrem-Ehemann-zum-sexuellen-Missbrauch-angeboten-wurde-article25252507.html,20240928162107,cdx,
https://www.n-tv.de/panorama/Griechen-wollen-Deutsche-zum-Uberwintern-anlocken-article23463573.html,20240927001950,cdx,
https://www.n-tv.de/panorama/Hauseinsturz-in-Adana-wegen-Baumaengeln-Tuerkisches-Gericht-verurteilt-Bauunternehmer-zu-865-Jahren-Haft-article25257845.html,20240927153753,cdx,
https://www.n-tv.de/panorama/Haustiere-ersetzen-in-China-zunehmend-das-Kind-article25247842.html,20240928085332,cdx,
https://www.n-tv.de/panorama/Hunderte-tote-Fische-werden-in-Tuerkei-an-Kueste-geschwemmt-article25208042.html,20240927224043,cdx,
https://www.n-tv.de/panorama/Hurrikan-Helene-hinterlaesst-Tote-und-Verwuestung-in-den-USA-article25258428.html,20240928025012,cdx,
https://www.n-tv.de/panorama/Hurrikan-Helene-verwuestet-Teile-des-Suedostens-der-USA-article25258211.html,20240927180926,cdx,
https://www.n-tv.de/panorama/Immer-mehr-Sextortion-Faelle-Meta-loescht-63-000-Facebook-Konten-wegen-sexueller-Erpressung-article25112316.html,20240927151931,cdx,
https://www.n-tv.de/panorama/In-Braunschweiger-Vergewaltigungsprozess-Ermittler-stellt-Verbindung-zwischen-Christian-B-und-Maddie-her-article24993852.html,20240927180602,cdx,
https://www.n-tv.de/panorama/In-Pakistan-gibt-s-jetzt-ein-Taxi-fuer-Transpersonen-article25223839.html,20240927162040,cdx,
https://www.n-tv.de/panorama/In-Totalan-herrscht-blanke-Wut-article20824600.html,20240928163937,cdx,
https://www.n-tv.de/panorama/Jachtbauer-erwaegt-Klage-gegen-Witwe-von-ertrunkenem-Milliardaer-article25244700.html,20240927074910,cdx,
https://www.n-tv.de/panorama/Klimaaktivistinnen-muessen-wegen-Suppenwurf-ins-Gefaengnis-article25257701.html,20240927153935,cdx,
https://www.n-tv.de/panorama/Kliniken-und-Praxen-entscheiden-kuenftig-selbst-ueber-Maskenpflicht-article24037107.html,20240927065448,cdx,
https://www.n-tv.de/panorama/Mann-stirbt-nach-Corona-Infektion-Nachbarin-verurteilt-article25224265.html,20240927183657,cdx,
https://www.n-tv.de/panorama/Mann-stirbt-nach-Fledermausbiss-article25258635.html,20240928085416,cdx,
https://www.n-tv.de/panorama/Maschine-am-Stuttgarter-Flughafen-wegen-Defekts-evakuiert-article25000997.html,20240928133738,cdx,
https://www.n-tv.de/panorama/Mindestens-66-Tote-durch-Hochwasser-in-Nepal-article25259001.html,20240928162157,cdx,
https://www.n-tv.de/panorama/Mitteleuropa-drohen-enorme-Regenmengen-article25226007.html,20240927214042,cdx,
https://www.n-tv.de/der_tag/Ab-Abend-fahren-in-ganz-Frankreich-keine-Busse-und-Strassenbahnen-mehr-article24230393.html,20240930085303,cdx,
https://www.n-tv.de/der_tag/Altester-Mann-der-Welt-feiert-Geburtstag-in-Sachsen-Anhalt-article21331046.html,20240929144203,cdx,
https://www.n-tv.de/der_tag/Barbara-Schoeneberger-darf-deutsche-ESC-Punkte-nicht-verkuenden-article24113540.html,20240930115541,cdx,
https://www.n-tv.de/der_tag/13-schlaflose-Stunden-deutscher-Aktivist-darf-nicht-nach-Hongkong-article25213446.html,20241001223355,cdx,
https://www.n-tv.de/der_tag/Bericht-Diplomaten-fliehen-auf-Jachten-aus-dem-Libanon-article25266267.html,20241002201146,cdx,
https://www.n-tv.de/der_tag/Bericht-Israel-koennte-iranische-Nuklearanlagen-angreifen-article25265680.html,20241002165049,cdx,
https://www.n-tv.de/der_tag/Berliner-Feuerwehr-muss-fuer-fehlende-Pflegekraefte-einspringen-article21538493.html,20241001145327,cdx,
https://www.n-tv.de/der_tag/Britischer-Geheimdienst-veroeffentlicht-Wehrmacht-Funksprueche-article21769610.html,20241001010128,cdx,
https://www.n-tv.de/der_tag/Coca-Cola-macht-fuenf-Standorte-in-Deutschland-dicht-article25264745.html,20241001175032,cdx,
https://www.n-tv.de/der_tag/CSU-stemmt-sich-gegen-AfD-Verbot-Kenne-niemanden-der-Antrag-unterstuetzt-article25262575.html,20241001060811,cdx,
https://www.n-tv.de/der_tag/Der-Tag-am-Dienstag-2-Oktober-2024-article25265621.html,20241002052613,cdx,
https://www.n-tv.de/der_tag/Der-Tag-am-Dienstag-der-1-Oktober-2024-article25262545.html,20241001052227,cdx,
https://www.n-tv.de/der_tag/Der-Tag-am-Montag-30-September-2024-article25260410.html,20241001000410,cdx,
https://www.n-tv.de/der_tag/Einzige-patriotische-Wahl-New-York-Times-ruft-zu-Wahl-von-Harris-auf-article25262366.html,20241001043804,cdx,
https://www.n-tv.de/der_tag/FPO-schmeisst-Ex-Chef-Strache-raus-article21457200.html,20241002102929,cdx,
https://www.n-tv.de/der_tag/Frankreich-plant-Gedenkstaette-fuer-Germanwings-Opfer-article15979846.html,20241002133143,cdx,
https://www.n-tv.de/der_tag/Freispruch-fuer-Kuenstler-nach-Graffito-mit-Soeder-in-SS-aehnlicher-Uniform-article24943658.html,20241002082742,cdx,
https://www.n-tv.de/der_tag/Gericht-stoppt-Abschiebung-von-Salafisten-Prediger-article25267097.html,20241002194152,cdx,
https://www.n-tv.de/der_tag/Gysi-haelt-endgueltigen-Untergang-der-Linken-fuer-denkbar-article25266143.html,20241002141637,cdx,
https://www.n-tv.de/der_tag/Haelfte-der-Briten-will-neue-Brexit-Abstimmung-article20551348.html,20241001165907,cdx,
https://www.n-tv.de/der_tag/Iran-feuert-Raketen-auf-Israel-article25265165.html,20241001201227,cdx,
https://www.n-tv.de/der_tag/Kinder-Gruppe-randaliert-aggressiv-in-IC-Bahnmitarbeiter-verletzt-article25084789.html,20241002021037,cdx,
https://www.n-tv.de/der_tag/Mann-mit-Kung-Fu-Tritt-in-Muenchen-getoetet-Verdaechtiger-gefasst-article25263039.html,20241001120828,cdx,
https://www.n-tv.de/der_tag/Neue-Sicherheitsrisiken-bei-Boeing-Flugzeugen-entdeckt-article25263465.html,20241001191933,cdx,
https://www.n-tv.de/der_tag/Neue-Spur-in-30-Jahre-altem-Cold-Case-Findet-die-Polizei-doch-den-Moerder-einer-US-Touristin-article25261973.html,20241002124657,cdx,
https://www.n-tv.de/der_tag/Niederlande-verurteilen-erstmals-Mann-wegen-Catcalling-article25266686.html,20241002122628,cdx,
https://www.n-tv.de/der_tag/Norwegische-Royals-kommen-zu-Maertha-Louises-umstrittener-Hochzeit-mit-Schamanen-article25183331.html,20241002123735,cdx,
https://www.n-tv.de/der_tag/Querdenken-Initiator-Ballweg-klagt-ueber-verrueckte-Verfolgung-article25266449.html,20241002210402,cdx,
https://www.n-tv.de/der_tag/Schandfleck-in-UN-Geschichte-Israel-verbietet-Guterres-Einreise-article25266584.html,20241002130515,cdx,
https://www.n-tv.de/der_tag/Schlagzeilen-am-Mittag-article25264103.html,20241001174939,cdx,
https://www.n-tv.de/der_tag/Schulbus-rollt-ohne-Fahrer-los-zwoelf-Verletzte-article24736560.html,20241001135416,cdx,
https://www.n-tv.de/der_tag/Streit-um-Sicherheitsabstand-im-Supermarkt-eskaliert-article21669448.html,20241002002440,cdx,
https://www.n-tv.de/der_tag/Taxifahrer-und-Pferde-nach-Zusammenstoss-gestorben-article25264782.html,20241001165034,cdx,
https://www.n-tv.de/der_tag/Tesla-geht-durch-Flut-in-Flammen-auf-Haus-brennt-ab-article25263376.html,20241001163859,cdx,
https://www.n-tv.de/der_tag/Traum-von-Formel-1-lebt-Floersch-kuendigt-Wechsel-zu-Top-Team-an-article24348011.html,20241002065454,cdx,
https://www.n-tv.de/der_tag/Vance-weigert-sich-Trumps-Wahlniederlage-einzugestehen-article25265623.html,20241002113016,cdx,
https://www.n-tv.de/der_tag/Vermisste-Frau-aus-Detmold-tot-unter-Terrasse-entdeckt-article25266082.html,20241002121401,cdx,
https://www.n-tv.de/der_tag/Vetternwirtschaft-Wissing-feuert-Abteilungsleiter-article24739022.html,20241001132107,cdx,
https://www.n-tv.de/der_tag/Walz-und-Vance-nehmen-Einladung-fuer-TV-Duell-an-article25161513.html,20241001022819,cdx,
https://www.n-tv.de/der_tag/Zwei-Maenner-vergewaltigen-ueber-80-Jaehrige-article24356798.html,20241001134012,cdx,
https://www.n-tv.de/der_tag/Zwei-russische-Kampfjets-auf-Ubungsflug-kollidiert-article20817046.html,20241001132230,cdx,
https://www.n-tv.de/mediathek/videos/auto/BMW-praesentiert-futuristisches-Konzept-Cabrio-Skytop-article25014228.html,20241001061915,cdx,
https://www.n-tv.de/mediathek/videos/auto/Deutsche-Elektroautos-geniessen-hohes-Kundenvertrauen-article25108576.html,20241001110513,cdx,
https://www.n-tv.de/mediathek/videos/auto/Mit-Mister-DTM-Bernd-Schneider-unterwegs-im-Renntaxi-article25246168.html,20241001053546,cdx,
https://www.n-tv.de/mediathek/videos/auto/Neuer-Golf-R-hat-kundenfreundliche-Uberraschung-an-Bord-article25055231.html,20241001042048,cdx,
https://www.n-tv.de/mediathek/videos/auto/Wer-ist-der-beste-Kraxler-article14180296.html,20241002075725,cdx,
https://www.n-tv.de/mediathek/videos/geldanlage-check/Absichern-im-Depot-kann-man-sich-immer-ueber-Kryptos-article25262077.html,20241001094727,cdx,
https://www.n-tv.de/mediathek/videos/geldanlage-check/Hier-sind-die-Erwartungen-der-Anleger-zu-hoch-article25267333.html,20241002160223,cdx,
https://www.n-tv.de/mediathek/videos/geldanlage-check/Im-MDAX-und-SDAX-ist-jetzt-wirklich-Potenzial-da-article25125620.html,20241002030845,cdx,
https://www.n-tv.de/mediathek/videos/geldanlage-check/Klares-US-Wahlergebnis-bedeutet-gruenes-Licht-fuer-Boersen-article25264538.html,20241001193952,cdx,
https://www.n-tv.de/mediathek/videos/geldanlage-check/Wahl-macht-Anlage-in-EU-nicht-unbedingt-zunichte-article25004416.html,20241001233601,cdx,
https://www.n-tv.de/mediathek/videos/panorama/500-Kilo-Bombe-explodiert-auf-Landebahn-in-Japan-article25267013.html,20241002165312,cdx,
https://www.n-tv.de/mediathek/videos/panorama/Amnesty-International-wittert-Zwangsraeumungen-in-Angkor-article24869366.html,20241002042907,cdx,
https://www.n-tv.de/mediathek/videos/panorama/Australien-laesst-10-000-Kamele-erschiessen-article21499037.html,20241002023901,cdx,
https://www.n-tv.de/mediathek/videos/panorama/Biden-verspricht-Tornado-Opfern-umfassende-Hilfen-article23003047.html,20241001152850,cdx,
https://www.n-tv.de/mediathek/videos/panorama/Boot-mit-ueber-80-Menschen-kentert-nahe-Kanareninsel-article25261903.html,20241001070547,cdx,
https://www.n-tv.de/mediathek/videos/panorama/Defekte-Sprinkleranlage-loest-Brand-in-US-Chemiewerk-aus-article25261568.html,20241001022038,cdx,
https://www.n-tv.de/mediathek/videos/panorama/Diebesbanden-kommunizieren-per-Gaunerzinken-article11909846.html,20241002121743,cdx,
https://www.n-tv.de/mediathek/videos/panorama/Dreijaehrige-Kreuzfahrt-geht-nach-langer-Reparatur-weiter-article25264128.html,20241001194646,cdx,
https://www.n-tv.de/mediathek/videos/panorama/Evakuierungzone-bleibt-unbewohnbar-article3098971.html,20241001110646,cdx,
https://www.n-tv.de/mediathek/videos/panorama/Experten-stufen-viele-Autobahnbruecken-als-bedenklich-ein-article25261465.html,20241002000050,cdx,
https://www.n-tv.de/mediathek/videos/panorama/Gasflaschen-explodieren-in-Moskauer-Luxus-Wohnanlage-article25261191.html,20241002083332,cdx,
https://www.n-tv.de/mediathek/videos/panorama/Island-Sechster-Vulkanausbruch-in-neun-Monaten-lockt-Neugierige-article25178372.html,20241001171610,cdx,
https://www.n-tv.de/mediathek/videos/panorama/Lila-Gurke-auf-der-Art-Cologne-ist-50-000-Euro-wert-article22938308.html,20241002011223,cdx,
https://www.n-tv.de/mediathek/videos/panorama/Mehrere-Menschen-sterben-bei-Waldbraenden-auf-Peloponnes-article25266406.html,20241002160859,cdx,
https://www.n-tv.de/mediathek/videos/panorama/Monsun-Regen-ueberflutet-Strassen-Nepals-article25259540.html,20241001011445,cdx,
https://www.n-tv.de/mediathek/videos/panorama/Norwegen-peilt-E-Auto-Verkaufsanteil-von-100-Prozent-an-article25262750.html,20241001200719,cdx,
https://www.n-tv.de/mediathek/videos/panorama/Papst-verteidigt-Aussagen-zur-Stellung-der-Frau-article25261460.html,20241001040652,cdx,
https://www.n-tv.de/mediathek/videos/panorama/Passagiere-schmoren-bei-50-Grad-in-Tuerkei-Flieger-article25002467.html,20241001232751,cdx,
https://www.n-tv.de/mediathek/videos/panorama/Pilot-laesst-180-Mallorca-Urlauber-in-Saarbruecken-stehen-article25178468.html,20241001164105,cdx,
https://www.n-tv.de/mediathek/videos/panorama/Ranking-Wie-viel-Arzte-Lehrer-und-Co-verdienen-article25101549.html,20241001175441,cdx,
https://www.n-tv.de/mediathek/videos/panorama/Riesen-Python-erwuergt-und-verschlingt-Frau-in-Indonesien-article25001159.html,20241002065953,cdx,
https://www.n-tv.de/mediathek/videos/panorama/Russlands-einziger-Flugzeugtraeger-brennt-article21454601.html,20241001034908,cdx,
https://www.n-tv.de/mediathek/videos/panorama/Stolzer-Prinz-Harry-besucht-in-London-kleine-Legenden-article25263313.html,20241001113328,cdx,
https://www.n-tv.de/mediathek/videos/panorama/Tesla-geht-durch-Flut-in-Flammen-auf-Haus-brennt-ab-article25263196.html,20241001181836,cdx,
https://www.n-tv.de/mediathek/videos/panorama/Tesla-Model-S-brennt-in-Tirol-komplett-aus-article20094288.html,20241002215140,cdx,
https://www.n-tv.de/mediathek/videos/panorama/Trumps-Ex-Anwalt-Giuliani-rasiert-sich-in-Restaurant-article22767065.html,20241001152010,cdx,
https://www.n-tv.de/mediathek/videos/panorama/Unzaehlige-Moehren-faerben-Wuppertaler-Strasse-orange-article25262663.html,20241001182234,cdx,
https://www.n-tv.de/mediathek/videos/panorama/Wasser-ueberflutet-Bangkoks-Norden-article4539931.html,20241002024950,cdx,
https://www.n-tv.de/mediathek/videos/panorama/Wegen-nahendem-Supertaifun-Taiwan-evakuiert-19-Seeleute-article25264151.html,20241001190200,cdx,
https://www.n-tv.de/mediathek/videos/panorama/Windhose-reisst-Zelte-von-Rock-am-Ring-Besuchern-mit-sich-article25002636.html,20241001053912,cdx,
https://www.n-tv.de/mediathek/videos/panorama/WM-in-Nordfrankreich-feiert-und-kuert-die-besten-Pommes-article25260522.html,20241001061324,cdx,
https://www.n-tv.de/mediathek/videos/panorama/Zweitgroesster-Diamant-ausgegraben-Umfang-einer-Avocado-article25178110.html,20241001155811,cdx,
https://www.n-tv.de/mediathek/videos/politik/AfD-Verbotsverfahren-koennte-Fahrt-aufnehmen-article25260694.html,20241001153915,cdx,
https://www.n-tv.de/mediathek/videos/politik/Anschlussfaehigkeit-der-AfD-ist-heute-kleiner-geworden-article24937816.html,20241001040559,cdx,
https://www.n-tv.de/mediathek/videos/politik/Auch-vor-Corona-war-nicht-alles-gut-article22615333.html,20241001210701,cdx,
https://www.n-tv.de/mediathek/videos/politik/Aufnahmen-zeigen-israelischen-Luftschlag-auf-Beirut-article25258816.html,20241001063330,cdx,
https://www.n-tv.de/mediathek/videos/politik/Bei-diesen-Themen-geht-es-zwischen-den-US-Vizes-zur-Sache-article25265742.html,20241002112926,cdx,
https://www.n-tv.de/mediathek/videos/politik/Biden-plant-Reise-in-Hurrikane-Region-Trump-schon-da-article25262670.html,20241001063704,cdx,
https://www.n-tv.de/mediathek/videos/politik/Blufarb-Lage-seit-Kriegsbeginn-noch-nie-so-kritisch-article25126628.html,20241002204700,cdx,
https://www.n-tv.de/mediathek/videos/politik/Callenius-Man-darf-die-Huthi-Miliz-nicht-unterschaetzen-article25260660.html,20241001131441,cdx,
https://www.n-tv.de/mediathek/videos/politik/Chamenei-ruft-Iraner-zur-Unterstuetzung-der-Hisbollah-auf-article25259443.html,20241001044104,cdx,
https://www.n-tv.de/mediathek/videos/politik/Chatterjee-Israelisches-Militaer-hat-Iraner-vorgefuehrt-article25266633.html,20241002143952,cdx,
https://www.n-tv.de/mediathek/videos/politik/Das-ist-der-kuenftige-Generalsekretaer-der-NATO-article25077618.html,20241001145727,cdx,
https://www.n-tv.de/mediathek/videos/politik/Das-kann-der-Marschflugkoerper-Taurus-article24755359.html,20241001010102,cdx,
https://www.n-tv.de/mediathek/videos/politik/Deutschland-sucht-150-000-fluechtige-Straftaeter-article25266439.html,20241002131340,cdx,
https://www.n-tv.de/mediathek/videos/politik/Die-AfD-verraet-und-verkauft-das-deutsche-Volk-article24901744.html,20241001114326,cdx,
https://www.n-tv.de/mediathek/videos/politik/Diese-Ziele-verfolgt-Putin-mit-Besuch-in-Tschetschenien-article25171964.html,20241001192112,cdx,
https://www.n-tv.de/mediathek/videos/politik/Dschihadistische-Kaempfer-ueberziehen-Westafrika-mit-Terror-article25252461.html,20241002032441,cdx,
https://www.n-tv.de/mediathek/videos/politik/Erstaunlich-wie-erfolgreich-AfD-in-dieser-Gruppe-war-article25003617.html,20241001233627,cdx,
https://www.n-tv.de/mediathek/videos/politik/FPO-Volkskanzler-peilt-Wahlsieg-an-und-waere-isoliert-article25258600.html,20241001063702,cdx,
https://www.n-tv.de/mediathek/videos/politik/Friedensgipfel-zeigt-politischen-Einfluss-Russlands-article25019132.html,20241001063441,cdx,
https://www.n-tv.de/mediathek/videos/politik/Gruenkohlkoenig-Pistorius-verteilt-Kamelle-in-Oldenburg-article25259447.html,20241001090226,cdx,
https://www.n-tv.de/mediathek/videos/politik/Ich-werde-als-Maertyrer-sterben-article2678271.html,20241001012219,cdx,
https://www.n-tv.de/mediathek/videos/politik/In-Vize-Debatte-kann-man-kaum-gewinnen-aber-verlieren-article25266011.html,20241002163021,cdx,
https://www.n-tv.de/mediathek/videos/politik/Iran-droht-bei-Vergeltung-mit-weiterem-Angriff-auf-Israel-article25265738.html,20241002075449,cdx,
https://www.n-tv.de/mediathek/videos/politik/Iran-feuert-in-zwei-grossen-Wellen-sehr-viele-Raketen-article25264513.html,20241001194143,cdx,
https://www.n-tv.de/mediathek/videos/politik/Iran-feuert-wohl-ueber-200-Raketen-auf-Israel-article25262672.html,20241001194453,cdx,
https://www.n-tv.de/mediathek/videos/politik/Iran-steckt-strategisch-in-fast-unaufloesbarem-Dilemma-article25265987.html,20241002123512,cdx,
https://www.n-tv.de/mediathek/videos/politik/Iran-steht-vor-einem-Dilemma-und-hat-zwei-Optionen-article25261643.html,20241001015031,cdx,
https://www.n-tv.de/mediathek/videos/politik/Iran-und-Israel-warum-aus-Freunden-Erzfeinde-wurden-article25139328.html,20241002113654,cdx,
https://www.n-tv.de/mediathek/videos/politik/Irans-Chamenei-kuendigt-harte-Bestrafung-Israels-an-article25126607.html,20241001042954,cdx,
https://www.n-tv.de/mediathek/videos/politik/Israel-bereitete-sich-19-Jahre-auf-Toetung-Nasrallahs-vor-article25261933.html,20241001095415,cdx,
https://www.n-tv.de/mediathek/videos/politik/Israel-hat-auch-im-Libanon-hochgesteckte-Ziele-article25262692.html,20241001143052,cdx,
https://www.n-tv.de/mediathek/videos/politik/Israel-rueckt-am-Boden-in-den-Libanon-vor-article25262672.html,20241001070214,cdx,
https://www.n-tv.de/mediathek/videos/politik/Israel-zeigt-Videos-von-Sprengung-eines-Hamas-Tunnels-article25260745.html,20241001030534,cdx,
https://www.n-tv.de/mediathek/videos/politik/Israelin-erzaehlt-von-Geiselnahme-durch-Hamas-Kaempfer-und-ihrer-Befreiung-article24451136.html,20241001121759,cdx,
https://www.n-tv.de/mediathek/videos/politik/Jaeger-Zurueckhaltende-Reaktion-Irans-ist-zu-verstehen-article25259433.html,20241002082629,cdx,
https://www.n-tv.de/mediathek/videos/politik/Jedes-Verteidigungssystem-kann-ueberwaeltigt-werden-article25265289.html,20241002020246,cdx,
https://www.n-tv.de/mediathek/videos/politik/Kalifornien-legt-sich-mit-Ol-Gigant-ExxonMobil-an-article25258825.html,20241002005615,cdx,
https://www.n-tv.de/mediathek/videos/politik/Kampf-in-urbanem-Terrain-ist-militaerisch-der-schwierigste-article24455030.html,20241001140911,cdx,
https://www.n-tv.de/mediathek/videos/politik/Kriewald-Russen-gehen-immer-weiter-voran-Richtung-Pokrowsk-article25171790.html,20241001014843,cdx,
https://www.n-tv.de/mediathek/videos/politik/Letzter-Block-von-Harris-Rede-war-ungewoehnlich-article25177455.html,20241001114237,cdx,
https://www.n-tv.de/mediathek/videos/politik/Libanon-feiert-Angriffe-auf-Israel-mit-Luft-Schuessen-article25262696.html,20241001224954,cdx,related
https://www.n-tv.de/mediathek/videos/politik/Libanon-feiert-Angriffe-auf-Israel-mit-Luftschuessen-article25262696.html,20241002075314,cdx,related
https://www.n-tv.de/mediathek/videos/politik/Luft-fuer-AfD-wird-duenner-article24948152.html,20241001051820,cdx,
https://www.n-tv.de/mediathek/videos/politik/Muetzenich-verteidigt-Rede-Ich-kann-es-nicht-lassen-article24814032.html,20241001172557,cdx,
https://www.n-tv.de/mediathek/videos/politik/Munz-Begnadigte-Haeftlinge-sind-grosses-Thema-in-Moskau-article24876604.html,20241001011230,cdx,
https://www.n-tv.de/mediathek/videos/politik/Netanjahu-warnt-nach-Angriff-Iran-wird-dafuer-bezahlen-article25265738.html,20241002214102,cdx,
https://www.n-tv.de/mediathek/videos/politik/Ol-Embargo-hat-Moskau-laengst-eingepreist-article23366666.html,20241002123910,cdx,
https://www.n-tv.de/mediathek/videos/politik/Oppositionelle-zuenden-Stuehle-aus-albanischem-Parlament-an-article25263545.html,20241001190427,cdx,
https://www.n-tv.de/mediathek/videos/politik/Politikwissenschaftlerin-Andrea-Roemmele-Kamala-Harris-hat-TV-Duell-gewonnen-article25219144.html,20241002064759,cdx,
https://www.n-tv.de/mediathek/videos/politik/Rattenrennen-wer-den-Auslaender-schlechter-behandelt-article25224284.html,20241001131246,cdx,
https://www.n-tv.de/mediathek/videos/politik/Rechte-FPO-gewinnt-Nationalratswahl-in-Osterreich-klar-article25260516.html,20241001130829,cdx,
https://www.n-tv.de/mediathek/videos/politik/Russen-hissen-im-Stadtzentrum-von-Wuhledar-ihre-Flagge-article25266000.html,20241002094037,cdx,
https://www.n-tv.de/mediathek/videos/politik/Russische-SU-35-jagt-gefaehrlich-nah-an-US-Jet-vorbei-article25262853.html,20241001090936,cdx,
https://www.n-tv.de/mediathek/videos/politik/Russland-attackiert-Saporischschja-mit-13-Luftschlaegen-article25259822.html,20241001090759,cdx,
https://www.n-tv.de/mediathek/videos/politik/Scholz-gelingt-Friedensschluss-Signal-gen-Russland-article23697415.html,20241001053819,cdx,
https://www.n-tv.de/mediathek/videos/politik/Sebastian-Kurz-will-ins-Parlament-zurueckkehren-article22856847.html,20241002072259,cdx,
https://www.n-tv.de/mediathek/videos/politik/Setzt-der-Iran-nun-darauf-eine-Atomwaffe-zu-entwickeln-article25261984.html,20241001030617,cdx,
https://www.n-tv.de/mediathek/videos/politik/Setzt-Russland-in-Wowtschansk-eine-Aerosolbombe-ein-article25266775.html,20241002150701,cdx,
https://www.n-tv.de/mediathek/videos/politik/Sharma-Man-muss-heftige-und-blutige-Kaempfe-erwarten-article25262696.html,20241001084948,cdx,
https://www.n-tv.de/mediathek/videos/politik/So-funktioniert-Israels-Iron-Dome-article22556618.html,20241002093128,cdx,
https://www.n-tv.de/mediathek/videos/politik/So-stark-sind-Hamas-Raketen-eigentlich-nicht-article24472413.html,20241001230953,cdx,
https://www.n-tv.de/mediathek/videos/politik/SPD-zieht-mit-AfD-gleich-Gruene-sacken-auf-Wert-von-2017-article25263665.html,20241001134244,cdx,
https://www.n-tv.de/mediathek/videos/politik/Thiele-Rutte-ist-sozusagen-Trump-Versteher-article25263458.html,20241001194612,cdx,
https://www.n-tv.de/mediathek/videos/politik/Tim-Walz-Liberaler-mit-Waffenschein-will-an-die-Macht-article25143027.html,20241001012903,cdx,
https://www.n-tv.de/mediathek/videos/politik/Trumps-Tipp-gegen-Kriminalitaet-stammt-aus-Horrorfilm-article25261255.html,20241001034315,cdx,
https://www.n-tv.de/mediathek/videos/politik/Ukraine-will-zeigen-Wir-helfen-wir-vergewaltigen-nicht-article25162261.html,20241001120047,cdx,
https://www.n-tv.de/mediathek/videos/politik/US-Praesident-sollte-dieses-Land-in-Stuecke-bomben-article25266181.html,20241002175238,cdx,
https://www.n-tv.de/mediathek/videos/politik/USA-sollen-Israel-dieses-Mal-nicht-don-t-gesagt-haben-article25265756.html,20241002063056,cdx,
https://www.n-tv.de/mediathek/videos/politik/Vance-wirkte-schlagfertiger-Walz-war-am-Anfang-nervoes-article25265764.html,20241002080652,cdx,
https://www.n-tv.de/mediathek/videos/politik/Verhandlungslage-hat-sich-fuer-Ukraine-nicht-verbessert-article25261859.html,20241001093135,cdx,
https://www.n-tv.de/mediathek/videos/politik/Was-der-einstige-Wunderflieger-F-16-heute-noch-leistet-article24129476.html,20241001033811,cdx,
https://www.n-tv.de/mediathek/videos/politik/Was-koennen-Merkel-und-Co-im-Kuestenidyll-erreichen-article22614582.html,20241001210712,cdx,
https://www.n-tv.de/mediathek/videos/politik/Was-sich-Berliner-Politiker-von-Harris-erhoffen-article25176975.html,20241001151307,cdx,
https://www.n-tv.de/mediathek/videos/politik/Was-ueber-den-mutmasslichen-Trump-Attentaeter-bekannt-ist-article25229463.html,20241001124712,cdx,
https://www.n-tv.de/mediathek/videos/politik/Westen-versucht-in-direkten-Kontakt-mit-Putin-zu-kommen-article25264386.html,20241001173805,cdx,
https://www.n-tv.de/mediathek/videos/politik/Wie-es-mit-der-Hisbollah-Armee-nach-Nasrallah-weitergeht-article25263596.html,20241001182519,cdx,
https://www.n-tv.de/mediathek/videos/politik/Wie-Litauen-fuer-deutsche-Soldaten-zur-Heimat-werden-soll-article25225525.html,20241001135248,cdx,
https://www.n-tv.de/mediathek/videos/ratgeber/Chip-Impfung-Flugzeug-so-geht-Urlaub-mit-Hund-article25061365.html,20241001230042,cdx,
https://www.n-tv.de/mediathek/videos/ratgeber/Das-ist-neu-im-Oktober-article25262665.html,20241001071712,cdx,
https://www.n-tv.de/mediathek/videos/ratgeber/Das-sind-die-Maschen-im-Online-Anlagebetrug-article25020852.html,20241001032039,cdx,
https://www.n-tv.de/mediathek/videos/ratgeber/Diese-Online-Portale-bewerten-Verbraucher-als-top-article24960754.html,20241001211944,cdx,
https://www.n-tv.de/mediathek/videos/ratgeber/Kfz-Versicherungen-werden-deutlich-teurer-Vergleichen-und-nachfragen-lohnt-sich-article25112923.html,20241001011319,cdx,
https://www.n-tv.de/mediathek/videos/ratgeber/So-gelingt-die-Bartpflege-richtig-article24980882.html,20241002030304,cdx,
https://www.n-tv.de/mediathek/videos/ratgeber/Tester-einig-Diese-TK-Pommes-sind-am-besten-article24766787.html,20241001184142,cdx,
https://www.n-tv.de/mediathek/videos/ratgeber/Was-das-BGH-Urteil-im-Diesel-Skandal-bedeutet-article24219451.html,20241002010221,cdx,
https://www.n-tv.de/mediathek/videos/ratgeber/Worauf-WGs-in-ihren-Mietvertraegen-achten-sollten-article24682575.html,20241001104109,cdx,
https://www.n-tv.de/mediathek/videos/spezial/Sechster-DRM-Lauf-Erzgebirgsrallye-Teil-2-article21371915.html,20241001001307,cdx,
https://www.n-tv.de/mediathek/videos/spezial/Siebter-DRM-Lauf-Drei-Staedte-Rallye-Teil-2-article21371908.html,20241001065808,cdx,
https://www.n-tv.de/mediathek/videos/sport/Bayer-unter-Zugzwang-BVB-mit-grossen-Personalproblemen-article18879786.html,20241001231339,cdx,
https://www.n-tv.de/mediathek/videos/sport/Er-versteht-seinen-Job-als-kaltes-Dreijahresprojekt-article19829832.html,20241001110910,cdx,
https://www.n-tv.de/mediathek/videos/sport/Frankreichs-Star-Ensemble-zaubert-gegen-Irland-article24380846.html,20241001071705,cdx,
https://www.n-tv.de/mediathek/videos/sport/Latsch-Celtic-nicht-wirklich-Champions-League-reif-article25266139.html,20241002092808,cdx,
https://www.n-tv.de/mediathek/videos/sport/nfl/Nach-Titans-Pleite-Droht-den-Dolphins-ein-Desaster-article25265226.html,20241002103816,cdx,
https://www.n-tv.de/mediathek/videos/sport/nfl/St-Brown-spielt-als-Quarterback-und-wirft-Touchdown-article25262937.html,20241001104043,cdx,
https://www.n-tv.de/mediathek/videos/sport/nfl/Travis-Kelces-Formabsturz-laesst-NFL-raetseln-article25258723.html,20241001120845,cdx,
https://www.n-tv.de/mediathek/videos/sport/nfl/Vikings-gewinnen-wilde-Touchdown-Schlacht-in-Green-Bay-article25260210.html,20241001030552,cdx,
https://www.n-tv.de/mediathek/videos/sport/Nicht-jeder-kann-Influencer-sein-jemand-muss-arbeiten-article25265162.html,20241001221752,cdx,
https://www.n-tv.de/mediathek/videos/sport/Popp-Das-Feuer-in-mir-ist-nun-fast-ausgebrannt-article25262034.html,20241001205443,cdx,
https://www.n-tv.de/mediathek/videos/unterhaltung/Das-sind-die-Highlights-von-Peter-Kloeppels-Karriere-article25177538.html,20241001124438,cdx,
https://www.n-tv.de/mediathek/videos/unterhaltung/Mann-haemmert-auf-gerade-ersteigerte-Taylor-Swift-Gitarre-article25264388.html,20241001145358,cdx,
https://www.n-tv.de/mediathek/videos/unterhaltung/RTL-Moderatorin-schwaermt-von-Dreh-mit-Peter-Zwegat-article25263078.html,20241002065301,cdx,
https://www.n-tv.de/mediathek/videos/unterhaltung/Sarah-Kern-spricht-ueber-die-Gruende-ihres-Liebes-Aus-article25263076.html,20241001105559,cdx,
https://www.n-tv.de/mediathek/videos/unterhaltung/Simone-Mecky-Ballack-will-nicht-mehr-lange-rumdoktern-article24305837.html,20241002161405,cdx,
https://www.n-tv.de/mediathek/videos/unterhaltung/Unerwarteter-Tod-Peter-Zwegat-starb-Anfang-August-article25261356.html,20241001172756,cdx,
https://www.n-tv.de/mediathek/videos/unterhaltung/Unerwarteter-Tod-Peter-Zwegat-stirbt-Anfang-August-article25261356.html,20241001094417,cdx,
https://www.n-tv.de/mediathek/videos/wetter/Es-wird-herbstlich-in-Deutschland-article21821530.html,20241002075532,cdx,
https://www.n-tv.de/mediathek/videos/wirtschaft/Auf-Platz-eins-der-reichsten-Deutschen-gibt-es-Bewegung-article24443346.html,20241001201357,cdx,
https://www.n-tv.de/mediathek/videos/wirtschaft/Auslaendische-Fachkraefte-sind-von-Thueringen-abgeschreckt-article25205953.html,20241001120558,cdx,
https://www.n-tv.de/mediathek/videos/wirtschaft/Autonome-Busse-umrunden-die-Berliner-Charite-article20356049.html,20241002133501,cdx,
https://www.n-tv.de/mediathek/videos/wirtschaft/Chinesen-werden-uns-Pistole-auf-die-Brust-setzen-article25037515.html,20241001051832,cdx,
https://www.n-tv.de/mediathek/videos/wirtschaft/Darum-fahren-Deutsche-immer-seltener-in-bunten-Autos-article25106927.html,20241001014046,cdx,
https://www.n-tv.de/mediathek/videos/wirtschaft/Deutsche-Autokonzerne-verzeichnen-deutliches-Minus-article25177163.html,20241001120722,cdx,
https://www.n-tv.de/mediathek/videos/wirtschaft/Experten-bezweifeln-Wirksamkeit-article4264881.html,20241001211024,cdx,
https://www.n-tv.de/mediathek/videos/wirtschaft/Koennen-Folgen-von-US-Hafenstreik-Deutschland-treffen-article25264456.html,20241001162108,cdx,
https://www.n-tv.de/mediathek/videos/wirtschaft/Nach-75-Jahren-im-Konzern-Reinhold-Wuerth-dankt-ab-article25266004.html,20241002172532,cdx,
https://www.n-tv.de/mediathek/videos/wirtschaft/Tausende-Hafenarbeiter-streiken-an-US-Ostkueste-article25264340.html,20241001165216,cdx,
https://www.n-tv.de/mediathek/videos/wirtschaft/Underberg-setzt-auf-Espresso-Likoer-und-Fanta-4-article25260527.html,20241001022150,cdx,
https://www.n-tv.de/mediathek/videos/wirtschaft/Unerwarteter-Rueckgang-des-BIP-Deutsche-Wirtschaft-schrumpft-im-zweiten-Quartal-leicht-article25123904.html,20241002030920,cdx,
https://www.n-tv.de/mediathek/videos/wirtschaft/Von-Lucke-Die-Atomkraft-ist-eine-Jahrtausendgefahr-article24905172.html,20241001070723,cdx,
https://www.n-tv.de/mediathek/videos/wirtschaft/Weltgroesster-Atom-Eisbrecher-startet-Arktis-Reise-article22055277.html,20241001055050,cdx,
https://www.n-tv.de/mediathek/videos/wirtschaft/Wie-funktioniert-das-Altersvorsorgedepot-article25266650.html,20241002173632,cdx,
https://www.n-tv.de/mediathek/videos/wissen/Biontech-startet-Testphase-fuer-Lungenkrebs-Impfung-article25183818.html,20241001064934,cdx,
https://www.n-tv.de/mediathek/videos/wissen/ISS-reflektiert-Polarlichter-article25210607.html,20241001030853,cdx,
https://www.n-tv.de/panorama/10-000-Euro-Strafe-fuer-Eulen-Tritt-article3199431.html,20241001034709,cdx,
https://www.n-tv.de/panorama/25-Jaehriger-muss-wegen-Rachemord-lebenslang-in-Haft-article25264116.html,20241001132334,cdx,
https://www.n-tv.de/panorama/41-Jaehrige-soll-Baby-im-Muell-entsorgt-haben-article25267236.html,20241002163704,cdx,
https://www.n-tv.de/panorama/61-Jaehriger-in-Texas-per-Giftspritze-hingerichtet-article25266168.html,20241002095116,cdx,
https://www.n-tv.de/panorama/81-Jaehrige-verpasst-Miss-Universe-Finale-knapp-article25262584.html,20241001072430,cdx,
https://www.n-tv.de/panorama/Alarmstufe-2-in-Schoena-Lawinengefahr-in-Bayern-article25228385.html,20241001124715,cdx,
https://www.n-tv.de/panorama/An-diesen-Fotospots-riskieren-Selfie-Fans-ihr-Leben-article24671095.html,20241001112334,cdx,
https://www.n-tv.de/panorama/Bahnsteig-in-Hamburg-gesperrt-Verdacht-auf-schwere-Viruserkrankung-article25267551.html,20241002163654,cdx,
https://www.n-tv.de/panorama/Behoerde-bestaetigt-Verdacht-auf-Marburg-Virus-in-Hamburg-article25267551.html,20241002210849,cdx,
https://www.n-tv.de/panorama/Bericht-legt-Missbrauch-in-SOS-Kinderdoerfern-offen-article25267622.html,20241002201235,cdx,
https://www.n-tv.de/panorama/Berliner-Musiklehrerin-weist-Vorwuerfe-zurueck-article14900426.html,20241002041857,cdx,
https://www.n-tv.de/panorama/Berliner-Pandabaerin-bringt-erneut-Zwillinge-zur-Welt-article25177750.html,20241001121933,cdx,
https://www.n-tv.de/panorama/Briten-starten-Bier-Challenge-article20180618.html,20241001194712,cdx,
https://www.n-tv.de/panorama/Caritas-verhindert-Altenpflege-Tarifvertrag-article22387308.html,20241001041116,cdx,
https://www.n-tv.de/panorama/Chinas-Jugend-gibt-auf-article24587172.html,20241001123410,cdx,
https://www.n-tv.de/panorama/Daenische-Polizei-gibt-Entwarnung-article18874326.html,20241002201652,cdx,
https://www.n-tv.de/panorama/Deutsche-nach-einem-Jahr-U-Haft-auf-Mallorca-auf-freiem-Fuss-article25188874.html,20241001152642,cdx,
https://www.n-tv.de/panorama/Deutscher-Tourist-stirbt-bei-Wanderung-auf-Kreta-article25259798.html,20241001045119,cdx,
https://www.n-tv.de/panorama/Deutschlands-beste-Schule-ist-eine-Foerderschule-in-NRW-article25266457.html,20241002120533,cdx,
https://www.n-tv.de/panorama/Die-EM-steht-vor-der-Tuer-freut-euch-article25004195.html,20241001231531,cdx,
https://www.n-tv.de/panorama/Die-schmutzigste-Stadt-der-Welt-article646202.html,20241002092704,cdx,
https://www.n-tv.de/panorama/Dutzende-Japaner-sterben-durch-Unwetter-article20518933.html,20241001151322,cdx,
https://www.n-tv.de/panorama/Erdbeben-und-Taifune-in-Asien-article456698.html,20241001111339,cdx,
https://www.n-tv.de/panorama/Erdrutsche-in-Japan-fordern-noch-mehr-Tote-article13451066.html,20241001183315,cdx,
https://www.n-tv.de/panorama/Erstes-Urteil-wegen-oeffentlicher-Belaestigung-in-den-Niederlanden-article25266611.html,20241002142625,cdx,
https://www.n-tv.de/panorama/Explosion-auf-Landebahn-legt-Flughafen-in-Japan-lahm-article25266288.html,20241002111054,cdx,
https://www.n-tv.de/panorama/Fat-Bear-Wahl-in-Alaska-Wer-siegt-als-dickster-Braunbaer-article25264547.html,20241002102527,cdx,
https://www.n-tv.de/panorama/Folienballon-verursacht-S-Bahn-Chaos-zur-Wiesn-article25260791.html,20241001020745,cdx,
https://www.n-tv.de/panorama/Frau-bleibt-in-Altkleidercontainer-stecken-und-stirbt-article25002487.html,20241001211409,cdx,
https://www.n-tv.de/panorama/Gefaehrlicher-Sadist-Lange-Haft-fuer-Christian-B-gefordert-article25267215.html,20241002201143,cdx,
https://www.n-tv.de/panorama/Gericht-Kein-Schmerzensgeld-bei-illegalen-Boellern-article25047800.html,20241001073039,cdx,
https://www.n-tv.de/panorama/Goettliche-Eingebung-Mann-gesteht-Messerangriff-auf-Kind-article25267567.html,20241002175027,cdx,
https://www.n-tv.de/panorama/Goldgraeberstadt-Kamituga-wird-zum-Epizentrum-der-Mpox-Epidemie-article25263236.html,20241002085623,cdx,
https://www.n-tv.de/panorama/Hagelsturm-zerstoert-Nase-von-oesterreichischem-A320-article25002911.html,20241001211306,cdx,
https://www.n-tv.de/panorama/Hamburger-Behoerde-bestaetigt-Verdacht-auf-Marburg-Virus-article25267551.html,20241002192437,cdx,
https://www.n-tv.de/panorama/Hunderte-Todesopfer-nach-Hurrikan-Helene-befuerchtet-article25264564.html,20241001145258,cdx,
https://www.n-tv.de/panorama/Hurrikan-Helene-hinterlaesst-in-den-USA-mindestens-93-Tote-article25260430.html,20241001020635,cdx,
https://www.n-tv.de/panorama/Hurrikan-in-den-USA-600-Tote-durch-Helene-befuerchtet-article25262383.html,20241001040734,cdx,
https://www.n-tv.de/panorama/Hurrikan-USA-600-Tote-durch-Helene-befuerchtet-article25262383.html,20241001020435,cdx,
https://www.n-tv.de/panorama/Internet-wird-durch-KI-fuer-Kinder-gefaehrlicher-article25188866.html,20241001154945,cdx,
https://www.n-tv.de/panorama/Ist-Flumo-eine-Schiege-oder-nur-ein-Schaf-article25262764.html,20241001083110,cdx,
https://www.n-tv.de/panorama/Jogger-totgefahren-Polizei-nimmt-Ehefrau-fest-article25261892.html,20241001021323,cdx,
https://www.n-tv.de/panorama/Kellerfund-erweist-sich-als-echter-Picasso-article25263202.html,20241001102553,cdx,
https://www.n-tv.de/panorama/Kind-faellt-von-Seebruecke-Mutter-erhaelt-kein-Schmerzensgeld-article25261623.html,20241001082249,cdx,
https://www.n-tv.de/panorama/Kind-zerstoert-3500-Jahre-altes-Gefaess-in-Israel-article25188187.html,20241001131604,cdx,
https://www.n-tv.de/panorama/Kreuzfahrtschiff-AIDA-Blu-versorgt-Gefluechtete-article24438242.html,20241002001356,cdx,
https://www.n-tv.de/panorama/Leiche-der-Tochter-von-Millionaer-Mike-Lynch-entdeckt-article25178032.html,20241001125028,cdx,
https://www.n-tv.de/panorama/Mann-sticht-auf-Kleinkinder-ein-Betreuerin-wird-zur-Heldin-article25265164.html,20241001200742,cdx,
https://www.n-tv.de/panorama/Mehr-Amerikaner-lassen-sich-sterilisieren-article24870301.html,20241001092904,cdx,
https://www.n-tv.de/panorama/Mehrheit-verteidigt-das-Rauchen-zu-Hause-article11032521.html,20241001161443,cdx,
https://www.n-tv.de/panorama/Mexikos-Polizei-rettet-4100-Menschen-nach-Kartellgewalt-article25002809.html,20241002155807,cdx,
https://www.n-tv.de/panorama/Missbrauchsfall-in-Frankreich-koennte-zum-Mordprozess-werden-article25264614.html,20241001163555,cdx,
https://www.n-tv.de/der_tag/Causa-Dornau-AfD-begruesst-Ermittlungen-zu-Zwiebelfarm-in-Belarus-article25275546.html,20241008214248,cdx,
https://www.n-tv.de/der_tag/Der-Tag-am-7-Oktober-article25273362.html,20241007055144,cdx,
https://www.n-tv.de/der_tag/Der-Tag-am-Dienstag-8-Oktober-2024-article25275883.html,20241008044718,cdx,
https://www.n-tv.de/der_tag/Der-Tag-am-Freitag-7-Juni-2024-article24996138.html,20241007000441,cdx,
https://www.n-tv.de/der_tag/Der-Tag-am-Montag-den-7-Oktober-2024-article25273362.html,20241007123638,cdx,
https://www.n-tv.de/der_tag/Der-Tag-auf-ntv-de-am-Mittwoch-21-August-2024-article25171542.html,20241007063127,cdx,
https://www.n-tv.de/der_tag/Israelische-Siedler-beobachten-Baerbock-mit-Drohne-article24646551.html,20241008210639,cdx,
https://www.n-tv.de/der_tag/Mehr-Rentner-denn-je-auf-Sozialhilfe-angewiesen-article25276748.html,20241008212312,cdx,
https://www.n-tv.de/der_tag/Musk-traeumt-von-Mars-Reisen-fuer-jedermann-article25245610.html,20241008023927,cdx,
https://www.n-tv.de/der_tag/Nach-Pistorius-Auch-Finanzminister-Lindner-positiv-auf-Corona-getestet-article24405612.html,20241008083848,cdx,
https://www.n-tv.de/der_tag/Schueler-greift-Lehrerin-waehrend-Unterricht-mit-Messer-an-article24970573.html,20241007231359,cdx,
https://www.n-tv.de/der_tag/Tausende-Olivenbaeume-auf-Kreta-verbrannt-article23473450.html,20241008100737,cdx,
https://www.n-tv.de/der_tag/Trump-Ich-koennte-in-Israel-kandidieren-article25275439.html,20241007193740,cdx,
https://www.n-tv.de/der_tag/US-Kuestenwache-zeigt-Aufnahmen-des-Titan-Wracks-article25236728.html,20241008220741,cdx,
https://www.n-tv.de/der_tag/Verdaechtige-Drohnen-ueberfliegen-Truppenuebungsplatz-article23625488.html,20241007182052,cdx,
https://www.n-tv.de/der_tag/Wer-soll-Kanzlerkandidat-der-Union-werden-article25208815.html,20241008022819,cdx,
https://www.n-tv.de/der_tag/Wiederholte-Woerter-offenbaren-Trumps-sublime-Botschaft-article24981777.html,20241008012757,cdx,
https://www.n-tv.de/der_tag/Zugteil-loest-sich-und-wird-mit-Fahrgaesten-an-Bahnhof-vergessen-article24620137.html,20241008032233,cdx,
https://www.n-tv.de/mediathek/videos/auto/E-Autos-VW-ID-7-gegen-Chinesen-wer-ist-wirklich-besser-article25275284.html,20241008102525,cdx,
https://www.n-tv.de/mediathek/videos/auto/Gibt-es-bald-320-neue-Autokennzeichen-article25276036.html,20241008193429,cdx,
https://www.n-tv.de/mediathek/videos/auto/Porsche-911-Hybrid-kann-er-die-Kritiker-ueberzeugen-article25246269.html,20241007203259,cdx,
https://www.n-tv.de/mediathek/videos/auto/Wie-die-Deutschen-ihre-Autos-nennen-article25271378.html,20241007132815,cdx,
https://www.n-tv.de/mediathek/videos/geldanlage-check/Fokussierung-allein-auf-E-Mobilitaet-war-ein-Baerendienst-article25270519.html,20241007120319,cdx,
https://www.n-tv.de/mediathek/videos/panorama/Aggressives-Vogel-Paar-attackiert-Fussgaenger-in-Montreal-article23479922.html,20241007184951,cdx,
https://www.n-tv.de/mediathek/videos/panorama/Boot-mit-700-Passagieren-kentert-Hunderte-vermisst-article25269816.html,20241007094247,cdx,
https://www.n-tv.de/mediathek/videos/panorama/Christian-B-verlaesst-Gericht-nicht-als-freier-Mann-article25276644.html,20241008133849,cdx,
https://www.n-tv.de/mediathek/videos/panorama/Crash-stoppt-unkontrolliert-beschleunigenden-SUV-article25270218.html,20241007093827,cdx,
https://www.n-tv.de/mediathek/videos/panorama/Das-ging-in-Sekunden-article22691506.html,20241008014948,cdx,
https://www.n-tv.de/mediathek/videos/panorama/Die-Kinder-aus-Korntal-brechen-Schweigen-ueber-Missbrauch-article25267655.html,20241007092114,cdx,
https://www.n-tv.de/mediathek/videos/panorama/E-Roller-geht-mitten-in-der-Fahrt-in-Flammen-auf-article25277103.html,20241008142618,cdx,
https://www.n-tv.de/mediathek/videos/panorama/Ein-Sessel-ein-Airbag-und-zu-viel-Langeweile-article20545715.html,20241008124619,cdx,
https://www.n-tv.de/mediathek/videos/panorama/Erdrutsch-zerstoert-Autobahnbruecke-in-Italien-article21415280.html,20241007125344,cdx,
https://www.n-tv.de/mediathek/videos/panorama/Flugzeug-faengt-bei-harter-Landung-in-Las-Vegas-Feuer-article25273729.html,20241007091334,cdx,
https://www.n-tv.de/mediathek/videos/panorama/Foerster-Muessen-beim-Holzeinschlag-auf-Bremse-treten-article25276810.html,20241008223943,cdx,
https://www.n-tv.de/mediathek/videos/panorama/Gartenspottdrossel-lockt-Hunderte-Vogelfans-ins-Rheinland-article25265740.html,20241007063115,cdx,
https://www.n-tv.de/mediathek/videos/panorama/Helgoland-Faehre-treibt-Stunden-steuerlos-auf-der-Nordsee-article25273462.html,20241007091042,cdx,
https://www.n-tv.de/mediathek/videos/panorama/Im-KI-Supermarkt-werden-Kunden-zu-Strichmaennchen-article25268063.html,20241007021235,cdx,
https://www.n-tv.de/mediathek/videos/panorama/Im-kleinen-Fluss-Alb-hoffen-Schuerfer-auf-Goldflitter-article25262661.html,20241007075733,cdx,
https://www.n-tv.de/mediathek/videos/panorama/Krankschreibungen-erreichen-historischen-Hoechststand-article25277134.html,20241008143437,cdx,
https://www.n-tv.de/mediathek/videos/panorama/Kultiger-U-Bahn-Ansager-ist-das-Gesicht-der-Wiesn-article25271380.html,20241007103759,cdx,
https://www.n-tv.de/mediathek/videos/panorama/Lindner-muss-an-der-Einnahmensschraube-drehen-article23517260.html,20241007121237,cdx,
https://www.n-tv.de/mediathek/videos/panorama/Mann-schlaegt-Schwarzbaer-mit-seiner-Muetze-in-die-Flucht-article25267260.html,20241007095230,cdx,
https://www.n-tv.de/mediathek/videos/panorama/Mega-Warteschlange-am-Muenchener-Airport-sorgt-fuer-Chaos-article25269293.html,20241007094606,cdx,
https://www.n-tv.de/mediathek/videos/panorama/Mutter-von-getoeteter-Shani-Louk-erzaehlt-von-ihrem-Schmerz-article25274432.html,20241007172105,cdx,
https://www.n-tv.de/mediathek/videos/panorama/Pariser-Plastikmuell-wird-zu-Olympia-Sitzen-und-Podesten-article25130939.html,20241007134933,cdx,
https://www.n-tv.de/mediathek/videos/panorama/Parkanbieter-Kunde-staunt-nach-Urlaub-ueber-Tachostand-article25271397.html,20241007093728,cdx,
https://www.n-tv.de/mediathek/videos/panorama/Passanten-machen-Jagd-auf-Falschparker-article25271388.html,20241007003712,cdx,
https://www.n-tv.de/mediathek/videos/panorama/Poledance-Dreier-geht-krachend-schief-article24409223.html,20241007234748,cdx,
https://www.n-tv.de/mediathek/videos/panorama/Polizei-gelingt-Schlag-gegen-Kinderpornoring-im-Darknet-article25277572.html,20241008165417,cdx,
https://www.n-tv.de/mediathek/videos/panorama/Riesiges-Feuer-frisst-sich-durch-Einkaufszentrum-article24938300.html,20241007134850,cdx,
https://www.n-tv.de/mediathek/videos/panorama/Schiff-rammt-Wassertaxi-in-Rotterdam-article23480728.html,20241007181014,cdx,
https://www.n-tv.de/mediathek/videos/panorama/Schlammlawine-in-China-begraebt-mehrere-Autos-unter-sich-article23477025.html,20241007155731,cdx,
https://www.n-tv.de/mediathek/videos/panorama/Sollten-fuer-SUV-in-Deutschland-hoehere-Parktarife-gelten-article25265744.html,20241007095708,cdx,
https://www.n-tv.de/mediathek/videos/panorama/Sturzflut-verwuestet-spanische-Kuestenregion-article22780868.html,20241008055709,cdx,
https://www.n-tv.de/mediathek/videos/panorama/Uberwachungskamera-filmt-Hausexplosion-in-Schottland-article25276503.html,20241008141041,cdx,
https://www.n-tv.de/mediathek/videos/panorama/Vorher-Nachher-Fotos-zeigen-Ausmass-von-Hurrikan-Helene-article25270474.html,20241007093042,cdx,
https://www.n-tv.de/mediathek/videos/panorama/Wie-Bierbrauen-weniger-klimaschaedlich-werden-soll-article25267659.html,20241007110158,cdx,
https://www.n-tv.de/mediathek/videos/panorama/Wie-hoch-ist-die-Ansteckungsgefahr-mit-dem-Marburg-Virus-article25268045.html,20241007101533,cdx,
https://www.n-tv.de/mediathek/videos/panorama/Wiesn-endet-im-Vorjahresvergleich-mit-positiver-Bilanz-article25273460.html,20241007102313,cdx,
https://www.n-tv.de/mediathek/videos/panorama/Youtuber-crasht-200-000-Dollar-Auto-waehrend-Livestream-article25274444.html,20241007222355,cdx,
https://www.n-tv.de/mediathek/videos/politik/Abschiebe-Anweisung-fuer-Bundespolizei-Hin-und-Hergeschiebe-zwischen-Zustaendigkeiten-muss-man-angehen-article25174682.html,20241007140207,cdx,
https://www.n-tv.de/mediathek/videos/politik/AfD-Kandidat-verharmlost-SS-Nicht-nur-Kriminelle-article24957973.html,20241007121031,cdx,
https://www.n-tv.de/mediathek/videos/politik/Ampel-Trio-schiebt-sich-wieder-hauchzart-vor-Union-article25140296.html,20241007050313,cdx,
https://www.n-tv.de/mediathek/videos/politik/Autobahnsperrung-fuer-Klima-Aktivisten-fuehrt-zu-Unfall-article25189602.html,20241007161941,cdx,
https://www.n-tv.de/mediathek/videos/politik/Bei-Protesten-gegen-Regierung-fliegen-Molotowcocktails-article25277250.html,20241008221604,cdx,
https://www.n-tv.de/mediathek/videos/politik/Biden-Israel-muss-viel-vorsichtiger-sein-article25271367.html,20241007115303,cdx,
https://www.n-tv.de/mediathek/videos/politik/Blufarb-Israelis-sind-im-Trauma-nicht-im-Post-Trauma-article25274369.html,20241007163931,cdx,
https://www.n-tv.de/mediathek/videos/politik/Brasilianische-Transpolitikerin-trotzt-700-Morddrohungen-article25271647.html,20241007021430,cdx,
https://www.n-tv.de/mediathek/videos/politik/Callenius-Israel-bestaetigt-Tod-einer-weiteren-Geisel-article25273950.html,20241007131940,cdx,
https://www.n-tv.de/mediathek/videos/politik/Callenius-Moeglicher-Nasrallah-Nachfolger-wohl-getoetet-article25269316.html,20241007100031,cdx,
https://www.n-tv.de/mediathek/videos/politik/CDU-bleiben-nach-NRW-Sieg-wenig-Optionen-article23334162.html,20241008122324,cdx,
https://www.n-tv.de/mediathek/videos/politik/Chamenei-wird-aus-Angst-vor-Anschlag-staerker-bewacht-article25267983.html,20241007095823,cdx,
https://www.n-tv.de/mediathek/videos/politik/Deutschland-gedenkt-der-Opfer-des-Hamas-Terrors-article25275622.html,20241008013439,cdx,
https://www.n-tv.de/mediathek/videos/politik/Diese-US-Demokraten-koennten-noch-kandidieren-article25088911.html,20241007035311,cdx,
https://www.n-tv.de/mediathek/videos/politik/Drohne-filmt-Russen-bei-Exekution-von-Kriegsgefangenen-article25275138.html,20241007202122,cdx,
https://www.n-tv.de/mediathek/videos/politik/Es-geht-jetzt-um-Kevin-und-seine-Gesundheit-article25274960.html,20241007183210,cdx,
https://www.n-tv.de/mediathek/videos/politik/Etwas-Gefaehrliches-geschieht-gerade-in-Amerika-article24432339.html,20241007110216,cdx,
https://www.n-tv.de/mediathek/videos/politik/FDP-kaempft-ums-politische-Uberleben-Gruene-legen-zu-article25277518.html,20241008192139,cdx,
https://www.n-tv.de/mediathek/videos/politik/Fliege-unterbricht-Trumps-Luegen-ueber-Deutschland-article25274303.html,20241007144603,cdx,
https://www.n-tv.de/mediathek/videos/politik/Frankreich-steht-nach-Wahl-vor-turbulenten-Wochen-article25070338.html,20241007044440,cdx,
https://www.n-tv.de/mediathek/videos/politik/Fuer-die-Israelis-ist-es-ein-Kampf-um-die-Existenz-article25272842.html,20241007093125,cdx,
https://www.n-tv.de/mediathek/videos/politik/Gewaltige-Explosionen-Israel-greift-erneut-Beirut-an-article25269291.html,20241007093957,cdx,related
https://www.n-tv.de/mediathek/videos/politik/Habeck-erobert-Spitzenplatz-bei-Politiker-Ranking-article23488894.html,20241007093202,cdx,
https://www.n-tv.de/mediathek/videos/politik/Habeck-spricht-Firmen-trotz-Wirtschaftsflaute-Mut-zu-article25274434.html,20241008014452,cdx,
https://www.n-tv.de/mediathek/videos/politik/Habeck-verteidigt-Anschubpraemie-fuer-Langzeitarbeitslose-article25274418.html,20241008021309,cdx,
https://www.n-tv.de/mediathek/videos/politik/Hisbollah-fuehrt-Wucht-israelischer-Angriffe-vor-article25271371.html,20241007094251,cdx,related
https://www.n-tv.de/mediathek/videos/politik/Hisbollah-Hamas-Huthi-Israels-Mehrfrontenkrieg-article25274416.html,20241007231702,cdx,
https://www.n-tv.de/mediathek/videos/politik/Hisbollah-legt-Journalisten-mehr-Beschraenkungen-auf-article25271417.html,20241007113136,cdx,
https://www.n-tv.de/mediathek/videos/politik/Huthi-Video-soll-Angriff-auf-britischen-Olfrachter-zeigen-article25269524.html,20241007094606,cdx,
https://www.n-tv.de/mediathek/videos/politik/Im-brennenden-Treibstofflager-in-Rostow-gibt-es-mehrere-Explosionen-article25189885.html,20241007151709,cdx,
https://www.n-tv.de/mediathek/videos/politik/In-Berlin-eskalieren-propalaestinensische-Demonstrationen-article25276032.html,20241008100949,cdx,
https://www.n-tv.de/mediathek/videos/politik/In-Berlin-werden-schon-Kinder-instrumentalisiert-article25272332.html,20241007021324,cdx,
https://www.n-tv.de/mediathek/videos/politik/Invasion-ist-Einschnitt-fuer-die-naechsten-Jahrzehnte-article23333356.html,20241008101454,cdx,
https://www.n-tv.de/mediathek/videos/politik/Iron-Dome-so-funktioniert-Israels-Raketenabwehr-article24453650.html,20241008110128,cdx,
https://www.n-tv.de/mediathek/videos/politik/Israel-erinnert-am-Jahrestag-an-die-Opfer-des-Terrorangriffs-article25273469.html,20241007091326,cdx,
https://www.n-tv.de/mediathek/videos/politik/Israel-greift-Beirut-und-Gaza-an-Hisbollah-feuert-Raketen-article25276030.html,20241008091013,cdx,
https://www.n-tv.de/mediathek/videos/politik/Israel-greift-Hamas-Zentrale-in-Moschee-an-Tote-in-Gaza-article25272317.html,20241007104932,cdx,
https://www.n-tv.de/mediathek/videos/politik/Israel-Iran-Konflikt-ist-Munition-fuer-Trump-Wahlkampf-article25271490.html,20241007035223,cdx,
https://www.n-tv.de/mediathek/videos/politik/Israelis-filmen-Inneres-von-Hisbollah-Tunnel-im-Libanon-article25274247.html,20241007133824,cdx,
https://www.n-tv.de/mediathek/videos/politik/Jesidin-wird-nach-zehn-Jahren-Martyrium-gerettet-article25271357.html,20241007094350,cdx,
https://www.n-tv.de/mediathek/videos/politik/Karlsruhe-will-Pflegeversicherung-anpassen-lassen-article23357089.html,20241007115728,cdx,
https://www.n-tv.de/mediathek/videos/politik/Kreml-bestaerkt-darin-dass-Donbass-Eroberung-moeglich-ist-article25267999.html,20241007100036,cdx,
https://www.n-tv.de/mediathek/videos/politik/Kritik-an-Netanjahu-wird-immer-lauter-geaeussert-article25272325.html,20241007091729,cdx,
https://www.n-tv.de/mediathek/videos/politik/Kuehnerts-Talent-ist-eine-Seltenheit-in-Deutschland-article25274990.html,20241007160619,cdx,
https://www.n-tv.de/mediathek/videos/politik/Kursk-Offensive-soll-Russland-verhandlungsbereit-machen-article25273668.html,20241007095053,cdx,
https://www.n-tv.de/mediathek/videos/politik/Lauterbachs-Reformentwurf-ist-vertane-Chance-article24942313.html,20241007130158,cdx,
https://www.n-tv.de/mediathek/videos/politik/Libanesen-fluechten-auf-Luxusjachten-aus-der-Heimat-article25270277.html,20241007094714,cdx,
https://www.n-tv.de/mediathek/videos/politik/Mal-ehrlich-Zynischer-geht-es-nicht-article25270988.html,20241007094323,cdx,
https://www.n-tv.de/mediathek/videos/politik/Manchmal-ist-Kritik-an-Israel-viel-mehr-Solidaritaet-article25274753.html,20241008101146,cdx,
https://www.n-tv.de/mediathek/videos/politik/Manchmal-ist-Kritik-an-Israel-viel-mehr-Solidatitaet-article25274753.html,20241007202049,cdx,
https://www.n-tv.de/mediathek/videos/politik/Mann-schiesst-an-Busbahnhof-um-sich-und-toetet-eine-Frau-article25274321.html,20241007133334,cdx,
https://www.n-tv.de/mediathek/videos/politik/Mich-betruebt-der-Mischmasch-an-Antisemitismus-article25274992.html,20241007202427,cdx,
https://www.n-tv.de/mediathek/videos/politik/Militaerexperten-vermuten-elegante-Vergeltung-gegen-Iran-article25276110.html,20241008171405,cdx,
https://www.n-tv.de/mediathek/videos/politik/Monheim-verhebt-sich-an-Jachthafen-und-Turnhalle-article25259449.html,20241007092053,cdx,
https://www.n-tv.de/mediathek/videos/politik/Moria-Feuer-war-wohl-Reaktion-auf-Corona-Quarantaene-article22026469.html,20241008044341,cdx,
https://www.n-tv.de/mediathek/videos/politik/Munz-Putin-will-zeigen-dass-sich-der-Krieg-lohnt-article25269568.html,20241007095703,cdx,
https://www.n-tv.de/mediathek/videos/politik/Nutzt-Israel-den-7-Oktober-fuer-Vergeltungsangriff-article25271294.html,20241007065340,cdx,
https://www.n-tv.de/mediathek/videos/politik/Oberst-Reisner-Wuhledar-zeigt-das-Dilemma-der-Ukraine-article25275065.html,20241007184247,cdx,
https://www.n-tv.de/mediathek/videos/politik/Ohne-Scholz-waeren-wir-aus-Keller-nicht-rausgekommen-article23333786.html,20241008050829,cdx,
https://www.n-tv.de/mediathek/videos/politik/Politische-Landschaft-hat-sich-ueber-Nacht-veraendert-article25197662.html,20241008024503,cdx,
https://www.n-tv.de/mediathek/videos/politik/Politischer-Gefangener-spricht-ueber-Zwiebelfarm-von-AfD-Mann-article25267653.html,20241007091133,cdx,
https://www.n-tv.de/mediathek/videos/politik/Polizei-loest-Pro-Palaestina-Demo-in-Berlin-auf-article25272076.html,20241007062757,cdx,
https://www.n-tv.de/mediathek/videos/politik/Riesiges-Feuer-wuetet-in-russischem-Treibstoffdepot-article25270234.html,20241007103940,cdx,
https://www.n-tv.de/mediathek/videos/politik/Russische-Truppen-ruecken-in-Donezk-Region-weiter-vor-article25269350.html,20241007094358,cdx,
https://www.n-tv.de/mediathek/videos/politik/Sahebi-Existenz-iranischen-Regimes-erstmals-gefaehrdet-article25267490.html,20241007100255,cdx,
https://www.n-tv.de/mediathek/videos/politik/Scholz-Werden-blinden-Israel-Hass-niemals-hinnehmen-article25272076.html,20241007021706,cdx,
https://www.n-tv.de/mediathek/videos/politik/Schuster-Fuer-Juden-besteht-Gefahr-fuer-Leib-und-Leben-article25272519.html,20241007093927,cdx,
https://www.n-tv.de/mediathek/videos/politik/Selenskyj-graetscht-Trump-schlagfertig-dazwischen-article25258596.html,20241007104934,cdx,
https://www.n-tv.de/mediathek/videos/politik/So-koennte-Israel-die-iranischen-Atomanlagen-zerstoeren-article25268031.html,20241007102628,cdx,
https://www.n-tv.de/mediathek/videos/politik/Trump-kehrt-fuer-Wahlkampf-Event-an-Anschlagsort-zurueck-article25271384.html,20241007095712,cdx,
https://www.n-tv.de/mediathek/videos/politik/Trump-tritt-in-Butler-hinter-Panzerglas-auf-article25272309.html,20241007114404,cdx,
https://www.n-tv.de/mediathek/videos/politik/Trump-US-Praesident-sollte-dieses-Land-in-Stuecke-bomben-article25266181.html,20241007093637,cdx,
https://www.n-tv.de/mediathek/videos/politik/Trump-verschaerft-seine-migrantenfeindliche-Rhetorik-article25276282.html,20241008144114,cdx,
https://www.n-tv.de/mediathek/videos/politik/Ukraine-Anschlag-zerstoert-FSB-Zentrale-in-Nowosibirsk-article25269957.html,20241007094221,cdx,
https://www.n-tv.de/mediathek/videos/politik/Ukraine-fordert-Unterstuetzung-wie-Israel-bei-Iran-Angriff-article25268047.html,20241007093726,cdx,
https://www.n-tv.de/mediathek/videos/politik/Ukraine-veroeffentlicht-Video-von-Autobombenexplosion-article25271365.html,20241007100333,cdx,
https://www.n-tv.de/mediathek/videos/politik/US-Studenten-blockieren-Eingang-historischer-Uni-Halle-article24911306.html,20241007073530,cdx,
https://www.n-tv.de/mediathek/videos/politik/USA-warnen-Israel-vor-Luftschlaegen-gegen-Irans-Atomanlagen-article25268216.html,20241007095449,cdx,
https://www.n-tv.de/mediathek/videos/politik/Video-soll-russischen-Phosphor-Angriff-zeigen-article23334153.html,20241008010058,cdx,
https://www.n-tv.de/mediathek/videos/politik/Videos-von-Geisel-Befreiung-zeigen-heftige-Gefechte-article25005515.html,20241007025519,cdx,
https://www.n-tv.de/mediathek/videos/politik/Videos-zeigen-brennendes-Ollager-auf-der-Krim-article25273984.html,20241007141442,cdx,
https://www.n-tv.de/mediathek/videos/politik/Viele-Muslime-wiesen-auf-radikale-Plattformen-hin-article24909891.html,20241007201056,cdx,
https://www.n-tv.de/mediathek/videos/politik/Vorher-Nachher-Bilder-zeigen-Zerstoerung-von-Gaza-article25276973.html,20241008142146,cdx,
https://www.n-tv.de/mediathek/videos/politik/Waere-Trump-Praesident-wuerde-Putin-jetzt-in-Kiew-sitzen-article25276812.html,20241008114709,cdx,
https://www.n-tv.de/mediathek/videos/politik/Wahlkampf-war-ein-echter-Rohrkrepierer-article6250916.html,20241007134002,cdx,
https://www.n-tv.de/mediathek/videos/politik/Was-erhofft-sich-die-Ukraine-von-Wiederaufbaukonferenz-article25005278.html,20241007025530,cdx,
https://www.n-tv.de/mediathek/videos/politik/Was-fuer-den-Buerohund-im-Bundestag-sprechen-wuerde-article25268325.html,20241007065506,cdx,
https://www.n-tv.de/mediathek/videos/politik/Welche-Rolle-die-Tuerkei-beim-Deal-mit-Russland-spielt-article25133035.html,20241008215920,cdx,
https://www.n-tv.de/mediathek/videos/politik/Wie-Chefs-Jobs-fuer-Mitarbeitende-attraktiv-machen-article25277144.html,20241008220619,cdx,
https://www.n-tv.de/mediathek/videos/politik/Wie-Chinas-Einflussagenten-Deutschland-infiltrieren-article25270609.html,20241007095444,cdx,
https://www.n-tv.de/mediathek/videos/politik/Wie-israelische-Siedlergewalt-Palaestinenser-veraengstigt-article25226262.html,20241007073423,cdx,
https://www.n-tv.de/mediathek/videos/politik/Wir-haben-nicht-das-Blaue-vom-Himmel-versprochen-article23333677.html,20241008015206,cdx,
https://www.n-tv.de/mediathek/videos/politik/Wuhledar-ist-militaerisch-nicht-mehr-zentral-wichtig-article25267189.html,20241007094644,cdx,
https://www.n-tv.de/mediathek/videos/ratgeber/Das-sind-die-beliebtesten-Fotoanbieter-article25268155.html,20241007103937,cdx,
https://www.n-tv.de/mediathek/videos/ratgeber/Fuer-wen-rechnet-sich-ein-Balkonkraftwerk-article25270263.html,20241007023208,cdx,
https://www.n-tv.de/mediathek/videos/ratgeber/Identitaetsraub-per-Post-Quishing-Betruegern-auf-der-Spur-article25276295.html,20241008210631,cdx,
https://www.n-tv.de/mediathek/videos/ratgeber/KFZ-Zulassung-Gang-zum-Amt-ab-sofort-ueberfluessig-article24365232.html,20241007211915,cdx,
https://www.n-tv.de/mediathek/videos/ratgeber/Tipps-fuer-die-Schnaeppchenjagd-auf-dem-Flohmarkt-article25268174.html,20241007042605,cdx,
https://www.n-tv.de/mediathek/videos/ratgeber/Was-jetzt-in-der-Hausapotheke-nicht-fehlen-sollte-article25275525.html,20241008064745,cdx,
https://www.n-tv.de/mediathek/videos/ratgeber/Wie-Deepfake-Videos-mit-Promis-in-die-Betrugsfalle-locken-article25273731.html,20241008031121,cdx,
https://www.n-tv.de/mediathek/videos/sport/Bengals-und-Ravens-zuenden-irres-Touch-Down-Feuerwerk-article25278381.html,20241008213024,cdx,
https://www.n-tv.de/mediathek/videos/sport/BVB-tut-sich-Gefallen-Sahin-erst-mal-arbeiten-zu-lassen-article25274017.html,20241007124942,cdx,
https://www.n-tv.de/mediathek/videos/sport/Das-Kopfballungeheuer-rettet-Manchester-United-article25269069.html,20241007201836,cdx,
https://www.n-tv.de/mediathek/videos/sport/Die-grosse-Show-von-Eintracht-Keeper-Kaua-Santos-article25269075.html,20241007102623,cdx,
https://www.n-tv.de/mediathek/videos/sport/Doppelpacker-Hlozek-lockert-Krisen-Knoten-ein-wenig-article25268991.html,20241008122612,cdx,
https://www.n-tv.de/mediathek/videos/sport/Franzose-stellt-neuen-Death-Diving-Weltrekord-auf-article25278276.html,20241008210804,cdx,
https://www.n-tv.de/mediathek/videos/sport/Geht-Schalke-mit-Neu-Trainer-von-Wonderen-ein-Risiko-ein-article25276393.html,20241008095951,cdx,
https://www.n-tv.de/mediathek/videos/sport/Hundertstel-Finish-ruehrt-Para-Ruderer-zu-Traenen-article25196781.html,20241008204414,cdx,
https://www.n-tv.de/mediathek/videos/sport/Ich-als-Torwart-muss-ja-auch-meinen-Dienst-fuers-Team-leisten-article25269438.html,20241007201836,cdx,
https://www.n-tv.de/mediathek/videos/sport/Katharina-Dalisda-will-Erfolgsgeschichte-bei-Oktagon-62-fortsetzen-article25267780.html,20241007035216,cdx,
https://www.n-tv.de/mediathek/videos/sport/LeBron-James-Als-waere-ich-in-der-Matrix-article25274103.html,20241007154255,cdx,
https://www.n-tv.de/mediathek/videos/sport/nfl/Chris-Boswell-kickt-sich-erfolgreich-die-Fuesse-wund-article25213098.html,20241007152851,cdx,
https://www.n-tv.de/mediathek/videos/sport/nfl/NFL-ist-zurueck-in-London-mit-bestem-Passempfaenger-article25272007.html,20241007020015,cdx,
https://www.n-tv.de/mediathek/videos/sport/nfl/NFL-Superstar-liefert-Albtraum-Viertel-ab-article25273104.html,20241007100728,cdx,
https://www.n-tv.de/mediathek/videos/sport/nfl/Niederlage-truebt-Daniels-NFL-Debuet-fuer-Tampa-Bay-article25213665.html,20241007152752,cdx,
https://www.n-tv.de/mediathek/videos/sport/nfl/Wilde-Aufholjagd-Bengals-verlieren-spektakulaeren-NFL-Krimi-article25273230.html,20241007100249,cdx,
https://www.n-tv.de/mediathek/videos/sport/Nuernberger-Ice-Tigers-verlieren-fast-zweistellig-article25271491.html,20241007111132,cdx,
https://www.n-tv.de/mediathek/videos/sport/Robert-Lewandowski-wird-sich-nicht-wegstreiken-article23329302.html,20241008021201,cdx,
https://www.n-tv.de/mediathek/videos/sport/Unbekannter-neuer-Coach-weckt-Hoffnung-auf-Schalke-article25275422.html,20241007205331,cdx,
https://www.n-tv.de/mediathek/videos/sport/Wanner-Wahnsinn-in-Heidenheim-kennt-keine-Grenzen-article25269004.html,20241007094400,cdx,
https://www.n-tv.de/mediathek/videos/technik/Apple-enthuellt-iOS-18-das-sind-neue-iPhone-Funktionen-article25005237.html,20241007002101,cdx,
https://www.n-tv.de/mediathek/videos/technik/Taeglich-entstehen-350-000-neue-Cyber-Viren-article20634514.html,20241007141055,cdx,
https://www.n-tv.de/mediathek/videos/unterhaltung/92-jaehriger-Guenter-ruehrt-DSDS-Jury-zu-Traenen-article25254701.html,20241007094711,cdx,
https://www.n-tv.de/mediathek/videos/unterhaltung/Anna-Maria-Ferchichi-Haben-Oralsex-fast-oefter-als-Sex-article25274101.html,20241007192101,cdx,
https://www.n-tv.de/mediathek/videos/unterhaltung/Boris-Becker-teilt-private-Flitterwochen-Aufnahmen-article25269942.html,20241007060555,cdx,
https://www.n-tv.de/mediathek/videos/unterhaltung/Halle-Berry-irritiert-Fans-mit-buschigem-Achselhaar-article25261070.html,20241007095827,cdx,
https://www.n-tv.de/mediathek/videos/unterhaltung/Ionel-Fuehle-mich-wie-nach-einer-Geburt-mit-Zwillingen-article25267011.html,20241007104143,cdx,
https://www.n-tv.de/mediathek/videos/unterhaltung/Justin-Timberlake-feiert-Hochzeitstag-auf-der-Buehne-article25274623.html,20241007233301,cdx,
https://www.n-tv.de/mediathek/videos/unterhaltung/Lilly-Becker-teilt-inniges-Video-mit-Sohn-Amadeus-article25276849.html,20241008143709,cdx,
https://www.n-tv.de/mediathek/videos/unterhaltung/Sally-Field-Wurde-waehrend-illegaler-Abtreibung-belaestigt-article25277850.html,20241008175201,cdx,
https://www.n-tv.de/mediathek/videos/unterhaltung/Sarah-Engels-laeuft-Koeln-Marathon-So-heftig-article25274189.html,20241007163915,cdx,
https://www.n-tv.de/mediathek/videos/unterhaltung/Stehe-einfach-im-Club-herum-und-mache-Fotos-article25267009.html,20241007131539,cdx,
https://www.n-tv.de/mediathek/videos/unterhaltung/Zwegat-Klientin-Waere-ohne-ihn-nicht-da-wo-ich-bin-article25269670.html,20241007115903,cdx,
https://www.n-tv.de/mediathek/videos/wirtschaft/Autoexperte-Bei-VW-geht-es-nicht-ums-Uberleben-article25240913.html,20241008213407,cdx,
https://www.n-tv.de/mediathek/videos/wirtschaft/Bundesregierung-korrigiert-Konjunkturprognose-nach-unten-article25273464.html,20241007094541,cdx,
https://www.n-tv.de/mediathek/videos/wirtschaft/Der-DAX-ist-nicht-die-deutsche-Wirtschaft-article25273909.html,20241007161503,cdx,
https://www.n-tv.de/mediathek/videos/wirtschaft/Fakt-ist-Rahmendaten-Deutschlands-sind-nicht-gegeben-article25273952.html,20241007120321,cdx,
https://www.n-tv.de/mediathek/videos/wirtschaft/Grosse-Boersen-Frage-Wie-schnell-kann-Cloud-wachsen--article25126784.html,20241008181016,cdx,
https://www.n-tv.de/mediathek/videos/wirtschaft/Lindner-legt-Gesetzentwurf-fuer-Altersvorsorgedepot-vor-article25268049.html,20241007093929,cdx,
https://www.n-tv.de/mediathek/videos/wirtschaft/Mit-zehn-Euro-vom-Staat-sollen-Kinder-das-Anlegen-lernen-article25276415.html,20241008204339,cdx,
https://www.n-tv.de/mediathek/videos/wirtschaft/Samsung-hinkt-in-einem-Punkt-der-Konkurrenz-hinterher-article25276040.html,20241008094035,cdx,
https://www.n-tv.de/mediathek/videos/wirtschaft/Streben-2024-fixe-Dividende-von-25-Millionen-Euro-an-article25269668.html,20241007005816,cdx,
https://www.n-tv.de/mediathek/videos/wirtschaft/Studie-So-koennten-Rentner-laenger-im-Job-bleiben-article25238609.html,20241007183943,cdx,
https://www.n-tv.de/mediathek/videos/wirtschaft/Thyssenkrupp-hinterfragt-klimaneutrale-Produktion-article25273544.html,20241007165411,cdx,
https://www.n-tv.de/mediathek/videos/wirtschaft/Thyssenkrupp-prueft-Wechsel-auf-klimaneutrale-Produktion-article25273544.html,20241007103832,cdx,
https://www.n-tv.de/mediathek/videos/wirtschaft/Zahl-der-E-Auto-Zulassungen-bricht-drastisch-ein-article25241017.html,20241008225809,cdx,
https://www.n-tv.de/panorama/16-Besucher-verlieren-auf-der-Wiesn-ihre-Lederhose-article25272886.html,20241007012253,cdx,
https://www.n-tv.de/panorama/Acht-Tote-durch-Ida-Auslaeufer-in-und-um-New-York-article22779860.html,20241008023937,cdx,
https://www.n-tv.de/panorama/AOK-Krankschreibungen-sind-2024-auf-Rekordniveau-article25276889.html,20241008115620,cdx,
https://www.n-tv.de/panorama/Ausnahmezustand-in-Serbien-und-Bosnien-article12839451.html,20241008122956,cdx,
https://www.n-tv.de/panorama/Auto-kracht-gegen-Baum-ein-Toter-article25273056.html,20241007013900,cdx,
https://www.n-tv.de/panorama/Bayern-Prediger-soll-vor-50-Glaeubigen-zum-Juden-Mord-aufgerufen-haben-article25277038.html,20241008115555,cdx,
https://www.n-tv.de/panorama/Behoerde-schliesst-Gymnasium-wegen-Masern-article20936822.html,20241008074625,cdx,
https://www.n-tv.de/panorama/Bombendrohungs-Serie-in-Osterreich-geht-weiter-article25278687.html,20241008235340,cdx,
https://www.n-tv.de/panorama/Brite-nutzt-falsche-Corona-Impfung-fuer-Mordversuch-article25276061.html,20241008072643,cdx,
https://www.n-tv.de/panorama/Corona-Medikament-unbrauchbar-420-000-Packungen-Paxlovid-sind-abgelaufen-article25179353.html,20241007155219,cdx,
https://www.n-tv.de/panorama/Das-Nachtleben-stirbt-Aber-Rettung-ist-nah-article20979924.html,20241007171753,cdx,
https://www.n-tv.de/panorama/Deutscher-stirbt-bei-Autounfall-auf-Mallorca-article25273013.html,20241007012306,cdx,
https://www.n-tv.de/panorama/Drachenlord-Wie-Rainer-Winkler-zum-Opfer-von-Mobbing-Hatern-und-Swatting-wurde-article23225105.html,20241007134212,cdx,
https://www.n-tv.de/panorama/Dubai-Schokolade-erobert-das-Internet-article25272934.html,20241007013909,cdx,
https://www.n-tv.de/panorama/Ein-ehemaliger-Hurrikan-sorgt-fuer-Herbststurm-article25272767.html,20241007011556,cdx,
https://www.n-tv.de/panorama/Ein-Rettungsschirm-fuer-die-Zivilgesellschaft-article22000224.html,20241007171751,cdx,
https://www.n-tv.de/panorama/Eltern-haben-Einfluss-auf-Drogenkonsum-von-Teenagern-article25266551.html,20241007012428,cdx,
https://www.n-tv.de/panorama/Erstmals-Mann-in-Victoria-wegen-Hitlergruss-verurteilt-article25276192.html,20241008085537,cdx,
https://www.n-tv.de/panorama/Finnen-schleppen-sich-zum-Titel-article3726266.html,20241007233602,cdx,
https://www.n-tv.de/panorama/Freiheit-Gleichheit-Altusried-article20932797.html,20241007171755,cdx,
https://www.n-tv.de/panorama/Freundin-entpuppt-sich-als-Moerder-article2637626.html,20241007121935,cdx,
https://www.n-tv.de/panorama/Fuenf-russische-Bergsteiger-sterben-im-Himalaya-article25278444.html,20241008202420,cdx,
https://www.n-tv.de/panorama/Gesuchter-Straftaeter-entkommt-Polizei-gleich-zwei-Mal-article25273321.html,20241007033920,cdx,
https://www.n-tv.de/panorama/Greta-Thunberg-mit-Pali-Tuch-in-Kreuzberg-Ausschreitungen-in-Berlin-Neukoelln-article25275948.html,20241008072550,cdx,
https://www.n-tv.de/panorama/Haendler-soll-Luxusautos-an-Russen-verkauft-haben-article25276526.html,20241008095637,cdx,
https://www.n-tv.de/panorama/Hamburg-Sozialbehoerde-gesteht-Fehler-bei-Umgang-mit-Marburg-Virus-Verdacht-article25276218.html,20241008085020,cdx,
https://www.n-tv.de/panorama/Heissluftballon-fliegt-in-Leitung-und-geraet-in-Brand-article25272237.html,20241007011127,cdx,
https://www.n-tv.de/panorama/Hurrikan-Milton-erreicht-hoechste-Stufe-article25276185.html,20241008085251,cdx,
https://www.n-tv.de/panorama/Hurrikan-Milton-herabgestuft-Bevoelkerung-ruestet-sich-article25276185.html,20241008095808,cdx,
https://www.n-tv.de/panorama/Hurrikan-Milton-ist-ein-meteorologisches-Monster-article25277150.html,20241008134110,cdx,
https://www.n-tv.de/panorama/Imker-decken-Verbrauchertaeuschung-bei-Honig-auf-article25272603.html,20241007012555,cdx,
https://www.n-tv.de/panorama/Kein-Schnee-Franzoesische-Wintersportorte-schliessen-Skistation-article25275006.html,20241007184817,cdx,
https://www.n-tv.de/panorama/Kinderporno-Website-mit-Hunderttausenden-Nutzern-abgeschaltet-article25276703.html,20241008095626,cdx,
https://www.n-tv.de/panorama/Kolumne-Eine-fuer-alle-von-Sabine-Oelmann-mit-dem-Papst-Michael-Douglas-und-einem-Walschuetzer-article25270409.html,20241007094644,cdx,
https://www.n-tv.de/panorama/Kruemelmonster-wird-auf-Autobahn-geblitzt-Polizei-warnt-article25277183.html,20241008123714,cdx,
https://www.n-tv.de/panorama/Lagebild-zeigt-Ausnahmezustand-in-juedischen-Gemeinden-article25274651.html,20241007132302,cdx,
https://www.n-tv.de/panorama/Lauterbach-Haben-Medikamente-aber-koennen-sie-nicht-anwenden-article24391420.html,20241008104612,cdx,
https://www.n-tv.de/panorama/Lockpicking-Fans-oeffnen-ohne-Schluessel-fast-jedes-Schloss-article25250473.html,20241007094602,cdx,
https://www.n-tv.de/panorama/Lottospieler-gewinnt-2-48-Millionen-Euro-und-meldet-sich-nicht-article25277611.html,20241008140836,cdx,
https://www.n-tv.de/panorama/Maddie-Verdaechtiger-Christian-B-in-Vergewaltigungsprozess-freigesprochen-article25276544.html,20241008085446,cdx,
https://www.n-tv.de/panorama/Manhattan-Effekt-kann-zum-Beziehungskiller-werden-article24505503.html,20241007171726,cdx,
https://www.n-tv.de/panorama/Manoevrierunfaehige-Helgolandfaehre-Funny-Girl-erfolgreich-nach-Buesum-geschleppt-article25273181.html,20241007005134,cdx,
https://www.n-tv.de/panorama/Milton-rast-mit-257-Kilometern-pro-Stunde-auf-Florida-zu-article25276185.html,20241008071837,cdx,
https://www.n-tv.de/der_tag/Airbus-Pilot-stirbt-waehrend-des-Fluges-article16078526.html,20241010005405,cdx,
https://www.n-tv.de/der_tag/Bild-Reporter-Ronzheimer-im-Libanon-verschleppt-und-stundenlang-festgehalten-article25281598.html,20241009215450,cdx,
https://www.n-tv.de/der_tag/Biontech-Gruender-gehoeren-zu-den-Reichsten-der-Welt-article22213954.html,20241009112234,cdx,
https://www.n-tv.de/der_tag/Der-Tag-am-Freitag-6-September-2024-article25208447.html,20241009062737,cdx,
https://www.n-tv.de/der_tag/Der-Tag-am-Freitag-dem-04-Oktober-2024-article25269205.html,20241009071601,cdx,
https://www.n-tv.de/der_tag/Der-Tag-am-Mittwoch-dem-9-Oktober-2024-article25278816.html,20241009044005,cdx,
https://www.n-tv.de/der_tag/Der-Tag-am-Montag-9-September-2024-article25213245.html,20241009015857,cdx,
https://www.n-tv.de/der_tag/Der-Tag-auf-ntv-de-am-Dienstag-11-Juni-2024-article25005069.html,20241009192150,cdx,
https://www.n-tv.de/der_tag/Der-Tag-auf-ntv-de-am-Donnerstag-10-Oktober-2024-article25281921.html,20241010043642,cdx,
https://www.n-tv.de/der_tag/Erdrutsch-toetet-drei-deutsche-Touristinnen-im-Tessin-article25058569.html,20241009162251,cdx,
https://www.n-tv.de/der_tag/Erste-SPD-Politiker-liebaeugeln-mit-GroKo-Ampel-Gemeinsamkeiten-aufgebracht-article25269402.html,20241009170746,cdx,
https://www.n-tv.de/der_tag/Ex-Hurrikan-sorgt-fuer-amtliche-Warnungen-in-Deutschland-article25281339.html,20241010045829,cdx,
https://www.n-tv.de/der_tag/Habeck-verteidigt-seine-Anschubpraemie-fuer-Job-Aufnahme-article25274373.html,20241009103503,cdx,
https://www.n-tv.de/der_tag/Indischer-Milliardaer-fordert-70-Stunden-Woche-article24497922.html,20241009230759,cdx,
https://www.n-tv.de/der_tag/Israel-droht-Iran-ueberraschenden-und-toedlichen-Angriff-an-article25281691.html,20241009192643,cdx,
https://www.n-tv.de/der_tag/Mann-sticht-in-Israel-wahllos-mit-Messer-auf-Menschen-ein-article25280434.html,20241009171204,cdx,
https://www.n-tv.de/der_tag/Orban-will-bei-Trump-Sieg-mehrere-Flaschen-Champagner-oeffnen-article25277878.html,20241009142349,cdx,
https://www.n-tv.de/der_tag/Pilot-von-Passagiermaschine-stirbt-nach-Abflug-an-Bord-article25280479.html,20241009162046,cdx,
https://www.n-tv.de/der_tag/Reisender-haengt-sich-an-fahrende-Lok-um-Intercity-zu-kriegen-article24861668.html,20241009102844,cdx,
https://www.n-tv.de/der_tag/Scholz-Grenzkontrollen-machen-gerade-viel-Arger-article25278413.html,20241009081006,cdx,
https://www.n-tv.de/der_tag/Sohn-von-Osama-bin-Laden-soll-nie-mehr-in-Frankreich-einreisen-duerfen-article25277483.html,20241009114812,cdx,
https://www.n-tv.de/der_tag/Winterkorn-will-Erklaerung-abgeben-article25201793.html,20241009071210,cdx,
https://www.n-tv.de/mediathek/videos/auto/Cupra-wagt-mit-neuem-Tavascan-ein-Design-Experiment-article24962496.html,20241009030021,cdx,
https://www.n-tv.de/mediathek/videos/Dokumentationen/Clan-Hotspot-NRW-Polizei-bei-Zugriffen-begleitet-article25220674.html,20241009180217,cdx,
https://www.n-tv.de/mediathek/videos/geldanlage-check/BIP-Prognose-gesenkt-Flinte-nicht-ins-Korn-werfen-article25281300.html,20241009233152,cdx,
https://www.n-tv.de/mediathek/videos/geldanlage-check/Hat-Ether-mehr-Potenzial-als-Bitcoin-article25275055.html,20241009005145,cdx,
https://www.n-tv.de/mediathek/videos/panorama/Aufnahmen-zeigen-desolate-Versorgungslage-in-Charite-article25223246.html,20241010065753,cdx,
https://www.n-tv.de/mediathek/videos/panorama/Augenzeuge-spricht-ueber-Messerattacke-von-Solingen-article25179546.html,20241009172030,cdx,
https://www.n-tv.de/mediathek/videos/panorama/Blick-aus-dem-All-zeigt-riesigen-Hurrikan-Milton-article25278956.html,20241009121619,cdx,
https://www.n-tv.de/mediathek/videos/panorama/Bundesamt-wertet-vierten-Warntag-als-grossen-Erfolg-article25223761.html,20241010070933,cdx,
https://www.n-tv.de/mediathek/videos/panorama/Entsetzlicher-Hurrikan-Meteorologe-weint-im-TV-article25279825.html,20241009110646,cdx,
https://www.n-tv.de/mediathek/videos/panorama/Feuerwehr-Dresden-Koennen-Brueckenteil-nicht-halten-article25223192.html,20241010071837,cdx,
https://www.n-tv.de/mediathek/videos/panorama/Gewaltiger-Blitz-schlaegt-in-Dach-von-Hotelturm-ein-article24345053.html,20241009090241,cdx,
https://www.n-tv.de/mediathek/videos/panorama/Halbnackt-randalierende-Frau-schockt-Autobesitzer-article25004083.html,20241010012928,cdx,
https://www.n-tv.de/mediathek/videos/panorama/Handelt-sich-bei-Festgenommenem-wohl-nicht-um-Taeter-article25179925.html,20241009174100,cdx,
https://www.n-tv.de/mediathek/videos/panorama/Hier-in-Brasilien-gibt-es-sowas-wie-Klima-Terrorismus-article25239687.html,20241009034215,cdx,
https://www.n-tv.de/mediathek/videos/panorama/Hotel-wird-mit-spektakulaerer-Lichtshow-gesprengt-article25281175.html,20241009201614,cdx,
https://www.n-tv.de/mediathek/videos/panorama/Kanadier-zapft-versehentlich-Nordkoreas-Staats-TV-an-article25173945.html,20241010081349,cdx,
https://www.n-tv.de/mediathek/videos/panorama/Koala-tapst-in-Bahnhof-in-Sydney-zielstrebig-zum-Lift-article25277179.html,20241009054256,cdx,
https://www.n-tv.de/mediathek/videos/panorama/Massenschlaegerei-ueberschattet-Fussballspiel-in-Essen-article24937536.html,20241009180821,cdx,
https://www.n-tv.de/mediathek/videos/panorama/Milton-peitscht-Wassermassen-ueber-Florida-article25282046.html,20241010073903,cdx,
https://www.n-tv.de/mediathek/videos/panorama/Mitfahr-App-macht-Dorf-in-Sachsen-Anhalt-wieder-mobil-article24415119.html,20241009122318,cdx,
https://www.n-tv.de/mediathek/videos/panorama/Mittellose-Menschen-in-Myanmar-bieten-online-Organe-an-article25241786.html,20241009032423,cdx,
https://www.n-tv.de/mediathek/videos/panorama/Neues-Schwarzbuch-deckt-Steuerverschwendung-auf-article25281121.html,20241009210955,cdx,
https://www.n-tv.de/mediathek/videos/panorama/Notkaeufe-vor-Hurrikan-viele-Produkte-werden-knapp-article25279034.html,20241009151532,cdx,
https://www.n-tv.de/mediathek/videos/panorama/Pilot-der-Aeroflot-Maschine-beschreibt-Notlandung-in-Moskau-article21006429.html,20241009094506,cdx,
https://www.n-tv.de/mediathek/videos/panorama/Polizei-informiert-zu-Ermittlungen-im-Fall-Solingen-article25180120.html,20241009203409,cdx,
https://www.n-tv.de/mediathek/videos/panorama/Seehund-ohrfeigt-Kajakfahrer-mit-Oktopus-article20643876.html,20241009074704,cdx,
https://www.n-tv.de/mediathek/videos/panorama/Serie-von-Autobraenden-reisst-nicht-ab-article3546141.html,20241009004528,cdx,
https://www.n-tv.de/mediathek/videos/panorama/So-erlebte-Band-Mitglied-Auftritt-bei-Solinger-Stadtfest-article25180044.html,20241009194231,cdx,
https://www.n-tv.de/mediathek/videos/panorama/Sturmjaeger-fliegen-mitten-durch-Monster-Hurrikan-Milton-article25280507.html,20241009135843,cdx,
https://www.n-tv.de/mediathek/videos/panorama/Super-anstrengend-Familie-Endemann-fliegt-nach-Italien-article23435871.html,20241009052623,cdx,
https://www.n-tv.de/mediathek/videos/panorama/Syrer-versteckte-sich-nach-Attentat-wohl-in-Hinterhof-article25180532.html,20241010082025,cdx,
https://www.n-tv.de/mediathek/videos/panorama/Tier-Wahrsagerin-kommuniziert-mit-Hunden-per-Tarot-article25236404.html,20241009031142,cdx,
https://www.n-tv.de/mediathek/videos/panorama/Tornados-fegen-ueber-Mittleren-Westen-article5847086.html,20241010063248,cdx,
https://www.n-tv.de/mediathek/videos/panorama/Tumult-in-Texas-Cowboys-schiessen-auf-Essenslieferanten-article25223145.html,20241010075159,cdx,
https://www.n-tv.de/mediathek/videos/panorama/US-Seniorin-wird-im-Ruhestand-Profi-Gewichtheberin-article25232489.html,20241009030753,cdx,
https://www.n-tv.de/mediathek/videos/panorama/Volos-muss-Teppich-aus-toten-Fischen-wegbaggern-article25192252.html,20241010035232,cdx,
https://www.n-tv.de/mediathek/videos/panorama/Wie-abtreibende-Frauen-in-Italien-schikaniert-werden-article25179726.html,20241009205211,cdx,
https://www.n-tv.de/mediathek/videos/panorama/Wird-in-weiten-Teilen-eine-absolute-Katastrophe-article25280491.html,20241009223259,cdx,
https://www.n-tv.de/mediathek/videos/panorama/Zeugin-schildert-Beziehungstat-in-Kiel-article19275546.html,20241009111802,cdx,
https://www.n-tv.de/mediathek/videos/politik/1100-gewaltbereite-Islamisten-leben-in-Deutschland-article16549321.html,20241009195800,cdx,
https://www.n-tv.de/mediathek/videos/politik/Angriff-wird-toedlich-praezise-und-ueberraschend-sein-article25282033.html,20241010081619,cdx,
https://www.n-tv.de/mediathek/videos/politik/Anti-Salafisten-Video-aus-Bayern-irritiert-Menschen-article25202176.html,20241009044301,cdx,
https://www.n-tv.de/mediathek/videos/politik/Augenzeugen-berichten-von-Angriff-in-London-article21427789.html,20241009225937,cdx,
https://www.n-tv.de/mediathek/videos/politik/Bahnbrechende-Meldung-enormer-Rueckenwind-fuer-Harris-article25218836.html,20241009044748,cdx,
https://www.n-tv.de/mediathek/videos/politik/Brandmauer-ist-Geschichte-weil-man-mit-uns-reden-muss-article25244466.html,20241009074255,cdx,
https://www.n-tv.de/mediathek/videos/politik/Das-ist-einfach-perfide-article17802356.html,20241009102227,cdx,
https://www.n-tv.de/mediathek/videos/politik/Deutschland-naehert-sich-italienischen-Verhaeltnissen-article25005472.html,20241009144925,cdx,
https://www.n-tv.de/mediathek/videos/politik/Es-gibt-kein-WLAN-an-den-Schulen-article25279879.html,20241009232548,cdx,
https://www.n-tv.de/mediathek/videos/politik/Extreme-Beschuesse-aus-dem-Libanon-seit-fruehem-Morgen-article25243551.html,20241009164219,cdx,
https://www.n-tv.de/mediathek/videos/politik/Freiwillige-retten-Migranten-aus-Mexiko-vor-Verdursten-article25176991.html,20241009181035,cdx,
https://www.n-tv.de/mediathek/videos/politik/Fuer-die-Ukraine-ist-das-keine-gute-Nachricht-article25279296.html,20241009173437,cdx,
https://www.n-tv.de/mediathek/videos/politik/Gaeste-grillen-Scholz-zu-Messergewalt-Preisen-und-AfD-article25279401.html,20241010003335,cdx,
https://www.n-tv.de/mediathek/videos/politik/Gewaltige-Explosionen-erschuettern-russisches-Krasnodar-article25282236.html,20241010073949,cdx,
https://www.n-tv.de/mediathek/videos/politik/Hamas-und-Hisbollah-reorganisieren-sich-ueber-den-Kampf-article25242771.html,20241009032350,cdx,
https://www.n-tv.de/mediathek/videos/politik/Helmut-Schmidt-ist-gestorben-article16314891.html,20241009211506,cdx,
https://www.n-tv.de/mediathek/videos/politik/Hisbollah-beendet-erste-Phase-der-Vergeltungsangriffe-article25180568.html,20241010075623,cdx,related
https://www.n-tv.de/mediathek/videos/politik/Hisbollah-will-Waffenruhe-wohl-unabhaengig-von-Gaza-article25279005.html,20241009100417,cdx,
https://www.n-tv.de/mediathek/videos/politik/Hoecke-zeigt-sich-nach-Krankmeldung-auf-AfD-Sommerfest-article25192259.html,20241010070612,cdx,
https://www.n-tv.de/mediathek/videos/politik/Holocaust-Uberlebende-mahnt-AfD-article22319966.html,20241009162202,cdx,
https://www.n-tv.de/mediathek/videos/politik/Huthi-koennten-mit-russischen-Flugkoerpern-agieren-article25242885.html,20241009032125,cdx,
https://www.n-tv.de/mediathek/videos/politik/Im-Moment-ist-Harris-eine-gigantische-Projektionsflaeche-article25107837.html,20241009093101,cdx,
https://www.n-tv.de/mediathek/videos/politik/In-Isjum-wird-sichtbar-wie-bitter-noetig-Wiederaufbau-ist-article25005235.html,20241009144853,cdx,
https://www.n-tv.de/mediathek/videos/politik/In-Torezk-laeuft-die-Kampflinie-durch-eine-Schul-Ruine-article25223531.html,20241010070037,cdx,
https://www.n-tv.de/mediathek/videos/politik/Israel-geht-immer-aggressiver-gegen-Hisbollah-vor-article25277712.html,20241009014343,cdx,
https://www.n-tv.de/mediathek/videos/politik/Israelische-Raketen-treffen-Damaskus-und-Beirut-article25278954.html,20241009075010,cdx,
https://www.n-tv.de/mediathek/videos/politik/Kann-Woidke-die-AfD-in-die-Schranken-weisen-article25243603.html,20241009170834,cdx,
https://www.n-tv.de/mediathek/videos/politik/Libanon-beschwoert-die-Gefahr-eines-grossen-Krieges-article25242802.html,20241009033859,cdx,
https://www.n-tv.de/mediathek/videos/politik/Mann-stuermt-PK-von-Viktor-Orban-Das-Land-an-Putin-verkauft-article25280392.html,20241009140409,cdx,
https://www.n-tv.de/mediathek/videos/politik/Meine-beste-Debatte-Trump-fuehlt-sich-als-Duell-Sieger-article25219653.html,20241009044507,cdx,
https://www.n-tv.de/mediathek/videos/politik/Merkel-haelt-emotionale-Rede-zur-Deutschen-Einheit-article22844027.html,20241009214910,cdx,
https://www.n-tv.de/mediathek/videos/politik/Miersch-folgt-Kuehnert-als-SPD-Generalsekretaer-article25276034.html,20241009042917,cdx,
https://www.n-tv.de/mediathek/videos/politik/Milton-peitscht-Wassermassen-ueber-Florida-article25282046.html,20241010054103,cdx,
https://www.n-tv.de/mediathek/videos/politik/Munz-Poltawa-Angriff-koennte-auf-Russland-zurueckfallen-article25203026.html,20241009103057,cdx,
https://www.n-tv.de/mediathek/videos/politik/Netanjahu-geriert-sich-als-Libanon-Retter-und-droht-dann-mit-Zerstoerung-article25279276.html,20241009084811,cdx,
https://www.n-tv.de/mediathek/videos/politik/Palaestinenser-werden-bei-Flucht-aus-Dschabalia-beschossen-article25280738.html,20241009165313,cdx,
https://www.n-tv.de/mediathek/videos/politik/Pistorius-nennt-Fehler-hinter-Taurus-Leak-article24782887.html,20241009052005,cdx,
https://www.n-tv.de/mediathek/videos/politik/Pulverfass-an-EU-Grenze-wie-Russland-Moldau-zersetzt-article25239149.html,20241009032428,cdx,
https://www.n-tv.de/mediathek/videos/politik/Rot-Rot-Gruen-waere-Schlag-ins-Gesicht-der-Waehler-article23912051.html,20241009215933,cdx,
https://www.n-tv.de/mediathek/videos/politik/Russische-Raketen-toeten-mehrere-Menschen-in-Charkiw-article25279388.html,20241009161926,cdx,
https://www.n-tv.de/mediathek/videos/politik/Russische-Schueler-tanzen-als-Soldaten-zu-Ukraine-Lied-article25274809.html,20241009001916,cdx,
https://www.n-tv.de/mediathek/videos/politik/Russland-und-Belarus-ueben-Einsatz-taktischer-Atomwaffen-article25006178.html,20241009194308,cdx,
https://www.n-tv.de/mediathek/videos/politik/Scholz-Muessen-mit-ganzer-Haerte-des-Gesetzes-vorgehen-article25179686.html,20241009174105,cdx,
https://www.n-tv.de/mediathek/videos/politik/Soldat-sagt-Entscheidung-wichtig-noetig-ueberfaellig-article25223413.html,20241010074553,cdx,
https://www.n-tv.de/mediathek/videos/politik/Sollten-aufhoeren-Schroeder-als-Altkanzler-wahrzunehmen-article23288153.html,20241009083147,cdx,
https://www.n-tv.de/mediathek/videos/politik/SPD-liegt-vor-AfD-CDU-faellt-hinter-BSW-article25244506.html,20241009162604,cdx,
https://www.n-tv.de/mediathek/videos/politik/SPD-Sieg-in-Brandenburg-verschafft-Scholz-Atempause-article25244365.html,20241009162147,cdx,
https://www.n-tv.de/mediathek/videos/politik/Strategie-der-USA-in-Syrien-wirft-Fragen-auf-article20276892.html,20241009194226,cdx,
https://www.n-tv.de/mediathek/videos/politik/Strom-an-Menschen-flieht-aus-Libanon-nach-Syrien-article25274099.html,20241009003415,cdx,
https://www.n-tv.de/mediathek/videos/politik/Taeter-ermorden-Polizisten-auf-der-Strasse-per-Kopfschuss-article14274986.html,20241009213657,cdx,
https://www.n-tv.de/mediathek/videos/politik/Taiwans-U-Boot-Narwal-laeuft-vom-Stapel-article24429348.html,20241009044840,cdx,
https://www.n-tv.de/mediathek/videos/politik/Trotz-ist-der-Betriebsmodus-der-Sachsen-article23016534.html,20241009211517,cdx,
https://www.n-tv.de/mediathek/videos/politik/Trump-bricht-mit-Hurrikan-Luegen-politisches-Tabu-article25280400.html,20241009183843,cdx,
https://www.n-tv.de/mediathek/videos/politik/Trump-hat-Covid-Testmaschinen-an-Putin-geschickt-article25280901.html,20241009153018,cdx,
https://www.n-tv.de/mediathek/videos/politik/Trumps-Sekte-glaubt-Biden-wuerde-Wetterkrieg-fuehren-article25280505.html,20241009124652,cdx,
https://www.n-tv.de/mediathek/videos/politik/Ukraine-ist-deutlich-besser-geschuetzt-als-Deutschland-article25204544.html,20241010030915,cdx,
https://www.n-tv.de/mediathek/videos/politik/Ukrainer-Russen-machen-gezielt-Jagd-auf-Zivilisten-article25280877.html,20241010001258,cdx,
https://www.n-tv.de/mediathek/videos/politik/Vater-von-Brokstedt-Opfer-konfrontiert-Scholz-article25278958.html,20241009091935,cdx,
https://www.n-tv.de/mediathek/videos/politik/Vorher-nachher-Bilder-zeigen-Zerstoerung-von-Gaza-article25276973.html,20241009080505,cdx,
https://www.n-tv.de/mediathek/videos/politik/Wahl-zeigt-Putin-dass-seine-Methoden-wirken-article25003661.html,20241009190125,cdx,
https://www.n-tv.de/mediathek/videos/politik/Wie-Hoecke-Messerangriff-von-Solingen-instrumentalisiert-article25180617.html,20241010070242,cdx,
https://www.n-tv.de/mediathek/videos/politik/Wie-Viktor-Orban-das-freie-Ungarn-systematisch-zerstoert-article25279168.html,20241009123040,cdx,
https://www.n-tv.de/mediathek/videos/politik/Woidke-geruehrt-ueber-grosses-Vertrauen-der-Brandenburger-article25244373.html,20241009162400,cdx,
https://www.n-tv.de/mediathek/videos/politik/Woidke-zu-erster-Prognose-War-ein-hartes-Stueck-Arbeit-article25244296.html,20241009165240,cdx,
https://www.n-tv.de/mediathek/videos/ratgeber/EMS-Training-von-der-Couch-oder-doch-ins-Sportstudio-article24751259.html,20241009060311,cdx,
https://www.n-tv.de/mediathek/videos/ratgeber/Flugausfall-Wann-werden-Reisende-entschaedigt-article25040402.html,20241009044538,cdx,
https://www.n-tv.de/mediathek/videos/ratgeber/Garagen-als-Betongold-Wie-Interessenten-investieren-article24919423.html,20241009053856,cdx,
https://www.n-tv.de/mediathek/videos/ratgeber/Gartenrecht-Bei-diesen-Verstoessen-drohen-satte-Bussgelder-article24862302.html,20241009060127,cdx,
https://www.n-tv.de/mediathek/videos/ratgeber/Gebrauchte-Wohnmobile-darauf-sollten-Kaeufer-achten-article24881424.html,20241009041928,cdx,
https://www.n-tv.de/mediathek/videos/ratgeber/Hier-lauern-versteckte-Keimschleudern-im-Haushalt-article24816827.html,20241009080003,cdx,
https://www.n-tv.de/mediathek/videos/ratgeber/Klavier-spielen-in-nur-einer-Woche-dank-KI-article24881447.html,20241009040154,cdx,
https://www.n-tv.de/mediathek/videos/ratgeber/Mit-welchen-Tricks-bleiben-Obst-und-Gemuese-lange-frisch-article24771475.html,20241009041940,cdx,
https://www.n-tv.de/mediathek/videos/ratgeber/Nacktschnecken-Plage-Was-tun-gegen-die-Blumen-Fresser-article24973856.html,20241009060846,cdx,
https://www.n-tv.de/mediathek/videos/ratgeber/Reporterinnen-machen-den-Freundlichkeits-Test-article25217039.html,20241009080815,cdx,
https://www.n-tv.de/mediathek/videos/ratgeber/Wandeln-durch-die-Lebenslandschaften-Edvard-Munchs-article24697100.html,20241009104336,cdx,
https://www.n-tv.de/mediathek/videos/ratgeber/Worauf-es-bei-einem-Kinder-Fahrrad-ankommt-article24908902.html,20241009050535,cdx,
https://www.n-tv.de/mediathek/videos/sport/Brite-will-30-Marathons-innerhalb-eines-Monats-laufen-article25276838.html,20241009204841,cdx,
https://www.n-tv.de/mediathek/videos/sport/Bundestrainer-wird-mit-viel-Sorge-auf-Neuer-schauen-article20041079.html,20241009234423,cdx,
https://www.n-tv.de/mediathek/videos/sport/Christoph-Daum-hat-Psychologie-neu-in-Fussball-gebracht-article25180614.html,20241010075612,cdx,
https://www.n-tv.de/mediathek/videos/sport/Christoph-Daum-stirbt-im-Alter-von-70-Jahren-article25180544.html,20241010074034,cdx,
https://www.n-tv.de/mediathek/videos/sport/Draisaitls-112-Millionen-Vertrag-Habe-mir-das-verdient-article25275628.html,20241010002734,cdx,
https://www.n-tv.de/mediathek/videos/sport/Fuer-Eckerlin-ist-Kontrahent-Jungwirth-nur-eine-4-von-10-article25281549.html,20241010005255,cdx,
https://www.n-tv.de/mediathek/videos/sport/Juergen-Klopp-erklaert-warum-er-zu-Red-Bull-geht-article25281308.html,20241009162416,cdx,
https://www.n-tv.de/mediathek/videos/sport/Latsch-zu-Klopp-Mancher-Fan-wird-sich-verraten-fuehlen-article25279450.html,20241009103148,cdx,
https://www.n-tv.de/mediathek/videos/sport/Mehr-Spannung-mehr-Stress-mehr-Psycho-article25243289.html,20241009162041,cdx,
https://www.n-tv.de/mediathek/videos/sport/NFL-Star-Raimann-spricht-ueber-beaengstigendes-Abenteuer-article25241820.html,20241009162233,cdx,
https://www.n-tv.de/mediathek/videos/sport/Nicht-das-Recht-mir-die-Seele-aus-dem-Leib-zu-pruegeln-article25222271.html,20241010071231,cdx,
https://www.n-tv.de/mediathek/videos/sport/Nuebel-Tut-mir-natuerlich-sehr-sehr-leid-fuer-Marc-article25281191.html,20241009190331,cdx,
https://www.n-tv.de/mediathek/videos/sport/Tsitsipas-zetert-beim-Schiri-Warum-tust-du-mir-das-an--article25280571.html,20241009164117,cdx,
https://www.n-tv.de/mediathek/videos/sport/Verletzte-DFB-Kicker-Nagelsmann-muss-improvisieren-article25276413.html,20241009062252,cdx,
https://www.n-tv.de/mediathek/videos/sport/Womoeglich-wollte-Klopp-eigenes-Denkmal-kaputtmachen-article25280408.html,20241009151001,cdx,
https://www.n-tv.de/mediathek/videos/technik/Apple-praesentiert-Neuheiten-Deutschland-muss-warten-article25216151.html,20241009051145,cdx,
https://www.n-tv.de/mediathek/videos/unterhaltung/ABBA-veroeffentlichen-erstes-Studioalbum-seit-40-Jahren-article22911146.html,20241009171656,cdx,
https://www.n-tv.de/mediathek/videos/unterhaltung/Heinz-Hoenigs-neuer-Alltag-nach-OPs-Ehefrau-Annika-Hoenig-gibt-Einblicke-article25280854.html,20241009155039,cdx,
https://www.n-tv.de/mediathek/videos/unterhaltung/Jon-Bon-Jovi-haelt-Frau-davon-ab-von-Bruecke-zu-springen-article25223361.html,20241010074645,cdx,
https://www.n-tv.de/mediathek/videos/unterhaltung/Kanye-West-und-Bianca-Censori-gehen-wohl-getrennte-Wege-article25277312.html,20241009021403,cdx,
https://www.n-tv.de/mediathek/videos/unterhaltung/Privates-Spa-von-Paris-Hilton-laedt-zum-Staunen-ein-article25109068.html,20241009194832,cdx,
https://www.n-tv.de/mediathek/videos/unterhaltung/Super-Man-setzt-Christopher-Reeve-ergreifendes-Denkmal-article25242809.html,20241009031145,cdx,
https://www.n-tv.de/mediathek/videos/unterhaltung/Tochter-und-Mutter-treten-im-DSDS-Duell-gegeneinander-an-article25267324.html,20241009211051,cdx,
https://www.n-tv.de/mediathek/videos/unterhaltung/Unter-Uns-Star-Tabea-Heynig-zieht-im-Playboy-blank-article25281138.html,20241010025818,cdx,
https://www.n-tv.de/mediathek/videos/wirtschaft/7-4-Milliarden-Euro-Bosch-plant-seine-groesste-Ubernahme-article25110368.html,20241009040618,cdx,
https://www.n-tv.de/mediathek/videos/wirtschaft/Deutsche-Autoindustrie-im-Fokus-China-droht-mit-Zoellen-article25278960.html,20241010021619,cdx,
https://www.n-tv.de/mediathek/videos/wirtschaft/Einige-Klimaschutz-Initiativen-in-Europa-wackeln-article25003575.html,20241009163701,cdx,
https://www.n-tv.de/mediathek/videos/wirtschaft/Suedekum-UBS-Ubernahme-ist-keine-schoene-Loesung-article23998472.html,20241009082827,cdx,
https://www.n-tv.de/mediathek/videos/wirtschaft/Was-ist-ein-ETF-article21727320.html,20241009045834,cdx,
https://www.n-tv.de/mediathek/videos/wirtschaft/Wir-haben-zwei-Millionen-leer-stehende-Wohnungen-article25274436.html,20241009003410,cdx,
https://www.n-tv.de/mediathek/videos/wissen/Deutsche-Waelder-geben-mehr-CO2-ab-als-sie-speichern-article25278399.html,20241009020505,cdx,
https://www.n-tv.de/mediathek/videos/wissen/Fotograf-filmt-ungewoehnliche-bunte-Polarlichter-article25278120.html,20241009041810,cdx,
https://www.n-tv.de/mediathek/videos/wissen/Gezuechtetes-Universalblut-soll-Blutspende-Mangel-loesen-article25237378.html,20241009044359,cdx,
https://www.n-tv.de/mediathek/videos/wissen/Neues-Nanopulver-macht-bislang-nicht-auffindbare-Fingerabdruecke-sichtbar-article25239689.html,20241009031438,cdx,
https://www.n-tv.de/mediathek/videos/wissen/Wie-heftig-ist-eigentlich-170-km-h-schneller-Wind-article25281119.html,20241010021337,cdx,
https://www.n-tv.de/panorama/129-Tote-nach-Gefaengnisaufstand-im-Kongo-article25200689.html,20241010001543,cdx,
https://www.n-tv.de/panorama/15-Jaehriger-kapert-mit-raffiniertem-Trick-fast-einen-Linienbus-article25180877.html,20241010081250,cdx,
https://www.n-tv.de/panorama/16-Jaehriger-spielt-als-erster-Mensch-Tetris-durch-article25278698.html,20241010010034,cdx,
https://www.n-tv.de/panorama/19-Jaehriger-geraet-in-Maishaecksler-schwer-verletzt-article25243720.html,20241009173143,cdx,
https://www.n-tv.de/panorama/Adenauers-Rolex-unterm-Hammer-article4509666.html,20241010005242,cdx,
https://www.n-tv.de/panorama/Al-Fayed-Anklaeger-erhalten-150-neue-Hinweise-auf-Ubergriffe-article25243254.html,20241009033904,cdx,
https://www.n-tv.de/panorama/Altweibersommer-geht-der-Herbst-kommt-article25243923.html,20241009161847,cdx,
https://www.n-tv.de/panorama/Angreifer-erschiesst-vier-Menschen-in-U-Bahn-in-Chicago-article25199792.html,20241010064013,cdx,
https://www.n-tv.de/panorama/AOK-Corona-Pandemie-sorgt-fuer-mehr-Depressionsfaelle-article25280838.html,20241009141224,cdx,
https://www.n-tv.de/panorama/Argentinisches-Folterzentrum-wird-UNESCO-Welterbestaette-article24408348.html,20241010005244,cdx,
https://www.n-tv.de/panorama/Australier-muss-fuer-Hitlergruss-ins-Gefaengnis-article25278963.html,20241009063857,cdx,
https://www.n-tv.de/panorama/Bergsteigerinnen-glaubten-sich-im-Himalaya-verloren-article25279729.html,20241009132626,cdx,
https://www.n-tv.de/panorama/Bergsteigerinnen-waehnten-sich-im-Himalaya-verloren-article25279729.html,20241009120932,cdx,
https://www.n-tv.de/panorama/Berliner-Panda-Babys-oeffnen-erstmals-die-Augen-article25280554.html,20241009132123,cdx,
https://www.n-tv.de/panorama/Besucher-verletzt-Klinikpersonal-in-Essen-article25244177.html,20241009170625,cdx,
https://www.n-tv.de/panorama/Bruecke-ins-Nichts-und-teures-WC-Lobbyverein-prangert-Verschwendung-an-article25280700.html,20241009140956,cdx,
https://www.n-tv.de/panorama/Charite-Arzte-faellen-vernichtendes-Urteil-ueber-eigenes-Haus-article25222404.html,20241010074104,cdx,
https://www.n-tv.de/panorama/Chemie-Nobelpreis-geht-an-Protein-Forscher-David-Baker-Damis-Hassabis-und-John-M-Jumper-article25279755.html,20241009102316,cdx,
https://www.n-tv.de/panorama/Das-sind-die-groessten-Angste-der-Deutschen-article25276726.html,20241009093820,cdx,
https://www.n-tv.de/panorama/Deutsche-stirbt-bei-Absturz-von-Kleinflugzeug-in-Spanien-article25242755.html,20241009034020,cdx,
https://www.n-tv.de/panorama/Deutsches-Gluecksniveau-erreicht-Tiefststand-article22920530.html,20241009173509,cdx,
https://www.n-tv.de/panorama/Die-Autobahn-wird-100-in-Italien-article25238025.html,20241009045047,cdx,
https://www.n-tv.de/panorama/Die-Corona-Sommerwelle-tuermt-sich-auf-article23420230.html,20241009121418,cdx,
https://www.n-tv.de/panorama/DJ-spielte-weiter-um-Massenpanik-zu-vermeiden-article25180012.html,20241009181052,cdx,
https://www.n-tv.de/panorama/Dorf-wird-evakuiert-article2426821.html,20241009212356,cdx,
https://www.n-tv.de/panorama/Easey-Street-Morde-nach-47-Jahren-vor-Aufklaerung-article25243351.html,20241009033857,cdx,
https://www.n-tv.de/panorama/Ermittler-pruefen-naechste-Explosion-im-Rheinland-article25244112.html,20241009171546,cdx,
https://www.n-tv.de/panorama/Ermittler-schliessen-Terror-Motiv-bei-Messerangriff-in-Solingen-nicht-aus-article25180067.html,20241009172911,cdx,
https://www.n-tv.de/panorama/Ex-Chefredakteur-der-Zeit-angeklagt-article12104381.html,20241009183609,cdx,
https://www.n-tv.de/panorama/Frachter-mit-explosivem-Kunstduenger-in-der-Ostsee-article25242639.html,20241009033834,cdx,
https://www.n-tv.de/panorama/Freundin-getoetet-15-Jaehriger-zu-Haftstrafe-verurteilt-article25280841.html,20241009135727,cdx,
https://www.n-tv.de/panorama/Gammelfleischparty-article40834.html,20241009201345,cdx,
https://www.n-tv.de/panorama/Grazer-ueberzeugt-die-Baerenfans-article25278964.html,20241009080950,cdx,
https://www.n-tv.de/panorama/Honecker-Anwalt-Friedrich-Wolff-ist-tot-article25005895.html,20241009192239,cdx,
https://www.n-tv.de/panorama/Hurrikan-Milton-fordert-erste-Tote-Stromnetz-bricht-zusammen-article25281960.html,20241010045526,cdx,
https://www.n-tv.de/panorama/Hurrikan-Milton-koennte-gefaehrlichster-Sturm-Floridas-werden-article25278895.html,20241009064028,cdx,
https://www.n-tv.de/panorama/Hurrikan-Milton-laesst-Stromnetz-teilweise-zusammenbrechen-article25281772.html,20241009223742,cdx,
https://www.n-tv.de/panorama/Hurrikan-Milton-laesst-Stromnetz-zusammenbrechen-article25281772.html,20241010043617,cdx,
https://www.n-tv.de/panorama/Im-Museum-die-Skulpturen-zu-beruehren-ist-strengstens-verboten-ausser-in-Ancona-wo-anfassen-ausdruecklich-erwuenscht-ist-article25129952.html,20241009175410,cdx,
https://www.n-tv.de/panorama/Italienischer-Altenpfleger-gesteht-vier-Morde-article25180118.html,20241009191854,cdx,
https://www.n-tv.de/panorama/Italiens-Regierung-ruft-in-zwei-Regionen-Notstand-aus-article25243140.html,20241009033437,cdx,
https://www.n-tv.de/panorama/Junger-Mann-wuergt-Polizisten-fast-bewusstlos-article25243897.html,20241009164016,cdx,
https://www.n-tv.de/panorama/Kolumne-Eine-fuer-alle-von-Sabine-Oelmann-dieses-Mal-zum-Thema-Lachen-article25233523.html,20241009033902,cdx,
https://www.n-tv.de/panorama/Krankenkasse-sieht-lange-Long-Covid-Fehlzeiten-article23445963.html,20241009121419,cdx,
https://www.n-tv.de/panorama/Literaturnobelpreis-geht-an-Norweger-Jon-Fosse-article24442591.html,20241009195820,cdx,
https://www.n-tv.de/panorama/Literaturnobelpreis-Wer-sind-die-Favoriten-2024-article25279177.html,20241009162507,cdx,
https://www.n-tv.de/panorama/Messerangriff-von-Solingen-Verdaechtiger-festgenommen-article25180362.html,20241010074032,cdx,
https://www.n-tv.de/der_tag/147-Festnahmen-in-der-Tuerkei-wegen-Verdachts-auf-IS-Mitgliedschaft-article24831621.html,20240923081032,cdx,
https://www.n-tv.de/der_tag/74-Jaehriger-gesteht-Angriff-auf-Franziska-Giffey-article25248481.html,20240924103051,cdx,
https://www.n-tv.de/der_tag/Adele-kuendigt-erste-Konzerte-nach-fuenfjaehriger-Pause-an-article22888221.html,20240924195920,cdx,
https://www.n-tv.de/der_tag/Albanien-will-neuen-Kleinstaat-errichten-article25246522.html,20240923134749,cdx,
https://www.n-tv.de/der_tag/Behoerden-ermitteln-nach-Jacht-Untergang-gegen-Kapitaen-article25182776.html,20240924222553,cdx,
https://www.n-tv.de/der_tag/Brandenburgs-SPD-beschliesst-Gespraeche-mit-CDU-und-BSW-article25247299.html,20240923201349,cdx,
https://www.n-tv.de/der_tag/Charlottestown-Trump-sagt-Namen-von-Stadt-in-Virginia-falsch-article25249970.html,20240924221741,cdx,
https://www.n-tv.de/der_tag/Das-war-Dienstag-der-20-August-article25171366.html,20240924042437,cdx,
https://www.n-tv.de/der_tag/Demontiertes-Sowjet-Denkmal-erzuernt-Russland-article15962271.html,20240924074848,cdx,
https://www.n-tv.de/der_tag/Der-Tag-am-4-September-2024-article25202689.html,20240923091311,cdx,
https://www.n-tv.de/der_tag/Der-Tag-am-Donnerstag-25-Juli-2024-article25112792.html,20240923092658,cdx,
https://www.n-tv.de/der_tag/Der-Tag-am-Donnerstag-dem-8-August-2024-article25144266.html,20240923105125,cdx,
https://www.n-tv.de/der_tag/Der-Tag-am-Montag-dem-23-September-2024-article25244822.html,20240923050816,cdx,
https://www.n-tv.de/der_tag/Der-Tag-auf-ntv-de-am-Donnerstag-22-August-2024-article25174283.html,20240924230930,cdx,
https://www.n-tv.de/der_tag/Einschlag-verhindern-Hera-startet-zu-Asteroiden-article25244850.html,20240923120442,cdx,
https://www.n-tv.de/der_tag/Fehlen-neun-Milliarden-Buergergeld-kostet-womoeglich-deutlich-mehr-als-geplant-article25247647.html,20240924051005,cdx,
https://www.n-tv.de/der_tag/Frau-von-Drogenboss-El-Chapo-laeuft-auf-Mailaender-Fashion-Week-article25246417.html,20240923134853,cdx,
https://www.n-tv.de/der_tag/Fuerstin-Charlene-von-Monaco-hat-Corona-article23378313.html,20240924171716,cdx,
https://www.n-tv.de/der_tag/Gruenen-Politikerin-Verbleib-in-der-Ampel-nuetzt-nichts-article25247360.html,20240923193450,cdx,
https://www.n-tv.de/der_tag/Hochrangiger-Hisbollah-Kommandeur-durch-israelischen-Angriff-getoetet-article24646284.html,20240924164124,cdx,related
https://www.n-tv.de/der_tag/Jens-Lehmann-ist-nach-Polizeikontrolle-Fuehrerschein-los-article25249864.html,20240924191611,cdx,
https://www.n-tv.de/der_tag/Justizvollzugsbediensteter-vertickt-Drogen-in-JVA-und-fliegt-auf-article25170333.html,20240923181232,cdx,
https://www.n-tv.de/der_tag/Kaiserslautern-trennt-sich-von-Trainer-Grammozis-article24734492.html,20240924054325,cdx,
https://www.n-tv.de/der_tag/Libanon-100-Tote-und-400-Verletzte-bei-Israels-Angriffen-article25246042.html,20240923131419,cdx,related
https://www.n-tv.de/der_tag/Macron-will-enger-mit-Russland-zusammenarbeiten-article20593367.html,20240924161918,cdx,
https://www.n-tv.de/der_tag/Mehrheit-der-Deutschen-will-aeltere-Autofahrer-zum-Fahrtest-schicken-article25248035.html,20240924083022,cdx,
https://www.n-tv.de/der_tag/Merz-Kretschmer-hat-CDU-Wahlkampf-massiv-geschadet-article25246699.html,20240923144244,cdx,
https://www.n-tv.de/der_tag/Mutter-taeuscht-Todesfall-vor-um-mit-Tochter-vor-Ferienbeginn-in-den-Urlaub-zu-fliegen-article25118424.html,20240923091311,cdx,
https://www.n-tv.de/der_tag/Mysterioese-Geraeusche-in-Stratosphaere-Forscher-raetseln-article24119144.html,20240923205223,cdx,
https://www.n-tv.de/der_tag/Nach-16-Jahren-The-Cure-bringen-neuen-Song-raus-article25247868.html,20240924090035,cdx,
https://www.n-tv.de/der_tag/Nach-fast-elf-Monaten-Geisel-aus-Gazastreifen-gerettet-article25185424.html,20240923223600,cdx,
https://www.n-tv.de/der_tag/Netflix-Star-stirbt-ueberraschend-mit-41-in-Marbella-article25192409.html,20240924101340,cdx,
https://www.n-tv.de/der_tag/Nordkorea-schickt-Hunderte-Muellballons-in-den-Sueden-article25206202.html,20240924011847,cdx,
https://www.n-tv.de/der_tag/Regionalzug-kracht-in-Gueterzug-bei-Moers-article25249151.html,20240924125009,cdx,
https://www.n-tv.de/der_tag/Trump-droht-deutschen-Autobauern-Werden-ihre-Fabriken-uebernehmen-article25249897.html,20240924182734,cdx,
https://www.n-tv.de/der_tag/US-Leitzinswende-ist-da-Fed-wagt-grossen-Schritt-nach-unten-article25237467.html,20240924010243,cdx,
https://www.n-tv.de/der_tag/USA-entsenden-zusaetzliche-Soldaten-in-Nahen-Osten-article25247191.html,20240923172144,cdx,
https://www.n-tv.de/der_tag/Verletzter-Palaestinenser-auf-Motorhaube-Berlin-nennt-Bilder-schwer-zu-ertragen-article25038765.html,20240924025350,cdx,
https://www.n-tv.de/der_tag/Verlieren-Sie-keine-Zeit-russische-Grossstadt-ruft-zu-Massenevakuierung-auf-article24869352.html,20240923145617,cdx,
https://www.n-tv.de/der_tag/Video-Flugzeug-Kollision-in-den-USA-toetet-einen-Piloten-article25246624.html,20240924012205,cdx,
https://www.n-tv.de/der_tag/Wassermassen-fordern-82-Todesopfer-in-Suedafrika-article23066655.html,20240923134036,cdx,
https://www.n-tv.de/der_tag/Zwei-toedliche-Unfaelle-binnen-Minuten-auf-einer-Strasse-article24111211.html,20240924231421,cdx,
https://www.n-tv.de/der_tag/Zwischenfall-in-New-York-Baerbock-weist-russischen-TV-Vertreter-zurecht-article25249946.html,20240924200202,cdx,
https://www.n-tv.de/mediathek/videos/Dokumentationen/Als-der-Terror-kam-die-Zeugen-von-9-11-article24879724.html,20240923104520,cdx,
https://www.n-tv.de/mediathek/videos/geldanlage-check/Vermoegensverwalterin-Man-sollte-bei-Dividende-nicht-nur-auf-Rendite-schauen-article25170576.html,20240923024657,cdx,
https://www.n-tv.de/mediathek/videos/geldanlage-check/Welle-von-Nvidia-wird-abflachen-dann-muss-man-raus-article25193890.html,20240924084244,cdx,
https://www.n-tv.de/mediathek/videos/LED-Lampen-auf-dem-Vormarsch-article308394.html,20240924181129,cdx,
https://www.n-tv.de/mediathek/videos/panorama/Anblick-von-Blue-Moon-verzaubert-Deutschland-article25170177.html,20240923021852,cdx,
https://www.n-tv.de/mediathek/videos/panorama/Biologen-weisen-Drogenrueckstaende-in-Meerestieren-nach-article24997586.html,20240924081041,cdx,
https://www.n-tv.de/mediathek/videos/panorama/Brite-baut-sich-privaten-Deich-article12256156.html,20240923072144,cdx,
https://www.n-tv.de/mediathek/videos/panorama/Chinesische-Firma-verkauft-Schweinsteiger-als-Wehrmachts-Puppe-article16190206.html,20240924024255,cdx,
https://www.n-tv.de/mediathek/videos/panorama/Der-Tag-an-dem-die-Mauer-fiel-article21382668.html,20240924204109,cdx,
https://www.n-tv.de/mediathek/videos/panorama/Deutscher-Kapitaen-schildert-Rettung-von-Jacht-Insassen-article25171640.html,20240923220644,cdx,
https://www.n-tv.de/mediathek/videos/panorama/Deutsches-Raketentriebwerk-explodiert-in-Schottland-article25170498.html,20240923014532,cdx,
https://www.n-tv.de/mediathek/videos/panorama/Diese-Stadt-fuehlt-sich-heute-anders-an-article25179895.html,20240923200111,cdx,
https://www.n-tv.de/mediathek/videos/panorama/Dresdener-stehen-nach-Bruecken-Einsturz-unter-Schock-article25219965.html,20240923104329,cdx,
https://www.n-tv.de/mediathek/videos/panorama/Europapark-Achterbahn-bleibt-hoch-oben-seitlich-stecken-article25222154.html,20240923162635,cdx,
https://www.n-tv.de/mediathek/videos/panorama/Experte-warnt-vor-ganzer-Reihe-aehnlicher-Bruecken-article25221197.html,20240923104738,cdx,
https://www.n-tv.de/mediathek/videos/panorama/Kaltfront-bringt-Suedafrika-ueberraschend-Schnee-article24249726.html,20240924024256,cdx,
https://www.n-tv.de/mediathek/videos/panorama/Kriminologe-Bogenschuetze-durch-Waffe-unsterblich-article22864580.html,20240923122814,cdx,
https://www.n-tv.de/mediathek/videos/panorama/LKW-faehrt-auf-Bahnuebergang-und-kracht-in-historische-Lok-article25170443.html,20240923014816,cdx,
https://www.n-tv.de/mediathek/videos/panorama/Maddie-Ermittler-pruefen-Spur-zu-weiterem-Vermisstenfall-article21828701.html,20240923075244,cdx,
https://www.n-tv.de/mediathek/videos/panorama/Mann-stirbt-nach-Schuss-im-Frankfurter-Hauptbahnhof-article25171809.html,20240923202856,cdx,
https://www.n-tv.de/mediathek/videos/panorama/Pelikan-versucht-Taube-zu-verschlingen-article25194446.html,20240924082231,cdx,
https://www.n-tv.de/mediathek/videos/panorama/Polizei-unterbindet-Hippie-Ritualfeuer-im-Harz-article25170771.html,20240923025500,cdx,
https://www.n-tv.de/mediathek/videos/panorama/Sachverstaendiger-informiert-ueber-Zustand-der-Carolabruecke-article25220735.html,20240923104917,cdx,
https://www.n-tv.de/mediathek/videos/panorama/Schlachtbetrieb-maltraetiert-Schweine-mit-CO2-Betaeubung-article25177027.html,20240923144450,cdx,
https://www.n-tv.de/mediathek/videos/panorama/Schuelerin-ueberlebt-Amoklauf-von-Muenchen-article18263176.html,20240924041612,cdx,
https://www.n-tv.de/mediathek/videos/panorama/Spruehregen-sorgt-in-Deutschland-fuer-Glaette-article5478356.html,20240923032831,cdx,
https://www.n-tv.de/mediathek/videos/panorama/Tech-Unternehmer-Mike-Lynch-nach-Bootsunglueck-vermisst-article25168462.html,20240923000713,cdx,
https://www.n-tv.de/mediathek/videos/panorama/Uberwachungskamera-haelt-Todesschuss-in-Frankfurt-fest-article25174017.html,20240924114554,cdx,
https://www.n-tv.de/mediathek/videos/panorama/Vulkanausbruch-ueberrascht-fahrlaessige-Wanderer-article25169694.html,20240923000143,cdx,
https://www.n-tv.de/mediathek/videos/panorama/Was-Braende-auf-See-besonders-gefaehrlich-macht-article24288558.html,20240923171722,cdx,
https://www.n-tv.de/mediathek/videos/panorama/Weiterer-Einbruch-der-Carolabruecke-in-Dresden-erwartet-article25219027.html,20240923103934,cdx,
https://www.n-tv.de/mediathek/videos/panorama/Zwei-Flugzeuge-der-Airline-Delta-kollidieren-in-Atlanta-article25219716.html,20240923104155,cdx,
https://www.n-tv.de/mediathek/videos/politik/AfD-kann-genuesslich-sehen-wie-andere-sich-zerschlagen-article25223304.html,20240923161832,cdx,
https://www.n-tv.de/mediathek/videos/politik/AfD-legt-nach-Sperrfeuer-der-letzten-Wochen-zu-article25001392.html,20240923202520,cdx,
https://www.n-tv.de/mediathek/videos/politik/Allein-gestern-gab-es-63-Angriffe-an-Pokrowsk-Front-article25170341.html,20240923020532,cdx,
https://www.n-tv.de/mediathek/videos/politik/Alte-Garde-schickt-nun-ihre-Kinder-in-Machtpositionen-article25170249.html,20240923003949,cdx,
https://www.n-tv.de/mediathek/videos/politik/Bei-von-der-Leyen-gibt-es-ein-paar-Fragezeichen-article25000335.html,20240923113313,cdx,
https://www.n-tv.de/mediathek/videos/politik/Britische-NGO-gibt-Ukrainern-neue-Fenster-article25224095.html,20240923161804,cdx,
https://www.n-tv.de/mediathek/videos/politik/CDU-Mann-Mario-Voigt-hat-AfD-in-Thueringen-aufgewertet-article25170518.html,20240923010534,cdx,
https://www.n-tv.de/mediathek/videos/politik/Denison-Biden-war-Notloesung-gegen-Trump-article25172968.html,20240924043845,cdx,
https://www.n-tv.de/mediathek/videos/politik/Erneute-Drohung-mit-Atomwaffen-ist-politischer-Bluff-article24931750.html,20240923104712,cdx,
https://www.n-tv.de/mediathek/videos/politik/EU-zieht-schaerfstes-Schwert-noch-nicht-article23153963.html,20240924061512,cdx,
https://www.n-tv.de/mediathek/videos/politik/Explosion-vor-Synagoge-Terroralarm-in-Suedfrankreich-article25179995.html,20240923200108,cdx,
https://www.n-tv.de/mediathek/videos/politik/Fritz-Michelle-Obama-hat-mehr-entfacht-als-ihr-Mann-article25171664.html,20240923201456,cdx,
https://www.n-tv.de/mediathek/videos/politik/Gefaengnisse-voll-UK-will-Tausende-Haeftlinge-entlassen-article25211207.html,20240924204258,cdx,
https://www.n-tv.de/mediathek/videos/politik/Grossbrand-in-russischem-Oldepot-geraet-ausser-Kontrolle-article25171114.html,20240923031727,cdx,
https://www.n-tv.de/mediathek/videos/politik/Habeck-Sollte-ich-jemals-Bundeskanzler-werden-wird-Christian-Lindner-nicht-Finanzminister-werden-article25171642.html,20240923175930,cdx,
https://www.n-tv.de/mediathek/videos/politik/Israel-beschiesst-Waffendepots-der-Hisbollah-im-Libanon-article25170994.html,20240923014448,cdx,
https://www.n-tv.de/mediathek/videos/politik/Israel-wirft-Flugblaetter-ueber-Libanon-ab-article25249348.html,20240924145710,cdx,
https://www.n-tv.de/mediathek/videos/politik/Jordanien-feiert-toedlichen-Anschlag-auf-Grenze-zu-Israel-article25213377.html,20240924215850,cdx,
https://www.n-tv.de/mediathek/videos/politik/Kubicki-stellt-Ampel-nach-Brandenburg-Wahl-Ultimatum-article25244962.html,20240923061854,cdx,
https://www.n-tv.de/mediathek/videos/politik/Merz-Forderung-rechtlich-und-politisch-hoch-bedenklich-article25215996.html,20240924211719,cdx,
https://www.n-tv.de/mediathek/videos/politik/Merz-macht-die-Wagenknecht-article25221381.html,20240923103508,cdx,
https://www.n-tv.de/mediathek/videos/politik/Michelle-Obama-ruehrt-Demokraten-Publikum-zu-Traenen-article25171644.html,20240923175645,cdx,
https://www.n-tv.de/mediathek/videos/politik/Moskau-meldet-Abschuss-von-zehn-ukrainischen-Drohnen-article25172719.html,20240924030817,cdx,
https://www.n-tv.de/mediathek/videos/politik/Muss-eine-harte-Antwort-Europas-geben-article20412487.html,20240924084939,cdx,
https://www.n-tv.de/mediathek/videos/politik/Muss-Russland-seine-Kraefte-aus-dem-Donbass-verlagern-article25167606.html,20240923015935,cdx,
https://www.n-tv.de/mediathek/videos/politik/Nahost-Experte-Bin-erstaunt-wie-Erdogan-auftritt-article24498602.html,20240923095802,cdx,
https://www.n-tv.de/mediathek/videos/politik/New-York-ruestet-sich-fuer-Proteste-bei-Trump-Anklage-article24001259.html,20240923095459,cdx,
https://www.n-tv.de/mediathek/videos/politik/Panzerfrage-spaltet-deutsche-Bevoelkerung-article23866708.html,20240924032352,cdx,
https://www.n-tv.de/mediathek/videos/politik/Parteien-haben-versaeumt-Resilienz-gegen-AfD-aufzubauen-article25246791.html,20240923183954,cdx,
https://www.n-tv.de/mediathek/videos/politik/Pro-Palaestina-Demo-geraet-mit-Polizei-aneinander-article25172726.html,20240924030518,cdx,
https://www.n-tv.de/mediathek/videos/politik/Raketentest-Panne-ist-Blamage-fuer-Russland-article25246505.html,20240923162546,cdx,
https://www.n-tv.de/mediathek/videos/politik/Regierungsbildung-in-Brandenburg-ohne-BSW-wird-es-schwerlich-gehen-article25245827.html,20240923111411,cdx,
https://www.n-tv.de/mediathek/videos/politik/Russen-droht-Einkesselung-suedlich-des-Sejm-article25171638.html,20240923162527,cdx,
https://www.n-tv.de/mediathek/videos/politik/Scholz-wettert-gegen-Union-Fuehrung-sieht-anders-aus-article25218768.html,20240923122509,cdx,
https://www.n-tv.de/mediathek/videos/politik/Scholz-zeigt-sich-kompromissbereit-im-Asyl-Politik-Streit-article25213379.html,20240923082701,cdx,
https://www.n-tv.de/mediathek/videos/politik/Seitdem-ist-Scholz-komplett-auf-der-Zinne-article25220588.html,20240923103422,cdx,
https://www.n-tv.de/mediathek/videos/politik/So-steht-es-um-moegliche-Koalition-zwischen-CDU-und-BSW-article25174022.html,20240924234002,cdx,
https://www.n-tv.de/mediathek/videos/politik/Soldaten-sagen-Kursk-Offensive-hat-Moral-gehoben-article25213401.html,20240924221521,cdx,
https://www.n-tv.de/mediathek/videos/politik/Staerkste-Kraft-in-schwierigen-Zeiten-und-mit-Abstand-article25001487.html,20240924193920,cdx,
https://www.n-tv.de/mediathek/videos/politik/Terrorist-war-als-Kleinkrimineller-bekannt-article20352234.html,20240923004547,cdx,
https://www.n-tv.de/mediathek/videos/politik/Umbach-Russische-Verluste-sind-hoeher-als-gedacht-article25077054.html,20240923174538,cdx,
https://www.n-tv.de/mediathek/videos/politik/Umfrage-zu-politischer-Stimmung-Union-weiter-staerkste-Kraft-gefolgt-von-AfD-und-SPD-article25170594.html,20240923000504,cdx,
https://www.n-tv.de/mediathek/videos/politik/Union-legt-zu-FDP-waere-raus-article25217345.html,20240924220958,cdx,
https://www.n-tv.de/mediathek/videos/politik/Union-stellt-Gesetzantrag-zur-Zurueckweisung-von-Migranten-article25222607.html,20240923163424,cdx,
https://www.n-tv.de/mediathek/videos/politik/Verheerende-Bilder-Israel-hat-massiv-eskaliert-article25246679.html,20240923155916,cdx,
https://www.n-tv.de/mediathek/videos/politik/Verraeter-Rufe-Demonstranten-stuermen-Senat-in-Mexiko-article25220672.html,20240923103024,cdx,
https://www.n-tv.de/mediathek/videos/politik/Von-Lucke-Ampel-wird-in-Gaenze-eine-Quittung-erhalten-article25000422.html,20240924212209,cdx,
https://www.n-tv.de/mediathek/videos/politik/Wagenknecht-kontra-Nouripour-Habe-ich-so-nicht-gesagt-article25001750.html,20240924193929,cdx,
https://www.n-tv.de/mediathek/videos/politik/Wahlkampf-mit-Polizistenmord-ist-hoch-unanstaendig-article25001850.html,20240924233404,cdx,
https://www.n-tv.de/mediathek/videos/politik/Warum-John-F-Kennedys-Neffe-jetzt-Trump-Supporter-ist-article25179536.html,20240923144446,cdx,
https://www.n-tv.de/mediathek/videos/politik/Wiederholt-sich-US-Wahlszenario-Aussicht-auf-den-Sieg-ist-deutlich-greifbarer-article25169201.html,20240923054444,cdx,
https://www.n-tv.de/mediathek/videos/politik/Wirkt-Trump-selbstbewusst-liegt-er-eigentlich-unten-article25219930.html,20240923103732,cdx,
https://www.n-tv.de/mediathek/videos/ratgeber/Blick-hinter-die-Kulissen-des-Skiparadieses-Zugspitze-article24741511.html,20240923015240,cdx,
https://www.n-tv.de/mediathek/videos/ratgeber/Diese-vermeintlichen-Unkraeuter-sind-wahre-Vitaminbomben-article25013775.html,20240923015239,cdx,
https://www.n-tv.de/mediathek/videos/ratgeber/E-Auto-Was-lohnt-sich-mehr-leasen-oder-kaufen-article24746494.html,20240923015241,cdx,
https://www.n-tv.de/mediathek/videos/ratgeber/In-sechs-Wochen-zum-Sixpack-so-geht-s-article24076777.html,20240923015240,cdx,
https://www.n-tv.de/mediathek/videos/ratgeber/Mundspuelungen-in-Stiftung-Warentest-article22336845.html,20240924221533,cdx,
https://www.n-tv.de/mediathek/videos/ratgeber/Nervenkitzel-im-Hollands-groesstem-Freizeitpark-Efteling-article24213276.html,20240923015243,cdx,
https://www.n-tv.de/mediathek/videos/ratgeber/Was-die-perfekte-Matratze-ausmacht-article25026570.html,20240923015239,cdx,
https://www.n-tv.de/mediathek/videos/ratgeber/Welche-Fahrradhaeuser-mit-Angebot-und-Beratung-ueberzeugen-article24901714.html,20240923015240,cdx,
https://www.n-tv.de/mediathek/videos/ratgeber/Wo-guenstiger-Ski-Urlaub-fuer-Familien-winkt-article24726941.html,20240923015239,cdx,
https://www.n-tv.de/mediathek/videos/Reise/Touristen-sitzen-tagelang-auf-Flughafen-Istanbul-fest-article19519456.html,20240923093226,cdx,
https://www.n-tv.de/mediathek/videos/Reise/Wenn-Urlauber-mit-dem-Handtuch-um-die-Wette-rennen-article18383081.html,20240923051510,cdx,
https://www.n-tv.de/mediathek/videos/So-Muncu-Die-Kolumne-article17798161.html,20240924075145,cdx,
https://www.n-tv.de/mediathek/videos/sport/Bundesliga-Topklubs-jagen-wieder-Meisterschale-hinterher-article25169761.html,20240923051752,cdx,
https://www.n-tv.de/mediathek/videos/sport/Cristiano-Ronaldo-verpasst-trotz-Tor-Sieg-bei-Saudi-Cup-article25167561.html,20240923002448,cdx,
https://www.n-tv.de/mediathek/videos/sport/FC-Bayern-gewinnt-Testspiel-Highlight-article25135074.html,20240923210720,cdx,
https://www.n-tv.de/mediathek/videos/sport/Irrer-Sprung-Ski-Star-Kobayashi-fliegt-291-Meter-weit-article24900351.html,20240923164714,cdx,
https://www.n-tv.de/mediathek/videos/sport/Manuel-Neuer-hat-das-Spiel-auf-den-Kopf-gestellt-article25173886.html,20240924081045,cdx,
https://www.n-tv.de/mediathek/videos/sport/Manuel-Neuer-verkuendet-Karriereende-als-DFB-Keeper-article25173699.html,20240924044654,cdx,
https://www.n-tv.de/mediathek/videos/sport/nfl/Indiana-Colts-erkaempfen-sich-ersten-Saison-Sieg-article25244695.html,20240923095121,cdx,
https://www.n-tv.de/mediathek/videos/sport/Spektakulaerer-Kane-knackt-Buli-Keeper-schliesslich-doch-article25218814.html,20240923105032,cdx,
https://www.n-tv.de/mediathek/videos/sport/Undav-traut-sich-Mueller-Erbe-zu-Ich-laber-viel-article25219408.html,20240923104014,cdx,
https://www.n-tv.de/mediathek/videos/sport/Zaehe-Rams-drehen-Spiel-in-buchstaeblich-letzter-Sekunde-article25244725.html,20240923092352,cdx,
https://www.n-tv.de/mediathek/videos/sport/Zeitraum-zwischen-Vorfall-und-Veroeffentlichung-zu-gross-article25171241.html,20240923054213,cdx,
https://www.n-tv.de/mediathek/videos/technik/Gamescom-ermoeglicht-ersten-Blick-auf-neues-Call-of-Duty-article25172288.html,20240924015008,cdx,
https://www.n-tv.de/mediathek/videos/unterhaltung/Das-sind-die-ersten-Promi-Mitspieler-der-Verraeter-article25219895.html,20240923103739,cdx,
https://www.n-tv.de/mediathek/videos/unterhaltung/Die-Aufs-und-Abs-von-Bennifer-article25172385.html,20240923235434,cdx,
https://www.n-tv.de/mediathek/videos/unterhaltung/Fast-40-Jahre-juenger-H-P-Baxxter-heiratet-Studentin-article25000595.html,20240923020505,cdx,
https://www.n-tv.de/mediathek/videos/unterhaltung/Live-gezeichnet-So-entsteht-echte-Donald-Duck-Kunst-article24999584.html,20240923030647,cdx,
https://www.n-tv.de/mediathek/videos/unterhaltung/Nach-Mockridge-Skandal-Podcaster-setzen-einen-drauf-article25222926.html,20240923160618,cdx,
https://www.n-tv.de/mediathek/videos/unterhaltung/Naomi-Campbell-feiert-und-knutscht-mit-Berliner-DJ-article25172747.html,20240924043432,cdx,
https://www.n-tv.de/mediathek/videos/unterhaltung/Peter-Kloeppels-Nachrichtenkarriere-in-Bildern-article25169605.html,20240923035405,cdx,
https://www.n-tv.de/mediathek/videos/unterhaltung/Prinz-Charles-bedankt-sich-fuer-weltweite-Anteilnahme-article22482912.html,20240923184106,cdx,
https://www.n-tv.de/mediathek/videos/unterhaltung/Schumacher-Freund-Etienne-ist-enttaeuscht-von-Cora-article25219404.html,20240923103419,cdx,
https://www.n-tv.de/mediathek/videos/unterhaltung/Wieder-in-der-Offentlichkeit-so-geht-es-Juergen-Drews-article25219550.html,20240923104859,cdx,
https://www.n-tv.de/mediathek/videos/wirtschaft/25-Prozent-mehr-Lohn-bei-Boeing-so-reagiert-die-Boerse-article25213684.html,20240924204929,cdx,
https://www.n-tv.de/mediathek/videos/wirtschaft/Aktive-Fondsmanager-haben-nicht-viel-Cash-in-der-Kasse-article25213750.html,20240923081654,cdx,
https://www.n-tv.de/mediathek/videos/wirtschaft/Click-to-pay-Visa-fuehrt-eigenes-Bezahlverfahren-ein-article25247718.html,20240924085532,cdx,
https://www.n-tv.de/mediathek/videos/wirtschaft/Das-bringt-die-Fussball-EM-der-deutschen-Wirtschaft-article25013004.html,20240923015243,cdx,
https://www.n-tv.de/mediathek/videos/wirtschaft/Diese-Vorschlaege-machen-Auto-Verbaende-und-Politik-article25244285.html,20240923074309,cdx,
https://www.n-tv.de/mediathek/videos/wirtschaft/Finanzbranche-will-Verbot-fuer-Ruestungs-Aktien-kippen-article25221508.html,20240923103654,cdx,
https://www.n-tv.de/mediathek/videos/wirtschaft/Flugtaxi-Entwickler-Lilium-prueft-wohl-Abflug-ins-Ausland-article25170476.html,20240923003608,cdx,
https://www.n-tv.de/mediathek/videos/wirtschaft/In-diesem-Sterne-Restaurant-verzichtet-man-auf-Etikette-article24839244.html,20240923015240,cdx,
https://www.n-tv.de/mediathek/videos/wirtschaft/Jugendliche-tappen-haeufiger-in-Kleinkredit-Schuldenfalle-article24990236.html,20240923011237,cdx,
https://www.n-tv.de/mediathek/videos/wirtschaft/KI-treibt-Glorreiche-Sieben-vor-sich-her-article25132548.html,20240923212505,cdx,
https://www.n-tv.de/mediathek/videos/wirtschaft/Malaysia-aendert-umstrittene-Orang-Utan-Plaene-ab-article25169251.html,20240923003637,cdx,
https://www.n-tv.de/mediathek/videos/wirtschaft/Mittelstand-schuetzt-sich-kaum-vor-Hacker-Attacken-article12656161.html,20240923153038,cdx,
https://www.n-tv.de/mediathek/videos/wirtschaft/So-tricksen-Banken-und-Investoren-den-deutschen-Staat-aus-article25240586.html,20240923091828,cdx,
https://www.n-tv.de/mediathek/videos/wirtschaft/So-viel-Geld-spuelen-Adeles-Mega-Shows-in-Muenchens-Kassen-article25133899.html,20240924152956,cdx,
https://www.n-tv.de/mediathek/videos/wirtschaft/Umfrage-zeigt-verbesserte-Wahrnehmung-von-Unternehmen-article25167964.html,20240923162524,cdx,
https://www.n-tv.de/mediathek/videos/wirtschaft/Verdi-schlaegt-Alarm-nach-Anteil-Kauf-von-Commerzbank-article25222757.html,20240923163608,cdx,
https://www.n-tv.de/mediathek/videos/wirtschaft/Warten-auf-die-Fed-Sind-guenstige-Spritpreise-nur-von-kurzer-Dauer-article25223435.html,20240923162455,cdx,
https://www.n-tv.de/mediathek/videos/wirtschaft/Weil-schlaegt-Rueckkehr-der-Kaufpraemie-fuer-E-Autos-vor-article25218756.html,20240923104729,cdx,
https://www.n-tv.de/mediathek/videos/wissen/Hier-waechst-frisches-Gemuese-in-Tiefgarage-und-Bunker-article23753433.html,20240923015240,cdx,
https://www.n-tv.de/mediathek/videos/wissen/Toedliche-Bakterien-breiten-sich-in-Ostsee-aus-article21196649.html,20240924034933,cdx,
https://www.n-tv.de/panorama/23-13-Ansteckungswelle-rollt-von-Norden-ueber-Deutschland--article22743665.html,20240923125548,cdx,
https://www.n-tv.de/panorama/Achtjaehrige-in-Tuerkei-ermordet-aufgefunden-article25213109.html,20240923080103,cdx,
https://www.n-tv.de/panorama/Airline-laesst-14-Jaehrigen-trotz-Ticket-allein-am-Flughafen-zurueck-article25172712.html,20240924034855,cdx,
https://www.n-tv.de/panorama/Antisemit-erschiesst-in-Kansas-drei-Menschen-article12655506.html,20240923091531,cdx,
https://www.n-tv.de/panorama/Arzte-finden-grosses-Haarknaeuel-im-Magen-eines-Maedchens-article25172999.html,20240924042619,cdx,
https://www.n-tv.de/panorama/Attentaeter-stuermt-Batman-Premiere-article6776676.html,20240924041257,cdx,
https://www.n-tv.de/panorama/Barbie-wuerdigt-Power-Frauen-article20325665.html,20240923111707,cdx,
https://www.n-tv.de/panorama/Brutalismus-der-rohe-Beton-wird-wieder-geschaetzt-article25199080.html,20240923085200,cdx,
https://www.n-tv.de/panorama/Busfahrer-nach-toedlichem-Unfall-in-Australien-zu-32-Jahren-Haft-verurteilt-article25219495.html,20240923110605,cdx,
https://www.n-tv.de/panorama/Carolabruecke-Dresden-Bauwerk-soll-komplett-einsturzgefaehrdet-sein-article25220765.html,20240923110718,cdx,
https://www.n-tv.de/panorama/Carolabruecke-in-Dresden-eingestuerzt-Feuerwehr-bereitet-sich-auf-Hochwasser-vor-article25220481.html,20240923124711,cdx,
https://www.n-tv.de/panorama/Carolabruecke-in-Dresden-teilweise-eingestuerzt-article25218789.html,20240923103838,cdx,
https://www.n-tv.de/panorama/Der-Brat-Girl-Summer-und-die-Gegenbewegung-Demure-sind-bei-Social-Media-ein-heissdiskutiertes-Thema-article25175470.html,20240924164749,cdx,
https://www.n-tv.de/panorama/Der-Taeter-schoss-dem-Opfer-dreimal-in-den-Kopf-article25173665.html,20240924044419,cdx,
https://www.n-tv.de/panorama/Deutscher-verschenkt-Millionen-article9766181.html,20240924172931,cdx,
https://www.n-tv.de/panorama/Deutschlandticket-kostet-58-Euro-ab-2025-article25245753.html,20240923100243,cdx,
https://www.n-tv.de/panorama/Drei-mutmassliche-Rechtsextremisten-verhaftet-article24603398.html,20240923163612,cdx,
https://www.n-tv.de/panorama/Drei-Schluchten-Damm-bedroht-article1090136.html,20240923124625,cdx,
https://www.n-tv.de/panorama/Duo-knackt-Jackpot-article222072.html,20240923144035,cdx,
https://www.n-tv.de/panorama/Ex-Haeftling-bekommt-groesste-Entschaedigung-der-US-Geschichte-article25219526.html,20240923104646,cdx,
https://www.n-tv.de/panorama/Fachwerkhaeuser-zerstoert-article732461.html,20240923214329,cdx,
https://www.n-tv.de/panorama/Fake-News-zu-Southport-Pakistan-nimmt-Webentwickler-fest-article25174014.html,20240924133618,cdx,
https://www.n-tv.de/panorama/Familie-veruebt-grausame-Mordserie-article11408076.html,20240923224552,cdx,
https://www.n-tv.de/panorama/Fans-bringen-toten-Freund-mit-article2961981.html,20240923001315,cdx,
https://www.n-tv.de/panorama/Fensterputzer-ueberlebt-article281760.html,20240924041640,cdx,
https://www.n-tv.de/panorama/Frau-mit-offiziell-breitester-Zunge-der-Welt-gekuert-article25172101.html,20240924003134,cdx,
https://www.n-tv.de/panorama/Frauen-dominieren-Longlist-fuer-Deutschen-Buchpreis-article25170502.html,20240923021848,cdx,
https://www.n-tv.de/panorama/Frauenleiche-ist-Mutter-der-toten-Kinder-article18890661.html,20240923184445,cdx,
https://www.n-tv.de/panorama/Hansa-Stavanger-ist-frei-article445621.html,20240923194639,cdx,
https://www.n-tv.de/panorama/Hochwasser-bremst-Badespass-article10827001.html,20240923035415,cdx,
https://www.n-tv.de/panorama/Identitaet-der-kopflosen-Leiche-aus-Havelkanal-geklaert-article25173990.html,20240924113259,cdx,
https://www.n-tv.de/panorama/Italien-ermittelt-nach-Jachtunglueck-wegen-Totschlags-article25179780.html,20240923172753,cdx,
https://www.n-tv.de/panorama/J-J-liefert-6-5-Millionen-Impfdosen-weniger-article22615477.html,20240923012153,cdx,
https://www.n-tv.de/panorama/Jackpot-nicht-geknackt-article47666.html,20240923090325,cdx,
https://www.n-tv.de/panorama/Jeder-zehnte-Deutsche-ist-Veganer-oder-Vegetarier-article24408055.html,20240924134148,cdx,
https://www.n-tv.de/panorama/Jugendwort-des-Jahres-2024-Wird-es-Talahon-Aura-oder-Schere--article25216198.html,20240924204532,cdx,
https://www.n-tv.de/panorama/Justiz-ermittelt-wegen-Gruppenvergewaltigung-in-Herford-article25220052.html,20240923105224,cdx,
https://www.n-tv.de/panorama/Kanadier-gewinnt-Luftgitarren-WM-in-Finnland-article25179884.html,20240923194233,cdx,
https://www.n-tv.de/panorama/Kino-Attentaeter-war-in-Behandlung-article6834436.html,20240924041257,cdx,
https://www.n-tv.de/panorama/Kliniken-fuerchten-dramatische-Omikron-Lage-article23008133.html,20240923090603,cdx,
https://www.n-tv.de/panorama/Lassa-Patienten-geht-es-sehr-schlecht-article17246911.html,20240924064551,cdx,
https://www.n-tv.de/panorama/LKA-veroeffentlicht-neues-Video-von-Ex-RAF-Terrorist-Burkhard-Garweg-article25221370.html,20240923110926,cdx,
https://www.n-tv.de/panorama/Lotto-Millionaer-gesucht-article19908244.html,20240924111310,cdx,
https://www.n-tv.de/panorama/Maddie-Ermittler-suchen-intensiv-nach-Leiche-article21833713.html,20240923075240,cdx,
https://www.n-tv.de/panorama/Magenbeschwerden-haben-erstaunliche-Ursache-article24432003.html,20240924045114,cdx,
https://www.n-tv.de/panorama/Malibu-Erdbeben-erschuettert-Promi-Ort-bei-Los-Angeles-article25224080.html,20240923162459,cdx,
https://www.n-tv.de/panorama/Mann-in-Hamburg-Billstedt-erstochen-article25170897.html,20240923025823,cdx,
https://www.n-tv.de/panorama/Maria-Branyas-Morera-die-vermutlich-aelteste-Frau-der-Welt-stirbt-mit-117-Jahren-article25170751.html,20240923035511,cdx,
https://www.n-tv.de/panorama/Meerjungfrau-bekommt-Mann-article6397851.html,20240923133457,cdx,
https://www.n-tv.de/panorama/Milliardaer-zahlt-Boni-aus-article3635761.html,20240923130450,cdx,
