url,first_capture,source,event_candidate
https://www.zdf.de/nachrichten/bilder/bg-pulitzer-preis-ap-bilder-100.html,20240915045337,cdx,
https://www.zdf.de/nachrichten/bilder/island-grindavik-vulkanausbruch-108.html,20240916063358,cdx,
https://www.zdf.de/nachrichten/bilder/unwetter-katastrophe-ueberschwemmungen-libyen-100.html,20240915214838,cdx,
https://www.zdf.de/nachrichten/briefing/faeser-messer-waldbraende-ukraine-unwetter-zdfheute-update-100.html,20240916034145,cdx,
https://www.zdf.de/nachrichten/briefing/good-news-bildung-pisa-zdfheute-update-100.html,20240915035256,cdx,
https://www.zdf.de/nachrichten/briefing/good-news-boden-renaturierung-zdfheute-update-100-100.html,20240916073447,cdx,
https://www.zdf.de/nachrichten/briefing/good-news-gesundheit-medizin-zdfheute-update-100.html,20240915110955,cdx,
https://www.zdf.de/nachrichten/briefing/good-news-pilze-wald-zdfheute-update-100.html,20240915021147,cdx,
https://www.zdf.de/nachrichten/briefing/grenzkontrollen-migration-pontzen-zdfheute-update-100.html,20240916083024,cdx,
https://www.zdf.de/nachrichten/briefing/haushalt-ampel-mpox-antisemitismus-zdfheute-update-100.html,20240916190242,cdx,
https://www.zdf.de/nachrichten/briefing/haushalt-verfassungsgericht-bahn-union-berlin-heino-zdfheute-update-100.html,20240915111218,cdx,
https://www.zdf.de/nachrichten/briefing/israel-baerbock-valentinstag-aschermittwoch-zimmermann-zdfheute-update-100.html,20240915003055,cdx,
https://www.zdf.de/nachrichten/briefing/israel-hamas-landtagswahl-zdfheute-update-100.html,20240916093449,cdx,
https://www.zdf.de/nachrichten/briefing/jugend-zukunft-de-maiziere-zdfheute-update-100.html,20240915151025,cdx,
https://www.zdf.de/nachrichten/briefing/kim-zug-putin-zdfheute-update-100.html,20240915010336,cdx,
https://www.zdf.de/nachrichten/briefing/lieferketten-scholz-biden-super-bowl-zdfheute-update-100.html,20240915014224,cdx,
https://www.zdf.de/nachrichten/briefing/lindner-kredit-immunitaet-banerjee-zdfheute-update-100.html,20240915014353,cdx,
https://www.zdf.de/nachrichten/briefing/superreiche-haushalt-banerjee-zdfheute-update-100.html,20240916093238,cdx,
https://www.zdf.de/nachrichten/briefing/thueringen-sachsen-koalitionen-zdfheute-update-100.html,20240916184715,cdx,
https://www.zdf.de/nachrichten/briefing/wagenknecht-buendnis-parteitag-maurer-zdfheute-update-102.html,20240915102640,cdx,
https://www.zdf.de/nachrichten/digitales/hamas-video-propaganda-russland-israel-100.html,20240916195856,cdx,
https://www.zdf.de/nachrichten/drehscheibe/jenseitsmedien-kontakt-verstorbene-parapsychologe-100.html,20240916095714,cdx,
https://www.zdf.de/nachrichten/drehscheibe/was-passiert-mit-spendengeldern-in-der-ukraine-100.html,20240915210923,cdx,
https://www.zdf.de/nachrichten/heute/bilder/silvia-von-schweden-116.html,20240915112905,cdx,
https://www.zdf.de/nachrichten/heute/bilder/trabi-116.html,20240916151529,cdx,
https://www.zdf.de/nachrichten/heute/bildergalerie-die-zeugen-in-der-ukraine-affaere-100.html,20240915092833,cdx,
https://www.zdf.de/nachrichten/heute/eine-woche-nach-erdbeben-auf-lombok-100.html,20240915211111,cdx,
https://www.zdf.de/nachrichten/heute/zdf-in-eigener-sache-korrekturen-100.html,20240915203958,cdx,
https://www.zdf.de/nachrichten/panorama/abtreibung-legalisierung-kampagne-schwangerschaftsabbruch-100.html,20240916152314,cdx,
https://www.zdf.de/nachrichten/panorama/achterbahn-arbeiter-tod-oktoberfest-100.html,20240916191854,cdx,
https://www.zdf.de/nachrichten/panorama/aegypten-hai-hurghada-100.html,20240916161640,cdx,
https://www.zdf.de/nachrichten/panorama/affenpocken-usa-gay-lgbtq-community-100.html,20240916092529,cdx,
https://www.zdf.de/nachrichten/panorama/australien-heissluftballon-passagier-tod-100.html,20240916161513,cdx,
https://www.zdf.de/nachrichten/panorama/bahn-tickets-fahrplan-preise-100.html,20240916093516,cdx,
https://www.zdf.de/nachrichten/panorama/bildergalerie-hotel-reichsschenke-100.html,20240916202851,cdx,
https://www.zdf.de/nachrichten/panorama/bilderserie-prinz-harry-geburtstag-100.html,20240916020912,cdx,
https://www.zdf.de/nachrichten/panorama/bus-venedig-bruecke-tote-100.html,20240915163204,cdx,
https://www.zdf.de/nachrichten/panorama/cannabis-anbau-studium-erfurt-100.html,20240915143123,cdx,
https://www.zdf.de/nachrichten/panorama/cannabis-grenzwert-auto-verkehr-100.html,20240916001647,cdx,
https://www.zdf.de/nachrichten/panorama/ces-2024-technikmesse-las-vegas-100.html,20240916160954,cdx,
https://www.zdf.de/nachrichten/panorama/chance-risiko-ki-verbraucherschutz-100.html,20240916103643,cdx,
https://www.zdf.de/nachrichten/panorama/china-erdbeben-gansu-100.html,20240915210050,cdx,
https://www.zdf.de/nachrichten/panorama/currywurst-wird-75-100.html,20240916203000,cdx,
https://www.zdf.de/nachrichten/panorama/einsamkeit-langzeitstudie-paus-100.html,20240916044259,cdx,
https://www.zdf.de/nachrichten/panorama/emmy-awards-2024-shogun-hacks-bear-100.html,20240916111558,cdx,
https://www.zdf.de/nachrichten/panorama/feuer-riesenrad-highfield-festival-leipzig-grosspoesna-stoermthaler-see-100.html,20240915204337,cdx,
https://www.zdf.de/nachrichten/panorama/flughafen-sicherheit-regeln-fluessigkeit-100.html,20240916194538,cdx,
https://www.zdf.de/nachrichten/panorama/frauen-rechte-feminismus-175-jahre-zeitschrift-100.html,20240916092242,cdx,
https://www.zdf.de/nachrichten/panorama/gamescom-computerspiele-sucht-100.html,20240916190200,cdx,
https://www.zdf.de/nachrichten/panorama/gewalt-arztpraxen-deutschland-100.html,20240916172115,cdx,
https://www.zdf.de/nachrichten/panorama/grenfell-brandkatastrophe-london-100.html,20240915205336,cdx,
https://www.zdf.de/nachrichten/panorama/hitze-muedigkeit-schlafprobleme-dak-studie-100.html,20240916131231,cdx,
https://www.zdf.de/nachrichten/panorama/hochwasser-abrissarbeiten-carolabruecke-dresden-einsturz-100.html,20240915021132,cdx,
https://www.zdf.de/nachrichten/panorama/hochwasser-thw-vorbereitung-deutschland-100.html,20240916130931,cdx,
https://www.zdf.de/nachrichten/panorama/hogwarts-express-zug-schottland-100.html,20240915170023,cdx,
https://www.zdf.de/nachrichten/panorama/hot-chips-rueckruf-100.html,20240915002702,cdx,
https://www.zdf.de/nachrichten/panorama/indien-tunnel-rettung-arbeiter-100.html,20240915190251,cdx,
https://www.zdf.de/nachrichten/panorama/island-eishoehle-einsturz-100.html,20240916184954,cdx,
https://www.zdf.de/nachrichten/panorama/jacht-sizilien-bayesian-mike-lynch-portraet-100.html,20240916195041,cdx,
https://www.zdf.de/nachrichten/panorama/jugendliche-krankenhaus-psychische-erkrankung-100.html,20240915210646,cdx,
https://www.zdf.de/nachrichten/panorama/keinohrhasen-zweiohrkueken-til-schweiger-prozess-100.html,20240915113312,cdx,
https://www.zdf.de/nachrichten/panorama/ki-landwirtschaft-bauern-duenger-100.html,20240915021037,cdx,
https://www.zdf.de/nachrichten/panorama/klima-naturkatastrophen-extremwetter-milliardenschaden-bilanz-100.html,20240916065252,cdx,
https://www.zdf.de/nachrichten/panorama/klimawandel-studie-menschen-bezahlen-klimaschutz-100.html,20240916104050,cdx,
https://www.zdf.de/nachrichten/panorama/klimawandel-west-pazifik-meeresspiegel-folgen-100.html,20240916033200,cdx,
https://www.zdf.de/nachrichten/panorama/krankheitswelle-influenza-grippe-rv-virus-100.html,20240915005345,cdx,
https://www.zdf.de/nachrichten/panorama/kriminalitaet/altenpfleger-bremen-mord-lebenslange-haft-100.html,20240916011102,cdx,
https://www.zdf.de/nachrichten/panorama/kriminalitaet/den-haag-klima-demo-polizei-100.html,20240915195815,cdx,
https://www.zdf.de/nachrichten/panorama/kriminalitaet/gewalt-beziehung-frauen-studie-who-100.html,20240916092201,cdx,
https://www.zdf.de/nachrichten/panorama/kriminalitaet/ki-kuenstliche-intelligenz-polizei-einsatz-100.html,20240915174901,cdx,
https://www.zdf.de/nachrichten/panorama/kriminalitaet/messerangriff-london-verletzte-festnahme-100.html,20240916034202,cdx,
https://www.zdf.de/nachrichten/panorama/kriminalitaet/messerangriff-schule-bischofswerda-100.html,20240915013338,cdx,
https://www.zdf.de/nachrichten/panorama/kriminalitaet/moerder-flucht-germersheim-100.html,20240916161520,cdx,
https://www.zdf.de/nachrichten/panorama/kriminalitaet/montabaur-tote-gewalttat-polizeieinsatz-100.html,20240916160451,cdx,
https://www.zdf.de/nachrichten/panorama/kriminalitaet/museum-mitarbeiter-gemaelde-faelschung-versteigerung-100.html,20240915102653,cdx,
https://www.zdf.de/nachrichten/panorama/kriminalitaet/nashorn-tierpflegerin-zoo-salzburg-ehemann-attacke-100.html,20240915201428,cdx,
https://www.zdf.de/nachrichten/panorama/kriminalitaet/obdachloser-tod-jugendliche-horn-bad-meinberg-100.html,20240915102220,cdx,
https://www.zdf.de/nachrichten/panorama/kriminalitaet/razzia-cyberkriminalitaet-new-world-order-100.html,20240915163352,cdx,
https://www.zdf.de/nachrichten/panorama/kriminalitaet/schuelerin-getoetet-st-leon-rot-gymnasium-100.html,20240915192629,cdx,
https://www.zdf.de/nachrichten/panorama/kriminalitaet/slowakei-privatzoo-raubkatze-besitzer-tot-100.html,20240916201832,cdx,
https://www.zdf.de/nachrichten/panorama/kriminalitaet/studie-netzwerke-jugendhilfe-sexualisierte-gewalt-kinder-kentler-100.html,20240916194102,cdx,
https://www.zdf.de/nachrichten/panorama/kriminalitaet/verbraucherzentrale-fake-shop-finder-internet-betrug-100.html,20240916100812,cdx,
https://www.zdf.de/nachrichten/panorama/london-karneval-strassenfest-gewalt-100.html,20240915083633,cdx,
https://www.zdf.de/nachrichten/panorama/matthew-perry-todesursache-100.html,20240916162940,cdx,
https://www.zdf.de/nachrichten/panorama/meta-facebook-entlassungen-100.html,20240915032340,cdx,
https://www.zdf.de/nachrichten/panorama/mittelmeer-gefluechtete-tote-100.html,20240916194337,cdx,
https://www.zdf.de/nachrichten/panorama/mpox-affenpocken-kongo-fluechtlinge-lager-100.html,20240916191846,cdx,
https://www.zdf.de/nachrichten/panorama/onlinestudie-zdf-ard-mediennutzung-internet-mobil-100.html,20240915143019,cdx,
https://www.zdf.de/nachrichten/panorama/parken-gebuehren-paris-erhoehung-abstimmung-suv-gelaendewagen-100.html,20240915202003,cdx,
https://www.zdf.de/nachrichten/panorama/peter-fitzek-selbsternannter-koenig-deutschland-haft-reichsbuerger-100.html,20240916203624,cdx,
https://www.zdf.de/nachrichten/panorama/polaris-dawn-rueckkehr-space-x-dragon-crew-musk-100.html,20240915200642,cdx,
https://www.zdf.de/nachrichten/panorama/prinz-harry-geburtstag-100.html,20240915071359,cdx,
https://www.zdf.de/nachrichten/panorama/prominente/alain-delon-tot-100.html,20240915233554,cdx,
https://www.zdf.de/nachrichten/panorama/prominente/bbc-moderator-edwards-urteil-kinderpornografie-100.html,20240916170305,cdx,
https://www.zdf.de/nachrichten/panorama/prominente/bilderserie-filmfestspiele-venedig-100.html,20240916192819,cdx,
https://www.zdf.de/nachrichten/panorama/prominente/danny-masterson-vergewaltigung-urteil-100.html,20240916000436,cdx,
https://www.zdf.de/nachrichten/panorama/prominente/loriot-vicco-buelow-100-100.html,20240915015016,cdx,
https://www.zdf.de/nachrichten/panorama/prominente/mette-marit-sohn-marius-borg-hoiby-festnahme-polizei-100.html,20240915020955,cdx,
https://www.zdf.de/nachrichten/panorama/prominente/oasis-comeback-tour-100.html,20240916194724,cdx,
https://www.zdf.de/nachrichten/panorama/prominente/oesterreich-richard-moertel-lugner-tot-100.html,20240916034154,cdx,
https://www.zdf.de/nachrichten/panorama/prominente/prinz-harry-geburtstag-100.html,20240916163637,cdx,
https://www.zdf.de/nachrichten/panorama/prominente/prinz-harry-geburtstag-meghan-duesseldorf-invictus-games-100.html,20240916164617,cdx,
https://www.zdf.de/nachrichten/panorama/prominente/quiz-champion-johannes-b-kerner-krebshilfe-100.html,20240915020500,cdx,
https://www.zdf.de/nachrichten/panorama/prominente/sean-diddy-combs-puff-daddy-rapper-vergewaltigung-vorwurf-cassie-100.html,20240915205741,cdx,
https://www.zdf.de/nachrichten/panorama/prominente/stefan-raab-comeback-tv-boxkampf-regina-halmich-100.html,20240915010414,cdx,
https://www.zdf.de/nachrichten/panorama/prominente/taylor-swift-konzert-seattle-mini-beben-100.html,20240915233159,cdx,
https://www.zdf.de/nachrichten/panorama/prominente/tote-stars-2023-100.html,20240915233411,cdx,
https://www.zdf.de/nachrichten/panorama/prominente/versteigerung-sothebys-freddie-mercury-100.html,20240915012935,cdx,
https://www.zdf.de/nachrichten/panorama/punks-sylt-protestcamp-halbzeit-100.html,20240916202812,cdx,
https://www.zdf.de/nachrichten/panorama/schweden-europastrasse-abschnitt-einsturz-erdrutsch-100.html,20240915200227,cdx,
https://www.zdf.de/nachrichten/panorama/seipel-putin-interview-ard-ukraine-100.html,20240916001206,cdx,
https://www.zdf.de/nachrichten/panorama/silvester-2023-feuerwerk-feiern-weltweit-100.html,20240915002924,cdx,
https://www.zdf.de/nachrichten/panorama/silvester-feuerwerk-neujahr-verkauf-kritik-100.html,20240915102455,cdx,
https://www.zdf.de/nachrichten/panorama/strafvollzug-jugend-seehaus-ohne-mauern-plan-b-100.html,20240915113225,cdx,
https://www.zdf.de/nachrichten/panorama/streaming-dienste-medien-werbung-kosten-abonnement-100.html,20240915021310,cdx,
https://www.zdf.de/nachrichten/panorama/subway-shirt-frauen-tiktok-100.html,20240915191454,cdx,
https://www.zdf.de/nachrichten/panorama/suedafrika-breitmaul-nashorn-naturschuetzer-zuchtprojekt-100.html,20240915233436,cdx,
https://www.zdf.de/nachrichten/panorama/titanic-wrack-zerfall-100.html,20240916193317,cdx,
https://www.zdf.de/nachrichten/panorama/tito-jackson-gestorben-100.html,20240916150756,cdx,
https://www.zdf.de/nachrichten/panorama/tornado-deutschland-schleswig-holstein-wetter-100.html,20240916153524,cdx,
https://www.zdf.de/nachrichten/panorama/trauerzug-solingen-brand-100.html,20240915202123,cdx,
https://www.zdf.de/nachrichten/panorama/trend-tradwives-tiktok-social-media-100.html,20240916092143,cdx,
https://www.zdf.de/nachrichten/panorama/twitter-geht-nicht-gestoert-100.html,20240915174627,cdx,
https://www.zdf.de/nachrichten/panorama/unwetter-hochwasser-dauerregen-tote-spannung-europa-100.html,20240915075000,cdx,
https://www.zdf.de/nachrichten/panorama/unwetter-hochwasser-deutschland-bayern-dresden-polen-100.html,20240915020425,cdx,
https://www.zdf.de/nachrichten/panorama/unwetter-hochwasser-tote-schaeden-europa-100.html,20240916122359,cdx,
https://www.zdf.de/nachrichten/panorama/valeriia-doebeln-vermisst-100.html,20240915191114,cdx,
https://www.zdf.de/nachrichten/panorama/waldbraende-izmir-tuerkei-100.html,20240915192330,cdx,
https://www.zdf.de/nachrichten/panorama/waldbrand-griechenland-evakuierung-marathon-krankenhaeuser-100.html,20240916041756,cdx,
https://www.zdf.de/nachrichten/panorama/warntag-alarm-2024-100.html,20240915142606,cdx,
https://www.zdf.de/nachrichten/panorama/weinkoenig-rheinhessen-100.html,20240916021837,cdx,
https://www.zdf.de/nachrichten/panorama/wetter-gewitter-hitze-montag-dienstag-30-grad-100.html,20240916024315,cdx,
https://www.zdf.de/nachrichten/panorama/wetter-gewitter-regen-hitze-deutschland-unwetter-100.html,20240916224935,cdx,
https://www.zdf.de/nachrichten/panorama/wetter-unwetter-hochwasser-deutschland-tschechien-polen-oesterreich-100.html,20240915020949,cdx,
https://www.zdf.de/nachrichten/politik/aerzte-ohne-grenzen-russland-arbeit-beenden-100.html,20240916194052,cdx,
https://www.zdf.de/nachrichten/politik/afd-lindner-parteiverbot-bauernprotest-100.html,20240915130756,cdx,
https://www.zdf.de/nachrichten/politik/akw-saporischschja-gefahr-ukraine-krieg-russland-100.html,20240915192323,cdx,
https://www.zdf.de/nachrichten/politik/asyl-politik-irregulaere-migration-100.html,20240915194704,cdx,
https://www.zdf.de/nachrichten/politik/ausland/911-11-september-2001-bootsevakuierung-new-york-hudson-river-100.html,20240915155701,cdx,
https://www.zdf.de/nachrichten/politik/ausland/afd-fpoe-identitaere-rechtsextremismus-forscher-100.html,20240916092135,cdx,
https://www.zdf.de/nachrichten/politik/ausland/afghanistan-maedchen-schule-verbot-100.html,20240916092103,cdx,
https://www.zdf.de/nachrichten/politik/ausland/afghanistan-taliban-schattenkrieg-geheimdienste-100.html,20240916193131,cdx,
https://www.zdf.de/nachrichten/politik/ausland/angriff-hotel-journalist-reuters-selenskyj-ukraine-krieg-russland-100.html,20240916193857,cdx,
https://www.zdf.de/nachrichten/politik/ausland/artillerie-munition-tschechien-ukraine-krieg-russland-100.html,20240916170711,cdx,
https://www.zdf.de/nachrichten/politik/ausland/astana-gipfeltreffen-shanghaier-organisation-zusammenarbeit-100.html,20240915160858,cdx,
https://www.zdf.de/nachrichten/politik/ausland/bangladesch-wahl-parlament-hasina-100.html,20240916102125,cdx,
https://www.zdf.de/nachrichten/politik/ausland/belgorod-angriff-tote-ukraine-krieg-russland-100.html,20240916140120,cdx,
https://www.zdf.de/nachrichten/politik/ausland/bergkarabach-aserbaidschan-armenien-verhandlungen-evakuierungen-100.html,20240915201653,cdx,
https://www.zdf.de/nachrichten/politik/ausland/biden-geburtstag-alter-thanksgiving-100.html,20240915211149,cdx,
https://www.zdf.de/nachrichten/politik/ausland/biden-starmer-putin-ukraine-100.html,20240915021448,cdx,
https://www.zdf.de/nachrichten/politik/ausland/biden-trump-reaktion-niederlage-usa-wahl-100.html,20240916064746,cdx,
https://www.zdf.de/nachrichten/politik/ausland/biden-trump-usa-mexiko-wahlkampf-100.html,20240915110511,cdx,
https://www.zdf.de/nachrichten/politik/ausland/boris-johnson-moderator-fernsehsender-gb-news-100.html,20240915202353,cdx,
https://www.zdf.de/nachrichten/politik/ausland/bundeswehr-deutschland-niger-niamey-rueckzug-stuetzpunkt-100.html,20240916190802,cdx,
https://www.zdf.de/nachrichten/politik/ausland/china-weltraum-station-all-flug-forschung-mond-100.html,20240915185324,cdx,
https://www.zdf.de/nachrichten/politik/ausland/daenemark-bornholm-ostseeinsel-nachhaltigkeit-plastikmuell-100.html,20240916194913,cdx,
https://www.zdf.de/nachrichten/politik/ausland/demokratie-rueckzug-studie-economist-deutschland-100.html,20240916171041,cdx,
https://www.zdf.de/nachrichten/politik/ausland/donald-trump-schuesse-usa-100.html,20240916050123,cdx,
https://www.zdf.de/nachrichten/politik/ausland/donald-trump-tv-debatte-kamala-harris-100.html,20240915221816,cdx,
https://www.zdf.de/nachrichten/politik/ausland/dubai-immobilien-tourismus-boom-nahost-konflikt-100.html,20240915192326,cdx,
https://www.zdf.de/nachrichten/politik/ausland/ecuador-morddrohung-gewerkschaft-astac-praesidentschaftswahl-100.html,20240916054324,cdx,
https://www.zdf.de/nachrichten/politik/ausland/eu-kommissar-frankreich-breton-von-der-leyen-streit-100.html,20240916164133,cdx,
https://www.zdf.de/nachrichten/politik/ausland/eva-kaili-gericht-niederlage-immunitaet-eu-100.html,20240915180909,cdx,
https://www.zdf.de/nachrichten/politik/ausland/evakuierung-deutsche-lufthansa-israel-100.html,20240915211624,cdx,
https://www.zdf.de/nachrichten/politik/ausland/fbi-team-trump-usa-wahl-100.html,20240916101811,cdx,
https://www.zdf.de/nachrichten/politik/ausland/feuerpause-hamas-waffenstillstand-israel-100.html,20240915161827,cdx,
https://www.zdf.de/nachrichten/politik/ausland/fluechtlingspolitik-england-migration-100.html,20240915045158,cdx,
https://www.zdf.de/nachrichten/politik/ausland/frankreich-regierung-macron-suche-100.html,20240915151046,cdx,
https://www.zdf.de/nachrichten/politik/ausland/freilassung-proteste-geiseln-tausende-israel-100.html,20240915070253,cdx,
https://www.zdf.de/nachrichten/politik/ausland/gazastreifen-versorgung-aerzte-ohne-grenzen-israel-100.html,20240916194337,cdx,
https://www.zdf.de/nachrichten/politik/ausland/gegenoffensive-saporischschja-ukraine-krieg-russland-100.html,20240915194850,cdx,
https://www.zdf.de/nachrichten/politik/ausland/haiti-gewalt-banden-ausnahmezustand-usa-100.html,20240915162826,cdx,
https://www.zdf.de/nachrichten/politik/ausland/haley-kandidatur-trump-republikaner-usa-wahl-100.html,20240915003502,cdx,
https://www.zdf.de/nachrichten/politik/ausland/hamas-chef-sinwar-anklage-usa-100.html,20240915190550,cdx,
https://www.zdf.de/nachrichten/politik/ausland/harris-trump-feigling-usa-wahl-100.html,20240916201035,cdx,
https://www.zdf.de/nachrichten/politik/ausland/harris-usa-chancen-huerden-rassismus-sexismus-usa-wahl-100.html,20240916052422,cdx,
https://www.zdf.de/nachrichten/politik/ausland/harris-walz-interview-wahlkampf-trump-usa-wahl-100.html,20240916184050,cdx,
https://www.zdf.de/nachrichten/politik/ausland/hitze-hitzeschutz-weltweit-100.html,20240916153515,cdx,
https://www.zdf.de/nachrichten/politik/ausland/hunter-biden-klage-rudy-giuliani-usa-laptop-streit-100.html,20240915180521,cdx,
https://www.zdf.de/nachrichten/politik/ausland/hunter-biden-usa-sonderermittler-100.html,20240915203019,cdx,
https://www.zdf.de/nachrichten/politik/ausland/iphone-verbot-china-staatsbeamte-buero-100.html,20240915180449,cdx,
https://www.zdf.de/nachrichten/politik/ausland/israel-feuerpause-hamas-gaza-geiseln-100.html,20240915232243,cdx,
https://www.zdf.de/nachrichten/politik/ausland/israel-gaza-un-humanitaere-lage-hunger-100.html,20240915185635,cdx,
https://www.zdf.de/nachrichten/politik/ausland/italien-meloni-china-seidenstrasse-austritt-100.html,20240915155940,cdx,
https://www.zdf.de/nachrichten/politik/ausland/italien-meloni-partei-pistole-silvester-feier-schuss-100.html,20240915165151,cdx,
https://www.zdf.de/nachrichten/politik/ausland/joe-biden-kappe-trump-2024-wahlkampf-100.html,20240916132838,cdx,
https://www.zdf.de/nachrichten/politik/ausland/kamala-harris-tv-duell-ohrringe-usa-wahl-100.html,20240916010931,cdx,
https://www.zdf.de/nachrichten/politik/ausland/kanada-nazi-ss-ukraine-krieg-russland-100.html,20240915180632,cdx,
https://www.zdf.de/nachrichten/politik/ausland/kenia-protest-jugend-regierung-demokratie-100.html,20240915194008,cdx,
https://www.zdf.de/nachrichten/politik/ausland/klima-china-peking-trockenheit-wasser-100.html,20240916155300,cdx,
https://www.zdf.de/nachrichten/politik/ausland/kongo-putsch-todesurteil-100.html,20240915021454,cdx,
https://www.zdf.de/nachrichten/politik/ausland/kursk-russland-offensive-ukraine-krieg-100.html,20240915115908,cdx,
https://www.zdf.de/nachrichten/politik/ausland/kuwait-herrscher-tot-nachfolger-100.html,20240915154420,cdx,
https://www.zdf.de/nachrichten/politik/ausland/lambsdorff-putin-verhandlungen-ukraine-krieg-russland-100.html,20240916151222,cdx,
https://www.zdf.de/nachrichten/politik/ausland/lanz-doku-leben-krieg-ukraine-100.html,20240915094850,cdx,
https://www.zdf.de/nachrichten/politik/ausland/laschet-illner-juedisches-volk-israel-100.html,20240915165417,cdx,
https://www.zdf.de/nachrichten/politik/ausland/laura-loomer-influencerin-trump-100.html,20240915020541,cdx,
https://www.zdf.de/nachrichten/politik/ausland/lawrow-gespraech-bereit-ukraine-krieg-russland-100.html,20240915104911,cdx,
https://www.zdf.de/nachrichten/politik/ausland/lehrermangel-flucht-kinder-ukraine-krieg-russland-100.html,20240915003313,cdx,
https://www.zdf.de/nachrichten/politik/ausland/london-randale-gewalt-grossbritannien-polizei-100.html,20240916192725,cdx,
https://www.zdf.de/nachrichten/politik/ausland/mobilmachung-militaer-russland-flucht-georgien-ukraine-krieg-100.html,20240916161747,cdx,
https://www.zdf.de/nachrichten/politik/ausland/nahost-treffen-kairo-geiseln-deal-israel-100.html,20240916193757,cdx,
https://www.zdf.de/nachrichten/politik/ausland/nato-stoltenberg-ukraine-krieg-russland-102.html,20240915020414,cdx,
https://www.zdf.de/nachrichten/politik/ausland/nawalny-gericht-straflager-100.html,20240915100721,cdx,
https://www.zdf.de/nachrichten/politik/ausland/niederlande-wilders-koalition-100.html,20240916060130,cdx,
https://www.zdf.de/nachrichten/politik/ausland/nordkorea-atommacht-kriegsvorbereitung-volksarmee-100.html,20240915190112,cdx,
https://www.zdf.de/nachrichten/politik/ausland/olympia-paris-2024-sicherheitspersonal-100.html,20240915201930,cdx,
https://www.zdf.de/nachrichten/politik/ausland/orban-eu-gipfel-finanzhilfen-ukraine-krieg-russland-analyse-100.html,20240915011025,cdx,
https://www.zdf.de/nachrichten/politik/ausland/palaestinenser-schutz-rueckkehrrecht-100.html,20240915233310,cdx,
https://www.zdf.de/nachrichten/politik/ausland/papst-franziskus-us-wahl-donald-trump-kamala-harris-100.html,20240915020858,cdx,
https://www.zdf.de/nachrichten/politik/ausland/poroschenko-ausreise-verhindert-ukraine-krieg-russland-100.html,20240915165231,cdx,
https://www.zdf.de/nachrichten/politik/ausland/putin-mongolei-ukraine-krieg-russland-100.html,20240916194957,cdx,
https://www.zdf.de/nachrichten/politik/ausland/raketen-iran-ausweitung-ukraine-krieg-russland-100.html,20240916021239,cdx,
https://www.zdf.de/nachrichten/politik/ausland/russland-general-surowikin-moskau-foto-wagner-ukraine-krieg-russland-100.html,20240915195453,cdx,
https://www.zdf.de/nachrichten/politik/ausland/russland-norwegen-unfreundlicher-staat-100.html,20240915201345,cdx,
https://www.zdf.de/nachrichten/politik/ausland/russland-partner-putin-abwendung-100.html,20240915163505,cdx,
https://www.zdf.de/nachrichten/politik/ausland/russland-prigoschin-tod-wagner-gruppe-100.html,20240916183035,cdx,
https://www.zdf.de/nachrichten/politik/ausland/russland-wahl-protest-putin-nawalny-100.html,20240915222344,cdx,
https://www.zdf.de/nachrichten/politik/ausland/russland-wahlen-2024-putin-wirtschaft-100.html,20240915083528,cdx,
https://www.zdf.de/nachrichten/politik/ausland/saudi-arabien-jemen-grenzpolizistien-fluechtlinge-schuesse-100.html,20240915095631,cdx,
https://www.zdf.de/nachrichten/politik/ausland/schach-wm-1984-garri-kasparow-anatoli-karpow-100.html,20240916091742,cdx,
https://www.zdf.de/nachrichten/politik/ausland/scholz-netanjahu-waffenruhe-geiseln-abkommmen-israel-100.html,20240915060945,cdx,
https://www.zdf.de/nachrichten/politik/ausland/scholz-strategische-partnerschaft-zentralasien-gipfel-100.html,20240915160105,cdx,
https://www.zdf.de/nachrichten/politik/ausland/scholz-taurus-iran-ukraine-krieg-russland-100.html,20240915150347,cdx,
https://www.zdf.de/nachrichten/politik/ausland/selenskyj-kursk-angriff-ukraine-krieg-russland-100.html,20240916214117,cdx,
https://www.zdf.de/nachrichten/politik/ausland/selenskyj-sanktionen-waffen-ukraine-russland-100.html,20240915102502,cdx,
https://www.zdf.de/nachrichten/politik/ausland/selenskyj-us-hilfen-ukraine-krieg-russland-100.html,20240916093540,cdx,
https://www.zdf.de/nachrichten/politik/ausland/spanien-israel-kritik-gaza-konflikt-100.html,20240915004547,cdx,
https://www.zdf.de/nachrichten/politik/ausland/speaker-us-repraesentantenhaus-100.html,20240916073513,cdx,
https://www.zdf.de/nachrichten/politik/ausland/springfield-haitianer-einwanderer-trump-usa-wahlkampf-100.html,20240915020546,cdx,
https://www.zdf.de/nachrichten/politik/ausland/stockholm-botschaft-israel-objekt-100.html,20240915202229,cdx,
https://www.zdf.de/nachrichten/politik/ausland/stoltenberg-nato-hilfe-ukraine-krieg-russland-100.html,20240915180950,cdx,
https://www.zdf.de/nachrichten/politik/ausland/sudan-krieg-aerzte-ohne-grenzen-interview-100.html,20240916194337,cdx,
https://www.zdf.de/nachrichten/politik/ausland/suedafrika-frauen-gewalt-morde-100.html,20240916092043,cdx,
https://www.zdf.de/nachrichten/politik/ausland/swift-konzert-oesterreich-wien-festnahme-100.html,20240915155250,cdx,
https://www.zdf.de/nachrichten/politik/ausland/taiwan-besuch-usa-kritik-china-100.html,20240915110041,cdx,
https://www.zdf.de/nachrichten/politik/ausland/taiwanstrasse-bundeswehr-marine-reaktion-china-100.html,20240915020421,cdx,
https://www.zdf.de/nachrichten/politik/ausland/thailand-beleidigung-majestaet-haft-100.html,20240915232948,cdx,
https://www.zdf.de/nachrichten/politik/ausland/tiere-pflanzen-artensterben-biodiversitaet-studie-europa-100.html,20240915172922,cdx,
https://www.zdf.de/nachrichten/politik/ausland/tradwife-bewegung-trend-tiktok-100.html,20240915133353,cdx,
https://www.zdf.de/nachrichten/politik/ausland/trump-attentat-elon-musk-x-post-kritik-100.html,20240916103945,cdx,
https://www.zdf.de/nachrichten/politik/ausland/trump-harris-tv-duell-absage-usa-wahl-100.html,20240916132838,cdx,
https://www.zdf.de/nachrichten/politik/ausland/trump-kandidatur-ausschluss-hintergrund-100.html,20240915162805,cdx,
https://www.zdf.de/nachrichten/politik/ausland/trump-medien-leak-usa-wahlkampf-vance-100.html,20240915072005,cdx,
https://www.zdf.de/nachrichten/politik/ausland/trump-musk-x-twitter-talk-wahlkampf-usa-wahl-100.html,20240915045118,cdx,
https://www.zdf.de/nachrichten/politik/ausland/trump-plattform-x-usa-wahl-100.html,20240915030058,cdx,
https://www.zdf.de/nachrichten/politik/ausland/trump-pressekonferenz-faktencheck-100.html,20240915084833,cdx,
https://www.zdf.de/nachrichten/politik/ausland/trump-us-wahlkampf-spenden-musk-tech-silicon-valley-100.html,20240916062937,cdx,
https://www.zdf.de/nachrichten/politik/ausland/trump-washington-prozessbeginn-100.html,20240916163612,cdx,
https://www.zdf.de/nachrichten/politik/ausland/tschetschenien-kadyrow-sanktionen-tesla-cybertruck-100.html,20240916084720,cdx,
https://www.zdf.de/nachrichten/politik/ausland/tuerkei-inflation-wirtschaftskrise-tourismus-100.html,20240915192333,cdx,
https://www.zdf.de/nachrichten/politik/ausland/ukraine-geheimdienst-toetet-politiker-ilja-kywa-krieg-russland-100.html,20240916163849,cdx,
https://www.zdf.de/nachrichten/politik/ausland/ukraine-krieg-russland-kursk-offensive-bundesregierung-100.html,20240916034157,cdx,
https://www.zdf.de/nachrichten/politik/ausland/ukraine-krieg-selenskyj-saluschnyj-reaktion-100.html,20240915193548,cdx,
https://www.zdf.de/nachrichten/politik/ausland/ukraine-kriegsschiff-krim-feodossija-russland-schwarzes-meer-100.html,20240915234922,cdx,
https://www.zdf.de/nachrichten/politik/ausland/ukraine-selenskyj-saluschnyj-militaer-experte-100.html,20240916093935,cdx,
https://www.zdf.de/nachrichten/politik/ausland/un-botschafter-kenia-kimani-100.html,20240916172336,cdx,
https://www.zdf.de/nachrichten/politik/ausland/ungarn-eu-verfahren-100.html,20240915201825,cdx,
https://www.zdf.de/nachrichten/politik/ausland/us-wahlkampf-trump-taylor-swift-100.html,20240916132837,cdx,
https://www.zdf.de/nachrichten/politik/ausland/usa-alabama-hinrichtung-stickstoffgas-100.html,20240915000502,cdx,
https://www.zdf.de/nachrichten/politik/ausland/usa-biden-ki-wahlkampf-robocalls-100.html,20240915031902,cdx,
https://www.zdf.de/nachrichten/politik/ausland/usa-donald-trump-versuchtes-attentat-mutmasslicher-taeter-100.html,20240916100702,cdx,
https://www.zdf.de/nachrichten/politik/ausland/usa-iran-warnung-israel-100.html,20240916072647,cdx,
https://www.zdf.de/nachrichten/politik/ausland/usa-russland-china-atomtestgelaende-ausbau-100.html,20240915100651,cdx,
https://www.zdf.de/nachrichten/politik/ausland/usa-sonderermittler-trump-redeverbot-100.html,20240915210313,cdx,
https://www.zdf.de/nachrichten/politik/ausland/venezuela-maduro-verhaftung-auslaender-100.html,20240916021105,cdx,
https://www.zdf.de/nachrichten/politik/ausland/vorwuerfe-sender-rt-usa-ukraine-krieg-russland-100.html,20240915020809,cdx,
https://www.zdf.de/nachrichten/politik/ausland/waffen-munition-produktion-hilfen-ukraine-krieg-russland-100.html,20240916072333,cdx,
https://www.zdf.de/nachrichten/politik/ausland/wagenknecht-friedensplan-ukraine-krieg-russland-100.html,20240915020951,cdx,
https://www.zdf.de/nachrichten/politik/ausland/wagner-iran-hisbollah-russland-israel-100.html,20240915110429,cdx,
https://www.zdf.de/nachrichten/politik/ausland/weibliche-genitalverstuemmelung-eu-fgm-100.html,20240916112306,cdx,
https://www.zdf.de/nachrichten/politik/ausland/wetter-regen-schwalben-zugvoegel-sterben-oesterreich-100.html,20240915170039,cdx,
https://www.zdf.de/nachrichten/politik/ausland/wirtschaft-sanktionen-ukraine-krieg-russland-100.html,20240916070945,cdx,
https://www.zdf.de/nachrichten/politik/bundeskanzler-scholz-regierungserklaerung-israel-hamas-100.html,20240915201744,cdx,
https://www.zdf.de/nachrichten/politik/corona-karl-lauterbach-impfung-omikron-risikogruppen-100.html,20240915232631,cdx,
https://www.zdf.de/nachrichten/politik/corona-lauterbach-fordert-aufarbeitung-der-pandemie-100.html,20240916181254,cdx,
https://www.zdf.de/nachrichten/politik/deutschland/abtreibungsgegner-gehsteigbelaestigung-schwangere-kabinett-paus-100.html,20240916060508,cdx,
https://www.zdf.de/nachrichten/politik/deutschland/aerzte-gewalt-eskalation-praxen-100.html,20240916172119,cdx,
https://www.zdf.de/nachrichten/politik/deutschland/afd-bsw-erfolge-wahlen-thueringen-sachsen-landtag-100.html,20240915130653,cdx,
https://www.zdf.de/nachrichten/politik/deutschland/afd-cdu-zusammenarbeit-brandmauer-100.html,20240915161220,cdx,
https://www.zdf.de/nachrichten/politik/deutschland/afd-parteiverbot-ex-verfassungsrichter-peter-mueller-100.html,20240915113755,cdx,
https://www.zdf.de/nachrichten/politik/deutschland/afd-thueringen-landtagswahl-umfrage-100.html,20240915021443,cdx,
https://www.zdf.de/nachrichten/politik/deutschland/afghanistan-baerbock-visa-ortskraefte-sicherheit-100.html,20240916191013,cdx,
https://www.zdf.de/nachrichten/politik/deutschland/ampel-bundeshaushalt-2025-finanzluecken-verhandlungen-100.html,20240915165122,cdx,
https://www.zdf.de/nachrichten/politik/deutschland/analyse-afd-fdp-linke-bayern-wahl-hessen-landtagswahl-100.html,20240916084607,cdx,
https://www.zdf.de/nachrichten/politik/deutschland/antisemitismus-straftaten-klein-israel-krieg-hamas-100.html,20240915180440,cdx,
https://www.zdf.de/nachrichten/politik/deutschland/atomausstieg-regierung-ampel-koalition-100.html,20240916044402,cdx,
https://www.zdf.de/nachrichten/politik/deutschland/bayern-aiwanger-soeder-100.html,20240916155754,cdx,
https://www.zdf.de/nachrichten/politik/deutschland/bsw-wagenknecht-sachsen-landesparteitag-100.html,20240915125603,cdx,
https://www.zdf.de/nachrichten/politik/deutschland/buergergeld-cdu-vorschlag-kritik-debatte-100.html,20240915215352,cdx,
https://www.zdf.de/nachrichten/politik/deutschland/buergergeld-fdp-spd-ampel-koalition-duerr-analyse-wahlen-100.html,20240915215304,cdx,
https://www.zdf.de/nachrichten/politik/deutschland/buergergeld-pendler-ampel-plaene-wachstumsinitiative-100.html,20240916040448,cdx,
https://www.zdf.de/nachrichten/politik/deutschland/bundesregierung-e-auto-praemie-verkehrswende-100.html,20240915211400,cdx,
https://www.zdf.de/nachrichten/politik/deutschland/cdu-fdp-streit-merz-duerr-von-der-leyen-100.html,20240916181831,cdx,
https://www.zdf.de/nachrichten/politik/deutschland/cdu-linnemann-buergergeld-grundsicherung-arbeit-100.html,20240916041742,cdx,
https://www.zdf.de/nachrichten/politik/deutschland/chrupalla-afd-chef-attacke-ermittlungen-eingestellt-100.html,20240916171252,cdx,
https://www.zdf.de/nachrichten/politik/deutschland/deutschland-rassismus-studie-100.html,20240915185749,cdx,
https://www.zdf.de/nachrichten/politik/deutschland/deutschland-versammlungsfreiheit-einschraenkung-amnesty-international-100.html,20240915135640,cdx,
https://www.zdf.de/nachrichten/politik/deutschland/deutschlandticket-49-euro-ticket-preiserhoehung-64-euro-bayern-100.html,20240916021605,cdx,
https://www.zdf.de/nachrichten/politik/deutschland/digitalisierung-digitalstrategie-beirat-kritik-ampel-100.html,20240916233728,cdx,
https://www.zdf.de/nachrichten/politik/deutschland/duerr-fdp-buergergeld-kuerzung-100.html,20240915153736,cdx,
https://www.zdf.de/nachrichten/politik/deutschland/ehe-fuer-alle-deutschland-geschichte-100.html,20240915214209,cdx,
https://www.zdf.de/nachrichten/politik/deutschland/fdp-mitgliederbefragung-ampel-100.html,20240916003012,cdx,
https://www.zdf.de/nachrichten/politik/deutschland/fdp-pro-auto-plan-innenstadt-parken-gratis-flatrate-100.html,20240915210351,cdx,
https://www.zdf.de/nachrichten/politik/deutschland/fridays-for-future-borkum-erdgas-foerderung-protest-wattenmeer-100.html,20240916190849,cdx,
https://www.zdf.de/nachrichten/politik/deutschland/graue-woelfe-drohung-kurden-armenier-rechtsextremismus-verbot-100.html,20240915135159,cdx,
https://www.zdf.de/nachrichten/politik/deutschland/greifswald-rassismus-buendnis-wirtschaft-100.html,20240916224434,cdx,
https://www.zdf.de/nachrichten/politik/deutschland/grenze-kontrolle-deutschland-frankreich-europa-100.html,20240916212236,cdx,
https://www.zdf.de/nachrichten/politik/deutschland/grenzkontrollen-start-migration-bundesregierung-eu-faeser-scholz-100.html,20240915080707,cdx,
https://www.zdf.de/nachrichten/politik/deutschland/gruene-jugend-kritik-ampel-koalition-100.html,20240915192750,cdx,
https://www.zdf.de/nachrichten/politik/deutschland/gruene-klausurtagung-wahlergebnis-krise-ausweg-100.html,20240915124338,cdx,
https://www.zdf.de/nachrichten/politik/deutschland/gruene-migration-zurueckweisungen-ampel-100.html,20240915021135,cdx,
https://www.zdf.de/nachrichten/politik/deutschland/gruene-parteitag-migration-habeck-100.html,20240916093000,cdx,
https://www.zdf.de/nachrichten/politik/deutschland/gysi-ruecktritt-aussenpolitischer-sprecher-linksfraktion-100.html,20240916063237,cdx,
https://www.zdf.de/nachrichten/politik/deutschland/habeck-hochwasser-extremwetter-zunahme-klimawandel-100.html,20240916171946,cdx,
https://www.zdf.de/nachrichten/politik/deutschland/hannover-belit-onay-parken-suv-gebuehren-100.html,20240916093800,cdx,
https://www.zdf.de/nachrichten/politik/deutschland/haushalt-streit-urteil-verfassungsgericht-ampel-100.html,20240916161109,cdx,
https://www.zdf.de/nachrichten/politik/deutschland/hendrik-wuest-k-frage-union-100.html,20240916171614,cdx,
https://www.zdf.de/nachrichten/politik/deutschland/israel-palaestina-demonstrationen-deutschland-verbot-100.html,20240915033650,cdx,
https://www.zdf.de/nachrichten/politik/deutschland/kindergrundsicherung-paus-lindner-heil-ampel-koalition-100.html,20240915103029,cdx,
https://www.zdf.de/nachrichten/politik/deutschland/klima-gaskraftwerke-kraftwerksstrategie-emissionen-windkraft-100.html,20240916030210,cdx,
https://www.zdf.de/nachrichten/politik/deutschland/klimawandel-digitalisierung-energieverbrauch-co2-einsparungen-100.html,20240916002531,cdx,
https://www.zdf.de/nachrichten/politik/deutschland/kopelke-gdp-messer-solingen-100.html,20240915032723,cdx,
https://www.zdf.de/nachrichten/politik/deutschland/landtagswahl-brandenburg-woidke-spd-100.html,20240916194656,cdx,
https://www.zdf.de/nachrichten/politik/deutschland/landtagswahlen-2024-sachsen-thueringen-brandenburg-ostdeutschland-jugend-100.html,20240916033411,cdx,
https://www.zdf.de/nachrichten/politik/deutschland/landtagswahlen-solingen-politik-in-dauerkrise-krise-psychologie-100.html,20240915010416,cdx,
https://www.zdf.de/nachrichten/politik/deutschland/lanz-bildungsdebatte-gewalt-vandalismus-100.html,20240916192918,cdx,
https://www.zdf.de/nachrichten/politik/deutschland/lanz-deutschland-jugend-zukunft-100.html,20240916062151,cdx,
https://www.zdf.de/nachrichten/politik/deutschland/lanz-landtagswahlen-ostdeutschland-afd-bsw-100.html,20240915211538,cdx,
https://www.zdf.de/nachrichten/politik/deutschland/lanz-lieferkettengesetz-duerr-fdp-100.html,20240915045330,cdx,
https://www.zdf.de/nachrichten/politik/deutschland/laut-gegen-nazis-vtrlnd-rechtsextrem-100.html,20240915211645,cdx,
https://www.zdf.de/nachrichten/politik/deutschland/lgbt-grundgesetz-aenderung-diskriminierung-cdu-100.html,20240915214206,cdx,
https://www.zdf.de/nachrichten/politik/deutschland/linke-anzeige-merz-aussage-100.html,20240916164123,cdx,
https://www.zdf.de/nachrichten/politik/deutschland/linke-bundestagsfraktion-aufloesung-100.html,20240915011501,cdx,
https://www.zdf.de/nachrichten/politik/deutschland/markus-soeder-fluechtlinge-asyl-deutschland-100.html,20240915112847,cdx,
https://www.zdf.de/nachrichten/politik/deutschland/merz-ampel-ultimatum-migration-100.html,20240916132322,cdx,
https://www.zdf.de/nachrichten/politik/deutschland/merz-cdu-migration-grenzkontrollen-kanzlerkandidatur-100.html,20240915213148,cdx,
https://www.zdf.de/nachrichten/politik/deutschland/merz-gefluechtete-zahnarzt-100.html,20240915194149,cdx,
https://www.zdf.de/nachrichten/politik/deutschland/migration-cdu-bundesregierung-bundeslaender-wahlen-thueringen-sachsen-102.html,20240916193335,cdx,
https://www.zdf.de/nachrichten/politik/deutschland/migration-deutschland-probleme-100.html,20240916225437,cdx,
https://www.zdf.de/nachrichten/politik/deutschland/migration-eu-nouripour-illner-100.html,20240915194745,cdx,
https://www.zdf.de/nachrichten/politik/deutschland/moma-duell-throm-emmerich-nationalitaet-straftaten-100.html,20240916182154,cdx,
https://www.zdf.de/nachrichten/politik/deutschland/muetzenich-spd-fraktionsvorsitz-wiederwahl-100.html,20240915211452,cdx,
https://www.zdf.de/nachrichten/politik/deutschland/mutterschutz-fehlgeburt-verfassungsbeschwerde-100.html,20240915212519,cdx,
https://www.zdf.de/nachrichten/politik/deutschland/parteien-landtagswahl-thueringen-afd-bsw-cdu-100.html,20240915195648,cdx,
https://www.zdf.de/nachrichten/politik/deutschland/pisa-studie-deutschland-jung-loesungen-100.html,20240916013053,cdx,
https://www.zdf.de/nachrichten/politik/deutschland/raf-burkhard-garweg-flucht-fahndung-100.html,20240916151048,cdx,
https://www.zdf.de/nachrichten/politik/deutschland/ramelow-nichtangriffspakt-russland-100.html,20240916185446,cdx,
https://www.zdf.de/nachrichten/politik/deutschland/regelsatz-buergergeld-vorschlag-fdp-100.html,20240916040844,cdx,
https://www.zdf.de/nachrichten/politik/deutschland/reichsbuerger-prozess-prinz-reuss-gruppe-100.html,20240915124422,cdx,
https://www.zdf.de/nachrichten/politik/deutschland/reise-scholz-usbekistan-kasachstan-100.html,20240915155759,cdx,
https://www.zdf.de/nachrichten/politik/deutschland/rki-protokolle-corona-klagen-100.html,20240916122816,cdx,
https://www.zdf.de/nachrichten/politik/deutschland/sahra-wagenknecht-interview-ukraine-landtagswahl-100.html,20240916183920,cdx,
https://www.zdf.de/nachrichten/politik/deutschland/scholz-un-mitgliedschaft-jubilaeum-100.html,20240915053056,cdx,
https://www.zdf.de/nachrichten/politik/deutschland/schweden-migration-asyl-ebba-busch-geld-abschiebung-100.html,20240916164058,cdx,
https://www.zdf.de/nachrichten/politik/deutschland/sozialabgaben-anstieg-gutverdiener-100.html,20240915021138,cdx,
https://www.zdf.de/nachrichten/politik/deutschland/spd-familiennachzug-fluechtlinge-100.html,20240915112014,cdx,
https://www.zdf.de/nachrichten/politik/deutschland/stationierung-us-raketen-spd-100.html,20240916093620,cdx,
https://www.zdf.de/nachrichten/politik/deutschland/streik-apotheken-hessen-reform-lauterbach-100.html,20240915140020,cdx,
https://www.zdf.de/nachrichten/politik/deutschland/strobl-cannabis-legalisierung-kiffen-polizei-kontrollen-100.html,20240916003611,cdx,
https://www.zdf.de/nachrichten/politik/deutschland/thueringen-bsw-afd-wolf-hoecke-abstimmung-100.html,20240916012001,cdx,
https://www.zdf.de/nachrichten/politik/deutschland/uebergriffe-fluechtlinge-deutschland-100.html,20240915160551,cdx,
https://www.zdf.de/nachrichten/politik/deutschland/union-migration-beschluesse-regierung-laender-bund-100.html,20240915204042,cdx,
https://www.zdf.de/nachrichten/politik/deutschland/usa-langstreckenraketen-stationierung-deutschland-reichweite-100.html,20240916182424,cdx,
https://www.zdf.de/nachrichten/politik/deutschland/wagenknecht-birthler-kreml-putin-kritik-100.html,20240916193920,cdx,
https://www.zdf.de/nachrichten/politik/deutschland/wahl-brandenburg-wahlkampf-spd-afd-100.html,20240915221307,cdx,
https://www.zdf.de/nachrichten/politik/deutschland/wahl-bremen-beschwerde-afd-ablehnung-100.html,20240916193416,cdx,
https://www.zdf.de/nachrichten/politik/deutschland/wehrpflicht-rueckkehr-buschmann-ablehnung-100.html,20240916053541,cdx,
https://www.zdf.de/nachrichten/politik/deutschland/zukunftsrat-ard-zdf-deutschlandfunk-oeffentlich-rechtliche-umbau-organisationen-100.html,20240915143014,cdx,
https://www.zdf.de/nachrichten/politik/eu-ursula-von-der-leyen-china-g7-gipfel-100.html,20240915204127,cdx,
https://www.zdf.de/nachrichten/politik/fluechtlinge-urlaub-kaddor-migrationsbeauftragter-stamp-100.html,20240916014614,cdx,
https://www.zdf.de/nachrichten/politik/genfer-konventionen-voelkerrecht-75-jahre-krieg-ki-100.html,20240915151042,cdx,
https://www.zdf.de/nachrichten/politik/grenzkontrollen-deutschland-kriminalitaet-faeser-migration-100.html,20240916113700,cdx,
https://www.zdf.de/nachrichten/politik/iowa-trump-sieg-vorwahl-junge-republikaner-usa-100.html,20240916053838,cdx,
https://www.zdf.de/nachrichten/politik/kasachstan-putin-russland-stimmung-100.html,20240915163227,cdx,
https://www.zdf.de/nachrichten/politik/klima-kleber-illner-dobrindt-kuehnert-100.html,20240916103901,cdx,
https://www.zdf.de/nachrichten/politik/klimaschutz-un-konferenz-100.html,20240915203317,cdx,
https://www.zdf.de/nachrichten/politik/kriegsdienstverweigerer-ausreise-europa-ukraine-krieg-russland-100.html,20240915171014,cdx,
https://www.zdf.de/nachrichten/politik/krim-bruecke-raketen-angriff-schaden-ukraine-krieg-russland-100.html,20240915092440,cdx,
https://www.zdf.de/nachrichten/politik/messer-attacken-zunahme-kriminologe-praevention-100.html,20240916041647,cdx,
https://www.zdf.de/nachrichten/politik/nord-kosovo-kfor-nato-soldaten-verletzt-konflikt-krawall-100.html,20240916190648,cdx,
https://www.zdf.de/nachrichten/politik/nord-stream-anschlag-haftbefehl-ukrainer-100.html,20240916185322,cdx,
https://www.zdf.de/nachrichten/politik/oberverwaltungsgericht-urteil-klimaschutz-bundesregierung-100.html,20240915114959,cdx,
https://www.zdf.de/nachrichten/politik/politbarometer-gaza-israel-ukraine-usa-cannabis-100.html,20240915154507,cdx,
https://www.zdf.de/nachrichten/politik/robert-kennedy-kandidatur-us-president-100.html,20240916062205,cdx,
https://www.zdf.de/nachrichten/politik/selenskyj-besuch-deutschland-ukraine-100.html,20240915002457,cdx,
https://www.zdf.de/nachrichten/politik/stoltenberg-erdogan-schweden-nato-beitritt-zustimmung-100.html,20240915005134,cdx,
https://www.zdf.de/nachrichten/politik/trump-keine-aussage-gerichtsprozess-100.html,20240915201627,cdx,
https://www.zdf.de/nachrichten/politik/tuerkei-lgbtq-erdogan-100.html,20240915214209,cdx,
https://www.zdf.de/nachrichten/politik/usa-schuldengrenze-deal-zustimmung-repraesentantenhaus-100.html,20240916071557,cdx,
https://www.zdf.de/nachrichten/politik/wagner-prigoschin-aufstand-putin-russland-100.html,20240915211050,cdx,
https://www.zdf.de/nachrichten/politik/welthungerhilfe-jahresbericht-hunger-100.html,20240915200026,cdx,
https://www.zdf.de/nachrichten/politik/wohnungsgipfel-wohnungen-geywitz-gipfel-wohngipfel-100.html,20240916093406,cdx,
https://www.zdf.de/nachrichten/ratgeber/adventskranz-selber-machen-diy-ideen-100.html,20240915193428,cdx,
https://www.zdf.de/nachrichten/ratgeber/einsamkeit-deutschland-umfrage-100.html,20240915184643,cdx,
https://www.zdf.de/nachrichten/ratgeber/fahrrad-kaufen-fahrradkauf-tipps-100.html,20240915125758,cdx,
https://www.zdf.de/nachrichten/ratgeber/feierabend-parken-duesseldorf-parkplatznot-100.html,20240915215333,cdx,
https://www.zdf.de/nachrichten/ratgeber/fleischwurst-wiso-check-teuer-oder-billig-100.html,20240915155753,cdx,
https://www.zdf.de/nachrichten/ratgeber/games-videospiele-tipps-september-astro-bot-black-myth-wukong-100.html,20240916153145,cdx,
https://www.zdf.de/nachrichten/ratgeber/gas-strom-energie-stromanbieter-wechseln-tipps-100.html,20240916044322,cdx,
https://www.zdf.de/nachrichten/ratgeber/geblitzt-strafzettel-vignette-bussgelder-im-ausland-100.html,20240915215336,cdx,
https://www.zdf.de/nachrichten/ratgeber/gesundheit/bluthochdruck-erkennen-hypertonie-blutdruck-richtig-messen-blutdruckwerte-100.html,20240915143128,cdx,
https://www.zdf.de/nachrichten/ratgeber/gesundheit/ernaehrung-gesund-nachhaltig-100.html,20240915102952,cdx,
https://www.zdf.de/nachrichten/ratgeber/gesundheit/erste-hilfe-kurs-baby-fieberkrampf-pseudokrupp-verschluckt-100.html,20240915224925,cdx,
https://www.zdf.de/nachrichten/ratgeber/gesundheit/masern-grossbritannien-ausbruch-impfung-100.html,20240916062344,cdx,
https://www.zdf.de/nachrichten/ratgeber/gesundheit/muedigkeit-cfs-fatiguesyndrom-kinder-100.html,20240916133427,cdx,
https://www.zdf.de/nachrichten/ratgeber/gesundheit/musik-sprache-rhythmus-hoeren-amusie-100.html,20240915112918,cdx,
https://www.zdf.de/nachrichten/ratgeber/gesundheit/neuralink-zweiter-gehirnchip-musk-100.html,20240915025536,cdx,
https://www.zdf.de/nachrichten/ratgeber/gesundheit/parodontitis-zaehne-krank-koerper-100.html,20240916093504,cdx,
https://www.zdf.de/nachrichten/ratgeber/gesundheit/raynaud-syndrom-finger-ursachen-symptome-therapie-100.html,20240916073506,cdx,
https://www.zdf.de/nachrichten/ratgeber/gesundheit/reiseapotheke-kinder-erwachsene-medikamente-urlaub-100.html,20240915111756,cdx,
https://www.zdf.de/nachrichten/ratgeber/gesundheit/schmetterlingskrankheit-haut-wunden-erkrankung-genetik-100.html,20240915233244,cdx,
https://www.zdf.de/nachrichten/ratgeber/gesundheit/sommer-feeling-april-gesundheit-pollen-migraene-100.html,20240916192902,cdx,
https://www.zdf.de/nachrichten/ratgeber/gesundheit/sommer-hitze-schlaf-tipps-100.html,20240915003548,cdx,
https://www.zdf.de/nachrichten/ratgeber/homeoffice-buero-schreibtisch-100.html,20240915030758,cdx,
https://www.zdf.de/nachrichten/ratgeber/horoskop-astrologie-sternzeichen-100.html,20240915095417,cdx,
https://www.zdf.de/nachrichten/ratgeber/minijob-grenze-stunden-rentenversicherung-100.html,20240915112938,cdx,
https://www.zdf.de/nachrichten/ratgeber/mobbing-am-arbeitsplatz-was-tun-100.html,20240915175630,cdx,
https://www.zdf.de/nachrichten/ratgeber/nachtzug-bahn-reisen-europa-100.html,20240916161616,cdx,
https://www.zdf.de/nachrichten/ratgeber/nahrungsergaenzungsmittel-mikronaehrstoffe-sinnvoll-100.html,20240916200219,cdx,
https://www.zdf.de/nachrichten/ratgeber/neurodermitis-baby-kinder-100.html,20240916185735,cdx,
https://www.zdf.de/nachrichten/ratgeber/obstbaum-pflanzen-herbst-100.html,20240915113352,cdx,
https://www.zdf.de/nachrichten/ratgeber/paket-abstellgenehmigung-haustuer-100.html,20240915091858,cdx,
https://www.zdf.de/nachrichten/ratgeber/post-concert-depression-tipps-gegen-tief-nach-konzert-100.html,20240916195826,cdx,
https://www.zdf.de/nachrichten/ratgeber/putzlappen-waschen-spuelschwamm-keime-100.html,20240915102123,cdx,
https://www.zdf.de/nachrichten/ratgeber/quiet-quitting-dienst-nach-vorschrift-100.html,20240915191656,cdx,
https://www.zdf.de/nachrichten/ratgeber/sale-geld-sparen-winterschlussverkauf-100.html,20240915201553,cdx,
https://www.zdf.de/nachrichten/ratgeber/scheidung-rechte-pflichten-faq-100.html,20240916170931,cdx,
https://www.zdf.de/nachrichten/ratgeber/schimmel-entfernen-in-der-wohnung-100.html,20240915180128,cdx,
https://www.zdf.de/nachrichten/ratgeber/schufa-auskunft-app-bonify-100.html,20240915013554,cdx,
https://www.zdf.de/nachrichten/ratgeber/sicherer-schulweg-grundschule-kinder-tipps-eltern-100.html,20240916203506,cdx,
https://www.zdf.de/nachrichten/ratgeber/sneaker-weiss-reinigen-100.html,20240915163128,cdx,
https://www.zdf.de/nachrichten/ratgeber/spinne-haus-wohnung-kreuzspinne-grosse-winkelspinne-weberknecht-100.html,20240915021141,cdx,
https://www.zdf.de/nachrichten/ratgeber/stauden-phlox-sonnenhut-taglilien-standort-pflanzen-garten-100.html,20240916171637,cdx,
https://www.zdf.de/nachrichten/ratgeber/studium-bafoeg-analyse-100.html,20240915023801,cdx,
https://www.zdf.de/nachrichten/ratgeber/trinkgeld-deutschland-wie-viel-trinkgeld-friseur-100.html,20240915153732,cdx,
https://www.zdf.de/nachrichten/ratgeber/urlaub-2025-planen-brueckentage-100.html,20240915020418,cdx,
https://www.zdf.de/nachrichten/ratgeber/zeitumstellung-ursprung-100.html,20240916021334,cdx,
https://www.zdf.de/nachrichten/sport/bayer-leverkusen-eintracht-frankfurt-bundesliga-fussball-100.html,20240915034903,cdx,
https://www.zdf.de/nachrichten/sport/bayer-leverkusen-union-berlin-fussball-100.html,20240915102417,cdx,
https://www.zdf.de/nachrichten/sport/bayern-muenchen-rummenigge-hoeness-kahn-salihamdzic-bundesliga-100.html,20240915202037,cdx,
https://www.zdf.de/nachrichten/sport/beachvolleyball-em-mueller-tillmann-titel-100.html,20240916184549,cdx,
https://www.zdf.de/nachrichten/sport/borussia-dortmund-bayer-leverkusen-fussball-bundesliga-100.html,20240915013833,cdx,
https://www.zdf.de/nachrichten/sport/city-biathlon-dresden-100.html,20240916021606,cdx,
https://www.zdf.de/nachrichten/sport/darts-wm-littler-van-barnefeld-100.html,20240915013412,cdx,
https://www.zdf.de/nachrichten/sport/deutsche-zehnkampf-leichtathletik-wm-budapest-2023-100.html,20240915204608,cdx,
https://www.zdf.de/nachrichten/sport/dfl-fussballbundesliga-saisonstart-100.html,20240916184914,cdx,
https://www.zdf.de/nachrichten/sport/dortmund-eindhoven-fussball-champions-league-achtelfinale-rueckspiel-100.html,20240916060822,cdx,
https://www.zdf.de/nachrichten/sport/fc-sc-pauli-jugendfussball-konzept-spielerberater-100.html,20240915202859,cdx,
https://www.zdf.de/nachrichten/sport/franziska-preuss-vanessa-voigt-biathlon-oestersund-einzel-100.html,20240915180924,cdx,
https://www.zdf.de/nachrichten/sport/fussball-bolzplatz-bvb-borussia-dortmund-terzic-sahin-bender-sancho-100.html,20240916072226,cdx,
https://www.zdf.de/nachrichten/sport/fussball-bundesliga-12-spieltag-dortmund-gladbach-100.html,20240915201700,cdx,
https://www.zdf.de/nachrichten/sport/fussball-bundesliga-borussia-dortmund-1-fc-heidenheim-3-spieltag-100.html,20240915020508,cdx,
https://www.zdf.de/nachrichten/sport/fussball-bundesliga-borussia-dortmund-west-ham-united-niklas-fuellkrug-wechsel-100.html,20240915124132,cdx,
https://www.zdf.de/nachrichten/sport/fussball-bundesliga-darmstadt-98-borussia-dortmund-100.html,20240915194234,cdx,
https://www.zdf.de/nachrichten/sport/fussball-bundesliga-fc-bayern-holstein-kiel-100.html,20240915021156,cdx,
https://www.zdf.de/nachrichten/sport/fussball-bundesliga-ole-werner-werder-bremen-100.html,20240915201138,cdx,
https://www.zdf.de/nachrichten/sport/fussball-bundesliga-spieltag-fuenf-bayern-dortmund-100.html,20240916064013,cdx,
https://www.zdf.de/nachrichten/sport/fussball-champions-league-gruppe-f-4-spieltag-borussia-dortmund--newcastle-united-100.html,20240915203621,cdx,
https://www.zdf.de/nachrichten/sport/fussball-champions-league-spieltag-vier-borussia-dortmund-newcastle-united-100.html,20240915202216,cdx,
https://www.zdf.de/nachrichten/sport/fussball-christoph-daum-tod-reaktionen-100.html,20240916191732,cdx,
https://www.zdf.de/nachrichten/sport/fussball-christoph-kramer-und-per-mertesacker-bleiben-zdf-experten-bis-2026-100.html,20240915021045,cdx,
https://www.zdf.de/nachrichten/sport/fussball-conference-league-union-gilloise-eintracht-frankfurt-100.html,20240916090947,cdx,
https://www.zdf.de/nachrichten/sport/fussball-dfb-frauen-nations-league-wales-neue-generation-100.html,20240916023255,cdx,
https://www.zdf.de/nachrichten/sport/fussball-dfb-pokal-gladbach-wolfsburg-achtelfinale-100.html,20240915155615,cdx,
https://www.zdf.de/nachrichten/sport/fussball-dfb-team-kader-usa-reise-100.html,20240916061732,cdx,
https://www.zdf.de/nachrichten/sport/fussball-em-2024-qualifikation-abgebrochenes-spiel-belgien-schweden-100.html,20240915192833,cdx,
https://www.zdf.de/nachrichten/sport/fussball-em-2028-nordirland-co-gastgeber-droht-aus-100.html,20240915021222,cdx,
https://www.zdf.de/nachrichten/sport/fussball-em-qualifikation-frankreich-niederlande-100.html,20240916102454,cdx,
https://www.zdf.de/nachrichten/sport/fussball-england-premier-league-manchester-city-liverpool-100.html,20240915163504,cdx,
https://www.zdf.de/nachrichten/sport/fussball-europa-league-auslosung-eintracht-frankfurt-100.html,20240915100617,cdx,
https://www.zdf.de/nachrichten/sport/fussball-frauenfussball-champions-league-bayern-arsenal-100.html,20240916160644,cdx,
https://www.zdf.de/nachrichten/sport/fussball-guenter-netzer-80-geburtstag-ikone-gladbach-100.html,20240915021355,cdx,
https://www.zdf.de/nachrichten/sport/fussball-heidenheim-conference-league-ligaphase-100.html,20240916183733,cdx,
https://www.zdf.de/nachrichten/sport/fussball-laenderspiel-usa-deutschland-premiere-bundestrainer-nagelsmann-100.html,20240915110319,cdx,
https://www.zdf.de/nachrichten/sport/fussball-laenderspiele-dfb-frauen-maenner-zdf-ard-rechtepaket-livesport-100.html,20240915203529,cdx,
https://www.zdf.de/nachrichten/sport/fussball-max-kruse-karriereende-100.html,20240915104036,cdx,
https://www.zdf.de/nachrichten/sport/fussball-nations-league-dfb-frauen-nationalmannschaft-island-100.html,20240915113232,cdx,
https://www.zdf.de/nachrichten/sport/fussball-pele-todestag-christusstatue-rio-100.html,20240916172224,cdx,
https://www.zdf.de/nachrichten/sport/fussball-premier-league-niclas-fuellkrug-huerzeler-klopp-100.html,20240915215328,cdx,
https://www.zdf.de/nachrichten/sport/fussball-spanien-vorwuerfe-gegen-ex-fussballchef-rubiales-100.html,20240916024548,cdx,
https://www.zdf.de/nachrichten/sport/handball-laenderspiel-testspiel-deutschland-aegypten-100.html,20240915204911,cdx,
https://www.zdf.de/nachrichten/sport/handball-wm-generalprobe-dhb-frauen-100.html,20240915175945,cdx,
https://www.zdf.de/nachrichten/sport/holstein-kiel-bayern-muenchen-abendspiel-fussball-bundesliga-100.html,20240915021149,cdx,
https://www.zdf.de/nachrichten/sport/ilkay-guendogan-nationalmannschaft-dfb-karriereende-100.html,20240916195418,cdx,
https://www.zdf.de/nachrichten/sport/josia-topf-kampf-um-die-paralympische-spiele-in-paris-100.html,20240916161600,cdx,
https://www.zdf.de/nachrichten/sport/leichtathletik-para-wm-rehm-gold-weitsprung-100.html,20240915201333,cdx,
https://www.zdf.de/nachrichten/sport/leichtathletik-stabhochsprung-weltrekord-diamond-league-duplantis-ingebrigtsen-100.html,20240916104119,cdx,
https://www.zdf.de/nachrichten/sport/marathon-berlin-assefa-weltrekord-100.html,20240915162558,cdx,
https://www.zdf.de/nachrichten/sport/olympia-2024-100-meter-sprint-frauen-100.html,20240915125542,cdx,
https://www.zdf.de/nachrichten/sport/olympia-2024-paris-liveticker-146.html,20240916192845,cdx,
https://www.zdf.de/nachrichten/sport/olympia-2024-rudern-einer-finale-oliver-zeidler-100.html,20240916185613,cdx,
https://www.zdf.de/nachrichten/sport/olympia-2024-schlussfeier-paris-100.html,20240915153726,cdx,
https://www.zdf.de/nachrichten/sport/olympia-dosb-bewerbung-frankfurter-erklaerung-100.html,20240916161258,cdx,
https://www.zdf.de/nachrichten/sport/olympia-ioc-bach-nachfolge-kandidaten-coe-samaranch-100.html,20240916155113,cdx,
https://www.zdf.de/nachrichten/sport/paralympics-2024-gold-medaille-maurice-schmidt-rollstuhlfechten-100.html,20240915201419,cdx,
https://www.zdf.de/nachrichten/sport/paralympics-2024-highlights-des-tages-livestream-vorschau-freitag-30-juli-100.html,20240916183825,cdx,
https://www.zdf.de/nachrichten/sport/paralympics-2024-paris-olympia-100.html,20240916041754,cdx,
https://www.zdf.de/nachrichten/sport/post-olympia-depression-mentale-gesundheit-athleten-100.html,20240916040901,cdx,
https://www.zdf.de/nachrichten/sport/radsport-bahnrad-gold-kluge-reinhardt-madison-100.html,20240916002344,cdx,
https://www.zdf.de/nachrichten/sport/rollstuhl-basketball-lilly-sellak-paralympics-2024-100.html,20240916193305,cdx,
https://www.zdf.de/nachrichten/sport/skispringen-skiflug-wm-kulm-wellinger-100.html,20240915043945,cdx,
https://www.zdf.de/nachrichten/sport/sportstudio-wohlgemuth-stuttgart-champions-league-100.html,20240916093854,cdx,
https://www.zdf.de/nachrichten/sport/tennis-davis-cup-deutschland-usa-100.html,20240915021451,cdx,
https://www.zdf.de/nachrichten/sport/volleyball-em-aserbaidschan-deutschland-100.html,20240915091453,cdx,
https://www.zdf.de/nachrichten/sport/volleyball-frauen-verpassen-olympiaqualifikation-100.html,20240915043232,cdx,
https://www.zdf.de/nachrichten/sport/volleyball-olympia-qualifikation-maenner-100.html,20240915180318,cdx,
https://www.zdf.de/nachrichten/sport/wintersport-skispringen-dsv-trainer-horngacher-100.html,20240916065953,cdx,
https://www.zdf.de/nachrichten/thema/49-euro-ticket-128.html,20240915102604,cdx,
https://www.zdf.de/nachrichten/thema/ampel-koalition-114.html,20240915155932,cdx,
https://www.zdf.de/nachrichten/thema/champions-league-news-100.html,20240915160909,cdx,
https://www.zdf.de/nachrichten/thema/deutsche-post-dhl-106.html,20240915043229,cdx,
https://www.zdf.de/nachrichten/thema/dfb-pokal-news-100.html,20240916132844,cdx,
https://www.zdf.de/nachrichten/thema/europaeische-union-eu-100.html,20240915160903,cdx,
https://www.zdf.de/nachrichten/thema/frauenrechte-102.html,20240916092049,cdx,
https://www.zdf.de/nachrichten/thema/fussball-bundesliga-news-100.html,20240915160444,cdx,
https://www.zdf.de/nachrichten/thema/garten-und-balkon-100.html,20240915162548,cdx,
https://www.zdf.de/nachrichten/thema/klimawandel-186.html,20240915161401,cdx,
https://www.zdf.de/nachrichten/thema/landtagswahl-brandenburg-104.html,20240915155840,cdx,
https://www.zdf.de/nachrichten/thema/meta-108.html,20240916092223,cdx,
https://www.zdf.de/nachrichten/thema/nahost-konflikt-102.html,20240915160307,cdx,
https://www.zdf.de/nachrichten/thema/nordkorea-198.html,20240915160905,cdx,
https://www.zdf.de/nachrichten/thema/pfingsten-108.html,20240915135007,cdx,
https://www.zdf.de/nachrichten/thema/rassismus-152.html,20240916092147,cdx,
https://www.zdf.de/nachrichten/thema/streitfall-frieden-100.html,20240915172346,cdx,
https://www.zdf.de/nachrichten/thema/tiktok-146.html,20240916092033,cdx,
https://www.zdf.de/nachrichten/thema/ukraine-198.html,20240915160814,cdx,
https://www.zdf.de/nachrichten/thema/usa-news-100.html,20240915161349,cdx,
https://www.zdf.de/nachrichten/thema/usa-wahlen-100.html,20240915160031,cdx,
https://www.zdf.de/nachrichten/video/krankenhaus-kinder-radio-100.html,20240915014516,cdx,
https://www.zdf.de/nachrichten/video/neues-iphone-apple-stalling-manipulation-faktencheck-backgroundcheck-100.html,20240915155543,cdx,
https://www.zdf.de/nachrichten/video/panorama-essen-magersucht-maenner-100.html,20240915103042,cdx,
https://www.zdf.de/nachrichten/video/panorama-gender-pay-gap-medizin-frauen-100.html,20240915170558,cdx,
https://www.zdf.de/nachrichten/video/panorama-generationenstreit-gendern-buschmann-100.html,20240915204840,cdx,
https://www.zdf.de/nachrichten/video/panorama-hypochondrie-krankheit-100.html,20240915202406,cdx,
https://www.zdf.de/nachrichten/video/panorama-jagen-socialmedia-100.html,20240916160745,cdx,
https://www.zdf.de/nachrichten/video/panorama-mehrwegpflicht-gastronomie-video-100.html,20240915002117,cdx,
https://www.zdf.de/nachrichten/video/panorama-ukraine-kriegsdienst-verweigerung-100.html,20240916091045,cdx,
https://www.zdf.de/nachrichten/video/panorama-windrad-gesprengt-100.html,20240915170016,cdx,
https://www.zdf.de/nachrichten/video/politik-brasilien-richtungsentscheidung-100.html,20240916161442,cdx,
https://www.zdf.de/nachrichten/video/politik-illner-tacke-verbot-afd-einschaetzung-100.html,20240916221252,cdx,
https://www.zdf.de/nachrichten/video/politik-lanz-trittin-china-habeck-100.html,20240915203225,cdx,
https://www.zdf.de/nachrichten/video/politik-plastikmuell-geisternetze-100.html,20240915034949,cdx,
https://www.zdf.de/nachrichten/video/politik-sudan-kriegsparteien-zivilschutz-100.html,20240916161448,cdx,
https://www.zdf.de/nachrichten/video/politik-ukraine-krieg-rettungsdienst-100.html,20240915002824,cdx,
https://www.zdf.de/nachrichten/wirtschaft/aerzte-arbeitsbedingungen-kundgebung-tarifkonflikt-100.html,20240916165359,cdx,
https://www.zdf.de/nachrichten/wirtschaft/auto-lobby-co2-grenzwerte-eu-100.html,20240915021040,cdx,
https://www.zdf.de/nachrichten/wirtschaft/autobahn-bruecke-sanierung-deutschland-a40-nrw-100.html,20240915081806,cdx,
https://www.zdf.de/nachrichten/wirtschaft/batterieforschung-folgen-kuerzung-foerderung-100.html,20240915021441,cdx,
https://www.zdf.de/nachrichten/wirtschaft/betrug-klimaprojekte-china-umweltbundesamt-zertifikate-100.html,20240916171718,cdx,
https://www.zdf.de/nachrichten/wirtschaft/boerse-aktien-aufschwung-wirtschaft-abschwung-100.html,20240915013936,cdx,
https://www.zdf.de/nachrichten/wirtschaft/china-e-auto-zoelle-eu-wto-100.html,20240915123640,cdx,
https://www.zdf.de/nachrichten/wirtschaft/co2-emissionen-handel-zertifikate-einnahmen-klima-100.html,20240915034130,cdx,
https://www.zdf.de/nachrichten/wirtschaft/deutsche-bahn-metalldieb-100.html,20240915180936,cdx,
https://www.zdf.de/nachrichten/wirtschaft/einzelhandel-weihnachten-einkaeufe-kauflust-100.html,20240915034802,cdx,
https://www.zdf.de/nachrichten/wirtschaft/evg-bahn-urabstimmung-100.html,20240915211413,cdx,
https://www.zdf.de/nachrichten/wirtschaft/ifo-geschaeftsklima-einzelhandel-100.html,20240915030311,cdx,
https://www.zdf.de/nachrichten/wirtschaft/igenius-influencer-geld-frauen-handy-100.html,20240915173645,cdx,
https://www.zdf.de/nachrichten/wirtschaft/immobilien-preise-zinsen-100.html,20240915095913,cdx,
https://www.zdf.de/nachrichten/wirtschaft/konktaktlos-zahlen-beliebt-bargeld-100.html,20240915193227,cdx,
https://www.zdf.de/nachrichten/wirtschaft/mehr-ladendiebstahl-sb-kassen-100.html,20240915193214,cdx,
https://www.zdf.de/nachrichten/wirtschaft/oxfam-studie-soziales-ungleichheit-steuern-100.html,20240916155445,cdx,
https://www.zdf.de/nachrichten/wirtschaft/riedbahn-frankfurt-mannheim-deutsche-bahn-100.html,20240915195421,cdx,
https://www.zdf.de/nachrichten/wirtschaft/schulden-gruende-bericht-2024-ueberschuldungsreport-iff-100.html,20240915020549,cdx,
https://www.zdf.de/nachrichten/wirtschaft/stahl-arbeitgeber-4-tage-woche-100.html,20240916021639,cdx,
https://www.zdf.de/nachrichten/wirtschaft/steuerklassen-reform-paare-lindner-100.html,20240915215347,cdx,
https://www.zdf.de/nachrichten/wirtschaft/stuttgart-21-deutsche-bahn-bahnhof-kosten-100.html,20240915112714,cdx,
https://www.zdf.de/nachrichten/wirtschaft/stuttgart-21-faq-bahnhof-projekt-mehrkosten-100.html,20240915153600,cdx,
https://www.zdf.de/nachrichten/wirtschaft/unternehmen-pleite-insolvenz-konjunktur-100.html,20240915180225,cdx,
https://www.zdf.de/nachrichten/wirtschaft/unternehmen/airbnb-tourismus-buchungsportal-boerse-bilanz-100.html,20240916182758,cdx,
https://www.zdf.de/nachrichten/wirtschaft/unternehmen/astrazeneca-corona-impfstoff-ruecknahme-nachfrage-100.html,20240915043226,cdx,
https://www.zdf.de/nachrichten/wirtschaft/unternehmen/bahn-gdl-tarifverhandlungen-100.html,20240916153520,cdx,
https://www.zdf.de/nachrichten/wirtschaft/unternehmen/bahn-gdl-weselsky-arbeitszeit-lokfuehrer-100.html,20240916161721,cdx,
https://www.zdf.de/nachrichten/wirtschaft/unternehmen/bahn-stuttgart-21-kosten-teurer-100.html,20240915094519,cdx,
https://www.zdf.de/nachrichten/wirtschaft/unternehmen/homeoffice-arbeitszeit-kontrolle-100.html,20240915122433,cdx,
https://www.zdf.de/nachrichten/wirtschaft/unternehmen/huawei-5g-netz-mobilfunk-faeser-100.html,20240915010303,cdx,
https://www.zdf.de/nachrichten/wirtschaft/unternehmen/intel-madgeburg-plan-bau-verzoegerung-100.html,20240916215211,cdx,
https://www.zdf.de/nachrichten/wirtschaft/unternehmen/intel-stellenabbau-halbleiter-chips-magdeburg-100.html,20240916232028,cdx,
https://www.zdf.de/nachrichten/wirtschaft/unternehmen/kreuzfahrtschiff-reederei-umwelt-nabu-100.html,20240915133802,cdx,
https://www.zdf.de/nachrichten/wirtschaft/unternehmen/meyer-werft-disney-grossauftrag-kreuzfahrt-schiff-100.html,20240916021647,cdx,
https://www.zdf.de/nachrichten/wirtschaft/unternehmen/vw-sparkurs-betriebsversammlung-100.html,20240915210613,cdx,
https://www.zdf.de/nachrichten/wirtschaft/unternehmen/vw-standorte-schliessung-verhindern-heil-100.html,20240916181337,cdx,
https://www.zdf.de/nachrichten/wirtschaft/unternehmen/whatsapp-zehn-jahre-facebook-meta-100.html,20240916003823,cdx,
https://www.zdf.de/nachrichten/wissen/basenfasten-abnehmen-terrax-jens-foell-kolumne-100.html,20240915014249,cdx,
https://www.zdf.de/nachrichten/wissen/blauhai-makohai-ueberfischung-haie-spanien-100.html,20240916040843,cdx,
https://www.zdf.de/nachrichten/wissen/feldhasen-gefaehrdet-zaehlung-rekord-100.html,20240915034956,cdx,
https://www.zdf.de/nachrichten/wissen/geschlecht-radikalisierung-terrax-markus-theunert-kolumne-100.html,20240915075853,cdx,
https://www.zdf.de/nachrichten/wissen/gesundheit-alkohol-konsum-droge-100.html,20240916203308,cdx,
https://www.zdf.de/nachrichten/wissen/hochwasser-aktuell-karte-deutschland-100.html,20240916021159,cdx,
https://www.zdf.de/nachrichten/wissen/hochwasser-normalzustand-klimawandel-100.html,20240915121852,cdx,
https://www.zdf.de/nachrichten/wissen/idefix-roboter-mars-mond-weltraum-raumfahrt-mission-100.html,20240915011759,cdx,
https://www.zdf.de/nachrichten/wissen/klima-studie-deutschland-erwaermung-102.html,20240916101720,cdx,
https://www.zdf.de/nachrichten/wissen/kuenstliche-intelligenz-ki-sprachmodell-vergleich-100.html,20240915011109,cdx,
https://www.zdf.de/nachrichten/wissen/meer-klimawandel-globale-erwaermung-terrax-mojib-latif-kolumne-100.html,20240915163148,cdx,
https://www.zdf.de/nachrichten/wissen/mobilitaet-verkehrswende-verkehr-auto-terrax-jens-foell-kolumne-100.html,20240915114952,cdx,
https://www.zdf.de/nachrichten/wissen/neue-infektionskrankheiten-erkennen-fruehwarnsystem-corona-vogelgrippe-mpox-forschung-100.html,20240915020456,cdx,
https://www.zdf.de/nachrichten/wissen/nobelpreis-physik-harald-lesch-forschung-100.html,20240915200158,cdx,
https://www.zdf.de/nachrichten/wissen/online-internet-studie-71-stunden-woche-100.html,20240915165720,cdx,
https://www.zdf.de/nachrichten/wissen/pflichtverteidigung-gericht-verfahren-anwalt-justiz-kritik-100.html,20240916183642,cdx,
https://www.zdf.de/nachrichten/wissen/waldbraende-deutschland-terrax-jasmina-neudecker-kolumne-100.html,20240915111449,cdx,
https://www.zdf.de/nachrichten/zdfspezial/gedenkstunde-fuer-die-opfer-des-nationalsozialismus-102.html,20240915164801,cdx,
https://www.zdf.de/nachrichten/zdfspezial/zdf-spezial---hochwasser-in-europa---dauerregen-und-steigende-pegelstaende-100.html,20240916212302,cdx,
https://www.zdf.de/nachrichten/briefing/afghanistan-abschiebung-sicherheit-wetter-lebkuchen-zdfheute-update-100.html,20240918175049,cdx,
https://www.zdf.de/nachrichten/briefing/afrika-gipfel-migration-entwicklung-banerjee-zdfheute-update-100.html,20240918213211,cdx,
https://www.zdf.de/nachrichten/briefing/ampel-haushalt-spd-bahnstreik-zimmermann-zdfheute-update-100.html,20240917022151,cdx,
https://www.zdf.de/nachrichten/briefing/deutsche-bahn-sanierung-wissing-wunn-zdfheute-update-100.html,20240918094044,cdx,
https://www.zdf.de/nachrichten/briefing/eu-gipfel-flughafen-streik-wahlrecht-gellinek-zdfheute-update-100.html,20240918012538,cdx,
https://www.zdf.de/nachrichten/briefing/garnisonkirche-steinmeier-potsdam-benthin-zdfheute-update-100.html,20240918034958,cdx,
https://www.zdf.de/nachrichten/briefing/good-news-demokratie-wahl-zdfheute-update-100-100.html,20240917190425,cdx,
https://www.zdf.de/nachrichten/briefing/good-news-tiefseebergbau-meer-zdfheute-update-100.html,20240918174014,cdx,
https://www.zdf.de/nachrichten/briefing/grenzkontrollen-hochwasser-trump-zdfheute-update-100.html,20240917143617,cdx,
https://www.zdf.de/nachrichten/briefing/hochwasser-merz-intel-desinformation-zdfheute-update-100.html,20240917203710,cdx,
https://www.zdf.de/nachrichten/briefing/israel-flaechenbrand-pieper-zdfheute-update-100.html,20240917195237,cdx,
https://www.zdf.de/nachrichten/briefing/israel-ukraine-afd-psyche-zdfheute-update-100.html,20240918075257,cdx,
https://www.zdf.de/nachrichten/briefing/kabul-afghanistan-taliban-rohde-zdfheute-update-100.html,20240917013508,cdx,
https://www.zdf.de/nachrichten/briefing/landtagswahl-thueringen-kuehnert-ramelow-demaiziere-zdfheute-update-100.html,20240918185400,cdx,
https://www.zdf.de/nachrichten/briefing/linke-bsw-spd-schmiese-zdfheute-update-100.html,20240917052108,cdx,
https://www.zdf.de/nachrichten/briefing/merz-scholz-freizeit-5g-scheuer-zdfheute-update-100.html,20240917234826,cdx,
https://www.zdf.de/nachrichten/briefing/schmerzmittel-opioide-drogen-usa-brecht-zdfheute-update-100.html,20240917074008,cdx,
https://www.zdf.de/nachrichten/drehscheibe/drehscheibe-vom-19-september-2023-100.html,20240917083259,cdx,
https://www.zdf.de/nachrichten/drehscheibe/sommer-autofahren-regeln-100.html,20240917115016,cdx,
https://www.zdf.de/nachrichten/bilder/bildergalerie-perseiden-ueber-deutschland-100.html,20240920144345,cdx,
https://www.zdf.de/nachrichten/briefing/antisemitismus-israel-palaestina-rzepka-zdfheute-update-102.html,20240919120625,cdx,
https://www.zdf.de/nachrichten/briefing/arbeitsmarktzahlen-fachkraefte-vw-kunz-zdfheute-update-100.html,20240920192549,cdx,
https://www.zdf.de/nachrichten/briefing/basf-oepnv-fsb-zdfheute-update-100.html,20240919032709,cdx,
https://www.zdf.de/nachrichten/briefing/brandmauer-afd-sachsen-thueringen-brecht-zdfheute-update-100.html,20240919124950,cdx,
https://www.zdf.de/nachrichten/briefing/eu-asylreform-baerbock-trump-maurer-zdfheute-update-100.html,20240919190731,cdx,
https://www.zdf.de/nachrichten/briefing/eu-china-seidenstrasse-biedenkopf-zdfheute-update-100.html,20240919175805,cdx,
https://www.zdf.de/nachrichten/briefing/gefangenenaustausch-raketen-intel-zdfheute-update-100.html,20240920004956,cdx,
https://www.zdf.de/nachrichten/briefing/good-news-landarzt-gesundheit-zdfheute-update-100.html,20240919111803,cdx,
https://www.zdf.de/nachrichten/briefing/good-news-lebensmittelpreise-inflation-zdfheute-update-100.html,20240919003356,cdx,
https://www.zdf.de/nachrichten/briefing/hamas-verbot-brecht-zdfheute-update-100.html,20240920042742,cdx,
https://www.zdf.de/nachrichten/briefing/hochwasser-drach-bauern-zdfheute-update-100.html,20240919015853,cdx,
https://www.zdf.de/nachrichten/briefing/israel-afd-wirtschaft-winterkorn-zdfheute-update-100.html,20240919113514,cdx,
https://www.zdf.de/nachrichten/briefing/migration-gipfel-banerjee-zdfheute-update-100.html,20240919113542,cdx,
https://www.zdf.de/nachrichten/briefing/polizei-nahost-akw-demaiziere-zdfheute-update-100.html,20240920232958,cdx,
https://www.zdf.de/nachrichten/briefing/reeperbahn-festival-kultur-schmiese-zdfheute-update-100.html,20240920234609,cdx,
https://www.zdf.de/nachrichten/briefing/scholz-islamismus-rzepka-zdfheute-update-100.html,20240919113653,cdx,
https://www.zdf.de/nachrichten/briefing/scholz-us-demokraten-linke-zdfheute-update-100.html,20240920134119,cdx,
https://www.zdf.de/nachrichten/briefing/usa-wahlkampf-trump-hitze-klischees-zdfheute-update-100.html,20240920094843,cdx,
https://www.zdf.de/nachrichten/drehscheibe/biber-tunnel-bahndamm-oberstdorf-100.html,20240919044016,cdx,
https://www.zdf.de/nachrichten/heute/auf-sharon-tates-spuren-50-jahre-nach-den-manson-morden-100.html,20240919010553,cdx,
https://www.zdf.de/nachrichten/heute/bilder/essenmotorshow-116.html,20240919121551,cdx,
https://www.zdf.de/nachrichten/heute/bilder/japan-taifun-hagibis-116.html,20240920040037,cdx,
https://www.zdf.de/nachrichten/heute/corona-virus-metropolen-100.html,20240919003241,cdx,
https://www.zdf.de/nachrichten/heute/videos/hochwasserschutz-in-grafiken-100.html,20240919010444,cdx,
https://www.zdf.de/nachrichten/heute/waldbraende-in-kalifornien-bilderserie-100.html,20240919190224,cdx,
https://www.zdf.de/nachrichten/panorama/abtreibung-urteil-usa-folgen-chaos-100.html,20240920010544,cdx,
https://www.zdf.de/nachrichten/panorama/adac-stau-urlaub-ferien-em-100.html,20240919121755,cdx,
https://www.zdf.de/nachrichten/panorama/alkoholfreies-bier-alkoholfrei-alkoholkonsum-100.html,20240920210104,cdx,
https://www.zdf.de/nachrichten/panorama/ammen-dornfinger-spinne-des-jahres-2023-100.html,20240920233804,cdx,
https://www.zdf.de/nachrichten/panorama/asterix-obelix-die-weisse-iris-comic-100.html,20240919192131,cdx,
https://www.zdf.de/nachrichten/panorama/asterix-weisse-iris-comic-100.html,20240919192131,cdx,
https://www.zdf.de/nachrichten/panorama/athen-waldbrand-fortschritt-schwaecher-100.html,20240919114658,cdx,
https://www.zdf.de/nachrichten/panorama/atomwaffen-forscher-warnung-ukraine-krieg-russland-100.html,20240920174242,cdx,
https://www.zdf.de/nachrichten/panorama/baby-beliebteste-vornamen-2023-emilia-noah-100.html,20240919183202,cdx,
https://www.zdf.de/nachrichten/panorama/badetote-dlrg-fluesse-seen-schwimmen-100.html,20240919114406,cdx,
https://www.zdf.de/nachrichten/panorama/baer-italien-europa-verbreitung-gefahr-faq-100.html,20240919031654,cdx,
https://www.zdf.de/nachrichten/panorama/baerbock-maskenbildnerin-100.html,20240919120829,cdx,
https://www.zdf.de/nachrichten/panorama/bahn-bus-fahrgaeste-anstieg-statistik-100.html,20240920153029,cdx,
https://www.zdf.de/nachrichten/panorama/balkan-serbien-nordmazedonien-wetter-hitze-100.html,20240919065241,cdx,
https://www.zdf.de/nachrichten/panorama/banksy-zoo-london-street-art-katze-dehnuebung-100.html,20240920202948,cdx,
https://www.zdf.de/nachrichten/panorama/bauchfrei-schule-thueringen-soemmerda-kleiderordnung-100.html,20240920111110,cdx,
https://www.zdf.de/nachrichten/panorama/bergkarabach-tankstelle-explosion-100.html,20240920051506,cdx,
https://www.zdf.de/nachrichten/panorama/berlinale-chefin-tricia-tuttle-100.html,20240919212017,cdx,
https://www.zdf.de/nachrichten/panorama/bidet-dusch-wc-nutzung-100.html,20240919150828,cdx,
https://www.zdf.de/nachrichten/panorama/bildungsmonitor-bildungsniveau-schule-idw-100.html,20240919191440,cdx,
https://www.zdf.de/nachrichten/panorama/bill-cosby-sexueller-missbrauch-zivilklage-100.html,20240920203703,cdx,
https://www.zdf.de/nachrichten/panorama/bolivien-drogen-fund-kokain-acht-tonnen-100.html,20240920004103,cdx,
https://www.zdf.de/nachrichten/panorama/bruecken-deutschland-situation-einsturz-dresden-100.html,20240919114406,cdx,
https://www.zdf.de/nachrichten/panorama/buch-autor-bestsellerliste-100.html,20240919021916,cdx,
https://www.zdf.de/nachrichten/panorama/cheptegei-lauferin-olympia-angriff-benzin-ex-freund-tot-100.html,20240920170158,cdx,
https://www.zdf.de/nachrichten/panorama/cop-neubauer-einfluss-aktivisten-klimakonferenz-100.html,20240919114658,cdx,
https://www.zdf.de/nachrichten/panorama/corona-maskenpflicht-kinder-wirksamkeit-100.html,20240920014853,cdx,
https://www.zdf.de/nachrichten/panorama/corona-variante-kp311-xec-100.html,20240920121205,cdx,
https://www.zdf.de/nachrichten/panorama/deutsche-bahn-tod-mitarbeiter-gleis-100.html,20240920114219,cdx,
https://www.zdf.de/nachrichten/panorama/diamant-fund-botsuana-afrika-gross-100.html,20240920145627,cdx,
https://www.zdf.de/nachrichten/panorama/dresden-carolabruecke-einsturz-elbe-100.html,20240919114353,cdx,
https://www.zdf.de/nachrichten/panorama/erdbeben-china-xinjiang-kirgistan-100.html,20240919212903,cdx,
https://www.zdf.de/nachrichten/panorama/erdbeben-westfrankreich-rennes-bordeaux-100.html,20240919021657,cdx,
https://www.zdf.de/nachrichten/panorama/erzbischof-boxen-kriminalitaet-jugendliche-100.html,20240919122011,cdx,
https://www.zdf.de/nachrichten/panorama/eugh-booking-bestpreis-hotelbuchung-100.html,20240919113432,cdx,
https://www.zdf.de/nachrichten/panorama/fahrrad-fahren-unfall-sicherheit-100.html,20240919114725,cdx,
https://www.zdf.de/nachrichten/panorama/filmfestival-locarno-leopard-deutsch-kino-100.html,20240920093342,cdx,
https://www.zdf.de/nachrichten/panorama/fleisch-wurst-ernaehrungsreport-vegetarier-oezdemir-100.html,20240919095507,cdx,
https://www.zdf.de/nachrichten/panorama/flughafen-ber-schadenersatz-klage-letzte-generation-100.html,20240919114417,cdx,
https://www.zdf.de/nachrichten/panorama/flughafen-passagier-panne-ticket-100.html,20240919123717,cdx,
https://www.zdf.de/nachrichten/panorama/fremdgehen-umfrage-untreue-deutschland-100.html,20240920195810,cdx,
https://www.zdf.de/nachrichten/panorama/goethe-geburtstag-dichter-modern-wichtig-100.html,20240919135200,cdx,
https://www.zdf.de/nachrichten/panorama/grafiken-weltbevoelkerungstag-zahlen-100.html,20240919010713,cdx,
https://www.zdf.de/nachrichten/panorama/grundschulkinder-berlin-noten-weiterfuehrende-schule-100.html,20240920131626,cdx,
https://www.zdf.de/nachrichten/panorama/hai-angriff-kanaren-tote-100.html,20240919014117,cdx,
https://www.zdf.de/nachrichten/panorama/hitler-attentat-stauffenberg-80-jahre-102.html,20240919114514,cdx,
https://www.zdf.de/nachrichten/panorama/hochwasser-brandenburg-sachsen-oder-elbe-100.html,20240919014026,cdx,
https://www.zdf.de/nachrichten/panorama/hochwasser-europa-aufraeumarbeiten-100.html,20240919013123,cdx,
https://www.zdf.de/nachrichten/panorama/hochwasser-sturm-deutschland-100.html,20240919063043,cdx,
https://www.zdf.de/nachrichten/panorama/indonesien-vulkan-ausbruch-wanderer-100.html,20240919054829,cdx,
https://www.zdf.de/nachrichten/panorama/iran-kameras-ueberwachung-kleidervorschrift-100.html,20240920133126,cdx,
https://www.zdf.de/nachrichten/panorama/iran-tourismus-krise-proteste-100.html,20240920133128,cdx,
https://www.zdf.de/nachrichten/panorama/japan-kyushu-taifun-shanshan-100.html,20240919154159,cdx,
https://www.zdf.de/nachrichten/panorama/jugendwort-2023-langenscheidt-verlag-frankfurter-buchmesse-100.html,20240919172254,cdx,
https://www.zdf.de/nachrichten/panorama/kanada-waldbraende-hay-river-evakuierung-facebook-100.html,20240919170609,cdx,
https://www.zdf.de/nachrichten/panorama/katze-virus-zypern-risiko-corona-100.html,20240920014711,cdx,
https://www.zdf.de/nachrichten/panorama/katzen-klima-oekologisch-vogel-artenvielfalt-100.html,20240920150236,cdx,
https://www.zdf.de/nachrichten/panorama/ki-chatgpt-bildungssystem-schule-100.html,20240919191439,cdx,
https://www.zdf.de/nachrichten/panorama/kita-personal-krankenstand-hoch-100.html,20240920150624,cdx,
https://www.zdf.de/nachrichten/panorama/klima-altlasten-permafrost-arktis-100.html,20240919041656,cdx,
https://www.zdf.de/nachrichten/panorama/klima-kenia-ueberflutung-duerre-100.html,20240919114826,cdx,
https://www.zdf.de/nachrichten/panorama/klimageld-schieflage-energiewende-100.html,20240919122123,cdx,
https://www.zdf.de/nachrichten/panorama/klimawandel-einkaufsverhalten-lebensmittel-100.html,20240919104931,cdx,
https://www.zdf.de/nachrichten/panorama/kondome-jugendliche-who-europa-100.html,20240919055948,cdx,
https://www.zdf.de/nachrichten/panorama/krankenkasse-beitrag-erhoehung-techniker-100.html,20240919093959,cdx,
https://www.zdf.de/nachrichten/panorama/kriminalitaet/affen-social-media-tierquaelerei-100.html,20240919104819,cdx,
https://www.zdf.de/nachrichten/panorama/kriminalitaet/berlin-feuerwehr-feuerwerk-angriff-100.html,20240919174710,cdx,
https://www.zdf.de/nachrichten/panorama/kriminalitaet/betrug-promi-deepfake-werbevideos-geldanlage-100.html,20240919235511,cdx,
https://www.zdf.de/nachrichten/panorama/kriminalitaet/betrugsmasche-enkeltrick-whatsapp-100.html,20240920003647,cdx,
https://www.zdf.de/nachrichten/panorama/kriminalitaet/bordell-pascha-koeln-staatsanwaltschaft-schleuserbande-100.html,20240920220442,cdx,
https://www.zdf.de/nachrichten/panorama/kriminalitaet/bundesverfassungsgericht-schuesse-festnahme-karlsruhe-100.html,20240919113558,cdx,
https://www.zdf.de/nachrichten/panorama/kriminalitaet/cheptegei-olympia-teilnehmerin-brandanschlag-tod-100.html,20240920124428,cdx,
https://www.zdf.de/nachrichten/panorama/kriminalitaet/dieter-zurwehme-festnahme-100.html,20240920215351,cdx,
https://www.zdf.de/nachrichten/panorama/kriminalitaet/explosion-koeln-fahndung-faq-100.html,20240919013119,cdx,
https://www.zdf.de/nachrichten/panorama/kriminalitaet/flughafen-sicherheit-letzte-generation-100.html,20240919114429,cdx,
https://www.zdf.de/nachrichten/panorama/kriminalitaet/garweg-raf-terrorist-aufnahmen-fahndung-lka-niedersachsen-100.html,20240920221947,cdx,
https://www.zdf.de/nachrichten/panorama/kriminalitaet/gruppenvergewaltigung-herford-festnahmen-100.html,20240920220440,cdx,
https://www.zdf.de/nachrichten/panorama/kriminalitaet/hamburg-flughafen-geiselnahme-sicherheit-kritik-experte-100.html,20240919113558,cdx,
https://www.zdf.de/nachrichten/panorama/kriminalitaet/is-kaempfer-vorwurf-prozess-kriegsverbrechen-terror-syrien-100.html,20240920220438,cdx,
https://www.zdf.de/nachrichten/panorama/kriminalitaet/iserlohn-kopfschuesse-obdachlose-frau-polizei-100.html,20240919180120,cdx,
https://www.zdf.de/nachrichten/panorama/kriminalitaet/kriminalitaet-deutschland-sicherheitslage-statistik-100.html,20240919013908,cdx,
https://www.zdf.de/nachrichten/panorama/kriminalitaet/london-mann-schwert-angriff-100.html,20240919115133,cdx,
https://www.zdf.de/nachrichten/panorama/kriminalitaet/maria-boegerl-bankiersgattin-heidenheim-polizei-ermittlung-100.html,20240919073801,cdx,
https://www.zdf.de/nachrichten/panorama/kriminalitaet/mexiko-chiapas-kartelle-organisierte-kriminalitaet-100.html,20240919115553,cdx,
https://www.zdf.de/nachrichten/panorama/kriminalitaet/mord-v-person-polizei-frankfurt-drogenhandel-spanien-100.html,20240920220438,cdx,
https://www.zdf.de/nachrichten/panorama/kriminalitaet/mpu-king-idiotentest-fuehrerschein-betrug-verdacht-100.html,20240919014027,cdx,
https://www.zdf.de/nachrichten/panorama/kriminalitaet/muslime-ueberfall-pub-entschuldigung-grossbritannien-birmingham-100.html,20240919150543,cdx,
https://www.zdf.de/nachrichten/panorama/kriminalitaet/norwegen-anders-breivik-gewalt-isolationshaft-100.html,20240920232836,cdx,
https://www.zdf.de/nachrichten/panorama/kriminalitaet/opioid-sucht-schmerzmittel-risiken-100.html,20240920220440,cdx,
https://www.zdf.de/nachrichten/panorama/kriminalitaet/opioide-krise-abhaengigkeit-medikamente-sackler-purdue-100.html,20240920221946,cdx,
https://www.zdf.de/nachrichten/panorama/kriminalitaet/paedophilen-netzwerk-haftbefehle-gericht-bamberg-100.html,20240920220440,cdx,
https://www.zdf.de/nachrichten/panorama/kriminalitaet/portugal-schwerverbrecher-gefaengnis-ausbruch-100.html,20240920220438,cdx,
https://www.zdf.de/nachrichten/panorama/kriminalitaet/regensburg-junge-messerstiche-100.html,20240919190417,cdx,
https://www.zdf.de/nachrichten/panorama/kriminalitaet/solingen-messer-attacke-aktuell-100.html,20240919123007,cdx,
https://www.zdf.de/nachrichten/panorama/kriminalitaet/tiktok-montana-verbot-100.html,20240919175612,cdx,
https://www.zdf.de/nachrichten/panorama/kriminalitaet/ulm-polizeieinsatz-muensterplatz-100.html,20240919054731,cdx,
https://www.zdf.de/nachrichten/panorama/kriminalitaet/unruhen-nach-messerangriff-festnahmen-grossbritannien-100.html,20240920093719,cdx,
https://www.zdf.de/nachrichten/panorama/kriminalitaet/usa-georgia-angriff-schule-schusswaffe-festnahme-vater-100.html,20240920201934,cdx,
https://www.zdf.de/nachrichten/panorama/kroatien-sonntag-ladenschluss-gesetz-100.html,20240920215847,cdx,
https://www.zdf.de/nachrichten/panorama/kurschus-ruecktritt-ekd-ratsvorsitz-100.html,20240919021459,cdx,
https://www.zdf.de/nachrichten/panorama/leitungswasser-trinken-deutschland-100.html,20240919095703,cdx,
https://www.zdf.de/nachrichten/panorama/letzte-generation-berlin-marathon-100.html,20240920081115,cdx,
https://www.zdf.de/nachrichten/panorama/lidl-rueckruf-raeucherfisch-100.html,20240919083222,cdx,
https://www.zdf.de/nachrichten/panorama/literaturnobelpreis-stockholm-100.html,20240919165605,cdx,
https://www.zdf.de/nachrichten/panorama/mallorca-wetter-unwetter-flug-ausfall-100.html,20240919123717,cdx,
https://www.zdf.de/nachrichten/panorama/marokko-erdbeben-wiederaufbau-familien-100.html,20240920004500,cdx,
https://www.zdf.de/nachrichten/panorama/matterhorn-schweiz-alpinisten-absturz-100.html,20240920215328,cdx,
https://www.zdf.de/nachrichten/panorama/medien-vertrauen-studie-universitaet-mainz-100.html,20240920031212,cdx,
https://www.zdf.de/nachrichten/panorama/millionaere-vermoegen-world-wealth-report-100.html,20240919113709,cdx,
https://www.zdf.de/nachrichten/panorama/mohamed-al-fayed-tod-harrods-london-100.html,20240920220551,cdx,
https://www.zdf.de/nachrichten/panorama/mond-supermond-blau-himmel-phaenomen-100.html,20240920212818,cdx,
https://www.zdf.de/nachrichten/panorama/moo-deng-zwergflusspferd-thailand-zoo-social-media-100.html,20240920210019,cdx,
https://www.zdf.de/nachrichten/panorama/mozart-neues-stueck-102.html,20240920022136,cdx,
https://www.zdf.de/nachrichten/panorama/muttertag-historisch-hitler-ns-zeit-100.html,20240919114527,cdx,
https://www.zdf.de/nachrichten/panorama/nasa-iss-astronauten-starliner-100.html,20240920141700,cdx,
https://www.zdf.de/nachrichten/panorama/neue-musik-top-alben-100.html,20240920143201,cdx,
https://www.zdf.de/nachrichten/panorama/nord-stream-explosion-jacht-spur-polen-bericht-100.html,20240920015609,cdx,
https://www.zdf.de/nachrichten/panorama/nosferatu-spinne-verbreitung-deutschland-100.html,20240920104315,cdx,
https://www.zdf.de/nachrichten/panorama/oesterreich-ueberschwemmung-starkregen-100.html,20240920171756,cdx,
https://www.zdf.de/nachrichten/panorama/oktoberfest-2024-wiesn-muenchen-2024-sicherheit-100.html,20240920184545,cdx,
https://www.zdf.de/nachrichten/panorama/onlinestudie-2022-ard-zdf-100.html,20240920051006,cdx,
https://www.zdf.de/nachrichten/panorama/oscars-2024-gewinner-filme-100.html,20240919114635,cdx,
https://www.zdf.de/nachrichten/panorama/papst-franziskus-reise-suedostasien-katholische-kirche-100.html,20240919113533,cdx,
https://www.zdf.de/nachrichten/panorama/paris-frankreich-gastronomie-bars-terrassen-anwohner-100.html,20240920131616,cdx,
https://www.zdf.de/nachrichten/panorama/parmesan-fake-parmigiano-reggiano-100.html,20240919180606,cdx,
https://www.zdf.de/nachrichten/panorama/plan-b-artenschhutz-wildfluss-nationalpark-vjosa-100.html,20240920215847,cdx,
https://www.zdf.de/nachrichten/panorama/plan-b-zoo-artgerechte-haltung-reserve-africaine-100.html,20240919122809,cdx,
https://www.zdf.de/nachrichten/panorama/prominente/boateng-exfreundin-lenhardt-gericht-berlin-urteil-100.html,20240919013438,cdx,
https://www.zdf.de/nachrichten/panorama/prominente/christian-oliver-schauspieler-flugzeugabsturz-gestorben-100.html,20240919063440,cdx,
https://www.zdf.de/nachrichten/panorama/prominente/friedrich-schorlemmer-theologe-buergerrechtler-100.html,20240920172143,cdx,
https://www.zdf.de/nachrichten/panorama/prominente/guenther-jauch-weingut-hochwasser-100.html,20240919041827,cdx,
https://www.zdf.de/nachrichten/panorama/prominente/helene-fischer-kinder-album-100.html,20240920124458,cdx,
https://www.zdf.de/nachrichten/panorama/prominente/kendrick-lamar-rapper-superbowl-halbzeitshow-american-football-100.html,20240920151118,cdx,
https://www.zdf.de/nachrichten/panorama/prominente/koenig-charles-krebs-auftritt-100.html,20240919115133,cdx,
https://www.zdf.de/nachrichten/panorama/prominente/kubrick-25-jahre-100.html,20240920134924,cdx,
https://www.zdf.de/nachrichten/panorama/prominente/lemke-wilfried-willi-tot-manager-werder-bremen-sport-100.html,20240920201819,cdx,
https://www.zdf.de/nachrichten/panorama/prominente/luisa-neubauer-interview-klimakrise-klimakampf-fridays-for-future-100.html,20240919114644,cdx,
https://www.zdf.de/nachrichten/panorama/prominente/luke-mockridge-paralympics-behinderung-comedy-100.html,20240919052928,cdx,
https://www.zdf.de/nachrichten/panorama/prominente/matthew-perry-friends-schauspieler-erklaerung-100.html,20240919184526,cdx,
https://www.zdf.de/nachrichten/panorama/prominente/papst-daunenjacke-fake-ki-kuenstliche-intelligenz-100.html,20240919101432,cdx,
https://www.zdf.de/nachrichten/panorama/prominente/peter-maffay-75-abschied-farewell-100.html,20240919153423,cdx,
https://www.zdf.de/nachrichten/panorama/prominente/prinzessin-kate-chemotherapie-beendet-krebs-royals-100.html,20240919053020,cdx,
https://www.zdf.de/nachrichten/panorama/prominente/ramadan-schauspieler-gefaengnis-bewaehrung-berlin-100.html,20240919111703,cdx,
https://www.zdf.de/nachrichten/panorama/prominente/rebecca-horn-kuenstlerin-gestorben-100.html,20240920122101,cdx,
https://www.zdf.de/nachrichten/panorama/prominente/stefan-raab-tv-total--comeback-video-instagram-100.html,20240919045203,cdx,
https://www.zdf.de/nachrichten/panorama/prominente/todesschuss-staatsanwaltschaft-anklage-alec-baldwin-100.html,20240919113753,cdx,
https://www.zdf.de/nachrichten/panorama/prominente/us-aussenminister-blinken-e-gitarre-100.html,20240920004333,cdx,
https://www.zdf.de/nachrichten/panorama/prominente/zoe-kravitz-blink-twice-channing-tatum-blink-twice-100.html,20240920144425,cdx,
https://www.zdf.de/nachrichten/panorama/prozess-schweden-muell-koenigin-umweltskandal-bella-nilsson-100.html,20240920144729,cdx,
https://www.zdf.de/nachrichten/panorama/radfahrer-deutschland-fahrradklima-adfc-100.html,20240919114712,cdx,
https://www.zdf.de/nachrichten/panorama/reiseziele-2022-destatis-geschaeftsreisen-100.html,20240920003943,cdx,
https://www.zdf.de/nachrichten/panorama/remigration-unwort-des-jahres-2023-marburg-100.html,20240919120326,cdx,
https://www.zdf.de/nachrichten/panorama/ringe-der-macht-only-murders-in-the-building-streaming-tipps-september-2024-100.html,20240920204343,cdx,
https://www.zdf.de/nachrichten/panorama/schiffsunglueck-sizilien-italien-jacht-bayesian-mike-lynch-100.html,20240920131036,cdx,
https://www.zdf.de/nachrichten/panorama/schule-fach-glueck-entwicklung-bildung-100.html,20240919124220,cdx,
https://www.zdf.de/nachrichten/panorama/schule-kinder-eu-vergleich-100.html,20240919192947,cdx,
https://www.zdf.de/nachrichten/panorama/seenot-mittelmeer-gefluechtete-hilfe-100.html,20240919003439,cdx,
https://www.zdf.de/nachrichten/panorama/sylt-punk-protest-camp-ende-100.html,20240919133028,cdx,
https://www.zdf.de/nachrichten/panorama/thermoskanne-erfindung-brandenburg-deutschland-100.html,20240919053854,cdx,
https://www.zdf.de/nachrichten/panorama/tod-zehnmeterbrett-schwimmbad-bremen-100.html,20240919131916,cdx,
https://www.zdf.de/nachrichten/panorama/todesfall-zahnarzt-anesthesie-landgericht-frankfurt-100.html,20240919140540,cdx,
https://www.zdf.de/nachrichten/panorama/toskana-autounfall-schuelerinnen-tod-deutschland-100.html,20240919124347,cdx,
https://www.zdf.de/nachrichten/panorama/tourismus-rekord-2023-urlaub-reisen-massentourismus-100.html,20240919132931,cdx,
https://www.zdf.de/nachrichten/panorama/trump-faktenchecks-facebook-100.html,20240920214743,cdx,
https://www.zdf.de/nachrichten/panorama/tschechien-zusammenstoss-zug-tote-100.html,20240919113709,cdx,
https://www.zdf.de/nachrichten/panorama/tunnel-mont-blanc-bauarbeiten-sperrung-100.html,20240920150735,cdx,
https://www.zdf.de/nachrichten/panorama/tv-australien-moderator-panikattacke-nate-byrne-100.html,20240920144807,cdx,
https://www.zdf.de/nachrichten/panorama/tv-zdf-streik-heute-morgenmagazin-100.html,20240919114406,cdx,
https://www.zdf.de/nachrichten/panorama/twitter-musk-kostenpflichtige-abonnements-update-100.html,20240919000245,cdx,
https://www.zdf.de/nachrichten/panorama/unfall-toskana-italien-tod-deutsche-schuelerinnen-100.html,20240920151505,cdx,
https://www.zdf.de/nachrichten/panorama/unicef-kleinkinder-ernaehrung-armut-100.html,20240919113709,cdx,
https://www.zdf.de/nachrichten/panorama/unwetter-deutschland-tief-anett-regen-hochwasser-nachbarlaender-100.html,20240919114552,cdx,
https://www.zdf.de/nachrichten/panorama/urlaub-sommer-klimawandel-hitze-100.html,20240919142252,cdx,
https://www.zdf.de/nachrichten/panorama/vollmond-supermond-mondfinsternis-deutschland-100.html,20240919013728,cdx,
https://www.zdf.de/nachrichten/panorama/vulkan-ausbruch-reykjanes-island-100.html,20240919135614,cdx,
https://www.zdf.de/nachrichten/panorama/wattenmeer-klimawandel-alfred-wegener-institut-100.html,20240920150450,cdx,
https://www.zdf.de/nachrichten/panorama/wetter-hitze-rekord-heissester-tag-deutschland-temperatur-100.html,20240920145031,cdx,
https://www.zdf.de/nachrichten/panorama/wetter-kaelte-winter-temperaturen-wind-100.html,20240919223357,cdx,
https://www.zdf.de/nachrichten/panorama/wetter-starkregen-unfaelle-schaeden-100.html,20240920125921,cdx,
https://www.zdf.de/nachrichten/panorama/wetter-vorhersage-regen-suedwesten-hitze-osten-100.html,20240919113533,cdx,
https://www.zdf.de/nachrichten/panorama/wg-zimmer-kosten-universitaet-100.html,20240919013732,cdx,
https://www.zdf.de/nachrichten/politik/afd-maximilian-krah-delegation-eu-ausschluss-100.html,20240919125722,cdx,
https://www.zdf.de/nachrichten/politik/afghanistan-abschiebungen-kritik-flug-ampel-solingen-100.html,20240919121425,cdx,
https://www.zdf.de/nachrichten/politik/afrika-wirtschafts-gipfel-berlin-100.html,20240919114826,cdx,
https://www.zdf.de/nachrichten/politik/aktion-gefaengnis-afd-verbot-100.html,20240919211055,cdx,
https://www.zdf.de/nachrichten/politik/ampel-koalition-ende-haushalt-fdp-mitgliederentscheid-neuwahlen-100.html,20240919130134,cdx,
https://www.zdf.de/nachrichten/politik/angela-merkel-versprechen-flut-bad-muenstereifel-euskirchen-wiederaufbau-100.html,20240919173555,cdx,
https://www.zdf.de/nachrichten/politik/arzneimittel-engpass-inflation-hersteller-100.html,20240920144542,cdx,
https://www.zdf.de/nachrichten/politik/asylrecht-eu-einigung-faeser-100.html,20240919010232,cdx,
https://www.zdf.de/nachrichten/politik/ausland/abschiebungen-eu-migranten-fluechtlinge-100.html,20240919104022,cdx,
https://www.zdf.de/nachrichten/politik/ausland/aegypten-praesident-wahl-oppositionspolitiker-al-sadat-100.html,20240919042207,cdx,
https://www.zdf.de/nachrichten/politik/ausland/afghanistan-armut-taliban-herrschaft-100.html,20240920131623,cdx,
https://www.zdf.de/nachrichten/politik/ausland/afghanistan-aufnahmeprogramm-ampel-koalition-100.html,20240919180134,cdx,
https://www.zdf.de/nachrichten/politik/ausland/afghanistan-taliban-abschiebung-straftaeter-100.html,20240919122827,cdx,
https://www.zdf.de/nachrichten/politik/ausland/afghanistan-taliban-frauen-rechte-100.html,20240920131623,cdx,
https://www.zdf.de/nachrichten/politik/ausland/akw-saporischschja-nukleares-risiko-ukraine-krieg-russland-100.html,20240919233909,cdx,
https://www.zdf.de/nachrichten/politik/ausland/albanien-tourismus-wirtschaft-naturschutz-100.html,20240920215843,cdx,
https://www.zdf.de/nachrichten/politik/ausland/algerien-wahl-praesident-tebboune-100.html,20240920093310,cdx,
https://www.zdf.de/nachrichten/politik/ausland/angriff-odessa-drohnen-ukraine-krieg-russland-100.html,20240919180141,cdx,
https://www.zdf.de/nachrichten/politik/ausland/assange-whistleblower-familie-foto-100.html,20240920091324,cdx,
https://www.zdf.de/nachrichten/politik/ausland/asylpolitik-schweden-daenemark-100.html,20240919122827,cdx,
https://www.zdf.de/nachrichten/politik/ausland/baerbock-asien-china-philippinen-malaysia-singapur-100.html,20240919120541,cdx,
https://www.zdf.de/nachrichten/politik/ausland/baerbock-ostafrika-kenia-100.html,20240919114813,cdx,
https://www.zdf.de/nachrichten/politik/ausland/baerbock-palaestina-israel-krieg-100.html,20240919114834,cdx,
https://www.zdf.de/nachrichten/politik/ausland/baerbock-palaestinenser-gebiete-hilfe-100.html,20240919180203,cdx,
https://www.zdf.de/nachrichten/politik/ausland/baerbock-putin-lawrow-osze-treffen-ukraine-krieg-russland-100.html,20240919164049,cdx,
https://www.zdf.de/nachrichten/politik/ausland/baerbock-ukraine-besuch-luftabwehr-lieferungen-gipfel-100.html,20240919120829,cdx,
https://www.zdf.de/nachrichten/politik/ausland/bergkarabach-aserbaidschan-armenien-100.html,20240920044607,cdx,
https://www.zdf.de/nachrichten/politik/ausland/biden-selenskyj-treffen-usa-ukraine-krieg-russland-100.html,20240919212207,cdx,
https://www.zdf.de/nachrichten/politik/ausland/biden-usa-nahost-innenpolitik-gaza-israel-100.html,20240919175258,cdx,
https://www.zdf.de/nachrichten/politik/ausland/bodeneinsatz-nacht-gaza-israel-100.html,20240919031033,cdx,
https://www.zdf.de/nachrichten/politik/ausland/bosnien-herzegowina-gewalt-frauen-protest-100.html,20240920221351,cdx,
https://www.zdf.de/nachrichten/politik/ausland/charkiw-hotel-zdf-team-ukraine-krieg-russland-100.html,20240920230926,cdx,
https://www.zdf.de/nachrichten/politik/ausland/china-in-afrika-forum-100.html,20240919192131,cdx,
https://www.zdf.de/nachrichten/politik/ausland/china-philippinen-suedchinesisches-meer-machtkampf-100.html,20240920124658,cdx,
https://www.zdf.de/nachrichten/politik/ausland/china-taiwan-konflikt-chinesisches-meer-windpark-100.html,20240920211739,cdx,
https://www.zdf.de/nachrichten/politik/ausland/cia-agent-prothesen-usa-100.html,20240920131324,cdx,
https://www.zdf.de/nachrichten/politik/ausland/columbia-universitaet-praesidentin-shafik-ruecktritt-pro-palaestina-100.html,20240920180902,cdx,
https://www.zdf.de/nachrichten/politik/ausland/cop28-klima-usa-china-100.html,20240919010846,cdx,
https://www.zdf.de/nachrichten/politik/ausland/daenemark-schweden-bandenkriminalitaet-100.html,20240920104722,cdx,
https://www.zdf.de/nachrichten/politik/ausland/desantis-vorwahlen-rueckzug-usa-wahl-trump-haley-100.html,20240919230733,cdx,
https://www.zdf.de/nachrichten/politik/ausland/desinformation-kampagne-x-auswaertiges-amt-russland-ukraine-krieg-100.html,20240920003958,cdx,
https://www.zdf.de/nachrichten/politik/ausland/donald-trump-ki-fake-taylor-swift-usa-wahlkampf-100.html,20240920212558,cdx,
https://www.zdf.de/nachrichten/politik/ausland/draghi-bericht-eu-wettbewerbsfaehigkeit-100.html,20240920181724,cdx,
https://www.zdf.de/nachrichten/politik/ausland/drohne-russland-nato-lettland-rumaenien-100.html,20240919054438,cdx,
https://www.zdf.de/nachrichten/politik/ausland/england-rechtsextremer-mob-asylunterkunft-rotherham-100.html,20240920103244,cdx,
https://www.zdf.de/nachrichten/politik/ausland/entfuehrung-kolumbien-vater-luis-diaz-liverpool-eln-guerilla-100.html,20240919190124,cdx,
https://www.zdf.de/nachrichten/politik/ausland/erdogan-putin-westen-verhaeltnis-ukraine-krieg-russland-100.html,20240919073531,cdx,
https://www.zdf.de/nachrichten/politik/ausland/eu-aussenminister-treffen-unterstuetzung-polen-slowakei-ungarn-usa-ukraine-krieg-russland-100.html,20240919111115,cdx,
https://www.zdf.de/nachrichten/politik/ausland/eu-beitrittsgespraeche-ukraine-100.html,20240920003951,cdx,
https://www.zdf.de/nachrichten/politik/ausland/eu-gipfel-ukraine-krieg-russland-nahost-konflikt-israel-hamas-bruessel-100.html,20240919175819,cdx,
https://www.zdf.de/nachrichten/politik/ausland/eu-investitionen-schulden-mario-draghi-ursula-von-der-leyen-100.html,20240919060446,cdx,
https://www.zdf.de/nachrichten/politik/ausland/eu-migration-deutschland-folgen-100.html,20240919123007,cdx,
https://www.zdf.de/nachrichten/politik/ausland/eu-migration-politik-forscher-knaus-lampedusa-abkommen-tunesien-100.html,20240919121449,cdx,
https://www.zdf.de/nachrichten/politik/ausland/eu-migrationspakt-migration-fluechtlinge-abschottung-fluechtlingskrise-100.html,20240919114949,cdx,
https://www.zdf.de/nachrichten/politik/ausland/eu-verwendung-geld-russland-zentralbank-ukraine-100.html,20240920005138,cdx,
https://www.zdf.de/nachrichten/politik/ausland/explosion-paris-festnahme-russisch-ukrainischer-mann-100.html,20240919113709,cdx,
https://www.zdf.de/nachrichten/politik/ausland/explosionen-beirut-walkie-talkies-pager-100.html,20240919013756,cdx,strong
https://www.zdf.de/nachrichten/politik/ausland/fico-attentat-schuesse-100.html,20240919115438,cdx,
https://www.zdf.de/nachrichten/politik/ausland/fico-slowakei-ausser-lebensgefahr-100.html,20240919115438,cdx,
https://www.zdf.de/nachrichten/politik/ausland/frankreich-protest-barnier-premierminister-100.html,20240919020622,cdx,
https://www.zdf.de/nachrichten/politik/ausland/fregatte-hessen-huthi-angriff-rotes-meer-100.html,20240919203101,cdx,
https://www.zdf.de/nachrichten/politik/ausland/frieden-konferenz-diskussion-russland-ukraine-krieg-100.html,20240920022231,cdx,
https://www.zdf.de/nachrichten/politik/ausland/gaza-hamas-zentrale-israel-100.html,20240920143902,cdx,
https://www.zdf.de/nachrichten/politik/ausland/gaza-sueden-israel-100.html,20240920050840,cdx,
https://www.zdf.de/nachrichten/politik/ausland/gazastreifen-teilung-einkreisung-gaza-armee-israel-100.html,20240919113558,cdx,
https://www.zdf.de/nachrichten/politik/ausland/gazastreifen-waffenpause-ende-kaempfe-israel-100.html,20240919164412,cdx,
https://www.zdf.de/nachrichten/politik/ausland/geert-wilders-rechtspopulismus-niederlande-regierung-koalition-migration-asylpolitik-fluechtlinge-100.html,20240919114932,cdx,
https://www.zdf.de/nachrichten/politik/ausland/gegenoffensive-logistik-strategisch-ukraine-krieg-russland-100.html,20240919190325,cdx,
https://www.zdf.de/nachrichten/politik/ausland/gegenoffensive-scheitern-ukraine-krieg-russland-100.html,20240919110335,cdx,
https://www.zdf.de/nachrichten/politik/ausland/gegenoffensive-ukraine-fortschritt-ramms-russland-100.html,20240919190144,cdx,
https://www.zdf.de/nachrichten/politik/ausland/geisel-feuerpause-israel-hamas-gefangene-uebergabe-100.html,20240919172204,cdx,
https://www.zdf.de/nachrichten/politik/ausland/grenzkontrollen-deutschland-illegale-migration-massnahmen-kritik-europa-100.html,20240919124052,cdx,
https://www.zdf.de/nachrichten/politik/ausland/grossbritannien-illegale-migration-festnahme-abschiebung-ruanda-100.html,20240919115115,cdx,
https://www.zdf.de/nachrichten/politik/ausland/grossbritannien-parlament-asylpakt-ruanda-100.html,20240919115132,cdx,
https://www.zdf.de/nachrichten/politik/ausland/grossbritannien-premier-starmer-staabschefin-ehalt-100.html,20240919013129,cdx,
https://www.zdf.de/nachrichten/politik/ausland/grossbritannien-vereinigtes-koenigreich-reform-uk-wahlen-100.html,20240919115133,cdx,
https://www.zdf.de/nachrichten/politik/ausland/gruener-wasserstoff-namibia-wasserstoffkonferenz-100.html,20240919113533,cdx,
https://www.zdf.de/nachrichten/politik/ausland/guyana-oel-wirtschaftsboom-migranten-100.html,20240920093512,cdx,
https://www.zdf.de/nachrichten/politik/ausland/hacker-iran-trump-biden-team-100.html,20240919124347,cdx,
https://www.zdf.de/nachrichten/politik/ausland/hamas-drahtzieher-massaker-israel-100.html,20240919172319,cdx,
https://www.zdf.de/nachrichten/politik/ausland/hamas-geisel-vierjaehrige-ueberlebt-biden-nahost-israel-100.html,20240919185408,cdx,
https://www.zdf.de/nachrichten/politik/ausland/harris-biden-auftritt-wahlkampf-maryland-100.html,20240920212337,cdx,
https://www.zdf.de/nachrichten/politik/ausland/harris-programm-usa-wahl-100.html,20240919115240,cdx,
https://www.zdf.de/nachrichten/politik/ausland/harris-trump-tvduell-einschaetzung-usa-wahl-100.html,20240919115224,cdx,
https://www.zdf.de/nachrichten/politik/ausland/hisbollah-chef-pager-explosionen-reaktion-100.html,20240919195537,cdx,strong
https://www.zdf.de/nachrichten/politik/ausland/holodomor-gedenken-selenskyj-ukraine-krieg-russland-100.html,20240920042108,cdx,
https://www.zdf.de/nachrichten/politik/ausland/iaea-atomenergie-europa-100.html,20240920192452,cdx,
https://www.zdf.de/nachrichten/politik/ausland/illner-podoljak-gysi-ukraine-krieg-russland-100.html,20240920075228,cdx,
https://www.zdf.de/nachrichten/politik/ausland/indonesien-nusantara-bauprojekt-borneo-100.html,20240920194116,cdx,
https://www.zdf.de/nachrichten/politik/ausland/irak-frauen-kinderehe-proteste-religion-100.html,20240920125222,cdx,
https://www.zdf.de/nachrichten/politik/ausland/irak-kinderehe-gesetzentwurf-100.html,20240920093544,cdx,
https://www.zdf.de/nachrichten/politik/ausland/iran-anschlag-islamischer-staat-vergeltung-revolutionsgarden-100.html,20240919014127,cdx,
https://www.zdf.de/nachrichten/politik/ausland/iran-general-syrien-vergeltung-israel-100.html,20240919074458,cdx,
https://www.zdf.de/nachrichten/politik/ausland/iran-hamas-hanija-tod-nahost-100.html,20240919065341,cdx,
https://www.zdf.de/nachrichten/politik/ausland/iran-nasrin-sotudeh-festnahme-anwaeltin-100.html,20240919040750,cdx,
https://www.zdf.de/nachrichten/politik/ausland/iran-revolutionswaechter-al-kuds-brigaden-terror-liste-eu-100.html,20240920150332,cdx,
https://www.zdf.de/nachrichten/politik/ausland/irland-fluechtlinge-grossbritannien-ruanda-100.html,20240919115254,cdx,
https://www.zdf.de/nachrichten/politik/ausland/israel-botschafter-ron-prosor-hamas-krieg-100.html,20240919053155,cdx,
https://www.zdf.de/nachrichten/politik/ausland/israel-gaza-hamas-feuerpause-geisel-freilassung-100.html,20240919233623,cdx,
https://www.zdf.de/nachrichten/politik/ausland/israel-gaza-hamas-tunnel-flutung-100.html,20240919201338,cdx,
https://www.zdf.de/nachrichten/politik/ausland/israel-gazastreifen-bodenoffensive-hamas-krankenhaus-kriegsrecht-100.html,20240919165742,cdx,
https://www.zdf.de/nachrichten/politik/ausland/israel-iran-hisbollah-huthi-drohungen-angriff-100.html,20240919143505,cdx,related
https://www.zdf.de/nachrichten/politik/ausland/israel-iran-nahost-konflikt-zuversicht-100.html,20240919143427,cdx,
https://www.zdf.de/nachrichten/politik/ausland/israel-justizreform-protest-tel-aviv-100.html,20240919190257,cdx,
https://www.zdf.de/nachrichten/politik/ausland/israel-libanon-hisbollah-angriff-waffensysteme-100.html,20240920221719,cdx,related
https://www.zdf.de/nachrichten/politik/ausland/israel-palaestinenser-hamas-gewalt-eskalation-liveticker-100.html,20240919113558,cdx,
https://www.zdf.de/nachrichten/politik/ausland/israel-terror-plaene-hamas-angriff-voraus-100.html,20240919163539,cdx,
https://www.zdf.de/nachrichten/politik/ausland/jekaterina-duntsowa-wahl-russland-wahlkommission-100.html,20240920025624,cdx,
https://www.zdf.de/nachrichten/politik/ausland/kaczynski-wahlspot-telefonat-scholz-100.html,20240919165520,cdx,
https://www.zdf.de/nachrichten/politik/ausland/kamala-harris-deepfake-musk-usa-wahl-100.html,20240919211038,cdx,
https://www.zdf.de/nachrichten/politik/ausland/kamala-harris-demokratische-partei-liveticker-usa-wahl-100.html,20240920104711,cdx,
https://www.zdf.de/nachrichten/politik/ausland/katarina-barley-spd-europaparlament-spitzenkandidatin-100.html,20240919170821,cdx,
https://www.zdf.de/nachrichten/politik/ausland/kennedy-us-wahlen-100.html,20240920203359,cdx,
https://www.zdf.de/nachrichten/politik/ausland/kiew-besuch-iryna-trier-ukraine-krieg-100.html,20240920050817,cdx,
https://www.zdf.de/nachrichten/politik/ausland/kiew-ortschaften-kursk-kontrolle-ukraine-krieg-russland-100.html,20240920115122,cdx,
https://www.zdf.de/nachrichten/politik/ausland/kiew-pufferzone-korridore-kursk-ukraine-krieg-russland-100.html,20240920115116,cdx,
https://www.zdf.de/nachrichten/politik/ausland/kim-dotcom-neuseeland-usa-auslieferung-100.html,20240920202011,cdx,
https://www.zdf.de/nachrichten/politik/ausland/klimagipfel-afrika-energiewende-weltwirtschaft-100.html,20240919114826,cdx,
https://www.zdf.de/nachrichten/politik/ausland/klimagipfel-afrika-kenia-erneuerbare-energien-100.html,20240919114826,cdx,
https://www.zdf.de/nachrichten/politik/ausland/klimagipfel-nairobi-afrika-100.html,20240919114826,cdx,
https://www.zdf.de/nachrichten/politik/ausland/kosovo-konflikt-westbalkan-100.html,20240919010826,cdx,
https://www.zdf.de/nachrichten/politik/ausland/kursk-offensive-abnutzung-ukraine-krieg-russland-100.html,20240920175320,cdx,
https://www.zdf.de/nachrichten/politik/ausland/kursk-offensive-geschwindigkeit-hoch-ukraine-krieg-russland-100.html,20240920115017,cdx,
https://www.zdf.de/nachrichten/politik/ausland/langstreckenwaffen-selenskyj-usa-ukraine-krieg-russland-100.html,20240920164130,cdx,
https://www.zdf.de/nachrichten/politik/ausland/lanz-gazastreifen-israel-netanjahu-offensive-100.html,20240919083617,cdx,
https://www.zdf.de/nachrichten/politik/ausland/letzte-generation-oesterreich-klima-protest-ende-100.html,20240919114429,cdx,
https://www.zdf.de/nachrichten/politik/ausland/libanon-pager-explosionen-israel-100.html,20240920221950,cdx,strong
https://www.zdf.de/nachrichten/politik/ausland/libanon-stromkrise-kraftwerk-abgeschaltet-100.html,20240920111439,cdx,
https://www.zdf.de/nachrichten/politik/ausland/logistik-eisenbahnen-bruecke-kertsch-ukraine-krieg-russland-100.html,20240920011527,cdx,
https://www.zdf.de/nachrichten/politik/ausland/london-luftlandetruppen-robotyne-ukraine-krieg-russland-100.html,20240919173827,cdx,
https://www.zdf.de/nachrichten/politik/ausland/luftangriffe-kiew-ukraine-krieg-russland-wetter-100.html,20240919171741,cdx,
https://www.zdf.de/nachrichten/politik/ausland/macron-usa-truppen-absage-ukraine-krieg-russland-100.html,20240919045519,cdx,
https://www.zdf.de/nachrichten/politik/ausland/madrid-protest-amnestie-katalanen-100.html,20240919212458,cdx,
https://www.zdf.de/nachrichten/politik/ausland/massenkundgebung-geiseln-gaza-israel-100.html,20240920030349,cdx,
https://www.zdf.de/nachrichten/politik/ausland/mccarthy-kongress-usa-republikaner-abstimmung-100.html,20240919094512,cdx,
https://www.zdf.de/nachrichten/politik/ausland/messerangriff-rotterdam-ermittlungen-100.html,20240920014819,cdx,
https://www.zdf.de/nachrichten/politik/ausland/microsoft-verschwoerung-russland-usa-wahl-100.html,20240919114406,cdx,
https://www.zdf.de/nachrichten/politik/ausland/migranten-mexiko-usa-blinken-100.html,20240919115553,cdx,
https://www.zdf.de/nachrichten/politik/ausland/militaer-front-kaempfe-ukraine-krieg-russland-100.html,20240919113839,cdx,
https://www.zdf.de/nachrichten/politik/ausland/militaeranalyse-wowtschansk-ukraine-krieg-russland-100.html,20240919124540,cdx,
https://www.zdf.de/nachrichten/politik/ausland/nahost-deal-katar-treffen-israel-100.html,20240920233534,cdx,
https://www.zdf.de/nachrichten/politik/ausland/nahost-krieg-israel-galant-100.html,20240919110248,cdx,
https://www.zdf.de/nachrichten/politik/ausland/nahost-verhandlungen-doha-israel-gaza-faq-100.html,20240920153155,cdx,
https://www.zdf.de/nachrichten/politik/ausland/namibia-elefanten-duerre-hunger-wildtiere-schlachtung-100.html,20240919053119,cdx,
https://www.zdf.de/nachrichten/politik/ausland/netanjahu-palaestina-friedensprozess-israel-100.html,20240919075633,cdx,
https://www.zdf.de/nachrichten/politik/ausland/new-york-voegel-100.html,20240920215848,cdx,
https://www.zdf.de/nachrichten/politik/ausland/nicaragua-klage-voelkermord-genozid-gaza-israel-waffenlieferung-100.html,20240919083617,cdx,
https://www.zdf.de/nachrichten/politik/ausland/nicaragua-voelkermord-beihilfe-deutschland-igh-israel-100.html,20240919083617,cdx,
https://www.zdf.de/nachrichten/politik/ausland/niederlande-eu-ausstieg-asylregeln-100.html,20240919014315,cdx,
https://www.zdf.de/nachrichten/politik/ausland/niederlande-wilders-einigung-koalition-100.html,20240919114949,cdx,
https://www.zdf.de/nachrichten/politik/ausland/niederlande-wilders-rechte-regierung-analyse-100.html,20240919114949,cdx,
https://www.zdf.de/nachrichten/politik/ausland/niger-frankreich-uran-europa-geschichte-100.html,20240919185310,cdx,
https://www.zdf.de/nachrichten/politik/ausland/nord-stream-anschlag-moldau-falscher-pass-ukraine-100.html,20240920015605,cdx,
https://www.zdf.de/nachrichten/politik/ausland/nordirland-sinn-fein-wahl-100.html,20240919111526,cdx,
https://www.zdf.de/nachrichten/politik/ausland/nordkorea-atom-konflikt-nuklearwaffen-erhoehung-100.html,20240920183649,cdx,
https://www.zdf.de/nachrichten/politik/ausland/nordkorea-flucht-soldat-grenze-suedkorea-100.html,20240920213722,cdx,
https://www.zdf.de/nachrichten/politik/ausland/nordkorea-suedkorea-kurzstreckenrakete-test-100.html,20240919014050,cdx,
https://www.zdf.de/nachrichten/politik/ausland/oesterreich-asyl-dna-test-herkunft-100.html,20240919114949,cdx,
https://www.zdf.de/nachrichten/politik/ausland/oesterreich-untersuchung-pilnacek-audio-ibiza-affaere-100.html,20240920005524,cdx,
https://www.zdf.de/nachrichten/politik/ausland/olaf-scholz-macron-bodentruppen-ukraine-krieg-russland-100.html,20240919122123,cdx,
https://www.zdf.de/nachrichten/politik/ausland/olympia-2024-olympische-spiele-paris-rueckblick-100.html,20240920214901,cdx,
https://www.zdf.de/nachrichten/politik/ausland/pager-explosion-hisbollah-libanon-israel-100.html,20240919013733,cdx,strong
https://www.zdf.de/nachrichten/politik/ausland/pager-explosion-libanon-israel-fathollah-nejad-100.html,20240920123909,cdx,strong
https://www.zdf.de/nachrichten/politik/ausland/pakistan-wahlen-ergebnisse-100.html,20240919222750,cdx,
https://www.zdf.de/nachrichten/politik/ausland/paralympics-2024-paris-eroeffnung-102.html,20240919151817,cdx,
https://www.zdf.de/nachrichten/politik/ausland/patriots-usa-lieferung-erlaubnis-ukraine-krieg-russland-100.html,20240920153014,cdx,
https://www.zdf.de/nachrichten/politik/ausland/pentagon-nahost-krise-verteidigung-israel-100.html,20240919142809,cdx,
https://www.zdf.de/nachrichten/politik/ausland/polio-impfungen-feuerpausen-israel-100.html,20240919062921,cdx,
https://www.zdf.de/nachrichten/politik/ausland/putin-deutsche-waffen-ukraine-krieg-russland-100.html,20240919113709,cdx,
https://www.zdf.de/nachrichten/politik/ausland/putin-kritik-davos-weltwirtschaftsforum-ukraine-100.html,20240919220242,cdx,
https://www.zdf.de/nachrichten/politik/ausland/putin-nawalny-praesidentschaftswahl-ukraine-krieg-russland-100.html,20240919120014,cdx,
https://www.zdf.de/nachrichten/politik/ausland/putin-russland-staatsbesuch-aserbaidschan-100.html,20240920145258,cdx,
https://www.zdf.de/nachrichten/politik/ausland/raketen-krankenhaus-poltawa-tote-ukraine-krieg-russland-100.html,20240919113533,cdx,
https://www.zdf.de/nachrichten/politik/ausland/rheinmetall-papperger-attentat-sabotage-ukraine-krieg-russland-100.html,20240919115356,cdx,
https://www.zdf.de/nachrichten/politik/ausland/robert-fico-attentat-slowakei-bratislava-100.html,20240919115424,cdx,
https://www.zdf.de/nachrichten/politik/ausland/rohingya-fluechtlingslager-bangladesch-100.html,20240919114949,cdx,
https://www.zdf.de/nachrichten/politik/ausland/rotes-meer-angriff-schiff-huthi-rebellen-jemen-100.html,20240919112538,cdx,
https://www.zdf.de/nachrichten/politik/ausland/ruanda-grossbritannien-asylbewerber-100.html,20240919115133,cdx,
https://www.zdf.de/nachrichten/politik/ausland/ruanda-modell-rishi-sunak-asylpolitik-100.html,20240919115308,cdx,
https://www.zdf.de/nachrichten/politik/ausland/russland-belarus-migranten-eu-bundespolizei-100.html,20240919114949,cdx,
https://www.zdf.de/nachrichten/politik/ausland/russland-haft-us-buerger-100.html,20240919142946,cdx,
https://www.zdf.de/nachrichten/politik/ausland/russland-nato-ostsee-nord-stream-100.html,20240920015605,cdx,
https://www.zdf.de/nachrichten/politik/ausland/russland-terror-ukraine-putin-100.html,20240919053847,cdx,
https://www.zdf.de/nachrichten/politik/ausland/russland-ukraine-brand-treibstoff-lager-rostow-drohnen-100.html,20240920113252,cdx,
https://www.zdf.de/nachrichten/politik/ausland/schifa-klinik-gaza-einsatzzentrale-hamas-israel-100.html,20240919074415,cdx,
https://www.zdf.de/nachrichten/politik/ausland/scholz-hamas-israel-waffenruhe-100.html,20240920174119,cdx,
https://www.zdf.de/nachrichten/politik/ausland/schweden-banden-kriminalitaet-gewalt-loesung-100.html,20240920064301,cdx,
https://www.zdf.de/nachrichten/politik/ausland/sechs-monate-erdbeben-tuerkei-100.html,20240919110647,cdx,
https://www.zdf.de/nachrichten/politik/ausland/seenotrettung-italien-schiffe-blockade-100.html,20240919031138,cdx,
https://www.zdf.de/nachrichten/politik/ausland/selenskyj-nato-ukraine-krieg-russland-100.html,20240920011958,cdx,
https://www.zdf.de/nachrichten/politik/ausland/selenskyj-un-sicherheitsrat-ukraine-krieg-new-york-russland-100.html,20240920014957,cdx,
https://www.zdf.de/nachrichten/politik/ausland/sexualstrafrecht-gesetz-ja-heisst-ja-eu-deutschland-100.html,20240919162517,cdx,
https://www.zdf.de/nachrichten/politik/ausland/sicherheitspaket-solingen-migration-waffen-asylrecht-100.html,20240919123007,cdx,
https://www.zdf.de/nachrichten/politik/ausland/slowakei-fico-anschlag-opposition-100.html,20240919113709,cdx,
https://www.zdf.de/nachrichten/politik/ausland/slowakei-fico-attentat-polarisierung-gesellschaft-100.html,20240919115438,cdx,
https://www.zdf.de/nachrichten/politik/ausland/slowakei-regierungschef-fico-angeschossen-100.html,20240919115438,cdx,
https://www.zdf.de/nachrichten/politik/ausland/sozialdemokraten-nicolas-schmit-europawahl-100.html,20240920034840,cdx,
https://www.zdf.de/nachrichten/politik/ausland/spanien-voelkermord-klage-israel-suedafrika-100.html,20240919045320,cdx,
https://www.zdf.de/nachrichten/politik/ausland/sturm-us-kapitol-jahrestag-trump-100.html,20240920002825,cdx,
https://www.zdf.de/nachrichten/politik/ausland/sudan-buergerkrieg-schweiz-verhandlungen-100.html,20240920144846,cdx,
https://www.zdf.de/nachrichten/politik/ausland/sudan-krieg-vertreibung-100.html,20240919114826,cdx,
https://www.zdf.de/nachrichten/politik/ausland/sunak-ruanda-asylpakt-100.html,20240919115308,cdx,
https://www.zdf.de/nachrichten/politik/ausland/taiwan-china-konflikt-kampfflugzeuge-militaer-manoever-100.html,20240919175438,cdx,
https://www.zdf.de/nachrichten/politik/ausland/taliban-afghanistan-frauen-rechte-tugendgesetz-100.html,20240919052752,cdx,
https://www.zdf.de/nachrichten/politik/ausland/taliban-tugend-gesetz-frauen-afghanistan-100.html,20240919135532,cdx,
https://www.zdf.de/nachrichten/politik/ausland/taurus-bodentruppen-scholz-macron-hofreiter-ukraine-krieg-russland-100.html,20240919122123,cdx,
https://www.zdf.de/nachrichten/politik/ausland/taylor-swift-billie-eilish-kamala-harris-usa-wahl-100.html,20240919013756,cdx,
https://www.zdf.de/nachrichten/politik/ausland/taylor-swift-konzerte-wien-terror-gefahr-interview-100.html,20240920014259,cdx,
https://www.zdf.de/nachrichten/politik/ausland/texas-grenzschutz-migration-rio-grande-todesfall-100.html,20240919115553,cdx,
https://www.zdf.de/nachrichten/politik/ausland/texas-supreme-court-migration-gesetz-100.html,20240919115535,cdx,
https://www.zdf.de/nachrichten/politik/ausland/tote-oligarchen-ukraine-krieg-russland-100.html,20240919115407,cdx,
https://www.zdf.de/nachrichten/politik/ausland/trump-anklage-presssekonferenz-wahlbetrug-100.html,20240919045428,cdx,
https://www.zdf.de/nachrichten/politik/ausland/trump-attacke-auftritt-usa-wahl-100.html,20240919115850,cdx,
https://www.zdf.de/nachrichten/politik/ausland/trump-attentat-toter-feuerwehrmann-usa-100.html,20240919115849,cdx,
https://www.zdf.de/nachrichten/politik/ausland/trump-aussage-beistand-nato-buendnis-100.html,20240920235625,cdx,
https://www.zdf.de/nachrichten/politik/ausland/trump-drohung-strafverfolgung-usa-wahl-100.html,20240919115240,cdx,
https://www.zdf.de/nachrichten/politik/ausland/trump-gericht-verunglimpfungen-gerichtspersonal-100.html,20240919005636,cdx,
https://www.zdf.de/nachrichten/politik/ausland/trump-glaswand-wahlkampf-usa-wahl-100.html,20240920200636,cdx,
https://www.zdf.de/nachrichten/politik/ausland/trump-versuchtes-attentat-biden-usa-wahl-100.html,20240919115240,cdx,
https://www.zdf.de/nachrichten/politik/ausland/tunesien-europaparlament-ausschuss-einreise-100.html,20240919175229,cdx,
https://www.zdf.de/nachrichten/politik/ausland/ukraine-bachmut-gegenoffensive-front-krieg-russland-100.html,20240920043324,cdx,
https://www.zdf.de/nachrichten/politik/ausland/ukraine-krieg-russland-frieden-verhandlungen-scholz-deitelhoff-100.html,20240919062024,cdx,
https://www.zdf.de/nachrichten/politik/ausland/ukraine-krieg-russland-kursk-ziele-ausblick-keupp-100.html,20240920045808,cdx,
https://www.zdf.de/nachrichten/politik/ausland/ukraine-krieg-russland-zweiter-friedensgipfel-vorbereitungen-100.html,20240919050507,cdx,
https://www.zdf.de/nachrichten/politik/ausland/ukraine-krieg-vergessen-loiseau-verteidigung-eu-nahost-100.html,20240919070830,cdx,
https://www.zdf.de/nachrichten/politik/ausland/ukraine-pokrowsk-kursk-f-16-krieg-russland-100.html,20240920132749,cdx,
https://www.zdf.de/nachrichten/politik/ausland/ukraine-razzia-rekrutierungsbuero-militaer-100.html,20240919004602,cdx,
https://www.zdf.de/nachrichten/politik/ausland/ukraine-russland-konflikt-blog-100.html,20240920200052,cdx,
https://www.zdf.de/nachrichten/politik/ausland/ukraine-waffen-usa-grossbritannien-100.html,20240920164130,cdx,
https://www.zdf.de/nachrichten/politik/ausland/ukrainer-gefluechtet-ukraine-krieg-russland-100.html,20240920031858,cdx,
https://www.zdf.de/nachrichten/politik/ausland/unicef-hitze-bedrohung-kinder-100.html,20240919114658,cdx,
https://www.zdf.de/nachrichten/politik/ausland/unrwa-mitarbeiter-massaker-israel-100.html,20240920035628,cdx,
https://www.zdf.de/nachrichten/politik/ausland/urteil-grossbritannien-ruanda-abschiebung-100.html,20240919115133,cdx,
https://www.zdf.de/nachrichten/politik/ausland/usa-11-september-angeklagter-guantanamo-schuldunfaehig-100.html,20240919043050,cdx,
https://www.zdf.de/nachrichten/politik/ausland/usa-biden-ermittlung-dokumente-100.html,20240919190110,cdx,
https://www.zdf.de/nachrichten/politik/ausland/usa-donald-trump-attentat-schuetze-drohne-bericht-wahl-100.html,20240919115702,cdx,
https://www.zdf.de/nachrichten/politik/ausland/usa-donald-trump-attentat-schuetze-wahl-schuesse-100.html,20240919115714,cdx,
https://www.zdf.de/nachrichten/politik/ausland/usa-donald-trump-attentat-taeter-crooks-100.html,20240919115824,cdx,
https://www.zdf.de/nachrichten/politik/ausland/usa-mexiko-abkommen-migration-100.html,20240919115553,cdx,
https://www.zdf.de/nachrichten/politik/ausland/usa-senat-mehrheit-hilfspaket-ukraine-100.html,20240920013810,cdx,
https://www.zdf.de/nachrichten/politik/ausland/usa-senat-ukraine-hilfen-100.html,20240919174749,cdx,
https://www.zdf.de/nachrichten/politik/ausland/usa-trump-schuldig-bedeutung-100.html,20240919092931,cdx,
https://www.zdf.de/nachrichten/politik/ausland/usa-wahl-desinformation-schwarze-black-community-100.html,20240920193236,cdx,
https://www.zdf.de/nachrichten/politik/ausland/usa-wahlkampf-haley-kritik-vance-aussage-kinderlose-100.html,20240919115240,cdx,
https://www.zdf.de/nachrichten/politik/ausland/venedig-filmfestspiele-2024-goldener-loewe-100.html,20240920200427,cdx,
https://www.zdf.de/nachrichten/politik/ausland/venezuela-maduro-weihnachten-wahl-krise-100.html,20240920194028,cdx,
https://www.zdf.de/nachrichten/politik/ausland/waffenlieferungen-deutschland-israel-100.html,20240919082740,cdx,
https://www.zdf.de/nachrichten/politik/ausland/walkie-talkies-pager-mossad-hisbollah-israel-libanon-100.html,20240919114847,cdx,strong
https://www.zdf.de/nachrichten/politik/ausland/walz-vance-debatte-usa-wahl-100.html,20240920220920,cdx,
https://www.zdf.de/nachrichten/politik/ausland/weibliche-genitalverstuemmelung-kenia-100.html,20240919234335,cdx,
https://www.zdf.de/nachrichten/politik/ausland/wiederaufbau-konferenz-berlin-faq-ukraine-krieg-russland-100.html,20240919124540,cdx,
https://www.zdf.de/nachrichten/politik/ausland/wladimir-putin-moskau-anschlag-islamisten-100.html,20240920034140,cdx,
https://www.zdf.de/nachrichten/politik/ausland/wohnungsnot-niederlande-mehrgenerationen-wg-100.html,20240919114949,cdx,
https://www.zdf.de/nachrichten/politik/baerbock-regierungsflugzeug-panne-verzoegerung-100.html,20240919120541,cdx,
https://www.zdf.de/nachrichten/politik/bahn-sanierung-industriestrompreis-klima-urteil-haushalt-100.html,20240919130134,cdx,
https://www.zdf.de/nachrichten/politik/bannon-trump-afd-deutschland-war-room-podcast-100.html,20240919122425,cdx,
https://www.zdf.de/nachrichten/politik/berlin-direkt-ricarda-lang-gruene-100.html,20240919115954,cdx,
https://www.zdf.de/nachrichten/politik/bezahlkarte-asylbewerber-kabinettsbeschluss-100.html,20240919122403,cdx,
https://www.zdf.de/nachrichten/politik/brandenburg-landtagswahl-spd-afd-cdu-100.html,20240919123145,cdx,
https://www.zdf.de/nachrichten/politik/buendnis-sahra-wagenknecht-partei-100.html,20240919120943,cdx,
https://www.zdf.de/nachrichten/politik/bundesrat-buergergeld-sozialhilfe-klimaanpassung-waermeplanung-100.html,20240919121329,cdx,
https://www.zdf.de/nachrichten/politik/cdu-bsw-linke-thueringen-koalition-kiesewetter-unvereinbarkeitsbeschluss-100.html,20240919052038,cdx,
https://www.zdf.de/nachrichten/politik/chile-verfassung-referendum-abgelehnt-100.html,20240919211505,cdx,
https://www.zdf.de/nachrichten/politik/chronologie-anschlaege-islamismus-deutschland-100.html,20240919123007,cdx,
https://www.zdf.de/nachrichten/politik/deutschland-israel-kriegswaffen-exporte-100.html,20240919082740,cdx,
https://www.zdf.de/nachrichten/politik/deutschland/5g-mobilfunk-frequenzen-vergabe-rechtswidrig-scheuer-100.html,20240920105209,cdx,
https://www.zdf.de/nachrichten/politik/deutschland/9-euro-ticket-verkehr-auto-zug-verspaetungen-ifo-100.html,20240920233259,cdx,
https://www.zdf.de/nachrichten/politik/deutschland/abschiebung-afghanistan-bundeslaender-straftaeter-100.html,20240919121425,cdx,
https://www.zdf.de/nachrichten/politik/deutschland/abschiebung-afghanistan-straftaeter-100.html,20240919121425,cdx,
https://www.zdf.de/nachrichten/politik/deutschland/abtreibung-gegner-marsch-leben-netzwerk-afd-100.html,20240920013958,cdx,
https://www.zdf.de/nachrichten/politik/deutschland/afd-aufstieg-angst-sorgen-migration-studie-100.html,20240920170749,cdx,
https://www.zdf.de/nachrichten/politik/deutschland/afd-baumann-interview-faktencheck-hoecke-sellner-demonstration-100.html,20240919130624,cdx,
https://www.zdf.de/nachrichten/politik/deutschland/afd-bjoern-hoecke-klage-100.html,20240919122425,cdx,
https://www.zdf.de/nachrichten/politik/deutschland/afd-brandenburg-kotre-kubotan-wahlkampf-100.html,20240920022148,cdx,
https://www.zdf.de/nachrichten/politik/deutschland/afd-demokratie-rechts-verschiebung-protest-100.html,20240919120447,cdx,
https://www.zdf.de/nachrichten/politik/deutschland/afd-geheimtreffen-correctiv-recherche-remigration-folgen-100.html,20240919120447,cdx,
https://www.zdf.de/nachrichten/politik/deutschland/afd-geheimtreffen-weidel-neue-verbindungen-100.html,20240919120326,cdx,
https://www.zdf.de/nachrichten/politik/deutschland/afd-hessen-antifa-100.html,20240919202002,cdx,
https://www.zdf.de/nachrichten/politik/deutschland/afd-junge-waehler-gruende-thueringen-sachsen-generationenforscher-100.html,20240919120157,cdx,
https://www.zdf.de/nachrichten/politik/deutschland/afd-sellner-remigration-treffen-potsdam-correctiv-100.html,20240919120447,cdx,
https://www.zdf.de/nachrichten/politik/deutschland/afd-steffen-kotre-talkshow-ukraine-krieg-russland-100.html,20240919121941,cdx,
https://www.zdf.de/nachrichten/politik/deutschland/afd-treffen-remigration-potsdam-dasing-bayern-100.html,20240919120315,cdx,
https://www.zdf.de/nachrichten/politik/deutschland/afd-wahlerfolg-protest-parteien-100.html,20240919120144,cdx,
https://www.zdf.de/nachrichten/politik/deutschland/afd-wirtschaft-osten-zuwanderung-loehne-100.html,20240919120209,cdx,
https://www.zdf.de/nachrichten/politik/deutschland/afd-wirtschaft-risiko-europawahl-100.html,20240919120434,cdx,
https://www.zdf.de/nachrichten/politik/deutschland/afd-zehn-punkte-programm-umfrage-hoch-100.html,20240919085135,cdx,
https://www.zdf.de/nachrichten/politik/deutschland/afghanistan-kabul-bnd-fehleinschaetzung-100.html,20240920131622,cdx,
https://www.zdf.de/nachrichten/politik/deutschland/aiwanger-flugblatt-ermittlungen-informant-100.html,20240920233916,cdx,
https://www.zdf.de/nachrichten/politik/deutschland/aiwanger-haushalt-wirtschaftsminister-habeck-100.html,20240919121653,cdx,
https://www.zdf.de/nachrichten/politik/deutschland/aiwanger-soeder-flugblattaffaere-fragenkatalog-100.html,20240919121653,cdx,
https://www.zdf.de/nachrichten/politik/deutschland/ampel-haushalt-milliardenluecke-fdp-duerr-100.html,20240919122235,cdx,
https://www.zdf.de/nachrichten/politik/deutschland/ampel-koalition-ende-neuwahl-migration-politbarometer-100.html,20240919125722,cdx,
https://www.zdf.de/nachrichten/politik/deutschland/ampel-koalition-streit-klausur-meseberg-100.html,20240919181524,cdx,
https://www.zdf.de/nachrichten/politik/deutschland/ampel-krise-fdp-wahlen-von-lucke-100.html,20240919122235,cdx,
https://www.zdf.de/nachrichten/politik/deutschland/ampel-migration-asyl-paket-solingen-100.html,20240919121425,cdx,
https://www.zdf.de/nachrichten/politik/deutschland/ampel-streit-wirtschaft-kinderarmut-100.html,20240919171821,cdx,
https://www.zdf.de/nachrichten/politik/deutschland/annalena-baerbock-flugzeug-panne-dschibuti-flugfreigabe-eritrea-100.html,20240919114826,cdx,
https://www.zdf.de/nachrichten/politik/deutschland/antisemitismus-freie-universitaet-berlin-gaza-krieg-juden-studenten-100.html,20240919120625,cdx,
https://www.zdf.de/nachrichten/politik/deutschland/arbeit-pflicht-gefluechtete-kommunen-mpk-100.html,20240919121616,cdx,
https://www.zdf.de/nachrichten/politik/deutschland/arbeitszeiterfassung-stechuhr-urteil-acht-stunden-tag-100.html,20240919124838,cdx,
https://www.zdf.de/nachrichten/politik/deutschland/arche-fluechtlinge-grenzen-hilfe-100.html,20240919120751,cdx,
https://www.zdf.de/nachrichten/politik/deutschland/arrow-3-deutschland-raketen-abwehr-gressel-100.html,20240919105326,cdx,
https://www.zdf.de/nachrichten/politik/deutschland/arztpraxen-private-investoren-100.html,20240919165336,cdx,
https://www.zdf.de/nachrichten/politik/deutschland/asyl-migration-krisen-treffen-loesung-knaus-100.html,20240919113533,cdx,
https://www.zdf.de/nachrichten/politik/deutschland/asyl-politik-solingen-abschiebung-100.html,20240919122827,cdx,
https://www.zdf.de/nachrichten/politik/deutschland/asylbewerber-arbeit-gemeinnuetzig-sachleistung-bundeslaender-100.html,20240919121616,cdx,
https://www.zdf.de/nachrichten/politik/deutschland/asylpolitik-alleingang-deutschland-rechtslage-100.html,20240919120751,cdx,
https://www.zdf.de/nachrichten/politik/deutschland/asylpolitik-massnahmen-migration-check-100.html,20240919122606,cdx,
https://www.zdf.de/nachrichten/politik/deutschland/asylpolitik-zuwanderung-deutschland-am-puls-100.html,20240919120735,cdx,
https://www.zdf.de/nachrichten/politik/deutschland/ausweisung-terror-verherrlichung-faeser-kabinett-100.html,20240919122750,cdx,
https://www.zdf.de/nachrichten/politik/deutschland/baerbock-ampel-koalition-demokratie-100.html,20240919120829,cdx,
https://www.zdf.de/nachrichten/politik/deutschland/baerbock-keine-kanzlerkandidatur-gruene-100.html,20240919120804,cdx,
https://www.zdf.de/nachrichten/politik/deutschland/baerbock-scholz-russland-sanktionen-ostseerat-100.html,20240919120829,cdx,
https://www.zdf.de/nachrichten/politik/deutschland/baerbock-twitter-parodie-100.html,20240919120541,cdx,
https://www.zdf.de/nachrichten/politik/deutschland/bartsch-linke-rueckzug-parteichefs-100.html,20240920211940,cdx,
https://www.zdf.de/nachrichten/politik/deutschland/basf-china-uiguren-politiker-brief-rueckzug-xinjiang-100.html,20240920013011,cdx,
https://www.zdf.de/nachrichten/politik/deutschland/bauern-proteste-rechtliche-lage-100.html,20240919115113,cdx,
https://www.zdf.de/nachrichten/politik/deutschland/bayern-csu-freie-waehler-koalitionsvertrag-100.html,20240919121653,cdx,
https://www.zdf.de/nachrichten/politik/deutschland/bayern-landtag-konstituierende-sitzung-halemba-100.html,20240919120326,cdx,
https://www.zdf.de/nachrichten/politik/deutschland/bayern-wahl-wahlomat-landtagswahl-100.html,20240919100108,cdx,
https://www.zdf.de/nachrichten/politik/deutschland/beratung-etat-haushaltsausschuss-100.html,20240919120011,cdx,
https://www.zdf.de/nachrichten/politik/deutschland/berlin-neukoelln-angriff-100.html,20240919120625,cdx,
https://www.zdf.de/nachrichten/politik/deutschland/berlin-wahl-wiederholung-wahlbeteiligung-100.html,20240919172014,cdx,
https://www.zdf.de/nachrichten/politik/deutschland/bezahlkarte-fluechtlinge-sachsen-wahl-100.html,20240919125919,cdx,
https://www.zdf.de/nachrichten/politik/deutschland/biberach-landwirte-krawall-faq-100.html,20240919122123,cdx,
https://www.zdf.de/nachrichten/politik/deutschland/bildung-schule-pisa-deutschland-100.html,20240919192946,cdx,
https://www.zdf.de/nachrichten/politik/deutschland/bka-befugnisse-hausdurchsuchungen-nancy-faeser-marco-buschmann-100.html,20240920205610,cdx,
https://www.zdf.de/nachrichten/politik/deutschland/bka-islamismus-gefaehrder-rueckgang-100.html,20240920100402,cdx,
https://www.zdf.de/nachrichten/politik/deutschland/bnd-befugnisse-nachrichtendienste-100.html,20240920013211,cdx,
https://www.zdf.de/nachrichten/politik/deutschland/bodo-ramelow-migration-100.html,20240919124052,cdx,
https://www.zdf.de/nachrichten/politik/deutschland/brandenburg-afd-landtagswahl-hans-christoph-berndt-100.html,20240919072741,cdx,
https://www.zdf.de/nachrichten/politik/deutschland/bsw-parteitag-wagenknecht-neue-mitglieder-afd-ampel-100.html,20240919120926,cdx,
https://www.zdf.de/nachrichten/politik/deutschland/bsw-wagenknecht-partei-etablierung-politbarometer-100.html,20240919125025,cdx,
https://www.zdf.de/nachrichten/politik/deutschland/buchenwald-gedenkstaettenleiter-jens-christian-wagner-drohung-100.html,20240919125358,cdx,
https://www.zdf.de/nachrichten/politik/deutschland/bund-krankheitstage-beschaeftigte-2022-100.html,20240919122123,cdx,
https://www.zdf.de/nachrichten/politik/deutschland/bund-laender-gipfel-asyl-beschluesse-reaktionen-100.html,20240919122606,cdx,
https://www.zdf.de/nachrichten/politik/deutschland/bundestag-75-jahre-debatten-skandale-demokratie-100.html,20240919000453,cdx,
https://www.zdf.de/nachrichten/politik/deutschland/bundestag-debatte-migration-solingen-100.html,20240919120958,cdx,
https://www.zdf.de/nachrichten/politik/deutschland/bundestag-haushaltsdebatte-scholz-merz-100.html,20240919121104,cdx,
https://www.zdf.de/nachrichten/politik/deutschland/bundesverfassungsgericht-urteil-afd-ausschuss-vorsitz-bundestag-100.html,20240919014129,cdx,
https://www.zdf.de/nachrichten/politik/deutschland/bundeswehr-bremerhaven-fishtown-guard-100.html,20240919012057,cdx,
https://www.zdf.de/nachrichten/politik/deutschland/bundeswehr-soldaten-anzahl-100.html,20240919222928,cdx,
https://www.zdf.de/nachrichten/politik/deutschland/cannabis-anbauverein-genehmigung-buerokratie-100.html,20240919153232,cdx,
https://www.zdf.de/nachrichten/politik/deutschland/cdu-bsw-faq-unvereinbarkeitsbeschluss-thueringen-100.html,20240919120039,cdx,
https://www.zdf.de/nachrichten/politik/deutschland/cdu-bsw-kretschmer-sachsen-wahl-100.html,20240919123307,cdx,
https://www.zdf.de/nachrichten/politik/deutschland/cdu-landtagskandidatin-angriff-cdu-rassismus-100.html,20240919123145,cdx,
https://www.zdf.de/nachrichten/politik/deutschland/cdu-rhein-mitsprache-kanzlerkandidat-100.html,20240919000654,cdx,
https://www.zdf.de/nachrichten/politik/deutschland/cdu-union-wagenknecht-bsw-koalition-100.html,20240919121153,cdx,
https://www.zdf.de/nachrichten/politik/deutschland/compact-verbot-aufhebung-gericht-faeser-reaktion-100.html,20240920212930,cdx,
https://www.zdf.de/nachrichten/politik/deutschland/corona-aufarbeitung-brysch-patientenschuetzer-pflege-100.html,20240919175231,cdx,
https://www.zdf.de/nachrichten/politik/deutschland/csd-pirna-sachsen-regenbogenflagge-afd-naher-ob-lochner-100.html,20240919114944,cdx,
https://www.zdf.de/nachrichten/politik/deutschland/debatte-abschiebungen-afghanistan-moma-duell-frei-pahlke-100.html,20240919122750,cdx,
https://www.zdf.de/nachrichten/politik/deutschland/debatte-mannheim-abschiebung-straftaeter-afghanistan-rechtliche-moeglichkeiten-100.html,20240919122750,cdx,
https://www.zdf.de/nachrichten/politik/deutschland/demokratie-abgehaengt-ostdeutschland-100.html,20240919120308,cdx,
https://www.zdf.de/nachrichten/politik/deutschland/demonstration-manipulation-desinformation-bilder-rechtsextremismus-100.html,20240919165639,cdx,
https://www.zdf.de/nachrichten/politik/deutschland/deutsche-bahn-bodycams-uebergriffe-nahverkehr-sicherheit-100.html,20240919052140,cdx,
https://www.zdf.de/nachrichten/politik/deutschland/deutsche-rentenversicherung-entwarnung-finanzierung-rente-100.html,20240919040904,cdx,
https://www.zdf.de/nachrichten/politik/deutschland/deutschland-antisemitismus-bka-anstieg-100.html,20240919120625,cdx,
https://www.zdf.de/nachrichten/politik/deutschland/deutschlandticket-kosten-teurer-preiserhoehung-100.html,20240920233259,cdx,
https://www.zdf.de/nachrichten/politik/deutschland/dieter-reiter-spd-scholz-pistorius-kanzlerkandidat-100.html,20240919123901,cdx,
https://www.zdf.de/nachrichten/politik/deutschland/digitalisierung-ampel-regierung-bildung-100.html,20240919191440,cdx,
https://www.zdf.de/nachrichten/politik/deutschland/digitalpakt-schule-bildung-lehrer-100.html,20240919124220,cdx,
https://www.zdf.de/nachrichten/politik/deutschland/diskriminierung-bericht-bundesbeauftragte-rassismus-antisemitismus-100.html,20240920184439,cdx,
https://www.zdf.de/nachrichten/politik/deutschland/droege-gruene-asyl-eu-verordnung-100.html,20240920050738,cdx,
https://www.zdf.de/nachrichten/politik/deutschland/euro-2024-grenzkontrollen-schleuser-einreisen-polizei-100.html,20240919120751,cdx,
https://www.zdf.de/nachrichten/politik/deutschland/europawahl-osten-afd-100.html,20240919133647,cdx,
https://www.zdf.de/nachrichten/politik/deutschland/fachkraefte-ausland-ampel-kritik-heil-meyer-fdp-bofinger-100.html,20240919120751,cdx,
https://www.zdf.de/nachrichten/politik/deutschland/faeser-abschiebung-afghanistan-taliban-100.html,20240919121407,cdx,
https://www.zdf.de/nachrichten/politik/deutschland/faeser-grenzkontrollen-keine-fortsetzung-nach-em-100.html,20240919121434,cdx,
https://www.zdf.de/nachrichten/politik/deutschland/faeser-will-abschiebungen-nach-afghanistan-100.html,20240919122750,cdx,
https://www.zdf.de/nachrichten/politik/deutschland/falschparker-kennzeichen-scannen-bundeslaender-100.html,20240919165241,cdx,
https://www.zdf.de/nachrichten/politik/deutschland/faq-haushalt-urteil-bundesverfassungsgericht-schuldenbremse-corona-ampel-100.html,20240919130134,cdx,
https://www.zdf.de/nachrichten/politik/deutschland/fdp-lindner-ampel-wahlen-krise-100.html,20240919063132,cdx,
https://www.zdf.de/nachrichten/politik/deutschland/fdp-mitgliederentscheid-ampel-aus-koalition-beenden-100.html,20240919120011,cdx,
https://www.zdf.de/nachrichten/politik/deutschland/fluechtlinge-arbeitspflicht-landkreise-sager-100.html,20240919121600,cdx,
https://www.zdf.de/nachrichten/politik/deutschland/fluechtlinge-asylbewerber-arbeit-suche-erlaubnis-migration-100.html,20240919015037,cdx,
https://www.zdf.de/nachrichten/politik/deutschland/fluechtlinge-heil-spd-arbeit-migration-deutschkenntnisse-integration-100.html,20240919062149,cdx,
https://www.zdf.de/nachrichten/politik/deutschland/flughafen-sicherheit-gesetz-bundesregierung-aktivisten-100.html,20240919123717,cdx,
https://www.zdf.de/nachrichten/politik/deutschland/flugsicherung-cyberangriff-hacker-100.html,20240920212709,cdx,
https://www.zdf.de/nachrichten/politik/deutschland/freie-waehler-brandmauer-afd-kooperationsverbot-sachsen-100.html,20240919121633,cdx,
https://www.zdf.de/nachrichten/politik/deutschland/fridays-for-future-verdi-klimastreik-100.html,20240919114658,cdx,
https://www.zdf.de/nachrichten/politik/deutschland/gdl-lokfuehrer-gewerkschaft-reiss-weselsky-100.html,20240920113103,cdx,
https://www.zdf.de/nachrichten/politik/deutschland/gedenken-konzentrationslager-befreiung-ravensbrueck-sachsenhausen-buchenwald-100.html,20240919125358,cdx,
https://www.zdf.de/nachrichten/politik/deutschland/gefluechtete-asyldebatte-protokolle-migration-deutschland-100.html,20240919014118,cdx,
https://www.zdf.de/nachrichten/politik/deutschland/grenzkontrolle-em-migration-bundespolizei-100.html,20240919121449,cdx,
https://www.zdf.de/nachrichten/politik/deutschland/grenzkontrollen-deutschland-faeser-migration-sicherheit-100.html,20240919121923,cdx,
https://www.zdf.de/nachrichten/politik/deutschland/grenzkontrollen-em-soeder-merz-100.html,20240919120751,cdx,
https://www.zdf.de/nachrichten/politik/deutschland/grossspender-bsw-wagenknecht-quellen-100.html,20240919013953,cdx,
https://www.zdf.de/nachrichten/politik/deutschland/gruene-ampel-omid-nouripour-100.html,20240919122040,cdx,
https://www.zdf.de/nachrichten/politik/deutschland/gruene-fraktion-klausur-ampel-leipzig-100.html,20240919122107,cdx,
https://www.zdf.de/nachrichten/politik/deutschland/habeck-autohersteller-investitionen-iaa-100.html,20240919002407,cdx,
https://www.zdf.de/nachrichten/politik/deutschland/habeck-lanz-haushalt-sperre-100.html,20240919130134,cdx,
https://www.zdf.de/nachrichten/politik/deutschland/habeck-merz-duell-koalition-cdu-gruene-ampel-korte-100.html,20240919113709,cdx,
https://www.zdf.de/nachrichten/politik/deutschland/habeck-migration-merz-notlage-unverantwortlich-100.html,20240919144326,cdx,
https://www.zdf.de/nachrichten/politik/deutschland/haldenwang-kritik-afd-100.html,20240919183906,cdx,
https://www.zdf.de/nachrichten/politik/deutschland/halemba-afd-aufhebung-haftbefehl-volksverhetzung-100.html,20240919120326,cdx,
https://www.zdf.de/nachrichten/politik/deutschland/hausaerzte-aerzte-protest-lauterbach-gesundheit-reform-100.html,20240919114406,cdx,
https://www.zdf.de/nachrichten/politik/deutschland/haushalt-2025-ampel-streit-kritik-100.html,20240919122219,cdx,
https://www.zdf.de/nachrichten/politik/deutschland/haushalt-ampel-einigung-lindner-100.html,20240919122235,cdx,
https://www.zdf.de/nachrichten/politik/deutschland/haushalt-ampel-koalition-etat-streit-100.html,20240920152242,cdx,
https://www.zdf.de/nachrichten/politik/deutschland/haushalt-bundestag-finanzierungsluecke-parteien-100.html,20240919121130,cdx,
https://www.zdf.de/nachrichten/politik/deutschland/haushalt-bundestag-regierung-etatentwurf-haushaltsdebatte-gruene-fdp-100.html,20240919053508,cdx,
https://www.zdf.de/nachrichten/politik/deutschland/haushalt-einigung-ampel-regierung-geld-wirtschaft-100.html,20240919124838,cdx,
https://www.zdf.de/nachrichten/politik/deutschland/haushalt-krise-ampel-koalition-kommentar-100.html,20240919043945,cdx,
https://www.zdf.de/nachrichten/politik/deutschland/haushalt-streit-ampel-lindner-esken-kuehnert-100.html,20240920213903,cdx,
https://www.zdf.de/nachrichten/politik/deutschland/heil-fluechtlinge-arbeit-100.html,20240919122403,cdx,
https://www.zdf.de/nachrichten/politik/deutschland/hendrik-wuest-fluechtlinge-asyl-migration-100.html,20240919122350,cdx,
https://www.zdf.de/nachrichten/politik/deutschland/hendrik-wuest-nrw-cdu-innere-sicherheit-terror-solingen-100.html,20240919124052,cdx,
https://www.zdf.de/nachrichten/politik/deutschland/hoecke-absage-gesundheit-tv-duell-wahl-thueringen-100.html,20240919071743,cdx,
https://www.zdf.de/nachrichten/politik/deutschland/hoecke-brandmauer-duell-reaktionen-gemischt-100.html,20240919122411,cdx,
https://www.zdf.de/nachrichten/politik/deutschland/holocaust-gedenkstunde-bundestag-nationalsozialismus-sexuelle-orientierung-100.html,20240920050658,cdx,
https://www.zdf.de/nachrichten/politik/deutschland/illner-linnemann-zuwanderung-100.html,20240919122551,cdx,
https://www.zdf.de/nachrichten/politik/deutschland/illner-migration-debatte-100.html,20240919122619,cdx,
https://www.zdf.de/nachrichten/politik/deutschland/illner-olaf-scholz-ukraine-krieg-krisen-koalition-100.html,20240920171609,cdx,
https://www.zdf.de/nachrichten/politik/deutschland/industriestrompreis-weil-wuest-droege-ampel-100.html,20240920034335,cdx,
https://www.zdf.de/nachrichten/politik/deutschland/innere-sicherheit-em-gefahr-100.html,20240919121449,cdx,
https://www.zdf.de/nachrichten/politik/deutschland/iran-israel-reaktionen-deutschland-baerbock-100.html,20240919083617,cdx,
https://www.zdf.de/nachrichten/politik/deutschland/is-rekrutierung-terrorismus-anschlag-100.html,20240919000210,cdx,
https://www.zdf.de/nachrichten/politik/deutschland/islamismus-radikalisierung-religion-100.html,20240919050058,cdx,
https://www.zdf.de/nachrichten/politik/deutschland/islamismus-tiktok-verfassungsschutz-radikalisierung-muslime-100.html,20240919185656,cdx,
https://www.zdf.de/nachrichten/politik/deutschland/islamistisch-influencer-jugendliche-radikalisierung-100.html,20240920165820,cdx,
https://www.zdf.de/nachrichten/politik/deutschland/jens-maier-ruhestand-richter-afd-100.html,20240919180509,cdx,
https://www.zdf.de/nachrichten/politik/deutschland/jugendverbaende-forderung-abschaffung-schuldenbremse-ampel-100.html,20240919114658,cdx,
https://www.zdf.de/nachrichten/politik/deutschland/justizminister-buschmann-schwerstkriminelle-strafe-ausweisung-100.html,20240919122733,cdx,
https://www.zdf.de/nachrichten/politik/deutschland/katholische-kirche-bistum-aachen-missbrauch-taeter-liste-100.html,20240919211345,cdx,
https://www.zdf.de/nachrichten/politik/deutschland/ki-kuenstliche-intelligenz-fake-news-landtagswahl-100.html,20240920112649,cdx,
https://www.zdf.de/nachrichten/politik/deutschland/klima-corona-milliarden-kredite-bundesverfassungsgericht-urteil-100.html,20240919120011,cdx,
https://www.zdf.de/nachrichten/politik/deutschland/klima-demos-fridays-for-future-100.html,20240920171252,cdx,
https://www.zdf.de/nachrichten/politik/deutschland/klima-klagen-sofortprogramm-bundesregierung-100.html,20240919190049,cdx,
https://www.zdf.de/nachrichten/politik/deutschland/klima-umweltverbaende-fridays-for-future-verfassungsbeschwerde-100.html,20240919114658,cdx,
https://www.zdf.de/nachrichten/politik/deutschland/klingbeil-migration-asyl-mpk-berlin-direkt-100.html,20240919110921,cdx,
https://www.zdf.de/nachrichten/politik/deutschland/klinik-klinikreform-krankenhausgipfel-kritik-patientenversorgung-lauterbach-100.html,20240919052900,cdx,
https://www.zdf.de/nachrichten/politik/deutschland/kommune-task-force-abschiebung-100.html,20240919045916,cdx,
https://www.zdf.de/nachrichten/politik/deutschland/kramer-verfassungsschutz-demokratie-thueringen-wahl-100.html,20240919085135,cdx,
https://www.zdf.de/nachrichten/politik/deutschland/kretschmer-sachsen-hoecke-neonazi-vorwurf-100.html,20240919144603,cdx,
https://www.zdf.de/nachrichten/politik/deutschland/krisen-treffen-asyl-migration-kanzleramt-merz-100.html,20240919113533,cdx,
https://www.zdf.de/nachrichten/politik/deutschland/kubicki-lauterbach-corona-rki-files-ampel-100.html,20240919050940,cdx,
https://www.zdf.de/nachrichten/politik/deutschland/landtagswahl-brandenburg-2024-dietmar-woidke-100.html,20240919123145,cdx,
https://www.zdf.de/nachrichten/politik/deutschland/landtagswahl-brandenburg-2024-parteien-100.html,20240919141154,cdx,
https://www.zdf.de/nachrichten/politik/deutschland/landtagswahl-brandenburg-koalition-parteien-100.html,20240919053553,cdx,
https://www.zdf.de/nachrichten/politik/deutschland/landtagswahl-brandenburg-spd-cdu-gruene-dietmar-woidke-100.html,20240919123124,cdx,
https://www.zdf.de/nachrichten/politik/deutschland/landtagswahl-brandenburg-spitzenkandidaten-dietmar-woidke-100.html,20240919130304,cdx,
https://www.zdf.de/nachrichten/politik/deutschland/landtagswahl-brandenburg-wirtschaft-strukturwandel-100.html,20240919123107,cdx,
https://www.zdf.de/nachrichten/politik/deutschland/landtagswahl-sachsen-afd-tiktok-100.html,20240920104040,cdx,
https://www.zdf.de/nachrichten/politik/deutschland/landtagswahl-sachsen-cdu-afd-wahl-faq-100.html,20240920142901,cdx,
https://www.zdf.de/nachrichten/politik/deutschland/landtagswahl-sachsen-ergebnisse-cdu-afd-kretschmer-100.html,20240919114308,cdx,
https://www.zdf.de/nachrichten/politik/deutschland/landtagswahl-sachsen-ergebnisse-wahlkreise-100.html,20240919120209,cdx,
https://www.zdf.de/nachrichten/politik/deutschland/landtagswahl-thueringen-afd-linke-cdu-wahl-faq-100.html,20240920214332,cdx,
https://www.zdf.de/nachrichten/politik/deutschland/landtagswahl-thueringen-ergebnisse-afd-cdu-hoecke-voigt-100.html,20240919114308,cdx,
https://www.zdf.de/nachrichten/politik/deutschland/landtagswahl-thueringen-ergebnisse-wahlkreise-100.html,20240919120209,cdx,
https://www.zdf.de/nachrichten/politik/deutschland/landtagswahlen-ostdeutschland-afd-bsw-mohamed-ali-weidel-100.html,20240919125025,cdx,
https://www.zdf.de/nachrichten/politik/deutschland/landwirtschaft-bauern-landwirte-forderungen-politik-afd-100.html,20240919120308,cdx,
https://www.zdf.de/nachrichten/politik/deutschland/lanz-bildung-krise-prien-stark-watzinger-100.html,20240919191437,cdx,
https://www.zdf.de/nachrichten/politik/deutschland/lanz-cannabis-legalisierung-widerstand-tschentscher-100.html,20240919122123,cdx,
https://www.zdf.de/nachrichten/politik/deutschland/lanz-kommunalpolitik-landrat-buergermeister-gefahr-100.html,20240920013625,cdx,
https://www.zdf.de/nachrichten/politik/deutschland/lanz-landtagswahlen-ostdeutschland-100.html,20240920170748,cdx,
https://www.zdf.de/nachrichten/politik/deutschland/lanz-migrationsgipfel-ampel-union-100.html,20240919123343,cdx,
https://www.zdf.de/nachrichten/politik/deutschland/lanz-prien-landtagswahlen-sachsen-thueringen-100.html,20240919123458,cdx,
https://www.zdf.de/nachrichten/politik/deutschland/lanz-union-gruene-kanzler-100.html,20240920023643,cdx,
https://www.zdf.de/nachrichten/politik/deutschland/lauterbach-krankenversicherung-pflegeversicherung-beitrag-100.html,20240919232639,cdx,
https://www.zdf.de/nachrichten/politik/deutschland/lehren-landtag-thueringen-sachsen-wahl-100.html,20240919123532,cdx,
https://www.zdf.de/nachrichten/politik/deutschland/lehrer-mangel-quereinsteiger-duales-studium-kultusministerkonferenz-100.html,20240919124220,cdx,
https://www.zdf.de/nachrichten/politik/deutschland/letzte-generation-durchsuchung-klimawandel-aktivisten-flughafen-100.html,20240919114429,cdx,
https://www.zdf.de/nachrichten/politik/deutschland/letzte-generation-flughaefen-gespraeche-100.html,20240919114429,cdx,
https://www.zdf.de/nachrichten/politik/deutschland/letzte-generation-flughafen-koeln-bonn-nuernberg-100.html,20240919114429,cdx,
https://www.zdf.de/nachrichten/politik/deutschland/lindner-migration-gipfel-scholz-merz-habeck-100.html,20240919123732,cdx,
https://www.zdf.de/nachrichten/politik/deutschland/linke-fraktion-bundestag-aufloesung-100.html,20240919072453,cdx,
https://www.zdf.de/nachrichten/politik/deutschland/linke-vorsitz-jan-van-aken-ines-schwerdtner-100.html,20240919152522,cdx,
https://www.zdf.de/nachrichten/politik/deutschland/linke-wagenknecht-wissler-schirdewan-wirtschaft-wende-fluechtlinge-100.html,20240919113558,cdx,
https://www.zdf.de/nachrichten/politik/deutschland/long-covid-lauterbach-hilfe-runder-tisch-100.html,20240920192032,cdx,
https://www.zdf.de/nachrichten/politik/deutschland/luisa-neubauer-klimawandel-kritik-politik-100.html,20240920014601,cdx,
https://www.zdf.de/nachrichten/politik/deutschland/mangott-rheinmetall-chef-papperger-anschlag-plan-russland-100.html,20240919115407,cdx,
https://www.zdf.de/nachrichten/politik/deutschland/marokko-faeser-sicherheit-migration-abschiebungen-100.html,20240919122606,cdx,
https://www.zdf.de/nachrichten/politik/deutschland/martin-sellner-rechtsextremist-einreiseverbot-deutschland-100.html,20240919120326,cdx,
https://www.zdf.de/nachrichten/politik/deutschland/merz-cdu-spd-gruene-zurueckweisungen-grenze-asylpolitik-100.html,20240919121940,cdx,
https://www.zdf.de/nachrichten/politik/deutschland/merz-haushaltsluecke-buergergeld-kindergrundsicherung-100.html,20240919130134,cdx,
https://www.zdf.de/nachrichten/politik/deutschland/merz-krisentreffen-asyl-solingen-100.html,20240919123007,cdx,
https://www.zdf.de/nachrichten/politik/deutschland/merz-scholz-treffen-migration-kurswechsel-100.html,20240919130848,cdx,
https://www.zdf.de/nachrichten/politik/deutschland/merz-soeder-bund-koalition-gruene-100.html,20240919013757,cdx,
https://www.zdf.de/nachrichten/politik/deutschland/merz-soeder-pressekonferenz-kanzlerkandidatur-cdu-csu-100.html,20240919123843,cdx,
https://www.zdf.de/nachrichten/politik/deutschland/meuthen-afd-parteitag-krah-russland-china-100.html,20240919120447,cdx,
https://www.zdf.de/nachrichten/politik/deutschland/migration-ampel-plaene-faeser-baerbock-buschmann-100.html,20240919121130,cdx,
https://www.zdf.de/nachrichten/politik/deutschland/migration-asyl-fluechtling-begriffe-100.html,20240919120751,cdx,
https://www.zdf.de/nachrichten/politik/deutschland/migration-asyl-nouripour-gruene-100.html,20240919122606,cdx,
https://www.zdf.de/nachrichten/politik/deutschland/migration-asyl-politik-begrenzung-100.html,20240919122403,cdx,
https://www.zdf.de/nachrichten/politik/deutschland/migration-bundestag-union-antrag-100.html,20240919124035,cdx,
https://www.zdf.de/nachrichten/politik/deutschland/migration-gipfel-papier-experten-check-100.html,20240919074426,cdx,
https://www.zdf.de/nachrichten/politik/deutschland/migration-treffen-kanzleramt-asylverfahren-100.html,20240919174246,cdx,
https://www.zdf.de/nachrichten/politik/deutschland/migrationsgespraeche-ampel-union-gescheitert-kommentar-100.html,20240919123357,cdx,
https://www.zdf.de/nachrichten/politik/deutschland/mindestlohn-arbeitsminister-heil-erhoehung-eu-richtlinie-100.html,20240919070724,cdx,
https://www.zdf.de/nachrichten/politik/deutschland/ministerpraesidenten-gipfel-migration-kanzler-100.html,20240919124140,cdx,
https://www.zdf.de/nachrichten/politik/deutschland/moma-duell-amthor-schaefer-gendern-100.html,20240920014913,cdx,
https://www.zdf.de/nachrichten/politik/deutschland/mpk-asyl-fluechtlinge-abschiebung-stamp-100.html,20240919122403,cdx,
https://www.zdf.de/nachrichten/politik/deutschland/nachfahren-ns-widerstand-appell-demokratie-rechtsextremismus-100.html,20240919114527,cdx,
https://www.zdf.de/nachrichten/politik/deutschland/nationaler-bildungsbericht-probleme-schule-deutschland-100.html,20240919124205,cdx,
https://www.zdf.de/nachrichten/politik/deutschland/nato-gipfel-buendnis-scholz-deutschland-100.html,20240919120829,cdx,
https://www.zdf.de/nachrichten/politik/deutschland/nord-stream-sabotage-taucher-flucht-polen-ukraine-100.html,20240920003631,cdx,
https://www.zdf.de/nachrichten/politik/deutschland/nord-stream-taeter-andromeda-ukraine-krieg-russland-100.html,20240920015557,cdx,
https://www.zdf.de/nachrichten/politik/deutschland/nord-stream-ukraine-reaktion-scholz-waffenlieferung-krieg-russland-100.html,20240920015605,cdx,
https://www.zdf.de/nachrichten/politik/deutschland/oepnv-finanzierung-49-euro-ticket-100.html,20240919113558,cdx,
https://www.zdf.de/nachrichten/politik/deutschland/partei-gruendung-wagenknecht-maassen-interview-wurthmann-100.html,20240919120943,cdx,
https://www.zdf.de/nachrichten/politik/deutschland/pirna-afd-oberbuergermeister-wahl-tim-lochner-100.html,20240919114944,cdx,
https://www.zdf.de/nachrichten/politik/deutschland/pirna-afd-sachsen-kritik-100.html,20240919114944,cdx,
https://www.zdf.de/nachrichten/politik/deutschland/pisa-studie-oecd-ergebnisse-schule-bildung-deutschland-100.html,20240919192944,cdx,
https://www.zdf.de/nachrichten/politik/deutschland/politbarometer-bsw-afd-wagenknecht-thueringen-sachsen-birthler-100.html,20240920145443,cdx,
https://www.zdf.de/nachrichten/politik/deutschland/politbarometer-extra-bayern-hessen-100.html,20240919052801,cdx,
https://www.zdf.de/nachrichten/politik/deutschland/politik-lanz-de-masi-afd-brandmauern-video-100.html,20240919124306,cdx,
https://www.zdf.de/nachrichten/politik/deutschland/polizeieinsatz-muenchen-israelisches-konsulat-100.html,20240919124334,cdx,
https://www.zdf.de/nachrichten/politik/deutschland/ramelow-bodo-landtagswahl-thueringen-linke-100.html,20240919122055,cdx,
https://www.zdf.de/nachrichten/politik/deutschland/ramelow-europawahl-spaltung-ostdeutschland-westdeutschland-100.html,20240919170854,cdx,
https://www.zdf.de/nachrichten/politik/deutschland/reaktion-opposition-sicherheitspaket-regierung-solingen-100.html,20240919123007,cdx,
https://www.zdf.de/nachrichten/politik/deutschland/reaktionen-bundesverfassungsgericht-urteil-klima-corona-milliarden-kredite-100.html,20240919120011,cdx,
https://www.zdf.de/nachrichten/politik/deutschland/rechtsextreme-treffen-berlin-cdu-ex-finanzsenator-kurth-100.html,20240920004447,cdx,
https://www.zdf.de/nachrichten/politik/deutschland/rechtsextremismus-rechtspopulismus-einstellung-gedankengut-100.html,20240919121134,cdx,
https://www.zdf.de/nachrichten/politik/deutschland/regierungserklaerung-kanzler-olaf-scholz-sicherheitslage-100.html,20240919045116,cdx,
https://www.zdf.de/nachrichten/politik/deutschland/rki-protokoll-leak-coronavirus-pandemie-lauterbach-100.html,20240920084424,cdx,
https://www.zdf.de/nachrichten/politik/deutschland/ruestung-sozialleistung-streit-prioritaeten-100.html,20240919122123,cdx,
https://www.zdf.de/nachrichten/politik/deutschland/sachsen-landtagswahl-wahlleiter-pruefung-ergebnis-100.html,20240919123550,cdx,
https://www.zdf.de/nachrichten/politik/deutschland/sachsen-thueringen-konsequenzen-bundestagswahl-ampel-100.html,20240919120144,cdx,
https://www.zdf.de/nachrichten/politik/deutschland/saskia-esken-spd-zdf-sommerinterview-100.html,20240919125325,cdx,
https://www.zdf.de/nachrichten/politik/deutschland/scholz-afd-asylpolitik-ukraine-buergerdialog-100.html,20240919124450,cdx,
https://www.zdf.de/nachrichten/politik/deutschland/scholz-deutschlandpakt-spitzengespraech-einladung-100.html,20240919122606,cdx,
https://www.zdf.de/nachrichten/politik/deutschland/scholz-k-frage-spd-100.html,20240919123901,cdx,
https://www.zdf.de/nachrichten/politik/deutschland/scholz-kanzler-interview-solingen-asyl-merz-100.html,20240919124507,cdx,
https://www.zdf.de/nachrichten/politik/deutschland/schule-abitur-zurueck-zu-g9-100.html,20240919124220,cdx,
https://www.zdf.de/nachrichten/politik/deutschland/schule-ausbildung-abbruch-eu-100.html,20240919124220,cdx,
https://www.zdf.de/nachrichten/politik/deutschland/schutzsuchende-deutschland-gefluechtete-ukraine-syrien-afghanistan-100.html,20240919051528,cdx,
https://www.zdf.de/nachrichten/politik/deutschland/selenskyj-bundestag-rede-afd-bsw-boykott-100.html,20240919124523,cdx,
https://www.zdf.de/nachrichten/politik/deutschland/sicherheitspaket-grenzkontrollen-massnahmen-gesetz-entwuerfe-faeser-100.html,20240919062318,cdx,
https://www.zdf.de/nachrichten/politik/deutschland/soeder-bayern-csu-k-frage-100.html,20240919014315,cdx,
https://www.zdf.de/nachrichten/politik/deutschland/soeder-bayern-kabinett-regierungsbildung-landtagswahl-100.html,20240919121653,cdx,
https://www.zdf.de/nachrichten/politik/deutschland/soeder-csu-muenchen-asylpolitik-kanzlerkanditatur-100.html,20240919121940,cdx,
https://www.zdf.de/nachrichten/politik/deutschland/solingen-anschlag-attentaeter-issa-al-h-abschiebung-100.html,20240920205951,cdx,
https://www.zdf.de/nachrichten/politik/deutschland/solingen-anschlag-migration-waffenrecht-100.html,20240919121016,cdx,
https://www.zdf.de/nachrichten/politik/deutschland/solingen-messerangriff-trauerfeier-steinmeier-100.html,20240919123145,cdx,
https://www.zdf.de/nachrichten/politik/deutschland/solingen-terror-verantwortung-politik-konsequenzen-100.html,20240920090145,cdx,
https://www.zdf.de/nachrichten/politik/deutschland/spd-parteitag-landtagswahl-brandenburg-woidke-100.html,20240920090140,cdx,
https://www.zdf.de/nachrichten/politik/deutschland/sperrminoritaet-afd-wahl-thueringen-sachsen-100.html,20240919065231,cdx,
https://www.zdf.de/nachrichten/politik/deutschland/stationaere-grenzkontrollen-deutschland-verlaengerung-100.html,20240919120751,cdx,
https://www.zdf.de/nachrichten/politik/deutschland/steuerbonus-auslaendische-fachkraefte-kuehnert-100.html,20240919144703,cdx,
https://www.zdf.de/nachrichten/politik/deutschland/strassen-bruecken-schienen-verkehr-schlecht-zustand-100.html,20240919042613,cdx,
https://www.zdf.de/nachrichten/politik/deutschland/strompreis-zonen-bayern-wind-solar-energie-100.html,20240919105616,cdx,
https://www.zdf.de/nachrichten/politik/deutschland/tariftreue-gesetz-verzoegerung-kritik-ampel-streit-100.html,20240919124347,cdx,
https://www.zdf.de/nachrichten/politik/deutschland/taurus-lieferung-scholz-ukraine-100.html,20240919122123,cdx,
https://www.zdf.de/nachrichten/politik/deutschland/tesla-werk-gruenheide-erweiterung-protest-widerstand-100.html,20240919123124,cdx,
https://www.zdf.de/nachrichten/politik/deutschland/thueringen-hoecke-afd-voigt-cdu-tv-duell-100.html,20240919122425,cdx,
https://www.zdf.de/nachrichten/politik/deutschland/thueringen-landtagswahl-bjoern-hoecke-rechtsextremismus-100.html,20240919120447,cdx,
https://www.zdf.de/nachrichten/politik/deutschland/thueringen-landtagswahl-regierungsbildung-koalition-cdu-spd-bsw-100.html,20240919022256,cdx,
https://www.zdf.de/nachrichten/politik/deutschland/thueringen-regierung-bodo-ramelow-100.html,20240919085134,cdx,
https://www.zdf.de/nachrichten/politik/deutschland/thueringen-wahl-koalition-optionen-afd-100.html,20240919085134,cdx,
https://www.zdf.de/nachrichten/politik/deutschland/tuerkei-deutschland-einbuergerung-grund-100.html,20240919010726,cdx,
https://www.zdf.de/nachrichten/politik/deutschland/tv-duell-hoecke-voigt-thueringen-migration-eu-100.html,20240919122425,cdx,
https://www.zdf.de/nachrichten/politik/deutschland/ueberstunden-steuerfrei-ampel-wachstum-kritik-100.html,20240919124821,cdx,
https://www.zdf.de/nachrichten/politik/deutschland/umfrage-bildungssystem-deutschland-100.html,20240920102107,cdx,
https://www.zdf.de/nachrichten/politik/deutschland/union-abgeordnete-bundestag-deutschland-korruption-aserbaidschan-europarat-100.html,20240920050718,cdx,
https://www.zdf.de/nachrichten/politik/deutschland/union-ampel-sofortprogramm-wirtschaft-soeder-merz-rhein-lang-100.html,20240919174059,cdx,
https://www.zdf.de/nachrichten/politik/deutschland/unternehmen-afd-fachkraefte-fuest-100.html,20240919124929,cdx,
https://www.zdf.de/nachrichten/politik/deutschland/viertagewoche-vier-tage-woche-arbeitszeitmodell-muenz-gmbh-100.html,20240919124838,cdx,
https://www.zdf.de/nachrichten/politik/deutschland/virologe-hendrik-streeck-kandidatur-bundestag-cdu-bonn-100.html,20240919151456,cdx,
https://www.zdf.de/nachrichten/politik/deutschland/wagenknecht-bsw-gruene-afd-koalition-100.html,20240919125011,cdx,
https://www.zdf.de/nachrichten/politik/deutschland/wagenknecht-bsw-koenigsmacherin-thueringen-sachsen-100.html,20240919120144,cdx,
https://www.zdf.de/nachrichten/politik/deutschland/wagenknecht-farbattacke-bsw-wahlkampf-thueringen-100.html,20240920205448,cdx,
https://www.zdf.de/nachrichten/politik/deutschland/wahl-sachsen-thueringen-spd-gruene-fdp-ampel-100.html,20240919122235,cdx,
https://www.zdf.de/nachrichten/politik/deutschland/wahl-sachsen-wahlanalyse-100.html,20240919125159,cdx,
https://www.zdf.de/nachrichten/politik/deutschland/wahl-thueringen-sachsen-berlin-cdu-bsw-koalition-100.html,20240919120039,cdx,
https://www.zdf.de/nachrichten/politik/deutschland/wahl-thueringen-wahlanalyse-100.html,20240919120308,cdx,
https://www.zdf.de/nachrichten/politik/deutschland/wahlergebnis-ostdeutschland-afd-erinnerungskultur-100.html,20240919120308,cdx,
https://www.zdf.de/nachrichten/politik/deutschland/wohnen-bauen-eigentum-deutschland-kosten-junge-generation-100.html,20240920105253,cdx,
https://www.zdf.de/nachrichten/politik/deutschland/woidke-ministerpraesident-brandenburg-spd-afd-bsw-landtagswahl-100.html,20240920170749,cdx,
https://www.zdf.de/nachrichten/politik/deutschland/zdf-sommerinterview-bundeskanzler-olaf-scholz-spd-ampel-100.html,20240919121016,cdx,
https://www.zdf.de/nachrichten/politik/deutschland/zentralrat-juden-schuster-juedisches-leben-deutschland-bedroht-100.html,20240920001954,cdx,
https://www.zdf.de/nachrichten/politik/donald-trump-prozess-geheimdokumente-us-wahl-100.html,20240919050247,cdx,
https://www.zdf.de/nachrichten/politik/donald-trump-richter-finanzbetrug-klage-prozess-100.html,20240919184137,cdx,
https://www.zdf.de/nachrichten/politik/eu-bruessel-landtagswahl-thueringen-sachsen-afd-reaktion-100.html,20240919120144,cdx,
https://www.zdf.de/nachrichten/politik/eu-gipfel-sorge-putin-belarus-100.html,20240919190405,cdx,
https://www.zdf.de/nachrichten/politik/eu-kommission-heizungsgesetz-entwurf-100.html,20240919173838,cdx,
https://www.zdf.de/nachrichten/politik/europawahl-2024-deutschland-wahlanalyse-100.html,20240919125504,cdx,
https://www.zdf.de/nachrichten/politik/europawahl-afd-gefahr-bundeswehr-100.html,20240919120447,cdx,
https://www.zdf.de/nachrichten/politik/europawahl-neuwahl-ampel-union-bundestag-100.html,20240919125704,cdx,
https://www.zdf.de/nachrichten/politik/europawahl-von-der-leyen-evp-wiederwahl-100.html,20240919125722,cdx,
https://www.zdf.de/nachrichten/politik/fluechtlinge-vertreibung-weltweit-unhcr-100.html,20240919173700,cdx,
https://www.zdf.de/nachrichten/politik/gabriel-europa-verteidigung-sicherheit-trump-usa-100.html,20240919083437,cdx,
https://www.zdf.de/nachrichten/politik/geheim-akten-bundesregierung-taliban-afghanistan-abzug-kabul-leak-100.html,20240920131622,cdx,
https://www.zdf.de/nachrichten/politik/heizungsgesetz-ampel-gruene-fdp-spd-habeck-100.html,20240919172926,cdx,
https://www.zdf.de/nachrichten/politik/heizungsgesetz-geg-kubicki-100.html,20240919010925,cdx,
https://www.zdf.de/nachrichten/politik/illegale-einreise-eu-fluechtlinge-100.html,20240919125859,cdx,
https://www.zdf.de/nachrichten/politik/iran-frauen-fussball-stadion-besuch-100.html,20240920133128,cdx,
https://www.zdf.de/nachrichten/politik/iran-kopftuchpflicht-ueberwachung-strafen-100.html,20240920133126,cdx,
https://www.zdf.de/nachrichten/politik/iran-sittenpolizei-rueckkehr-kopftuch-100.html,20240920133123,cdx,
https://www.zdf.de/nachrichten/politik/israel-justizreform-zustimmung-klausel-ausschuss-100.html,20240919111649,cdx,
https://www.zdf.de/nachrichten/politik/israel-raketenangriff-waffenruhe-100.html,20240920220608,cdx,
https://www.zdf.de/nachrichten/politik/jean-claude-juncker-grenzkontrollen-europa-krisen-zusammenhalt-100.html,20240919165554,cdx,
https://www.zdf.de/nachrichten/politik/junge-alternative-thueringen-gesichert-rechtsextrem-100.html,20240919130554,cdx,
https://www.zdf.de/nachrichten/politik/klima-hitze-weltweit-temperatur-100.html,20240919185731,cdx,
https://www.zdf.de/nachrichten/politik/klima-konferenz-cop-verhandlungen-verlaengerung-erklaerung-100.html,20240919211907,cdx,
https://www.zdf.de/nachrichten/politik/klima-krise-gesundheitsnotstand-who-100.html,20240919171342,cdx,
https://www.zdf.de/nachrichten/politik/klima-unwetter-hochwasser-schutz-zukunft-100.html,20240919113709,cdx,
https://www.zdf.de/nachrichten/politik/knaus-migration-gipfel-ministerpraesidentenkonferenz-100.html,20240919122606,cdx,
https://www.zdf.de/nachrichten/politik/korruption-index-transparency-international-kriminalitaet-100.html,20240920051033,cdx,
https://www.zdf.de/nachrichten/politik/korte-analyse-sachsen-wahl-thueringen-landtagswahl-100.html,20240919125932,cdx,
https://www.zdf.de/nachrichten/politik/kretschmer-afd-konstruktiver-umgang-100.html,20240919180859,cdx,
https://www.zdf.de/nachrichten/politik/krieg-verlauf-ende-ukraine-niederlage-russland-100.html,20240919104415,cdx,
https://www.zdf.de/nachrichten/politik/krim-explosion-munitionslager-drohne-ukraine-krieg-russland-100.html,20240919182432,cdx,
https://www.zdf.de/nachrichten/politik/kritik-russland-militaer-schoigu-ukraine-krieg-london-100.html,20240919005758,cdx,
https://www.zdf.de/nachrichten/politik/landkreise-lockdown-zahlen-karte-100.html,20240920084412,cdx,
https://www.zdf.de/nachrichten/politik/landtagswahlen-2024-sachsen-thueringen-afd-kommentar-100.html,20240919130051,cdx,
https://www.zdf.de/nachrichten/politik/lanz-soeder-ampel-krise-100.html,20240919130121,cdx,
https://www.zdf.de/nachrichten/politik/letzte-generation-razzia-proteste-reaktionen-100.html,20240919173151,cdx,
https://www.zdf.de/nachrichten/politik/london-zunahme-kaempfe-front-ukraine-krieg-russland-100.html,20240919223508,cdx,
https://www.zdf.de/nachrichten/politik/macron-scholz-besuch-friedenspreis-muenster-100.html,20240919045146,cdx,
https://www.zdf.de/nachrichten/politik/me-cfs-chronisches-fatigue-syndrom-hilfe-protest-demo-100.html,20240919144936,cdx,
https://www.zdf.de/nachrichten/politik/migration-abkommen-tunesien-eu-100.html,20240919183026,cdx,
https://www.zdf.de/nachrichten/politik/migration-gespraeche-abbruch-union-ampel-100.html,20240919124051,cdx,
https://www.zdf.de/nachrichten/politik/moldau-besuch-olaf-scholz-praesidentin-maia-sandu-100.html,20240920194314,cdx,
https://www.zdf.de/nachrichten/politik/nord-stream-explosion-russland-schiffe-ukraine-krieg-100.html,20240920015609,cdx,
https://www.zdf.de/nachrichten/politik/nordkorea-rakete-satellit-suedkorea-japan-evakuierung-100.html,20240919171714,cdx,
https://www.zdf.de/nachrichten/politik/nordstream-explosion-bericht-ukraine-krieg-russland-100.html,20240920015609,cdx,
https://www.zdf.de/nachrichten/politik/oesterreich-panne-wahl-sozialdemokraten-vorsitz-100.html,20240919080633,cdx,
https://www.zdf.de/nachrichten/politik/pannen-regierungsflugzeug-chronologie-baerbock-100.html,20240919120541,cdx,
https://www.zdf.de/nachrichten/politik/pirna-gefluechtete-ausstellung-abgesagt-100.html,20240919013727,cdx,
https://www.zdf.de/nachrichten/politik/polen-nord-stream-sabotage-100.html,20240920015609,cdx,
https://www.zdf.de/nachrichten/politik/politbarometer-cdu-fuehrt-100.html,20240919130226,cdx,
https://www.zdf.de/nachrichten/politik/politbarometer-extra-brandenburg-100.html,20240919213359,cdx,
https://www.zdf.de/nachrichten/politik/politbarometer-extra-landtagswahlen-osten-sachsen-thueringen-stimmung-100.html,20240919013609,cdx,
https://www.zdf.de/nachrichten/politik/politbarometer-landtagswahlen-brandenburg-afd-woidke-100.html,20240919130251,cdx,
https://www.zdf.de/nachrichten/politik/rheinmetall-f-35-kampfjet-bauteile-produktion-ukraine-krieg-russland-100.html,20240919115407,cdx,
https://www.zdf.de/nachrichten/politik/ruanda-modell-asyl-migration-gipfel-gefluechtete-100.html,20240919124155,cdx,
https://www.zdf.de/nachrichten/politik/silvio-berlusconi-tod-karriere-skandal-politik-italien-100.html,20240919175936,cdx,
https://www.zdf.de/nachrichten/politik/sipri-ruestungskonzerne-umsaetze-2022-100.html,20240920033827,cdx,
https://www.zdf.de/nachrichten/politik/startchancen-programm-ampel-koalition-bildung-schule-thueringen-100.html,20240920131635,cdx,
https://www.zdf.de/nachrichten/politik/ukraine-krieg-getreide-bauern-russland-100.html,20240920235354,cdx,
https://www.zdf.de/nachrichten/politik/usa-lloyd-austin-warnung-china-taiwan-konflikt-100.html,20240919110447,cdx,
https://www.zdf.de/nachrichten/politik/usa-trump-republikaner-waffenlobby-wahl-100.html,20240919173413,cdx,
https://www.zdf.de/nachrichten/politik/verfahren-hamas-kaempfer-israel-generalbundesanwalt-100.html,20240919190751,cdx,
https://www.zdf.de/nachrichten/politik/vergiftungswelle-maedchen-bericht-iran-geheimdienst-100.html,20240920231858,cdx,
https://www.zdf.de/nachrichten/politik/wagenknecht-buendnis-parteitag-afd-100.html,20240919120943,cdx,
https://www.zdf.de/nachrichten/politik/wahl-brandenburg-jugend-politik-100.html,20240920171651,cdx,
https://www.zdf.de/nachrichten/politik/weltwetterorganisation-wmo-deutschland-atomkraft-ausstieg-klimawandel-100.html,20240919052010,cdx,
https://www.zdf.de/nachrichten/politik/wissing-fdp-blockade-eu-lieferkettengesetz-flottengrenzwerte-100.html,20240919003007,cdx,
https://www.zdf.de/nachrichten/politik/zdf-in-st-pauli-hamburg-rotlichtviertel-100.html,20240919183616,cdx,
https://www.zdf.de/nachrichten/ratgeber/1n-telecom-forderung-inkasso-mahnung-100.html,20240919013133,cdx,
https://www.zdf.de/nachrichten/ratgeber/analphabetismus-behandlung-praevention-100.html,20240920103038,cdx,
https://www.zdf.de/nachrichten/ratgeber/arbeitsrecht-ueberstunden-100.html,20240919124838,cdx,
https://www.zdf.de/nachrichten/ratgeber/autofahren-barfuss-flip-flops-gefahren-100.html,20240919151900,cdx,
https://www.zdf.de/nachrichten/ratgeber/autoreifen-reifen-wechsel-wann-gebraucht-100.html,20240919160054,cdx,
https://www.zdf.de/nachrichten/ratgeber/eier-kaefighaltung-fertigprodukte-100.html,20240919111411,cdx,
https://www.zdf.de/nachrichten/ratgeber/energiesparen-nachhaltigkeit-streaming-100.html,20240920002733,cdx,
https://www.zdf.de/nachrichten/ratgeber/finanzielle-bildung-umgang-mit-geld-lernen-kinder-100.html,20240920131624,cdx,
https://www.zdf.de/nachrichten/ratgeber/gesunder-schlaf-richtige-matratze-finden-100.html,20240920171748,cdx,
https://www.zdf.de/nachrichten/ratgeber/gesundheit/adipositas-uebergewicht-kinder-und-jugendliche-hilfe-100.html,20240919190901,cdx,
https://www.zdf.de/nachrichten/ratgeber/gesundheit/akupunktur-anwendung-wirkung-behandlung-kosten-100.html,20240919071524,cdx,
https://www.zdf.de/nachrichten/ratgeber/gesundheit/alkoholfrei-jugend-bier-wein-100.html,20240919223237,cdx,
https://www.zdf.de/nachrichten/ratgeber/gesundheit/baustelle-bauarbeiter-strabag-gesundheit-vorsorge-100.html,20240919021909,cdx,
https://www.zdf.de/nachrichten/ratgeber/gesundheit/corona-grippe-impfung-experten-empfehlung-100.html,20240919233541,cdx,
https://www.zdf.de/nachrichten/ratgeber/gesundheit/depression-geburt-postpartal-vater-100.html,20240919053659,cdx,
https://www.zdf.de/nachrichten/ratgeber/gesundheit/digital-detox-stress-social-media-100.html,20240920003911,cdx,
https://www.zdf.de/nachrichten/ratgeber/gesundheit/fitness-muskeln-alter-herz-kreislauf-100.html,20240919011138,cdx,
https://www.zdf.de/nachrichten/ratgeber/gesundheit/fluorchinolone-antibiotika-nebenwirkungen-100.html,20240919081118,cdx,
https://www.zdf.de/nachrichten/ratgeber/gesundheit/frauen-arzt-gender-health-gap-100.html,20240919060159,cdx,
https://www.zdf.de/nachrichten/ratgeber/gesundheit/globusgefuehl-kloss-im-hals-100.html,20240919053732,cdx,
https://www.zdf.de/nachrichten/ratgeber/gesundheit/hearables-hoerhilfe-hypakusis-bluetooth-kopfhoerer-100.html,20240919122145,cdx,
https://www.zdf.de/nachrichten/ratgeber/gesundheit/herz-herzschrittmacher-op-alltag-100.html,20240919174823,cdx,
https://www.zdf.de/nachrichten/ratgeber/gesundheit/kinder-jugendliche-bildschirm-zeit-100.html,20240919191440,cdx,
https://www.zdf.de/nachrichten/ratgeber/gesundheit/mecfs-krankheit-medikamente-bezahlung-100.html,20240920065310,cdx,
https://www.zdf.de/nachrichten/ratgeber/gesundheit/nipah-virus-indien-faq-100.html,20240919011734,cdx,
https://www.zdf.de/nachrichten/ratgeber/gesundheit/richtig-sitzen-rueckenschmerzen-100.html,20240920003903,cdx,
https://www.zdf.de/nachrichten/ratgeber/gesundheit/suizid-praevention-angehoerige-faq-100.html,20240920102846,cdx,
https://www.zdf.de/nachrichten/ratgeber/gesundheit/verbrennung-verbruehung-kind-erste-hilfe-100.html,20240920003701,cdx,
https://www.zdf.de/nachrichten/ratgeber/kamelie-pflege-standort-ueberwintern-duengen-100.html,20240920050540,cdx,
https://www.zdf.de/nachrichten/ratgeber/kind-weggelaufen-was-tun-100.html,20240920131629,cdx,
https://www.zdf.de/nachrichten/ratgeber/kinder-soziale-medien-schutz-100.html,20240920131627,cdx,
https://www.zdf.de/nachrichten/ratgeber/krankenversicherung-gesetzlich-privat-tarif-wechsel-100.html,20240919065222,cdx,
https://www.zdf.de/nachrichten/ratgeber/lesen-lernen-tipps-kinder-100.html,20240920131625,cdx,
https://www.zdf.de/nachrichten/ratgeber/marder-auto-marderschaden-100.html,20240920022139,cdx,
https://www.zdf.de/nachrichten/ratgeber/michelin-guide-sterne-deutschland-100.html,20240919113558,cdx,
https://www.zdf.de/nachrichten/ratgeber/mobilitaetsbudget-mitarbeiter-dienstwagen-100.html,20240919190607,cdx,
https://www.zdf.de/nachrichten/ratgeber/oeko-test-margarine-100.html,20240919175619,cdx,
https://www.zdf.de/nachrichten/ratgeber/onlineapotheke-erezept-arzneimittel-bestellen-100.html,20240920211035,cdx,
https://www.zdf.de/nachrichten/ratgeber/rawdogging-bedeutung-tiktok-social-media-challenge-flugzeug-100.html,20240920051930,cdx,
https://www.zdf.de/nachrichten/ratgeber/schule-schwaenzen-strafe-bussgeld-konsequenzen-schulabsentismus-100.html,20240920131619,cdx,
https://www.zdf.de/nachrichten/ratgeber/schultuete-selber-basteln-zuckertuete-befuellen-einschulung-100.html,20240920131625,cdx,
https://www.zdf.de/nachrichten/ratgeber/schweinenackensteak-grillen-wiso-teuer-oder-billig-100.html,20240920132243,cdx,
https://www.zdf.de/nachrichten/ratgeber/tod-trauer-arbeitsplatz-100.html,20240919211826,cdx,
https://www.zdf.de/nachrichten/ratgeber/weihnachten-familie-streit-vermeiden-100.html,20240919021650,cdx,
https://www.zdf.de/nachrichten/ratgeber/welche-kreditkarte-passt-ueberblick-100.html,20240919013846,cdx,
https://www.zdf.de/nachrichten/sport/ac-florenz-vfl-wolfsburg-frauen-champions-league-qualifikation-100.html,20240920022117,cdx,
https://www.zdf.de/nachrichten/sport/american-football-nfl-st-brown-detroit-lions-san-francisco-49ers-kansas-city-chiefs-100.html,20240919105509,cdx,
https://www.zdf.de/nachrichten/sport/american-football-nfl-super-bowl-2024-faq-100.html,20240920234115,cdx,
https://www.zdf.de/nachrichten/sport/bayer-leverkusen-champions-league-feyenoord-rotterdam-100.html,20240920022226,cdx,
https://www.zdf.de/nachrichten/sport/bayern-muenchen-dinamo-zagreb-fussball-champions-league-1-spieltag-100.html,20240919011850,cdx,
https://www.zdf.de/nachrichten/sport/behindertensport-para-sport-paralympics-100.html,20240920014156,cdx,
https://www.zdf.de/nachrichten/sport/biathlon-nawrath-sprint-oestersund-100.html,20240919054023,cdx,
https://www.zdf.de/nachrichten/sport/biathlon-olympische-spiele-2014-staffel-winkt-nachtraegliches-gold-100.html,20240919053918,cdx,
https://www.zdf.de/nachrichten/sport/borussia-moenchengladbach-bayer-leverkusen-boniface-fussball-bundesliga-100.html,20240919110309,cdx,
https://www.zdf.de/nachrichten/sport/bundesliga-deutsche-fussball-liga-dfl-100.html,20240919133215,cdx,
https://www.zdf.de/nachrichten/sport/deutschland-dhb-team-island-handball-em-2024-hauptrunde-100.html,20240919064309,cdx,
https://www.zdf.de/nachrichten/sport/deutschland-niederlande-fussball-nations-league-interview-nils-kaben-100.html,20240920183913,cdx,
https://www.zdf.de/nachrichten/sport/dfb-pokal-erste-runde-carl-zeiss-jena-bayer-leverkusen-100.html,20240919140721,cdx,
https://www.zdf.de/nachrichten/sport/fc-bruegge-borussia-dortmund-fussball-champions-league-1-spieltag-100.html,20240920022205,cdx,
https://www.zdf.de/nachrichten/sport/finals-2025-dresden-18-sportarten-8-sportstaetten-100.html,20240919014037,cdx,
https://www.zdf.de/nachrichten/sport/formel-1-audi-einstieg-sauber-projekt-probleme-100.html,20240920102613,cdx,
https://www.zdf.de/nachrichten/sport/frauen-fuehrungskraefte-dfb-praesidium-landes-regional-verbaende-100.html,20240919013443,cdx,
https://www.zdf.de/nachrichten/sport/frauenfusball-champions-league-playoff-wolfsburg-100.html,20240920022156,cdx,
https://www.zdf.de/nachrichten/sport/fussball-ballon-dor-messi-bonmati-100.html,20240919045955,cdx,
https://www.zdf.de/nachrichten/sport/fussball-barcelona-nazi-banner-flick-100.html,20240920170110,cdx,
https://www.zdf.de/nachrichten/sport/fussball-beier-borussia-dortmund-100.html,20240920132636,cdx,
https://www.zdf.de/nachrichten/sport/fussball-bolzplatz-fc-bayern-kane-tuchel-100.html,20240920003359,cdx,
https://www.zdf.de/nachrichten/sport/fussball-bolzplatz-premier-league-fc-chelsea-100.html,20240920022242,cdx,
https://www.zdf.de/nachrichten/sport/fussball-borussia-dortmund-mainz-05-bundesliga-100.html,20240920022840,cdx,
https://www.zdf.de/nachrichten/sport/fussball-borussia-moenchengladbach-christoph-kramer-hoert-auf-100.html,20240920092648,cdx,
https://www.zdf.de/nachrichten/sport/fussball-bundesliga-auftakt--bayer-leverkusen-borussia-moenchengladbach-100.html,20240919142026,cdx,
https://www.zdf.de/nachrichten/sport/fussball-bundesliga-fc-bayern-harry-kane-goldener-schuh-100.html,20240919011905,cdx,
https://www.zdf.de/nachrichten/sport/fussball-bundesliga-fc-bayern-muenchen-borussia-dortmund-100.html,20240919173056,cdx,
https://www.zdf.de/nachrichten/sport/fussball-bundesliga-hoffenheim-dortmund-spieltag-6-100.html,20240920014907,cdx,
https://www.zdf.de/nachrichten/sport/fussball-bundesliga-leipzig-eberl-entlassung-100.html,20240919163951,cdx,
https://www.zdf.de/nachrichten/sport/fussball-bundesliga-leverkusen-fc-bayern-spieltag-21-situation-werkself-100.html,20240919190118,cdx,
https://www.zdf.de/nachrichten/sport/fussball-bundesliga-rb-leipzig-rasen-greenkeeper-100.html,20240919054624,cdx,
https://www.zdf.de/nachrichten/sport/fussball-bundesliga-spieltag-19-fc-bayern-gewinnt-gegen-fc-augsburg-100.html,20240919204218,cdx,
https://www.zdf.de/nachrichten/sport/fussball-bundesliga-zweite-liga-vergleich-bolzplatz-100.html,20240919092429,cdx,
https://www.zdf.de/nachrichten/sport/fussball-champions-league-atletico-madrid-rb-leipzig-vorschau-100.html,20240920022228,cdx,
https://www.zdf.de/nachrichten/sport/fussball-champions-league-fc-bruegge-borussia-dortmund-guirassy-100.html,20240919014040,cdx,
https://www.zdf.de/nachrichten/sport/fussball-champions-league-newcastle-dortmund-100.html,20240919170446,cdx,
https://www.zdf.de/nachrichten/sport/fussball-champions-league-rotterdam-leverkusen-100.html,20240920022208,cdx,
https://www.zdf.de/nachrichten/sport/fussball-dfb-frauen-start-nations-league-wm-aus-100.html,20240919100941,cdx,
https://www.zdf.de/nachrichten/sport/fussball-dfb-pokal-1-runde-preussen-muenster-fc-bayen-muenchen-fcb-100.html,20240919173536,cdx,
https://www.zdf.de/nachrichten/sport/fussball-em-2024-grenzkontrollen-verhaftungen-100.html,20240919121449,cdx,
https://www.zdf.de/nachrichten/sport/fussball-em-2024-sportsoziologe-robert-gugutzer-sommermaerchen-100.html,20240919121755,cdx,
https://www.zdf.de/nachrichten/sport/fussball-europa-league-conference-league-auslosung-100.html,20240920192316,cdx,
https://www.zdf.de/nachrichten/sport/fussball-fc-bayern-vfl-wolfsburg-bundesliga-auftakt-100.html,20240919141118,cdx,
https://www.zdf.de/nachrichten/sport/fussball-fifa-verfahren-gegen-infantino-eingestellt-100.html,20240919170302,cdx,
https://www.zdf.de/nachrichten/sport/fussball-frauen-bundesliga-supercup-fc-bayern-muenchen-100.html,20240920201246,cdx,
https://www.zdf.de/nachrichten/sport/fussball-frauen-frauenfussball-bundesliga-rb-leipzig-wolfsburg-100.html,20240920231540,cdx,
https://www.zdf.de/nachrichten/sport/fussball-frauen-nationalmannschaft-ruecktritt-huth-100.html,20240919051823,cdx,
https://www.zdf.de/nachrichten/sport/fussball-frauen-nations-league-dfb-team-druck-island-100.html,20240919012703,cdx,
https://www.zdf.de/nachrichten/sport/fussball-israel-nations-league-ungarn-100.html,20240919065615,cdx,
https://www.zdf.de/nachrichten/sport/fussball-mats-hummels-wechsel-as-rom-100.html,20240919122829,cdx,
https://www.zdf.de/nachrichten/sport/fussball-multi-club-ownership-manchester-city-rb-leipzig-bayern-muenchen-bolzplatz-100.html,20240919211513,cdx,
https://www.zdf.de/nachrichten/sport/fussball-nationalmannschaft-dfb-kapitaen-kimmich-torwart-nr-1-ter-stegen-100.html,20240920214603,cdx,
https://www.zdf.de/nachrichten/sport/fussball-nationalmannschaft-dfb-voeller-neuer-kroos-mueller-guendogan-100.html,20240920113850,cdx,
https://www.zdf.de/nachrichten/sport/fussball-nationalmannschaft-neu-hierarchie-dfb-100.html,20240919140931,cdx,
https://www.zdf.de/nachrichten/sport/fussball-nations-league-deutschland-ungarn-dfb-100.html,20240920104100,cdx,
https://www.zdf.de/nachrichten/sport/fussball-nations-league-deutschland-ungarn-vorschau-100.html,20240919020241,cdx,
https://www.zdf.de/nachrichten/sport/fussball-nations-league-israel-italien-100.html,20240920164513,cdx,
https://www.zdf.de/nachrichten/sport/fussball-nations-league-niederlande-kroatien-halbfinale-100.html,20240919011023,cdx,
https://www.zdf.de/nachrichten/sport/fussball-nations-league-niederlande-nachwuchs-talente-100.html,20240919050651,cdx,
https://www.zdf.de/nachrichten/sport/fussball-nigerias-verband-brunno-labbadia-deal-an-steuerfrage-gescheitert-100.html,20240920112236,cdx,
https://www.zdf.de/nachrichten/sport/fussball-tuerkei-sueper-lig-schiedsrichter-angriff-spielbetrieb-100.html,20240920011042,cdx,
https://www.zdf.de/nachrichten/sport/fussball-vfl-wolfsburg-champions-league-frauen-100.html,20240919013726,cdx,
https://www.zdf.de/nachrichten/sport/fussball-zweite-liga-schalke-entlassung-reis-100.html,20240919174144,cdx,
https://www.zdf.de/nachrichten/sport/gala-sportler-des-jahres-2023-100.html,20240919172940,cdx,
https://www.zdf.de/nachrichten/sport/geschichte-fussball-em-1960-1964-100.html,20240919021551,cdx,
https://www.zdf.de/nachrichten/sport/harry-kane-em-qualifikation-england-italien-100.html,20240919183458,cdx,
https://www.zdf.de/nachrichten/sport/julian-schuster-bundesliga-einstand-trainer-sc-freiburg-100.html,20240920093812,cdx,
https://www.zdf.de/nachrichten/sport/katrin-mueller-hohenstein-250-sendung-das-aktuelle-sportstudio-100.html,20240919013908,cdx,
https://www.zdf.de/nachrichten/sport/lanz-paralympics-2024-paris-sportler-100.html,20240919071450,cdx,
https://www.zdf.de/nachrichten/sport/olympia-2024-abschlussfeier-ablauf-100.html,20240920095515,cdx,
https://www.zdf.de/nachrichten/sport/olympia-2024-handball-frauen-viertelfinale-frankreich-deutschland-100.html,20240920130950,cdx,
https://www.zdf.de/nachrichten/sport/olympia-2024-handball-maenner-viertelfinale-deutschland-frankreich-100.html,20240920014146,cdx,
https://www.zdf.de/nachrichten/sport/olympia-2024-hockey-maenner-halbfinale-deutschland-indien-100.html,20240920204241,cdx,
https://www.zdf.de/nachrichten/sport/olympia-2024-kajak-cross-hegge-bronze-100.html,20240920114144,cdx,
https://www.zdf.de/nachrichten/sport/olympia-2024-moderner-fuenflampf-reiten-zillekens-langrehr-100.html,20240919135321,cdx,
https://www.zdf.de/nachrichten/sport/olympia-2024-reiten-dressur-mannschaft-werth-bredow-werndl-100.html,20240920103723,cdx,
https://www.zdf.de/nachrichten/sport/olympia-2024-ringerin-indien-einspruch-cas-100.html,20240919145532,cdx,
https://www.zdf.de/nachrichten/sport/olympia-2024-schan-belenjuk-ukraine-ringen-100.html,20240920142614,cdx,
https://www.zdf.de/nachrichten/sport/olympia-2024-tischtennis-annett-kaufmann-mannschaft-frauen-100.html,20240920014437,cdx,
https://www.zdf.de/nachrichten/sport/olympia-2024-tischtennis-nordkorea-suedkorea-selfie-100.html,20240920234739,cdx,
https://www.zdf.de/nachrichten/sport/olympia-2024-tischtennis-timo-boll-abschied-100.html,20240920003157,cdx,
https://www.zdf.de/nachrichten/sport/olympia-2024-zehnkampf-erster-tag-neugebauer-100.html,20240919134950,cdx,
https://www.zdf.de/nachrichten/sport/olympia-programm-2028-boxen-fraglich-squash-flag-football-neu-100.html,20240920034653,cdx,
https://www.zdf.de/nachrichten/sport/paralympics-2024-bilanz-fazit-104.html,20240920110105,cdx,
https://www.zdf.de/nachrichten/sport/paralympics-2024-leichtathletik-weitsprung-markus-rehm-gold-100.html,20240919105748,cdx,
https://www.zdf.de/nachrichten/sport/paralympics-2024-paris-liveticker-124.html,20240919113533,cdx,
https://www.zdf.de/nachrichten/sport/paralympics-2024-sportangebot-fuer-behinderte-bei-bayer-leverkusen-100.html,20240919113533,cdx,
https://www.zdf.de/nachrichten/sport/paralympics-2024-vorschau-hoehepunkte-9-wettkampftag-100.html,20240920142320,cdx,
https://www.zdf.de/nachrichten/sport/paralympics-paris-2024-ein-jahr-davor-100.html,20240920131630,cdx,
https://www.zdf.de/nachrichten/sport/paralympics-rollstuhl-basketball-frauen-qualifikation-lisa-bergenthal-100.html,20240919174103,cdx,
https://www.zdf.de/nachrichten/sport/proteste-iran-sportler-karimi-100.html,20240920133126,cdx,
https://www.zdf.de/nachrichten/sport/radsport-cyclassics-stuerze-verletzte-100.html,20240919095008,cdx,
https://www.zdf.de/nachrichten/sport/radsport-deutschland-tour-mads-pedersen-100.html,20240920200555,cdx,
https://www.zdf.de/nachrichten/sport/radsport-rolf-wolfshohl-verstorben-100.html,20240920022218,cdx,
https://www.zdf.de/nachrichten/sport/radsport-wm-glasgow-teamzeitfahren-mixed-deutschland-bronze-100.html,20240919022021,cdx,
https://www.zdf.de/nachrichten/sport/real-madrid-vfb-stuttgart-fussball-champions-league-1-spieltag-100.html,20240919011905,cdx,
https://www.zdf.de/nachrichten/sport/rodel-nachwuchs-training-winterberg-breitensport-100.html,20240919165501,cdx,
https://www.zdf.de/nachrichten/sport/schillaci-tod-wm-held-italien-fussball-100.html,20240919014317,cdx,
https://www.zdf.de/nachrichten/sport/snopp-dogg-100.html,20240919152149,cdx,
https://www.zdf.de/nachrichten/sport/ssv-ulm-fc-bayern-muenchen-fussball-dfb-pokal-erste-runde-2024-25-100.html,20240919153834,cdx,
https://www.zdf.de/nachrichten/sport/tennis-australian-open-zverev-norrie-100.html,20240919073637,cdx,
https://www.zdf.de/nachrichten/sport/tennis-french-open-paris-finale-alcaraz-zverev-100.html,20240920133127,cdx,
https://www.zdf.de/nachrichten/sport/tennis-maenner-atp-halle-finals-100.html,20240920133130,cdx,
https://www.zdf.de/nachrichten/sport/tennis-siegemund-marathon-match-100.html,20240919013131,cdx,
https://www.zdf.de/nachrichten/sport/tennis-us-open-alexander-zverev-100.html,20240920211327,cdx,
https://www.zdf.de/nachrichten/sport/tennis-us-open-finale-maenner-sinner-fritz-100.html,20240919050830,cdx,
https://www.zdf.de/nachrichten/sport/tennis-wimbledon-alcaraz-finale-100.html,20240920133125,cdx,
https://www.zdf.de/nachrichten/sport/tennis-wimbledon-zverev-fritz-achtelfinale-100.html,20240920133128,cdx,
https://www.zdf.de/nachrichten/sport/tennis-wimbledon-zverev-kerber-104.html,20240920133130,cdx,
https://www.zdf.de/nachrichten/sport/tennis-zverev-wimbledon-olympia-teilnahme-100.html,20240920133127,cdx,
https://www.zdf.de/nachrichten/sport/tischtennis-team-em-frauen-maenner-100.html,20240919180225,cdx,
https://www.zdf.de/nachrichten/sport/vfb-stuttgart-borussia-dortmund-fussball-bundesliga-deniz-undav-100.html,20240920003843,cdx,
https://www.zdf.de/nachrichten/sport/vfl-bochum-1-fc-koeln-fussball-bundesliga-100.html,20240919185344,cdx,
https://www.zdf.de/nachrichten/sport/wintersport-biathlon-auf-schalke-100.html,20240919053335,cdx,
https://www.zdf.de/nachrichten/sport/wintersport-biathlon-ruhpolding-frauenstaffel-100.html,20240920051325,cdx,
https://www.zdf.de/nachrichten/sport/wintersport-ski-alpin-auftakt-saison-fragen-antworten-neuerungen-favoriten-100.html,20240919122547,cdx,
https://www.zdf.de/nachrichten/sport/zdf-sportstudio-whatsapp-kanal-news-dokus-highlights-faq-100.html,20240920014128,cdx,
https://www.zdf.de/nachrichten/thema/11-september-9-11-100.html,20240919184239,cdx,
https://www.zdf.de/nachrichten/thema/alice-weidel-162.html,20240919114308,cdx,
https://www.zdf.de/nachrichten/thema/australien-184.html,20240919015516,cdx,
https://www.zdf.de/nachrichten/thema/bildung-studium-ausbildung-100.html,20240919124220,cdx,
https://www.zdf.de/nachrichten/thema/buendnis-sahra-wagenknecht-104.html,20240919020816,cdx,
https://www.zdf.de/nachrichten/thema/bundespraesident-110.html,20240919125722,cdx,
https://www.zdf.de/nachrichten/thema/bundesrat-162.html,20240919121016,cdx,
https://www.zdf.de/nachrichten/thema/bundestagswahl-120.html,20240919120829,cdx,
https://www.zdf.de/nachrichten/thema/bundesverfassungsgericht-196.html,20240919102237,cdx,
https://www.zdf.de/nachrichten/thema/cdu-152.html,20240919020800,cdx,
https://www.zdf.de/nachrichten/thema/ddr-118.html,20240919120943,cdx,
https://www.zdf.de/nachrichten/thema/deutsche-bank-174.html,20240919120447,cdx,
https://www.zdf.de/nachrichten/thema/diabetes-128.html,20240920222434,cdx,
https://www.zdf.de/nachrichten/thema/die-linke-122.html,20240919222312,cdx,
https://www.zdf.de/nachrichten/thema/dietmar-woidke-126.html,20240919222315,cdx,
https://www.zdf.de/nachrichten/thema/elon-musk-146.html,20240919083515,cdx,
https://www.zdf.de/nachrichten/thema/europaeisches-parlament-118.html,20240919114103,cdx,
https://www.zdf.de/nachrichten/thema/fdp-126.html,20240920023639,cdx,
https://www.zdf.de/nachrichten/thema/freie-waehler-104.html,20240919130304,cdx,
https://www.zdf.de/nachrichten/thema/gaza-172.html,20240919114847,cdx,
https://www.zdf.de/nachrichten/thema/giorgia-meloni-140.html,20240919125919,cdx,
https://www.zdf.de/nachrichten/thema/gruene-154.html,20240919222317,cdx,
https://www.zdf.de/nachrichten/thema/hamburg-news-100.html,20240920230503,cdx,
https://www.zdf.de/nachrichten/thema/hochwasser-in-deutschland-116.html,20240920170257,cdx,
https://www.zdf.de/nachrichten/thema/holocaust-122.html,20240919114949,cdx,
https://www.zdf.de/nachrichten/thema/jemen-170.html,20240919120541,cdx,
https://www.zdf.de/nachrichten/thema/landtagswahl-sachsen-106.html,20240919113533,cdx,
https://www.zdf.de/nachrichten/thema/landtagswahl-thueringen-116.html,20240919020810,cdx,
https://www.zdf.de/nachrichten/thema/letzte-generation-106.html,20240919114429,cdx,
https://www.zdf.de/nachrichten/thema/linksextremismus-110.html,20240919031908,cdx,
https://www.zdf.de/nachrichten/thema/marco-buschmann-132.html,20240919121016,cdx,
https://www.zdf.de/nachrichten/thema/nato-160.html,20240919122425,cdx,
https://www.zdf.de/nachrichten/thema/nord-stream-2-142.html,20240920015605,cdx,
https://www.zdf.de/nachrichten/thema/ricarda-lang-130.html,20240919122634,cdx,
https://www.zdf.de/nachrichten/thema/rishi-sunak-116.html,20240919115132,cdx,
https://www.zdf.de/nachrichten/thema/schuldenbremse-114.html,20240919054058,cdx,
https://www.zdf.de/nachrichten/thema/schule-lehrer-bildung-100.html,20240919120308,cdx,
https://www.zdf.de/nachrichten/thema/sudan-130.html,20240919175313,cdx,
https://www.zdf.de/nachrichten/thema/terrax-wissen-kolumne-100.html,20240919113558,cdx,
https://www.zdf.de/nachrichten/thema/thyssenkrupp-114.html,20240919120447,cdx,
https://www.zdf.de/nachrichten/thema/tim-walz-114.html,20240920220924,cdx,
https://www.zdf.de/nachrichten/thema/tino-chrupalla-160.html,20240919123307,cdx,
https://www.zdf.de/nachrichten/thema/urlaub-148.html,20240919165223,cdx,
https://www.zdf.de/nachrichten/thema/verkehrswende-100.html,20240920233259,cdx,
https://www.zdf.de/nachrichten/thema/volker-wissing-146.html,20240919122246,cdx,
https://www.zdf.de/nachrichten/thema/vw-volkswagen-100.html,20240920114055,cdx,
https://www.zdf.de/nachrichten/thema/wiedervereinigung-deutsche-einheit-100.html,20240919123124,cdx,
https://www.zdf.de/nachrichten/thema/zdf-investigativ-100.html,20240920015609,cdx,
https://www.zdf.de/nachrichten/thema/zweiter-weltkrieg-106.html,20240919114527,cdx,
https://www.zdf.de/nachrichten/video/grafikvideo-treibhausgase-klimawandel-100.html,20240919220519,cdx,
https://www.zdf.de/nachrichten/video/hiv-medikament-prep-reportage-100.html,20240919054745,cdx,
https://www.zdf.de/nachrichten/video/lanz-hofreiter-soeder-sicherheit-100.html,20240920123338,cdx,
https://www.zdf.de/nachrichten/video/lanz-topf-sport-inklusion-100.html,20240919224027,cdx,
https://www.zdf.de/nachrichten/video/panorama-hiphop-ueber-den-atlantik-100.html,20240919171623,cdx,
https://www.zdf.de/nachrichten/video/panorama-lehrer-ukraine-krieg-kiew-100.html,20240919223005,cdx,
https://www.zdf.de/nachrichten/video/panorama-promillefahrer-in-china-100.html,20240919021538,cdx,
https://www.zdf.de/nachrichten/video/politik-antisemitismus-judenhass-deutschland-100.html,20240919083617,cdx,
https://www.zdf.de/nachrichten/video/politik-energiekrieg-ukraine-stromausfaelle-100.html,20240919110951,cdx,
https://www.zdf.de/nachrichten/video/politik-gedicht-gruenen-abgeordneter-bundestag-afd-100.html,20240919005246,cdx,
https://www.zdf.de/nachrichten/video/politik-illner-kuehnert-ukaine-rueckgewinnung-gebiete-frieden-video-100.html,20240920150234,cdx,
https://www.zdf.de/nachrichten/video/politik-illner-roth-macron-frankreich-102.html,20240920150146,cdx,
https://www.zdf.de/nachrichten/video/politik-inside-russia-100.html,20240919184218,cdx,
https://www.zdf.de/nachrichten/video/politik-lanz-einbuergerung-czaja-100.html,20240919175929,cdx,
https://www.zdf.de/nachrichten/video/politik-lanz-wagenknecht-bsw-cdu-thueringen-100.html,20240919125025,cdx,
https://www.zdf.de/nachrichten/video/politik-soeder-kritik-gruene-lanz-100.html,20240920145159,cdx,
https://www.zdf.de/nachrichten/video/politik-ukraine-krieg-selenskyj-aussichten-zukunft-100.html,20240919122725,cdx,
https://www.zdf.de/nachrichten/video/polizeigewalt-memphis-tyre-nichols-100.html,20240920164423,cdx,
https://www.zdf.de/nachrichten/video/sarah-tacke-aufsager-doxing-video-100.html,20240920132204,cdx,
https://www.zdf.de/nachrichten/video/scholz-bundestag-sondersitzung-statement-ukraine-100.html,20240919002129,cdx,
https://www.zdf.de/nachrichten/video/usa-wahl-trump-project-2025-heritage-foundation-faktencheck-backgroundcheck-100.html,20240919050948,cdx,
https://www.zdf.de/nachrichten/video/weber-lanz-brandmauer-video-100.html,20240919125025,cdx,
https://www.zdf.de/nachrichten/wirtschaft/abwanderung-startup-deutschland-100.html,20240919123124,cdx,
https://www.zdf.de/nachrichten/wirtschaft/afd-wirtschaft-ostdeutschland-wahlen-iw-huether-100.html,20240919130404,cdx,
https://www.zdf.de/nachrichten/wirtschaft/ausbildung-duales-system-berufe-100.html,20240920195259,cdx,
https://www.zdf.de/nachrichten/wirtschaft/babyboomer-arbeiten-rente-ruhestand-100.html,20240920134812,cdx,
https://www.zdf.de/nachrichten/wirtschaft/bahn-gdl-einigung-tarifstreit-100.html,20240920233259,cdx,
https://www.zdf.de/nachrichten/wirtschaft/bankenbeben-zinspolitik-inflation-100.html,20240920202213,cdx,
https://www.zdf.de/nachrichten/wirtschaft/bankensystem-stabilitaet-finanzen-100.html,20240919100007,cdx,
https://www.zdf.de/nachrichten/wirtschaft/bruttoinlandsprodukt-bip-rezession-100.html,20240919215809,cdx,
https://www.zdf.de/nachrichten/wirtschaft/dax-rekord-folgen-100.html,20240920171832,cdx,
https://www.zdf.de/nachrichten/wirtschaft/dax-rekord-leitzinsen-100.html,20240919124347,cdx,
https://www.zdf.de/nachrichten/wirtschaft/deutsche-bahn-arriva-tochterunternehmen-verkauf-100.html,20240919041934,cdx,
https://www.zdf.de/nachrichten/wirtschaft/deutsche-bank-postbank-klage-vergleich-100.html,20240920102028,cdx,
https://www.zdf.de/nachrichten/wirtschaft/e-auto-krise-automobilbranche-kaufpraemie-co2-grenzwerte-100.html,20240920160039,cdx,
https://www.zdf.de/nachrichten/wirtschaft/fachkraeftemangel-jobs-arbeit-stille-reserve-100.html,20240919124838,cdx,
https://www.zdf.de/nachrichten/wirtschaft/fed-us-leitzins-senkung-100.html,20240919000437,cdx,
https://www.zdf.de/nachrichten/wirtschaft/fussball-em-nachhaltigkeit-erste-bilanz-100.html,20240919121755,cdx,
https://www.zdf.de/nachrichten/wirtschaft/gaming-branche-krise-umsaetze-umbruch-100.html,20240920131403,cdx,
https://www.zdf.de/nachrichten/wirtschaft/immobilien-markt-haus-wohnung-teurer-ifw-100.html,20240920140125,cdx,
https://www.zdf.de/nachrichten/wirtschaft/inflation-ladendiebstahl-deutschland-100.html,20240919111542,cdx,
https://www.zdf.de/nachrichten/wirtschaft/intel-chipfabrik-magdeburg-subventionen-ampel-streit-100.html,20240919013954,cdx,
https://www.zdf.de/nachrichten/wirtschaft/klimaanlagen-waermepumpen-hitze-erderwaermung-treibhausgas-100.html,20240920143729,cdx,
https://www.zdf.de/nachrichten/wirtschaft/kuenstliche-intelligenz-wirtschaft-klarna-arbeitsplaetze-kundenservice-100.html,20240919064551,cdx,
https://www.zdf.de/nachrichten/wirtschaft/lebkuchen-verkauf-gestartet-august-frueh-100.html,20240920114502,cdx,
https://www.zdf.de/nachrichten/wirtschaft/mehrheit-weihnachtsgeld-beschaeftigte-tarifvertrag-statistik-100.html,20240919032436,cdx,
https://www.zdf.de/nachrichten/wirtschaft/netflix-streaming-nutzer-boerse-100.html,20240919183034,cdx,
https://www.zdf.de/nachrichten/wirtschaft/politik-neuwahlen-warnung-100.html,20240920004920,cdx,
https://www.zdf.de/nachrichten/wirtschaft/rheinmetall-lieferung-ukraine-krieg-russland-100.html,20240919115407,cdx,
https://www.zdf.de/nachrichten/wirtschaft/schuldenbremse-finanzen-haushalt-historiker-100.html,20240919122123,cdx,
https://www.zdf.de/nachrichten/wirtschaft/schuldenbremse-haushalt-einigung-reformen-100.html,20240919122301,cdx,
https://www.zdf.de/nachrichten/wirtschaft/solar-landwirtschaft-rinderzucht-100.html,20240920211657,cdx,
https://www.zdf.de/nachrichten/wirtschaft/streik-oepnv-verdi-fridays-for-future-100.html,20240919114658,cdx,
https://www.zdf.de/nachrichten/wirtschaft/strukturwandelkonferenz-kohle-entwicklung-lausitz-100.html,20240919123124,cdx,
https://www.zdf.de/nachrichten/wirtschaft/superreiche-vermoegen-deutschland-100.html,20240920143243,cdx,
https://www.zdf.de/nachrichten/wirtschaft/unternehmen/apple-eu-kommission-urteil-milliarden-zahlung-100.html,20240920173201,cdx,
https://www.zdf.de/nachrichten/wirtschaft/unternehmen/apple-iphone-16-kuenstliche-intelligenz-knopf-100.html,20240920170353,cdx,
https://www.zdf.de/nachrichten/wirtschaft/unternehmen/auto-industrie-krise-mercedes-china-100.html,20240920180116,cdx,
https://www.zdf.de/nachrichten/wirtschaft/unternehmen/axel-springer-konzern-spaltung-100.html,20240920022222,cdx,
https://www.zdf.de/nachrichten/wirtschaft/unternehmen/bahn-sanierung-aufsichtsrat-wissing-100.html,20240919014132,cdx,
https://www.zdf.de/nachrichten/wirtschaft/unternehmen/banken-commerzbank-unicredit-uebernahme-100.html,20240920022301,cdx,
https://www.zdf.de/nachrichten/wirtschaft/unternehmen/basf-uiguren-xinjiang-china-100.html,20240920234227,cdx,
https://www.zdf.de/nachrichten/wirtschaft/unternehmen/biontech-ruanda-impfstoff-mrna-100.html,20240919050404,cdx,
https://www.zdf.de/nachrichten/wirtschaft/unternehmen/bmw-kritik-bundesregierung-eu-100.html,20240919104705,cdx,
https://www.zdf.de/nachrichten/wirtschaft/unternehmen/chatgpt-openai-200-millionen-nutzer-chatbot-kuenstliche-intelligenz-100.html,20240920192903,cdx,
https://www.zdf.de/nachrichten/wirtschaft/unternehmen/deutsche-bahn-streik-gdl-evg-gewerkschaft-konkurrenz-100.html,20240919021437,cdx,
https://www.zdf.de/nachrichten/wirtschaft/unternehmen/deutsche-bahn-verlust-milliarden-2024-100.html,20240920233259,cdx,
https://www.zdf.de/nachrichten/wirtschaft/unternehmen/deutsche-post-filialen-land-mangel-100.html,20240919055703,cdx,
https://www.zdf.de/nachrichten/wirtschaft/unternehmen/esprit-schliesst-filialen-deutschland-100.html,20240920132837,cdx,
https://www.zdf.de/nachrichten/wirtschaft/unternehmen/games-videospiele-branche-deutschland-gothic-100.html,20240920141352,cdx,
https://www.zdf.de/nachrichten/wirtschaft/unternehmen/google-eu-gericht-kassiert-kartellstrafe-werbung-100.html,20240919013126,cdx,
https://www.zdf.de/nachrichten/wirtschaft/unternehmen/insolvenzen-unternehmen-inflation-konsumflaute-deutschland-100.html,20240919222612,cdx,
https://www.zdf.de/nachrichten/wirtschaft/unternehmen/intel-chip-fabrik-magdeburg-haseloff-100.html,20240919013908,cdx,
https://www.zdf.de/nachrichten/wirtschaft/unternehmen/microsoft-milliarden-euro-ki-deutschland-100.html,20240919141235,cdx,
https://www.zdf.de/nachrichten/wirtschaft/unternehmen/subventionen-spatenstich-chiphersteller-tcms-100.html,20240919145207,cdx,
https://www.zdf.de/nachrichten/wirtschaft/unternehmen/tupperware-insolvenz-100.html,20240919014134,cdx,
https://www.zdf.de/nachrichten/wirtschaft/unternehmen/unternehmer-wuerth-afd-rechtsruck-europa-100.html,20240919120447,cdx,
https://www.zdf.de/nachrichten/wirtschaft/unternehmen/unverpackt-plastikvervpackung-umfrage-100.html,20240920013919,cdx,
https://www.zdf.de/nachrichten/wirtschaft/unternehmen/varta-sanierung-porsche-100.html,20240919141553,cdx,
https://www.zdf.de/nachrichten/wirtschaft/unternehmen/volkswagen-tarifvertrag-kuendigung-mitarbeiter-100.html,20240920173440,cdx,
https://www.zdf.de/nachrichten/wirtschaft/unternehmen/vw-china-uiguren-menschenrechte-pruefung-werk-ueruemqi-100.html,20240919144748,cdx,
https://www.zdf.de/nachrichten/wirtschaft/unternehmen/vw-xinjiang-china-menschenrechte-uiguren-kritik-msci-100.html,20240920134712,cdx,
https://www.zdf.de/nachrichten/wirtschaft/usa-hochgeschwindigkeitszug-biden-regierung-100.html,20240919012042,cdx,
https://www.zdf.de/nachrichten/wirtschaft/wirtschaft-geschrumpft-bip-zweites-quartal-konsum-verbraucher-100.html,20240920212407,cdx,
https://www.zdf.de/nachrichten/wirtschaft/wirtschaft-reaktionen-sachsen-wahl-thueringen-landtagswahl-100.html,20240919124950,cdx,
https://www.zdf.de/nachrichten/wirtschaft/wirtschaft-wachstum-prognose-ifo-institut-100.html,20240920093910,cdx,
https://www.zdf.de/nachrichten/wirtschaft/zinssenkung-fed-auswirkungen-ausblick-100.html,20240919114406,cdx,
https://www.zdf.de/nachrichten/wissen/ahrtal-natur-forschung-100.html,20240920144652,cdx,
https://www.zdf.de/nachrichten/wissen/akw-grafenrheinfeld-rueckbau-sprengung-kuehltuerme-kernenergie-100.html,20240920222439,cdx,
https://www.zdf.de/nachrichten/wissen/atmung-gesundheit-terrax-eric-mayer-kolumne-100.html,20240919141810,cdx,
https://www.zdf.de/nachrichten/wissen/audio-kuenstliche-intelligenz-deep-fakes-100.html,20240919211055,cdx,
https://www.zdf.de/nachrichten/wissen/bildung-schule-terrax-andreas-schleicher-kolumne-100.html,20240919113558,cdx,
https://www.zdf.de/nachrichten/wissen/duerre-veraenderung-klimazonen-niederschlag-wassermangel-100.html,20240920014646,cdx,
https://www.zdf.de/nachrichten/wissen/fake-news-desinformation-terrax-christian-scharun-kolumne-100.html,20240919130554,cdx,
https://www.zdf.de/nachrichten/wissen/gefahr-gletscher-schmelze-weltweit-alpen-100.html,20240919000221,cdx,
https://www.zdf.de/nachrichten/wissen/gehirn-forschung-parkinson-alzheimer-100.html,20240920051019,cdx,
https://www.zdf.de/nachrichten/wissen/grippe-erkaeltung-daten-100.html,20240919182315,cdx,
https://www.zdf.de/nachrichten/wissen/klima-korallen-sterben-hitze-100.html,20240919044708,cdx,
https://www.zdf.de/nachrichten/wissen/linkshaender-tag-tiere-linkspfoter-100.html,20240919133309,cdx,
https://www.zdf.de/nachrichten/wissen/meer-temperatur-hurrikan-klimawandel-100.html,20240920213050,cdx,
https://www.zdf.de/nachrichten/wissen/mpox-schweden-gefahr-pandemie-experte-specht-100.html,20240920145702,cdx,
https://www.zdf.de/nachrichten/wissen/populismus-kontrolle-terrax-eric-mayer-kolumne-100.html,20240919130432,cdx,
https://www.zdf.de/nachrichten/wissen/raumfahrt-jupitersonde-juice-mond-erde-100.html,20240920114358,cdx,
https://www.zdf.de/nachrichten/wissen/schule-digitalisierung-lernen-lesen-100.html,20240919191440,cdx,
https://www.zdf.de/nachrichten/wissen/schule-traum-psychologie-ursachen-100.html,20240920131623,cdx,
https://www.zdf.de/nachrichten/wissen/urlaub-frankreich-norden-klima-100.html,20240920004206,cdx,
https://www.zdf.de/nachrichten/zdfspezial/aufruf-des-bundespraesidenten-zur-woche-der-welthungerhilfe-clip-7-112.html,20240919175726,cdx,
https://www.zdf.de/nachrichten/zdfspezial/aufruf-des-bundespraesidenten-zur-woche-der-welthungerhilfe-clip-9-112.html,20240920014938,cdx,
https://www.zdf.de/nachrichten/zdfspezial/zdf-spezial---feuer-im-ferienparadies---grossbrand-auf-rhodos-clip-10-100.html,20240919053751,cdx,
https://www.zdf.de/nachrichten/zdfspezial/zdf-spezial---kampf-gegen-corona--krisentreffen-in-berlin-clip-4-100.html,20240920194712,cdx,
https://www.zdf.de/nachrichten/zdfspezial/zdf-spezial---nach-solingen---welche-forderungen-lassen-sich-umsetzen-clip-5-100.html,20240919132137,cdx,
https://www.zdf.de/nachrichten/zdfspezial/zdf-spezial-zu-den-landtagswahlen-in-sachsen-und-thueringen-100.html,20240919122928,cdx,
https://www.zdf.de/nachrichten/briefing/aerzte-zinswende-volkswagen-zdfheute-update-100.html,20240921032835,cdx,
https://www.zdf.de/nachrichten/briefing/china-welthungerhilfe-maurer-zdfheute-update-100.html,20240921043439,cdx,
https://www.zdf.de/nachrichten/briefing/good-news-oktoberfest-alkoholfrei-zdfheute-update-100.html,20240921075712,cdx,
https://www.zdf.de/nachrichten/briefing/libanon-e-autos-fridays-ukraine-wiesn-zdfheute-update-100.html,20240922203654,cdx,
https://www.zdf.de/nachrichten/briefing/nahost-biden-harris-tsmc-zdfheute-update-100.html,20240921235503,cdx,
https://www.zdf.de/nachrichten/drehscheibe/aufforstung-erzgebirge-weisstannen-ernte-100.html,20240921094112,cdx,
https://www.zdf.de/nachrichten/drehscheibe/drehscheibe-vom-11-oktober-2023-100.html,20240921094112,cdx,
https://www.zdf.de/nachrichten/drehscheibe/drehscheibe-vom-21-september-2023-100.html,20240921093856,cdx,
https://www.zdf.de/nachrichten/drehscheibe/drehscheibe-vom-4-oktober-2023-100.html,20240921094005,cdx,
https://www.zdf.de/nachrichten/drehscheibe/graefenauschule-grundschule-bildung-erstklaessler-100.html,20240921094112,cdx,
https://www.zdf.de/nachrichten/drehscheibe/hausbrand-hilfsbereitschaft-brandopfer-hoffnung-104.html,20240921094005,cdx,
https://www.zdf.de/nachrichten/drehscheibe/lehrerin-marie-punkmuserikerin-poledancerin-100.html,20240921094112,cdx,
https://www.zdf.de/nachrichten/drehscheibe/meermann-mermaiding-schwimmen-wasser-100.html,20240921093856,cdx,
https://www.zdf.de/nachrichten/drehscheibe/mythen-bier-getraenk-100.html,20240922101807,cdx,
https://www.zdf.de/nachrichten/drehscheibe/superrecognizer-polizei-stuttgart-100.html,20240921093856,cdx,
https://www.zdf.de/nachrichten/drehscheibe/wiesn-oktoberfest-bio-nachhaltigkeit-100.html,20240921093856,cdx,
https://www.zdf.de/nachrichten/drehscheibe/wildwechsel-herbstzeit-verkehrsunfaelle-100.html,20240921094112,cdx,
https://www.zdf.de/nachrichten/panorama/alkohol-sucht-studie-deutschland-barmer-100.html,20240921130605,cdx,
https://www.zdf.de/nachrichten/panorama/berliner-zoo-panda-babys-zwillinge-100.html,20240921050743,cdx,
https://www.zdf.de/nachrichten/panorama/deutscher-wetterdienst-glatteis-gefahr-100.html,20240921023049,cdx,
https://www.zdf.de/nachrichten/panorama/diskriminierung-sexismus-wasen-wiesn-100.html,20240922224441,cdx,
https://www.zdf.de/nachrichten/panorama/elefant-mali-tod-philippinen-100.html,20240921193016,cdx,
https://www.zdf.de/nachrichten/panorama/frachter-ostsee-ruby-explosiv-ladung-havarie-100.html,20240921090635,cdx,
https://www.zdf.de/nachrichten/panorama/herrnhut-unesco-sachsen-kulturerbe-welterbe-100.html,20240921151213,cdx,
https://www.zdf.de/nachrichten/panorama/holocaust-gedenktag-erinnerung-gedenkstaette-100.html,20240921220804,cdx,
https://www.zdf.de/nachrichten/panorama/hpv-impfung-rueckgang-gebaermutterhalskrebs-100.html,20240922000918,cdx,
https://www.zdf.de/nachrichten/panorama/ki-chip-implantat-gesundheit-tracking-100.html,20240921162030,cdx,
https://www.zdf.de/nachrichten/panorama/klima-peru-lima-wassermangel-trocken-100.html,20240921215608,cdx,
https://www.zdf.de/nachrichten/panorama/kriminalitaet/autorennen-kinder-tot-hannover-urteil-haft-100.html,20240921160553,cdx,
https://www.zdf.de/nachrichten/panorama/kriminalitaet/flucht-straftaeter-massregelvollzug-niederbayern-100.html,20240922015738,cdx,
https://www.zdf.de/nachrichten/panorama/kriminalitaet/hamburg-flughafen-gesperrt-100.html,20240921043500,cdx,
https://www.zdf.de/nachrichten/panorama/kriminalitaet/mocro-mafia-cannabis-niederlande-deutschland-100.html,20240921123522,cdx,
https://www.zdf.de/nachrichten/panorama/kriminalitaet/prozess-angriff-zdf-team-berlin-corona-demo-heute-show-100.html,20240921192732,cdx,
https://www.zdf.de/nachrichten/panorama/kriminalitaet/rostock-fluechtlingsunterkunft-toter-100.html,20240921151222,cdx,
https://www.zdf.de/nachrichten/panorama/kriminalitaet/sozialkaufhaus-diebstahl-spende-100.html,20240922011043,cdx,
https://www.zdf.de/nachrichten/panorama/kunst-dresden-diebstahl-juwelen-gruenes-gewoelbe-100.html,20240921151218,cdx,
https://www.zdf.de/nachrichten/panorama/letzte-generation-brenner-autobahn-100.html,20240921043103,cdx,
https://www.zdf.de/nachrichten/panorama/london-somerset-house-feuer-100.html,20240922015717,cdx,
https://www.zdf.de/nachrichten/panorama/oktoberfest-bier-einsaetze-sanitaeter-100.html,20240922155238,cdx,
https://www.zdf.de/nachrichten/panorama/prominente/demi-moore-the-substance-100.html,20240922021113,cdx,
https://www.zdf.de/nachrichten/panorama/prominente/juergen-klopp-bundesverdienstorden-100.html,20240921022141,cdx,
https://www.zdf.de/nachrichten/panorama/quad-gruppe-sorge-suedchinesisches-meer-100.html,20240922161114,cdx,
https://www.zdf.de/nachrichten/panorama/schlaegerei-tuerkei-parlament-100.html,20240921152501,cdx,
https://www.zdf.de/nachrichten/panorama/schwuler-pinguin-sphen-australien-tod-100.html,20240922011117,cdx,
https://www.zdf.de/nachrichten/panorama/stechmuecken-schluepfen-saison-start-100.html,20240921044047,cdx,
https://www.zdf.de/nachrichten/panorama/tonnenweise-tote-fische-geborgen-100.html,20240921031206,cdx,
https://www.zdf.de/nachrichten/panorama/unwetter-ueberschwemmungen-italien-meloni-100.html,20240921085742,cdx,
https://www.zdf.de/nachrichten/panorama/urlaub-ferien-ende-schule-krank-schwaenzen-strafe-bussgeld-100.html,20240921023639,cdx,
https://www.zdf.de/nachrichten/panorama/wetter-wochenende-sonne-herbst-regen-100.html,20240921120650,cdx,
https://www.zdf.de/nachrichten/panorama/wiesn-oktoberfest-muenchen-bier-sicherheit-100.html,20240921023929,cdx,
https://www.zdf.de/nachrichten/politik/afghanistan-einsatz-abzug-bundeswehr-veteran-erfahrungen-100.html,20240921070312,cdx,
https://www.zdf.de/nachrichten/politik/ausland/abtreibung-frau-tot-georgia-harris-trump-usa-wahl-100.html,20240922105258,cdx,
https://www.zdf.de/nachrichten/politik/ausland/akw-saporischschja-lage-bedrohlich-ukraine-krieg-russland-100.html,20240922062903,cdx,
https://www.zdf.de/nachrichten/politik/ausland/amini-iran-sacharow-menschenrechtspreis-eu-parlament-100.html,20240921225508,cdx,
https://www.zdf.de/nachrichten/politik/ausland/baltikum-sowjetunion-baltischer-weg-100.html,20240922225132,cdx,
https://www.zdf.de/nachrichten/politik/ausland/bauern-protest-bruessel-eskaliert-agrarminister-100.html,20240921104101,cdx,
https://www.zdf.de/nachrichten/politik/ausland/biden-rede-demokraten-parteitag-abschied-harris-usa-wahl-100.html,20240922210138,cdx,
https://www.zdf.de/nachrichten/politik/ausland/demokraten-harris-parteitag-chicago-faq-usa-wahl-100.html,20240922201541,cdx,
https://www.zdf.de/nachrichten/politik/ausland/einsatz-ende-militaer-sueden-gaza-israel-100.html,20240921201453,cdx,
https://www.zdf.de/nachrichten/politik/ausland/eu-wahl-kommission-plattformen-desinformation-massnahmen-100.html,20240921184133,cdx,
https://www.zdf.de/nachrichten/politik/ausland/frankreich-neue-regierung-steht-100.html,20240921202657,cdx,
https://www.zdf.de/nachrichten/politik/ausland/georgia-wahlkommission-hand-auszaehlen-usa-wahl-100.html,20240921130034,cdx,
https://www.zdf.de/nachrichten/politik/ausland/grenzkontrolle-grenzuebergang-polen-deutschland-bundespolizei-100.html,20240921021619,cdx,
https://www.zdf.de/nachrichten/politik/ausland/grossbritannien-luftabwehr-raketen-ukraine-krieg-russland-100.html,20240921235028,cdx,
https://www.zdf.de/nachrichten/politik/ausland/habeck-china-besuch-wirtschaft-100.html,20240922114948,cdx,
https://www.zdf.de/nachrichten/politik/ausland/habeck-probleme-loesung-rede-usa-100.html,20240922114948,cdx,
https://www.zdf.de/nachrichten/politik/ausland/hamas-verhandlung-waffenruhe-israel-100.html,20240922045813,cdx,
https://www.zdf.de/nachrichten/politik/ausland/holocaust-ueberlebender-antisemitismus-lanz-israel-100.html,20240921043453,cdx,
https://www.zdf.de/nachrichten/politik/ausland/interview-ilja-jaschin-100.html,20240922065759,cdx,
https://www.zdf.de/nachrichten/politik/ausland/israel-hamas-videomaterial-botschaften-100.html,20240921025857,cdx,
https://www.zdf.de/nachrichten/politik/ausland/israel-hisbollah-libanon-nahost-experte-100.html,20240921002640,cdx,
https://www.zdf.de/nachrichten/politik/ausland/italien-lgbtqia-meloni-100.html,20240921104803,cdx,
https://www.zdf.de/nachrichten/politik/ausland/kamala-harris-inflation-steuern-miete-usa-wahl-100.html,20240922033243,cdx,
https://www.zdf.de/nachrichten/politik/ausland/kamala-harris-online-voting-kandidatur-demokraten-usa-wahl-100.html,20240921125842,cdx,
https://www.zdf.de/nachrichten/politik/ausland/kamala-harris-usa-wahl-interview-biografin-100.html,20240921083902,cdx,
https://www.zdf.de/nachrichten/politik/ausland/kiew-von-der-leyen-selenskyj-winter-hilfe-eu-ukraine-100.html,20240921021821,cdx,
https://www.zdf.de/nachrichten/politik/ausland/klimakonferenz-cop28-beschluesse-halbzeit-100.html,20240921041253,cdx,
https://www.zdf.de/nachrichten/politik/ausland/lieferkettengesetz-eu-bruessel-100.html,20240921120343,cdx,
https://www.zdf.de/nachrichten/politik/ausland/liveblog-eskalation-nahost-israel-100.html,20240922161114,cdx,
https://www.zdf.de/nachrichten/politik/ausland/london-kursk-angriff-munitionsdepot-ukraine-krieg-russland-100.html,20240921130439,cdx,
https://www.zdf.de/nachrichten/politik/ausland/lukaschenko-wahljubilaeum-putin-belarus-100.html,20240921194838,cdx,
https://www.zdf.de/nachrichten/politik/ausland/meloni-fluechtlingslager-albanien-betrieb-august-100.html,20240921104814,cdx,
https://www.zdf.de/nachrichten/politik/ausland/meloni-italien-innenpolitik-100.html,20240921104803,cdx,
https://www.zdf.de/nachrichten/politik/ausland/mexiko-umstrittene-justizreform-richter-direktwahl-100.html,20240922021229,cdx,
https://www.zdf.de/nachrichten/politik/ausland/nahost-verhandlungen-doha-gaza-israel-usa-100.html,20240922011016,cdx,
https://www.zdf.de/nachrichten/politik/ausland/nashoerner-wilderei-suedafrika-ki-tracker-100.html,20240922155028,cdx,
https://www.zdf.de/nachrichten/politik/ausland/nordkorea-suedkorea-evakuierung-granaten-yeonpyeong-baengnyeong-100.html,20240921032806,cdx,
https://www.zdf.de/nachrichten/politik/ausland/putin-gegner-mord-gefaengnis-exil-100.html,20240922200841,cdx,
https://www.zdf.de/nachrichten/politik/ausland/russland-armee-zuwachs-ukraine-krieg-100.html,20240922153732,cdx,
https://www.zdf.de/nachrichten/politik/ausland/russland-gefangene-jugendliche-putin-100.html,20240922201409,cdx,
https://www.zdf.de/nachrichten/politik/ausland/russland-wahl-putin-wiederwahl-100.html,20240922203005,cdx,
https://www.zdf.de/nachrichten/politik/ausland/selenskyj-praesidentschaft-ukraine-krieg-russland-100.html,20240921234913,cdx,
https://www.zdf.de/nachrichten/politik/ausland/selenskyj-ukraine-niederlage-krieg-russland-usa-hilfe-100.html,20240921234532,cdx,
https://www.zdf.de/nachrichten/politik/ausland/sokolow-admiral-getoetet-aufgetaucht-video-ukraine-krieg-russland-100.html,20240921040357,cdx,
https://www.zdf.de/nachrichten/politik/ausland/strafgerichtshof-ermittlungen-hamas-israel-100.html,20240921042421,cdx,
https://www.zdf.de/nachrichten/politik/ausland/swift-anschlagsplaene-is-terror-tiktok-radikalisierung-100.html,20240921184244,cdx,
https://www.zdf.de/nachrichten/politik/ausland/tote-libanon-luftangriff-israel-100.html,20240922011039,cdx,related
https://www.zdf.de/nachrichten/politik/ausland/trump-attacke-harris-aussehen-usa-wahl-100.html,20240922033236,cdx,
https://www.zdf.de/nachrichten/politik/ausland/trump-attentat-secret-service-fehler-usa-wahl-100.html,20240921114744,cdx,
https://www.zdf.de/nachrichten/politik/ausland/tuerkei-instagram-zugang-gesperrt-100.html,20240921151224,cdx,
https://www.zdf.de/nachrichten/politik/ausland/ukraine-hilfe-ampel-kritik-kiesewetter-krieg-russland-100.html,20240922050050,cdx,
https://www.zdf.de/nachrichten/politik/ausland/ukraine-hilfe-bundeshaushalt-krieg-russland-100.html,20240922011020,cdx,
https://www.zdf.de/nachrichten/politik/ausland/ukraine-indien--modi-selenskyj-treffen-100.html,20240921022817,cdx,
https://www.zdf.de/nachrichten/politik/ausland/ukraine-krieg-russland-angriff-selenskyj-100.html,20240921235249,cdx,
https://www.zdf.de/nachrichten/politik/ausland/ukraine-krieg-verhandlungen-waffenruhe-100.html,20240921224454,cdx,
https://www.zdf.de/nachrichten/politik/ausland/ukraine-rakete-test-selenskyj-krieg-russland-100.html,20240921213615,cdx,
https://www.zdf.de/nachrichten/politik/ausland/ukraine-treffen-ramstein-selenskyj-krieg-russland-100.html,20240921235028,cdx,
https://www.zdf.de/nachrichten/politik/ausland/un-zukunftsgipfel-reformpaket-krisen-guterres-100.html,20240922202031,cdx,
https://www.zdf.de/nachrichten/politik/ausland/usa-wahl-trump-niederlage-erneute-kandidatur-2028-100.html,20240922222059,cdx,
https://www.zdf.de/nachrichten/politik/ausland/usa-wahlkampf-kosten-100.html,20240921092048,cdx,
https://www.zdf.de/nachrichten/politik/ausland/von-der-leyen-ukraine-selenskyj-unterstuetzung-krieg-russland-100.html,20240921022048,cdx,
https://www.zdf.de/nachrichten/politik/ausland/wagner-zeltlager-belarus-ukraine-krieg-russland-100.html,20240922224536,cdx,
https://www.zdf.de/nachrichten/politik/ausland/warschauer-aufstand-polen-zweiter-weltkrieg-100.html,20240922222339,cdx,
https://www.zdf.de/nachrichten/politik/ausland/widerstand-offensive-ukraine-krieg-russland-100.html,20240922065750,cdx,
https://www.zdf.de/nachrichten/politik/ausland/xijiang-police-files-uiguren-100.html,20240921053819,cdx,
https://www.zdf.de/nachrichten/politik/cannabis-gras-cannabis-clubs-100.html,20240921123534,cdx,
https://www.zdf.de/nachrichten/politik/deutschland/49-euro-deutschland-ticket-preis-umfrage-grenze-verkehr-100.html,20240922021232,cdx,
https://www.zdf.de/nachrichten/politik/deutschland/afd-cdu-europawahl-kommunalwahl-100.html,20240921184321,cdx,
https://www.zdf.de/nachrichten/politik/deutschland/afd-forderungen-kritik-warnung-unternehmen-brandenburg-wirtschaft-100.html,20240922200804,cdx,
https://www.zdf.de/nachrichten/politik/deutschland/afd-verfassungsschutz-bayern-100.html,20240921115637,cdx,
https://www.zdf.de/nachrichten/politik/deutschland/angriffe-politiker-schutz-gewalt-wahlkampf-100.html,20240921095953,cdx,
https://www.zdf.de/nachrichten/politik/deutschland/asylbewerber-grundsicherung-lindner-senkung-100.html,20240921021722,cdx,
https://www.zdf.de/nachrichten/politik/deutschland/attentat-muenchen-terror-schindler-islamismus-100.html,20240921184244,cdx,
https://www.zdf.de/nachrichten/politik/deutschland/brandenburg-landtagswahl-spd-afd-woidke-100.html,20240922060846,cdx,
https://www.zdf.de/nachrichten/politik/deutschland/bsw-wagenknecht-judenhass-zentralrat-kritik-100.html,20240922033239,cdx,
https://www.zdf.de/nachrichten/politik/deutschland/bundeskanzler-olaf-scholz-ampel-koalition-streit-100.html,20240922021355,cdx,
https://www.zdf.de/nachrichten/politik/deutschland/bundeswahlordnung-bundestag-kandidaten-wohnanschrift-gewalttaten-100.html,20240921021735,cdx,
https://www.zdf.de/nachrichten/politik/deutschland/esken-ampel-haushalt-streit-verfassung-gutachten-100.html,20240921183647,cdx,
https://www.zdf.de/nachrichten/politik/deutschland/esken-cyberangriffe-desinformationskampagne-schutz-demokratie-russland-100.html,20240921184122,cdx,
https://www.zdf.de/nachrichten/politik/deutschland/gasbohrungen-borkum-umwelt-gruene-ricarda-lang-100.html,20240922203127,cdx,
https://www.zdf.de/nachrichten/politik/deutschland/gysi-bartsch-die-linke-erneuerung-100.html,20240922033140,cdx,
https://www.zdf.de/nachrichten/politik/deutschland/habeck-bsw-desinformation-russland-china-100.html,20240922114948,cdx,
https://www.zdf.de/nachrichten/politik/deutschland/haushalt-finanzministerium-ampel-gutachten-pruefung-100.html,20240921183703,cdx,
https://www.zdf.de/nachrichten/politik/deutschland/holocaust-gedenken-scholz-demokratie-100.html,20240921123100,cdx,
https://www.zdf.de/nachrichten/politik/deutschland/juden-antisemitismus-verfassung-staatsziel-grundgesetz-100.html,20240921004912,cdx,
https://www.zdf.de/nachrichten/politik/deutschland/landtagswahl-brandenburg-spd-afd-wahl-faq-100.html,20240921101218,cdx,
https://www.zdf.de/nachrichten/politik/deutschland/landtagswahl-sachsen-spitzenkandidaten-michael-kretschmer-joerg-urban-100.html,20240921142256,cdx,
https://www.zdf.de/nachrichten/politik/deutschland/lanz-esken-spd-europawahl-100.html,20240921184307,cdx,
https://www.zdf.de/nachrichten/politik/deutschland/linke-mitglieder-zuwachs-wagenknecht-austritt-100.html,20240922163352,cdx,
https://www.zdf.de/nachrichten/politik/deutschland/linke-spitze-rueckzug-wissler-schirdewan-100.html,20240922000812,cdx,
https://www.zdf.de/nachrichten/politik/deutschland/lobbyismus-ranking-bundeslaender-transparency-100.html,20240922033216,cdx,
https://www.zdf.de/nachrichten/politik/deutschland/luetzerath-raeumung-vor-einem-jahr-bilanz-100.html,20240921201742,cdx,
https://www.zdf.de/nachrichten/politik/deutschland/machete-attacke-linz-islamistischer-hintergrund-100.html,20240921184244,cdx,
https://www.zdf.de/nachrichten/politik/deutschland/mario-voigt-thueringen-cdu-koalitionsoptionen-100.html,20240922222909,cdx,
https://www.zdf.de/nachrichten/politik/deutschland/migration-asyl-syrien-gerichtsurteil-100.html,20240921125059,cdx,
https://www.zdf.de/nachrichten/politik/deutschland/muenchen-polizei-schuesse-israelisches-konsulat-taeter-100.html,20240921184244,cdx,
https://www.zdf.de/nachrichten/politik/deutschland/ngos-gemeinnuetzigkeit-campact-attac-100.html,20240921105505,cdx,
https://www.zdf.de/nachrichten/politik/deutschland/nord-stream-wagenknecht-untersuchungsausschuss-100.html,20240921113338,cdx,
https://www.zdf.de/nachrichten/politik/deutschland/nrw-massnahmen-solingen-islamistischer-terror-100.html,20240921184527,cdx,
https://www.zdf.de/nachrichten/politik/deutschland/ostdeutschland-ossi-herkunft-stolz-100.html,20240921130837,cdx,
https://www.zdf.de/nachrichten/politik/deutschland/pellmann-reichinnek-linke-bundestag-100.html,20240922033059,cdx,
https://www.zdf.de/nachrichten/politik/deutschland/politbarometer-extra-brandenburg-100.html,20240921115028,cdx,
https://www.zdf.de/nachrichten/politik/deutschland/praemie-arbeit-im-alter-rente-100.html,20240921184542,cdx,
https://www.zdf.de/nachrichten/politik/deutschland/pressekonferenz-longcovid-programm-lauterbach-100.html,20240921051925,cdx,
https://www.zdf.de/nachrichten/politik/deutschland/pro-palaestina-szene-berlin-radikalisierung-angriffe-antisemitismus-100.html,20240921025853,cdx,
https://www.zdf.de/nachrichten/politik/deutschland/ricarda-lang-rente-durchschnitt-statistik-lanz-100.html,20240922075217,cdx,
https://www.zdf.de/nachrichten/politik/deutschland/sachsen-kitas-schliessungen-100.html,20240922035040,cdx,
https://www.zdf.de/nachrichten/politik/deutschland/sachsen-regierungsbildung-kretschmer-wagenknecht-100.html,20240921184351,cdx,
https://www.zdf.de/nachrichten/politik/deutschland/scholz-bilanz-ampel-koalition-sommerpause-100.html,20240921183703,cdx,
https://www.zdf.de/nachrichten/politik/deutschland/scholz-merz-generaldebatte-bundestag-afd-weidel-100.html,20240921043301,cdx,
https://www.zdf.de/nachrichten/politik/deutschland/scholz-urlaub-gaza-nahost-harris-100.html,20240921183703,cdx,
https://www.zdf.de/nachrichten/politik/deutschland/solingen-anschlag-messer-tote-100.html,20240921184244,cdx,
https://www.zdf.de/nachrichten/politik/deutschland/solingen-islamismus-terror-gefahr-europa-anschlag-experte-100.html,20240921184244,cdx,
https://www.zdf.de/nachrichten/politik/deutschland/spd-abwrackpraemie-verbrenner-e-auto-100.html,20240921184014,cdx,
https://www.zdf.de/nachrichten/politik/deutschland/spd-kuehnert-kontaktschande-ampel-kritik-europawahl-100.html,20240921184321,cdx,
https://www.zdf.de/nachrichten/politik/deutschland/tabak-vape-zigarette-werbung-verbot-100.html,20240922223723,cdx,
https://www.zdf.de/nachrichten/politik/deutschland/terrorismus-is-deutschland-gefahr-100.html,20240921184244,cdx,
https://www.zdf.de/nachrichten/politik/deutschland/ukraine-ampel-hilfe-gruene-offener-brief-100.html,20240922134829,cdx,
https://www.zdf.de/nachrichten/politik/deutschland/ursula-haverbeck-holocaust-leugnerin-prozess-volksverhetzung-100.html,20240921005158,cdx,
https://www.zdf.de/nachrichten/politik/deutschland/verbotene-rechtsextreme-organisationen-deutschland-100.html,20240921004110,cdx,
https://www.zdf.de/nachrichten/politik/deutschland/wahl-brandenburg-ergebnisse-spd-afd-woidke-100.html,20240922161036,cdx,
https://www.zdf.de/nachrichten/politik/deutschland/wahl-brandenburg-landtagswahl-liveticker-100.html,20240922153859,cdx,
https://www.zdf.de/nachrichten/politik/deutschland/wahl-brandenburg-spd-niederlage-scholz-kanzler-kanzlerkandidatur-ampel-100.html,20240922203648,cdx,
https://www.zdf.de/nachrichten/politik/deutschland/wahlrecht-reform-bundesverfassungsgericht-urteil-100.html,20240921183703,cdx,
https://www.zdf.de/nachrichten/politik/deutschland/weltkindertag-2024-kinderhilfswerk-kinderrechte-deutschland-grundgesetz-100.html,20240921021632,cdx,
https://www.zdf.de/nachrichten/politik/deutschland/wuest-soeder-koalition-gruene-bund-100.html,20240922010958,cdx,
https://www.zdf.de/nachrichten/politik/gerda-hofmann-finanzministerium-vortraege-100.html,20240921040812,cdx,
https://www.zdf.de/nachrichten/politik/grenzkontrollen-deutschland-faeser-migrationsdebatte-eu-recht-100.html,20240922060650,cdx,
https://www.zdf.de/nachrichten/politik/gruene-lang-sommerinterview-100.html,20240921183703,cdx,
https://www.zdf.de/nachrichten/politik/israel-justizreform-protestmarsch-jerusalem-100.html,20240921005312,cdx,
https://www.zdf.de/nachrichten/politik/israel-nahost-westjordanland-offensive-100.html,20240921045201,cdx,
https://www.zdf.de/nachrichten/politik/nord-stream-andromeda-segeljacht-anschlag-sabotage-ukraine-krieg-102.html,20240921000855,cdx,
https://www.zdf.de/nachrichten/politik/nordkorea-us-buerger-grenze-100.html,20240921111538,cdx,
https://www.zdf.de/nachrichten/politik/nordkorea-us-soldat-grenze-sorgen-100.html,20240921111541,cdx,
https://www.zdf.de/nachrichten/politik/politbarometer-extra-eu-wahl-100.html,20240922161036,cdx,
https://www.zdf.de/nachrichten/politik/tariflohn-beschaeftigte-unternehmen-100.html,20240921184542,cdx,
https://www.zdf.de/nachrichten/politik/tiergartenmord-berlin-anwalt-russland-finanzierung-kreml-geheimdienste-100.html,20240922045439,cdx,
https://www.zdf.de/nachrichten/politik/trump-anklage-wahl-gesellschaft-usa-100.html,20240921001644,cdx,
https://www.zdf.de/nachrichten/ratgeber/alkoholfreier-wein-trend-100.html,20240922101807,cdx,
https://www.zdf.de/nachrichten/ratgeber/antipasti-rezepte-italienische-vorspeisen-klassiker-100.html,20240921022101,cdx,
https://www.zdf.de/nachrichten/ratgeber/brot-aufbewahren-frisch-halten-100.html,20240922061146,cdx,
https://www.zdf.de/nachrichten/ratgeber/coolcation-reisetrends-2024-kuehle-ziele-100.html,20240921103524,cdx,
https://www.zdf.de/nachrichten/ratgeber/elektroauto-akku-gebraucht-100.html,20240921124228,cdx,
https://www.zdf.de/nachrichten/ratgeber/finanzcheck-2024-geld-anlegen-zinsen-aktien-gold-100.html,20240921032733,cdx,
https://www.zdf.de/nachrichten/ratgeber/fleisch-herkunft-oezdemir-100.html,20240922101807,cdx,
https://www.zdf.de/nachrichten/ratgeber/gesundheit/inhaltsstoffe-fastfood-ketten-mc-donald-subway-100.html,20240922101807,cdx,
https://www.zdf.de/nachrichten/ratgeber/gesundheit/lecanemab-leqembi-zulassung-deutschland-nebenwirkungen-alzheimer-100.html,20240922021142,cdx,
https://www.zdf.de/nachrichten/ratgeber/huelsenfruechte-kichererbsen-gesund-linsen-ernaehrung-100.html,20240922101909,cdx,
https://www.zdf.de/nachrichten/ratgeber/indoor-gardening-kresse-microgreens-anbauen-tipps-100.html,20240922101807,cdx,
https://www.zdf.de/nachrichten/ratgeber/lebensmittelmotten-bekaempfen-haus-wohnung-100.html,20240922021110,cdx,
https://www.zdf.de/nachrichten/ratgeber/oel-braten-raffiniert-kaltgepresst-gesund-100.html,20240922101807,cdx,
https://www.zdf.de/nachrichten/ratgeber/schlange-deutschland-garten-100.html,20240921022056,cdx,
https://www.zdf.de/nachrichten/ratgeber/spaghetti-carbonara-original-rezept-100.html,20240922101753,cdx,
https://www.zdf.de/nachrichten/ratgeber/strandregeln-urlaub-am-strand-100.html,20240921121459,cdx,
https://www.zdf.de/nachrichten/ratgeber/tile-hunting-fahrradtour-planen-100.html,20240921031905,cdx,
https://www.zdf.de/nachrichten/ratgeber/veggie-wuerste-check-100.html,20240922101807,cdx,
https://www.zdf.de/nachrichten/sport/bayer-leverkusen-vfl-wolfsburg-bundesliga-100.html,20240922161114,cdx,
https://www.zdf.de/nachrichten/sport/bundesliga-4-spieltag-werder-bremen-bayern-muenchen-100.html,20240922021537,cdx,
https://www.zdf.de/nachrichten/sport/bundesliga-moenchengladbach-nachwuchs-100.html,20240921021727,cdx,
https://www.zdf.de/nachrichten/sport/dfb-pokal-erste-runde-wehen-wiesbaden-rb-leipzig-100.html,20240921002139,cdx,
https://www.zdf.de/nachrichten/sport/extremsport-jonas-deichmann-triathlon-challenge-100.html,20240922230604,cdx,
https://www.zdf.de/nachrichten/sport/formel-1-finale-abu-dhabi-verstappen-100.html,20240921032935,cdx,
https://www.zdf.de/nachrichten/sport/formel-1-singapur-echse-unterbrechung-100.html,20240921160004,cdx,
https://www.zdf.de/nachrichten/sport/fussball-2-liga-schalke-trainer-sportdirektor-entlassung-geraerts-wilmots-100.html,20240922021145,cdx,
https://www.zdf.de/nachrichten/sport/fussball-champions-league-atletico-leipzig-100.html,20240921022235,cdx,
https://www.zdf.de/nachrichten/sport/fussball-dfb-frauen-em-2029-bewerbung-100.html,20240921023926,cdx,
https://www.zdf.de/nachrichten/sport/fussball-dfb-pokal-schott-mainz-portmann-hochzeit-standesamt-100.html,20240922015741,cdx,
https://www.zdf.de/nachrichten/sport/fussball-dfl-supercup-bayer-leverkusen-vfb-stuttgart-100.html,20240922015749,cdx,
https://www.zdf.de/nachrichten/sport/fussball-em-2024-deutschland-spanien-viertelfinale-100.html,20240922064228,cdx,
https://www.zdf.de/nachrichten/sport/fussball-juergen-klopp-liverpool-trainer-abschied-letztes-spiel-100.html,20240921065409,cdx,
https://www.zdf.de/nachrichten/sport/fussball-juergen-klopp-rueckkehr-dortmund-lukasz-piszczek-kuba-blaszczykowski-100.html,20240921065409,cdx,
https://www.zdf.de/nachrichten/sport/fussball-spanien-frauen-trainer-vilda-trennung-wm-kuss-rubiales-100.html,20240921032208,cdx,
https://www.zdf.de/nachrichten/sport/halep-doping-sperre-reduziert-100.html,20240921031636,cdx,
https://www.zdf.de/nachrichten/sport/jan-nepomnjaschtschi-nepo-ding-liren-schach-wm-100.html,20240922203925,cdx,
https://www.zdf.de/nachrichten/sport/juergen-klopp-trainer-england-absage-100.html,20240921065410,cdx,
https://www.zdf.de/nachrichten/sport/laimer-bayern-muenchen-rb-leipzig-100.html,20240921022817,cdx,
https://www.zdf.de/nachrichten/sport/olympia-2024-basketball-viertelfinale-maenner-deutschland-griechenland-100.html,20240921043006,cdx,
https://www.zdf.de/nachrichten/sport/olympia-2024-refugee-team-saeid-fazloula-100.html,20240921032836,cdx,
https://www.zdf.de/nachrichten/sport/olympia-2024-skateboard-opa-andy-macdonald-100.html,20240921024301,cdx,
https://www.zdf.de/nachrichten/sport/olympia-russland-100.html,20240922152105,cdx,
https://www.zdf.de/nachrichten/sport/sportstudio-voeller-dfb-trainer-nagelsmann-nachfolge-klopp-100.html,20240922061437,cdx,
https://www.zdf.de/nachrichten/sport/tennis-laver-cup-zverev-fritz-100.html,20240922021920,cdx,
https://www.zdf.de/nachrichten/sport/tennis-layers-cup-zverev-federer-100.html,20240921022144,cdx,
https://www.zdf.de/nachrichten/sport/triathlon-wm-ironman-nizza-anne-haug-100.html,20240922020940,cdx,
https://www.zdf.de/nachrichten/sport/wintersport-ski-alpin-kilde-sturz-wengen-lauberhorn-abfahrt-100.html,20240921043609,cdx,
https://www.zdf.de/nachrichten/sport/wojtek-czyz-juergen-klopp-paralympics-2024-100.html,20240921065409,cdx,
https://www.zdf.de/nachrichten/thema/amazonas-regenwald-102.html,20240921081405,cdx,
https://www.zdf.de/nachrichten/thema/brandenburg-news-100.html,20240921115110,cdx,
https://www.zdf.de/nachrichten/thema/bvb-borussia-dortmund-102.html,20240921065409,cdx,
https://www.zdf.de/nachrichten/thema/darmkrankheiten-100.html,20240921121504,cdx,
https://www.zdf.de/nachrichten/thema/deutsche-fussball-nationalmannschaft-maenner-100.html,20240922064226,cdx,
https://www.zdf.de/nachrichten/thema/dgb-deutscher-gewerkschaftsbund-100.html,20240921184542,cdx,
https://www.zdf.de/nachrichten/thema/fc-koeln-106.html,20240922011023,cdx,
https://www.zdf.de/nachrichten/thema/ig-metall-116.html,20240921003325,cdx,
https://www.zdf.de/nachrichten/thema/mainz-05-106.html,20240921065409,cdx,
https://www.zdf.de/nachrichten/thema/rewe-102.html,20240922011032,cdx,
https://www.zdf.de/nachrichten/thema/saskia-esken-144.html,20240921183703,cdx,
https://www.zdf.de/nachrichten/video/boeing-backgroundcheck-flugzeug-sicher-737max-whistleblower-100.html,20240922060224,cdx,
https://www.zdf.de/nachrichten/video/coaching-lifecoach-erfolg-abzocke-power-days-hoeller-100.html,20240921025332,cdx,
https://www.zdf.de/nachrichten/video/ischinger-selenskyj-russland-ukraine-frieden-video-100.html,20240921135928,cdx,
https://www.zdf.de/nachrichten/video/new-york-joggen-daten-dating-paare-singles-video-100.html,20240922161114,cdx,
https://www.zdf.de/nachrichten/video/panorama-adele-konzert-muenchen-nachhaltigkeit-100.html,20240922161114,cdx,
https://www.zdf.de/nachrichten/video/politik-abschiebung-politbarometer-100.html,20240922161114,cdx,
https://www.zdf.de/nachrichten/video/politik-lanz-oschmann-landtagswahlen-migration-afd-video-100.html,20240922055656,cdx,
https://www.zdf.de/nachrichten/video/politik-markus-lanz-kai-ambos-israel-bekenntnis-100.html,20240922161114,cdx,
https://www.zdf.de/nachrichten/video/politik-markus-lanz-prantl-baum-afd-verbot-100.html,20240922161114,cdx,
https://www.zdf.de/nachrichten/video/politik-putins-jugend-hinter-gittern-video-100.html,20240922135921,cdx,
https://www.zdf.de/nachrichten/wirtschaft/arbeitslose-arbeitsmarkt-august-agentur-fuer-arbeit-100.html,20240921184542,cdx,
https://www.zdf.de/nachrichten/wirtschaft/bargeld-auszahlung-kunden-nachteil-haendler-100.html,20240922011046,cdx,
https://www.zdf.de/nachrichten/wirtschaft/bill-gates-superreiche-steuern-100.html,20240921021956,cdx,
https://www.zdf.de/nachrichten/wirtschaft/bio-landwirtschaft-anbauflaeche-umsatz-nimmt-zu-100.html,20240922101807,cdx,
https://www.zdf.de/nachrichten/wirtschaft/boerse-fonds-etf-geldanlage-100.html,20240921053819,cdx,
https://www.zdf.de/nachrichten/wirtschaft/bundesagentur-fuer-arbeit-fachkraefte-mangel-100.html,20240921184542,cdx,
https://www.zdf.de/nachrichten/wirtschaft/computerspiele-branche-krise-computerspielpreis-muenchen-100.html,20240922033157,cdx,
https://www.zdf.de/nachrichten/wirtschaft/deutschland-wirtschaft-wirtschaftswachstum-russland-krise-100.html,20240921184542,cdx,
https://www.zdf.de/nachrichten/wirtschaft/elektroauto-motor-seltene-erden-china-100.html,20240921114853,cdx,
https://www.zdf.de/nachrichten/wirtschaft/fachkraefte-mangel-ausland-initativen-integration-deutschland-100.html,20240921190101,cdx,
https://www.zdf.de/nachrichten/wirtschaft/fahrdienstleiter-gdl-bahn-tarifstreit-streik-100.html,20240921040736,cdx,
https://www.zdf.de/nachrichten/wirtschaft/immobilien-hauskauf-preis-miete-100.html,20240921010339,cdx,
https://www.zdf.de/nachrichten/wirtschaft/inflation-notenbank-fed-ezb-100.html,20240922000033,cdx,
https://www.zdf.de/nachrichten/wirtschaft/lebkuchen-verkauf-gebaeck-weihnachten-supermarkt-100.html,20240921204839,cdx,
https://www.zdf.de/nachrichten/wirtschaft/stadtflucht-deutschland-land-leben-kodorf-100.html,20240922015754,cdx,
https://www.zdf.de/nachrichten/wirtschaft/tickets-konzerte-preise-oasis-kritik-ticketmaster-100.html,20240921161050,cdx,
https://www.zdf.de/nachrichten/wirtschaft/unternehmen/atomkraftwerk-three-mile-island-microsoft-ki-energie-100.html,20240921130742,cdx,
https://www.zdf.de/nachrichten/wirtschaft/unternehmen/bella-hadid-adidas-antisemitismus-israel-kritik-100.html,20240921025805,cdx,
https://www.zdf.de/nachrichten/wirtschaft/unternehmen/birkenstock-schuhe-boerse-anteile-luxus-100.html,20240921021902,cdx,
https://www.zdf.de/nachrichten/wirtschaft/unternehmen/musk-x-gebuehr-100.html,20240922030447,cdx,
https://www.zdf.de/nachrichten/wirtschaft/windkraft-hersteller-erneuerbare-energie-insolvenz-100.html,20240921110845,cdx,
https://www.zdf.de/nachrichten/wissen/placebo-effekt-medikamente-terrax-jens-foell-kolumne-100.html,20240922104147,cdx,
https://www.zdf.de/nachrichten/wissen/rohstoffe-seltene-erden-verteilung-un-klimaschutz-menschenrechte-100.html,20240921083421,cdx,
https://www.zdf.de/nachrichten/wissen/welt-alzheimer-tag-demenz-angehoerige-pflege-100.html,20240921071919,cdx,
https://www.zdf.de/nachrichten/zdfspezial/zdf-spezial---hochwasser-in-europa---dauerregen-und-steigende-pegelstaende-clip-1-100.html,20240921204703,cdx,
https://www.zdf.de/nachrichten/briefing/haushalt-mindestlohn-heil-mockridge-zdfheute-update-100.html,20240923000258,cdx,
https://www.zdf.de/nachrichten/briefing/sahra-wagenknecht-bsw-linke-maurer-zdfheute-update-102.html,20240924054901,cdx,
https://www.zdf.de/nachrichten/briefing/spd-libanon-israel-klimawandel-deutschlandticket-zdfheute-update-100.html,20240924152316,cdx,
https://www.zdf.de/nachrichten/briefing/wahl-brandenburg-israel-libanon-zdfheute-update-100.html,20240923155644,cdx,
https://www.zdf.de/nachrichten/panorama/astronaut-rueckkehr-weltall-rekord-usa-100.html,20240924144452,cdx,
https://www.zdf.de/nachrichten/panorama/australien-kaenguru-tierquaelerei-urteil-100.html,20240923154915,cdx,
https://www.zdf.de/nachrichten/panorama/bahn-verkehr-statistik-fahrgaeste-deutschlandticket-100.html,20240923163434,cdx,
https://www.zdf.de/nachrichten/panorama/ballermann-schlager-party-hits-stars-musikbranche-100.html,20240923150649,cdx,
https://www.zdf.de/nachrichten/panorama/beethoven-neunte-sinfonie-jubilaeum-100.html,20240923150649,cdx,
https://www.zdf.de/nachrichten/panorama/bildungssystem-schule-der-zukunft-rlp-100.html,20240924014520,cdx,
https://www.zdf.de/nachrichten/panorama/browser-ballett-deutscher-fernsehpreis-beste-unterhaltung-100.html,20240924201612,cdx,
https://www.zdf.de/nachrichten/panorama/corona-long-covid-lauterbach-100.html,20240923000832,cdx,
https://www.zdf.de/nachrichten/panorama/corona-totgeburten-statistik-100.html,20240924031030,cdx,
https://www.zdf.de/nachrichten/panorama/deutschlandticket-preiserhoehung-sozialtarif-100.html,20240924063529,cdx,
https://www.zdf.de/nachrichten/panorama/eishockey-entlassung-frau-schwanger-steen-100.html,20240923184420,cdx,
https://www.zdf.de/nachrichten/panorama/explosion-sprengstofffabrik-troisdorf-verletzte-100.html,20240924233417,cdx,
https://www.zdf.de/nachrichten/panorama/gruender-start-up-druck-stress-burnout-100.html,20240924053700,cdx,
https://www.zdf.de/nachrichten/panorama/handy-sprachdaten-abhoeren-werbeanzeigen-konzerne-100.html,20240923072843,cdx,
https://www.zdf.de/nachrichten/panorama/ice-deutsche-bahn-neue-verbindung-berlin-paris-100.html,20240924150624,cdx,
https://www.zdf.de/nachrichten/panorama/justiz-selbsttoetung-medikament-urteil-100.html,20240923000832,cdx,
https://www.zdf.de/nachrichten/panorama/kampfhund-bullterrier-beissattacke-vorurteil-hunderasse-100.html,20240924171538,cdx,
https://www.zdf.de/nachrichten/panorama/ki-chatbots-chatgpt-verschwoerungsmythen-studie-100.html,20240923173956,cdx,
https://www.zdf.de/nachrichten/panorama/kriminalitaet/enkeltrick-betrug-schockanruf-rentner-100.html,20240924015459,cdx,
https://www.zdf.de/nachrichten/panorama/kriminalitaet/essen-krankenhaus-besucher-mitarbeiter-angriff-verletzte-100.html,20240923011756,cdx,
https://www.zdf.de/nachrichten/panorama/kriminalitaet/schuesse-hauptbahnhof-frankfurt-tod-100.html,20240924085102,cdx,
https://www.zdf.de/nachrichten/panorama/kriminalitaet/schweiz-suizid-selbsttoetung-sarco-kapsel-stickstoff-festnahme-100.html,20240924153102,cdx,
https://www.zdf.de/nachrichten/panorama/mars-mission-elon-musk-space-x-100.html,20240924015406,cdx,
https://www.zdf.de/nachrichten/panorama/paris-eiffelturm-olympische-ringe-debatte-100.html,20240924225909,cdx,
https://www.zdf.de/nachrichten/panorama/polaris-dawn-weltraum-spaziergang-spacex-100.html,20240923172302,cdx,
https://www.zdf.de/nachrichten/panorama/prominente/harvey-weinstein-krankenhaus-not-op-100.html,20240924215018,cdx,
https://www.zdf.de/nachrichten/panorama/prominente/heidi-klum-halloween-kostuem-2024-100.html,20240924164338,cdx,
https://www.zdf.de/nachrichten/panorama/prominente/jacksons-konzert-muenchen-fans-akustik-100.html,20240923123046,cdx,
https://www.zdf.de/nachrichten/panorama/prominente/james-earl-jones-darth-vader-stimme-tot-100.html,20240923072829,cdx,
https://www.zdf.de/nachrichten/panorama/prominente/mtv-video-music-awards-taylor-swift-musikpreis-100.html,20240923173947,cdx,
https://www.zdf.de/nachrichten/panorama/prominente/musik-bruce-springsteen-geburtstag-portrait-100.html,20240924014905,cdx,
https://www.zdf.de/nachrichten/panorama/prominente/royals-neue-wege-video-kate-grossbritannien-100.html,20240923184115,cdx,
https://www.zdf.de/nachrichten/panorama/religionen-zugehoerigkeit-glaube-diskussionen-100.html,20240923011834,cdx,
https://www.zdf.de/nachrichten/panorama/richard-lugner-moertel-trauerfeier-wien-stephansdom-100.html,20240924175435,cdx,
https://www.zdf.de/nachrichten/panorama/schaf-ziege-schiege-tier-hybrid-schleswig-holstein-100.html,20240923113016,cdx,
https://www.zdf.de/nachrichten/panorama/schleswig-holstein-paddel-fund-100.html,20240923134023,cdx,
https://www.zdf.de/nachrichten/panorama/schwangerschaft-abbruch-abtreibung-umfrage-paragraf-218-100.html,20240923130716,cdx,
https://www.zdf.de/nachrichten/panorama/senioren-autofahren-tuev-fahrpruefung-100.html,20240924092655,cdx,
https://www.zdf.de/nachrichten/panorama/serie-friends-auktion-couch-100.html,20240924065011,cdx,
https://www.zdf.de/nachrichten/panorama/sojus-internationale-raumstation-iss-100.html,20240923183346,cdx,
https://www.zdf.de/nachrichten/panorama/superreiche-steuern-tricks-finanzen-100.html,20240923234114,cdx,
https://www.zdf.de/nachrichten/panorama/taifun-vietnam-yagi-tote-zerstoerung-100.html,20240924223837,cdx,
https://www.zdf.de/nachrichten/panorama/telegram-chat-daten-behoerden-strafverfolgung-100.html,20240924100749,cdx,
https://www.zdf.de/nachrichten/panorama/tschad-afrika-ueberschwemmung-flut-tote-100.html,20240923011729,cdx,
https://www.zdf.de/nachrichten/panorama/warmer-herbst-tierwelt-zugvoegel-100.html,20240924084826,cdx,
https://www.zdf.de/nachrichten/panorama/wetter-herbst-regen-schnee-deutschland-100.html,20240923122145,cdx,
https://www.zdf.de/nachrichten/politik/ausland/biden-abschied-vereinte-nationen-israel-100.html,20240924233957,cdx,
https://www.zdf.de/nachrichten/politik/ausland/biden-besuch-deutschland-oktober-100.html,20240924235219,cdx,
https://www.zdf.de/nachrichten/politik/ausland/biden-macron-paris-100.html,20240923050618,cdx,
https://www.zdf.de/nachrichten/politik/ausland/donald-trump-wirtschaft-politik-deutschland-jobs-usa-wahl-100.html,20240924200150,cdx,
https://www.zdf.de/nachrichten/politik/ausland/eu-osterweiterung-eu-mitgliedstaaten-100.html,20240923020500,cdx,
https://www.zdf.de/nachrichten/politik/ausland/frankreich-abtreibung-verfassung-parlament-100.html,20240923031237,cdx,
https://www.zdf.de/nachrichten/politik/ausland/frankreich-regierung-barnier-migration-innenminister-ratailleau-100.html,20240923155113,cdx,
https://www.zdf.de/nachrichten/politik/ausland/frauen-rekrutierung-kampfeinsatz-ukraine-krieg-russland-100.html,20240923152459,cdx,
https://www.zdf.de/nachrichten/politik/ausland/gazastreifen-kinder-hilfe-friedensdorf-aegypten-100.html,20240924004120,cdx,
https://www.zdf.de/nachrichten/politik/ausland/gazastreifen-verletzte-who-bericht-nahost-krieg-100.html,20240923190314,cdx,
https://www.zdf.de/nachrichten/politik/ausland/gegenoffensive-ukraine-russland-militaeranalyse-100.html,20240924140908,cdx,
https://www.zdf.de/nachrichten/politik/ausland/hanija-hamas-bombe-israel-100.html,20240924214732,cdx,
https://www.zdf.de/nachrichten/politik/ausland/hisbollah-hassan-nasrallah-rede-libanon-israel-100.html,20240924023335,cdx,
https://www.zdf.de/nachrichten/politik/ausland/hisbollah-kommandeur-libanon-luftangriff-israel-100.html,20240923011544,cdx,related
https://www.zdf.de/nachrichten/politik/ausland/hisbollah-libanon-parteien-system-unterstuetzung-israel-100.html,20240924175150,cdx,
https://www.zdf.de/nachrichten/politik/ausland/hisbollah-pager-explosionen-100.html,20240924024232,cdx,strong
https://www.zdf.de/nachrichten/politik/ausland/israel-schule-hamas-gaza-angriff-100.html,20240923123555,cdx,
https://www.zdf.de/nachrichten/politik/ausland/kamala-harris-usa-wahl-vize-kandidat-running-mate-100.html,20240924004219,cdx,
https://www.zdf.de/nachrichten/politik/ausland/katzen-bilder-republikaner-migranten-ohio-usa-wahl-100.html,20240923124607,cdx,
https://www.zdf.de/nachrichten/politik/ausland/kennedy-rennen-harris-trump-usa-wahl-100.html,20240924205724,cdx,
https://www.zdf.de/nachrichten/politik/ausland/klimaklage-europa-gericht-strassburg-menschenrechte-100.html,20240924074604,cdx,
https://www.zdf.de/nachrichten/politik/ausland/kursk-donbass-offensiven-ukraine-krieg-russland-100.html,20240924085058,cdx,
https://www.zdf.de/nachrichten/politik/ausland/libanon-hisbollah-angriffe-strategie-ziele-israel-100.html,20240923183747,cdx,related
https://www.zdf.de/nachrichten/politik/ausland/libanon-israel-hisbollah-angriffe-un-100.html,20240924061341,cdx,related
https://www.zdf.de/nachrichten/politik/ausland/libanon-tote-verletzte-israel-100.html,20240923121700,cdx,
https://www.zdf.de/nachrichten/politik/ausland/militaeranalyse-eskalation-moskau-ukraine-krieg-russland-100.html,20240923174846,cdx,
https://www.zdf.de/nachrichten/politik/ausland/nahost-konflikt-israel-hisbollah-libanon-rakete-100.html,20240923011656,cdx,
https://www.zdf.de/nachrichten/politik/ausland/offener-brief-medien-netanjahu-zugang-gaza-israel-100.html,20240924024239,cdx,
https://www.zdf.de/nachrichten/politik/ausland/offensive-wuhledar-bachmut-ukraine-krieg-russland-100.html,20240924101937,cdx,
https://www.zdf.de/nachrichten/politik/ausland/orthodox-kirche-moskau-ukraine-krieg-russland-100.html,20240923234657,cdx,
https://www.zdf.de/nachrichten/politik/ausland/palaestina-staat-un-vollversammlung-100.html,20240923123545,cdx,
https://www.zdf.de/nachrichten/politik/ausland/peru-fujimori-ex-praesident-gestorben-100.html,20240923133935,cdx,
https://www.zdf.de/nachrichten/politik/ausland/pfas-rhein-niederlande-trinkwasser-ewigkeitschemikalie-100.html,20240923173813,cdx,
https://www.zdf.de/nachrichten/politik/ausland/russland-wladimir-putin-wildberries-ueberfall-ramsan-kadyrow-100.html,20240924093142,cdx,
https://www.zdf.de/nachrichten/politik/ausland/selenskyj-usa-un-ukraine-krieg-russland-100.html,20240923092401,cdx,
https://www.zdf.de/nachrichten/politik/ausland/singapur-nachhaltige-stadtentwicklung-100.html,20240924015214,cdx,
https://www.zdf.de/nachrichten/politik/ausland/sinti-und-roma-holocaust-denkmal-nationalsozialismus-antiziganismus-100.html,20240923020505,cdx,
https://www.zdf.de/nachrichten/politik/ausland/stoltenberg-heusgen-muenchner-sicherheitskonferenz-msc-nato-100.html,20240923184746,cdx,
https://www.zdf.de/nachrichten/politik/ausland/taylor-swift-kamala-harris-usa-wahl-100.html,20240923123715,cdx,
https://www.zdf.de/nachrichten/politik/ausland/trump-attentaeter-brief-plaene-kriminalitaet-usa-wahl-100.html,20240924225137,cdx,
https://www.zdf.de/nachrichten/politik/ausland/trump-kritik-republikaner-usa-wahl-100.html,20240923034509,cdx,
https://www.zdf.de/nachrichten/politik/ausland/tv-duell-analyse-harris-trump-usa-wahl-100.html,20240923123057,cdx,
https://www.zdf.de/nachrichten/politik/ausland/tv-duell-kamala-harris-donald-trump-usa-wahl-100.html,20240923151013,cdx,
https://www.zdf.de/nachrichten/politik/ausland/un-bericht-folter-gefaegnis-ukraine-krieg-russland-100.html,20240924011634,cdx,
https://www.zdf.de/nachrichten/politik/ausland/un-vereinte-nationen-zukunftspakt-reform-100.html,20240923153111,cdx,
https://www.zdf.de/nachrichten/politik/ausland/usa-haushalt-shutdown-100.html,20240923090633,cdx,
https://www.zdf.de/nachrichten/politik/ausland/usa-inflation-reduction-act-eu-100.html,20240924191615,cdx,
https://www.zdf.de/nachrichten/politik/ausland/usa-parteitag-demokraten-harris-obama-100.html,20240923165152,cdx,
https://www.zdf.de/nachrichten/politik/ausland/zukunftsgipfel-weltgemeinschaft-un-reformplan-100.html,20240923011549,cdx,
https://www.zdf.de/nachrichten/politik/berlin-farbanschlag-kultursenator-chialo-100.html,20240924014603,cdx,
https://www.zdf.de/nachrichten/politik/china-botschafter-cyberattacke-deutschland-auswaertiges-amt-100.html,20240924020015,cdx,
https://www.zdf.de/nachrichten/politik/deutschland/abschiebung-polizei-kopelke-milliarden-stellen-100.html,20240923225441,cdx,
https://www.zdf.de/nachrichten/politik/deutschland/afd-abschiebesong-wahl-brandenburg-junge-alternative-100.html,20240923155411,cdx,
https://www.zdf.de/nachrichten/politik/deutschland/afd-rechtsextreme-geheim-treffen-deutschland-100.html,20240923070451,cdx,
https://www.zdf.de/nachrichten/politik/deutschland/afd-schule-bildungspolitik-hoecke-backgroundcheck-100.html,20240923201839,cdx,
https://www.zdf.de/nachrichten/politik/deutschland/afd-sperrminoritaet-brandenburg-wahl-100.html,20240923081240,cdx,
https://www.zdf.de/nachrichten/politik/deutschland/baerbock-habeck-kanzler-kandidatur-frage-100.html,20240923072041,cdx,
https://www.zdf.de/nachrichten/politik/deutschland/baerbock-verteidigt-usa-waffen-stationierung-100.html,20240923122652,cdx,
https://www.zdf.de/nachrichten/politik/deutschland/brandenburg-wahl-reaktion-zivilgesellschaft-100.html,20240923040350,cdx,
https://www.zdf.de/nachrichten/politik/deutschland/bsw-buendnis-sahra-wagenknecht-afd-olaf-kappelt-100.html,20240924131820,cdx,
https://www.zdf.de/nachrichten/politik/deutschland/bsw-buendnis-sahra-wagenknecht-spenden-100.html,20240924040301,cdx,
https://www.zdf.de/nachrichten/politik/deutschland/bsw-landesverband-sachsen-gruendung-100.html,20240924122057,cdx,
https://www.zdf.de/nachrichten/politik/deutschland/buendnis-sahra-wagenknecht-parteigruendung-linke-100.html,20240924190142,cdx,
https://www.zdf.de/nachrichten/politik/deutschland/buergergeld-kosten-2025-haushaltsentwurf-bundesregierung-100.html,20240924160653,cdx,
https://www.zdf.de/nachrichten/politik/deutschland/bundesverwaltungsgericht-klage-lng-terminal-abgewiesen-100.html,20240924154024,cdx,
https://www.zdf.de/nachrichten/politik/deutschland/china-klimabetrug-mineraloel-ermittlungen-umweltausschuss-lemke-100.html,20240923124520,cdx,
https://www.zdf.de/nachrichten/politik/deutschland/deutschlandticket-finanzierung-bundeslaender-brandbrief-wissing-100.html,20240923132324,cdx,
https://www.zdf.de/nachrichten/politik/deutschland/deutschlandticket-finanzierung-verkehrsminister-100.html,20240923092415,cdx,
https://www.zdf.de/nachrichten/politik/deutschland/diskriminierung-lagebericht-deutschland-ataman-100.html,20240924233012,cdx,
https://www.zdf.de/nachrichten/politik/deutschland/faeser-abschiebung-afghanistan-syrien-100.html,20240923000419,cdx,
https://www.zdf.de/nachrichten/politik/deutschland/faeser-grenzkontrollen-migration-sicherheit-eu-kommission-100.html,20240923183733,cdx,
https://www.zdf.de/nachrichten/politik/deutschland/fdp-ampel-brandenburg-wahl-lindner-100.html,20240923115418,cdx,
https://www.zdf.de/nachrichten/politik/deutschland/friedrich-merz-kanzlerkandidatur-cdu-csu-100.html,20240923130341,cdx,
https://www.zdf.de/nachrichten/politik/deutschland/gruene-trittin-paus-kindergrundsicherung-100.html,20240924084654,cdx,
https://www.zdf.de/nachrichten/politik/deutschland/habeck-ampel-lindner-streit-soeder-100.html,20240923075958,cdx,
https://www.zdf.de/nachrichten/politik/deutschland/izh-mofatteh-ausreise-hamburg-100.html,20240923133737,cdx,
https://www.zdf.de/nachrichten/politik/deutschland/jena-demonstration-hoecke-afd-100.html,20240923235644,cdx,
https://www.zdf.de/nachrichten/politik/deutschland/joe-chialo-anschlag-berlin-kultursenator-farbe-haus-nahost-konflikt-100.html,20240924183927,cdx,
https://www.zdf.de/nachrichten/politik/deutschland/kindergrundsicherung-christian-lindner-neue-zweifel-100.html,20240923072405,cdx,
https://www.zdf.de/nachrichten/politik/deutschland/krankenhaus-reform-kliniksterben-lauterbach-100.html,20240923000659,cdx,
https://www.zdf.de/nachrichten/politik/deutschland/krankenhausreform-finanzierung-ungerechtigkeit-100.html,20240923000659,cdx,
https://www.zdf.de/nachrichten/politik/deutschland/krankenhausreform-lauterbach-gesetzentwurf-100.html,20240923000659,cdx,
https://www.zdf.de/nachrichten/politik/deutschland/krankenhausreform-privatversicherte-kosten-lauterbach-aok-100.html,20240923011700,cdx,
https://www.zdf.de/nachrichten/politik/deutschland/landtagswahl-brandenburg-ergebnisse-wahlkreise-woidke-100.html,20240923091214,cdx,
https://www.zdf.de/nachrichten/politik/deutschland/landtagswahl-sachsen-landtagswahl-thueringen-liveticker-100.html,20240923155244,cdx,
https://www.zdf.de/nachrichten/politik/deutschland/lanz-migrationsgipfel-frei-cdu-100.html,20240923120428,cdx,
https://www.zdf.de/nachrichten/politik/deutschland/maassen-werteunion-weidel-afd-gespraeche-100.html,20240923143021,cdx,
https://www.zdf.de/nachrichten/politik/deutschland/medien-spahn-migration-gewalt-100.html,20240923010428,cdx,
https://www.zdf.de/nachrichten/politik/deutschland/migration-politik-ampel-union-esken-100.html,20240923074405,cdx,
https://www.zdf.de/nachrichten/politik/deutschland/notfall-versorgung-patienten-krankenhaus-notaufnahme-reform-100.html,20240923000703,cdx,
https://www.zdf.de/nachrichten/politik/deutschland/nouripour-ampel-uebergangsregierung-100.html,20240923074926,cdx,
https://www.zdf.de/nachrichten/politik/deutschland/olaf-scholz-fuehrung-kanzler-politbarometer-zdf-sommerinterview-100.html,20240924125712,cdx,
https://www.zdf.de/nachrichten/politik/deutschland/polen-grenzer-kritik-bundespolizei-afghanen-100.html,20240923000452,cdx,
https://www.zdf.de/nachrichten/politik/deutschland/politbarometer-afd-umfragewerte-bsw-demokratie-100.html,20240924191213,cdx,
https://www.zdf.de/nachrichten/politik/deutschland/razzia-clan-kriminalitaet-nrw-tuersteher-polizei-100.html,20240923103140,cdx,
https://www.zdf.de/nachrichten/politik/deutschland/regierung-optionen-landtag-brandenburg-wahl-100.html,20240923093723,cdx,
https://www.zdf.de/nachrichten/politik/deutschland/saskia-esken-spd-brandenburg-wahl-olaf-scholz-kanzler-100.html,20240923203827,cdx,
https://www.zdf.de/nachrichten/politik/deutschland/scholz-emir-scheich-katar-treffen-hamas-israel-100.html,20240924211547,cdx,
https://www.zdf.de/nachrichten/politik/deutschland/schorlemmer-friedrich-buergerrechtler-tot-theologe-ddr-100.html,20240924215616,cdx,
https://www.zdf.de/nachrichten/politik/deutschland/sondierungen-thueringen-gespraeche-brandenburg-100.html,20240923234255,cdx,
https://www.zdf.de/nachrichten/politik/deutschland/spd-offener-brief-olaf-scholz-migrationspolitik-asyl-100.html,20240924120314,cdx,
https://www.zdf.de/nachrichten/politik/deutschland/stark-watzinger-foerdermittel-affaere-sondersitzung-bildungsausschuss-100.html,20240924225129,cdx,
https://www.zdf.de/nachrichten/politik/deutschland/suizid-praevention-depression-lauterbach-strategie-100.html,20240923000832,cdx,
https://www.zdf.de/nachrichten/politik/deutschland/suizid-praevention-lauterbach-kritik-caritas-aerzte-100.html,20240923000821,cdx,
https://www.zdf.de/nachrichten/politik/deutschland/superreiche-steuern-tricks-opposition-reaktionen-100.html,20240923234114,cdx,
https://www.zdf.de/nachrichten/politik/deutschland/urteil-kz-sekretaerin-stutthoff-kommentar-100.html,20240924081451,cdx,
https://www.zdf.de/nachrichten/politik/deutschland/verbot-islam-zentrum-extremismus-fuerstenwalde-100.html,20240923174955,cdx,
https://www.zdf.de/nachrichten/politik/deutschland/wahl-brandenburg-dietmar-woidke-portraet-100.html,20240923065012,cdx,
https://www.zdf.de/nachrichten/politik/deutschland/wahl-brandenburg-kommentar-woidke-spd-afd-100.html,20240923013757,cdx,
https://www.zdf.de/nachrichten/politik/deutschland/wahl-brandenburg-pressestimmen-international-100.html,20240923105420,cdx,
https://www.zdf.de/nachrichten/politik/deutschland/wahl-brandenburg-spd-bsw-koalition-scholz-100.html,20240923155348,cdx,
https://www.zdf.de/nachrichten/politik/deutschland/wahl-brandenburg-wahlanalyse-100.html,20240923012133,cdx,
https://www.zdf.de/nachrichten/politik/deutschland/was-nun-annalena-baerbock-israel-gaza-ukraine-100.html,20240924085525,cdx,
https://www.zdf.de/nachrichten/politik/deutschland/wehrpflicht-modell-pistorius-bundeswehr-wehrdienst-musterung-100.html,20240924164805,cdx,
https://www.zdf.de/nachrichten/politik/deutschland/werteunion-maassen-partei-gruendung-cdu-100.html,20240923143022,cdx,
https://www.zdf.de/nachrichten/politik/deutschland/werteunion-meuthen-maassen-100.html,20240923131954,cdx,
https://www.zdf.de/nachrichten/politik/deutschland/werteunion-partei-mitglieder-klage-faq-100.html,20240923143023,cdx,
https://www.zdf.de/nachrichten/politik/hisbollah-kommandeur-libanon-getoetet-100.html,20240924164133,cdx,
https://www.zdf.de/nachrichten/politik/klima-eu-emissionen-klimabeirat-2040-100.html,20240924031333,cdx,
https://www.zdf.de/nachrichten/politik/migration-gespraeche-bundesregierung-union-bundeslaender-grenzkontrollen-100.html,20240923074159,cdx,
https://www.zdf.de/nachrichten/politik/politbarometer-scholz-fuehrungsstaerke-olympiabewerbung-100.html,20240923082331,cdx,
https://www.zdf.de/nachrichten/politik/selenskyj-nato-beitritt-tschechien-unterstuetzung-ukraine-krieg-russland-100.html,20240924164100,cdx,
https://www.zdf.de/nachrichten/politik/suizid-sterbehilfe-bundestag-gesetzentwurf-100.html,20240923000832,cdx,
https://www.zdf.de/nachrichten/politik/telefonische-krankschreibung-missbrauch-lindner-abschaffung-100.html,20240923000703,cdx,
https://www.zdf.de/nachrichten/politik/wagenknecht-bsw-kowalczuk-ostdeutschland-afd-putin-100.html,20240923195209,cdx,
https://www.zdf.de/nachrichten/ratgeber/auto-leasing-privat-vorteile-nachteile-100.html,20240924015551,cdx,
https://www.zdf.de/nachrichten/ratgeber/babyclubs-geschenke-datenschutz-100.html,20240923154911,cdx,
https://www.zdf.de/nachrichten/ratgeber/gehalt-gehaltserhoehung-gehaltsverhandlung-tipps-geld-job-100.html,20240924001717,cdx,
https://www.zdf.de/nachrichten/ratgeber/gesundheit/gesundheit-mental-psychologie-100.html,20240924160549,cdx,
https://www.zdf.de/nachrichten/ratgeber/gesundheit/heiserkeit-stimmlippenknoetchen-100.html,20240924015220,cdx,
https://www.zdf.de/nachrichten/ratgeber/gesundheit/migraene-mit-aura-symptome-ursachen-behandlung-100.html,20240923174818,cdx,
https://www.zdf.de/nachrichten/ratgeber/gesundheit/stiff-person-syndrom-verlauf-symptome-100.html,20240923094848,cdx,
https://www.zdf.de/nachrichten/ratgeber/gesundheit/suizid-praevention-bei-jugendlichen-100.html,20240924223602,cdx,
https://www.zdf.de/nachrichten/ratgeber/gesundheit/tuberkulose-symptome-ansteckung-behandlung-100.html,20240924194749,cdx,
https://www.zdf.de/nachrichten/ratgeber/haushaltshilfe-putzhilfe-anmelden-iw-100.html,20240923203604,cdx,
https://www.zdf.de/nachrichten/ratgeber/hundehalter-pflichten-gesetzliche-vorschriften-100.html,20240924204017,cdx,
https://www.zdf.de/nachrichten/ratgeber/immobilien-anzeigen-betrug-wohnungssuche-100.html,20240924194813,cdx,
https://www.zdf.de/nachrichten/ratgeber/ki-social-media-kinder-handyverbot-schule-100.html,20240923011759,cdx,
https://www.zdf.de/nachrichten/ratgeber/kinder-finanzen-taschengeld-100.html,20240923120823,cdx,
https://www.zdf.de/nachrichten/ratgeber/kindergarten-kita-platz-suche-kinder-betreuung-100.html,20240924183612,cdx,
https://www.zdf.de/nachrichten/ratgeber/sexuelle-belaestigung-arbeitsplatz-100.html,20240923092947,cdx,
https://www.zdf.de/nachrichten/sport/alexander-zverev-gesundheit-100.html,20240923011552,cdx,
https://www.zdf.de/nachrichten/sport/american-football-nfl-tyreek-hill-festnahme-polizei-kritik-100.html,20240924224109,cdx,
https://www.zdf.de/nachrichten/sport/antonia-niedermaier-einzelzeitfahren-strassenrad-weltmeisterschaft-102.html,20240923011745,cdx,
https://www.zdf.de/nachrichten/sport/augsburg-hoffenheim-verletzte-zuschauer-boellerwurf-100.html,20240924082234,cdx,
https://www.zdf.de/nachrichten/sport/bayer-04-leverkusen-xabi-alonso-fussball-sportstudio-100.html,20240924082230,cdx,
https://www.zdf.de/nachrichten/sport/bob-hanning-handball-champions-league-100.html,20240923173012,cdx,
https://www.zdf.de/nachrichten/sport/christoph-daum-trauerfeier-100.html,20240923123653,cdx,
https://www.zdf.de/nachrichten/sport/deutsche-sporthilfe-nachwuchs-foerderung-100.html,20240924014529,cdx,
https://www.zdf.de/nachrichten/sport/fussball-bolzplatz-union-berlin-krise-100.html,20240924082230,cdx,
https://www.zdf.de/nachrichten/sport/fussball-bundesliga-gewalt-fans-polizei-100.html,20240924082232,cdx,
https://www.zdf.de/nachrichten/sport/fussball-bundesliga-saison-dfl-spielplan-100.html,20240923234712,cdx,
https://www.zdf.de/nachrichten/sport/fussball-champions-league-4-spieltag-gruppe-c-neapel-union-berlin-100.html,20240924082230,cdx,
https://www.zdf.de/nachrichten/sport/fussball-em-2024-cucurella-handspiel-uefa-fehler-schiedsrichter-100.html,20240923155223,cdx,
https://www.zdf.de/nachrichten/sport/fussball-europa-league-leverkusen-besiegt-karabach-100.html,20240924082230,cdx,
https://www.zdf.de/nachrichten/sport/fussball-iran-frauen-berichte-rueckkehr-stadionverbot-100.html,20240923234422,cdx,
https://www.zdf.de/nachrichten/sport/fussball-nationaltorhueter-ter-stegen-verletzt-100.html,20240923012050,cdx,
https://www.zdf.de/nachrichten/sport/fussball-nations-league-deutschland-niederlande-fuellkrug-100.html,20240923072305,cdx,
https://www.zdf.de/nachrichten/sport/fussball-nations-league-dfb-team-niederlande-nagelsmann-pk-100.html,20240924224554,cdx,
https://www.zdf.de/nachrichten/sport/fussball-vfb-stuttgart-sportstudio-undav-100.html,20240924095452,cdx,
https://www.zdf.de/nachrichten/sport/fussballfans-fussball-benimm-regln-100.html,20240924223944,cdx,
https://www.zdf.de/nachrichten/sport/jamal-musiala-fusball-nations-league-100.html,20240923130307,cdx,
https://www.zdf.de/nachrichten/sport/jannik-sinner-tennis-anabolikum-steroid-doping-100.html,20240923185527,cdx,
https://www.zdf.de/nachrichten/sport/laura-philipp-triathlon-ironman-wm-weltmeisterschaft-nizza-100.html,20240923012226,cdx,
https://www.zdf.de/nachrichten/sport/lukas-kuebler-farbsehschwaeche-sc-freiburg-fussball-100.html,20240924215132,cdx,
https://www.zdf.de/nachrichten/sport/marc-andre-ter-stegen-verletzung-ersatz-torwart-nationalmannschaft-100.html,20240924014754,cdx,
https://www.zdf.de/nachrichten/sport/marco-rose-rb-leipzig-st-pauli-fans-bundesliga-100.html,20240924014608,cdx,
https://www.zdf.de/nachrichten/sport/max-verstappen-strafe-formel-1-100.html,20240924015555,cdx,
https://www.zdf.de/nachrichten/sport/oliver-baumann-alexander-nuebel-torwart-ersatz-marc-andre-ter-stegen-dfb-elf-100.html,20240924132552,cdx,
https://www.zdf.de/nachrichten/sport/para-leichtathletik-wm-kobe-deutsche-medaillen-floors-schaefer-ave-100.html,20240924183838,cdx,
https://www.zdf.de/nachrichten/sport/para-leichtathletik-wm-weltmeisterschaft-100.html,20240923165650,cdx,
https://www.zdf.de/nachrichten/sport/paralympics-paris-2024-denise-schindler-finanzierung-behindertensport-100.html,20240923093853,cdx,
https://www.zdf.de/nachrichten/sport/rad-wm-zuerich-favoriten-deutsche-100.html,20240923104252,cdx,
https://www.zdf.de/nachrichten/sport/schiedsrichter-familie-kocak-amateurfussball-100.html,20240924015117,cdx,
https://www.zdf.de/nachrichten/sport/tennis-davis-cup-marterer-hanfmann-slowakei-100.html,20240923173042,cdx,
https://www.zdf.de/nachrichten/sport/tennis-laver-cup-zverev-sieg-100.html,20240923012013,cdx,
https://www.zdf.de/nachrichten/sport/tennis-siegemund-verpasst-finalsieg-thailand-100.html,20240923011719,cdx,
https://www.zdf.de/nachrichten/sport/vfb-stuttgart-borussia-dortmund-4-spieltag-bundesliga-100.html,20240923011710,cdx,
https://www.zdf.de/nachrichten/sport/wintersport-biathlon-herrmann-wick-zdf-expertin-100.html,20240924224035,cdx,
https://www.zdf.de/nachrichten/thema/apple-112.html,20240924222130,cdx,
https://www.zdf.de/nachrichten/thema/atomkraft-110.html,20240924222025,cdx,
https://www.zdf.de/nachrichten/thema/bremen-news-100.html,20240924154003,cdx,
https://www.zdf.de/nachrichten/thema/commerzbank-112.html,20240924092653,cdx,
https://www.zdf.de/nachrichten/thema/csu-146.html,20240923204655,cdx,
https://www.zdf.de/nachrichten/thema/good-news-konstruktive-nachrichten-100.html,20240923152153,cdx,
https://www.zdf.de/nachrichten/thema/hendrik-wuest-176.html,20240924221419,cdx,
https://www.zdf.de/nachrichten/thema/libanon-116.html,20240924201143,cdx,
https://www.zdf.de/nachrichten/thema/lula-da-silva-116.html,20240924221539,cdx,
https://www.zdf.de/nachrichten/thema/maximilian-beier-102.html,20240923075041,cdx,
https://www.zdf.de/nachrichten/thema/mecklenburg-vorpommern-news-100.html,20240924153929,cdx,
https://www.zdf.de/nachrichten/thema/sachsen-news-100.html,20240923204653,cdx,
https://www.zdf.de/nachrichten/thema/thueringen-news-100.html,20240923201029,cdx,
https://www.zdf.de/nachrichten/thema/whatsapp-142.html,20240924154054,cdx,
https://www.zdf.de/nachrichten/thema/wladimir-putin-178.html,20240923201858,cdx,
https://www.zdf.de/nachrichten/video/afd-backgroundcheck-regierung-video-100.html,20240923130311,cdx,
https://www.zdf.de/nachrichten/video/backgroundcheck-cum-ex-brorhilker-steuer-scholz-wirtschaft-finanzen-100.html,20240923110748,cdx,
https://www.zdf.de/nachrichten/video/buendnis-sahra-wagenknecht-grossspender-interview-video-100.html,20240924150045,cdx,
https://www.zdf.de/nachrichten/video/nato-usa-donald-trump-backgroundcheck-faktencheck-100.html,20240923131302,cdx,
https://www.zdf.de/nachrichten/video/politik-ali-illner-unterstuetzung-ukraine-100.html,20240924173918,cdx,
https://www.zdf.de/nachrichten/video/politik-habeck-hassnachrichten-anzeigen-netz-gruene-video-100.html,20240923072403,cdx,
https://www.zdf.de/nachrichten/video/politik-lanz-joachim-gauck-afd-aufstieg-100.html,20240923093319,cdx,
https://www.zdf.de/nachrichten/video/reportage-wahl-brandenburg-stimmung-afd-spd-100.html,20240924014937,cdx,
https://www.zdf.de/nachrichten/wirtschaft/autogipfel-habeck-eauto-kaufpraemie-100.html,20240923195425,cdx,
https://www.zdf.de/nachrichten/wirtschaft/autoindustrie-deutschland-zahlen-fakten-100.html,20240923155302,cdx,
https://www.zdf.de/nachrichten/wirtschaft/blume-volkswagen-autogipfel-rettung-vw-100.html,20240924014516,cdx,
https://www.zdf.de/nachrichten/wirtschaft/deutscher-gruenderpreis-2024-berlin-verleihung-start-up-100.html,20240924213855,cdx,
https://www.zdf.de/nachrichten/wirtschaft/dieselskandal-strafprozess-winterkorn-vw-aussagen-100.html,20240923181000,cdx,
https://www.zdf.de/nachrichten/wirtschaft/eu-batterieverordnung-autoindustrie-nachteil-100.html,20240923085148,cdx,
https://www.zdf.de/nachrichten/wirtschaft/ezb-leitzins-senkung-zinswende-100.html,20240923173154,cdx,
https://www.zdf.de/nachrichten/wirtschaft/ezb-zinssenkung-tagesgeld-bauzinsen-verbraucher-100.html,20240923173045,cdx,
https://www.zdf.de/nachrichten/wirtschaft/gruene-nachhaltige-transformation-wachstum-start-ups-100.html,20240923155154,cdx,
https://www.zdf.de/nachrichten/wirtschaft/karriere-kinder-betreuung-beruf-familie-fachkraeftemangel-100.html,20240924181841,cdx,
https://www.zdf.de/nachrichten/wirtschaft/ki-kunst-kultur-existenz-folgen-kreativitaet-100.html,20240923150649,cdx,
https://www.zdf.de/nachrichten/wirtschaft/krankenkassen-beitraege-erhoehung-2025-100.html,20240923000703,cdx,
https://www.zdf.de/nachrichten/wirtschaft/metallindustrie-gewerkschaft-ig-metall-75-jahre-tarifrunde-100.html,20240923133624,cdx,
https://www.zdf.de/nachrichten/wirtschaft/mittelstand-betrieb-zukunft-sorgen-100.html,20240923153041,cdx,
https://www.zdf.de/nachrichten/wirtschaft/studie-bertelsmann-kommunen-finanzen-100.html,20240923233727,cdx,
https://www.zdf.de/nachrichten/wirtschaft/superreiche-vermoegen-debatte-jochen-breyer-100.html,20240924001715,cdx,
https://www.zdf.de/nachrichten/wirtschaft/uefa-fussball-em-spiele-2024-kritik-kosten-deutschland-100.html,20240924152508,cdx,
https://www.zdf.de/nachrichten/wirtschaft/unternehmen/bmw-rueckruf-auslieferung-stopp-bremssysteme-100.html,20240923133823,cdx,
https://www.zdf.de/nachrichten/wirtschaft/unternehmen/commerzbank-unicredit-anteile-uebernahme-100.html,20240923165647,cdx,
https://www.zdf.de/nachrichten/wirtschaft/unternehmen/commerzbank-vorstand-orlopp-uebernahme-unicredit-100.html,20240924195247,cdx,
https://www.zdf.de/nachrichten/wirtschaft/unternehmen/northvolt-batterie-fabrik-e-auto-deutschland-spatenstich-100.html,20240924125707,cdx,
https://www.zdf.de/nachrichten/wirtschaft/unternehmen/tesla-werk-gelaende-gruenheide-aktivisten-protest-100.html,20240924143213,cdx,
https://www.zdf.de/nachrichten/wirtschaft/unternehmen/unicredit-commerzbank-bank-einstieg-uebernahme-100.html,20240923134934,cdx,
https://www.zdf.de/nachrichten/wissen/ernaehrungsreport-gesundheit-oezdemir-zucker-tierwohl-100.html,20240924144746,cdx,
https://www.zdf.de/nachrichten/wissen/un-zukunftsgipfel-studie-planetare-grenzen-klimawandel-100.html,20240924124621,cdx,
https://www.zdf.de/nachrichten/zdfspezial/zdf-spezial-zu-den-landtagswahlen-in-sachsen-und-thueringen-clip-2-100.html,20240924230029,cdx,
https://www.zdf.de/nachrichten/briefing/gruene-brantner-chefin-rzepka-zdfheute-update-100.html,20240926055114,cdx,
https://www.zdf.de/nachrichten/briefing/gruene-woelfe-eu-porto-zdfheute-update-100.html,20240925160814,cdx,
https://www.zdf.de/nachrichten/briefing/kriegswaffe-eigendorf-ki-zdfheute-update-100.html,20240925045433,cdx,
https://www.zdf.de/nachrichten/briefing/meyer-werft-walz-garnisonkirche-cannabis-schulze-zdfheute-update-100.html,20240925125559,cdx,
https://www.zdf.de/nachrichten/briefing/solingen-asyl-abschiebungen-brecht-zdfheute-update-100.html,20240925144359,cdx,
https://www.zdf.de/nachrichten/briefing/solingen-politik-debatte-konsequenzen-zdfheute-update-100.html,20240925064957,cdx,
https://www.zdf.de/nachrichten/heute/videos/schindler-paralympics-mockridge-video-100.html,20240925030207,cdx,
https://www.zdf.de/nachrichten/panorama/amanda-knox-verleumdung-verurteilt-italien-100.html,20240926012139,cdx,
https://www.zdf.de/nachrichten/panorama/anstieg-ladendiebstahl-studie-100.html,20240925183221,cdx,
https://www.zdf.de/nachrichten/panorama/brasilien-dinosaurier-hochwasser-100.html,20240926100313,cdx,
https://www.zdf.de/nachrichten/panorama/csd-hamburg-rechtsruck-queer-100.html,20240925111119,cdx,
https://www.zdf.de/nachrichten/panorama/deutscher-fernsehpreis-jan-boehmermann-lass-dich-ueberwachen-100.html,20240925185619,cdx,
https://www.zdf.de/nachrichten/panorama/deutscher-fernsehpreis-zdf-mario-adorf-100.html,20240925132307,cdx,
https://www.zdf.de/nachrichten/panorama/fruehmensch-ausgrabung-ukraine-geschichte-europa-100.html,20240925055833,cdx,
https://www.zdf.de/nachrichten/panorama/hitze-klimafreundlich-kuehlen-100.html,20240926140216,cdx,
https://www.zdf.de/nachrichten/panorama/hochwasser-sueddeutschland-klimawandel-wahrscheinlicher-100.html,20240926155522,cdx,
https://www.zdf.de/nachrichten/panorama/israel-archaeologie-stadttor-ausgrabung-100.html,20240925074533,cdx,
https://www.zdf.de/nachrichten/panorama/jacht-sizilien-bayesian-lynch-leiche-100.html,20240925125604,cdx,
https://www.zdf.de/nachrichten/panorama/jugendliche-kinder-computerspiele-100.html,20240925184841,cdx,
https://www.zdf.de/nachrichten/panorama/kfz-versicherung-auto-beitraege-gdv-regionalklassen-100.html,20240925125608,cdx,
https://www.zdf.de/nachrichten/panorama/kriminalitaet/koeln-explosion-cafe-anwohner-evakuierungen-nrw-100.html,20240925130026,cdx,
https://www.zdf.de/nachrichten/panorama/kriminalitaet/lauterbach-entfuehrung-prozess-wilhelm-p-100.html,20240925083250,cdx,
https://www.zdf.de/nachrichten/panorama/kriminalitaet/reichsbuerger-prozess-auftakt-muenchen-100.html,20240925223931,cdx,
https://www.zdf.de/nachrichten/panorama/linksextremist-lina-e-urteil-oberlandesgericht-dresden-100.html,20240925204902,cdx,
https://www.zdf.de/nachrichten/panorama/mond-vorbereitung-astronauten-koeln-100.html,20240925160749,cdx,
https://www.zdf.de/nachrichten/panorama/naturschutz-aktivisten-global-witness-100.html,20240925004311,cdx,
https://www.zdf.de/nachrichten/panorama/papst-indonesien-kinder-kirche-100.html,20240925023253,cdx,
https://www.zdf.de/nachrichten/panorama/prominente/chad-mcqueen-schauspieler-karate-kid-filme-gestorben-100.html,20240925030206,cdx,
https://www.zdf.de/nachrichten/panorama/prominente/comedian-nizar-akremi-antisemitismusbeauftragter-hamburg-kritik-100.html,20240925021957,cdx,
https://www.zdf.de/nachrichten/panorama/prominente/luke-mockridge-comedian-paralympics-behindertensport-tour-wien-100.html,20240925023753,cdx,
https://www.zdf.de/nachrichten/panorama/prominente/michael-schumacher-erpressung-anklage-100.html,20240925121647,cdx,
https://www.zdf.de/nachrichten/panorama/prominente/reinhold-messner-geburtstag-bergsteiger-100.html,20240926154406,cdx,
https://www.zdf.de/nachrichten/panorama/prozess-auftakt-reichsbuerger-vereinte-patrioten-100.html,20240925223931,cdx,
https://www.zdf.de/nachrichten/panorama/spacex-rakete-falcon-9-starts-erlaubt-100.html,20240925110700,cdx,
https://www.zdf.de/nachrichten/panorama/starkregen-unwetter-ueberschwemmung-verhalten-tipps-100.html,20240926215826,cdx,
https://www.zdf.de/nachrichten/panorama/stonehenge-ritualstaette-entdeckung-niederlande-100.html,20240926195533,cdx,
https://www.zdf.de/nachrichten/panorama/vapen-e-zigarette-trend-rauchen-100.html,20240926155943,cdx,
https://www.zdf.de/nachrichten/panorama/wetter-schnee-berge-dauerregen-mitteleuropa-100.html,20240925032157,cdx,
https://www.zdf.de/nachrichten/panorama/who-handy-jugendliche-100.html,20240925015404,cdx,
https://www.zdf.de/nachrichten/politik/atomwaffen-belarus-putin-ukraine-krieg-russland-100.html,20240926170921,cdx,
https://www.zdf.de/nachrichten/politik/ausland/186000-migranten-flucht-mittelmeer-europa-100.html,20240926094647,cdx,
https://www.zdf.de/nachrichten/politik/ausland/angriff-energie-infrastruktur-stromausfall-ukraine-krieg-russland-100.html,20240926125610,cdx,
https://www.zdf.de/nachrichten/politik/ausland/borrell-blutbad-gaza-israel-100.html,20240925084000,cdx,
https://www.zdf.de/nachrichten/politik/ausland/brasilien-pantanal-brand-klimawandel-amazonas-100.html,20240926100313,cdx,
https://www.zdf.de/nachrichten/politik/ausland/burkina-faso-schulze-100.html,20240925063649,cdx,
https://www.zdf.de/nachrichten/politik/ausland/china-interkontinental-rakete-test-100.html,20240925130108,cdx,
https://www.zdf.de/nachrichten/politik/ausland/cop-29-klima-konferenz-bonn-100.html,20240925164621,cdx,
https://www.zdf.de/nachrichten/politik/ausland/demokratie-rassismus-usa-wahl-100.html,20240925012017,cdx,
https://www.zdf.de/nachrichten/politik/ausland/drohnen-flughaefen-flugabwehr-ukraine-krieg-russland-100.html,20240925164238,cdx,
https://www.zdf.de/nachrichten/politik/ausland/eminem-ramaswamy-republikaner-wahlkampf-usa-wahl-100.html,20240925194223,cdx,
https://www.zdf.de/nachrichten/politik/ausland/europaeisches-parlament-evp-brandmauer-100.html,20240926174959,cdx,
https://www.zdf.de/nachrichten/politik/ausland/frankreich-neue-regierung-konservativ-100.html,20240925010308,cdx,
https://www.zdf.de/nachrichten/politik/ausland/frankreich-parlament-neuwahl-100.html,20240925134723,cdx,
https://www.zdf.de/nachrichten/politik/ausland/gantz-ruecktritt-israel-100.html,20240925121929,cdx,
https://www.zdf.de/nachrichten/politik/ausland/gaza-baerbock-hoffnung-kriegsende-befreiung-geiseln-100.html,20240925210144,cdx,
https://www.zdf.de/nachrichten/politik/ausland/gefangenenaustausch-russland-gershkovich-100.html,20240925093144,cdx,
https://www.zdf.de/nachrichten/politik/ausland/hamas-chef-ismail-hanija-iran-nahost-konflikt-israel-100.html,20240925122409,cdx,
https://www.zdf.de/nachrichten/politik/ausland/hamas-israel-iran-russland-tuerkei-moelling-100.html,20240926134130,cdx,
https://www.zdf.de/nachrichten/politik/ausland/harris-wirtschaft-kamalanomics-usa-wahl-100.html,20240925125758,cdx,
https://www.zdf.de/nachrichten/politik/ausland/hisbollah-raketen-tel-aviv-mossad-israel-100.html,20240925154042,cdx,
https://www.zdf.de/nachrichten/politik/ausland/iran-neuer-praesident-peseschkian-100.html,20240925093027,cdx,
https://www.zdf.de/nachrichten/politik/ausland/israel-angriff-hamas-netanjahu-100.html,20240926184230,cdx,
https://www.zdf.de/nachrichten/politik/ausland/israel-armee-extremistische-siedler-100.html,20240925122349,cdx,
https://www.zdf.de/nachrichten/politik/ausland/israel-hamas-gaza-angriff-experte-analyse-100.html,20240926151737,cdx,
https://www.zdf.de/nachrichten/politik/ausland/israel-libanon-bundesregierung-ausreise-golanhoehen-angriff-100.html,20240925111059,cdx,related
https://www.zdf.de/nachrichten/politik/ausland/israel-libanon-hisbollah-waffenruhe-un-diplomatie-100.html,20240926202832,cdx,
https://www.zdf.de/nachrichten/politik/ausland/kamala-harris-portraet-102.html,20240925014514,cdx,
https://www.zdf.de/nachrichten/politik/ausland/kanaren-spanien-fluechtlinge-100.html,20240925064035,cdx,
https://www.zdf.de/nachrichten/politik/ausland/klima-flucht-kinder-vereinte-nationen-un-100.html,20240926235651,cdx,
https://www.zdf.de/nachrichten/politik/ausland/krieg-hisbollah-bodenoffensive-libanon-israel-100.html,20240925195203,cdx,
https://www.zdf.de/nachrichten/politik/ausland/kursk-selenskyj-victory-plan-ukraine-krieg-russland-100.html,20240925022057,cdx,
https://www.zdf.de/nachrichten/politik/ausland/libanon-hisbollah-israel-angriff-bodenoffensive-experte-eskalation-100.html,20240925013953,cdx,related
https://www.zdf.de/nachrichten/politik/ausland/migration-eu-asylreform-krisenverordnung-verhandlungen-100.html,20240926181839,cdx,
https://www.zdf.de/nachrichten/politik/ausland/niederlande-dick-schoof-ministerpraesident-100.html,20240926011911,cdx,
https://www.zdf.de/nachrichten/politik/ausland/nord-stream-befehlshaber-ukraine-krieg-russland-100.html,20240926060552,cdx,
https://www.zdf.de/nachrichten/politik/ausland/nordkorea-atomwaffem-urananreicherungsanlage-besuch-kim-100.html,20240925034123,cdx,
https://www.zdf.de/nachrichten/politik/ausland/nuklear-doktrin-russland-putin-100.html,20240926224027,cdx,
https://www.zdf.de/nachrichten/politik/ausland/oesterreich-wahlen-hochwasser-100.html,20240926165453,cdx,
https://www.zdf.de/nachrichten/politik/ausland/putin-nukleardoktrin-atomwaffen-ukraine-krieg-russland-100.html,20240925211907,cdx,
https://www.zdf.de/nachrichten/politik/ausland/raketenangriff-stromnetz-ukraine-krieg-russland-100.html,20240925065001,cdx,
https://www.zdf.de/nachrichten/politik/ausland/schulze-pakistan-handtasche-sicherheit-eklat-100.html,20240925041800,cdx,
https://www.zdf.de/nachrichten/politik/ausland/selenskyj-un-sicherheitsrat-ukraine-frieden-krieg-russland-100.html,20240925074517,cdx,
https://www.zdf.de/nachrichten/politik/ausland/swing-states-erklaert-usa-wahl-100.html,20240926134945,cdx,
https://www.zdf.de/nachrichten/politik/ausland/tim-walz-demokraten-parteitag-nominierung-rede-100.html,20240925002608,cdx,
https://www.zdf.de/nachrichten/politik/ausland/trump-attentaeter-anklage-usa-wahl-100.html,20240925024602,cdx,
https://www.zdf.de/nachrichten/politik/ausland/trump-biden-harris-tv-duell-debatte-usa-wahl-100.html,20240925125704,cdx,
https://www.zdf.de/nachrichten/politik/ausland/tuerkei-erdogan-pkk-kurden-nato-schweden-100.html,20240925084723,cdx,
https://www.zdf.de/nachrichten/politik/ausland/ukraine-krieg-frieden-kursk-offensive-putin-russland-100.html,20240925034124,cdx,
https://www.zdf.de/nachrichten/politik/ausland/usa-uran-munition-abrams-ukraine-krieg-russland-100.html,20240926082726,cdx,
https://www.zdf.de/nachrichten/politik/ausland/vance-trump-republikanische-partei-usa-wahl-100.html,20240925125722,cdx,
https://www.zdf.de/nachrichten/politik/ausland/venezuela-haftbefehl-opposition-100.html,20240926214449,cdx,
https://www.zdf.de/nachrichten/politik/ausland/venezuela-maduro-wahl-usa-sieger-100.html,20240925093135,cdx,
https://www.zdf.de/nachrichten/politik/ausland/vereinte-nationen-israel-gaza-rafah-un-sitzung-100.html,20240926231912,cdx,
https://www.zdf.de/nachrichten/politik/ausland/waffenruhe-gaza-israel-spekulationen-hamas-katar-100.html,20240926050704,cdx,
https://www.zdf.de/nachrichten/politik/ausland/wolf-abschuss-eu-laender-deutschland-100.html,20240925123403,cdx,
https://www.zdf.de/nachrichten/politik/ausland/wolf-schutzstatus-eu-kommission-abschuss-100.html,20240925130044,cdx,
https://www.zdf.de/nachrichten/politik/deutschland/afd-junge-alternative-verbot-parteijugend-gnauck-100.html,20240925181117,cdx,
https://www.zdf.de/nachrichten/politik/deutschland/angela-merkel-70-geburtstag-festakt-friedrich-merz-100.html,20240925203402,cdx,
https://www.zdf.de/nachrichten/politik/deutschland/anschlag-bundeswehr-islamist-bayern-festnahme-100.html,20240925022450,cdx,
https://www.zdf.de/nachrichten/politik/deutschland/bischoefe-kritik-afd-100.html,20240926231927,cdx,
https://www.zdf.de/nachrichten/politik/deutschland/boris-pistorius-litauen-ukraine-krieg-russland-100.html,20240926144002,cdx,
https://www.zdf.de/nachrichten/politik/deutschland/bsw-buendnis-sahra-wagenknecht-waehler-einstellungen-rechtsextrem-100.html,20240926130231,cdx,
https://www.zdf.de/nachrichten/politik/deutschland/bsw-wagenknecht-correctiv-datenleck-100.html,20240926130224,cdx,
https://www.zdf.de/nachrichten/politik/deutschland/bundestag-regierungsbefragung-lindner-lemke-100.html,20240926021734,cdx,
https://www.zdf.de/nachrichten/politik/deutschland/deutschland-grossbritannien-militaer-zusammenarbeit-100.html,20240925155525,cdx,
https://www.zdf.de/nachrichten/politik/deutschland/fake-news-annalena-baerbock-gigolo-100.html,20240925125826,cdx,
https://www.zdf.de/nachrichten/politik/deutschland/fdp-frueherer-partei-chef-gerhardt-tot-100.html,20240925032643,cdx,
https://www.zdf.de/nachrichten/politik/deutschland/gaming-gamescom-foerderung-habeck-lindner-streit-100.html,20240925200348,cdx,
https://www.zdf.de/nachrichten/politik/deutschland/grenzkontrollen-polizei-gewerkschaft-migration-100.html,20240925123111,cdx,
https://www.zdf.de/nachrichten/politik/deutschland/gruene-ampel-konsequenzen-ruecktritt-100.html,20240925163605,cdx,
https://www.zdf.de/nachrichten/politik/deutschland/gruene-jugend-migration-ampel-gespraeche-100.html,20240925155648,cdx,
https://www.zdf.de/nachrichten/politik/deutschland/gruene-jugend-ruecktritt-austritt-100.html,20240925215706,cdx,
https://www.zdf.de/nachrichten/politik/deutschland/gruene-jugend-ruecktritt-reaktionen-kuenast-100.html,20240926143739,cdx,
https://www.zdf.de/nachrichten/politik/deutschland/gruene-krise-habeck-kanzlerkandidatur-100.html,20240925214740,cdx,
https://www.zdf.de/nachrichten/politik/deutschland/gruene-lang-nouripour-ruecktritt-100.html,20240925083247,cdx,
https://www.zdf.de/nachrichten/politik/deutschland/gruene-ruecktritt-lang-nouripour-kommentar-100.html,20240925135547,cdx,
https://www.zdf.de/nachrichten/politik/deutschland/gruene-ruecktritt-vorsitzende-franziska-brantner-nachfolge-lang-100.html,20240926170629,cdx,
https://www.zdf.de/nachrichten/politik/deutschland/haushalt-debatte-lindner-warnung-spd-koalitionsbruch-100.html,20240926012102,cdx,
https://www.zdf.de/nachrichten/politik/deutschland/hochwasser-brandenburg-hoechste-alarmstufe-oder-woidke-100.html,20240925095358,cdx,
https://www.zdf.de/nachrichten/politik/deutschland/israel-deutsche-beteiligung-bundeswehr-einsatz-100.html,20240925145732,cdx,
https://www.zdf.de/nachrichten/politik/deutschland/karamba-diaby-morddrohung-100.html,20240926130453,cdx,
https://www.zdf.de/nachrichten/politik/deutschland/kuenstliche-intelligenz-gesetz-eu-100.html,20240925111040,cdx,
https://www.zdf.de/nachrichten/politik/deutschland/lanz-voigt-landtagswahlen-osten-bsw-100.html,20240925012011,cdx,
https://www.zdf.de/nachrichten/politik/deutschland/lanz-wagenknecht-bsw-kritik-100.html,20240926073031,cdx,
https://www.zdf.de/nachrichten/politik/deutschland/lisa-paus-familienministerin-fragestunde-bundestag-100.html,20240926134928,cdx,
https://www.zdf.de/nachrichten/politik/deutschland/migration-forscher-ruud-koopmans-gruene-ruecktritt-parteivorstand-100.html,20240926093913,cdx,
https://www.zdf.de/nachrichten/politik/deutschland/olaf-scholz-migration-abschiebung-100.html,20240926152302,cdx,
https://www.zdf.de/nachrichten/politik/deutschland/pirna-ausstellung-gefluechtete-eroeffnung-absage-100.html,20240925171035,cdx,
https://www.zdf.de/nachrichten/politik/deutschland/politische-information-kuenstliche-intelligenz-100.html,20240925035812,cdx,
https://www.zdf.de/nachrichten/politik/deutschland/razzia-reichsbuerger-prinz-reuss-100.html,20240925220459,cdx,
https://www.zdf.de/nachrichten/politik/deutschland/rechtsterrorismus-kaiserreichsgruppe-oberlandesgericht-duesseldorf-100.html,20240925084317,cdx,
https://www.zdf.de/nachrichten/politik/deutschland/reichsbuerger-prozess-prinz-reuss-beginn-100.html,20240925220459,cdx,
https://www.zdf.de/nachrichten/politik/deutschland/reichsbuerger-terror-prozess-prinz-reuss-muenchen-100.html,20240925223936,cdx,
https://www.zdf.de/nachrichten/politik/deutschland/reichsbuerger-verschwoerungstheorien-100.html,20240925223935,cdx,
https://www.zdf.de/nachrichten/politik/deutschland/rentenpaket-ii-fdp-rentenniveau-diskussion-100.html,20240926080604,cdx,
https://www.zdf.de/nachrichten/politik/deutschland/scholz-taurus-lachen-kritik-ukraine-russland-krieg-100.html,20240926133715,cdx,
https://www.zdf.de/nachrichten/politik/deutschland/solingen-auswirkungen-thueringen-sachsen-afd-100.html,20240925095732,cdx,
https://www.zdf.de/nachrichten/politik/deutschland/solingen-migration-abschiebungen-buergermeister-gernsbach-100.html,20240925202220,cdx,
https://www.zdf.de/nachrichten/politik/deutschland/thueringen-landtag-wahl-verfassungsgericht-afd-cdu-100.html,20240926171715,cdx,
https://www.zdf.de/nachrichten/politik/deutschland/thueringen-landtagspraesidenten-wahl-afd-100.html,20240925184813,cdx,
https://www.zdf.de/nachrichten/politik/deutschland/thueringen-sachsen-landtagswahlen-presse-stimmen-100.html,20240925142548,cdx,
https://www.zdf.de/nachrichten/politik/donald-trump-portraet-100.html,20240925014812,cdx,
https://www.zdf.de/nachrichten/politik/einbuergerung-deutschland-reform-staatsbuergerschaft-100.html,20240926112245,cdx,
https://www.zdf.de/nachrichten/politik/entwicklungspolitik-schulze-pakistan-lieferketten-gesetz-100.html,20240925090420,cdx,
https://www.zdf.de/nachrichten/politik/extremwetter-kongress-klimawandel-hamburg-100.html,20240925094330,cdx,
https://www.zdf.de/nachrichten/politik/flugzeug-absturz-brasilien-tote-100.html,20240925162658,cdx,
https://www.zdf.de/nachrichten/politik/fruehjahr-offensive-befestigungen--ukraine-krieg-russland-100.html,20240926134339,cdx,
https://www.zdf.de/nachrichten/politik/hassrede-kuenast-urteil-frankfurt-hasskommentare-hate-speech-100.html,20240926112455,cdx,
https://www.zdf.de/nachrichten/politik/leak-praesidentschaftswahl-russland-putin-100.html,20240926224831,cdx,
https://www.zdf.de/nachrichten/politik/markus-lanz-christian-duerr-heizungsgesetz-100.html,20240925101831,cdx,
https://www.zdf.de/nachrichten/politik/migration-gefluechtete-zahlen-fakten-deutschland-europa-100.html,20240926121051,cdx,
https://www.zdf.de/nachrichten/politik/nordkorea-atomprogramm-uran-anreicherung-bilder-100.html,20240925034222,cdx,
https://www.zdf.de/nachrichten/politik/oepnv-probleme-deutschlandticket-100.html,20240925013850,cdx,
https://www.zdf.de/nachrichten/politik/prigoschin-wagner-belarus-ukraine-krieg-russland-100.html,20240926191707,cdx,
https://www.zdf.de/nachrichten/politik/recruiter-telegram-sabotage-mord-frontal-100.html,20240926053423,cdx,
https://www.zdf.de/nachrichten/politik/selenskyj-nato-gipfel-ukraine-vilnius-krieg-russland-100.html,20240926110919,cdx,
https://www.zdf.de/nachrichten/politik/spanien-menstruationsurlaub-gesetz-in-kraft-100.html,20240926082135,cdx,
https://www.zdf.de/nachrichten/politik/ungarn-russland-visa-einreise-eu-100.html,20240925152005,cdx,
https://www.zdf.de/nachrichten/politik/usa-schuldenstreit-treffen-mccarthy-biden-100.html,20240926073154,cdx,
https://www.zdf.de/nachrichten/politik/wladimir-putin-rote-linien-nato-ukraine-100.html,20240925022448,cdx,
https://www.zdf.de/nachrichten/ratgeber/gesundheit/brennnessel-kapseln-gewicht-abnehmen-blitzdiaet-monodiaet-100.html,20240925134402,cdx,
https://www.zdf.de/nachrichten/ratgeber/gesundheit/dyshidrose-dyshidrotisches-ekzem-juckende-blaeschen-100.html,20240925040352,cdx,
https://www.zdf.de/nachrichten/ratgeber/gesundheit/sportwetten-spielsucht-hilfe-symptome-100.html,20240925060230,cdx,
https://www.zdf.de/nachrichten/ratgeber/gesundheit/vibrionen-infektion-ostsee-tote-100.html,20240925084846,cdx,
https://www.zdf.de/nachrichten/ratgeber/giftige-pflanzen-katze-hund-haustiere-100.html,20240925031203,cdx,
https://www.zdf.de/nachrichten/ratgeber/girokonto-gebuehren-gratis-banken-100.html,20240926145531,cdx,
https://www.zdf.de/nachrichten/ratgeber/hochwasser-feuer-notfall-tasche-dokumente-evakuierung-100.html,20240926141435,cdx,
https://www.zdf.de/nachrichten/ratgeber/hochwasser-vorsorge-verhalten-versicherung-tipps-100.html,20240926145521,cdx,
https://www.zdf.de/nachrichten/ratgeber/pilze-zuhause-selber-zuechten-100.html,20240925022650,cdx,
https://www.zdf.de/nachrichten/ratgeber/second-hand-kinderschuhe-gebraucht-kaufen-100.html,20240926024012,cdx,
https://www.zdf.de/nachrichten/ratgeber/split-klimaanlage-heizung-100.html,20240926142951,cdx,
https://www.zdf.de/nachrichten/ratgeber/vermieter-heizkosten-mietwohnung-100.html,20240926114651,cdx,
https://www.zdf.de/nachrichten/ratgeber/wasserqualitaet-badesee-badegewaesser-100.html,20240925091933,cdx,
https://www.zdf.de/nachrichten/sport/annika-zeyen-giles-para-rad-wm-parasport-100.html,20240926023954,cdx,
https://www.zdf.de/nachrichten/sport/benedikt-boehm-ski-bergsteigen-speed-ski-extrem-bergsteigen-100.html,20240925021958,cdx,
https://www.zdf.de/nachrichten/sport/deutschland-niederlande-fussball-nations-league-100.html,20240925021338,cdx,
https://www.zdf.de/nachrichten/sport/dfb-pokal-kickers-offenbach-fc-magdeburg-100.html,20240926113420,cdx,
https://www.zdf.de/nachrichten/sport/em-klinsmann-nationalmannschaft-fussball-100.html,20240925232424,cdx,
https://www.zdf.de/nachrichten/sport/esther-henseleit-golf-olympia-100.html,20240925025314,cdx,
https://www.zdf.de/nachrichten/sport/franz-moritz-wagner-basketball-nba-doku-100.html,20240925014153,cdx,
https://www.zdf.de/nachrichten/sport/fussball-champions-league-finale-2027-nicht-mailand-san-siro-stadion-100.html,20240925014319,cdx,
https://www.zdf.de/nachrichten/sport/fussball-champions-league-frauen-wolfsburg-florenz-100.html,20240926022214,cdx,
https://www.zdf.de/nachrichten/sport/fussball-dfb-pokal-finale-berlin-fck-kaiserslautern-bayer-leverkusen-100.html,20240926172822,cdx,
https://www.zdf.de/nachrichten/sport/fussball-dfb-pokal-finale-rueckblick-sensationen-ueberaschungen-100.html,20240926111844,cdx,
https://www.zdf.de/nachrichten/sport/fussball-dfl-rechtsstreit-rechtevergabe-tv-rechte-dazn-100.html,20240925014151,cdx,
https://www.zdf.de/nachrichten/sport/fussball-el-ghazi-mainz-israel-palaestina-ermittlungen-volksverhetzung-102.html,20240926013354,cdx,
https://www.zdf.de/nachrichten/sport/fussball-pele-brasilien-gedenktag-gesetz-100.html,20240926114641,cdx,
https://www.zdf.de/nachrichten/sport/gewalt-amateurfussball-statistik-dfb-100.html,20240925183213,cdx,
https://www.zdf.de/nachrichten/sport/kuenzer-dfb-direktorin-100.html,20240925100556,cdx,
https://www.zdf.de/nachrichten/sport/nationaltorhueter-ter-stegen-verletzt-ancelotti-100.html,20240925014946,cdx,
https://www.zdf.de/nachrichten/sport/radsport-wm-zeitfahren-mixed-team-silber-gold-handbikerin-zeyen-giles-100.html,20240926022430,cdx,
https://www.zdf.de/nachrichten/sport/tennis-davis-cup-dtb-finalrunde-100.html,20240925031947,cdx,
https://www.zdf.de/nachrichten/sport/tennis-us-open-alcaraz-100.html,20240925074049,cdx,
https://www.zdf.de/nachrichten/sport/tennis-us-open-viertelfinale-zverev-fritz-100.html,20240926112234,cdx,
https://www.zdf.de/nachrichten/sport/tennis-us-open-zverev-achtelfinale-djokovic-raus-100.html,20240925221014,cdx,
https://www.zdf.de/nachrichten/sport/tennis-zverev-lungenentzuendung-100.html,20240925064315,cdx,
https://www.zdf.de/nachrichten/sport/tsg-hoffenheim-europa-league-pellegrino-matarazzo-100.html,20240926023959,cdx,
https://www.zdf.de/nachrichten/sport/zdf-tippcenter-tippspiel-fussball-100.html,20240925044914,cdx,
https://www.zdf.de/nachrichten/thema/annalena-baerbock-152.html,20240925155719,cdx,
https://www.zdf.de/nachrichten/thema/augenkrankheiten-100.html,20240926160704,cdx,
https://www.zdf.de/nachrichten/thema/buergergeld-150.html,20240925161953,cdx,
https://www.zdf.de/nachrichten/thema/demokratische-partei-usa-100.html,20240925005127,cdx,
https://www.zdf.de/nachrichten/thema/deutsche-bahn-160.html,20240925153938,cdx,
https://www.zdf.de/nachrichten/thema/europa-league-132.html,20240926142235,cdx,
https://www.zdf.de/nachrichten/thema/gewerkschaft-ngg-100.html,20240925023250,cdx,
https://www.zdf.de/nachrichten/thema/karl-nehammer-120.html,20240926133200,cdx,
https://www.zdf.de/nachrichten/thema/nordrhein-westfalen-news-100.html,20240926003607,cdx,
https://www.zdf.de/nachrichten/thema/omid-nouripour-162.html,20240925180004,cdx,
https://www.zdf.de/nachrichten/thema/scheidung-102.html,20240925223931,cdx,
https://www.zdf.de/nachrichten/thema/schlaganfall-120.html,20240926120142,cdx,
https://www.zdf.de/nachrichten/thema/schwangerschaft-106.html,20240926135615,cdx,
https://www.zdf.de/nachrichten/thema/siemens-146.html,20240926150537,cdx,
https://www.zdf.de/nachrichten/thema/stephan-weil-168.html,20240925055509,cdx,
https://www.zdf.de/nachrichten/thema/waermepumpe-142.html,20240926171937,cdx,
https://www.zdf.de/nachrichten/video/hund-powerbank-brand-video-100.html,20240925002150,cdx,
https://www.zdf.de/nachrichten/video/lanz-fluechtlinge-grenzen-eu-100.html,20240925081721,cdx,
https://www.zdf.de/nachrichten/video/lanz-politik-afd-thueringen-landtag-100.html,20240925133812,cdx,
https://www.zdf.de/nachrichten/video/lanz-stolla-sozialstaat-100.html,20240925133343,cdx,
https://www.zdf.de/nachrichten/video/politik-illner-pistorius-nato-eu-beitritt-ukraine-100.html,20240926150051,cdx,
https://www.zdf.de/nachrichten/video/politik-lanz-vanaken-afd-faschismus-100.html,20240925215746,cdx,
https://www.zdf.de/nachrichten/video/politik-neue-protestkultur-am-puls-mit-dunja-hayali-100.html,20240926135437,cdx,
https://www.zdf.de/nachrichten/video/politik-spahn-thym-lanz-migration-solingen-100.html,20240926130938,cdx,
https://www.zdf.de/nachrichten/wirtschaft/banken-deutschland-commerzbank-unicredit-standort-100.html,20240925143608,cdx,
https://www.zdf.de/nachrichten/wirtschaft/boerse-jahresausblick-dax-krisenmodus-aktienmarkt-100.html,20240926183757,cdx,
https://www.zdf.de/nachrichten/wirtschaft/ernte-bilanz-2024-bauernverband-rukwied-100.html,20240925125610,cdx,
https://www.zdf.de/nachrichten/wirtschaft/ezb-leitzins-euro-inflation-100.html,20240926195129,cdx,
https://www.zdf.de/nachrichten/wirtschaft/ezb-leitzins-inflation-100.html,20240926153750,cdx,
https://www.zdf.de/nachrichten/wirtschaft/gasversorgung-energiesicherheit-deutschland-pipelines-russland-100.html,20240925084723,cdx,
https://www.zdf.de/nachrichten/wirtschaft/kfw-neugruendungen-unternehmen-100.html,20240926144505,cdx,
https://www.zdf.de/nachrichten/wirtschaft/leitzins-ezb-eurozone-krise-rezession-inflation-100.html,20240926123402,cdx,
https://www.zdf.de/nachrichten/wirtschaft/startup-summit-germany-tele-driving-vay-100.html,20240926120647,cdx,
https://www.zdf.de/nachrichten/wirtschaft/trump-auto-konzerne-usa-deutschland-100.html,20240925122335,cdx,
https://www.zdf.de/nachrichten/wirtschaft/unternehmen/benko-signa-unternehmer-anhoerung-parlament-oesterreich-100.html,20240926012205,cdx,
https://www.zdf.de/nachrichten/wirtschaft/unternehmen/dsv-schenker-uebernahme-bahn-tochter-100.html,20240925022014,cdx,
https://www.zdf.de/nachrichten/wirtschaft/unternehmen/firmen-neugruendungen-startups-strukturwandel-wirtschaft-100.html,20240926210308,cdx,
https://www.zdf.de/nachrichten/wirtschaft/unternehmen/intel-chipfabrik-magdeburg-baustopp-subventionen-100.html,20240926132159,cdx,
https://www.zdf.de/nachrichten/wirtschaft/unternehmen/internet-big-tech-gefahr-demokratie-100.html,20240926134809,cdx,
https://www.zdf.de/nachrichten/wirtschaft/unternehmen/post-brief-porto-erhoehung-2025-100.html,20240925130338,cdx,
https://www.zdf.de/nachrichten/wirtschaft/unternehmen/vw-ig-metall-tarifverhandlungen-werksschliessungen-kuendigungen-streik-100.html,20240925090720,cdx,
https://www.zdf.de/nachrichten/wirtschaft/wohntraumstudie-immobilien-generationen-100.html,20240926203224,cdx,
https://www.zdf.de/nachrichten/wirtschaft/wohnungen-bueroumwandlung-studie-100.html,20240925204713,cdx,
https://www.zdf.de/nachrichten/wissen/aegypten-grab-abusir-100.html,20240926165725,cdx,
https://www.zdf.de/nachrichten/wissen/ei-roemerzeit-fluessig-100.html,20240926113222,cdx,
https://www.zdf.de/nachrichten/wissen/endometriose-ursache-therapie-forschung-100.html,20240926132250,cdx,
https://www.zdf.de/nachrichten/wissen/hera-mission-asteroid-einschlag-schutz-weltall-100.html,20240926171214,cdx,
https://www.zdf.de/nachrichten/wissen/klima-hochwasser-extremwetter-wasserspeicher-duerre-100.html,20240925082256,cdx,
https://www.zdf.de/nachrichten/wissen/nordsee-deutsche-bucht-wasser-rekordtemperatur-100.html,20240925082312,cdx,
https://www.zdf.de/nachrichten/wissen/starkregen-management-hochwasser-stadt-100.html,20240925173455,cdx,
https://www.zdf.de/nachrichten/zdfspezial/staatsakt-75-jahre-grundgesetz-clip-2-100.html,20240926190949,cdx,
https://www.zdf.de/nachrichten/zdfspezial/zdf-spezial---nach-solingen---welche-forderungen-lassen-sich-umsetzen-100.html,20240925072041,cdx,
https://www.zdf.de/nachrichten/zdfspezial/zdf-spezial-zu-den-landtagswahlen-in-sachsen-und-thueringen-clip-6-100.html,20240926071826,cdx,
https://www.zdf.de/nachrichten/briefing/gruene-rentenpaket-afd-hacker-zdfheute-update-100.html,20240927210249,cdx,
https://www.zdf.de/nachrichten/briefing/scholz-merz-politbarometer-leifert-zdfheute-update-100.html,20240927111210,cdx,
https://www.zdf.de/nachrichten/drehscheibe/diy-zweisitzer-handwerkern-garten-100.html,20240927112245,cdx,
https://www.zdf.de/nachrichten/heute/animation-carolabruecke-dresden-einsturz-100.html,20240927225246,cdx,
https://www.zdf.de/nachrichten/heute/steiner-vereinte-nationen-zukunftspakt-video-100.html,20240927151840,cdx,
https://www.zdf.de/nachrichten/panorama/aperol-spritz-krebs-farbstoff-vorwurf-100.html,20240927024025,cdx,
https://www.zdf.de/nachrichten/panorama/batman-batmobil-film-original-1992-deutschland-100.html,20240927145607,cdx,
https://www.zdf.de/nachrichten/panorama/batman-stern-walk-of-fame-100.html,20240927123928,cdx,
https://www.zdf.de/nachrichten/panorama/caterina-valente-tot-100.html,20240927155218,cdx,
https://www.zdf.de/nachrichten/panorama/cell-broadcast-warnsystem-einsatz-100.html,20240927153411,cdx,
https://www.zdf.de/nachrichten/panorama/chilly-gonzales-gonzo-album-100.html,20240927223501,cdx,
https://www.zdf.de/nachrichten/panorama/civilization-vii-civ-sid-meier-100.html,20240927145143,cdx,
https://www.zdf.de/nachrichten/panorama/deutsche-bahn-puenktlichkeit-august-verspaetung-fernverkehr-100.html,20240927202221,cdx,
https://www.zdf.de/nachrichten/panorama/erdbeben-marokko-staerke-karte-100.html,20240927051633,cdx,
https://www.zdf.de/nachrichten/panorama/gaming-videospiele-stop-killing-games-100.html,20240927145148,cdx,
https://www.zdf.de/nachrichten/panorama/hochwasser-ueberflutung-lage-europa-deutschland-tote-armee-100.html,20240927021920,cdx,
https://www.zdf.de/nachrichten/panorama/infografiken-weltkindertag-kinderrechte-100.html,20240927111909,cdx,
https://www.zdf.de/nachrichten/panorama/kinderarbeit-unicef-lieferkettengesetz-deutschland-100.html,20240927054714,cdx,
https://www.zdf.de/nachrichten/panorama/klima-ozean-temperatur-100.html,20240927182335,cdx,
https://www.zdf.de/nachrichten/panorama/kriminalitaet/kokain-drogen-fund-rotterdam-100.html,20240928141359,cdx,
https://www.zdf.de/nachrichten/panorama/kriminalitaet/zoll-drogen-suche-spuerhunde-container-100.html,20240927162257,cdx,
https://www.zdf.de/nachrichten/panorama/los-angeles-kalifornien-waldbrand-feuer-100.html,20240927201230,cdx,
https://www.zdf.de/nachrichten/panorama/mond-hoehle-wissenschaftler-entdeckung-100.html,20240927053207,cdx,
https://www.zdf.de/nachrichten/panorama/notfaelle-handy-warnsystem-katatastrophen-100.html,20240927160158,cdx,
https://www.zdf.de/nachrichten/panorama/papst-franziskus-asien-reise-100.html,20240927202132,cdx,
https://www.zdf.de/nachrichten/panorama/pinguin-japan-zurueck-wildnis-100.html,20240927150107,cdx,
https://www.zdf.de/nachrichten/panorama/porno-sexting-kinder-jugendliche-100.html,20240927155216,cdx,
https://www.zdf.de/nachrichten/panorama/prominente/bennifer-scheidung-lopez-jlo-affleck-100.html,20240927124548,cdx,
https://www.zdf.de/nachrichten/panorama/prominente/diddy-rapper-new-york-festnahme-100.html,20240927023017,cdx,
https://www.zdf.de/nachrichten/panorama/prominente/justin-timberlake-alkoholfahrt-geldstrafe-usa-100.html,20240927223026,cdx,
https://www.zdf.de/nachrichten/panorama/prominente/lehmann-kettensaege-prozess-starnberger-see-100.html,20240928014537,cdx,
https://www.zdf.de/nachrichten/panorama/prominente/maggie-smith-schauspielerin-tot-100.html,20240928014349,cdx,
https://www.zdf.de/nachrichten/panorama/prominente/mockridge-absage-tourauftakt-behindertensport-100.html,20240927150949,cdx,
https://www.zdf.de/nachrichten/panorama/prominente/rockstar-bon-jovi-rettung-frau-bruecke-100.html,20240927190412,cdx,
https://www.zdf.de/nachrichten/panorama/prominente/schauspielerin-maggie-smith-tot-harry-potter-100.html,20240927161346,cdx,
https://www.zdf.de/nachrichten/panorama/prominente/shelley-duvall-tod-the-shining-100.html,20240927060950,cdx,
https://www.zdf.de/nachrichten/panorama/rotterdam-blitzer-raser-radarfalle-100.html,20240927162202,cdx,
https://www.zdf.de/nachrichten/panorama/schach-weltrekord-spende-nigerianer-onakoya-100.html,20240928034413,cdx,
https://www.zdf.de/nachrichten/panorama/sturm-helene-verwuestung-tote-usa-100.html,20240928144343,cdx,
https://www.zdf.de/nachrichten/panorama/sylt-punk-proteste-100.html,20240928192413,cdx,
https://www.zdf.de/nachrichten/panorama/un-tote-migranten-fluechtlinge-mittelmeer-route-100.html,20240927192717,cdx,
https://www.zdf.de/nachrichten/panorama/unesco-weltkulturerbe-entscheidung-2023-100.html,20240927044140,cdx,
https://www.zdf.de/nachrichten/panorama/waldbraende-feuer-los-angeles-kalifornien-100.html,20240927190540,cdx,
https://www.zdf.de/nachrichten/politik/ausland/adams-new-york-buergermeister-anklage-100.html,20240927000320,cdx,
https://www.zdf.de/nachrichten/politik/ausland/baerbock-un-vollversammlung-ukraine-nahost-100.html,20240927104708,cdx,
https://www.zdf.de/nachrichten/politik/ausland/barnier-frankreich-premier-100.html,20240927041216,cdx,
https://www.zdf.de/nachrichten/politik/ausland/belarus-manoever-symbolik-militaeranalyse-ukraine-krieg-russland-100.html,20240927064134,cdx,
https://www.zdf.de/nachrichten/politik/ausland/biden-trump-tv-duell-usa-wahl-100.html,20240927064141,cdx,
https://www.zdf.de/nachrichten/politik/ausland/bosnien-herzegowina-eu-beitritt-100.html,20240927093945,cdx,
https://www.zdf.de/nachrichten/politik/ausland/bruesseler-puzzle-100.html,20240927182924,cdx,
https://www.zdf.de/nachrichten/politik/ausland/cop28-klimakonferenz-baerbock-beschlussentwurf-100.html,20240927025321,cdx,
https://www.zdf.de/nachrichten/politik/ausland/demo-brasilien-sperrung-x-bolsonaro-100.html,20240927203541,cdx,
https://www.zdf.de/nachrichten/politik/ausland/desantis-trump-us-wahl-100.html,20240927180048,cdx,
https://www.zdf.de/nachrichten/politik/ausland/dubai-finanz-kriminalitaet-sanktionen-100.html,20240927023633,cdx,
https://www.zdf.de/nachrichten/politik/ausland/eu-kommission-aufgaben-100.html,20240927152429,cdx,
https://www.zdf.de/nachrichten/politik/ausland/eu-sanktionen-siedler-israel-westjordanland-100.html,20240927153116,cdx,
https://www.zdf.de/nachrichten/politik/ausland/europa-atomkraft-ausbau-100.html,20240927163553,cdx,
https://www.zdf.de/nachrichten/politik/ausland/europawahl-2024-oesterreich-herbert-kickl-rechtspopulismus-100.html,20240927095409,cdx,
https://www.zdf.de/nachrichten/politik/ausland/europawahl-prognose-niederlande-timmermans-wilders-100.html,20240928141255,cdx,
https://www.zdf.de/nachrichten/politik/ausland/frankreich-avignon-vergewaltigung-strafprozess-taeter-ehemann-100.html,20240928013604,cdx,
https://www.zdf.de/nachrichten/politik/ausland/g7-gipfel-bilanz-usa-biden-ukraine-100.html,20240927064748,cdx,
https://www.zdf.de/nachrichten/politik/ausland/g7-papst-ki-kuenstliche-intelligenz-regulierung-100.html,20240927070752,cdx,
https://www.zdf.de/nachrichten/politik/ausland/g7-russland-vermoegen-unterstuetzung-ukraine-krieg-100.html,20240927151948,cdx,
https://www.zdf.de/nachrichten/politik/ausland/gazastreifen-aerzte-ohne-grenzen-kinder-krieg-lage-100.html,20240927023155,cdx,
https://www.zdf.de/nachrichten/politik/ausland/gedenken-moskau-kremlkritiker-nemzow-100.html,20240928034413,cdx,
https://www.zdf.de/nachrichten/politik/ausland/getreide-schwarzmeer-korridor-ukraine-krieg-russland-100.html,20240927115717,cdx,
https://www.zdf.de/nachrichten/politik/ausland/harris-mexiko-grenze-einwanderungsrecht-usa-wahl-100.html,20240928212751,cdx,
https://www.zdf.de/nachrichten/politik/ausland/harris-rede-parteitag-nominierung-usa-wahl-100.html,20240928065148,cdx,
https://www.zdf.de/nachrichten/politik/ausland/hassan-nasrallah-hisbollah-tod-folgen-israel-libanon-100.html,20240928140718,cdx,
https://www.zdf.de/nachrichten/politik/ausland/herbert-kickl-wahl-oesterreich-fpoe-100.html,20240928181224,cdx,
https://www.zdf.de/nachrichten/politik/ausland/hisbollah-libanon-beirut-angriff-israel-100.html,20240927185313,cdx,related
https://www.zdf.de/nachrichten/politik/ausland/humanitaere-hilfe-un-ukraine-krieg-russland-100.html,20240927044111,cdx,
https://www.zdf.de/nachrichten/politik/ausland/israel-eu-nahost-selbstverteidigung-100.html,20240927155907,cdx,
https://www.zdf.de/nachrichten/politik/ausland/israel-gaza-hamas-jossi-beilin-interview-100.html,20240927051644,cdx,
https://www.zdf.de/nachrichten/politik/ausland/israel-hamas-gaza-konflikt-hintergrund-100.html,20240927083920,cdx,
https://www.zdf.de/nachrichten/politik/ausland/joe-biden-praesidentschaft-rueckzug-us-wahl-liveblog-100.html,20240927131548,cdx,
https://www.zdf.de/nachrichten/politik/ausland/katar-gate-metsola-jahrestag-100.html,20240927145641,cdx,
https://www.zdf.de/nachrichten/politik/ausland/kinder-hunger-save-the-children-100.html,20240927102616,cdx,
https://www.zdf.de/nachrichten/politik/ausland/klimakonferenz-un-cop28-lobbyisten-oel-gas-100.html,20240928230023,cdx,
https://www.zdf.de/nachrichten/politik/ausland/kronprinz-mohammed-bin-salman-saudi-arabien-100.html,20240927211102,cdx,
https://www.zdf.de/nachrichten/politik/ausland/london-militaerausgaben-wirtschaft-ukraine-krieg-russland-100.html,20240928230136,cdx,
https://www.zdf.de/nachrichten/politik/ausland/macron-deutschland-frankreich-besuch-scholz-europa-freundschaft-100.html,20240927061339,cdx,
https://www.zdf.de/nachrichten/politik/ausland/migration-tunesien-mittelmeer-lampedusa-italien-100.html,20240927174356,cdx,
https://www.zdf.de/nachrichten/politik/ausland/nasrallah-hisbollah-chef-libanon-israel-100.html,20240928091043,cdx,
https://www.zdf.de/nachrichten/politik/ausland/nato-trump-austritt-drohung-sicherheit-europa-check-100.html,20240927193935,cdx,
https://www.zdf.de/nachrichten/politik/ausland/nehammer-oesterreich-kanzler-video-armut-burger-oevp-100.html,20240927095351,cdx,
https://www.zdf.de/nachrichten/politik/ausland/netanjahu-waffenruhe-dementi-hisbollah-israel-100.html,20240927023351,cdx,
https://www.zdf.de/nachrichten/politik/ausland/niederlande-regierung-koalition-dick-schoof-migration-asyl-100.html,20240927224828,cdx,
https://www.zdf.de/nachrichten/politik/ausland/nordkorea-hacker-kimsuky-diehl-defence-100.html,20240928013948,cdx,
https://www.zdf.de/nachrichten/politik/ausland/oeffentliche-toiletten-frauen-amsterdam-wildpinkler-100.html,20240927162219,cdx,
https://www.zdf.de/nachrichten/politik/ausland/orban-kickl-eu-parlament-neues-buendnis-100.html,20240928182218,cdx,
https://www.zdf.de/nachrichten/politik/ausland/overtourism-oesterreich-hype-um-hallstatt-100.html,20240927162340,cdx,
https://www.zdf.de/nachrichten/politik/ausland/putin-ultimatum-donbass-ukraine-krieg-russland-100.html,20240927032625,cdx,
https://www.zdf.de/nachrichten/politik/ausland/rentenreform-frankreich-macron-start-100.html,20240927083628,cdx,
https://www.zdf.de/nachrichten/politik/ausland/russland-vormarsch-ukraine-f-16-flugzeuge-krieg-100.html,20240927090528,cdx,
https://www.zdf.de/nachrichten/politik/ausland/scholz-prosor-israel-kritik-un-enthaltung-100.html,20240927061726,cdx,
https://www.zdf.de/nachrichten/politik/ausland/selenskyj-biden-siegesplan-ukraine-krieg-russland-100.html,20240927002012,cdx,
https://www.zdf.de/nachrichten/politik/ausland/selenskyj-harris-treffen-ukraine-krieg-russland-100.html,20240927045235,cdx,
https://www.zdf.de/nachrichten/politik/ausland/selenskyj-trump-treffen-ukraine-krieg-russland-100.html,20240927102034,cdx,
https://www.zdf.de/nachrichten/politik/ausland/selenskyj-usa-besuch-ukraine-krieg-russland-100.html,20240928183532,cdx,
https://www.zdf.de/nachrichten/politik/ausland/singapur-mpox-virus-100.html,20240927224715,cdx,
https://www.zdf.de/nachrichten/politik/ausland/taiwanstrasse-bundeswehr-marine-durchfahrt-china-protest-100.html,20240927175717,cdx,
https://www.zdf.de/nachrichten/politik/ausland/tote-mittelmeer-flucht-migration-100.html,20240927160758,cdx,
https://www.zdf.de/nachrichten/politik/ausland/tuerkei-kommunalwahlen-ergebnis-100.html,20240927000827,cdx,
https://www.zdf.de/nachrichten/politik/ausland/ukraine-f-16-kampfjet-luftverteidigung-krieg-russland-100.html,20240927062932,cdx,
https://www.zdf.de/nachrichten/politik/ausland/ukraine-russische-luftangriffe-neue-taktiken-100.html,20240927182132,cdx,
https://www.zdf.de/nachrichten/politik/ausland/un-sicherheitsrat-verschiebung-gaza-israel-100.html,20240927151406,cdx,
https://www.zdf.de/nachrichten/politik/ausland/ungarn-europawahl-orban-fidesz-magyar-tisza-100.html,20240927143705,cdx,
https://www.zdf.de/nachrichten/politik/ausland/usa-abtreibung-per-post-100.html,20240927131206,cdx,
https://www.zdf.de/nachrichten/politik/ausland/usa-hacker-angriff-donald-trump-iran-anklage-wahlkampf-100.html,20240927205702,cdx,
https://www.zdf.de/nachrichten/politik/ausland/usa-haushaltsstreit-parlament-gesetz-100.html,20240927022853,cdx,
https://www.zdf.de/nachrichten/politik/ausland/usa-trump-ungeziefer-rede-100.html,20240927064542,cdx,
https://www.zdf.de/nachrichten/politik/ausland/van-gogh-tomatensuppe-grossbritannien-klimaaktivisten-100.html,20240928034045,cdx,
https://www.zdf.de/nachrichten/politik/ausland/wuhledar-vormarsch-ukraine-krieg-russland-100.html,20240928212050,cdx,
https://www.zdf.de/nachrichten/politik/bundeswehr-offizier-russland-spionage-haft-100.html,20240928041221,cdx,
https://www.zdf.de/nachrichten/politik/corona-aufarbeitung-enquete-kommission-kuhle-fdp-100.html,20240928013943,cdx,
https://www.zdf.de/nachrichten/politik/deutschland/abschiebung-tuerkei-ampel-rueckfuehrung-nancy-faeser-100.html,20240927213128,cdx,
https://www.zdf.de/nachrichten/politik/deutschland/afd-grabenkaempfe-netzwerke-parteiintern-weidel-chrupalla-100.html,20240928140615,cdx,
https://www.zdf.de/nachrichten/politik/deutschland/afd-parteitag-essen-ukraine-proteste-100.html,20240928140751,cdx,
https://www.zdf.de/nachrichten/politik/deutschland/afd-tiktok-erfolg-strategie-jugendliche-100.html,20240927030614,cdx,
https://www.zdf.de/nachrichten/politik/deutschland/alice-weidel-afd-kanzlerkandidatur-bundestagswahl-100.html,20240928013601,cdx,
https://www.zdf.de/nachrichten/politik/deutschland/bahn-koeln-hauptbahnhof-gesperrt-100.html,20240928014045,cdx,
https://www.zdf.de/nachrichten/politik/deutschland/brandenburg-cdu-spd-sondierungsgespraeche-bsw-100.html,20240927023249,cdx,
https://www.zdf.de/nachrichten/politik/deutschland/esken-ampel-fdp-kritik-100.html,20240928225236,cdx,
https://www.zdf.de/nachrichten/politik/deutschland/europawahl-eu-parlament-von-der-leyen-100.html,20240928193841,cdx,
https://www.zdf.de/nachrichten/politik/deutschland/europawahl-reaktionen-berlin-afd-bsw-gruene-100.html,20240928193816,cdx,
https://www.zdf.de/nachrichten/politik/deutschland/gauck-migration-afd-zuwanderung-100.html,20240927093402,cdx,
https://www.zdf.de/nachrichten/politik/deutschland/gruenen-politikerin-verletzt-niedersachsen-goettingen-100.html,20240927104059,cdx,
https://www.zdf.de/nachrichten/politik/deutschland/hochwasser-katastrophenschutz-100.html,20240927124312,cdx,
https://www.zdf.de/nachrichten/politik/deutschland/illner-bsw-cdu-wahl-koalition-100.html,20240927002940,cdx,
https://www.zdf.de/nachrichten/politik/deutschland/illner-migration-spd-gruene-cdu-100.html,20240927010327,cdx,
https://www.zdf.de/nachrichten/politik/deutschland/kabinett-haushalt-beschluss-100.html,20240927093639,cdx,
https://www.zdf.de/nachrichten/politik/deutschland/kenia-deutschland-migration-abkommen-100.html,20240927182942,cdx,
https://www.zdf.de/nachrichten/politik/deutschland/krankenkasse-beitrag-anstieg-wie-teuer-100.html,20240927143850,cdx,
https://www.zdf.de/nachrichten/politik/deutschland/landtagswahl-sachsen-parteien-koalition-102.html,20240928002005,cdx,
https://www.zdf.de/nachrichten/politik/deutschland/lanz-kiesewetter-bsw-thueringen-sachsen-brandenburg-100.html,20240927030526,cdx,
https://www.zdf.de/nachrichten/politik/deutschland/lieferkettengesetz-verdi-kritisiert-habeck-aussetzen-der-regel-100.html,20240927215409,cdx,
https://www.zdf.de/nachrichten/politik/deutschland/medienpolitik-reformstaatsvertrag-entwurf-zdf-ard-oeffentlich-rechtliche-sender-100.html,20240928014730,cdx,
https://www.zdf.de/nachrichten/politik/deutschland/merz-scholz-solingen-konsequenzen-100.html,20240927145118,cdx,
https://www.zdf.de/nachrichten/politik/deutschland/merz-wuest-cdu-landesparteitag-nrw-100.html,20240928155317,cdx,
https://www.zdf.de/nachrichten/politik/deutschland/militaerflugplatz-gesperrt-bundeswehr-koeln-wahn-trinkwasser-100.html,20240927201800,cdx,
https://www.zdf.de/nachrichten/politik/deutschland/neubau-klimafreundlich-foerderprogramm-bauministerium-100.html,20240928013609,cdx,
https://www.zdf.de/nachrichten/politik/deutschland/norderwoehrden-batteriefabrik-nortvolt-100.html,20240928213937,cdx,
https://www.zdf.de/nachrichten/politik/deutschland/olaf-scholz-g7-interview-100.html,20240927084153,cdx,
https://www.zdf.de/nachrichten/politik/deutschland/parteien-finanzierung-spenden-fehlen-nachweis-100.html,20240927000310,cdx,
https://www.zdf.de/nachrichten/politik/deutschland/paus-blackout-streit-ampel-demokratiefoerderung-antisemitismus-100.html,20240927104822,cdx,
https://www.zdf.de/nachrichten/politik/deutschland/pistorius-zeitenwende-ukraine-israel-100.html,20240927042337,cdx,
https://www.zdf.de/nachrichten/politik/deutschland/rechtsextreme-straftaten-pruefung-nrw-100.html,20240927203540,cdx,
https://www.zdf.de/nachrichten/politik/deutschland/rente-paket-reform-ampel-100.html,20240928013758,cdx,
https://www.zdf.de/nachrichten/politik/deutschland/rente-rentenpaket-bundestag-hubertus-heil-100.html,20240927141508,cdx,
https://www.zdf.de/nachrichten/politik/deutschland/sachsen-landtagswahl-wahlkampf-themen-spitzenkandidaten-interviews-100.html,20240928000708,cdx,
https://www.zdf.de/nachrichten/politik/deutschland/safe-abortion-day-abtreibungsrecht-deutschland-100.html,20240928201541,cdx,
https://www.zdf.de/nachrichten/politik/deutschland/schleuser-flucht-illegale-migration-strafen-100.html,20240927020715,cdx,
https://www.zdf.de/nachrichten/politik/deutschland/spd-juso-tuermer-kritik-scholz-asylbrief-100.html,20240928014344,cdx,
https://www.zdf.de/nachrichten/politik/deutschland/spionage-bundeswehr-russland-afd-100.html,20240928043206,cdx,
https://www.zdf.de/nachrichten/politik/deutschland/tesla-gruenheide-ausbau-buergerbefragung-100.html,20240927002513,cdx,
https://www.zdf.de/nachrichten/politik/deutschland/thueringen-landtag-afd-verbot-georg-maier-spd-100.html,20240928013801,cdx,
https://www.zdf.de/nachrichten/politik/deutschland/thueringen-landtag-praesident-wahl-100.html,20240928090945,cdx,
https://www.zdf.de/nachrichten/politik/deutschland/thueringen-landtag-wahl-afd-cdu-100.html,20240927175936,cdx,
https://www.zdf.de/nachrichten/politik/deutschland/thueringer-landtag-verfassungsgericht-entscheidung-afd-cdu-100.html,20240927232058,cdx,
https://www.zdf.de/nachrichten/politik/deutschland/wahlbetrug-sachsen-gefaelschte-stimmzettel-durchsuchung-dresden-100.html,20240927224639,cdx,
https://www.zdf.de/nachrichten/politik/eu-kommission-vorschlaege-team-von-der-leyen-100.html,20240928135126,cdx,
https://www.zdf.de/nachrichten/politik/eugh-urteil-vorratsdaten-speicherung-datenschutz-internet-straftaeter-100.html,20240927063912,cdx,
https://www.zdf.de/nachrichten/politik/europawahl-2024-ergebnisse-deutschland-europa-100.html,20240927061817,cdx,
https://www.zdf.de/nachrichten/politik/europawahl-2024-europa-eu-ergebnisse-100.html,20240928125833,cdx,
https://www.zdf.de/nachrichten/politik/geheimdienst-wagner-aufstand-hinweise-ukraine-krieg-russland-100.html,20240927051800,cdx,
https://www.zdf.de/nachrichten/politik/gruene-neue-vorsitzende-parteivorsitz-franziska-brantner-kandidatur-100.html,20240927143653,cdx,
https://www.zdf.de/nachrichten/politik/kasparow-terrorliste-schachweltmeister-russland-100.html,20240928034432,cdx,
https://www.zdf.de/nachrichten/politik/keupp-militaer-ukraine-krieg-russland-100.html,20240927014733,cdx,
https://www.zdf.de/nachrichten/politik/klima-wasser-krisen-100.html,20240927104553,cdx,
https://www.zdf.de/nachrichten/politik/macron-scholz-potsdam-100.html,20240927173541,cdx,
https://www.zdf.de/nachrichten/politik/moskau-anti-terror-notstand-ukraine-krieg-russland-100.html,20240927065719,cdx,
https://www.zdf.de/nachrichten/politik/offensive-russland-kupjansk-ukraine-krieg-russland-100.html,20240927102528,cdx,
https://www.zdf.de/nachrichten/politik/pistorius-zwei-prozent-nato-usa-reise-ukraine-krieg-russland-100.html,20240927000256,cdx,
https://www.zdf.de/nachrichten/politik/politbarometer-spionage-euwahl-regierung-100.html,20240927070350,cdx,
https://www.zdf.de/nachrichten/politik/politbarometer-unzufriedenheit-mit-scholz-100.html,20240927064635,cdx,
https://www.zdf.de/nachrichten/politik/prigoschin-wagner-soeldner-putin-ukraine-krieg-russland-100.html,20240927043026,cdx,
https://www.zdf.de/nachrichten/politik/putin-wagner-prigoschin-putschversuch-ukraine-krieg-russland-100.html,20240927091030,cdx,
https://www.zdf.de/nachrichten/politik/serbien-kosovo-gipfel-borrell-deal-100.html,20240927002553,cdx,
https://www.zdf.de/nachrichten/politik/unicef-kinderhilfswerk-jubilaeum-100.html,20240927072134,cdx,
https://www.zdf.de/nachrichten/politik/wagner-aufstand-russland-chronologie-100.html,20240927144730,cdx,
https://www.zdf.de/nachrichten/politik/zdf-sommerinterview-steinmeier-streubomben-ukraine-100.html,20240927051747,cdx,
https://www.zdf.de/nachrichten/ratgeber/airbnb-urlaub-planen-fake-angebot-100.html,20240927094339,cdx,
https://www.zdf.de/nachrichten/ratgeber/apfel-kalorien-allergie-obst-ernaehrung-100.html,20240928013850,cdx,
https://www.zdf.de/nachrichten/ratgeber/aussaat-pflanzen-gemuese-blumen-vorziehen-100.html,20240927094644,cdx,
https://www.zdf.de/nachrichten/ratgeber/betrugsmasche-gutscheinkarten-geschenkkarten-betrug-100.html,20240927152043,cdx,
https://www.zdf.de/nachrichten/ratgeber/energetische-sanierung-faq-100.html,20240927082552,cdx,
https://www.zdf.de/nachrichten/ratgeber/geldanlage-geldmarktfonds-etf-100.html,20240928014242,cdx,
https://www.zdf.de/nachrichten/ratgeber/gesundheit/honig-manuka-blueten-honigsorten-100.html,20240927115055,cdx,
https://www.zdf.de/nachrichten/ratgeber/gesundheit/meerrettich-gesund-heilpflanze-100.html,20240927140959,cdx,
https://www.zdf.de/nachrichten/ratgeber/gesundheit/salmonellen-infektionen-faelle-rki-faq-100.html,20240928014137,cdx,
https://www.zdf.de/nachrichten/ratgeber/gesundheit/verhuetung-maenner-thermische-verhuetung-fuer-den-mann-100.html,20240927022816,cdx,
https://www.zdf.de/nachrichten/ratgeber/glyphosat-unkrautvernichter-alternativen-100.html,20240927095552,cdx,
https://www.zdf.de/nachrichten/ratgeber/haferflocken-oeko-test-pestizide-100.html,20240927022632,cdx,
https://www.zdf.de/nachrichten/ratgeber/herbst-laub-rechen-laubblaeser-strasse-garten-100.html,20240927152815,cdx,
https://www.zdf.de/nachrichten/ratgeber/herbst-pflanzen-heide-astern-garten-100.html,20240927093043,cdx,
https://www.zdf.de/nachrichten/ratgeber/kirschlorbeer-hecke-garten-schweiz-verbot-invasive-art-100.html,20240927123934,cdx,
https://www.zdf.de/nachrichten/ratgeber/koniferen-winter-balkon-100.html,20240927052104,cdx,
https://www.zdf.de/nachrichten/ratgeber/lavendel-pflege-tipps-100.html,20240927074808,cdx,
https://www.zdf.de/nachrichten/ratgeber/oeko-test-apfelsaft-naturtrueb-pestizide-100.html,20240928163928,cdx,
https://www.zdf.de/nachrichten/ratgeber/pflanzen-blumen-gruenpflanzen-pflege-tipps-100.html,20240927123535,cdx,
https://www.zdf.de/nachrichten/ratgeber/psychotherapie-grenzueberschreitung-machtmissbrauch-100.html,20240927065901,cdx,
https://www.zdf.de/nachrichten/ratgeber/swimming-pool-reinigung-pflege-chlor-garten-100.html,20240927152432,cdx,
https://www.zdf.de/nachrichten/ratgeber/tiere-winterschlaf-igel-garten-100.html,20240927105910,cdx,
https://www.zdf.de/nachrichten/ratgeber/unfallversicherung-arbeitsunfall-wegeunfall-100.html,20240927022858,cdx,
https://www.zdf.de/nachrichten/ratgeber/wasser-klimawandel-trockenheit-garten-staedte-aecker-100.html,20240927201253,cdx,
https://www.zdf.de/nachrichten/ratgeber/zitruspflanzen-pflege-tipps-100.html,20240927044229,cdx,
https://www.zdf.de/nachrichten/sport/bundesliga-frauen-freiburg-leverkusen-wiederholung-einspruch-100.html,20240927154444,cdx,
https://www.zdf.de/nachrichten/sport/fussball-bolzplatz-heidenheim-erfolgsrezept-100.html,20240927022931,cdx,
https://www.zdf.de/nachrichten/sport/fussball-bundesliga-bayern-muenchen-bayer-leverkusen-granit-xhaka-100.html,20240928014533,cdx,
https://www.zdf.de/nachrichten/sport/fussball-bundesliga-bilanz-saison-fazit-inspirierende-spielzeit-100.html,20240927114114,cdx,
https://www.zdf.de/nachrichten/sport/fussball-bundesliga-fc-bayern-bayer-leverkusen-zentrale-duelle-vergleich-100.html,20240928014246,cdx,
https://www.zdf.de/nachrichten/sport/fussball-champions-league-frauen-vfl-wolfsburg-faq-100.html,20240928013700,cdx,
https://www.zdf.de/nachrichten/sport/fussball-dfb-pokal-start-erste-runde-2024-2025-100.html,20240927061057,cdx,
https://www.zdf.de/nachrichten/sport/fussball-europa-league-eintracht-frankfurt-ekitike-marmoush-100.html,20240927023548,cdx,
https://www.zdf.de/nachrichten/sport/fussball-europa-league-eintracht-frankfurt-pilsen-102.html,20240927032715,cdx,
https://www.zdf.de/nachrichten/sport/fussball-europa-league-hoffenheim-100.html,20240927023110,cdx,
https://www.zdf.de/nachrichten/sport/fussball-frauen-champions-league-2024-2025-gruppen-auslosung-fc-bayern-vfl-wolfsburg-100.html,20240928013611,cdx,
https://www.zdf.de/nachrichten/sport/fussball-talente-nachwuchs-bundesliga-dfb-bolzplatz-100.html,20240927212252,cdx,
https://www.zdf.de/nachrichten/sport/fussball-uefa-europa-league-2024-2025-faq-reformen-liga-100.html,20240927143223,cdx,
https://www.zdf.de/nachrichten/sport/lazio-rom-fans-faschistische-gesten-hofbraeuhaus-muenchen-100.html,20240927221715,cdx,
https://www.zdf.de/nachrichten/sport/leichtathletik-marathon-berlin-50-jahre-jubilaeum-100.html,20240928014347,cdx,
https://www.zdf.de/nachrichten/sport/rad-wm-strasse-kittel-interview-100.html,20240928014048,cdx,
https://www.zdf.de/nachrichten/sport/radfahrerin-muriel-furrer-sturz-wm-tod-100.html,20240927143537,cdx,
https://www.zdf.de/nachrichten/sport/schach-weltverband-fide-reaktion-brief-sexismus-100.html,20240928034413,cdx,
https://www.zdf.de/nachrichten/sport/ski-alpin-hirscher-comeback-soelden-100.html,20240928185007,cdx,
https://www.zdf.de/nachrichten/sport/tennis-doping-jannik-sinner-wada-berufung-sperre-100.html,20240928193805,cdx,
https://www.zdf.de/nachrichten/sport/tyreek-hill-verkehrskontrolle-polizei-miami-nfl-football-100.html,20240927160321,cdx,
https://www.zdf.de/nachrichten/sport/unterwasserugby-breitensport-100.html,20240927182610,cdx,
https://www.zdf.de/nachrichten/thema/bangladesch-126.html,20240927064151,cdx,
https://www.zdf.de/nachrichten/thema/bayer-leverkusen-122.html,20240927113736,cdx,
https://www.zdf.de/nachrichten/thema/borussia-moenchengladbach-106.html,20240927070220,cdx,
https://www.zdf.de/nachrichten/thema/bremen-wahl-104.html,20240927030155,cdx,
https://www.zdf.de/nachrichten/thema/donald-tusk-144.html,20240927084716,cdx,
https://www.zdf.de/nachrichten/thema/fc-chelsea-108.html,20240927161550,cdx,
https://www.zdf.de/nachrichten/thema/g7-112.html,20240927062315,cdx,
https://www.zdf.de/nachrichten/thema/gartenmoebel-102.html,20240927031828,cdx,
https://www.zdf.de/nachrichten/thema/gartenpflege-100.html,20240927063942,cdx,
https://www.zdf.de/nachrichten/thema/geert-wilders-130.html,20240927225727,cdx,
https://www.zdf.de/nachrichten/thema/gewerkschaft-verdi-104.html,20240927123857,cdx,
https://www.zdf.de/nachrichten/thema/hamburger-sv-110.html,20240927152253,cdx,
https://www.zdf.de/nachrichten/thema/impfen-152.html,20240927093235,cdx,
https://www.zdf.de/nachrichten/thema/inter-mailand-106.html,20240927181345,cdx,
https://www.zdf.de/nachrichten/thema/kamala-harris-126.html,20240927001949,cdx,
https://www.zdf.de/nachrichten/thema/king-charles-iii-100.html,20240927183858,cdx,
https://www.zdf.de/nachrichten/thema/klara-geywitz-108.html,20240927061138,cdx,
https://www.zdf.de/nachrichten/thema/landtagswahl-bayern-186.html,20240927160921,cdx,
https://www.zdf.de/nachrichten/thema/leroy-sane-150.html,20240927074147,cdx,
https://www.zdf.de/nachrichten/thema/lidl-114.html,20240927065937,cdx,
https://www.zdf.de/nachrichten/thema/maria-luisa-grohs-100.html,20240927102649,cdx,
https://www.zdf.de/nachrichten/thema/oesterreich-168.html,20240928182227,cdx,
https://www.zdf.de/nachrichten/thema/ramadan-124.html,20240927001843,cdx,
https://www.zdf.de/nachrichten/thema/schlaf-132.html,20240927064030,cdx,
https://www.zdf.de/nachrichten/thema/schweden-188.html,20240927115912,cdx,
https://www.zdf.de/nachrichten/thema/vereinte-nationen-un-uno-100.html,20240927041205,cdx,
https://www.zdf.de/nachrichten/thema/vfl-bochum-1848-100.html,20240927044505,cdx,
https://www.zdf.de/nachrichten/thema/wahl-in-schleswig-holstein-104.html,20240927090803,cdx,
https://www.zdf.de/nachrichten/thema/xi-jinping-130.html,20240927180745,cdx,
https://www.zdf.de/nachrichten/video/3d-grafik-deiche-in-deutschland-100.html,20240927125318,cdx,
https://www.zdf.de/nachrichten/video/hai-jagd-europa-100.html,20240927024938,cdx,
https://www.zdf.de/nachrichten/video/lanz-kiesewetter-koalition-bsw-video-100.html,20240927174308,cdx,
https://www.zdf.de/nachrichten/video/lanz-wagenknecht-krieg-ampel-100.html,20240927123853,cdx,
https://www.zdf.de/nachrichten/video/panorama-selfies-mit-ueberwachungskameras-100.html,20240927063532,cdx,
https://www.zdf.de/nachrichten/video/panorama-wohntraum-niederlande-eigenheim-100.html,20240927224503,cdx,
https://www.zdf.de/nachrichten/video/politik-lanz-buterfas-nahost-konflikt-100.html,20240927142512,cdx,
https://www.zdf.de/nachrichten/video/politik-lanz-frei-migrationsgipfel-100.html,20240927084121,cdx,
https://www.zdf.de/nachrichten/video/politik-lanz-vogel-migrationsgipfel-100.html,20240927150810,cdx,
https://www.zdf.de/nachrichten/video/ukraine-front-drohnen-100.html,20240927064126,cdx,
https://www.zdf.de/nachrichten/video/wirtschaft-belgien-bauernhof-landwirtschaft-100.html,20240927165130,cdx,
https://www.zdf.de/nachrichten/wirtschaft/arbeitsmarkt-arbeitslose-september-herbstbelebung-100.html,20240927184351,cdx,
https://www.zdf.de/nachrichten/wirtschaft/auto-branche-deutschland-vw-bmw-mercedes-100.html,20240927145534,cdx,
https://www.zdf.de/nachrichten/wirtschaft/buerokratie-abbau-bundestag-beschlossen-100.html,20240927023636,cdx,
https://www.zdf.de/nachrichten/wirtschaft/cyberangriffe-banken-ezb-100.html,20240927054843,cdx,
https://www.zdf.de/nachrichten/wirtschaft/eu-schulden-euro-bonds-draghi-100.html,20240927190732,cdx,
https://www.zdf.de/nachrichten/wirtschaft/ezb-geburtstag-zentralbank-25-jahre-100.html,20240927150320,cdx,
https://www.zdf.de/nachrichten/wirtschaft/ezb-leitzins-senkung-100.html,20240927215426,cdx,
https://www.zdf.de/nachrichten/wirtschaft/ezb-leitzins-senkung-inflation-wirtschaft-100.html,20240927153317,cdx,
https://www.zdf.de/nachrichten/wirtschaft/gewerkschaft-dgb-mitglieder-100.html,20240928225819,cdx,
https://www.zdf.de/nachrichten/wirtschaft/haushalt-2025-bundesregierung-ampel-kritik-100.html,20240927055952,cdx,
https://www.zdf.de/nachrichten/wirtschaft/haushalt-sperre-ampel-gefahr-staatskrise-huether-100.html,20240927054503,cdx,
https://www.zdf.de/nachrichten/wirtschaft/konjunkturprognose-deutschland-bip-rezession-100.html,20240927022813,cdx,
https://www.zdf.de/nachrichten/wirtschaft/unternehmen/commerzbank-unicredit-vor-uebernahme-100.html,20240927021229,cdx,
https://www.zdf.de/nachrichten/wirtschaft/unternehmen/esprit-insolvenz-100.html,20240928071709,cdx,
https://www.zdf.de/nachrichten/wirtschaft/unternehmen/intel-chipfabrik-verschiebung-100.html,20240927122951,cdx,
https://www.zdf.de/nachrichten/wirtschaft/unternehmen/mcdonalds-burger-king-nordsee-ngg-aufruf-warnstreiks-100.html,20240927230510,cdx,
https://www.zdf.de/nachrichten/wirtschaft/unternehmen/meyer-werft-rettung-staatseinstieg-bundestag-landtag-niedersachsen-100.html,20240927155502,cdx,
https://www.zdf.de/nachrichten/wirtschaft/unternehmen/tesla-mitarbeiter-krank-meldung-hausbesuch-100.html,20240927022929,cdx,
https://www.zdf.de/nachrichten/wirtschaft/videospiele-verbraucher-schutz-versteckte-kosten-in-game-100.html,20240927191802,cdx,
https://www.zdf.de/nachrichten/wirtschaft/waermepumpe-absatz-heizung-gesetz-100.html,20240927032014,cdx,
https://www.zdf.de/nachrichten/wissen/akku-brand-muell-100.html,20240927082713,cdx,
https://www.zdf.de/nachrichten/wissen/corona-virologe-drosten-grippe-niveau-100.html,20240928143043,cdx,
https://www.zdf.de/nachrichten/wissen/elefanten-jagd-artenschutz-botswana-terrax-mona-schweizer-kolumne-100.html,20240927163634,cdx,
https://www.zdf.de/nachrichten/wissen/klima-erderwaermung-beschleunigung-rekordwerte-100.html,20240928141229,cdx,
https://www.zdf.de/nachrichten/wissen/menschenrechte-gesellschaft-terrax-manfred-nowak-kolumne-100.html,20240927095427,cdx,
https://www.zdf.de/nachrichten/wissen/nasa-mond-mission-artemis-verschoben-100.html,20240927000718,cdx,
https://www.zdf.de/nachrichten/wissen/sonde-weltraum-juice-erde-esa-100.html,20240927095854,cdx,
https://www.zdf.de/nachrichten/bilder/maggie-smith-100.html,20240929055955,cdx,
https://www.zdf.de/nachrichten/briefing/elektronische-krankenakte-deutschland-de-maiziere-zdfheute-update-100.html,20240930050710,cdx,
https://www.zdf.de/nachrichten/briefing/good-news-herz-notfall-zdfheute-update-100-100.html,20240929044701,cdx,
https://www.zdf.de/nachrichten/briefing/migration-ministerpraesidenten-nahost-glyphosat-zdfheute-update-100.html,20240929075808,cdx,
https://www.zdf.de/nachrichten/briefing/oesterreich-libanon-popp-zdfheute-update-100.html,20240930162744,cdx,
https://www.zdf.de/nachrichten/briefing/ukraine-krieg-putin-mongolei-pieper-zdfheute-update-100.html,20240930152233,cdx,
https://www.zdf.de/nachrichten/drehscheibe/auto-werkstatt-reparatur-selbsthilfe-100.html,20240929232642,cdx,
https://www.zdf.de/nachrichten/panorama/autobahn-rettungsgasse-ordnungswidrigkeit-recklinghausen-100.html,20240929090605,cdx,
https://www.zdf.de/nachrichten/panorama/brand-essen-104.html,20240929033541,cdx,
https://www.zdf.de/nachrichten/panorama/brand-essen-verletzte-festnahme-100.html,20240929143351,cdx,
https://www.zdf.de/nachrichten/panorama/budapest-museumsdirektor-entlassung-lgbti-ungarn-100.html,20240929074639,cdx,
https://www.zdf.de/nachrichten/panorama/carolabruecke-dresden-einsturz-hochwasser-100.html,20240930100628,cdx,
https://www.zdf.de/nachrichten/panorama/estonia-katastrophe-ostsee-100.html,20240929020211,cdx,
https://www.zdf.de/nachrichten/panorama/hurrikan-helene-usa-tote-100.html,20240930145233,cdx,
https://www.zdf.de/nachrichten/panorama/i-have-a-dream-martin-luther-king-rede-60-jahre-100.html,20240929094323,cdx,
https://www.zdf.de/nachrichten/panorama/internet-oekobilanz-klima-energie-100.html,20240929182642,cdx,
https://www.zdf.de/nachrichten/panorama/iss-astronauten-rueckholung-spacex-100.html,20240930125709,cdx,
https://www.zdf.de/nachrichten/panorama/katalonien-wassernotstand-100.html,20240929074925,cdx,
https://www.zdf.de/nachrichten/panorama/klimawandel-trockenheit-lebensmittel-preise-renaturierung-100.html,20240929080314,cdx,
https://www.zdf.de/nachrichten/panorama/krankenstand-deutschland-dak-atemwegserkrankung-100.html,20240929103518,cdx,
https://www.zdf.de/nachrichten/panorama/kriminalitaet/olympia-paris-beach-volleyball-steven-van-de-velde-ausgebuht-102.html,20240930233154,cdx,
https://www.zdf.de/nachrichten/panorama/kultur-klimaschutz-oekologie-migration-100.html,20240929220346,cdx,
https://www.zdf.de/nachrichten/panorama/pflegeheim-nachtschicht-personalmangel-polizei-100.html,20240930152054,cdx,
https://www.zdf.de/nachrichten/panorama/prominente/brigitte-bardot-90-102.html,20240929021012,cdx,
https://www.zdf.de/nachrichten/panorama/prominente/franz-beckenbauer-trauerfeier-muenchen-allianz-arena-100.html,20240929185136,cdx,
https://www.zdf.de/nachrichten/panorama/prominente/harry-potter-stars-maggie-smith-100.html,20240929131344,cdx,
https://www.zdf.de/nachrichten/panorama/prominente/harry-potter-stars-maggie-smith-102.html,20240929020408,cdx,
https://www.zdf.de/nachrichten/panorama/prominente/kate-winslet-neuer-film-die-fotografin-lee-miller-badewanne-100.html,20240929101726,cdx,
https://www.zdf.de/nachrichten/panorama/prominente/kris-kristofferson-tod-100.html,20240930045837,cdx,
https://www.zdf.de/nachrichten/panorama/prominente/peter-zwegat-tot-100.html,20240930111933,cdx,
https://www.zdf.de/nachrichten/panorama/prominente/royals-camilla-sohn-buch-rezepte-100.html,20240930022130,cdx,
https://www.zdf.de/nachrichten/panorama/prominente/udo-juergens-90-jahre-geburtstag-kinder-100.html,20240930163759,cdx,
https://www.zdf.de/nachrichten/panorama/rechtspopulisten-haben-aufwind-in-europa-100.html,20240930174058,cdx,
https://www.zdf.de/nachrichten/panorama/safe-abortion-day-abtreibungsregelungen-oesterreich-100.html,20240929183104,cdx,
https://www.zdf.de/nachrichten/panorama/serien-streaming-tv-medien-100.html,20240929054928,cdx,
https://www.zdf.de/nachrichten/panorama/simbabwe-duerre-elefanten-wassermangel-tierschutz-100.html,20240929073943,cdx,
https://www.zdf.de/nachrichten/panorama/streaming-tipps-the-chelsea-detective-himbeeren-mit-senf-100.html,20240929020924,cdx,
https://www.zdf.de/nachrichten/panorama/suedkorea-hundefleisch-verzehr-schlachten-verbot-100.html,20240929034956,cdx,
https://www.zdf.de/nachrichten/panorama/termine-arzt-absagen-strafe-100.html,20240930022117,cdx,
https://www.zdf.de/nachrichten/panorama/vogelgrippe-tod-robben-100.html,20240929120136,cdx,
https://www.zdf.de/nachrichten/panorama/waschbaer-deutschland-kassel-verbreitung-nabu-100.html,20240930050029,cdx,
https://www.zdf.de/nachrichten/panorama/wasserstoff-fabrik-quest-one-eroeffnung-energiewende-100.html,20240930214532,cdx,
https://www.zdf.de/nachrichten/panorama/wien-lebenswert-stadt-100.html,20240929183020,cdx,
https://www.zdf.de/nachrichten/politik/ausland/armee-versagen-eingestaendnis-kibbuz-beeri-israel-100.html,20240930185547,cdx,
https://www.zdf.de/nachrichten/politik/ausland/belarus-deutscher-todesurteil-fernsehen-100.html,20240929044339,cdx,
https://www.zdf.de/nachrichten/politik/ausland/bin-salman-saudi-arabien-israel-annaeherung-100.html,20240930232229,cdx,
https://www.zdf.de/nachrichten/politik/ausland/eu-kommission-impfstoff-covid-gericht-kritik-infos-100.html,20240929111815,cdx,
https://www.zdf.de/nachrichten/politik/ausland/eu-parlament-afd-front-national-le-pen-zusammenarbeit-100.html,20240930170813,cdx,
https://www.zdf.de/nachrichten/politik/ausland/hamas-angriff-jahrestag-israel-videos-100.html,20240930020202,cdx,
https://www.zdf.de/nachrichten/politik/ausland/harris-parteitag-demokraten-partei-usa-wahl-100.html,20240930133130,cdx,
https://www.zdf.de/nachrichten/politik/ausland/harris-parteitag-demokraten-rede-usa-wahl-100.html,20240930093531,cdx,
https://www.zdf.de/nachrichten/politik/ausland/jorge-glas-ex-vizepraesident-ecuador-klinik-100.html,20240929175910,cdx,
https://www.zdf.de/nachrichten/politik/ausland/libanon-beirut-wohnhaus-angriff-israel-100.html,20240930100835,cdx,related
https://www.zdf.de/nachrichten/politik/ausland/libanon-bodenoffensive-evakuierung-israel-100.html,20240930225140,cdx,
https://www.zdf.de/nachrichten/politik/ausland/libanon-syrien-flucht-angriff-israel-vereinte-nationen-100.html,20240930113327,cdx,related
https://www.zdf.de/nachrichten/politik/ausland/macron-neuwahlen-frankreich-bedeutung-100.html,20240930172030,cdx,
https://www.zdf.de/nachrichten/politik/ausland/marine-le-pen-prozess-veruntreuung-eu-gelder-100.html,20240930040007,cdx,
https://www.zdf.de/nachrichten/politik/ausland/marine-le-pen-wahlkampf-ermittlungen-rn-100.html,20240930230512,cdx,
https://www.zdf.de/nachrichten/politik/ausland/nato-generalsekretaer-jens-stoltenberg-amtzeit-ende-100.html,20240930231949,cdx,
https://www.zdf.de/nachrichten/politik/ausland/nato-waffen-litauen-ukraine-krieg-russland-100.html,20240930220732,cdx,
https://www.zdf.de/nachrichten/politik/ausland/nepal-ueberschwemmungen-tote-kathmandu-100.html,20240929164335,cdx,
https://www.zdf.de/nachrichten/politik/ausland/new-yorker-buergermeister-adams-nicht-schuldig-100.html,20240929020701,cdx,
https://www.zdf.de/nachrichten/politik/ausland/oesterreich-parlamentswahl-fpoe-oevp-kickl-100.html,20240929225214,cdx,
https://www.zdf.de/nachrichten/politik/ausland/oesterreich-parlamentswahl-koalitionen-experte-interview-100.html,20240930174029,cdx,
https://www.zdf.de/nachrichten/politik/ausland/oesterreich-wahl-ergebnisse-fpoe-oevp-100.html,20240929153847,cdx,
https://www.zdf.de/nachrichten/politik/ausland/oesterreich-wahl-fpoe-reaktionen-europa-rechtspopulisten-100.html,20240930082426,cdx,
https://www.zdf.de/nachrichten/politik/ausland/papst-franziskus-belgien-reise-100.html,20240929190409,cdx,
https://www.zdf.de/nachrichten/politik/ausland/parlamentswahl-oesterreich-umfragen-100.html,20240929083744,cdx,
https://www.zdf.de/nachrichten/politik/ausland/plastikmuell-exporte-asien-deutschland-100.html,20240930093707,cdx,
https://www.zdf.de/nachrichten/politik/ausland/putin-tiger-botschafterin-kneissl-100.html,20240930180029,cdx,
https://www.zdf.de/nachrichten/politik/ausland/rechtspopulisten-oesterreich-fpoe-europawahl-100.html,20240930182410,cdx,
https://www.zdf.de/nachrichten/politik/ausland/republikaner-donald-trump-beleidigung-kamala-harris-wahl-usa-100.html,20240930130230,cdx,
https://www.zdf.de/nachrichten/politik/ausland/russland-angriff-baltikum-nato-verteidigung-suwalki-100.html,20240930210917,cdx,
https://www.zdf.de/nachrichten/politik/ausland/scholz-bundeswehr-litauen-baltische-staaten-schutz-russland-100.html,20240930181342,cdx,
https://www.zdf.de/nachrichten/politik/ausland/scholz-macron-solidaritaet-israel-kabinettsklausur-100.html,20240930192844,cdx,
https://www.zdf.de/nachrichten/politik/ausland/selenskyj-siegesplan-usa-ukraine-krieg-russland-100.html,20240929154603,cdx,
https://www.zdf.de/nachrichten/politik/ausland/tourismus-reisen-klimawandel-hallstatt-mittelmeer-100.html,20240930202256,cdx,
https://www.zdf.de/nachrichten/politik/ausland/trump-beleidigung-harris-wahlkampf-usa-wahl-100.html,20240929083035,cdx,
https://www.zdf.de/nachrichten/politik/ausland/trump-bibel-verkauf-100.html,20240930162646,cdx,
https://www.zdf.de/nachrichten/politik/ausland/trump-google-strafrechtliche-verfolgung-wahlkampf-usa-wahl-100.html,20240929020915,cdx,
https://www.zdf.de/nachrichten/politik/ausland/usa-syrien-waffenlager-luftangriff-100.html,20240929221852,cdx,
https://www.zdf.de/nachrichten/politik/ausland/usa-wahlkampf-sprache-rhetorik-100.html,20240930022131,cdx,
https://www.zdf.de/nachrichten/politik/ausland/vier-szenarien-israel-gaza-nahost-konflikt-100.html,20240930144909,cdx,
https://www.zdf.de/nachrichten/politik/ausland/walz-vizekandidat-harris-demokraten-usa-wahl-100.html,20240930093536,cdx,
https://www.zdf.de/nachrichten/politik/deutschland/afd-beobachtung-verdachtsfall-verfassungsschutz-prozess-100.html,20240930223721,cdx,
https://www.zdf.de/nachrichten/politik/deutschland/afd-verbot-bundestag-verbotsverfahren-100.html,20240930220314,cdx,
https://www.zdf.de/nachrichten/politik/deutschland/afd-verbot-verfahren-bundestag-100.html,20240930193459,cdx,
https://www.zdf.de/nachrichten/politik/deutschland/afd-verfassungsschutz-berufungsverfahren-ovg-100.html,20240930211804,cdx,
https://www.zdf.de/nachrichten/politik/deutschland/antisemitismus-verfassungsschutz-haldenwang-100.html,20240930113007,cdx,
https://www.zdf.de/nachrichten/politik/deutschland/bildung-deutschland-stark-watzinger-sprachtests-kleinkinder-100.html,20240929075038,cdx,
https://www.zdf.de/nachrichten/politik/deutschland/boris-pistorius-bundeswehr-litauen-100.html,20240930180758,cdx,
https://www.zdf.de/nachrichten/politik/deutschland/brandenburg-buendnis-sahra-wagenknecht-landesverband-gruendung-100.html,20240930195112,cdx,
https://www.zdf.de/nachrichten/politik/deutschland/bundestag-abgeordnete-flugreisen-economy-100.html,20240929131653,cdx,
https://www.zdf.de/nachrichten/politik/deutschland/cannabis-anbauvereine-genehmigungen-100.html,20240930110143,cdx,
https://www.zdf.de/nachrichten/politik/deutschland/daniel-guenther-gruene-cdu-csu-koalition-markus-soeder-100.html,20240930191836,cdx,
https://www.zdf.de/nachrichten/politik/deutschland/demos-dresden-jahrestag-zerstoerung-zweiter-weltkrieg-100.html,20240929102341,cdx,
https://www.zdf.de/nachrichten/politik/deutschland/duerr-pistorius-bundeswehr-reservisten-100.html,20240930154023,cdx,
https://www.zdf.de/nachrichten/politik/deutschland/franziska-brantner-gruene-parteivorsitz-habeck-kanzlerkandidatur-100.html,20240930103758,cdx,
https://www.zdf.de/nachrichten/politik/deutschland/friedrich-merz-cdu-fdp-selbstmord-100.html,20240929130606,cdx,
https://www.zdf.de/nachrichten/politik/deutschland/geothermie-habeck-faq-100.html,20240930180613,cdx,
https://www.zdf.de/nachrichten/politik/deutschland/gruene-politiker-essen-angriff-staatsschutz-100.html,20240930210256,cdx,
https://www.zdf.de/nachrichten/politik/deutschland/habeck-republica-heizungsgesetz-versuchskaninchen-100.html,20240929222407,cdx,
https://www.zdf.de/nachrichten/politik/deutschland/israel-staatsraeson-deutschland-parteien-100.html,20240930124355,cdx,
https://www.zdf.de/nachrichten/politik/deutschland/kommunalwahl-bundeslaender-ergebnisse-buergermeister-100.html,20240930223334,cdx,
https://www.zdf.de/nachrichten/politik/deutschland/landtagswahl-thueringen-wahl-koalition-100.html,20240930093542,cdx,
https://www.zdf.de/nachrichten/politik/deutschland/lucke-gruene-kritik-ampel-100.html,20240930123257,cdx,
https://www.zdf.de/nachrichten/politik/deutschland/mannheim-mord-polizist-islamismus-reaktionen-faeser-scholz-100.html,20240929183054,cdx,
https://www.zdf.de/nachrichten/politik/deutschland/merz-vorwurf-ampel-wahlrecht-reform-gerrymandering-100.html,20240930181648,cdx,
https://www.zdf.de/nachrichten/politik/deutschland/migration-asylverfahren-dauer-100.html,20240930022128,cdx,
https://www.zdf.de/nachrichten/politik/deutschland/nrw-untersuchungsausschuss-oberverwaltungsgericht-justizminister-100.html,20240930113721,cdx,
https://www.zdf.de/nachrichten/politik/deutschland/olaf-scholz-bmw-muenchen-e-auto-industrie-transformation-100.html,20240929095714,cdx,
https://www.zdf.de/nachrichten/politik/deutschland/saarbruecken-wohnungsnot-studierende-100.html,20240930022137,cdx,
https://www.zdf.de/nachrichten/politik/deutschland/spd-bundesparteitag-leitantrag-russland-politik-100.html,20240930202152,cdx,
https://www.zdf.de/nachrichten/politik/deutschland/sylt-buergermeister-haeckel-abgewaehlt-100.html,20240929215307,cdx,
https://www.zdf.de/nachrichten/politik/deutschland/thueringen-eilentscheid-landtag-konstitutierende-sitzung-100.html,20240929020911,cdx,
https://www.zdf.de/nachrichten/politik/deutschland/wahlrecht-reform-bundestag-bundesverfassungsgericht-100.html,20240930024516,cdx,
https://www.zdf.de/nachrichten/politik/mannheim-messerattacke-generalbundesanwalt-ermittlungen-100.html,20240929183052,cdx,
https://www.zdf.de/nachrichten/politik/marine-le-pen-frankreich-rassemblement-rechte-100.html,20240930202034,cdx,
https://www.zdf.de/nachrichten/politik/politbarometer-extra-ostwahlen-sachsen-thueringen-100.html,20240930092013,cdx,
https://www.zdf.de/nachrichten/politik/steinmeier-italien-marzabotto-vergebung-ss-massaker-100.html,20240930022127,cdx,
https://www.zdf.de/nachrichten/politik/wahlrechtsreform-bundestag-5-prozent-huerde-100.html,20240930220931,cdx,
https://www.zdf.de/nachrichten/politik/wahlrechtsreform-gegner-bundesverfassungsgericht-100.html,20240930152500,cdx,
https://www.zdf.de/nachrichten/ratgeber/alternativen-gehaltserhoehung-steuerfrei-100.html,20240930233126,cdx,
https://www.zdf.de/nachrichten/ratgeber/diebstahl-haus-einbruch-moderne-gaunerzinken-100.html,20240930143152,cdx,
https://www.zdf.de/nachrichten/ratgeber/freistellungsauftrag-zinsen-steuerfrei-100.html,20240930000154,cdx,
https://www.zdf.de/nachrichten/ratgeber/gesundheit/elektronische-patientenakte-krankenkasse-lauterbach-100.html,20240929165834,cdx,
https://www.zdf.de/nachrichten/ratgeber/gesundheit/erkaeltung-symptome-tipps-hausmittel-100.html,20240929020449,cdx,
https://www.zdf.de/nachrichten/ratgeber/gesundheit/herzinsuffizienz-herzschwaeche-kardiale-dekompensation-100.html,20240930020401,cdx,
https://www.zdf.de/nachrichten/ratgeber/gesundheit/herzrhythmusstoerungen-vorhofflimmern-kammerflimmern-100.html,20240930022132,cdx,
https://www.zdf.de/nachrichten/ratgeber/gesundheit/lebenskrise-ueberwinden-resilienz-depression-100.html,20240930232322,cdx,
https://www.zdf.de/nachrichten/ratgeber/gesundheit/vogelgrippe-h5n1-pandemie-ansteckung-menschen-usa-100.html,20240929141129,cdx,
https://www.zdf.de/nachrichten/ratgeber/gold-geld-anlegen-goldpreis-100.html,20240929232715,cdx,
https://www.zdf.de/nachrichten/ratgeber/heizung-einstellen-entlueften-100.html,20240930193322,cdx,
https://www.zdf.de/nachrichten/ratgeber/igel-fuettern-winterschlaf-garten-100.html,20240929101554,cdx,
https://www.zdf.de/nachrichten/ratgeber/kuerbis-kuerbissorten-herbst-100.html,20240929102425,cdx,
https://www.zdf.de/nachrichten/sport/baseball-usa-mlb-chicago-white-sox-negativ-rekord-121-pleiten-100.html,20240929020329,cdx,
https://www.zdf.de/nachrichten/sport/borussia-dortmund-jadon-sancho-donyell-malen-100.html,20240929010202,cdx,
https://www.zdf.de/nachrichten/sport/bundesliga-5-spieltag-dortmund-bochum-100.html,20240929020744,cdx,
https://www.zdf.de/nachrichten/sport/bundesliga-topspiel-bayern-muenchen-bayer-leverkusen-100.html,20240929020122,cdx,
https://www.zdf.de/nachrichten/sport/bvb-lars-ricken-sportstudio-fussball-100.html,20240930020526,cdx,
https://www.zdf.de/nachrichten/sport/erstes-deutsches-fussballspiel-fussball-geschichte-100.html,20240930020210,cdx,
https://www.zdf.de/nachrichten/sport/fussball-bundesliga-fc-bayern-muenchen-bayer-leverkusen-spieltag-5-100.html,20240929020957,cdx,
https://www.zdf.de/nachrichten/sport/fussball-bundesliga-frauen-frankfurt-wolfsburg-100.html,20240930020541,cdx,
https://www.zdf.de/nachrichten/sport/fussball-bundesliga-tsg-1899-hoffenheim-werder-bremen-100.html,20240930020206,cdx,
https://www.zdf.de/nachrichten/sport/fussball-bundesliga-vfl-wolfsburg-vw-sponsoring-100.html,20240930202404,cdx,
https://www.zdf.de/nachrichten/sport/fussball-darmstadt-aufstieg-bundesliga-100.html,20240930112715,cdx,
https://www.zdf.de/nachrichten/sport/fussball-dfb-frauen-alexandra-popp-ruecktritt-bericht-100.html,20240930225856,cdx,
https://www.zdf.de/nachrichten/sport/fussball-fifa-klub-wm-spielorte-stadien-usa-100.html,20240929115504,cdx,
https://www.zdf.de/nachrichten/sport/fussball-premier-league-brighton-fabian-huerzeler-100.html,20240929020452,cdx,
https://www.zdf.de/nachrichten/sport/gino-maeder-radprofi-tour-de-suisse-100.html,20240930175055,cdx,
https://www.zdf.de/nachrichten/sport/leichtathletik-marathon-berlin-100.html,20240929101538,cdx,
https://www.zdf.de/nachrichten/sport/olympia-2024-basketball-gobert-wembanyama-100.html,20240929232427,cdx,
https://www.zdf.de/nachrichten/sport/para-leichtathletik-wm-paralympics-paris-ausschluss-russland-dbs-100.html,20240930112654,cdx,
https://www.zdf.de/nachrichten/sport/radsport-spanien-rundfahrt-roglic-gesamtsieg-vuelta-100.html,20240930184137,cdx,
https://www.zdf.de/nachrichten/sport/radsport-todesfall-furrer-uci-100.html,20240929020041,cdx,
https://www.zdf.de/nachrichten/sport/radsport-wm-strassenrennen-frauen-lippert-100.html,20240929020404,cdx,
https://www.zdf.de/nachrichten/sport/radsport-wm-zuerich-strasse-maenner-pogacar-100.html,20240930022126,cdx,
https://www.zdf.de/nachrichten/sport/radsport-wm-zuerich-strassenrennen-vorschau-tadej-pogacar-100.html,20240929020827,cdx,
https://www.zdf.de/nachrichten/thema/herz-kreislauf-erkrankungen-100.html,20240930020534,cdx,
https://www.zdf.de/nachrichten/thema/marine-le-pen-148.html,20240930185513,cdx,
https://www.zdf.de/nachrichten/thema/mark-rutte-124.html,20240930145410,cdx,
https://www.zdf.de/nachrichten/video/afd-brandenburg-erfolg-junge-waehler-100.html,20240930201955,cdx,
https://www.zdf.de/nachrichten/video/panorama-biolumineszenz-lebende-lampen-frankreich-100.html,20240930140811,cdx,
https://www.zdf.de/nachrichten/video/panorama-frankreich-ferien-sommer-100.html,20240930131438,cdx,
https://www.zdf.de/nachrichten/video/politik-lanz-blome-afd-100.html,20240930203845,cdx,
https://www.zdf.de/nachrichten/video/scholz-merz-stimmung-bevoelkerung-video-100.html,20240929094243,cdx,
https://www.zdf.de/nachrichten/wirtschaft/abgas-skandal-wohnmobil-schadensersatz-scheuer-100.html,20240929202917,cdx,
https://www.zdf.de/nachrichten/wirtschaft/bauen-immobilie-frueher-guenstiger-100.html,20240930121530,cdx,
https://www.zdf.de/nachrichten/wirtschaft/deutsche-wirtschaft-deutschland-konjunktur-aktuelle-lage-100.html,20240929114004,cdx,
https://www.zdf.de/nachrichten/wirtschaft/eu-china-zoelle-e-auto-100.html,20240930122840,cdx,
https://www.zdf.de/nachrichten/wirtschaft/flughafen-frankfurt-siebenschlaefer-tier-strom-ausfall-kabel-100.html,20240929193004,cdx,
https://www.zdf.de/nachrichten/wirtschaft/immobilie-eigenheim-kosten-stadt-land-speckguertel-100.html,20240930172353,cdx,
https://www.zdf.de/nachrichten/wirtschaft/immobilien-preise-sinkende-nachfrage-haus-wohnung-grafiken-100.html,20240930183120,cdx,
https://www.zdf.de/nachrichten/wirtschaft/inflation-september-deutschland-energie-lebensmittel-100.html,20240930153454,cdx,
https://www.zdf.de/nachrichten/wirtschaft/kabinett-beschluss-nationale-hafenstrategie-100.html,20240929095213,cdx,
https://www.zdf.de/nachrichten/wirtschaft/preise-lebenshaltungskosten-ranking-100.html,20240929113146,cdx,
https://www.zdf.de/nachrichten/wirtschaft/suedlink-oekostrom-stromautobahn-100.html,20240929020120,cdx,
https://www.zdf.de/nachrichten/wirtschaft/unternehmen/automarkt-deutschland-volkswagen-prognose-gesenkt-100.html,20240929020217,cdx,
https://www.zdf.de/nachrichten/wirtschaft/unternehmen/bluesky-twitter-hype-soziales-netzwerk-100.html,20240930191829,cdx,
https://www.zdf.de/nachrichten/wirtschaft/unternehmen/post-briefzustellung-deutschland-flugzeug-100.html,20240930064220,cdx,
https://www.zdf.de/nachrichten/wissen/allgaeu-ausgrabungen-ur-panda-tongrube-100.html,20240929135535,cdx,
https://www.zdf.de/nachrichten/wissen/cern-jubilaeum-70-jahre-100.html,20240929133214,cdx,
https://www.zdf.de/nachrichten/wissen/darknet-tor-behoerden-anonymisierung-100.html,20240929152840,cdx,
https://www.zdf.de/nachrichten/wissen/die-leiden-des-jungen-werther-goethe-100.html,20240930022140,cdx,
https://www.zdf.de/nachrichten/wissen/hecken-klima-co2-tiere-100.html,20240929125817,cdx,
https://www.zdf.de/nachrichten/wissen/mikroplastik-ozean-trikot-100.html,20240929093730,cdx,
https://www.zdf.de/nachrichten/wissen/pestizide-gesundheit-terrax-christian-scharun-kolumne-100.html,20240929082604,cdx,
https://www.zdf.de/nachrichten/wissen/rettung-blauflossen-thunfisch-nordsee-ueberfischung-forschung-100.html,20240929020327,cdx,
https://www.zdf.de/nachrichten/wissen/sonnenfinsternis-fuer-blinde-100.html,20240929115140,cdx,
https://www.zdf.de/nachrichten/briefing/iran-israel-schneider-zdfheute-update-100.html,20241002060437,cdx,
https://www.zdf.de/nachrichten/briefing/libanon-bka-spionage-zdfheute-update-100.html,20241001202314,cdx,
https://www.zdf.de/nachrichten/briefing/nato-carter-kunz-zdfheute-update-100.html,20241001090106,cdx,
https://www.zdf.de/nachrichten/drehscheibe/brandschutz-staedte-nachhaltigkeit-bauweise-100.html,20241001010447,cdx,
https://www.zdf.de/nachrichten/panorama/artenschutz-naturschutz-vorzeigetier-knut-bruno-100.html,20241001171342,cdx,
https://www.zdf.de/nachrichten/panorama/asiatische-riesenschildkroete-indien-entdeckung-100.html,20241001121901,cdx,
https://www.zdf.de/nachrichten/panorama/australien-waldbrand-feuer-gefahr-100.html,20241001123944,cdx,
https://www.zdf.de/nachrichten/panorama/boeing-senegal-flugzeug-unfall-100.html,20241001000120,cdx,
https://www.zdf.de/nachrichten/panorama/bundesverfassungsgericht-karlsruhe-2024-wahlrecht-afd-klima-fussball-100.html,20241001020729,cdx,
https://www.zdf.de/nachrichten/panorama/chile-waldbraende-tote-102.html,20241001115530,cdx,
https://www.zdf.de/nachrichten/panorama/cholera-kreuzfahrt-schiff-norwegian-dawn-mauritius-100.html,20241001142058,cdx,
https://www.zdf.de/nachrichten/panorama/christen-verfolgung-weltweit-zunahme-index-100.html,20241001110527,cdx,
https://www.zdf.de/nachrichten/panorama/deutschland-haushalt-muell-abfaelle-100.html,20241002055949,cdx,
https://www.zdf.de/nachrichten/panorama/eisbaeren-welttag-churchill-100.html,20241001133019,cdx,
https://www.zdf.de/nachrichten/panorama/energiewende-bioenergiedorf-erneuerbare-energien-biomasse-100.html,20241001122610,cdx,
https://www.zdf.de/nachrichten/panorama/esc-niederlande-joost-klein-skandal-100.html,20241001174940,cdx,
https://www.zdf.de/nachrichten/panorama/flugzeug-austrian-airlines-unwetter-nase-100.html,20241002172200,cdx,
https://www.zdf.de/nachrichten/panorama/gendern-beratung-regelwerk-rat-deutsche-rechtschreibung-100.html,20241001190006,cdx,
https://www.zdf.de/nachrichten/panorama/gruener-wasserstoff-projekt-energiewende-zdf-in-perl-100.html,20241001135906,cdx,
https://www.zdf.de/nachrichten/panorama/hurrikan-helene-usa-biden-katastrophengebiet-100.html,20241002014428,cdx,
https://www.zdf.de/nachrichten/panorama/interview-datenschutz-sicherheit-polizei-markus-ogorek-100.html,20241001202711,cdx,
https://www.zdf.de/nachrichten/panorama/kaufland-rueckruf-raeucherfisch-100-100.html,20241001114907,cdx,
https://www.zdf.de/nachrichten/panorama/kranichzug-storchenrueckkehr-zugvoegel-wetter-jahreszeit-100.html,20241001115022,cdx,
https://www.zdf.de/nachrichten/panorama/krank-atemweg-rki-corona-grippe-rhino-virus-100.html,20241002171757,cdx,
https://www.zdf.de/nachrichten/panorama/kriminalitaet/ballweg-querdenker-prozess-anklage-100.html,20241002182422,cdx,
https://www.zdf.de/nachrichten/panorama/kriminalitaet/muenchen-angriff-verdaechtiger-gefasst-100.html,20241002020733,cdx,
https://www.zdf.de/nachrichten/panorama/kriminalitaet/zoll-razzia-schwarzarbeit-baubranche-deutschland-100.html,20241001162148,cdx,
https://www.zdf.de/nachrichten/panorama/mainz-stromausfall-100.html,20241001143605,cdx,
https://www.zdf.de/nachrichten/panorama/mikrobe-2024-bakterium-strom-leiten-100.html,20241001174923,cdx,
https://www.zdf.de/nachrichten/panorama/mikroplastik-kunststoff-wasser-forschung-umwelt-faq-100.html,20241002064306,cdx,
https://www.zdf.de/nachrichten/panorama/miss-universe-wettbewerb-81-jaehrige-verpasst-finale-100.html,20241001092535,cdx,
https://www.zdf.de/nachrichten/panorama/moebel-design-nachhaltig-muell-plan-b-100.html,20241001115245,cdx,
https://www.zdf.de/nachrichten/panorama/mona-lisa-suppe-paris-louvre-100.html,20241001121815,cdx,
https://www.zdf.de/nachrichten/panorama/musk-twitter-hart-arbeiten-100.html,20241001083636,cdx,
https://www.zdf.de/nachrichten/panorama/oktober-aenderungen-winterreifenpflicht-bafoeg-erhoehung-neue-fragen-theoriepruefung-balkonkraftwerk-100.html,20241001142213,cdx,
https://www.zdf.de/nachrichten/panorama/ostdeutschland-junge-menschen-abwanderung-statistisches-bundesamt-100.html,20241001191705,cdx,
https://www.zdf.de/nachrichten/panorama/paris-fashion-week-grand-palais-chanel-100.html,20241002172538,cdx,
https://www.zdf.de/nachrichten/panorama/partielle-mondfinsternis-vollmond-100.html,20241001183304,cdx,
https://www.zdf.de/nachrichten/panorama/prominente/diddy-missbrauch-opfer-anwalt-100.html,20241002004420,cdx,
https://www.zdf.de/nachrichten/panorama/prominente/hunter-biden-nacktbilder-fox-news-100.html,20241001125209,cdx,
https://www.zdf.de/nachrichten/panorama/prominente/mockridge-paralympics-behinderte-reaktionen-100.html,20241001153608,cdx,
https://www.zdf.de/nachrichten/panorama/prominente/oesterreich-lugner-sechste-ehe-wien-hochzeit-100.html,20241001033237,cdx,
https://www.zdf.de/nachrichten/panorama/prominente/prinz-harry-meghan-london-100.html,20241001225222,cdx,
https://www.zdf.de/nachrichten/panorama/prominente/schauspieler-michael-gambon-tot-dumbledore-100.html,20241001125426,cdx,
https://www.zdf.de/nachrichten/panorama/prominente/sean-diddy-combs-ermittlungen-sexhandel-100.html,20241002132930,cdx,
https://www.zdf.de/nachrichten/panorama/prominente/stars-promi-news-bilder-aktuell-oktober-2024-neu-100.html,20241002020738,cdx,
https://www.zdf.de/nachrichten/panorama/prominente/stars-promi-news-bilder-oktober-2024-100.html,20241002014730,cdx,
https://www.zdf.de/nachrichten/panorama/prominente/us-schauspieler-john-amos-tot-100.html,20241002014528,cdx,
https://www.zdf.de/nachrichten/panorama/prominente/vergewaltigungsvorwurf-rapper-diddy-combs-usa-klage-100.html,20241002122559,cdx,
https://www.zdf.de/nachrichten/panorama/rassistische-sprache-jim-knopf-buecher-verlag-aenderungen-100.html,20241002225520,cdx,
https://www.zdf.de/nachrichten/panorama/razzia-reichsbuerger-umsturz-terrorverdacht-100.html,20241001043104,cdx,
https://www.zdf.de/nachrichten/panorama/rote-liste-lachs-gefaehrdete-tiere-pflanzen-umwelt-klima-weltnaturschutzunion-100.html,20241001203947,cdx,
https://www.zdf.de/nachrichten/panorama/saphire-nachhaltigkeit-arbeitsbedingungen-oeko-mine-sri-lanka-100.html,20241001115828,cdx,
https://www.zdf.de/nachrichten/panorama/studie-ernaehrung-gesundheit-misereor-100.html,20241001142037,cdx,
https://www.zdf.de/nachrichten/panorama/studie-zaehne-putzen-defizite-100.html,20241002063538,cdx,
https://www.zdf.de/nachrichten/panorama/taifun-krathon-philippinen-taiwan-100.html,20241001124536,cdx,
https://www.zdf.de/nachrichten/panorama/tiktok-hitler-videos-viral-100.html,20241001205440,cdx,
https://www.zdf.de/nachrichten/panorama/trinkspiel-grossbritannien-online-100.html,20241001184933,cdx,
https://www.zdf.de/nachrichten/panorama/twitter-trump-rueckkehr-nach-uebernahme-musk-100.html,20241001195735,cdx,
https://www.zdf.de/nachrichten/panorama/usa-extremwetter-tornado-waldbrand-schneesturm-100.html,20241001124849,cdx,
https://www.zdf.de/nachrichten/panorama/venedig-klimaaktivisten-faerben-kanal-gruen-extinction-rebellion-100.html,20241001125848,cdx,
https://www.zdf.de/nachrichten/panorama/verbraucherzentrale-wohngeld-portal-warnung-100.html,20241002203109,cdx,
https://www.zdf.de/nachrichten/panorama/weltsynode-katholische-kirche-papst-franziskus-reform-100.html,20241001175856,cdx,
https://www.zdf.de/nachrichten/panorama/wildschwein-aujeszkysche-krankheit-ansteckung-haustier-100.html,20241001235613,cdx,
https://www.zdf.de/nachrichten/panorama/woelfe-jagd-abschuss-weidetiere-schutz-massnahmen-diskussion-100.html,20241001134628,cdx,
https://www.zdf.de/nachrichten/politik/afd-russland-propaganda-deutschland-thomas-haldenwang-100.html,20241001055428,cdx,
https://www.zdf.de/nachrichten/politik/andreas-scheuer-bundestag-mandat-niederlegung-100.html,20241001091723,cdx,
https://www.zdf.de/nachrichten/politik/asylrecht-eu-reform-vorschlag-cdu-faq-100.html,20241001182321,cdx,
https://www.zdf.de/nachrichten/politik/ausland/algerien-gruener-wasserstoff-aktivist-100.html,20241001125841,cdx,
https://www.zdf.de/nachrichten/politik/ausland/angriff-schusswaffen-tel-aviv-israel-100.html,20241001230923,cdx,
https://www.zdf.de/nachrichten/politik/ausland/arizona-trump-giuliani-meadows-wahlmanipulation-anklage-100.html,20241001194609,cdx,
https://www.zdf.de/nachrichten/politik/ausland/atomenergie-strom-frankreich-100.html,20241001070801,cdx,
https://www.zdf.de/nachrichten/politik/ausland/atomkraftwerk-atomenergie-grossbritannien-bau-100.html,20241001034112,cdx,
https://www.zdf.de/nachrichten/politik/ausland/biden-harris-demokraten-machtkampf-usa-wahl-100.html,20241002035002,cdx,
https://www.zdf.de/nachrichten/politik/ausland/biden-nato-gipfel-selenskyj-putin-100.html,20241001053216,cdx,
https://www.zdf.de/nachrichten/politik/ausland/biden-netanjahu-israel-gaza-hilfen-100.html,20241001075758,cdx,
https://www.zdf.de/nachrichten/politik/ausland/biden-waffen-rafah-israel-usa-100.html,20241001152931,cdx,
https://www.zdf.de/nachrichten/politik/ausland/bodenoperation-libanon-israel-100.html,20241001030434,cdx,
https://www.zdf.de/nachrichten/politik/ausland/brasilien-x-sperrung-bolsonaro-trump-demokratie-100.html,20241001045354,cdx,
https://www.zdf.de/nachrichten/politik/ausland/brexit-britische-wirtschaft-eu-100.html,20241001093920,cdx,
https://www.zdf.de/nachrichten/politik/ausland/bundesstaaten-swing-states-usa-wahl-harris-trump-100.html,20241002020727,cdx,
https://www.zdf.de/nachrichten/politik/ausland/cluever-ashbrook-usa-mccarthy-putin-trump-100.html,20241001194651,cdx,
https://www.zdf.de/nachrichten/politik/ausland/daenemark-explosion-botschaft-israel-100.html,20241002141929,cdx,
https://www.zdf.de/nachrichten/politik/ausland/desinformation-sda-kreml-russland-100.html,20241001184915,cdx,
https://www.zdf.de/nachrichten/politik/ausland/eu-baltikum-putin-100.html,20241001081246,cdx,
https://www.zdf.de/nachrichten/politik/ausland/eu-co2-ausstoss-lkw-busse-regeln-100.html,20241001114835,cdx,
https://www.zdf.de/nachrichten/politik/ausland/eu-kommission-elon-musk-x-strafe-100.html,20241001045018,cdx,
https://www.zdf.de/nachrichten/politik/ausland/eu-kommission-lockerungen-bauern-landwirte-proteste-umwelt-100.html,20241001153327,cdx,
https://www.zdf.de/nachrichten/politik/ausland/eu-kommission-von-der-leyen-kandidaten-100.html,20241001084446,cdx,
https://www.zdf.de/nachrichten/politik/ausland/eu-kommission-vorschlaege-evp-weber-100.html,20241001182534,cdx,
https://www.zdf.de/nachrichten/politik/ausland/eu-programm-zug-ticket-reisen-kostenlos-18-jaehrige-100.html,20241002211334,cdx,
https://www.zdf.de/nachrichten/politik/ausland/frankreich-barnier-fahrplan-haushalt-migrationspolitik-100.html,20241002001353,cdx,
https://www.zdf.de/nachrichten/politik/ausland/frankreich-neuwahl-rechtspopulisten-milliardaer-bollore-100.html,20241001033845,cdx,
https://www.zdf.de/nachrichten/politik/ausland/frauen-iran-mahsa-amini-100.html,20241001153710,cdx,
https://www.zdf.de/nachrichten/politik/ausland/grenzkontrollen-deutschland-schengenraum-reisefreiheit-eu-100.html,20241001210035,cdx,
https://www.zdf.de/nachrichten/politik/ausland/grossbritannien-anklage-zwoelfjaehrige-rechtsradikale-ausschreitungen-100.html,20241002143201,cdx,
https://www.zdf.de/nachrichten/politik/ausland/haeusliche-gewalt-bosnien-und-herzegowina-instagram-100.html,20241002194357,cdx,
https://www.zdf.de/nachrichten/politik/ausland/illner-weber-ukraine-krieg-putin-100.html,20241001082335,cdx,
https://www.zdf.de/nachrichten/politik/ausland/iran-israel-raketenangriff-hisbollah-100.html,20241002212152,cdx,related
https://www.zdf.de/nachrichten/politik/ausland/iran-raketenangriff-israel-bodenoffensive-libanon-100.html,20241001152026,cdx,related
https://www.zdf.de/nachrichten/politik/ausland/iran-russland-raketen-militaeranalyse-ukraine-krieg-russland-100.html,20241001071815,cdx,
https://www.zdf.de/nachrichten/politik/ausland/iran-warnung-israel-100.html,20241001113650,cdx,
https://www.zdf.de/nachrichten/politik/ausland/iron-dome-luftabwehr-israel-100.html,20241002121226,cdx,
https://www.zdf.de/nachrichten/politik/ausland/israel-krieg-usa-kriegsschiffe-100.html,20241001043719,cdx,
https://www.zdf.de/nachrichten/politik/ausland/jimmy-carter-geburtstag-100.html,20241001205804,cdx,
https://www.zdf.de/nachrichten/politik/ausland/joe-biden-alter-wahlkampf-100.html,20241001044342,cdx,
https://www.zdf.de/nachrichten/politik/ausland/joe-biden-state-of-the-union-usa-100.html,20241001041957,cdx,
https://www.zdf.de/nachrichten/politik/ausland/julian-assange-europarat-menschenrechte-100.html,20241001163459,cdx,
https://www.zdf.de/nachrichten/politik/ausland/kamala-harris-new-york-times-wahlaufruf-usa-wahl-100.html,20241001064955,cdx,
https://www.zdf.de/nachrichten/politik/ausland/kamala-harris-usa-wahl-vizekandidaten-100.html,20241001043549,cdx,
https://www.zdf.de/nachrichten/politik/ausland/kiew-hinrichtung-kriegsgefangene-ukraine-krieg-russland-100.html,20241002233225,cdx,
https://www.zdf.de/nachrichten/politik/ausland/kinderarbeit-usa-bundesstaaten-100.html,20241001201013,cdx,
https://www.zdf.de/nachrichten/politik/ausland/klima-datenspeicher-stromversorgung-kuenstliche-intelligenz-100.html,20241001144351,cdx,
https://www.zdf.de/nachrichten/politik/ausland/klingbeil-tuerkei-reise-atatuerk-dem-chp-100.html,20241002102715,cdx,
https://www.zdf.de/nachrichten/politik/ausland/krankenhaus-gaza-rakete-al-ahli-israel-102.html,20241001033443,cdx,
https://www.zdf.de/nachrichten/politik/ausland/le-pen-rassemblement-national-umbau-frankreich-100.html,20241001053043,cdx,
https://www.zdf.de/nachrichten/politik/ausland/libanon-fluechtlinge-hilfsorganisation-zypern-israel-100.html,20241002160639,cdx,
https://www.zdf.de/nachrichten/politik/ausland/libanon-hisbollah-busse-offensive-israel-100.html,20241001165821,cdx,
https://www.zdf.de/nachrichten/politik/ausland/libanon-israel-usa-iran-vergeltung-warnung-100.html,20241001065607,cdx,
https://www.zdf.de/nachrichten/politik/ausland/maduro-venezuela-x-sperre-musk-praesident-wahl-100.html,20241001051404,cdx,
https://www.zdf.de/nachrichten/politik/ausland/mark-rutte-neuer-nato-generalsekretaer-100.html,20241001125354,cdx,
https://www.zdf.de/nachrichten/politik/ausland/moma-duell-bartsch-wagener-ukraine-krieg-russland-100.html,20241002001256,cdx,
https://www.zdf.de/nachrichten/politik/ausland/onlinedienst-x-sperrung-brasilien-100.html,20241002061304,cdx,
https://www.zdf.de/nachrichten/politik/ausland/oslo-friedensabkommen-israel-palaestinenser-30-jahre-100.html,20241001122808,cdx,
https://www.zdf.de/nachrichten/politik/ausland/papst-franziskus-vatikan-weltsynode-frauen-100.html,20241002154306,cdx,
https://www.zdf.de/nachrichten/politik/ausland/rafah-un-resolution-israel-100.html,20241001094447,cdx,
https://www.zdf.de/nachrichten/politik/ausland/schlamm-eisenbahn-sabotage-awdijika-ukraine-krieg-russland-100.html,20241001071708,cdx,
https://www.zdf.de/nachrichten/politik/ausland/schuesse-trump-biden-rede-lage-der-nation-usa-wahl-100.html,20241001031944,cdx,
https://www.zdf.de/nachrichten/politik/ausland/sebstian-kurz-urteil-falschaussage-haft-bewaehrung-100.html,20241001030014,cdx,
https://www.zdf.de/nachrichten/politik/ausland/selenskyj-kraftakt-ukraine-krieg-russland-100.html,20241001081303,cdx,
https://www.zdf.de/nachrichten/politik/ausland/selenskyj-waffenproduktion-ukraine-krieg-russland-100.html,20241002160851,cdx,
https://www.zdf.de/nachrichten/politik/ausland/shani-louk-leiche-fund-israel-gaza-100.html,20241001062054,cdx,
https://www.zdf.de/nachrichten/politik/ausland/skitourismus-in-frankreich-klimawandel-100.html,20241001133542,cdx,
https://www.zdf.de/nachrichten/politik/ausland/solarindustrie-eu-gesetz-europaparlament-100.html,20241001135007,cdx,
https://www.zdf.de/nachrichten/politik/ausland/spanien-stierkampf-preis-abgeschafft-100.html,20241002043900,cdx,
https://www.zdf.de/nachrichten/politik/ausland/strategie-israel-libanon-operation-100.html,20241001032209,cdx,
https://www.zdf.de/nachrichten/politik/ausland/taurus-lieferung-marschflugkoerper-debatte-thiele-ukraine-krieg-russland-100.html,20241001212302,cdx,
https://www.zdf.de/nachrichten/politik/ausland/tote-soldaten-ukraine-krieg-russland-100.html,20241001193101,cdx,
https://www.zdf.de/nachrichten/politik/ausland/trump-absage-interview-usa-wahl-100.html,20241002140401,cdx,
https://www.zdf.de/nachrichten/politik/ausland/trump-attentat-versuch-golfplatz-karte-100.html,20241001200625,cdx,
https://www.zdf.de/nachrichten/politik/ausland/trump-twitter-account-sonderermittler-durchsuchungsbefehl-100.html,20241001050752,cdx,
https://www.zdf.de/nachrichten/politik/ausland/truppen-drohnen-kursk-ukraine-krieg-russland-100.html,20241001044101,cdx,
https://www.zdf.de/nachrichten/politik/ausland/tv-duell-walz-vance-usa-wahl-100.html,20241002075326,cdx,
https://www.zdf.de/nachrichten/politik/ausland/umweltauflage-bauern-eu-brachflaeche-100.html,20241001130900,cdx,
https://www.zdf.de/nachrichten/politik/ausland/ungarn-tschechien-oesterreich-manifest-100.html,20241001154914,cdx,
https://www.zdf.de/nachrichten/politik/ausland/usa-biden-geheim-unterlagen-befragung-100.html,20241001045234,cdx,
https://www.zdf.de/nachrichten/politik/ausland/usa-china-treffen-xi-biden-kalifornien-100.html,20241001032541,cdx,
https://www.zdf.de/nachrichten/politik/ausland/usa-f16-kampfjet-ukraine-krieg-russland-100.html,20241002213527,cdx,
https://www.zdf.de/nachrichten/politik/ausland/usa-georgia-abtreibung-gesetz-100.html,20241001103004,cdx,
https://www.zdf.de/nachrichten/politik/ausland/usa-huthi-stellung-jemen-100.html,20241002110523,cdx,
https://www.zdf.de/nachrichten/politik/ausland/usa-soldaten-israel-100.html,20241002173726,cdx,
https://www.zdf.de/nachrichten/politik/ausland/usa-ukraine-hilfspaket-waffenlieferung-100.html,20241001084833,cdx,
https://www.zdf.de/nachrichten/politik/ausland/usa-wahl-walz-vance-tv-duell-vizekandidaten-100.html,20241002014821,cdx,
https://www.zdf.de/nachrichten/politik/ausland/vizepraesident-jd-vance-tim-walz-usa-wahl-100.html,20241001232139,cdx,
https://www.zdf.de/nachrichten/politik/ausland/westjordanland-siedler-gewalt-fehler-israel-100.html,20241001184227,cdx,
https://www.zdf.de/nachrichten/politik/ausland/whistleblower-assange-europarat-100.html,20241002193026,cdx,
https://www.zdf.de/nachrichten/politik/ausland/widerstand-klimaschutz-opec-baerbock-100.html,20241002075933,cdx,
https://www.zdf.de/nachrichten/politik/ausland/xi-taiwan-usa-100.html,20241001062654,cdx,
https://www.zdf.de/nachrichten/politik/baerbock-friedenskonferenz-russland-ukraine-krieg-100.html,20241001214926,cdx,
https://www.zdf.de/nachrichten/politik/cdu-thueringen-umgang-kommunen-afd-koalition-absage-100.html,20241001130708,cdx,
https://www.zdf.de/nachrichten/politik/deutschland/afd-parteitag-nrw-junge-alternative-helferich-100.html,20241001042513,cdx,
https://www.zdf.de/nachrichten/politik/deutschland/afd-verbot-spd-klausurtagung-demokratie-100.html,20241002131225,cdx,
https://www.zdf.de/nachrichten/politik/deutschland/ampel-paus-lindner-kanzler-scholz-streit-koalition-100.html,20241002153004,cdx,
https://www.zdf.de/nachrichten/politik/deutschland/angriffe-gewalt-migranten-politisch-motiviert-100.html,20241002033611,cdx,
https://www.zdf.de/nachrichten/politik/deutschland/anne-frank-antisemitismus-aufklaerung-ampel-kuerzungen-100.html,20241001112838,cdx,
https://www.zdf.de/nachrichten/politik/deutschland/bauernverband-proteste-rukwied-agrardiesel-100.html,20241001114549,cdx,
https://www.zdf.de/nachrichten/politik/deutschland/bildungsbarometer-schulen-note-befriedigend-100.html,20241002032826,cdx,
https://www.zdf.de/nachrichten/politik/deutschland/binnenschifffahrt-infrastruktur-politischer-wille-100.html,20241001140125,cdx,
https://www.zdf.de/nachrichten/politik/deutschland/biodiversitaet-artenvielfalt-faktencheck-deutschland-100.html,20241001172655,cdx,
https://www.zdf.de/nachrichten/politik/deutschland/bka-gesetz-rechtswidrig-100.html,20241001101427,cdx,
https://www.zdf.de/nachrichten/politik/deutschland/bka-gesetz-rechtswiedrig-100.html,20241001054424,cdx,
https://www.zdf.de/nachrichten/politik/deutschland/buergergeld-sanktionen-kuerzungen-kabinett-100.html,20241002184954,cdx,
https://www.zdf.de/nachrichten/politik/deutschland/bundesinnenministerium-faeser-taskforce-islamismus-100.html,20241001203237,cdx,
https://www.zdf.de/nachrichten/politik/deutschland/bundesregierung-strategie-erderwaermung-klimawandel-100.html,20241001165012,cdx,
https://www.zdf.de/nachrichten/politik/deutschland/bundestag-einbuergerung-staatsangehoerigkeitsrecht-100.html,20241002163536,cdx,
https://www.zdf.de/nachrichten/politik/deutschland/buschmann-reform-baurecht-100.html,20241002174137,cdx,
https://www.zdf.de/nachrichten/politik/deutschland/chinesin-leipzig-spionageverdacht-verhaftet-100.html,20241001125607,cdx,
https://www.zdf.de/nachrichten/politik/deutschland/co2-ausstoss-emissionen-klima-studie-ziele-deutschland-100.html,20241001113504,cdx,
https://www.zdf.de/nachrichten/politik/deutschland/deutschlandticket-verkehr-stendal-laender-100.html,20241001175210,cdx,
https://www.zdf.de/nachrichten/politik/deutschland/dobrindt-ukraine-gefluechtete-buergergeld-ausweisung-100.html,20241001132749,cdx,
https://www.zdf.de/nachrichten/politik/deutschland/erwerbstaetige-arbeitnehmer-deutschland-rekord-100.html,20241001124515,cdx,
https://www.zdf.de/nachrichten/politik/deutschland/esken-afd-verbot-innenminister-faeser-100.html,20241002095130,cdx,
https://www.zdf.de/nachrichten/politik/deutschland/europawahl-cdu-linnemann-ampel-kritik-100.html,20241001091250,cdx,
https://www.zdf.de/nachrichten/politik/deutschland/europawahl-gruene-oezdemir-100.html,20241001103028,cdx,
https://www.zdf.de/nachrichten/politik/deutschland/friedensdemo-berlin-stegner-wagenknecht-kritik-100.html,20241002163642,cdx,
https://www.zdf.de/nachrichten/politik/deutschland/goering-eckardt-hautfarbe-tweet-dfb-fussball-100.html,20241001101200,cdx,
https://www.zdf.de/nachrichten/politik/deutschland/gruene-atomausstieg-interne-bedenken-habeck-lemke-100.html,20241001070736,cdx,
https://www.zdf.de/nachrichten/politik/deutschland/gruene-zukunftskongress-fraktion-100.html,20241001025901,cdx,
https://www.zdf.de/nachrichten/politik/deutschland/habeck-gruene-tiktok-kanal-100.html,20241001070712,cdx,
https://www.zdf.de/nachrichten/politik/deutschland/haeusliche-gewalt-politik-gesellschaft-100.html,20241001103124,cdx,
https://www.zdf.de/nachrichten/politik/deutschland/hamburg-hauptbahnhof-infektion-marburg-virus-100.html,20241002182508,cdx,
https://www.zdf.de/nachrichten/politik/deutschland/hass-spd-politiker-schwarz-taurus-lieferung-ukraine-krieg-russland-100.html,20241001050417,cdx,
https://www.zdf.de/nachrichten/politik/deutschland/intel-fabrik-subventionen-ampel-streit-100.html,20241001215148,cdx,
https://www.zdf.de/nachrichten/politik/deutschland/landtagswahl-thueringen-afd-demokratie-100.html,20241001064609,cdx,
https://www.zdf.de/nachrichten/politik/deutschland/lanz-joachim-gauck-politik-zuwanderung-100.html,20241002083755,cdx,
https://www.zdf.de/nachrichten/politik/deutschland/lanz-spahn-sondierungen-thueringen-100.html,20241002070642,cdx,
https://www.zdf.de/nachrichten/politik/deutschland/lauterbach-homoeopathie-kassenleistung-streichen-gesundheit-100.html,20241002120033,cdx,
https://www.zdf.de/nachrichten/politik/deutschland/lindner-afd-verbotsverfahren-persilschein-100.html,20241001004055,cdx,
https://www.zdf.de/nachrichten/politik/deutschland/lindner-schuldenbremse-werbung-linke-klage-100.html,20241001154923,cdx,
https://www.zdf.de/nachrichten/politik/deutschland/mahnmal-berlin-kommunistische-gewaltherrschaft-roth-100.html,20241002090056,cdx,
https://www.zdf.de/nachrichten/politik/deutschland/mehrweg-verpackungen-gastronomie-kritik-100.html,20241001124416,cdx,
https://www.zdf.de/nachrichten/politik/deutschland/michael-roth-rueckzug-politik-spd-100.html,20241001174009,cdx,
https://www.zdf.de/nachrichten/politik/deutschland/parteienfinanzierung-npd-afd-mueller-parteiverbot-100.html,20241001151111,cdx,
https://www.zdf.de/nachrichten/politik/deutschland/parteinahe-stiftungen-finanzierung-staat-gesetz-bundestag-100.html,20241001090632,cdx,
https://www.zdf.de/nachrichten/politik/deutschland/pistorius-wehrpflicht-bundeswehr-pflichtdienst-100.html,20241001044749,cdx,
https://www.zdf.de/nachrichten/politik/deutschland/politbarometer-ampel-koalition-haushaltskrise-regierung-100.html,20241001042704,cdx,
https://www.zdf.de/nachrichten/politik/deutschland/sachsen-landtagswahl-bilanz-regierung-waehler-100.html,20241002194712,cdx,
https://www.zdf.de/nachrichten/politik/deutschland/spd-us-raketen-stationierung-bsw-wahlkampf-100.html,20241002181341,cdx,
https://www.zdf.de/nachrichten/politik/deutschland/stendal-deutschlandticket-kreistag-sachsen-anhalt-bus-bahn-100.html,20241001141638,cdx,
https://www.zdf.de/nachrichten/politik/deutschland/strom-preise-entlastung-unternehmen-scholz-100.html,20241002190548,cdx,
https://www.zdf.de/nachrichten/politik/deutschland/thueringen-sondierungen-cdu-bsw-spd-100.html,20241001014620,cdx,
https://www.zdf.de/nachrichten/politik/deutschland/tierwohl-haltung-platz-kosten-fleisch-verbraucher-100.html,20241001153444,cdx,
https://www.zdf.de/nachrichten/politik/deutschland/unfallflucht-ordnungswidrigkeit-eckpunkte-buschmann-100.html,20241001145706,cdx,
https://www.zdf.de/nachrichten/politik/deutschland/union-kanzlerkandidatur-hendrik-wuest-verzicht-100.html,20241001214714,cdx,
https://www.zdf.de/nachrichten/politik/europaeische-union-eu-mitglieder-geschichte-100.html,20241001013721,cdx,
https://www.zdf.de/nachrichten/politik/iaa-transportation-lkw-elektromobilitaet-100.html,20241001213224,cdx,
https://www.zdf.de/nachrichten/politik/israel-nahost-konflikt-gaza-antisemitismus-antizionismus-100.html,20241001053109,cdx,
https://www.zdf.de/nachrichten/politik/solingen-brand-anschlag-rechtsextreme-30-jahre-100.html,20241001182020,cdx,
https://www.zdf.de/nachrichten/ratgeber/balkonkraftwerk-mieter-versicherung-solar-energie-photovoltaik-100.html,20241001130114,cdx,
https://www.zdf.de/nachrichten/ratgeber/beschwerde-ueber-arzt-aerztekammer-konflikt-grenzueberschreitung-100.html,20241001213559,cdx,
https://www.zdf.de/nachrichten/ratgeber/bundesnetzagentur-stromnetzbetreiber-drosselung-ueberlastung-100.html,20241001114606,cdx,
https://www.zdf.de/nachrichten/ratgeber/gesundheit/akupressur-uebelkeit-verspannungen-loesen-tcm-100.html,20241002061417,cdx,
https://www.zdf.de/nachrichten/ratgeber/gesundheit/brustkrebs-therapie-brustkrebsmonat-100.html,20241002020735,cdx,
https://www.zdf.de/nachrichten/ratgeber/gesundheit/diabetes-tipps-typ1-typ2-gefahr-100.html,20241002111329,cdx,
https://www.zdf.de/nachrichten/ratgeber/gesundheit/menstruation-regelschmerzen-moenchspfeffer-sport-orgasmus-100.html,20241002125934,cdx,
https://www.zdf.de/nachrichten/ratgeber/gesundheit/positive-psychologie-mentale-gesundheit-100.html,20241002110157,cdx,
https://www.zdf.de/nachrichten/ratgeber/gesundheit/prostatakrebs-symptome-behandlung-100.html,20241001152337,cdx,
https://www.zdf.de/nachrichten/ratgeber/gesundheit/thai-massage-studio-finden-100.html,20241002015015,cdx,
https://www.zdf.de/nachrichten/ratgeber/kaugummi-plastik-ungesund-100.html,20241002052252,cdx,
https://www.zdf.de/nachrichten/ratgeber/ki-heizkosten-sparen-kuenstliche-intelligenz-100.html,20241001122543,cdx,
https://www.zdf.de/nachrichten/ratgeber/krankenkasse-finden-beratung-100.html,20241001143127,cdx,
https://www.zdf.de/nachrichten/ratgeber/reerdigung-bestattung-alternative-100.html,20241002021134,cdx,
https://www.zdf.de/nachrichten/ratgeber/spritsparendes-fahren-spritverbrauch-sprit-sparen-100.html,20241001122331,cdx,
https://www.zdf.de/nachrichten/ratgeber/suessstoff-aspartam-krebs-gefahr-100.html,20241002133943,cdx,
https://www.zdf.de/nachrichten/ratgeber/treppenhaus-hausflur-schuhe-kinderwagen-100.html,20241002064242,cdx,
https://www.zdf.de/nachrichten/sport/basketball-nba-dikembe-mutombo-tod-100.html,20241001023757,cdx,
https://www.zdf.de/nachrichten/sport/bayer-leverkusen-deutscher-meister-stimmung-stadion-fussball-bundesliga-100.html,20241001114610,cdx,
https://www.zdf.de/nachrichten/sport/breitensport-thaiboxen-muslima-dortmund-julia-symannek-100.html,20241001065036,cdx,
https://www.zdf.de/nachrichten/sport/fussball-bundesliga-bayer-leverkusen-hofmann-titeltraum-100.html,20241001093604,cdx,
https://www.zdf.de/nachrichten/sport/fussball-champions-league-bayer-leverkusen-ac-mailand-spieltag-zwei-100.html,20241002120224,cdx,
https://www.zdf.de/nachrichten/sport/fussball-champions-league-bayer-leverkusen-ac-mailand-vorschau-100.html,20241002014656,cdx,
https://www.zdf.de/nachrichten/sport/fussball-champions-league-bayern-muenchen-finale-dinamo-zagreb-100.html,20241001213426,cdx,
https://www.zdf.de/nachrichten/sport/fussball-champions-league-borussia-dortmund-celtic-glasgow-100.html,20241002015008,cdx,
https://www.zdf.de/nachrichten/sport/fussball-champions-league-borussia-dortmund-celtics-glasgow-2-spieltag-100.html,20241001230427,cdx,
https://www.zdf.de/nachrichten/sport/fussball-champions-league-real-madrid-vfb-stuttgart-angelo-stiller-100.html,20241001205859,cdx,
https://www.zdf.de/nachrichten/sport/fussball-champions-league-vfb-stuttgart-sparta-prag-spieltag-2-100.html,20241002014645,cdx,
https://www.zdf.de/nachrichten/sport/fussball-dfb-pokal-2-runde-auslosung-100.html,20241002054058,cdx,
https://www.zdf.de/nachrichten/sport/fussball-dfb-pokal-carl-zeiss-jena-bayer-leverkusen-100.html,20241001065001,cdx,
https://www.zdf.de/nachrichten/sport/fussball-frauen-bundesliga-projektgesellschaft-100.html,20241001153519,cdx,
https://www.zdf.de/nachrichten/sport/leichtathletik-em-2024-hindernislauf-gesa-krause-silber-100.html,20241001033533,cdx,
https://www.zdf.de/nachrichten/sport/neuer-modus-champions-league-reform-ligen-format-100.html,20241001151624,cdx,
https://www.zdf.de/nachrichten/sport/olympische-spiele-ioc-sponsoren-ausstieg-bridgestone-100.html,20241002222753,cdx,
https://www.zdf.de/nachrichten/sport/radsport-jan-ullrich-doping-gestaendnis-100.html,20241002070557,cdx,
https://www.zdf.de/nachrichten/sport/radsport-tour-de-france-finale-nizza-pogacar-100.html,20241001154853,cdx,
https://www.zdf.de/nachrichten/sport/sportpolitik-ioc-bach-100.html,20241001143749,cdx,
https://www.zdf.de/nachrichten/thema/barack-obama-170.html,20241001045242,cdx,
https://www.zdf.de/nachrichten/thema/biontech-140.html,20241001190239,cdx,
https://www.zdf.de/nachrichten/thema/cannabis-126.html,20241001061624,cdx,
https://www.zdf.de/nachrichten/thema/deniz-undav-108.html,20241001100413,cdx,
https://www.zdf.de/nachrichten/thema/europaeischer-gerichtshof-126.html,20241001042651,cdx,
https://www.zdf.de/nachrichten/thema/fitness-114.html,20241002135336,cdx,
https://www.zdf.de/nachrichten/thema/florian-silbereisen-112.html,20241001163503,cdx,
https://www.zdf.de/nachrichten/thema/handball-bundesliga-114.html,20241001043112,cdx,
https://www.zdf.de/nachrichten/thema/insekten-114.html,20241002001748,cdx,
https://www.zdf.de/nachrichten/thema/j-d-vance-104.html,20241001152449,cdx,
https://www.zdf.de/nachrichten/thema/landtagswahl-niedersachsen-104.html,20241001092013,cdx,
https://www.zdf.de/nachrichten/thema/lea-schueller-128.html,20241001060053,cdx,
https://www.zdf.de/nachrichten/thema/muenchner-sicherheitskonferenz-126.html,20241001080658,cdx,
https://www.zdf.de/nachrichten/thema/putzen-106.html,20241001073154,cdx,
https://www.zdf.de/nachrichten/thema/roland-kaiser-174.html,20241001040013,cdx,
https://www.zdf.de/nachrichten/thema/rueckenschmerzen-108.html,20241001221633,cdx,
https://www.zdf.de/nachrichten/thema/toni-kroos-196.html,20241001063938,cdx,
https://www.zdf.de/nachrichten/thema/waldemar-anton-102.html,20241001055155,cdx,
https://www.zdf.de/nachrichten/thema/werder-bremen-118.html,20241001044022,cdx,
https://www.zdf.de/nachrichten/thema/werteunion-102.html,20241001031117,cdx,
https://www.zdf.de/nachrichten/thema/x-twitter-100.html,20241001030421,cdx,
https://www.zdf.de/nachrichten/video/algen-ernaehrung-b12-100.html,20241001125301,cdx,
https://www.zdf.de/nachrichten/video/algen-fische-vegane-ernaehrung-100.html,20241001140141,cdx,
https://www.zdf.de/nachrichten/video/panorama-alpen-fruehwarnsystem-hochwasser-100.html,20241001141658,cdx,
https://www.zdf.de/nachrichten/video/panorama-duerre-amazonas-100.html,20241001130213,cdx,
https://www.zdf.de/nachrichten/video/panorama-fussgaenger-usa-100.html,20241001145418,cdx,
https://www.zdf.de/nachrichten/video/panorama-lebensgrundlage-boden-100.html,20241001144211,cdx,
https://www.zdf.de/nachrichten/video/panorama-moebel-elektroschrott-upcycling-100.html,20241001124437,cdx,
https://www.zdf.de/nachrichten/video/panorama-planet-e-reis-als-klimakiller-video-100.html,20241001154937,cdx,
https://www.zdf.de/nachrichten/wirtschaft/autogipfel-elektromobilitaet-deutschland-auto-100.html,20241001115557,cdx,
https://www.zdf.de/nachrichten/wirtschaft/biobauer-landwirtschaft-oeko-landbau-subventionen-100.html,20241001114721,cdx,
https://www.zdf.de/nachrichten/wirtschaft/e-auto-absatz-deutschland-100.html,20241001115143,cdx,
https://www.zdf.de/nachrichten/wirtschaft/eu-gas-importe-lieferanten-russland-usa-norwegen-100.html,20241002171641,cdx,
https://www.zdf.de/nachrichten/wirtschaft/fairtrade-umsatz-absatz-label-100.html,20241001123337,cdx,
https://www.zdf.de/nachrichten/wirtschaft/fleisch-preise-tierwohl-kosten-100.html,20241001174627,cdx,
https://www.zdf.de/nachrichten/wirtschaft/kunststoffindustrie-deutschland-krise-100.html,20241001151539,cdx,
https://www.zdf.de/nachrichten/wirtschaft/letztes-kohlekraftwerk-grossbritannien-100.html,20241001024303,cdx,
https://www.zdf.de/nachrichten/wirtschaft/patentamt-75-jahre-erfindungen-innovationen-wettbewerb-100.html,20241002015141,cdx,
https://www.zdf.de/nachrichten/wirtschaft/pvt-module-solar-industrie-100.html,20241001142609,cdx,
https://www.zdf.de/nachrichten/wirtschaft/recycling-kreislaufwirtschaft-abfall-start-up-100.html,20241001130701,cdx,
https://www.zdf.de/nachrichten/wirtschaft/rohstoff-importe-asien-abhaengigkeit-100.html,20241001160159,cdx,
https://www.zdf.de/nachrichten/wirtschaft/siemens-energy-bund-milliarden-100.html,20241001114303,cdx,
https://www.zdf.de/nachrichten/wirtschaft/solarbranche-sachsen-verlagerung-ausland-100.html,20241001123448,cdx,
https://www.zdf.de/nachrichten/wirtschaft/stahl-gipfel-branche-krise-thyssenkrupp-jobs-100.html,20241001135518,cdx,
https://www.zdf.de/nachrichten/wirtschaft/ungarn-orban-industrie-wirtschaftspolitik-eu-100.html,20241001023025,cdx,
https://www.zdf.de/nachrichten/wirtschaft/unternehmen/amazon-streik-verdi-black-friday-100.html,20241001113751,cdx,
https://www.zdf.de/nachrichten/wirtschaft/unternehmen/babboe-lastenfahrrad-verkaufsstopp-niederlande-sicherheitsmangel-100.html,20241001155157,cdx,
https://www.zdf.de/nachrichten/wirtschaft/unternehmen/covestro-adnoc-uebernahme-dax-konzern-oel-leverkusen-100.html,20241001222525,cdx,
https://www.zdf.de/nachrichten/wirtschaft/unternehmen/flugtaxi-volocopter-buergschaft-100.html,20241001180425,cdx,
https://www.zdf.de/nachrichten/wirtschaft/unternehmen/separatorenfleisch-fleisch-wurst-abfaelle-verdacht-100.html,20241001145029,cdx,
https://www.zdf.de/nachrichten/wirtschaft/unternehmen/varta-batteriekonzern-restrukturierung-100.html,20241001114203,cdx,
https://www.zdf.de/nachrichten/wirtschaft/verbraucherzentralen-preise-2024-100.html,20241001113517,cdx,
https://www.zdf.de/nachrichten/wirtschaft/wirtschaftsforschungsinstitute-konjunkturprognose-bip-100.html,20241001050419,cdx,
https://www.zdf.de/nachrichten/wirtschaft/wohnungen-neubau-zinsen-materialkosten-100.html,20241002032357,cdx,
https://www.zdf.de/nachrichten/wirtschaft/wto-konferenz-welthandel-fischereiabkommen-gescheitert-100.html,20241001145544,cdx,
https://www.zdf.de/nachrichten/wissen/agroforstwirtschaft-deutschland-vorteile-100.html,20241002011705,cdx,
https://www.zdf.de/nachrichten/wissen/corona-folgen-jugendliche-lockdown-psychische-gesundheit-100.html,20241002020900,cdx,
https://www.zdf.de/nachrichten/wissen/flugzeug-kondensstreifen-klima-100.html,20241001170032,cdx,
https://www.zdf.de/nachrichten/wissen/klima-krise-positive-entwicklung-erneuerbare-energien-100.html,20241002220145,cdx,
https://www.zdf.de/nachrichten/wissen/lkw-bus-klimaneutral-batterieantrieb-wissen-100.html,20241001152823,cdx,
https://www.zdf.de/nachrichten/wissen/photovoltaik-energiewende-terrax-axel-kleidon-kolumne-100.html,20241002001012,cdx,
https://www.zdf.de/nachrichten/wissen/un-klimakonferenz-naturkatastrophe-philippinen-umweltaktivist-100.html,20241001153128,cdx,
https://www.zdf.de/nachrichten/zdfspezial/zdf-spezial---eskalation-in-nahost-106.html,20241001124133,cdx,
https://www.zdf.de/nachrichten/zdfspezial/zdf-spezial---krieg-im-nahen-osten---raketenangriff-auf-us-stuetzpunkte-clip-3-100.html,20241001165446,cdx,
https://www.zdf.de/nachrichten/zdfspezial/zdf-spezial-zu-den-landtagswahlen-in-sachsen-und-thueringen-clip-4-100.html,20241002004752,cdx,
https://www.zdf.de/nachrichten/briefing/auslandsjournal-50-jahre-pieper-zdfheute-update-100.html,20241004052442,cdx,
https://www.zdf.de/nachrichten/briefing/brueckentag-ampel-herbst-der-entscheidungen-pontzen-zdfheute-update-100.html,20241004052222,cdx,
https://www.zdf.de/nachrichten/briefing/chanukka-juden-antisemitismus-rzepka-zdfheute-update-100.html,20241004084437,cdx,
https://www.zdf.de/nachrichten/briefing/frieden-faktencheck-schule-zdfheute-update-100.html,20241003060008,cdx,
https://www.zdf.de/nachrichten/briefing/generaldebatte-holocaust-gedenken-bezahlkarte-zdfheute-update-100.html,20241004180330,cdx,
https://www.zdf.de/nachrichten/briefing/japan-ukraine-alkohol-zdfheute-update-100.html,20241004180229,cdx,
https://www.zdf.de/nachrichten/briefing/nawalny-tod-selenskyj-update-100.html,20241003151217,cdx,
https://www.zdf.de/nachrichten/briefing/polen-tusk-europa-zdfheute-update-100.html,20241004094951,cdx,
https://www.zdf.de/nachrichten/briefing/strafzoelle-china-fifa-transfers-datenschutz-eugh-flugsicherung-zdfheute-update-100.html,20241004150853,cdx,
https://www.zdf.de/nachrichten/briefing/streik-russland-taurus-zdfheute-update-100.html,20241004094824,cdx,
https://www.zdf.de/nachrichten/digitales/handy-netz-deutsche-bahn-100.html,20241003180402,cdx,
https://www.zdf.de/nachrichten/drehscheibe/drehscheibe-vom-15-november-2023-100.html,20241004183344,cdx,
https://www.zdf.de/nachrichten/drehscheibe/drehscheibe-vom-2-november-2023-100.html,20241004120012,cdx,
https://www.zdf.de/nachrichten/drehscheibe/drehscheibe-vom-20-oktober-2023-100.html,20241004094837,cdx,
https://www.zdf.de/nachrichten/drehscheibe/karotte-auge-sehen-sehkraft-bildschirmzeit-100.html,20241004101717,cdx,
https://www.zdf.de/nachrichten/drehscheibe/keyless-systeme-sicherheitsluecken-taeter-100.html,20241004121620,cdx,
https://www.zdf.de/nachrichten/drehscheibe/mikroplastik-regelung-einschraenkung-100.html,20241004205114,cdx,
https://www.zdf.de/nachrichten/drehscheibe/schatz-suche-messiehaus-entruemplung-100.html,20241004170315,cdx,
https://www.zdf.de/nachrichten/drehscheibe/starkregen-schwarzwald-immenstadt-hochwasser-100.html,20241004114328,cdx,
https://www.zdf.de/nachrichten/heute/biarritz-g7-gipfel-in-bildern-100.html,20241004054309,cdx,
https://www.zdf.de/nachrichten/heute/bilder/schleudersitz-verteidigungsministerium-100.html,20241004190043,cdx,
https://www.zdf.de/nachrichten/heute/bildergalerie-sommerloch-tiere-100.html,20241004084902,cdx,
https://www.zdf.de/nachrichten/heute/die-rekord-absteiger-aus-der-bundesliga-102.html,20241004010214,cdx,
https://www.zdf.de/nachrichten/panorama/5g-funkstandard-handynetz-ausbau-100.html,20241004185709,cdx,
https://www.zdf.de/nachrichten/panorama/ard-zdf-medien-studie-nutzung-forschung-100.html,20241003082442,cdx,
https://www.zdf.de/nachrichten/panorama/atomunfall-atomkraft-studie-ukraine-russland-100.html,20241004063434,cdx,
https://www.zdf.de/nachrichten/panorama/bistum-muenster-neues-missbrauchsgutachten-100.html,20241004065343,cdx,
https://www.zdf.de/nachrichten/panorama/boeing-737-max9-passagiere-faq-100.html,20241004053757,cdx,
https://www.zdf.de/nachrichten/panorama/brettspiel-gesellschaftsspiel-messe-100.html,20241003222543,cdx,
https://www.zdf.de/nachrichten/panorama/bundesgerichtshof-urteil-pool-haus-garten-streit-nachbar-100.html,20241003150826,cdx,
https://www.zdf.de/nachrichten/panorama/christen-ostern-weltweit-100.html,20241004171841,cdx,
https://www.zdf.de/nachrichten/panorama/deutsche-bahn-app-stoerung-100.html,20241004064831,cdx,
https://www.zdf.de/nachrichten/panorama/deutsche-bahn-schweiz-100.html,20241004145538,cdx,
https://www.zdf.de/nachrichten/panorama/deutsche-schauspieler-stars-cannes-festival-100.html,20241003151229,cdx,
https://www.zdf.de/nachrichten/panorama/ehrenamt-deutschland-grafiken-100.html,20241004094830,cdx,
https://www.zdf.de/nachrichten/panorama/eu-glueck-deutschland-100.html,20241004065251,cdx,
https://www.zdf.de/nachrichten/panorama/fernando-botero-kuenstler-tot-100.html,20241004065047,cdx,
https://www.zdf.de/nachrichten/panorama/feuerwerk-silvester-verbote-tiere-100.html,20241003132719,cdx,
https://www.zdf.de/nachrichten/panorama/flug-turbulenzen-london-singapur-bangkok-100.html,20241004200258,cdx,
https://www.zdf.de/nachrichten/panorama/fruehgeburten-hitze-anstieg-klimawandel-studie-100.html,20241004123004,cdx,
https://www.zdf.de/nachrichten/panorama/geburten-rate-weltbevoelkerung-zahlen-100.html,20241004071148,cdx,
https://www.zdf.de/nachrichten/panorama/hamburg-binnenschiff-diesel-100.html,20241003045207,cdx,
https://www.zdf.de/nachrichten/panorama/iss-astronaut-ewald-interview-102.html,20241004121312,cdx,
https://www.zdf.de/nachrichten/panorama/italien-schulen-maennerquote-rektoren-frauen-maenner-100.html,20241004103507,cdx,
https://www.zdf.de/nachrichten/panorama/jacob-collier-interview-album-musik-100.html,20241004060536,cdx,
https://www.zdf.de/nachrichten/panorama/klima-hochwasser-ueberschwemmung-studie-100.html,20241003075935,cdx,
https://www.zdf.de/nachrichten/panorama/kriminalitaet/goeppingen-schuesse-bar-polizei-100.html,20241003054934,cdx,
https://www.zdf.de/nachrichten/panorama/kriminalitaet/kardinal-becciu-haftstrafe-vatikan-100.html,20241004185623,cdx,
https://www.zdf.de/nachrichten/panorama/kriminalitaet/niedersachsen-bundeswehr-soldat-gefaehrderansprache-tote-100.html,20241003060509,cdx,
https://www.zdf.de/nachrichten/panorama/kriminalitaet/solingen-polizei-grosseinsatz-100.html,20241003181718,cdx,
https://www.zdf.de/nachrichten/panorama/letzte-generation-strasse-17-juni-klima-demonstration-berlin-100.html,20241003001029,cdx,
https://www.zdf.de/nachrichten/panorama/naturschutz-pflanzen-studie-biodiversitaet-artenvielfalt-100.html,20241004114912,cdx,
https://www.zdf.de/nachrichten/panorama/nebenfluss-amazonas-historischer-tiefstwert-extreme-trockenheit-100.html,20241004235609,cdx,
https://www.zdf.de/nachrichten/panorama/nirvana-nevermind-babyfoto-klage-100.html,20241004145419,cdx,
https://www.zdf.de/nachrichten/panorama/nominierung-oscar-2024-hueller-lehrerzimmer-100.html,20241003134925,cdx,
https://www.zdf.de/nachrichten/panorama/notre-dame-dach-mittelalter-zimmerleute-100.html,20241004064051,cdx,
https://www.zdf.de/nachrichten/panorama/polarlichter-deutschland-weltraum-wetter-100.html,20241004154630,cdx,
https://www.zdf.de/nachrichten/panorama/prominente/drogentod-matthew-perry-arzt-bekennt-sich-schuldig-100.html,20241003072856,cdx,
https://www.zdf.de/nachrichten/panorama/prominente/rap-ikone-eminem-grossvater-opa-enkel-100.html,20241004141826,cdx,
https://www.zdf.de/nachrichten/panorama/prominente/thomas-gottschalk-wetten-dass-letzte-sendung-100.html,20241004205012,cdx,
https://www.zdf.de/nachrichten/panorama/rammstein-tour-2024-europa-100.html,20241004064640,cdx,
https://www.zdf.de/nachrichten/panorama/roblox-online-spielsucht-jugendschutz-heidi-klum-100.html,20241003055209,cdx,
https://www.zdf.de/nachrichten/panorama/schule-kinder-jugendliche-psychosomatik-studie-gesundheit-beschwerde-100.html,20241004053252,cdx,
https://www.zdf.de/nachrichten/panorama/segnung-homosexuelle-erlaubnis-papst-franziskus-vatikan-100.html,20241004054024,cdx,
https://www.zdf.de/nachrichten/panorama/smiley-60-jahre-erfindung-harvey-ball-100.html,20241004064752,cdx,
https://www.zdf.de/nachrichten/panorama/sonnenfinsternis-ringform-suedamerika-100.html,20241003032349,cdx,
https://www.zdf.de/nachrichten/panorama/stuttgart-flughafen-flugzeug-verletzte-notfall-100.html,20241003005750,cdx,
https://www.zdf.de/nachrichten/panorama/tiktok-video-instagram-trend-sprachnachrichten-ex-partner-100.html,20241004133346,cdx,
https://www.zdf.de/nachrichten/panorama/turbulenzen-flugzeug-absturz-sicherheit-faq-100.html,20241004200231,cdx,
https://www.zdf.de/nachrichten/panorama/ueberschwemmungen-bosnien-herzegowina-tote-vermisste-100.html,20241004185854,cdx,
https://www.zdf.de/nachrichten/panorama/unicef-foto-des-jahres-ukraine-russland-krieg-100.html,20241003150609,cdx,
https://www.zdf.de/nachrichten/panorama/unicef-kinder-psychische-gesundheit-100.html,20241004084156,cdx,
https://www.zdf.de/nachrichten/panorama/wetter-weihnachten-weiss-schnee-vorhersage-regen-100.html,20241004061728,cdx,
https://www.zdf.de/nachrichten/politik/afd-europawahl-kandidaten-sperre-bundesvorstand-100.html,20241004084943,cdx,
https://www.zdf.de/nachrichten/politik/ausland/alternative-nobelpreis-palaestinenser-organisation-israel-100.html,20241003121028,cdx,
https://www.zdf.de/nachrichten/politik/ausland/anschlag-drohung-flughaefen-frankreich-100.html,20241004013548,cdx,
https://www.zdf.de/nachrichten/politik/ausland/antonio-guterres-unerwuenschte-person-israel-100.html,20241003001223,cdx,
https://www.zdf.de/nachrichten/politik/ausland/baerbock-israel-nahost-iran-libanon-100.html,20241004024445,cdx,
https://www.zdf.de/nachrichten/politik/ausland/barack-obama-unterstuetzung-kamala-harris-us-wahlkampf-100.html,20241004182223,cdx,
https://www.zdf.de/nachrichten/politik/ausland/biden-streik-automobilindustrie-detroit-100.html,20241004055644,cdx,
https://www.zdf.de/nachrichten/politik/ausland/boris-pistorius-ukraine-krieg-waffen-lieferungen-100.html,20241004051811,cdx,
https://www.zdf.de/nachrichten/politik/ausland/brexit-folgen-aussenhandel-studie-100.html,20241003075924,cdx,
https://www.zdf.de/nachrichten/politik/ausland/deutsche-marine-nato-uebung-steadfast-defender-russland-100.html,20241003145030,cdx,
https://www.zdf.de/nachrichten/politik/ausland/dritte-geiseln-freilassung-hamas-israel-100.html,20241004092202,cdx,
https://www.zdf.de/nachrichten/politik/ausland/dschibuti-migranten-ueber-bord-100.html,20241003022809,cdx,
https://www.zdf.de/nachrichten/politik/ausland/eu-kommission-ungarn-klage-souveraeinitaet-100.html,20241003123234,cdx,
https://www.zdf.de/nachrichten/politik/ausland/eugh-frauen-afghanistan-taliban-100.html,20241004114149,cdx,
https://www.zdf.de/nachrichten/politik/ausland/eugh-geschlecht-identitaet-100.html,20241004152416,cdx,
https://www.zdf.de/nachrichten/politik/ausland/explosion-al-ahli-krankenhaus-gaza-untersuchung-human-rights-watch-israel-100.html,20241004191255,cdx,
https://www.zdf.de/nachrichten/politik/ausland/faschisten-ferrara-italien-hitler-flugblaetter-razzia-100.html,20241003140001,cdx,
https://www.zdf.de/nachrichten/politik/ausland/gaza-hafen-usa-hilfe-israel-100.html,20241003150629,cdx,
https://www.zdf.de/nachrichten/politik/ausland/georgien-gesetz-lgbtq-parlament-praesident-100.html,20241003142530,cdx,
https://www.zdf.de/nachrichten/politik/ausland/hamas-fuehrer-muschtaha-tot-israel-100.html,20241003150257,cdx,
https://www.zdf.de/nachrichten/politik/ausland/hilfe-eu-orban-ukraine-krieg-russland-100.html,20241003135553,cdx,
https://www.zdf.de/nachrichten/politik/ausland/huthi-biden-tote-waffenruhe-gaza-israel-100.html,20241004180706,cdx,
https://www.zdf.de/nachrichten/politik/ausland/huthi-rotes-meer-angriffe-handelsschiffe-brake-nahost-102.html,20241004065152,cdx,
https://www.zdf.de/nachrichten/politik/ausland/huthi-usa-jemen-angriffe-iran-100.html,20241003144445,cdx,
https://www.zdf.de/nachrichten/politik/ausland/iran-deutscher-botschafter-einbestellt-100.html,20241003164433,cdx,
https://www.zdf.de/nachrichten/politik/ausland/iran-israel-angriff-reaktion-100.html,20241004130200,cdx,
https://www.zdf.de/nachrichten/politik/ausland/iranische-revolution-45-jahrestag-100.html,20241003135101,cdx,
https://www.zdf.de/nachrichten/politik/ausland/israel-angriff-hamas-massaker-100.html,20241003103240,cdx,
https://www.zdf.de/nachrichten/politik/ausland/israel-gaza-palaestinenser-nakba-tag-100.html,20241003111137,cdx,
https://www.zdf.de/nachrichten/politik/ausland/italien-meloni-buergergeld-abschaffung-100.html,20241004201511,cdx,
https://www.zdf.de/nachrichten/politik/ausland/kalifornien-klage-oelfirmen-klimawandel-100.html,20241004065000,cdx,
https://www.zdf.de/nachrichten/politik/ausland/klima-indien-energiewende-gruener-wasserstoff-100.html,20241003075917,cdx,
https://www.zdf.de/nachrichten/politik/ausland/klima-thunberg-verhaftet-london-100.html,20241004055138,cdx,
https://www.zdf.de/nachrichten/politik/ausland/lanz-iran-angriff-israel-masala-100.html,20241003022212,cdx,
https://www.zdf.de/nachrichten/politik/ausland/libanon-beirut-angriffe-israel-100.html,20241004064136,cdx,related
https://www.zdf.de/nachrichten/politik/ausland/libanon-beirut-luftangriff-lage-hisbollah-israel-100.html,20241003023032,cdx,related
https://www.zdf.de/nachrichten/politik/ausland/masala-strategie-libanon-iran-israel-100.html,20241004073753,cdx,
https://www.zdf.de/nachrichten/politik/ausland/melania-trump-abtreibung-warum-usa-wahl-100.html,20241004233004,cdx,
https://www.zdf.de/nachrichten/politik/ausland/melania-trump-buch-abtreibung-100.html,20241003131141,cdx,
https://www.zdf.de/nachrichten/politik/ausland/michael-kobi-israel-gaza-bodenoffensive-hamas-100.html,20241004043854,cdx,
https://www.zdf.de/nachrichten/politik/ausland/nato-krieg-gefahr-russland-risiko-abschreckung-ukraine-100.html,20241004175031,cdx,
https://www.zdf.de/nachrichten/politik/ausland/nawalny-tod-reaktionen-eu-scholz-100.html,20241004150844,cdx,
https://www.zdf.de/nachrichten/politik/ausland/niederlande-hacker-polizisten-100.html,20241003230732,cdx,
https://www.zdf.de/nachrichten/politik/ausland/nordkorea-raketen-suedkorea-blinken-besuch-100.html,20241004094246,cdx,
https://www.zdf.de/nachrichten/politik/ausland/norwegen-monarchie-abschaffen-100.html,20241004024714,cdx,
https://www.zdf.de/nachrichten/politik/ausland/oesterreich-wien-demonstration-fpoe-100.html,20241004041614,cdx,
https://www.zdf.de/nachrichten/politik/ausland/offensive-awdijiwka-schlamm-wetter-ukraine-krieg-russland-100.html,20241003105726,cdx,
https://www.zdf.de/nachrichten/politik/ausland/orban-finanzhilfen-blockade-ukraine-krieg-russland-100.html,20241004174218,cdx,
https://www.zdf.de/nachrichten/politik/ausland/papst-franziskus-osterbotschaft-waffenstillstand-gaza-krieg-100.html,20241003135925,cdx,
https://www.zdf.de/nachrichten/politik/ausland/pokrowsk-donbass-reisner-ukraine-krieg-russland-100.html,20241003103917,cdx,
https://www.zdf.de/nachrichten/politik/ausland/polen-donald-tusk-regierung-eu-100.html,20241004191401,cdx,
https://www.zdf.de/nachrichten/politik/ausland/polen-wahl-ergebnis-sieger-100.html,20241004050215,cdx,
https://www.zdf.de/nachrichten/politik/ausland/polizeigewerkschaft-hamas-ueberfall-jahrestag-warnung-100.html,20241004045839,cdx,
https://www.zdf.de/nachrichten/politik/ausland/prigoschin-tod-was-wir-wissen-flugzeug-absturz-russland-100.html,20241003094338,cdx,
https://www.zdf.de/nachrichten/politik/ausland/putin-afrika-geschaeft-prigoschin-uebernahme-100.html,20241003121030,cdx,
https://www.zdf.de/nachrichten/politik/ausland/putin-prigoschin-flugzeug-absturz-granate-100.html,20241004054017,cdx,
https://www.zdf.de/nachrichten/politik/ausland/rheinmetall-bundeswehr-artillerie-munition-ukraine-krieg-russland-100.html,20241004105427,cdx,
https://www.zdf.de/nachrichten/politik/ausland/richter-bodentruppen-macron-ukraine-krieg-russland-100.html,20241004191336,cdx,
https://www.zdf.de/nachrichten/politik/ausland/roth-usa-hilfe-ukraine-krieg-russland-100.html,20241004191026,cdx,
https://www.zdf.de/nachrichten/politik/ausland/russisches-rotes-kreuz-militaer-ausbildung-100.html,20241004230415,cdx,
https://www.zdf.de/nachrichten/politik/ausland/russland-gefangene-moerder-begnadigung-ukraine-krieg-100.html,20241003093245,cdx,
https://www.zdf.de/nachrichten/politik/ausland/russland-hacker-angriff-deutsche-politiker-cozy-bear-100.html,20241004203304,cdx,
https://www.zdf.de/nachrichten/politik/ausland/russland-praesidenten-wahl-putin-kamtschatka-100.html,20241004094908,cdx,
https://www.zdf.de/nachrichten/politik/ausland/russland-sahelzone-frankreich-100.html,20241003095937,cdx,
https://www.zdf.de/nachrichten/politik/ausland/selenskyj-koalition-israel-ukraine-krieg-russland-100.html,20241003115056,cdx,
https://www.zdf.de/nachrichten/politik/ausland/shani-louk-ricarda-mutter-hamas-opfer-israel-100.html,20241003205227,cdx,
https://www.zdf.de/nachrichten/politik/ausland/skiurlaub-inflation-energiepreise-klimawandel-100.html,20241004061349,cdx,
https://www.zdf.de/nachrichten/politik/ausland/soldaten-migranten-mexiko-tote-100.html,20241003225614,cdx,
https://www.zdf.de/nachrichten/politik/ausland/starmer-spenden-kritik-geschenke-zurueckgezahlt-100.html,20241003023144,cdx,
https://www.zdf.de/nachrichten/politik/ausland/sudan-buergerkrieg-vereinte-nationen-100.html,20241004180517,cdx,
https://www.zdf.de/nachrichten/politik/ausland/trump-wahlmanipulationsvorwuerfe-gerichtsdokument-100.html,20241003021350,cdx,
https://www.zdf.de/nachrichten/politik/ausland/tuerkei-istanbul-angreifer-gericht-100.html,20241004092240,cdx,
https://www.zdf.de/nachrichten/politik/ausland/usa-biden-auto-100.html,20241004084743,cdx,
https://www.zdf.de/nachrichten/politik/ausland/usa-biden-sturm-helene-hilfe-100.html,20241004213714,cdx,
https://www.zdf.de/nachrichten/politik/ausland/usa-demokraten-parteitag-wahlkampf-auswirkungen-werz-100.html,20241003134610,cdx,
https://www.zdf.de/nachrichten/politik/ausland/usa-hafen-arbeiter-streik-einigung-100.html,20241004080026,cdx,
https://www.zdf.de/nachrichten/politik/ausland/usa-hilfe-israel-ukraine-blockade-100.html,20241004064614,cdx,
https://www.zdf.de/nachrichten/politik/ausland/usa-militaer-paket-ukraine-kongress-streit-krieg-russland-100.html,20241004154731,cdx,
https://www.zdf.de/nachrichten/politik/ausland/usa-texas-abtreibung-cox-100.html,20241003132358,cdx,
https://www.zdf.de/nachrichten/politik/ausland/usa-trump-schweigegeld-affaere-prozess-beginn-100.html,20241004174129,cdx,
https://www.zdf.de/nachrichten/politik/ausland/venezuela-weihnachten-oktober-maduro-100.html,20241004024655,cdx,
https://www.zdf.de/nachrichten/politik/ausland/wagner-grossbritannien-terrororganisation-ukraine-krieg-russland-100.html,20241003095939,cdx,
https://www.zdf.de/nachrichten/politik/ausland/wagner-soeldner-russland-afrika-niger-putsch-100.html,20241003121019,cdx,
https://www.zdf.de/nachrichten/politik/ausland/weber-orban-magyar-europawahl-100.html,20241003010018,cdx,
https://www.zdf.de/nachrichten/politik/ausland/wuhledar-besatzung-analyse-ukraine-krieg-russland-100.html,20241003155702,cdx,
https://www.zdf.de/nachrichten/politik/ausland/wuhledar-militaerexperte-ukraine-krieg-russland-100.html,20241003024118,cdx,
https://www.zdf.de/nachrichten/politik/balkonkraftwerke-kabinett-gesetzespaket-100.html,20241004145115,cdx,
https://www.zdf.de/nachrichten/politik/cdu-wegner-merz-schuldenbremse-100.html,20241004180941,cdx,
https://www.zdf.de/nachrichten/politik/deutschland/afd-brandenburg-sachsen-thueringen-wahl-isolation-100.html,20241003180107,cdx,
https://www.zdf.de/nachrichten/politik/deutschland/afd-jugend-extremismus-wahlen-spd-2024-lanz-100.html,20241003232132,cdx,
https://www.zdf.de/nachrichten/politik/deutschland/alice-weidel-bedrohung-sicherheit-afd-100.html,20241004065021,cdx,
https://www.zdf.de/nachrichten/politik/deutschland/anne-frank-gedenkstaette-warnung-rehte-gewalt-tiktok-100.html,20241003010036,cdx,
https://www.zdf.de/nachrichten/politik/deutschland/baerbock-westbalkan-eu-aufnahme-100.html,20241004145842,cdx,
https://www.zdf.de/nachrichten/politik/deutschland/bahn-lokfuehrer-streik-gericht-klage-100.html,20241003135729,cdx,
https://www.zdf.de/nachrichten/politik/deutschland/berlin-fu-protest-antisemitismus-angriff-100.html,20241004075341,cdx,
https://www.zdf.de/nachrichten/politik/deutschland/buendnis-besteuerung-superreiche-100.html,20241004094745,cdx,
https://www.zdf.de/nachrichten/politik/deutschland/bundesverfassungsgericht-afd-bundestag-ausschussvorsitz-100.html,20241003153154,cdx,
https://www.zdf.de/nachrichten/politik/deutschland/bundesverfassungsgericht-afd-posten-ausschuss-vorsitz-100.html,20241003180738,cdx,
https://www.zdf.de/nachrichten/politik/deutschland/bundeswehr-russland-angriff-mittlere-kraefte-100.html,20241004060841,cdx,
https://www.zdf.de/nachrichten/politik/deutschland/cdu-csu-union-kanzlerkandidatur-soeder-merz-100.html,20241004142825,cdx,
https://www.zdf.de/nachrichten/politik/deutschland/cdu-landesverbaende-koalition-gruene-bundesebene-100.html,20241004112414,cdx,
https://www.zdf.de/nachrichten/politik/deutschland/corona-pandemie-masken-klagen-beschaffung-spahn-100.html,20241003212953,cdx,
https://www.zdf.de/nachrichten/politik/deutschland/ddr-einheit-unternehmer-afd-100.html,20241003125226,cdx,
https://www.zdf.de/nachrichten/politik/deutschland/demonstration-antisemitismus-schuster-100.html,20241004065225,cdx,
https://www.zdf.de/nachrichten/politik/deutschland/duerr-fdp-solidaritaetszuschlag-100.html,20241004193607,cdx,
https://www.zdf.de/nachrichten/politik/deutschland/europawahl-bsw-sahra-wagenknecht-analyse-100.html,20241003025122,cdx,
https://www.zdf.de/nachrichten/politik/deutschland/faeser-bahn-hamburg-vandalismus-100.html,20241003223341,cdx,
https://www.zdf.de/nachrichten/politik/deutschland/faeser-schock-jubel-iran-angriff-israel-100.html,20241003011454,cdx,
https://www.zdf.de/nachrichten/politik/deutschland/festakt-tag-der-deutschen-einheit-100.html,20241003103614,cdx,
https://www.zdf.de/nachrichten/politik/deutschland/friedrich-merz-kanzlerkandidat-cdu-100.html,20241003080908,cdx,
https://www.zdf.de/nachrichten/politik/deutschland/ganserer-gruene-bundestag-trans-hass-100.html,20241003023732,cdx,
https://www.zdf.de/nachrichten/politik/deutschland/hoegl-soeder-wehrpflicht-bundeswehr-100.html,20241004084350,cdx,
https://www.zdf.de/nachrichten/politik/deutschland/illner-lindner-schwesig-tierwohl-abgabe-100.html,20241003080856,cdx,
https://www.zdf.de/nachrichten/politik/deutschland/ki-schwimmbad-ertrinken-video-ueberwachung-rettung-100.html,20241004181051,cdx,
https://www.zdf.de/nachrichten/politik/deutschland/koalitionsausschuss-drittes-entlastungspaket-100.html,20241004004929,cdx,
https://www.zdf.de/nachrichten/politik/deutschland/kretschmer-sachleistungen-fluechtlinge-kritik-bund-100.html,20241004083852,cdx,
https://www.zdf.de/nachrichten/politik/deutschland/kritik-polizei-cannabis-freigabe-gdp-100.html,20241004084222,cdx,
https://www.zdf.de/nachrichten/politik/deutschland/lanz-soeder-wehrpflicht-aufruestung-100.html,20241003230840,cdx,
https://www.zdf.de/nachrichten/politik/deutschland/lanz-thueringen-afd-cdu-zusammenarbeit-100.html,20241004094702,cdx,
https://www.zdf.de/nachrichten/politik/deutschland/laschet-merz-k-frage-100.html,20241003171848,cdx,
https://www.zdf.de/nachrichten/politik/deutschland/lauterbach-arzt-streik-geld-kritik-100.html,20241004180111,cdx,
https://www.zdf.de/nachrichten/politik/deutschland/lauterbach-krankenhausreform-entwurf-kritik-100.html,20241004062207,cdx,
https://www.zdf.de/nachrichten/politik/deutschland/lindner-ende-ampel-koalition-100.html,20241003102203,cdx,
https://www.zdf.de/nachrichten/politik/deutschland/lka-keine-gefaehrdungslage-berlin-festnahme-klette-100.html,20241003144956,cdx,
https://www.zdf.de/nachrichten/politik/deutschland/markus-lanz-thorsten-frei-mannheim-attentat-100.html,20241003010200,cdx,
https://www.zdf.de/nachrichten/politik/deutschland/merz-kanzlerkandidat-union-aufstieg-100.html,20241003074340,cdx,
https://www.zdf.de/nachrichten/politik/deutschland/merz-kanzlerkandidatur-cdu-scholz-spd-reaktionen-100.html,20241003074432,cdx,
https://www.zdf.de/nachrichten/politik/deutschland/missbrauch-kinderpornografie-justiz-ermittlung-100.html,20241003154950,cdx,
https://www.zdf.de/nachrichten/politik/deutschland/pistorius-taurus-abhoeraffaere-100.html,20241003135736,cdx,
https://www.zdf.de/nachrichten/politik/deutschland/rezession-merz-dobrindt-schlagen-scholz-massnahmen-vor-100.html,20241003021204,cdx,
https://www.zdf.de/nachrichten/politik/deutschland/rostock-lichtenhagen-ausschreitungen-1992-erinnerung-100.html,20241004123324,cdx,
https://www.zdf.de/nachrichten/politik/deutschland/ruestung-export-rekord-deutschland-regierung-krieg-waffen-ukraine-100.html,20241004051406,cdx,
https://www.zdf.de/nachrichten/politik/deutschland/sachsen-grundsteuer-reform-aerger-100.html,20241004084300,cdx,
https://www.zdf.de/nachrichten/politik/deutschland/schule-start-chancen-brennpunktschulen-stark-watzinger-100.html,20241004111250,cdx,
https://www.zdf.de/nachrichten/politik/deutschland/sicherheitspaket-ampel-debatte-bka-urteil-100.html,20241003022937,cdx,
https://www.zdf.de/nachrichten/politik/deutschland/solarenergie-balkonkraftwerk-mieterstrom-100.html,20241004235614,cdx,
https://www.zdf.de/nachrichten/politik/deutschland/steinmeier-runder-tisch-antisemitismus-100.html,20241004063832,cdx,
https://www.zdf.de/nachrichten/politik/deutschland/tag-der-deutschen-einheit-scholz-festakt-100.html,20241003213025,cdx,
https://www.zdf.de/nachrichten/politik/deutschland/u18-wahl-sachsen-afd-jugendliche-100.html,20241003155557,cdx,
https://www.zdf.de/nachrichten/politik/deutschland/ukraine-krieg-appell-bsw-kretschmer-woidke-voigt-100.html,20241003192036,cdx,
https://www.zdf.de/nachrichten/politik/deutschland/ukraine-krieg-kritik-appell-kretschmer-woidke-voigt-100.html,20241004153551,cdx,
https://www.zdf.de/nachrichten/politik/deutschland/wagenknecht-partei-vorsitz-100.html,20241003231619,cdx,
https://www.zdf.de/nachrichten/politik/deutschland/wirtschaft-krise-dihk-brandbrief-100.html,20241004065350,cdx,
https://www.zdf.de/nachrichten/politik/deutschland/wissenschaft-zeitvertrag-promotion-wissenschaftszeitvertragsgesetz-100.html,20241004191231,cdx,
https://www.zdf.de/nachrichten/politik/deutschland/wolfgang-schaeuble-kritik-asylpolitik-seenotrettung-100.html,20241004135215,cdx,
https://www.zdf.de/nachrichten/politik/donald-trump-anklage-kapitol-sturm-100.html,20241004022742,cdx,
https://www.zdf.de/nachrichten/politik/drohnen-angriffe-odessa-ukraine-krieg-russland-100.html,20241003023436,cdx,
https://www.zdf.de/nachrichten/politik/erdogan-besuch-deutschland-kritik-israel-hamas-100.html,20241004064117,cdx,
https://www.zdf.de/nachrichten/politik/eu-osterweiterung-2004-verheugen-100.html,20241004105433,cdx,
https://www.zdf.de/nachrichten/politik/europawahl-2024-belgien-parlament-100.html,20241003091339,cdx,
https://www.zdf.de/nachrichten/politik/europawahl-2024-polen-tusk-100.html,20241003125845,cdx,
https://www.zdf.de/nachrichten/politik/front-offensive-ukraine-krieg-russland-100.html,20241004150107,cdx,
https://www.zdf.de/nachrichten/politik/g7-gipfel-hiroshima-zeitenwende-russland-china-ukraine-usa-100.html,20241004092508,cdx,
https://www.zdf.de/nachrichten/politik/heizungsgesetz-spd-klingbeil-fdp-100.html,20241004175919,cdx,
https://www.zdf.de/nachrichten/politik/japan-usa-zusammenarbeit-allianz-bedrohung-raketentest-nordkorea-100.html,20241004051231,cdx,
https://www.zdf.de/nachrichten/politik/moldau-georgien-ukraine-krieg-russland-100.html,20241004062458,cdx,
https://www.zdf.de/nachrichten/politik/nackt-party-putin-moskau-100.html,20241004053418,cdx,
https://www.zdf.de/nachrichten/politik/oezdemir-uniform-verteidigung-militaer-100.html,20241004144136,cdx,
https://www.zdf.de/nachrichten/politik/politbarometer-bundestagswahl-afd-ampel-cdu-csu-kanzlerkandidat-mindestlohn-100.html,20241003051526,cdx,
https://www.zdf.de/nachrichten/politik/politbarometer-ukraine-waffen-bundeswehr-wirtschaft-100.html,20241004095121,cdx,
https://www.zdf.de/nachrichten/politik/polizei-russland-razzien-schwulenclubs-100.html,20241004173114,cdx,
https://www.zdf.de/nachrichten/politik/rostock-bus-nahverkehr-wasserstoff-klima-100.html,20241003081404,cdx,
https://www.zdf.de/nachrichten/politik/schaeuble-cdu-abschied-bundestag-100.html,20241004060615,cdx,
https://www.zdf.de/nachrichten/politik/sozialer-wohnungsbau-kevin-kuehnert-spd-100.html,20241004193829,cdx,
https://www.zdf.de/nachrichten/politik/tag-der-deutschen-einheit-feierlichkeiten-100.html,20241003034659,cdx,
https://www.zdf.de/nachrichten/politik/umweltverschmutzung-plastikmuell-meere-kenia-un-konferenz-100.html,20241003183408,cdx,
https://www.zdf.de/nachrichten/politik/usa-supreme-court-abtreibungspille-entscheidung-verschoben-100.html,20241004090938,cdx,
https://www.zdf.de/nachrichten/politik/zdf-sommerinterviews-2022-100.html,20241004083023,cdx,
https://www.zdf.de/nachrichten/ratgeber/balkon-obst-gemuese-ernte-insekten-100.html,20241004122130,cdx,
https://www.zdf.de/nachrichten/ratgeber/checkliste-balkonkraftwerk-photovoltaik-solaranlage-100.html,20241004114303,cdx,
https://www.zdf.de/nachrichten/ratgeber/einbruch-einbruchschutz-sicherheit-haus-wohnung-100.html,20241004121409,cdx,
https://www.zdf.de/nachrichten/ratgeber/gesundheit/ernaehrung-zucker-lebensmittel-100.html,20241003024549,cdx,
https://www.zdf.de/nachrichten/ratgeber/gesundheit/rundruecken-loswerden-uebungen-tipps-100.html,20241004141410,cdx,
https://www.zdf.de/nachrichten/ratgeber/gesundheit/sport-zyklus-training-frauen-100.html,20241004052032,cdx,
https://www.zdf.de/nachrichten/ratgeber/gesundheit/suizid-praevention-hilfe-museum-100.html,20241004174017,cdx,
https://www.zdf.de/nachrichten/ratgeber/gesundheit/telemedizin-videosprechstunde-arzt-100.html,20241004053118,cdx,
https://www.zdf.de/nachrichten/ratgeber/haarausfall-ursachen-herbst-100.html,20241004024417,cdx,
https://www.zdf.de/nachrichten/ratgeber/kerzen-kreativ-gestalten-diy-100.html,20241003200251,cdx,
https://www.zdf.de/nachrichten/ratgeber/krankenversicherung-privat-gesetzlich-100.html,20241004024413,cdx,
https://www.zdf.de/nachrichten/ratgeber/sicheres-bezahlen-online-zahlungsmethoden-betrugsmaschen-phishing-tipps-100.html,20241004074400,cdx,
https://www.zdf.de/nachrichten/ratgeber/smartphone-handy-nachhaltig-kaufen-100.html,20241003002518,cdx,
https://www.zdf.de/nachrichten/sport/biathlon-wm-nove-mesto-20-km-einzel-maenner-benedikt-doll-100.html,20241004094220,cdx,
https://www.zdf.de/nachrichten/sport/bundesliga-mainz-augsburg-erster-saisonsieg-100.html,20241004125006,cdx,
https://www.zdf.de/nachrichten/sport/bundesliga-transfer-ticker-aktuelle-news-transfermarkt-100.html,20241003023740,cdx,
https://www.zdf.de/nachrichten/sport/deutschland-dhb-frankreich-handball-em-2024-100.html,20241004053857,cdx,
https://www.zdf.de/nachrichten/sport/deutschland-oesterreich-handball-em-2024-100.html,20241004184416,cdx,
https://www.zdf.de/nachrichten/sport/deutschland-slowakei-basketball-em-qualifikation-viertelfinale-100.html,20241004063557,cdx,
https://www.zdf.de/nachrichten/sport/dfb-pokal-viertelfinale-bayer-leverkusen-vfb-stuttgart-100.html,20241004083408,cdx,
https://www.zdf.de/nachrichten/sport/formel-1-design-genie-adrian-newey-zu-aston-martin-100.html,20241004113013,cdx,
https://www.zdf.de/nachrichten/sport/fussball-bayern-gnabry-armbruch-100.html,20241004053917,cdx,
https://www.zdf.de/nachrichten/sport/fussball-bundesliga-augsburg-fc-bayern-19-spieltag-dahmen-neuer-100.html,20241004094433,cdx,
https://www.zdf.de/nachrichten/sport/fussball-bundesliga-fc-bayern-muenchen-ulreich-sperre-rolfes-100.html,20241003023045,cdx,
https://www.zdf.de/nachrichten/sport/fussball-bundesliga-leipzig-leverkusen-112.html,20241004170512,cdx,
https://www.zdf.de/nachrichten/sport/fussball-champions-league-aston-villa-bayern-muenchen-100.html,20241003214854,cdx,
https://www.zdf.de/nachrichten/sport/fussball-champions-league-aston-villa-fc-bayern-2-spieltag-100.html,20241003023842,cdx,
https://www.zdf.de/nachrichten/sport/fussball-champions-league-finale-borussia-dortmund-real-madrid-wembley-100.html,20241004234842,cdx,
https://www.zdf.de/nachrichten/sport/fussball-champions-league-rb-leipzig-juventus-2-spieltag-100.html,20241003023511,cdx,
https://www.zdf.de/nachrichten/sport/fussball-champions-league-rb-leipzig-juventus-turin-spieltag-2-100.html,20241004024624,cdx,
https://www.zdf.de/nachrichten/sport/fussball-conference-league-fc-heidenheim-ljubljana-vorschau-100.html,20241003132551,cdx,
https://www.zdf.de/nachrichten/sport/fussball-conference-league-heidenheim-olimpija-ljubljana-rennbericht-100.html,20241004024558,cdx,
https://www.zdf.de/nachrichten/sport/fussball-dfb-frauen-wm-vorbereitung-leupolz-mutter-100.html,20241004083813,cdx,
https://www.zdf.de/nachrichten/sport/fussball-dfl-investor-blackstone-zieht-zurueck-folgen-100.html,20241004145928,cdx,
https://www.zdf.de/nachrichten/sport/fussball-eugh-fifa-transferregeln-100.html,20241004172805,cdx,
https://www.zdf.de/nachrichten/sport/fussball-europa-league-hoffenheim-kiew-matarazzo-100.html,20241004024632,cdx,
https://www.zdf.de/nachrichten/sport/fussball-europa-league-tsg-hoffenheim-dynamo-kiew-rennbericht-100.html,20241004022854,cdx,
https://www.zdf.de/nachrichten/sport/fussball-fifa-eugh-urteil-transferregeln-100.html,20241004091827,cdx,
https://www.zdf.de/nachrichten/sport/fussball-fifa-israel-100.html,20241004055057,cdx,
https://www.zdf.de/nachrichten/sport/fussball-fifa-wahl-weltfussballer-messi-haaland-mbappe-100.html,20241004084343,cdx,
https://www.zdf.de/nachrichten/sport/fussball-italien-streit-morata-buergermeister-corbetta-social-media-100.html,20241004015916,cdx,
https://www.zdf.de/nachrichten/sport/fussball-kader-nations-league-torwart-100.html,20241003022926,cdx,
https://www.zdf.de/nachrichten/sport/fussball-laenderspiel-deutschland-niederlande-rasen-frankfurt-100.html,20241004235954,cdx,
https://www.zdf.de/nachrichten/sport/fussball-nations-league-bekanntgabe-dfb-kader-100.html,20241004024647,cdx,
https://www.zdf.de/nachrichten/sport/fussball-nations-league-niederlande-deutschland-analyse-100.html,20241003172502,cdx,
https://www.zdf.de/nachrichten/sport/fussball-profis-belastung-limit-100.html,20241003193703,cdx,
https://www.zdf.de/nachrichten/sport/fussball-toni-schumacher-wird-70-jahre-torwartlegende-ueber-nacht-von-sevilla-100.html,20241004172532,cdx,
https://www.zdf.de/nachrichten/sport/gruppengegner-schweiz-torjaeger-zehnder-handball-em-2024-100.html,20241004152533,cdx,
https://www.zdf.de/nachrichten/sport/handball-drux-karriereende-verletzung-100.html,20241003023358,cdx,
https://www.zdf.de/nachrichten/sport/handball-klub-wm-finale-sc-magdeburg-veszprem-100.html,20241004024619,cdx,
https://www.zdf.de/nachrichten/sport/handball-maenner-laenderspiel-deutschland-aegypten-100.html,20241004145807,cdx,
https://www.zdf.de/nachrichten/sport/handball-wm-frauen-deutschland-japan-100.html,20241004174231,cdx,
https://www.zdf.de/nachrichten/sport/leichtathletik-dm-mihambo-titel-100.html,20241004235539,cdx,
https://www.zdf.de/nachrichten/sport/nfl-super-bowl-58-kansas-city-chiefs-san-francisco49ers-100.html,20241004074849,cdx,
https://www.zdf.de/nachrichten/sport/para-leichtathletik-wm-kompakt-tag-6-rehm-behindertensport-100.html,20241003235856,cdx,
https://www.zdf.de/nachrichten/sport/paralympics-2024-bundestrainerin-schinkitz-trainermangel-foerderung-100.html,20241004175756,cdx,
https://www.zdf.de/nachrichten/sport/schiedsrichterassistent-k-o-treffer-zuschauer-ersatz-100.html,20241004180433,cdx,
https://www.zdf.de/nachrichten/sport/schwimm-wm-freiwasser-5-kilometer-wellbrock-100.html,20241004095033,cdx,
https://www.zdf.de/nachrichten/sport/sportpolitik-deutsche-sporthilfe-reformen-athleten-foerderung-100.html,20241003075908,cdx,
https://www.zdf.de/nachrichten/sport/tennis-atp-hamburg-zverev-finale-sieg-100.html,20241004065106,cdx,
https://www.zdf.de/nachrichten/sport/u21-em-viertelfinal-optionen-dfb-100.html,20241004050438,cdx,
https://www.zdf.de/nachrichten/thema/antonio-guterres-126.html,20241003075710,cdx,
https://www.zdf.de/nachrichten/thema/behindertensport-para-sport-paralympics-100.html,20241003231433,cdx,
https://www.zdf.de/nachrichten/thema/bmw-126.html,20241004205422,cdx,
https://www.zdf.de/nachrichten/thema/christine-lambrecht-190.html,20241004115327,cdx,
https://www.zdf.de/nachrichten/thema/conference-league-106.html,20241004045733,cdx,
https://www.zdf.de/nachrichten/thema/europaeische-zentralbank-ezb-102.html,20241004150524,cdx,
https://www.zdf.de/nachrichten/thema/gaming-112.html,20241004064732,cdx,
https://www.zdf.de/nachrichten/thema/integration-flucht-arbeitsmarkt-100.html,20241004150236,cdx,
https://www.zdf.de/nachrichten/thema/jair-bolsonaro-166.html,20241004050513,cdx,
https://www.zdf.de/nachrichten/thema/krebs-122.html,20241004150836,cdx,
https://www.zdf.de/nachrichten/thema/mercedes-benz-group-100.html,20241004205519,cdx,
https://www.zdf.de/nachrichten/thema/merle-frohms-118.html,20241003170227,cdx,
https://www.zdf.de/nachrichten/thema/robert-koch-institut-112.html,20241004051511,cdx,
https://www.zdf.de/nachrichten/thema/uefa-nations-league-112.html,20241004053052,cdx,
https://www.zdf.de/nachrichten/thema/zdf-sommerinterview-106.html,20241004064939,cdx,
https://www.zdf.de/nachrichten/video/cherson-ukraine-verschleppung-100.html,20241004154555,cdx,
https://www.zdf.de/nachrichten/video/grossbritannien-kahn-legionellen-fluechtlinge-100.html,20241004181012,cdx,
https://www.zdf.de/nachrichten/video/lanz-politik-spahn-israel-100.html,20241004124934,cdx,
https://www.zdf.de/nachrichten/video/panorama-artenvielfalt-stadt-balkon-video-100.html,20241004064811,cdx,
https://www.zdf.de/nachrichten/video/panorama-friseur-smalltalk-termin-100.html,20241004181137,cdx,
https://www.zdf.de/nachrichten/video/panorama-generationenstreit-frittenbude-arbeit-gen-z-100.html,20241003101400,cdx,
https://www.zdf.de/nachrichten/video/panorama-gesichtslaehmung-mimik-anfeindungen-100.html,20241004182243,cdx,
https://www.zdf.de/nachrichten/video/panorama-nahrungswald-niederlande-ernte-100.html,20241004091414,cdx,
https://www.zdf.de/nachrichten/video/panorama-schweiz-solaranlagen-in-den-alpen-100.html,20241003131908,cdx,
https://www.zdf.de/nachrichten/video/politik-ukraine-kinder-kortas-lanz-100.html,20241004150645,cdx,
https://www.zdf.de/nachrichten/wirtschaft/benzin-diesel-preis-entwicklung-oelpreis-100.html,20241003023412,cdx,
https://www.zdf.de/nachrichten/wirtschaft/boeing-rumpfteil-verloren-truemmer-flughafen-100.html,20241004111033,cdx,
https://www.zdf.de/nachrichten/wirtschaft/eu-zoelle-china-elektroautos-bundesregierung-100.html,20241004091609,cdx,
https://www.zdf.de/nachrichten/wirtschaft/flugsicherung-stoerung-luftraum-deutschland-frankfurt-flughafen-100.html,20241004114735,cdx,
https://www.zdf.de/nachrichten/wirtschaft/gas-verbrauch-europa-russland-100.html,20241003034858,cdx,
https://www.zdf.de/nachrichten/wirtschaft/handelsstreit-elektroautos-china-bruessel-zoelle-100.html,20241004060801,cdx,
https://www.zdf.de/nachrichten/wirtschaft/ifo-institut-umfrage-homeoffice-arbeit-buero-produktivitaet-100.html,20241004160748,cdx,
https://www.zdf.de/nachrichten/wirtschaft/immobilien-preise-rueckgang-wohnen-100.html,20241003134838,cdx,
https://www.zdf.de/nachrichten/wirtschaft/jobmarkt-veraenderung-lagerhelfer-buerokraefte-studie-100.html,20241004210523,cdx,
https://www.zdf.de/nachrichten/wirtschaft/oesterreich-klimaneutral-co2-ski-tourismus-100.html,20241003132901,cdx,
https://www.zdf.de/nachrichten/wirtschaft/rotes-meer-angriffe-handel-100.html,20241004062921,cdx,
https://www.zdf.de/nachrichten/wirtschaft/solarenergie-balkonkraftwerke-anzahl-verdoppelt-100.html,20241004084512,cdx,
https://www.zdf.de/nachrichten/wirtschaft/strafzoelle-e-autos-china-eu-handelsstreit-bruessel-100.html,20241004185624,cdx,
https://www.zdf.de/nachrichten/wirtschaft/unternehmen/bahn-fahrpreise-erhoehung-100.html,20241004123211,cdx,
https://www.zdf.de/nachrichten/wirtschaft/unternehmen/eu-gesetz-digitalmarkt-100.html,20241004141253,cdx,
https://www.zdf.de/nachrichten/wirtschaft/unternehmen/google-apple-eu-eugh-justiz-urteil-steuer-wettbewerb-100.html,20241004120337,cdx,
https://www.zdf.de/nachrichten/wirtschaft/unternehmen/lufthansa-verdi-streik-tarif-einigung-100.html,20241004191246,cdx,
https://www.zdf.de/nachrichten/wirtschaft/unternehmen/made-in-germany-wirtschaft-krise-100.html,20241003091559,cdx,
https://www.zdf.de/nachrichten/wirtschaft/unternehmen/post-standorte-filialen-laendlicher-raum-zu-wenig-100.html,20241004184335,cdx,
https://www.zdf.de/nachrichten/wirtschaft/unternehmen/streik-flughafen-frankfurt-hamburg-abfluege-sicherheitspersonal-100.html,20241003151210,cdx,
https://www.zdf.de/nachrichten/wirtschaft/unternehmen/x-twitter-profil-loeschen-100.html,20241004104519,cdx,
https://www.zdf.de/nachrichten/wirtschaft/urheberrecht-kuenstliche-intelligenz-ki-internet-100.html,20241003091814,cdx,
https://www.zdf.de/nachrichten/wirtschaft/wohnen-mieten-2024-teuer-eigenheim-100.html,20241004043940,cdx,
https://www.zdf.de/nachrichten/wissen/2023-zehn-gute-nachrichten-100.html,20241003150847,cdx,
https://www.zdf.de/nachrichten/wissen/energiewende-klimawandel-folgen-nordsee-ostsee-100.html,20241004215510,cdx,
https://www.zdf.de/nachrichten/wissen/heizung-energiewende-terrax-volker-quasching-kolumne-100.html,20241003183422,cdx,
https://www.zdf.de/nachrichten/wissen/kuriose-gedenktage-feiertage-kalender-100.html,20241004073314,cdx,
https://www.zdf.de/nachrichten/wissen/nordsee-co2-speicher-meeresboden-100.html,20241004220014,cdx,
https://www.zdf.de/nachrichten/wissen/openai-kuenstliche-intelligenz-programm-100.html,20241003134136,cdx,
https://www.zdf.de/nachrichten/wissen/stonehenge-altarstein-herkunft-schottland-100.html,20241004180633,cdx,
https://www.zdf.de/nachrichten/wissen/stress-koerper-gesundheit-terrax-leon-windscheid-kolumne-100.html,20241003003306,cdx,
https://www.zdf.de/nachrichten/wissen/wildbiene-bestimmen-honigbiene-hummeln-100.html,20241004180748,cdx,
https://www.zdf.de/nachrichten/wissen/wurm-hinterteil-100.html,20241004150243,cdx,
https://www.zdf.de/nachrichten/zdfspezial/abschied-von-benedikt-xvi-100.html,20241003230412,cdx,
https://www.zdf.de/nachrichten/zdfspezial/festakt-zum-tag-der-deutschen-einheit-102.html,20241003043802,cdx,
https://www.zdf.de/nachrichten/zdfspezial/zdf-spezial---eskalation-in-nahost-clip-4-102.html,20241003015835,cdx,
https://www.zdf.de/nachrichten/bilder/ukraine-russland-zwei-jahre-krieg-100.html,20241005000802,cdx,
https://www.zdf.de/nachrichten/bilder/waldbraende-kalifornien-flammen-bilder-100.html,20241006010054,cdx,
https://www.zdf.de/nachrichten/briefing/berlin-bauernprotest-zimmermann-zdfheute-update-100.html,20241006072432,cdx,
https://www.zdf.de/nachrichten/briefing/flugzeugabsturz-bahnstreik-gaza-zdfheute-update-100.html,20241006081143,cdx,
https://www.zdf.de/nachrichten/briefing/good-news-handwerk-nachwuchs-zdfheute-update-100-100.html,20241006020626,cdx,
https://www.zdf.de/nachrichten/briefing/good-news-miteinander-menschlichkeit-zdfheute-update-100.html,20241005083943,cdx,
https://www.zdf.de/nachrichten/briefing/green-deal-biedenkopf-zdfheute-update-100.html,20241005001831,cdx,
https://www.zdf.de/nachrichten/briefing/hochwasser-scheuer-maut-feuerwerk-zdfheute-update-100.html,20241006053421,cdx,
https://www.zdf.de/nachrichten/briefing/krisenmodus-spd-afd-ioc-zdfheute-update-100.html,20241005221220,cdx,
https://www.zdf.de/nachrichten/briefing/national-gallery-biedenkopf-zdfheute-update-100.html,20241005215822,cdx,
https://www.zdf.de/nachrichten/briefing/sicherheitspaket-warntag-kartenzahlung-carolabruecke-weltraumspaziergang-zdfheute-update-100.html,20241005055314,cdx,
https://www.zdf.de/nachrichten/drehscheibe/angststoerung-panikattacke-therapie-100.html,20241006002152,cdx,
https://www.zdf.de/nachrichten/drehscheibe/drehscheibe-vom-25-oktober-2023-100.html,20241006180710,cdx,
https://www.zdf.de/nachrichten/drehscheibe/drehscheibe-vom-27-oktober-2023-100.html,20241006010409,cdx,
https://www.zdf.de/nachrichten/drehscheibe/drehscheibe-vom-8-november-2023-104.html,20241006180723,cdx,
https://www.zdf.de/nachrichten/drehscheibe/keime-quiz-krankheitserreger-wissen-100.html,20241006125511,cdx,
https://www.zdf.de/nachrichten/drehscheibe/kohle-haendler-ruhrgebiet-heizen-100.html,20241006133609,cdx,
https://www.zdf.de/nachrichten/drehscheibe/wohlfuelmorgen-obdachlose-aktion-hamburg-102.html,20241005212253,cdx,
https://www.zdf.de/nachrichten/heute/bilder/elvis-presley-120.html,20241006044111,cdx,
https://www.zdf.de/nachrichten/heute/bilder/stadtansichten-100.html,20241005185848,cdx,
https://www.zdf.de/nachrichten/heute/bilder/york-hovest-helden-der-meere-bildband-galerie-100.html,20241006071318,cdx,
https://www.zdf.de/nachrichten/heute/gv-indonesien-jakarta-untergang-100.html,20241006215205,cdx,
https://www.zdf.de/nachrichten/panorama/absturz-us-militaerflugzeug-flugverbot-100.html,20241005144311,cdx,
https://www.zdf.de/nachrichten/panorama/aenderungen-dezember-bahn-pflege-wein-100.html,20241005200536,cdx,
https://www.zdf.de/nachrichten/panorama/aenderungen-oktober-gasumlage-sommerzeit-100.html,20241005183429,cdx,
https://www.zdf.de/nachrichten/panorama/alkohol-konsum-europa-deutschland-who-100.html,20241005085721,cdx,
https://www.zdf.de/nachrichten/panorama/alternativer-nobelpreis-stockholm-100.html,20241006070904,cdx,
https://www.zdf.de/nachrichten/panorama/apotheken-nrw-lieferprobleme-kochsalzloesung-krankenhaus-100.html,20241005064133,cdx,
https://www.zdf.de/nachrichten/panorama/ausflugswetter-herbst-erstes-oktober-wochenende-100.html,20241005145430,cdx,
https://www.zdf.de/nachrichten/panorama/australien-netzausfall-mobilfunk-100.html,20241005140035,cdx,
https://www.zdf.de/nachrichten/panorama/autofahrer-aggressives-verhalten-verkehr-unfallforscher-100.html,20241005025018,cdx,
https://www.zdf.de/nachrichten/panorama/bahn-sperrung-strecken-bauarbeiten-ruhrgebiet-nrw-100.html,20241005171527,cdx,
https://www.zdf.de/nachrichten/panorama/berlinale-2024-eroeffnungsfeier-stars-100.html,20241005221253,cdx,
https://www.zdf.de/nachrichten/panorama/bodenatlas-studie-zustand-klimawandel-100.html,20241006092827,cdx,
https://www.zdf.de/nachrichten/panorama/cannabis-thc-strassenverkehr-auto-grenzwert-100.html,20241005085300,cdx,
https://www.zdf.de/nachrichten/panorama/chatbot-kuenstliche-intelligenz-tipps-alltag-100.html,20241005130123,cdx,
https://www.zdf.de/nachrichten/panorama/dachse-bahn-strecke-tiere-100.html,20241005185042,cdx,
https://www.zdf.de/nachrichten/panorama/demo-gegen-rechts-demokratie-afd-100.html,20241006052935,cdx,
https://www.zdf.de/nachrichten/panorama/die-spur-ecstasy-ueberdosierung-100.html,20241006093904,cdx,
https://www.zdf.de/nachrichten/panorama/duenen-unglueck-kinder-daenemark-verschuettet-tot-100.html,20241006052319,cdx,
https://www.zdf.de/nachrichten/panorama/explosion-brand-wohnhaus-essen-100.html,20241005142419,cdx,
https://www.zdf.de/nachrichten/panorama/expo-2020-dubai-vorschau-100.html,20241005231150,cdx,
https://www.zdf.de/nachrichten/panorama/freizeit-monitor-2024-studie-smartphone-sport-100.html,20241006040150,cdx,
https://www.zdf.de/nachrichten/panorama/gasverbrauch-2023-deutschland-bundesnetzagentur-100.html,20241005185714,cdx,
https://www.zdf.de/nachrichten/panorama/gehweg-parken-bremen-bundesverwaltungsgericht-100.html,20241006080717,cdx,
https://www.zdf.de/nachrichten/panorama/george-santos-anklage-usa-100.html,20241006133152,cdx,
https://www.zdf.de/nachrichten/panorama/grafiken-armut-deutschland-100.html,20241005175938,cdx,
https://www.zdf.de/nachrichten/panorama/grafiken-world-earth-day-2021-100.html,20241006125943,cdx,
https://www.zdf.de/nachrichten/panorama/grasfrosch-sex-trick-100.html,20241005184407,cdx,
https://www.zdf.de/nachrichten/panorama/grippe-rsv-welle-infektionen-virus-erkrankungen-rki-100.html,20241005172203,cdx,
https://www.zdf.de/nachrichten/panorama/hitze-sommer-temperatur-rekorde-europa-usa-asien-100.html,20241006045623,cdx,
https://www.zdf.de/nachrichten/panorama/hochwasser-russland-orsk-100.html,20241005020846,cdx,
https://www.zdf.de/nachrichten/panorama/inklusion-barrierefreiheit-diskriminierung-behinderung-100.html,20241005171438,cdx,
https://www.zdf.de/nachrichten/panorama/italien-fleximan-blitzer-flex-vandalismus-100.html,20241005144443,cdx,
https://www.zdf.de/nachrichten/panorama/ki-musikbranche-interview-meuser-100.html,20241006052130,cdx,
https://www.zdf.de/nachrichten/panorama/klima-omega-wetterlage-starkregen-deutschland-100.html,20241005024612,cdx,
https://www.zdf.de/nachrichten/panorama/kriminalitaet/ede-niederlande-geiselnahme-100.html,20241006053324,cdx,
https://www.zdf.de/nachrichten/panorama/kriminalitaet/haeusliche-gewalt-mehr-maenner-opfer-100.html,20241006052721,cdx,
https://www.zdf.de/nachrichten/panorama/kriminalitaet/interpol-kampf-gegen-organisierte-kriminalitaet-100.html,20241005130940,cdx,
https://www.zdf.de/nachrichten/panorama/kriminalitaet/razzia-rechtsextrem-musik-szene-100.html,20241006035535,cdx,
https://www.zdf.de/nachrichten/panorama/kriminalitaet/saarland-mathis-juenf-jaehriger-junge-vermisst-tot-saar-100.html,20241005135325,cdx,
https://www.zdf.de/nachrichten/panorama/kriminalitaet/usa-konsulat-china-san-francisco-auto-100.html,20241005143838,cdx,
https://www.zdf.de/nachrichten/panorama/mallorca-strassenlaternen-gegen-kriminalitaet-100.html,20241005180424,cdx,
https://www.zdf.de/nachrichten/panorama/mondfisch-oregon-strand-100.html,20241005194909,cdx,
https://www.zdf.de/nachrichten/panorama/oesterreich-gondel-absturz-verletzte-100.html,20241005142759,cdx,
https://www.zdf.de/nachrichten/panorama/oscars-lehrerzimmer-leonie-benesch-interview-100.html,20241006133635,cdx,
https://www.zdf.de/nachrichten/panorama/ostermaersche-deutschland-frieden-100.html,20241005013015,cdx,
https://www.zdf.de/nachrichten/panorama/palaestinenser-demonstration-berlin-volksverhetzung--antisemitismus-israel-100.html,20241005210326,cdx,
https://www.zdf.de/nachrichten/panorama/papst-erkrankt-lungenentzuendung-grippe-100.html,20241006133234,cdx,
https://www.zdf.de/nachrichten/panorama/peine-kleidercontainer-frau-kind-polizei-100.html,20241006144223,cdx,
https://www.zdf.de/nachrichten/panorama/polizei-hochschule-nrw-rauswurf-twitter-100.html,20241006052708,cdx,
https://www.zdf.de/nachrichten/panorama/pras-michel-fugees-geldwaesche-schuldig-malaysia-100.html,20241005012422,cdx,
https://www.zdf.de/nachrichten/panorama/prominente/berlinale-2024-eroeffnungsfeier-100.html,20241005201451,cdx,
https://www.zdf.de/nachrichten/panorama/prominente/berlinale-frauen-kristen-stewart-100.html,20241005221340,cdx,
https://www.zdf.de/nachrichten/panorama/prominente/golden-globes-sandra-hueller-barbie-100.html,20241006123914,cdx,
https://www.zdf.de/nachrichten/panorama/prominente/jacques-delors-frankreich-paris-tod-100.html,20241005123742,cdx,
https://www.zdf.de/nachrichten/panorama/prominente/oscar-verleihung-2024-hollywood-film-100.html,20241006113937,cdx,
https://www.zdf.de/nachrichten/panorama/prominente/roberto-cavalli-designer-tot-100.html,20241006123418,cdx,
https://www.zdf.de/nachrichten/panorama/prominente/schlager-henry-valentino-tot-100.html,20241005002444,cdx,
https://www.zdf.de/nachrichten/panorama/prominente/stars-promi-news-bilder-aktuell-april-2024-neu-100.html,20241006041542,cdx,
https://www.zdf.de/nachrichten/panorama/prominente/taylor-swift-erfolg-fans-songs-lyrics-100.html,20241005180716,cdx,
https://www.zdf.de/nachrichten/panorama/prominente/trabi-route-601-schmetterlingskrankheit-100.html,20241006164221,cdx,
https://www.zdf.de/nachrichten/panorama/psychedelika-us-kirchen-drogen-gott-100.html,20241006010916,cdx,
https://www.zdf.de/nachrichten/panorama/ramadan-fastenmonat-muslime-koeln-moschee-islam-100.html,20241005220943,cdx,
https://www.zdf.de/nachrichten/panorama/rechtsextremisten-referendariat-verwaltungsgericht-cottbus-100.html,20241005070107,cdx,
https://www.zdf.de/nachrichten/panorama/schufa-kreditwuerdigkeit-daten-100.html,20241005095256,cdx,
https://www.zdf.de/nachrichten/panorama/silvester-boeller-angriffe-berlin-feuerwerk-koblenz-100.html,20241006070341,cdx,
https://www.zdf.de/nachrichten/panorama/silvester-boeller-verbot-deutsche-umwelthilfe-100.html,20241005212825,cdx,
https://www.zdf.de/nachrichten/panorama/silvester-traditionen-braeuche-europa-jahreswechsel-102.html,20241006083138,cdx,
https://www.zdf.de/nachrichten/panorama/solingen-brand-tote-verletzte-wohnung-100.html,20241005231209,cdx,
https://www.zdf.de/nachrichten/panorama/sprache-plapper-app-100.html,20241005062737,cdx,
https://www.zdf.de/nachrichten/panorama/starliner-start-bemannt-100.html,20241006010913,cdx,
https://www.zdf.de/nachrichten/panorama/stau-bilanz-2023-adac-100.html,20241006144300,cdx,
https://www.zdf.de/nachrichten/panorama/traumahilfe-ahrtal-flut-100.html,20241006031131,cdx,
https://www.zdf.de/nachrichten/panorama/tropenwaelder-abholzung-rodung-gruene-lunge-100.html,20241006072832,cdx,
https://www.zdf.de/nachrichten/panorama/unwetter-glatteis-schnee-deutschland-100.html,20241005002301,cdx,
https://www.zdf.de/nachrichten/panorama/unwetter-sturm-ciaran-toskana-100.html,20241006012742,cdx,
https://www.zdf.de/nachrichten/panorama/usa-las-vegas-hitzewelle-100.html,20241006164146,cdx,
https://www.zdf.de/nachrichten/panorama/verkehr-tote-verletzte-statistik-unfall-2023-100.html,20241005215916,cdx,
https://www.zdf.de/nachrichten/panorama/voegel-zaehlen-aktion-nabu-lbv-wintervoegel-100.html,20241006034330,cdx,
https://www.zdf.de/nachrichten/panorama/vogelgrippe-deutschland-daenemark-ansteckungsgefahr-100.html,20241005143427,cdx,
https://www.zdf.de/nachrichten/panorama/wein-mehrwegflasche-supermarkt-edeka-pfandflasche-100.html,20241005023939,cdx,
https://www.zdf.de/nachrichten/panorama/weltkrieg-veteran-hundertjaehrig-heirat-d-day-100.html,20241006010908,cdx,
https://www.zdf.de/nachrichten/panorama/wetter-weihnachten-prognose-schnee-regen-sturm-100.html,20241006034145,cdx,
https://www.zdf.de/nachrichten/panorama/world-wide-web-30-jahre-100.html,20241005083900,cdx,
https://www.zdf.de/nachrichten/politik/armut-tafel-berlin-100.html,20241005032316,cdx,
https://www.zdf.de/nachrichten/politik/ausland/aegypten-praesidentschaft-wahlen-gaza-krieg-100.html,20241005223220,cdx,
https://www.zdf.de/nachrichten/politik/ausland/al-schifa-krankenhaus-evakuierung-who-israel-100.html,20241005200642,cdx,
https://www.zdf.de/nachrichten/politik/ausland/amal-clooney-netanjahu-haftbefehl-100.html,20241005101834,cdx,
https://www.zdf.de/nachrichten/politik/ausland/annalena-baerbock-unterstuetzung-eu-aussenminister-treffen-ukraine-krieg-russland-100.html,20241005022447,cdx,
https://www.zdf.de/nachrichten/politik/ausland/anschlag--synagoge-berlin-stimmung-israel-100.html,20241005142740,cdx,
https://www.zdf.de/nachrichten/politik/ausland/armee-sprecher-vorgehen-israel-hamas-nahost-100.html,20241006033824,cdx,
https://www.zdf.de/nachrichten/politik/ausland/armenien-aserbaidschan-neue-verhandlungen-baerbock-100.html,20241005220248,cdx,
https://www.zdf.de/nachrichten/politik/ausland/baerbock-sicherheitsrat-israel-100.html,20241005200849,cdx,
https://www.zdf.de/nachrichten/politik/ausland/belgien-china-chats-einflussnahme-100.html,20241005184444,cdx,
https://www.zdf.de/nachrichten/politik/ausland/biden-katar-geiseln-freilassung-israel-100.html,20241006070128,cdx,
https://www.zdf.de/nachrichten/politik/ausland/biden-trump-vorwahl-wahlkampf-kampagne-gegner-usa-wahl-100.html,20241006083619,cdx,
https://www.zdf.de/nachrichten/politik/ausland/biden-vorwahl-south-carolina-bedeutung-usa-wahl-100.html,20241006053048,cdx,
https://www.zdf.de/nachrichten/politik/ausland/brasilien-telegram-sperrung-100.html,20241005183054,cdx,
https://www.zdf.de/nachrichten/politik/ausland/bruessel-bauernproteste-belgien-landwirte-100.html,20241006074037,cdx,
https://www.zdf.de/nachrichten/politik/ausland/bundeswehr-deutsche-ausfliegen-israel-100.html,20241005014513,cdx,
https://www.zdf.de/nachrichten/politik/ausland/demos-gazastreifen-israel-100.html,20241005052400,cdx,
https://www.zdf.de/nachrichten/politik/ausland/demos-proteste-gaza-hamas-israel-100.html,20241006011602,cdx,
https://www.zdf.de/nachrichten/politik/ausland/donald-trump-usa-new-york-gericht-betrug-prozess-100.html,20241005141807,cdx,
https://www.zdf.de/nachrichten/politik/ausland/eu-humanitaere-hilfe-gaza-100.html,20241005222601,cdx,
https://www.zdf.de/nachrichten/politik/ausland/eu-parlament-ukraine-sibylle-berg-hunger-kosten-100.html,20241005105322,cdx,
https://www.zdf.de/nachrichten/politik/ausland/extreme-hitze-in-suedostasien-klimawandel-100.html,20241006083229,cdx,
https://www.zdf.de/nachrichten/politik/ausland/fdp-staatsbuergerschaft-hamas-israel-100.html,20241006045147,cdx,
https://www.zdf.de/nachrichten/politik/ausland/finnland-praesident-wahl-stubb-100.html,20241005220316,cdx,
https://www.zdf.de/nachrichten/politik/ausland/freigelassene-hamas-geiseln-israel-100.html,20241006132920,cdx,
https://www.zdf.de/nachrichten/politik/ausland/g20-brasilien-ohne-abschlusserklaerung-lindner-100.html,20241005185815,cdx,
https://www.zdf.de/nachrichten/politik/ausland/geisel-geburtstag-hamas-kfir-bibas-israel-100.html,20241005211433,cdx,
https://www.zdf.de/nachrichten/politik/ausland/georgien-gesetz-einflussnahme-ausland-proteste-festnahmen-100.html,20241006133452,cdx,
https://www.zdf.de/nachrichten/politik/ausland/gesetz-al-jazeera-tv-sender-israel-100.html,20241005195103,cdx,
https://www.zdf.de/nachrichten/politik/ausland/getreideabkommen-erdogan-putin-verhaeltnis-ukraine-krieg-russland-100.html,20241006033418,cdx,
https://www.zdf.de/nachrichten/politik/ausland/haiti-gewalt-vereinte-nationen-sicherheitslage-personal-luftbruecke-100.html,20241006141715,cdx,
https://www.zdf.de/nachrichten/politik/ausland/haley-desantis-trump-republikaner-vorwahlen-usa-praesidentschaft-wahl-100.html,20241006053304,cdx,
https://www.zdf.de/nachrichten/politik/ausland/hamas-militaer-chef-deif-tod-israel-100.html,20241005093836,cdx,
https://www.zdf.de/nachrichten/politik/ausland/hisbollah-libanon-israel-krieg-hamas-100.html,20241005210928,cdx,
https://www.zdf.de/nachrichten/politik/ausland/huthi-angriff-oeltanker-sounion-jemen-100.html,20241005000507,cdx,
https://www.zdf.de/nachrichten/politik/ausland/indien-proteste-festnahme-delhi-regierungschef-100.html,20241006111604,cdx,
https://www.zdf.de/nachrichten/politik/ausland/iran-pakistan-raketen-krieg-terrorismus-100.html,20241005190046,cdx,
https://www.zdf.de/nachrichten/politik/ausland/israel-angriff-hamas-festival-augenzeugen-100.html,20241005030735,cdx,
https://www.zdf.de/nachrichten/politik/ausland/israel-armee-gazastreifen-feuerpause-100.html,20241005002220,cdx,
https://www.zdf.de/nachrichten/politik/ausland/israel-bodenoffensive-hamas-palaestinenser-yaron-100.html,20241005182317,cdx,
https://www.zdf.de/nachrichten/politik/ausland/israel-botschafter-seibert-angriff-hamas-100.html,20241005142636,cdx,
https://www.zdf.de/nachrichten/politik/ausland/israel-gaza-angriff-sderot-liebstein-100.html,20241005050844,cdx,
https://www.zdf.de/nachrichten/politik/ausland/israel-geiselnahme-festival-entfuehrung-hamas-shani-louk-mutter-100.html,20241005065330,cdx,
https://www.zdf.de/nachrichten/politik/ausland/israel-hamas-deutsche-shani-louk-100.html,20241005235911,cdx,
https://www.zdf.de/nachrichten/politik/ausland/israel-hamas-offensive-militaer-100.html,20241005235722,cdx,
https://www.zdf.de/nachrichten/politik/ausland/israel-hamas-shani-louk-mutter-leichnam-100.html,20241006041010,cdx,
https://www.zdf.de/nachrichten/politik/ausland/israel-interview-shatzberg-100.html,20241005175745,cdx,
https://www.zdf.de/nachrichten/politik/ausland/israel-soldaten-kriegsverbrechen-gefangene-instagram-100.html,20241005212718,cdx,
https://www.zdf.de/nachrichten/politik/ausland/israel-vorgehen-gazastreifen-palaestinenser-nahost-konflikt-100.html,20241005221028,cdx,
https://www.zdf.de/nachrichten/politik/ausland/italien-handyverbot-schulen-100.html,20241005024048,cdx,
https://www.zdf.de/nachrichten/politik/ausland/journalistin-owsjannikowa-urteil-haftstrafe-100.html,20241005135948,cdx,
https://www.zdf.de/nachrichten/politik/ausland/jugendstudie-europa-deutschland-100.html,20241006083329,cdx,
https://www.zdf.de/nachrichten/politik/ausland/kindheit-im-westjordanland-100.html,20241005132557,cdx,
https://www.zdf.de/nachrichten/politik/ausland/kreml-begnadigung-straftaeter-kriegsdienst-ukraine-krieg-russland-100.html,20241005231639,cdx,
https://www.zdf.de/nachrichten/politik/ausland/krim-bachmut-sewastopol-moelling-ukraine-krieg-russland-100.html,20241006063325,cdx,
https://www.zdf.de/nachrichten/politik/ausland/libanon-norden-angriffe-kommandeur-hamas-israel-100.html,20241005123101,cdx,related
https://www.zdf.de/nachrichten/politik/ausland/macron-europa-verteidigung-sorbonne-rede-100.html,20241005230826,cdx,
https://www.zdf.de/nachrichten/politik/ausland/macron-gaza-feuerpause-netanjahu-israel-100.html,20241005153813,cdx,
https://www.zdf.de/nachrichten/politik/ausland/macron-stopp-waffenlieferungen-israel-100.html,20241006205215,cdx,
https://www.zdf.de/nachrichten/politik/ausland/mercosur-gipfel-handelsabkommen-eu-suedamerika-100.html,20241005210510,cdx,
https://www.zdf.de/nachrichten/politik/ausland/nato-mission-bundesregierung-ukraine-krieg-russland-100.html,20241006215951,cdx,
https://www.zdf.de/nachrichten/politik/ausland/nawalny-witwe-nawalnaja-kampf-putin-russland-100.html,20241006052914,cdx,
https://www.zdf.de/nachrichten/politik/ausland/nigeria-entfuehrung-geschaeft-100.html,20241005220931,cdx,
https://www.zdf.de/nachrichten/politik/ausland/odessa-beschuss-besuch-mitsotakis-griechenland-ukraine-krieg-russland-100.html,20241006100618,cdx,
https://www.zdf.de/nachrichten/politik/ausland/oel-infrastruktur-angriffe-drohnen-ukraine-krieg-russland-100.html,20241006094507,cdx,
https://www.zdf.de/nachrichten/politik/ausland/portugal-parlamentswahl-rechtspopulismus-100.html,20241005220908,cdx,
https://www.zdf.de/nachrichten/politik/ausland/praesident-macht-usa-wahl-100.html,20241006201128,cdx,
https://www.zdf.de/nachrichten/politik/ausland/putin-russland-dday-historiker-neitzel-ukraine-krieg-100.html,20241006223037,cdx,
https://www.zdf.de/nachrichten/politik/ausland/schweiz-parlamentswahl-nationalrat-100.html,20241005143305,cdx,
https://www.zdf.de/nachrichten/politik/ausland/selenskyj-front-charkiw-ukraine-krieg-russland-100.html,20241006070657,cdx,
https://www.zdf.de/nachrichten/politik/ausland/singapur-glaube-religionen-frieden-100.html,20241005180028,cdx,
https://www.zdf.de/nachrichten/politik/ausland/slowakei-fico-strafrechtsreform-korruption-100.html,20241005201056,cdx,
https://www.zdf.de/nachrichten/politik/ausland/srebrenica-gedenktag-voelkermord-100.html,20241006164059,cdx,
https://www.zdf.de/nachrichten/politik/ausland/strack-zimmermann-europa-trump-100.html,20241006103756,cdx,
https://www.zdf.de/nachrichten/politik/ausland/trump-israel-iran-atomanlagen-usa-wahl-100.html,20241005034658,cdx,
https://www.zdf.de/nachrichten/politik/ausland/trump-schweigegeld-prozess-redeverbot-maulkorb-100.html,20241006010919,cdx,
https://www.zdf.de/nachrichten/politik/ausland/tuerkei-luftangriffe-irak-syrien-pkk-stuetzpunkte-100.html,20241005134711,cdx,
https://www.zdf.de/nachrichten/politik/ausland/tuerkei-schweden-nato-beitritt-ratifizierung-erdogan-100.html,20241006131838,cdx,
https://www.zdf.de/nachrichten/politik/ausland/tuerkei-spione-israel-100.html,20241006083321,cdx,
https://www.zdf.de/nachrichten/politik/ausland/ukraine-krieg-friedensgipfel-schweiz-friedensplan-russland-china-brasilien-100.html,20241006160724,cdx,
https://www.zdf.de/nachrichten/politik/ausland/un-gericht-israel-siedlungspolitik-100.html,20241005212107,cdx,
https://www.zdf.de/nachrichten/politik/ausland/us-praesident-biden-gesundheit-untersuchung-100.html,20241006133854,cdx,
https://www.zdf.de/nachrichten/politik/ausland/us-wahlkampf-donald-trump-joe-biden-republikaner-demokraten-100.html,20241006220828,cdx,
https://www.zdf.de/nachrichten/politik/ausland/usa-biden-regeln-grenze-mexiko-100.html,20241006210558,cdx,
https://www.zdf.de/nachrichten/politik/ausland/usa-israel-reden-angriffe-oelanlagen-iran-100.html,20241005020105,cdx,
https://www.zdf.de/nachrichten/politik/ausland/usa-nordkorea-waffenlieferungen-russland-ukraine-krieg-100.html,20241005135553,cdx,
https://www.zdf.de/nachrichten/politik/ausland/usa-ohio-abtreibung-abstimmung-demokraten-100.html,20241005185735,cdx,
https://www.zdf.de/nachrichten/politik/ausland/usa-parlamentsgebaeude-kurzzeitig-evakuiert-100.html,20241005145434,cdx,
https://www.zdf.de/nachrichten/politik/ausland/usa-trump-praesident-wahl-running-mate-100.html,20241006042220,cdx,
https://www.zdf.de/nachrichten/politik/ausland/usa-vizepraesidentin-kamala-harris-rolle-100.html,20241005070248,cdx,
https://www.zdf.de/nachrichten/politik/ausland/venezuela-referendum-annexion-guyana-100.html,20241006040022,cdx,
https://www.zdf.de/nachrichten/politik/ausland/waffenruhe-plan-un-sicherheitsrat-hamas-israel-100.html,20241006175134,cdx,
https://www.zdf.de/nachrichten/politik/ausland/wahlen-tunesien-repression-autokratie-interview-100.html,20241005194029,cdx,
https://www.zdf.de/nachrichten/politik/ausland/wahlkampf-kosten-usa-wahl-100.html,20241005210427,cdx,
https://www.zdf.de/nachrichten/politik/ausland/wuhledar-pokrowsk-donbass-moelling-analyse-100.html,20241006115207,cdx,
https://www.zdf.de/nachrichten/politik/corona-impfung-who-100.html,20241006033105,cdx,
https://www.zdf.de/nachrichten/politik/cybermobbing-schule-studie-100.html,20241006090614,cdx,
https://www.zdf.de/nachrichten/politik/demonstration-palaestinenser-polizei-verbot-hetze-antisemitismus-100.html,20241005043726,cdx,
https://www.zdf.de/nachrichten/politik/deutschland/aerzte-streik-praxis-bezahlung-einkommen-lauterbach-100.html,20241006071525,cdx,
https://www.zdf.de/nachrichten/politik/deutschland/afd-brandenburg-rene-springer-100.html,20241005013535,cdx,
https://www.zdf.de/nachrichten/politik/deutschland/afd-demo-angriffe-hitlergruss-polizei-100.html,20241006062658,cdx,
https://www.zdf.de/nachrichten/politik/deutschland/afd-halemba-immunitaet-aufhebung-bayern-landtag-100.html,20241005183225,cdx,
https://www.zdf.de/nachrichten/politik/deutschland/afd-naehe-zentrum-rheinhessen-mainz-100.html,20241005070129,cdx,
https://www.zdf.de/nachrichten/politik/deutschland/afd-russland-wahlbeobachtung-abmahnung-abgeordnete-bayern-100.html,20241005220524,cdx,
https://www.zdf.de/nachrichten/politik/deutschland/afghanen-abschiebung-kirchenasyl-polizei-kritik-100.html,20241005013558,cdx,
https://www.zdf.de/nachrichten/politik/deutschland/ahrtal-flut-ermittlung-staatsanwaltschaft-anklage-100.html,20241005105044,cdx,
https://www.zdf.de/nachrichten/politik/deutschland/ahrtal-flut-katastrophe-organisation-einsatz-ueberlastung-100.html,20241006003046,cdx,
https://www.zdf.de/nachrichten/politik/deutschland/anschubfinanzierung-kritik-praemie-langzeitarbeitslose-100.html,20241006011738,cdx,
https://www.zdf.de/nachrichten/politik/deutschland/armut-leben-deutschland-aufstockerin-buergergeld-100.html,20241005072616,cdx,
https://www.zdf.de/nachrichten/politik/deutschland/autoindustrie-krise-verbrenner-emobilitaet-china-strafzoelle-eu-100.html,20241006165215,cdx,
https://www.zdf.de/nachrichten/politik/deutschland/bafoeg-reform-studenten-studienstarthilfe-kabinett-100.html,20241005012255,cdx,
https://www.zdf.de/nachrichten/politik/deutschland/bauern-protest-bayern-berlin-100.html,20241005022226,cdx,
https://www.zdf.de/nachrichten/politik/deutschland/berlin-israel-brandenburger-tor-100.html,20241005033951,cdx,
https://www.zdf.de/nachrichten/politik/deutschland/berlinale-antisemitismus-kritik-klein-100.html,20241005200255,cdx,
https://www.zdf.de/nachrichten/politik/deutschland/biberach-landwirte-demo-querdenker-100.html,20241005002821,cdx,
https://www.zdf.de/nachrichten/politik/deutschland/bundeswehr-sturmgewehr-g95-waffe-praezision-bundesrechnungshof-100.html,20241005101224,cdx,
https://www.zdf.de/nachrichten/politik/deutschland/cdu-cyber-angriff-merz-100.html,20241006194202,cdx,
https://www.zdf.de/nachrichten/politik/deutschland/cdu-dienstpflicht-bundeswehr-100.html,20241005182812,cdx,
https://www.zdf.de/nachrichten/politik/deutschland/christian-lueth-afd-jan-wenzel-schmidt-referent-100.html,20241006133202,cdx,
https://www.zdf.de/nachrichten/politik/deutschland/cyberangriff-spd-russland-faq-100.html,20241006012137,cdx,
https://www.zdf.de/nachrichten/politik/deutschland/cyberbunker-prozess-bundesgerichtshof-100.html,20241005195519,cdx,
https://www.zdf.de/nachrichten/politik/deutschland/demonstrationen-rechtsextremismus-olaf-scholz-migranten-100.html,20241006070203,cdx,
https://www.zdf.de/nachrichten/politik/deutschland/dritter-weg-nationalrevolutionaere-jugend-razzia-polizei-100.html,20241005134805,cdx,
https://www.zdf.de/nachrichten/politik/deutschland/ergebnisse-cdu-spd-gruene-wahl-hessen-boris-rhein-nancy-faeser-100.html,20241005230614,cdx,
https://www.zdf.de/nachrichten/politik/deutschland/faeser-polizei-antisemitismus-jahrestag-hamas-angriff-100.html,20241005070550,cdx,
https://www.zdf.de/nachrichten/politik/deutschland/fdp-dreikoenigstreffen-ampel-christian-lindner-100.html,20241005003244,cdx,
https://www.zdf.de/nachrichten/politik/deutschland/fdp-mitglieder-abstimmung-ampel-verbleib-100.html,20241005222007,cdx,
https://www.zdf.de/nachrichten/politik/deutschland/freiwilligendienste-60-jahre-soziales-engagement-fsj-kuerzungen-100.html,20241006142721,cdx,
https://www.zdf.de/nachrichten/politik/deutschland/friedrich-merz-keine-steuersenkungen-im-grossen-stil-100.html,20241005074827,cdx,
https://www.zdf.de/nachrichten/politik/deutschland/gauck-gegen-afd-verbotsverfahren-100.html,20241005023049,cdx,
https://www.zdf.de/nachrichten/politik/deutschland/gendern-sprache-bayern-verbot-100.html,20241005194207,cdx,
https://www.zdf.de/nachrichten/politik/deutschland/gericht-pro-palaestina-demo-frankfurt-verbot-parole-muenster-100.html,20241005024208,cdx,
https://www.zdf.de/nachrichten/politik/deutschland/gruene-hammer-attacke-jian-omar-anzeige-100.html,20241005143239,cdx,
https://www.zdf.de/nachrichten/politik/deutschland/hanau-anschlag-rechtsterrorismus-ataman-antidiskriminierungsbeauftragte-100.html,20241006100235,cdx,
https://www.zdf.de/nachrichten/politik/deutschland/hendrik-wuest-bittet-um-entschuldigung-opfer-nsu-koeln-keupstrasse-100.html,20241005210115,cdx,
https://www.zdf.de/nachrichten/politik/deutschland/hessen-wahl-bildung-kneipenwahl-100.html,20241006113422,cdx,
https://www.zdf.de/nachrichten/politik/deutschland/is-bedrohungslage-deutschland-anschlag-100.html,20241005195746,cdx,
https://www.zdf.de/nachrichten/politik/deutschland/islamismus-demo-hamburg-muslim-interaktiv-schroeter-100.html,20241005062305,cdx,
https://www.zdf.de/nachrichten/politik/deutschland/islamisten-demo-hamburg-kalifat-100.html,20241006190215,cdx,
https://www.zdf.de/nachrichten/politik/deutschland/israel-gaza-hamas-steven-hoeffner-100.html,20241005231704,cdx,
https://www.zdf.de/nachrichten/politik/deutschland/israel-hamas-angriff-gaza-deutschland-100.html,20241005080409,cdx,
https://www.zdf.de/nachrichten/politik/deutschland/kai-wegner-beziehung-katharina-guenther-wuensch-berlin-regierung-100.html,20241005135353,cdx,
https://www.zdf.de/nachrichten/politik/deutschland/kindergrundsicherung-paus-lindner-ampel-100.html,20241006134223,cdx,
https://www.zdf.de/nachrichten/politik/deutschland/klima-hannover-innenstadt-autofrei-100.html,20241006012344,cdx,
https://www.zdf.de/nachrichten/politik/deutschland/kreuzerlass-soeder-urteil-bayern-100.html,20241006083724,cdx,
https://www.zdf.de/nachrichten/politik/deutschland/lanz-landrat-dirk-neubauer-drohungen-ruecktritt-migrationsdebatte-100.html,20241005053247,cdx,
https://www.zdf.de/nachrichten/politik/deutschland/lauterbach-gesetz-pharma-forschung-100.html,20241005200840,cdx,
https://www.zdf.de/nachrichten/politik/deutschland/maassen-werteunion-eigene-partei-faq-100.html,20241006133256,cdx,
https://www.zdf.de/nachrichten/politik/deutschland/maximilian-krah-afd-wahlkampf-china-russland-100.html,20241005010551,cdx,
https://www.zdf.de/nachrichten/politik/deutschland/nancy-faeser-abschiebung-fluechtling-gesetzespaket-100.html,20241006143103,cdx,
https://www.zdf.de/nachrichten/politik/deutschland/nancy-faeser-initiative-frauen-schutz-gewalt-100.html,20241005195842,cdx,
https://www.zdf.de/nachrichten/politik/deutschland/oldenburg-anschlag-synagoge-ermittlung-100.html,20241005020758,cdx,
https://www.zdf.de/nachrichten/politik/deutschland/organspende-register-zahlen-grafiken-100.html,20241005185953,cdx,
https://www.zdf.de/nachrichten/politik/deutschland/palaestinenser-nahost-konflikt-gaza-antisemitismus-rassismus-100.html,20241005063212,cdx,
https://www.zdf.de/nachrichten/politik/deutschland/radikalisierung-islamismus-bedrohung-100.html,20241005092318,cdx,
https://www.zdf.de/nachrichten/politik/deutschland/raf-experte-aust-festnahme-ex-terroristin-klette-100.html,20241006133826,cdx,
https://www.zdf.de/nachrichten/politik/deutschland/raf-terrorist-garweg-fahndung-lka-100.html,20241005045225,cdx,
https://www.zdf.de/nachrichten/politik/deutschland/raketenabwehrsystem-arrow-3-deutschland-israel-100.html,20241006023805,cdx,
https://www.zdf.de/nachrichten/politik/deutschland/rechtsextremismus-urteil-gruppe-s-haftstrafe-100.html,20241006042836,cdx,
https://www.zdf.de/nachrichten/politik/deutschland/scholz-klimakonferenz-cop28-kanzler-ampel-100.html,20241006044858,cdx,
https://www.zdf.de/nachrichten/politik/deutschland/scholz-sicherheit-deutschland-europa-ukraine-abschreckung-100.html,20241005200751,cdx,
https://www.zdf.de/nachrichten/politik/deutschland/schuster-zentralrat-juden-demonstration-jahrestag-100.html,20241006014837,cdx,
https://www.zdf.de/nachrichten/politik/deutschland/schwarz-gruen-bundesebene-brantner-goering-gruene-cdu-koalition-100.html,20241006012034,cdx,
https://www.zdf.de/nachrichten/politik/deutschland/selbstbestimmungsgesetz-geschlecht-trans-bundestag-100.html,20241005063742,cdx,
https://www.zdf.de/nachrichten/politik/deutschland/soeder-k-frage-kanzler-union-100.html,20241005035327,cdx,
https://www.zdf.de/nachrichten/politik/deutschland/spd-x-twitter-elon-musk-100.html,20241006032450,cdx,
https://www.zdf.de/nachrichten/politik/deutschland/staedtetag-deutschlandticket-finanzierung-100.html,20241005195604,cdx,
https://www.zdf.de/nachrichten/politik/deutschland/tarek-bae-israel-gaza-krieg-influencer-nahost-konflikt-islamismus-graue-woelfe-100.html,20241006020200,cdx,
https://www.zdf.de/nachrichten/politik/deutschland/wehrpflicht-bundeswehr-personal-100.html,20241005012502,cdx,
https://www.zdf.de/nachrichten/politik/deutschland/wissing-vorwurf-vetternwirtschaft-wasserstoff-100.html,20241005124646,cdx,
https://www.zdf.de/nachrichten/politik/erdbeben-sicher-bauen-tuerkei-syrien-100.html,20241006041619,cdx,
https://www.zdf.de/nachrichten/politik/hamas-angriff-israel-samidoun-berlin-sonnenallee-100.html,20241005210323,cdx,
https://www.zdf.de/nachrichten/politik/israel-dschenin-abzug-truppen-100.html,20241005152406,cdx,
https://www.zdf.de/nachrichten/politik/israel-gazastreifen-raketen-tote-100.html,20241005043754,cdx,
https://www.zdf.de/nachrichten/politik/israel-palaestinenser-gaza-angriffe-100.html,20241005224050,cdx,
https://www.zdf.de/nachrichten/politik/klima-studie-fahrrad-treibhausgas-adfc-100.html,20241006083303,cdx,
https://www.zdf.de/nachrichten/politik/kriegsverbrechen-justizminister-ukraine-krieg-russland-100.html,20241006071552,cdx,
https://www.zdf.de/nachrichten/politik/lebensmittel-gruene-gentechnik-eu-kommission-vorschlag-100.html,20241005224954,cdx,
https://www.zdf.de/nachrichten/politik/moelling-belgorod-waffenlieferung-ukraine-krieg-russland-100.html,20241006051033,cdx,
https://www.zdf.de/nachrichten/politik/nato-trump-zwei-prozent-ziel-100.html,20241005002336,cdx,
https://www.zdf.de/nachrichten/politik/palaestinenser-demo-berlin-verbot-strafanzeigen-100.html,20241005012238,cdx,
https://www.zdf.de/nachrichten/politik/pistorius-biden-wehrpflicht-russland-angriff-nato-putin-100.html,20241005201310,cdx,
https://www.zdf.de/nachrichten/politik/razzia-reichsbuerger-prinz-heinrich-terror-100.html,20241006095307,cdx,
https://www.zdf.de/nachrichten/politik/starship-rakete-testflug-explosion-folgen-musk-spacex-100.html,20241006102856,cdx,
https://www.zdf.de/nachrichten/politik/streumunition-einsatz-putin-ukraine-krieg-russland-100.html,20241006050926,cdx,
https://www.zdf.de/nachrichten/politik/stuttgart-21-hauptbahnhof-kritik-100.html,20241006164117,cdx,
https://www.zdf.de/nachrichten/politik/sudan-labor-waffenruhe-100.html,20241005002435,cdx,
https://www.zdf.de/nachrichten/politik/terror-anschlag-is-deutschland-gefahr-100.html,20241006101921,cdx,
https://www.zdf.de/nachrichten/politik/waffenlieferungen-sipri-militaer-europa-ukraine-krieg-russland-100.html,20241006144313,cdx,
https://www.zdf.de/nachrichten/politik/wahlen-griechenland-junge-generation-soziale-gerechtigkeit-100.html,20241006101147,cdx,
https://www.zdf.de/nachrichten/ratgeber/amaryllis-ritterstern-pflege-bluete-100.html,20241006052350,cdx,
https://www.zdf.de/nachrichten/ratgeber/baum-klima-deutschland-wald-zukunft-100.html,20241006045942,cdx,
https://www.zdf.de/nachrichten/ratgeber/deo-ohne-aluminium-oeko-test-100.html,20241006052806,cdx,
https://www.zdf.de/nachrichten/ratgeber/gas-strom-anbieter-wechseln-100.html,20241006044618,cdx,
https://www.zdf.de/nachrichten/ratgeber/gesundheit/beginn-grippewelle-rki-100.html,20241005184102,cdx,
https://www.zdf.de/nachrichten/ratgeber/gesundheit/peeling-gesicht-koerper-anwendung-100.html,20241006053055,cdx,
https://www.zdf.de/nachrichten/ratgeber/gesundheit/selbsthilfegruppe-gruenden-tipps-100.html,20241005184946,cdx,
https://www.zdf.de/nachrichten/ratgeber/gesundheit/tagebuch-gesundheit-psychologin-100.html,20241006053519,cdx,
https://www.zdf.de/nachrichten/ratgeber/gesundheit/yoga-uebungen-gesundheit-koerper-100.html,20241006032859,cdx,
https://www.zdf.de/nachrichten/ratgeber/halloween-kuerbis-schnitzen-tipps-100.html,20241005220328,cdx,
https://www.zdf.de/nachrichten/ratgeber/japankaefer-buchsbaumzuensler-tigermuecke-invasive-arten-100.html,20241005011928,cdx,
https://www.zdf.de/nachrichten/ratgeber/kamin-richtig-heizen-100.html,20241005091525,cdx,
https://www.zdf.de/nachrichten/ratgeber/kompost-anlegen-komposthaufen-garten-100.html,20241006011913,cdx,
https://www.zdf.de/nachrichten/ratgeber/mehrgenerationenhaus-nachbarn-gemeinschaft-100.html,20241006142043,cdx,
https://www.zdf.de/nachrichten/ratgeber/pflegeleichte-zimmerpflanzen-tipps-anfaenger-100.html,20241006051432,cdx,
https://www.zdf.de/nachrichten/ratgeber/pilze-sammeln-giftige-pilze-wald-100.html,20241006174429,cdx,
https://www.zdf.de/nachrichten/ratgeber/solaranlage-photovoltaik-energie-zu-hause-100.html,20241006045057,cdx,
https://www.zdf.de/nachrichten/ratgeber/umzug-planen-checkliste-100.html,20241006045709,cdx,
https://www.zdf.de/nachrichten/ratgeber/vegane-butter-margarine-streichfett-100.html,20241005032422,cdx,
https://www.zdf.de/nachrichten/ratgeber/versicherungen-junge-erwachsene-100.html,20241006040846,cdx,
https://www.zdf.de/nachrichten/ratgeber/wolle-ersatz-vegan-100.html,20241005032307,cdx,
https://www.zdf.de/nachrichten/sport/basketball-sabally-fiebich-wnba-halbfinale-100.html,20241006012349,cdx,
https://www.zdf.de/nachrichten/sport/beste-sportsendung-zdf-deutscher-fernsehpreis-fussball-wm-100.html,20241006040712,cdx,
https://www.zdf.de/nachrichten/sport/bundesliga-bayern-kompany-vor-frankfurt-spiel-100.html,20241006012430,cdx,
https://www.zdf.de/nachrichten/sport/bundesliga-frauen-maenner-tabelle-fussball-entwicklung-100.html,20241005024306,cdx,
https://www.zdf.de/nachrichten/sport/bundesliga-leverkusen-kiel-100.html,20241006012121,cdx,
https://www.zdf.de/nachrichten/sport/eishockey-wm-deb-team-draisaitl-100.html,20241006130640,cdx,
https://www.zdf.de/nachrichten/sport/eishockey-wm-deb-team-lukas-kaelble-100.html,20241005000141,cdx,
https://www.zdf.de/nachrichten/sport/fc-augsburg-borussia-moenchengladbach-bundesliga-100.html,20241006011648,cdx,
https://www.zdf.de/nachrichten/sport/fc-augsburg-vfb-stuttgart-26-spieltag-bundesliga-100.html,20241006142435,cdx,
https://www.zdf.de/nachrichten/sport/formel-1-vorwuerfe-gegen-fia-praesident-ben-sulayem-100.html,20241005190020,cdx,
https://www.zdf.de/nachrichten/sport/fussball-1-koeln-rb-leipzig-fans-gesaenge-rose-keller-100.html,20241005175845,cdx,
https://www.zdf.de/nachrichten/sport/fussball-2-liga-saisonauftakt-1-fc-koeln-hamburger-sv-100.html,20241005040256,cdx,
https://www.zdf.de/nachrichten/sport/fussball-bundesliga-18-spieltag-fc-bayern-werder-bremen-100.html,20241005175509,cdx,
https://www.zdf.de/nachrichten/sport/fussball-bundesliga-borussia-dortmund-edin-terzic-100.html,20241006123251,cdx,
https://www.zdf.de/nachrichten/sport/fussball-bundesliga-hertha-bsc-bernstein-praesident-100.html,20241005190421,cdx,
https://www.zdf.de/nachrichten/sport/fussball-bundesliga-union-berlin-bayern-muenchen-sieg-100.html,20241006040009,cdx,
https://www.zdf.de/nachrichten/sport/fussball-bundesliga-union-berlin-trainer-nenad-bjelica-strafe-100.html,20241005220605,cdx,
https://www.zdf.de/nachrichten/sport/fussball-dfb-frauen-kader-em-qualifikation-oesterreich-island-100.html,20241006144634,cdx,
https://www.zdf.de/nachrichten/sport/fussball-europa-league-bayer-leverkusen-qarabag-agdam-achtelfinale-rueckspiel-100.html,20241006134330,cdx,
https://www.zdf.de/nachrichten/sport/fussball-europa-league-besiktas-istanbul-eintracht-frankfurt-100.html,20241005023845,cdx,
https://www.zdf.de/nachrichten/sport/fussball-fc-arsenal-kai-havertz-100.html,20241005201513,cdx,
https://www.zdf.de/nachrichten/sport/fussball-fifa-wiederwahl-infantino-kommentar-100.html,20241006214951,cdx,
https://www.zdf.de/nachrichten/sport/fussball-frauen-nations-league-niederlande-deutschland-100.html,20241006095623,cdx,
https://www.zdf.de/nachrichten/sport/fussball-italien-ssc-neapel-toter-bei-meisterfeier-100.html,20241006105442,cdx,
https://www.zdf.de/nachrichten/sport/fussball-liverpool-klopp-100.html,20241005201437,cdx,
https://www.zdf.de/nachrichten/sport/fussball-reformen-ligenbetrieb-jugendfussball-100.html,20241005223441,cdx,
https://www.zdf.de/nachrichten/sport/fussball-san-marino-sieg-liechtenstein-nations-league-100.html,20241006002142,cdx,
https://www.zdf.de/nachrichten/sport/fussball-wm-marokko-trainer-frankreich-halbfinale-katar-2022-100.html,20241005222133,cdx,
https://www.zdf.de/nachrichten/sport/handball-johannes-bitter-beendet-karriere-100.html,20241005023751,cdx,
https://www.zdf.de/nachrichten/sport/historische-entwicklung-turniere-einfluss-deutschland-handball-em-2024-100.html,20241006133813,cdx,
https://www.zdf.de/nachrichten/sport/jamie-leweling-jamal-musiala-nationalmannschaft-nations-league-fussball-100.html,20241005023335,cdx,
https://www.zdf.de/nachrichten/sport/motoball-breitensport-motorrad-100.html,20241006124332,cdx,
https://www.zdf.de/nachrichten/sport/paralympics-2024-highlights-des-tages-livestream-vorschau-montag-1-september-100.html,20241005055049,cdx,
https://www.zdf.de/nachrichten/sport/skifliegen-wm-kulm-wellinger-silber-100.html,20241006020155,cdx,
https://www.zdf.de/nachrichten/sport/tennis-australian-open-melbourne-djokovic-sinner-100.html,20241005190100,cdx,
https://www.zdf.de/nachrichten/sport/tennis-australian-open-zverev-alcaraz-viertelfinale-100.html,20241006072155,cdx,
https://www.zdf.de/nachrichten/sport/thomas-mueller-vertragsverlaengerung-fc-bayern-100.html,20241006130316,cdx,
https://www.zdf.de/nachrichten/sport/vfb-stuttgart-union-berlin-fussball-bundesliga-100.html,20241005010023,cdx,
https://www.zdf.de/nachrichten/sport/wintersport-rodeln-wm-taubitz-sprint-gold-100.html,20241005001034,cdx,
https://www.zdf.de/nachrichten/sport/wintersport-skispringen-klingenthal-grossschanze-geiger-100.html,20241005185829,cdx,
https://www.zdf.de/nachrichten/sport/wintersport-weltcup-abfahrt-sarrazin-kitzbuehel-100.html,20241006064252,cdx,
https://www.zdf.de/nachrichten/sport/wm-finale-kanada-deutschland-eishockey-100.html,20241006051837,cdx,
https://www.zdf.de/nachrichten/thema/aegypten-140.html,20241005113531,cdx,
https://www.zdf.de/nachrichten/thema/afghanistan-164.html,20241005163931,cdx,
https://www.zdf.de/nachrichten/thema/bbl-basketball-bundesliga-100.html,20241006033728,cdx,
https://www.zdf.de/nachrichten/thema/blockchain-106.html,20241006124826,cdx,
https://www.zdf.de/nachrichten/thema/david-raum-108.html,20241005103835,cdx,
https://www.zdf.de/nachrichten/thema/einschulung-104.html,20241006003201,cdx,
https://www.zdf.de/nachrichten/thema/elisa-senss-102.html,20241005225411,cdx,
https://www.zdf.de/nachrichten/thema/ena-mahmutovic-100.html,20241005220500,cdx,
https://www.zdf.de/nachrichten/thema/erdbeben-152.html,20241006023241,cdx,
https://www.zdf.de/nachrichten/thema/evangelische-kirche-104.html,20241006001315,cdx,
https://www.zdf.de/nachrichten/thema/fahrrad-150.html,20241006034151,cdx,
https://www.zdf.de/nachrichten/thema/greta-thunberg-150.html,20241006051642,cdx,
https://www.zdf.de/nachrichten/thema/japan-192.html,20241006042146,cdx,
https://www.zdf.de/nachrichten/thema/katholische-kirche-108.html,20241005220220,cdx,
https://www.zdf.de/nachrichten/thema/landtagswahl-baden-wuerttemberg-102.html,20241005101243,cdx,
https://www.zdf.de/nachrichten/thema/martin-schirdewan-114.html,20241006063132,cdx,
https://www.zdf.de/nachrichten/thema/oeko-test-100.html,20241005222800,cdx,
https://www.zdf.de/nachrichten/thema/pis-partei-100.html,20241006004528,cdx,
https://www.zdf.de/nachrichten/video/der-grosse-austausch-elon-musk-afd-bjoern-hoecke-backgroundcheck-faktencheck-102.html,20241006034830,cdx,
https://www.zdf.de/nachrichten/video/kinder-influencer-camp-usa-100.html,20241006072508,cdx,
https://www.zdf.de/nachrichten/video/lanz-dickes-kommunen-ansprueche-100.html,20241006042159,cdx,
https://www.zdf.de/nachrichten/video/libyen-abschiebegefaengnisse-zustaende-video-100.html,20241006082347,cdx,
https://www.zdf.de/nachrichten/video/panorama-buergermeister-syrien-100.html,20241005002754,cdx,
https://www.zdf.de/nachrichten/video/panorama-die-spur-mpu-king-verdacht-urkundenfaelschung-100.html,20241006234756,cdx,
https://www.zdf.de/nachrichten/video/panorama-neurofibromatose-nf2-gendefekt-tumor-lauk-100.html,20241006082736,cdx,
https://www.zdf.de/nachrichten/video/panorama-plattdeutsch-sprache-vorlesewettbewerb-100.html,20241006131100,cdx,
https://www.zdf.de/nachrichten/video/panorama-tiktoks-krieg-100.html,20241006031434,cdx,
https://www.zdf.de/nachrichten/video/panorama-usa-tornado-serie-arkansas-illinois-tote-100.html,20241005230852,cdx,
https://www.zdf.de/nachrichten/video/panorama-zimmerpflanzen-oekologisch-anbau-100.html,20241005225905,cdx,
https://www.zdf.de/nachrichten/video/politik-drogenbosse-von-damaskus-100.html,20241006082952,cdx,
https://www.zdf.de/nachrichten/video/politik-ehrenamt-buergermeister-mangel-100.html,20241006133139,cdx,
https://www.zdf.de/nachrichten/video/politik-iran-mullahs-deutschland-opposition-protest-100.html,20241006113930,cdx,
https://www.zdf.de/nachrichten/video/politik-lanz-onay-100.html,20241005185132,cdx,
https://www.zdf.de/nachrichten/video/politik-masala-israel-kriegsvorbereitung-illner-100.html,20241005011648,cdx,
https://www.zdf.de/nachrichten/video/politik-ukraine-drohnenjaeger-angriffswelle-100.html,20241006074947,cdx,
https://www.zdf.de/nachrichten/video/ratgeber-spuelmaschine-mittel-oekochallenge-100.html,20241006063706,cdx,
https://www.zdf.de/nachrichten/wirtschaft/auszubildende-studierende-fachkraeftemangel-100.html,20241006030118,cdx,
https://www.zdf.de/nachrichten/wirtschaft/bau-zinsen-immobilien-haus-kredit-finanzierung-100.html,20241006063627,cdx,
https://www.zdf.de/nachrichten/wirtschaft/einkommen-millionaer-deutschland-statistisches-bundesamt-100.html,20241006104057,cdx,
https://www.zdf.de/nachrichten/wirtschaft/erneuerbare-energien-strom-produktion-100.html,20241005051056,cdx,
https://www.zdf.de/nachrichten/wirtschaft/ezb-leitzins-bleibt-gleich-inflation-risiko-100.html,20241005001810,cdx,
https://www.zdf.de/nachrichten/wirtschaft/fachkraeftemangel-arbeitgeber-mehr-auslaendische-fachkraefte-100.html,20241006034758,cdx,
https://www.zdf.de/nachrichten/wirtschaft/fachkraeftemangel-auslaenderfeindlichkeit-zuwanderung-100.html,20241006045006,cdx,
https://www.zdf.de/nachrichten/wirtschaft/ford-saarlouis-verhandlung-scheitern-100.html,20241005175738,cdx,
https://www.zdf.de/nachrichten/wirtschaft/haushalt-einigung-kuerzungen-faq-100.html,20241006133753,cdx,
https://www.zdf.de/nachrichten/wirtschaft/kfz-gewerbe-zoelle-china-e-auto-folgen-100.html,20241005150656,cdx,
https://www.zdf.de/nachrichten/wirtschaft/oeffentlichkeitsarbeit-steuerzahler-bund-ausgaben-politik-100.html,20241005180334,cdx,
https://www.zdf.de/nachrichten/wirtschaft/rentenalter-arbeiten-beschaeftigte-100.html,20241006011903,cdx,
https://www.zdf.de/nachrichten/wirtschaft/schuldenbremse-investitionen-subventionen-lindner-100.html,20241006040345,cdx,
https://www.zdf.de/nachrichten/wirtschaft/tarifstreit-oeffentlicher-dienst-verdi-verhandlungsrunde-100.html,20241005002457,cdx,
https://www.zdf.de/nachrichten/wirtschaft/twitter-manager-klage-abfindung-elon-musk-100.html,20241006040641,cdx,
https://www.zdf.de/nachrichten/wirtschaft/unternehmen/adidas-gewinn-yeezy-100.html,20241006003736,cdx,
https://www.zdf.de/nachrichten/wirtschaft/unternehmen/apple-ki-funktionen-entwicklerkonferenz-wwdc-100.html,20241006010905,cdx,
https://www.zdf.de/nachrichten/wirtschaft/unternehmen/apple-sicherheitsluecke-hacker-100.html,20241006083204,cdx,
https://www.zdf.de/nachrichten/wirtschaft/unternehmen/aral-kritik-ladesaeulen-infrastruktur-100.html,20241006142751,cdx,
https://www.zdf.de/nachrichten/wirtschaft/unternehmen/deutsche-bahn-investition-milliarden-autonomes-fahren-verkehr-100.html,20241006041305,cdx,
https://www.zdf.de/nachrichten/wirtschaft/unternehmen/eli-lilly-standort-alzey-100.html,20241005192734,cdx,
https://www.zdf.de/nachrichten/wirtschaft/unternehmen/lufthansa-streik-verdi-bodenpersonal-donnerstag-freitag-100.html,20241006073646,cdx,
https://www.zdf.de/nachrichten/wirtschaft/unternehmen/openai-chatgpt-sam-altman-investition-ki-kuenstliche-intelligenz-100.html,20241005024120,cdx,
https://www.zdf.de/nachrichten/wirtschaft/unternehmen/tiktok-usa-senat-bytedance-100.html,20241006022627,cdx,
https://www.zdf.de/nachrichten/wirtschaft/unternehmen/twitter-musk-x-zahlung-geld-100.html,20241005014739,cdx,
https://www.zdf.de/nachrichten/wirtschaft/unternehmen/x-brasilien-falsches-konto-100.html,20241005053639,cdx,
https://www.zdf.de/nachrichten/wirtschaft/us-notenbank-leitzins-niveau-bleibt-hoch-100.html,20241006131305,cdx,
https://www.zdf.de/nachrichten/wirtschaft/wirtschaft-deutschland-konjunktur-krise-russwurm-dulger-100.html,20241006042849,cdx,
https://www.zdf.de/nachrichten/wissen/bildung-schere-abitur-studium-abschluesse-oecd-studie-deutschland-100.html,20241005181225,cdx,
https://www.zdf.de/nachrichten/wissen/haeufigkeit-erdbeben-regionen-100.html,20241006034620,cdx,
https://www.zdf.de/nachrichten/wissen/hagel-versicherung-schaden-100.html,20241005041440,cdx,
https://www.zdf.de/nachrichten/wissen/hvo100-biokraftstoff-terrax-christian-scharun-kolumne-100.html,20241005011353,cdx,
https://www.zdf.de/nachrichten/wissen/ki-chatgpt-bildung-experten-lernen-schule-universitaet-100.html,20241006131640,cdx,
https://www.zdf.de/nachrichten/wissen/klima-konferenz-dubai-erwartungen-niklas-hoehne-100.html,20241006041852,cdx,
https://www.zdf.de/nachrichten/wissen/lebenserwartung-weltweit-steigt-studie-100.html,20241006083652,cdx,
https://www.zdf.de/nachrichten/wissen/mensch-natur-entfremdung-biodiversitaet-100.html,20241005004648,cdx,
https://www.zdf.de/nachrichten/wissen/moor-wiedervernaessung-renaturierung-100.html,20241005053231,cdx,
https://www.zdf.de/nachrichten/wissen/rki-grippewelle-deutschland-100.html,20241005125520,cdx,
https://www.zdf.de/nachrichten/wissen/vogelgrippe-antarktis-pinguine-100.html,20241005220707,cdx,
https://www.zdf.de/nachrichten/wissen/wein-klimawandel-winzer-deutschland-100.html,20241006110904,cdx,
https://www.zdf.de/nachrichten/wissen/wetter-temperaturen-klima-herbst-oktober-vorhersage-100.html,20241006035635,cdx,
https://www.zdf.de/nachrichten/zdfspezial/zdf-spezial---corona-krise---was-bringen-die-neuen-massnahmen-clip-10-100.html,20241006142622,cdx,
https://www.zdf.de/nachrichten/zdfspezial/zdf-spezial---nach-der-europawahl-clip-1-100.html,20241006183050,cdx,
https://www.zdf.de/nachrichten/briefing/ampel-berlin-wahl-super-bowl-zimmermann-zdfheute-update-100.html,20241007143108,cdx,
https://www.zdf.de/nachrichten/briefing/brandenburg-politbarometer-schenker-ukraine-leifert-zdfheute-update-100.html,20241007040849,cdx,
https://www.zdf.de/nachrichten/briefing/demos-demokratie-zimmermann-zdfheute-update-100.html,20241007154234,cdx,
https://www.zdf.de/nachrichten/briefing/ezb-inflation-neuhann-zdfheute-update-100.html,20241008091205,cdx,
https://www.zdf.de/nachrichten/briefing/geisel-maedchen-hamas-israel-zdfheute-update-100.html,20241007165931,cdx,
https://www.zdf.de/nachrichten/briefing/good-news-bionik-natur-zdfheute-update-100.html,20241008205512,cdx,
https://www.zdf.de/nachrichten/briefing/good-news-demokratie-politik-zdfheute-update-100-100.html,20241008034128,cdx,
https://www.zdf.de/nachrichten/briefing/good-news-rohstoffe-nachhaltigkeit-zdfheute-update-100.html,20241008222246,cdx,
https://www.zdf.de/nachrichten/briefing/haushalt-afd-google-apple-zdfheute-update-100.html,20241007044021,cdx,
https://www.zdf.de/nachrichten/briefing/klima-antisemitismus-schlafen-zdfheute-update-100.html,20241008202340,cdx,
https://www.zdf.de/nachrichten/briefing/krah-spionage-klimaschutzgesetz-krankenkassen-zdfheute-update-100.html,20241007164948,cdx,
https://www.zdf.de/nachrichten/briefing/ofarim-luege-antisemitismus-zdfheute-update-100.html,20241008025357,cdx,
https://www.zdf.de/nachrichten/briefing/scholz-usa-altweiberfastnacht-fregatte-hessen-schmiese-zdfheute-update-100.html,20241008162851,cdx,
https://www.zdf.de/nachrichten/briefing/schulden-konjunktur-hitzeschutz-autofrachter-zdfheute-update-100.html,20241007142703,cdx,
https://www.zdf.de/nachrichten/briefing/trittin-gruene-demokratie-zdfheute-update-100.html,20241008160630,cdx,
https://www.zdf.de/nachrichten/briefing/ukraine-russland-wepper-graf-zdfheute-update-100.html,20241007082637,cdx,
https://www.zdf.de/nachrichten/briefing/zeitenwende-russland-scholz-brecht-zdfheute-update-100.html,20241007072701,cdx,
https://www.zdf.de/nachrichten/drehscheibe/das-ende-einer-freundschaft-100.html,20241007112839,cdx,
https://www.zdf.de/nachrichten/drehscheibe/energiepreisbremse-effektivitaet-falschberechnungen-100.html,20241008231948,cdx,
https://www.zdf.de/nachrichten/drehscheibe/panda-zwillinge-pit-paule-100.html,20241007180259,cdx,
https://www.zdf.de/nachrichten/drehscheibe/tschernobyl-umwelt-katastrophe-wald-verstrahlt-104.html,20241007023717,cdx,
https://www.zdf.de/nachrichten/heute/bilder/bg-hurrikan-lane-hawaii-100.html,20241008154806,cdx,
https://www.zdf.de/nachrichten/heute/bilder/schmuckgruenesgewoelbe-100.html,20241008092131,cdx,
https://www.zdf.de/nachrichten/heute/internationaler-strafgerichtshof-aufgaben-100.html,20241008093903,cdx,
https://www.zdf.de/nachrichten/heute/israeluebersechzigjahrekrieg-100.html,20241007101505,cdx,
https://www.zdf.de/nachrichten/panorama/acapulco-mexico-hurrikan-otis-sturm-100.html,20241008030130,cdx,
https://www.zdf.de/nachrichten/panorama/adac-stau-ostern-verkehr-100.html,20241008040001,cdx,
https://www.zdf.de/nachrichten/panorama/alkohol-tabak-konsum-deutschland-hoch-100.html,20241008095115,cdx,
https://www.zdf.de/nachrichten/panorama/bahn-fahrraeder-fundstuecke-versteigerung-100.html,20241008083852,cdx,
https://www.zdf.de/nachrichten/panorama/bayern-schnee-bahn-flugverkehr-100.html,20241007123018,cdx,
https://www.zdf.de/nachrichten/panorama/bingen-zweijaehrige-maedchen-tot-fluss-obduktion-100.html,20241007073137,cdx,
https://www.zdf.de/nachrichten/panorama/corona-infektion-risiko-lungenentzuendung-100.html,20241007133822,cdx,
https://www.zdf.de/nachrichten/panorama/corona-stiko-impfung-kinder-jugendliche-100.html,20241008082716,cdx,
https://www.zdf.de/nachrichten/panorama/corona-virus-herbst-winter-welle-impfung-variante-experten-100.html,20241008101541,cdx,
https://www.zdf.de/nachrichten/panorama/einzeller-des-jahres-cafeteria-100.html,20241008124615,cdx,
https://www.zdf.de/nachrichten/panorama/elefanten-gedaechtnis-forschung-universitaet-kiel-100.html,20241008211421,cdx,
https://www.zdf.de/nachrichten/panorama/elon-musk-twitter-ruecktritt-nachfolgerin-100.html,20241007092413,cdx,
https://www.zdf.de/nachrichten/panorama/elotrans-kater-partyfly-100.html,20241007174246,cdx,
https://www.zdf.de/nachrichten/panorama/esc-eurovision-song-contest-schweden-israel-ausschluss-100.html,20241008163208,cdx,
https://www.zdf.de/nachrichten/panorama/facebook-instagram-twitter-solidaritaet-wirkung-100.html,20241008120311,cdx,
https://www.zdf.de/nachrichten/panorama/frauen-forschung-wissenschaft-minderheit-grafiken-100.html,20241008124331,cdx,
https://www.zdf.de/nachrichten/panorama/gewerkschaft-gdl-forderungen-bahn-streik-100.html,20241008123351,cdx,
https://www.zdf.de/nachrichten/panorama/halloween-parade-hunde-new-york-100.html,20241008163028,cdx,
https://www.zdf.de/nachrichten/panorama/handyverbot-deutsche-schulen-lehrer-dagegen-100.html,20241007140900,cdx,
https://www.zdf.de/nachrichten/panorama/hausbau-3d-drucker-nrw-projekt-wohnungsnot-100.html,20241007143546,cdx,
https://www.zdf.de/nachrichten/panorama/heissluftballon-zuelpich-stromleitung-100.html,20241007020111,cdx,
https://www.zdf.de/nachrichten/panorama/helgolandfaehre-stromausfall-nordsee-fahrgastschiff-funny-girl-100.html,20241008030503,cdx,
https://www.zdf.de/nachrichten/panorama/hurrikan-beryl-mayreau-schaeden-mexiko-100.html,20241007110544,cdx,
https://www.zdf.de/nachrichten/panorama/hurrikan-beryl-wetter-antillen-karibik-100.html,20241008024918,cdx,
https://www.zdf.de/nachrichten/panorama/hurrikan-milton-florida-helene-usa-100.html,20241008032700,cdx,
https://www.zdf.de/nachrichten/panorama/island-vulkan-ausbruch-riss-erde-lava-grindavik-100.html,20241008152855,cdx,
https://www.zdf.de/nachrichten/panorama/kaenguru-saarland-sichtung-fahndung-polizei-100.html,20241007113101,cdx,
https://www.zdf.de/nachrichten/panorama/kanye-west-twitter-x-100.html,20241007141637,cdx,
https://www.zdf.de/nachrichten/panorama/kfz-kennzeichen-kleinere-staedte-100.html,20241008033054,cdx,
https://www.zdf.de/nachrichten/panorama/klima-notstand-malawi-el-nino-duerre-ueberschwemmungen-100.html,20241008122539,cdx,
https://www.zdf.de/nachrichten/panorama/klimaschutz-signale-hoffnung-100.html,20241008084033,cdx,
https://www.zdf.de/nachrichten/panorama/krebs-therapie-umstritten-dendritische-zellen-100.html,20241008200222,cdx,
https://www.zdf.de/nachrichten/panorama/kriminalitaet/bayern-murnau-ukrainer-getoetet-russe-tatverdaechtig-100.html,20241008105238,cdx,
https://www.zdf.de/nachrichten/panorama/kriminalitaet/frauenmorde-interpol-100.html,20241008232151,cdx,
https://www.zdf.de/nachrichten/panorama/kriminalitaet/kommunalpolitiker-daniel-wolski-sexueller-missbrauch-luenen-100.html,20241007003121,cdx,
https://www.zdf.de/nachrichten/panorama/kriminalitaet/razzia-kampfsportevent-rechtsextremer-veranstalter-100.html,20241007022042,cdx,
https://www.zdf.de/nachrichten/panorama/kriminalitaet/reemtsma-entfuehrer-thomas-drach-urteil-100.html,20241008153102,cdx,
https://www.zdf.de/nachrichten/panorama/kriminalitaet/robinho-haft-vergewaltigung-100.html,20241007163346,cdx,
https://www.zdf.de/nachrichten/panorama/kriminalitaet/straftaten-oktoberfest-bundespolizei-zieht-positive-bilanz-100.html,20241007020239,cdx,
https://www.zdf.de/nachrichten/panorama/kroatien-bosnien-unwetter-tote-100.html,20241008143655,cdx,
https://www.zdf.de/nachrichten/panorama/kuenstliche-intelligenz-ki-lensa-chatgpt-faq-100.html,20241007204203,cdx,
https://www.zdf.de/nachrichten/panorama/lufthansa-pannenjet-regierungsflieger-konrad-adenauer-100.html,20241008175205,cdx,
https://www.zdf.de/nachrichten/panorama/mrbeast-youtuber-usa-100.html,20241008214711,cdx,
https://www.zdf.de/nachrichten/panorama/musk-alex-jones-umfrage-x-100.html,20241007135833,cdx,
https://www.zdf.de/nachrichten/panorama/nasa-ueberschallflugzeug-x59-concorde-100.html,20241008090856,cdx,
https://www.zdf.de/nachrichten/panorama/new-york-hunderttausend-dollar-teich-fund-100.html,20241008193242,cdx,
https://www.zdf.de/nachrichten/panorama/oscars-kimmel-trump-100.html,20241007082742,cdx,
https://www.zdf.de/nachrichten/panorama/polarlichter-deutschland-wochenende-sonnensturm-100.html,20241008165403,cdx,
https://www.zdf.de/nachrichten/panorama/polarlichter-sonnensturm-deutschland-100.html,20241008153516,cdx,
https://www.zdf.de/nachrichten/panorama/prominente/berlinale-martin-scorsese-interview-goldener-ehrenbaer-100.html,20241007211746,cdx,
https://www.zdf.de/nachrichten/panorama/prominente/britisches-koenigshaus-weihnachten-100.html,20241008121720,cdx,
https://www.zdf.de/nachrichten/panorama/prominente/buckingham-palast-auto-tor-100.html,20241007204345,cdx,
https://www.zdf.de/nachrichten/panorama/prominente/burt-young-schauspieler-tod-rocky-filme-100.html,20241008220644,cdx,
https://www.zdf.de/nachrichten/panorama/prominente/charles-kate-britische-royals-krankenhaus-op-gesundheit-100.html,20241007082150,cdx,
https://www.zdf.de/nachrichten/panorama/prominente/geburtstag-schroeder-kubicki-gysi-gabriel-100.html,20241007082925,cdx,
https://www.zdf.de/nachrichten/panorama/prominente/koenig-charles-reaktionen-nach-krebserkrankung-100.html,20241008041233,cdx,
https://www.zdf.de/nachrichten/panorama/prominente/mockridge-sat1-sendung-paralympics-behinderte-100.html,20241008214456,cdx,
https://www.zdf.de/nachrichten/panorama/prominente/musik-oasis-wiedervereinigung-100.html,20241008122454,cdx,
https://www.zdf.de/nachrichten/panorama/prominente/polanski-neue-vorwuerfe-vergewaltigung-1973-100.html,20241008064258,cdx,
https://www.zdf.de/nachrichten/panorama/prominente/prinz-harry-personenschutz-sicherheit-gericht-klage-100.html,20241007104856,cdx,
https://www.zdf.de/nachrichten/panorama/prominente/stars-haute-couture-paris-100.html,20241008175348,cdx,
https://www.zdf.de/nachrichten/panorama/prominente/ultravox-chris-cross-allen-tot-100.html,20241007182627,cdx,
https://www.zdf.de/nachrichten/panorama/prozess-vergewaltigung-freispruch-christian-b-verdacht-fall-maddie-100.html,20241008191723,cdx,
https://www.zdf.de/nachrichten/panorama/quasar-leuchtkraft-astronomie-schwarzes-loch-100.html,20241007111731,cdx,
https://www.zdf.de/nachrichten/panorama/reichsbuerger-razzia-umsturz-bgh-100.html,20241008155743,cdx,
https://www.zdf.de/nachrichten/panorama/schweiz-gletscher-schrumpfen-klimakrise-100.html,20241008133618,cdx,
https://www.zdf.de/nachrichten/panorama/sean-penn-autoren-streik-usa-hollywood-drehbuch-102.html,20241008082516,cdx,
https://www.zdf.de/nachrichten/panorama/spanien-unwetter-ausgehverbote-100.html,20241008051115,cdx,
https://www.zdf.de/nachrichten/panorama/stasi-mord-prozess-staatsanwaltschaft-haft-100.html,20241008032439,cdx,
https://www.zdf.de/nachrichten/panorama/stiftung-lesen-vorlesen-kinder-bildung-100.html,20241008125407,cdx,
https://www.zdf.de/nachrichten/panorama/studie-einsamkeit-junge-menschen-100.html,20241008100735,cdx,
https://www.zdf.de/nachrichten/panorama/thailand-leiche-kuehltruhe-festnahme-100.html,20241007112801,cdx,
https://www.zdf.de/nachrichten/panorama/tischlerin-influencerin-handwerk-fachkraeftemangel-100.html,20241007041810,cdx,
https://www.zdf.de/nachrichten/panorama/un-klimarat-ipcc-skea-klimaziel-untergangsszenarien-100.html,20241007123601,cdx,
https://www.zdf.de/nachrichten/panorama/vatikan-segnung-priester-homosexuelle-paare-100.html,20241007081647,cdx,
https://www.zdf.de/nachrichten/panorama/vodafone-hamburg-stoermeldung-internet-100.html,20241007134914,cdx,
https://www.zdf.de/nachrichten/panorama/vokuhila-frisur-look-comeback-mullet-100.html,20241007165232,cdx,
https://www.zdf.de/nachrichten/panorama/waldbrand-rhodos-chaos-evakuierung-urlauber-100.html,20241008085551,cdx,
https://www.zdf.de/nachrichten/panorama/warnstreik-flughafen-lufthansa-bodenpersonal-100.html,20241008133105,cdx,
https://www.zdf.de/nachrichten/panorama/wetter-kirk-sturm-deutschland-100.html,20241008032622,cdx,
https://www.zdf.de/nachrichten/panorama/wetter-november-regnerisch-nass-100.html,20241008090211,cdx,
https://www.zdf.de/nachrichten/panorama/winfried-kretschmann-wespe-aphanogmus-kretschmanni-100.html,20241007092033,cdx,
https://www.zdf.de/nachrichten/panorama/wort-des-jahres-2023-100.html,20241008025454,cdx,
https://www.zdf.de/nachrichten/panorama/x-nutzer-plattform-blauer-haken-100.html,20241008144626,cdx,
https://www.zdf.de/nachrichten/politik/asylpolitik-migration-kretschmer-deutschland-100.html,20241008095251,cdx,
https://www.zdf.de/nachrichten/politik/ausland/aegypten-palaestinenser-hamas-proteste-100.html,20241007135721,cdx,
https://www.zdf.de/nachrichten/politik/ausland/amnesty-international-jahresbericht-kriegsverbrechen-menschenrechte-100.html,20241008111716,cdx,
https://www.zdf.de/nachrichten/politik/ausland/amr-hamzawy-nahost-konflikt-gipfel-kairo-israel-100.html,20241008075533,cdx,
https://www.zdf.de/nachrichten/politik/ausland/antisemitismus-islamisten-jahrestag-angriff-hamas-israel-studierende-100.html,20241007142307,cdx,
https://www.zdf.de/nachrichten/politik/ausland/argentinien-milei-arbeitsrechtsreform-100.html,20241008222520,cdx,
https://www.zdf.de/nachrichten/politik/ausland/baerbock-kuleba-jahrestag-ukraine-krieg-russland-100.html,20241008084211,cdx,
https://www.zdf.de/nachrichten/politik/ausland/bericht-hamas-geisel-sexuelle-gewalt-israel-100.html,20241007192033,cdx,
https://www.zdf.de/nachrichten/politik/ausland/biden-deutschland-reise-verschoben-100.html,20241008160310,cdx,
https://www.zdf.de/nachrichten/politik/ausland/biden-japan-indien-auslaenderfeindlich-einwanderer-aussage-100.html,20241007082121,cdx,
https://www.zdf.de/nachrichten/politik/ausland/biden-reaktion-urteil-immunitaet-trump-100.html,20241007003742,cdx,
https://www.zdf.de/nachrichten/politik/ausland/bka-straftaten-nahost-100.html,20241007110605,cdx,
https://www.zdf.de/nachrichten/politik/ausland/bosnien-herzegowina-eu-beitritt-verhandlungen-100.html,20241008183129,cdx,
https://www.zdf.de/nachrichten/politik/ausland/botschafter-prosor-israel-100.html,20241008033246,cdx,
https://www.zdf.de/nachrichten/politik/ausland/braverman-entlassung-sunak-kritik-london-100.html,20241007141318,cdx,
https://www.zdf.de/nachrichten/politik/ausland/bruessel-bauernproteste-eu-100.html,20241008001638,cdx,
https://www.zdf.de/nachrichten/politik/ausland/charkiw-selenskyj-tote-ukraine-krieg-russland-100.html,20241007144800,cdx,
https://www.zdf.de/nachrichten/politik/ausland/charkiw-versorgung-ukraine-krieg-russland-100.html,20241007173415,cdx,
https://www.zdf.de/nachrichten/politik/ausland/china-deutschland-taiwan-konflikt-wirtschaft-abhaengigkeit-100.html,20241007144245,cdx,
https://www.zdf.de/nachrichten/politik/ausland/china-verteidigungsminister-li-shangfu-verschwunden-100.html,20241008041303,cdx,
https://www.zdf.de/nachrichten/politik/ausland/cop28-vereinigte-arabische-emirate-klimaziele-100.html,20241008220040,cdx,
https://www.zdf.de/nachrichten/politik/ausland/demos-berlin-muenchen-gaza-hamas-israel-100.html,20241007022048,cdx,
https://www.zdf.de/nachrichten/politik/ausland/desantis-trump-luege-wahl-republikaner-100.html,20241008091418,cdx,
https://www.zdf.de/nachrichten/politik/ausland/deutsche-israel-rueckkehrer-bus-100.html,20241008025559,cdx,
https://www.zdf.de/nachrichten/politik/ausland/dnipro-erfolg-ukraine-krieg-russland-100.html,20241008030141,cdx,
https://www.zdf.de/nachrichten/politik/ausland/donald-trump-stormy-daniels-prozess-aussage-100.html,20241007202613,cdx,
https://www.zdf.de/nachrichten/politik/ausland/donald-trump-supreme-court-vorwahl-100.html,20241008203521,cdx,
https://www.zdf.de/nachrichten/politik/ausland/donald-trump-tv-debatte-republikaner-100.html,20241008222026,cdx,
https://www.zdf.de/nachrichten/politik/ausland/donald-trump-usa-gericht-verfahren-wahlbetrug-maulkorb-100.html,20241008025930,cdx,
https://www.zdf.de/nachrichten/politik/ausland/duerre-lateinamerika-ecuador-stromversorgung-100.html,20241007022011,cdx,
https://www.zdf.de/nachrichten/politik/ausland/erdbeben-tuerkei-bauschutt-truemmer-100.html,20241008024943,cdx,
https://www.zdf.de/nachrichten/politik/ausland/ermittlungen-fussballer-tuerkei-israel-100.html,20241007173952,cdx,
https://www.zdf.de/nachrichten/politik/ausland/eu-preisdeckel-oel-export-ukraine-krieg-russland-100.html,20241007141434,cdx,
https://www.zdf.de/nachrichten/politik/ausland/europaeisches-parlament-in-strassburg-aktuell-100.html,20241008031654,cdx,
https://www.zdf.de/nachrichten/politik/ausland/evakuierung-gaza-reaktionen-israel-100.html,20241007211916,cdx,
https://www.zdf.de/nachrichten/politik/ausland/fachkraeftemangel-pflegepersonal-marokko-100.html,20241007132120,cdx,
https://www.zdf.de/nachrichten/politik/ausland/gaza-krankenhaus-rakete-reaktionen-israel-100.html,20241008195811,cdx,
https://www.zdf.de/nachrichten/politik/ausland/gaza-rafah-welternaehrungsprogramm-frick-hungersnot-israel-100.html,20241007184452,cdx,
https://www.zdf.de/nachrichten/politik/ausland/gazastreifen-hungersnot-hilfslieferung-luftbruecke-seekorridor-israel-100.html,20241008150814,cdx,
https://www.zdf.de/nachrichten/politik/ausland/guterres-ruecktrittsforderung-un-botschafter-israel-100.html,20241007095513,cdx,
https://www.zdf.de/nachrichten/politik/ausland/hamas-angriff-training-israel-100.html,20241007153039,cdx,
https://www.zdf.de/nachrichten/politik/ausland/hamas-gazastreifen-krieg-voelkerrecht-offensive-israel-100.html,20241008094206,cdx,
https://www.zdf.de/nachrichten/politik/ausland/hamas-israel-soldaten-daten-leak-nahost-konflikt-100.html,20241008184723,cdx,
https://www.zdf.de/nachrichten/politik/ausland/hamas-jubel-deutschland-grenzen-israel-100.html,20241007173021,cdx,
https://www.zdf.de/nachrichten/politik/ausland/hebamme-gazastreifen-rafah-israel-100.html,20241008101736,cdx,
https://www.zdf.de/nachrichten/politik/ausland/hitze-waldbrandgefahr-griechenland-tuerkei-100.html,20241007075711,cdx,
https://www.zdf.de/nachrichten/politik/ausland/hofreiter-deutschland-verteidigung-unterstuetzung-ukraine-krieg-russland-100.html,20241007112615,cdx,
https://www.zdf.de/nachrichten/politik/ausland/hunter-biden-steuerbetrug-verfahren-100.html,20241007120738,cdx,
https://www.zdf.de/nachrichten/politik/ausland/huthi-unterseekabel-sabotage-100.html,20241007165010,cdx,
https://www.zdf.de/nachrichten/politik/ausland/iran-angriff-hamas-hisbollah-jahrestag-israel-100.html,20241007013811,cdx,related
https://www.zdf.de/nachrichten/politik/ausland/iran-teheran-sittenpolizei-frau-kopftuch-100.html,20241007150401,cdx,
https://www.zdf.de/nachrichten/politik/ausland/israel-angriff-hisbollah-beirut-100.html,20241007062405,cdx,related
https://www.zdf.de/nachrichten/politik/ausland/israel-gaza-deutschland-waffenruhe-100.html,20241008035508,cdx,
https://www.zdf.de/nachrichten/politik/ausland/israel-hamas-angriff-nahost-konflikt-faq-100.html,20241007153745,cdx,
https://www.zdf.de/nachrichten/politik/ausland/israel-raketen-angriff-gazastreifen-palaestinenser-100.html,20241007173018,cdx,
https://www.zdf.de/nachrichten/politik/ausland/israel-soldaten-abzug-brigaden-gazastreifen-100.html,20241007082704,cdx,
https://www.zdf.de/nachrichten/politik/ausland/israel-soldatin-gazastreifen-befreiung-nahost-konflikt-100.html,20241008152124,cdx,
https://www.zdf.de/nachrichten/politik/ausland/italien-hitler-flugblaetter-faschismus-rechtsextremismus-100.html,20241008035838,cdx,
https://www.zdf.de/nachrichten/politik/ausland/keine-einigung-pandemie-abkommen-who-100.html,20241008082824,cdx,
https://www.zdf.de/nachrichten/politik/ausland/keine-haushaltssperre-usa-kongress-budget-verabschiedung-100.html,20241008132449,cdx,
https://www.zdf.de/nachrichten/politik/ausland/langstreckenwaffen-usa-ukraine-krieg-russland-100.html,20241007110650,cdx,
https://www.zdf.de/nachrichten/politik/ausland/london-pro-palaestina-demo-israel-hamas-100.html,20241008101805,cdx,
https://www.zdf.de/nachrichten/politik/ausland/merz-israel-netanjahu-gaza-krieg-100.html,20241007133928,cdx,
https://www.zdf.de/nachrichten/politik/ausland/meta-sperrung-russland-staatsmedien-100.html,20241007200718,cdx,
https://www.zdf.de/nachrichten/politik/ausland/migrationspolitik-konzepte-100.html,20241008101723,cdx,
https://www.zdf.de/nachrichten/politik/ausland/nato-generalsekretaer-rutte-stoltenberg-100.html,20241007115116,cdx,
https://www.zdf.de/nachrichten/politik/ausland/nato-grossmanoever-finnland-mitglied-valtonen-russland-gefahr-100.html,20241008093536,cdx,
https://www.zdf.de/nachrichten/politik/ausland/nawalny-urteil-haft-russland-gesellschaft-kreml-kritik-100.html,20241008022855,cdx,
https://www.zdf.de/nachrichten/politik/ausland/niederlande-prognose-rechtspopulist-wilders-staerkste-kraft-100.html,20241007123453,cdx,
https://www.zdf.de/nachrichten/politik/ausland/nrw-juden-moslems-moschee-besuch-100.html,20241008161542,cdx,
https://www.zdf.de/nachrichten/politik/ausland/papst-kardinaele-ernennung-weltsynode-rom-100.html,20241007022052,cdx,
https://www.zdf.de/nachrichten/politik/ausland/pistorius-reise-suedkorea-putin-kim-china-100.html,20241008114912,cdx,
https://www.zdf.de/nachrichten/politik/ausland/polen-wahlkampf-pis-deutschland-manfred-weber-100.html,20241007152941,cdx,
https://www.zdf.de/nachrichten/politik/ausland/puigdemont-spanien-rueckkehr-wahl-katalonien-100.html,20241008041137,cdx,
https://www.zdf.de/nachrichten/politik/ausland/rauchverbot-neuseeland-gekippt-100.html,20241008181833,cdx,
https://www.zdf.de/nachrichten/politik/ausland/rico-k-belarus-todesstrafe-baerbock-100.html,20241008125208,cdx,
https://www.zdf.de/nachrichten/politik/ausland/robert-f-kennedy-jr-us-wahl-rfk-jr-100.html,20241008123040,cdx,
https://www.zdf.de/nachrichten/politik/ausland/russland-putin-stalinismus-denunziantentum-100.html,20241007131617,cdx,
https://www.zdf.de/nachrichten/politik/ausland/sahelzone-krisenherd-afrika-europa-sicherheitskonferenz-100.html,20241008122659,cdx,
https://www.zdf.de/nachrichten/politik/ausland/scholz-biden-ukraine-paket-krieg-unterstuetzung-militaer-100.html,20241007181955,cdx,
https://www.zdf.de/nachrichten/politik/ausland/slowakei-praesidentschaftswahl-pellegrini-100.html,20241007184727,cdx,
https://www.zdf.de/nachrichten/politik/ausland/sunak-scholz-verteidigung-zusammenarbeit-militaer-100.html,20241008104644,cdx,
https://www.zdf.de/nachrichten/politik/ausland/taiwan-wahl-praesident-william-lai-100.html,20241008114628,cdx,
https://www.zdf.de/nachrichten/politik/ausland/taiwan-wahl-william-lai-china-usa-100.html,20241008124953,cdx,
https://www.zdf.de/nachrichten/politik/ausland/tod-hilfskraefte-gaza-streit-polen-israel-100.html,20241007184851,cdx,
https://www.zdf.de/nachrichten/politik/ausland/toetung-hamas-tunnel-sprengstoff-armee-israel-100.html,20241007120255,cdx,
https://www.zdf.de/nachrichten/politik/ausland/trump-auftritt-butler-attentat-usa-wahl-100.html,20241007020048,cdx,
https://www.zdf.de/nachrichten/politik/ausland/trump-drohung-verfolgung-soziale-medien-100.html,20241008090152,cdx,
https://www.zdf.de/nachrichten/politik/ausland/trump-immunitaet-entscheidung-sieg-usa-wahl-100.html,20241007034231,cdx,
https://www.zdf.de/nachrichten/politik/ausland/trump-schuld-prozess-schweigegeld-spenden-100.html,20241008024722,cdx,
https://www.zdf.de/nachrichten/politik/ausland/tuerkei-israel-nahostkonflikt-gazastreifen-100.html,20241008125723,cdx,
https://www.zdf.de/nachrichten/politik/ausland/tunesien-wahl-demonstrationen-kritik-100.html,20241007022017,cdx,
https://www.zdf.de/nachrichten/politik/ausland/ukraine-krieg-russland-dauer-ressourcen-westen-hilfe-100.html,20241007113149,cdx,
https://www.zdf.de/nachrichten/politik/ausland/ukraine-krim-bruecke-explosion-tanker-krieg-russland-100.html,20241007154122,cdx,
https://www.zdf.de/nachrichten/politik/ausland/us-wahl-biden-junge-waehler-100.html,20241008115906,cdx,
https://www.zdf.de/nachrichten/politik/ausland/usa-grossbritannien-huthi-rebellen-jemen-angriff-stellungen-100.html,20241008093252,cdx,
https://www.zdf.de/nachrichten/politik/ausland/usa-kongress-shutdown-abgewendet-haushalt-100.html,20241007112048,cdx,
https://www.zdf.de/nachrichten/politik/ausland/usa-sanktionen-siedler-westjordanland-israel-100.html,20241007181750,cdx,
https://www.zdf.de/nachrichten/politik/ausland/usa-trump-steve-bannon-haftstrafe-anordnung-100.html,20241007020402,cdx,
https://www.zdf.de/nachrichten/politik/ausland/usa-verbot-tiktok-kongress-100.html,20241008003312,cdx,
https://www.zdf.de/nachrichten/politik/ausland/viktor-orban-ungarn-eu-ratspraesidentschaft-100.html,20241008204740,cdx,
https://www.zdf.de/nachrichten/politik/ausland/voelkerrecht-angriff-hamas-bodenoffensive-israel-100.html,20241008140650,cdx,
https://www.zdf.de/nachrichten/politik/ausland/wahlkampf-mexiko-politiker-erstochen-100.html,20241007211852,cdx,
https://www.zdf.de/nachrichten/politik/ausland/wien-wohnen-sozialer-wohnungsbau-100.html,20241007213415,cdx,
https://www.zdf.de/nachrichten/politik/ausland/zentralrat-muslime-antisemitismus-gaza-israel-100.html,20241007174523,cdx,
https://www.zdf.de/nachrichten/politik/ausland/zweistaaten-loesung-kritik-baerbock-netanjahu-israel-100.html,20241007121248,cdx,
https://www.zdf.de/nachrichten/politik/corona-politik-fehler-lauterbach-braun-seehofer-100.html,20241008104555,cdx,
https://www.zdf.de/nachrichten/politik/cyberangriffe-gefahr-infrastruktur-abwehr-bundeswehr-100.html,20241008094125,cdx,
https://www.zdf.de/nachrichten/politik/desinformation-kampagne-facebook-ukraine-krieg-russland-100.html,20241008203418,cdx,
https://www.zdf.de/nachrichten/politik/deutschland/afd-abschiebe-lied-verbot-die-atzen-100.html,20241008231505,cdx,
https://www.zdf.de/nachrichten/politik/deutschland/afd-brandmauer-cdu-thueringen-steuersenkung-100.html,20241008014544,cdx,
https://www.zdf.de/nachrichten/politik/deutschland/afd-bundestagsabgeordneter-seitz-parteiaustritt-100.html,20241008130607,cdx,
https://www.zdf.de/nachrichten/politik/deutschland/afd-daniel-halemba-landesverband-ausschluss-verfahren-100.html,20241007102729,cdx,
https://www.zdf.de/nachrichten/politik/deutschland/afd-geschichtsvergessen-100.html,20241007130006,cdx,
https://www.zdf.de/nachrichten/politik/deutschland/afd-sachsen-eilantrag-scheitert-rechtsextremistisch-100.html,20241008131644,cdx,
https://www.zdf.de/nachrichten/politik/deutschland/afd-thueringen-guenther-kritik-merz-100.html,20241007170835,cdx,
https://www.zdf.de/nachrichten/politik/deutschland/afd-ulbrich-ruecktritt-vize-parteischiedsgericht-100.html,20241008083113,cdx,
https://www.zdf.de/nachrichten/politik/deutschland/afd-verbot-analyse-politix-partei-100.html,20241007210556,cdx,
https://www.zdf.de/nachrichten/politik/deutschland/ampel-haushalt-urteil-merz-100.html,20241008115807,cdx,
https://www.zdf.de/nachrichten/politik/deutschland/ampel-regierung-scholz-habeck-lindner-100.html,20241008085250,cdx,
https://www.zdf.de/nachrichten/politik/deutschland/anschubfinanzierung-praemie-langzeitarbeitslose-spd-stopp-100.html,20241007021938,cdx,
https://www.zdf.de/nachrichten/politik/deutschland/atommuell-asse-zwischenlager-endlager-100.html,20241007071831,cdx,
https://www.zdf.de/nachrichten/politik/deutschland/bas-verfassungsschutz-mitarbeiter-abgeordnete-befragung-100.html,20241007123335,cdx,
https://www.zdf.de/nachrichten/politik/deutschland/bauernverband-rukwied-landwirte-protest-100.html,20241007185121,cdx,
https://www.zdf.de/nachrichten/politik/deutschland/berlin-verkehrssenatorin-schreiner-doktortitel-ruecktritt-100.html,20241008163554,cdx,
https://www.zdf.de/nachrichten/politik/deutschland/buergergeld-plus-verfassung-ampel-100.html,20241008033846,cdx,
https://www.zdf.de/nachrichten/politik/deutschland/buerokratie-abbau-energie-effizienz-giesserei-100.html,20241008173344,cdx,
https://www.zdf.de/nachrichten/politik/deutschland/bundesverfassungsgericht-richter-peter-frank-100.html,20241007121212,cdx,
https://www.zdf.de/nachrichten/politik/deutschland/bundeswehr-luftwaffe-taurus-leak-russland-100.html,20241008152016,cdx,
https://www.zdf.de/nachrichten/politik/deutschland/bundeswehr-pistorius-soldaten-ausland-100.html,20241007201702,cdx,
https://www.zdf.de/nachrichten/politik/deutschland/bundeswehr-pistorius-verteidigung-kriegsuechtig-100.html,20241007184858,cdx,
https://www.zdf.de/nachrichten/politik/deutschland/cannabis-beschluss-bundestag-verkehr-grenzwert-100.html,20241007071807,cdx,
https://www.zdf.de/nachrichten/politik/deutschland/cdu-afd-thueringen-merz-spd-kuehnert-100.html,20241008014548,cdx,
https://www.zdf.de/nachrichten/politik/deutschland/cdu-grundwertekommission-roedder-strategiewechsel-afd-100.html,20241007163350,cdx,
https://www.zdf.de/nachrichten/politik/deutschland/cdu-prien-gaza-israel-solidaritaet-antisemitismus-100.html,20241008031456,cdx,
https://www.zdf.de/nachrichten/politik/deutschland/cdu-thueringen-mario-voigt-100.html,20241007092853,cdx,
https://www.zdf.de/nachrichten/politik/deutschland/corona-impfstoffe-herbst-weniger-auswahl-100.html,20241008093856,cdx,
https://www.zdf.de/nachrichten/politik/deutschland/corona-sommer-bundespressekonferenz-lauterbach-rki-100.html,20241008163240,cdx,
https://www.zdf.de/nachrichten/politik/deutschland/cum-ex-brorhilker-ehemalige-staatsanwaeltin-interview-100.html,20241007125443,cdx,
https://www.zdf.de/nachrichten/politik/deutschland/cum-ex-chefermittlerin-steuerskandal-kuendigung-100.html,20241008140814,cdx,
https://www.zdf.de/nachrichten/politik/deutschland/cum-ex-prozess-bankier-olearius-100.html,20241008003000,cdx,
https://www.zdf.de/nachrichten/politik/deutschland/ddr-gruendung-75-jahre-100.html,20241007093716,cdx,
https://www.zdf.de/nachrichten/politik/deutschland/energie-pauschale-studenten-antrag-100.html,20241008034343,cdx,
https://www.zdf.de/nachrichten/politik/deutschland/europa-wahl-afd-junge-wahler-100.html,20241007090744,cdx,
https://www.zdf.de/nachrichten/politik/deutschland/faeser-protestaktionen-gepoebel-gruene-soeder-100.html,20241007115706,cdx,
https://www.zdf.de/nachrichten/politik/deutschland/faeser-verbot-samidoun-hamas-100.html,20241007115710,cdx,
https://www.zdf.de/nachrichten/politik/deutschland/fdp-ampel-koalition-dreikoenigstreffen-christian-lindner-100.html,20241007102308,cdx,
https://www.zdf.de/nachrichten/politik/deutschland/fdp-fraktion-klausur-bilanz-regierungsarbeit-100.html,20241008145606,cdx,
https://www.zdf.de/nachrichten/politik/deutschland/fdp-migration-plan-druck-ampel-100.html,20241007015853,cdx,
https://www.zdf.de/nachrichten/politik/deutschland/friedensgutachten-krieg-konflikte-klimawandel-100.html,20241008105217,cdx,
https://www.zdf.de/nachrichten/politik/deutschland/geilenkirchen-nato-stuetzpunkt-sabotage-100.html,20241007111727,cdx,
https://www.zdf.de/nachrichten/politik/deutschland/grenzkontrollen-polen-tschechien-migration-flucht-schleuser-faeser-100.html,20241007015545,cdx,
https://www.zdf.de/nachrichten/politik/deutschland/habeck-jahreswirtschaftsbericht-reformen-100.html,20241008040723,cdx,
https://www.zdf.de/nachrichten/politik/deutschland/habeck-streik-arbeitszeit-100.html,20241007212424,cdx,
https://www.zdf.de/nachrichten/politik/deutschland/hamburg-demo-gegen-rechts-abgebrochen-hohe-teilnehmerzahl-100.html,20241008085411,cdx,
https://www.zdf.de/nachrichten/politik/deutschland/illner-kuehnert-spd-wahlen-osten-afd-demokratie-100.html,20241008101349,cdx,
https://www.zdf.de/nachrichten/politik/deutschland/informatik-pflichtfach-schulen-experten-kultusministerkonferenz-100.html,20241008093936,cdx,
https://www.zdf.de/nachrichten/politik/deutschland/israel-hamas-reaktionen-bundestag-baerbock-100.html,20241007134852,cdx,
https://www.zdf.de/nachrichten/politik/deutschland/juso-tuermer-scholz-spd-interview-100.html,20241007020430,cdx,
https://www.zdf.de/nachrichten/politik/deutschland/karl-lauterbach-tiktok-soziale-medien-100.html,20241008092506,cdx,
https://www.zdf.de/nachrichten/politik/deutschland/kevin-kuehnert-portraet-ruecktritt-spd-generalsekretaer-100.html,20241007200623,cdx,
https://www.zdf.de/nachrichten/politik/deutschland/kinderfreibetrag-kindergeld-ampel-regierung-streit-100.html,20241007202114,cdx,
https://www.zdf.de/nachrichten/politik/deutschland/klima-strassenverkehr-wissing-fahrverbot-100.html,20241007092526,cdx,
https://www.zdf.de/nachrichten/politik/deutschland/klimafonds-milliarden-euro-bundesregierung-tanken-heizen-klimaschutz-100.html,20241007154351,cdx,
https://www.zdf.de/nachrichten/politik/deutschland/klimageld-co2-ausstoss-emission-ampel-regierung-100.html,20241008152446,cdx,
https://www.zdf.de/nachrichten/politik/deutschland/klimaschutz-verantwortung-klage-deutschland-egmr-100.html,20241007202211,cdx,
https://www.zdf.de/nachrichten/politik/deutschland/konferenz-ministerpraesidenten-migration-bezahlkarte-100.html,20241007141147,cdx,
https://www.zdf.de/nachrichten/politik/deutschland/krah-afd-ermittlungen-dresden-zahlungen-russland-china-europawahl-100.html,20241007092023,cdx,
https://www.zdf.de/nachrichten/politik/deutschland/krah-mitarbeiter-festnahme-china-spionageverdacht-100.html,20241007120745,cdx,
https://www.zdf.de/nachrichten/politik/deutschland/kubicki-ampel-aus-100.html,20241008220346,cdx,
https://www.zdf.de/nachrichten/politik/deutschland/kubicki-entwicklungshilfe-kuerzungen-100.html,20241007140940,cdx,
https://www.zdf.de/nachrichten/politik/deutschland/kuenstliche-intelligenz-universitaet-ki-hausarbeit-100.html,20241007020245,cdx,
https://www.zdf.de/nachrichten/politik/deutschland/landtagswahl-sachsen-2024-parteien-100.html,20241007212631,cdx,
https://www.zdf.de/nachrichten/politik/deutschland/lanz-teuteberg-islamismus-kalifat-hamburg-demo-100.html,20241007082245,cdx,
https://www.zdf.de/nachrichten/politik/deutschland/lanz-umverteilung-buergergeld-philipp-tuermer-jusos-100.html,20241008214003,cdx,
https://www.zdf.de/nachrichten/politik/deutschland/lauterbach-runder-tisch-long-covid-100.html,20241008061126,cdx,
https://www.zdf.de/nachrichten/politik/deutschland/lehramt-lehrermagel-studium-modellversuch-100.html,20241007104124,cdx,
https://www.zdf.de/nachrichten/politik/deutschland/letzte-generation-carla-hinrichs-klima-demo-blockaden-gericht-100.html,20241007171723,cdx,
https://www.zdf.de/nachrichten/politik/deutschland/lindner-bundeshaushalt-rentenpaket-streit-baerbock-schulze-100.html,20241007080657,cdx,
https://www.zdf.de/nachrichten/politik/deutschland/lindner-haushalt-streit-finanzen-fornoff-100.html,20241007150321,cdx,
https://www.zdf.de/nachrichten/politik/deutschland/maassen-verfassungsschutz-rechtsextremismus-speicherung-werteunion-100.html,20241008124303,cdx,
https://www.zdf.de/nachrichten/politik/deutschland/maximilian-krah-afd-russland-woloschyn-fbi-eu-wahlkampf-100.html,20241007164945,cdx,
https://www.zdf.de/nachrichten/politik/deutschland/mietenstopp-mietschutz-fdp-spd-streit-100.html,20241008084012,cdx,
https://www.zdf.de/nachrichten/politik/deutschland/ostbeauftragter-schneider-gegen-afd-verbot-100.html,20241007195653,cdx,
https://www.zdf.de/nachrichten/politik/deutschland/pflegeversicherung-aufgabe-finanzlage-faq-100.html,20241008032647,cdx,
https://www.zdf.de/nachrichten/politik/deutschland/pflegeversicherung-pleite-lauterbach-konzept-100.html,20241007112518,cdx,
https://www.zdf.de/nachrichten/politik/deutschland/rhetorik-politiker-habeck-scholz-lindner-merz-weidel-wagenknecht-100.html,20241007175539,cdx,
https://www.zdf.de/nachrichten/politik/deutschland/sachsen-anhalt-zeitz-stolpersteine-100.html,20241008115741,cdx,
https://www.zdf.de/nachrichten/politik/deutschland/sahra-wagenknecht-bsw-cdu-thueringen-brandenburg-100.html,20241008202652,cdx,
https://www.zdf.de/nachrichten/politik/deutschland/spd-generalsekretaer-matthias-miersch-100.html,20241008033447,cdx,
https://www.zdf.de/nachrichten/politik/deutschland/spd-matthias-miersch-generalsekretaer-100.html,20241008104856,cdx,
https://www.zdf.de/nachrichten/politik/deutschland/spd-neuer-generalsekretaer-miersch-strategie-wahlkampf-100.html,20241008152311,cdx,
https://www.zdf.de/nachrichten/politik/deutschland/steinmeier-antisemitismus-nahost-krieg-gaza-100.html,20241008031939,cdx,
https://www.zdf.de/nachrichten/politik/deutschland/student-antisemitischer-angriff-berlin-universitaet-100.html,20241007151624,cdx,
https://www.zdf.de/nachrichten/politik/deutschland/tesla-generalstaatsanwaltschaft-strommast-anschlag-100.html,20241008151204,cdx,
https://www.zdf.de/nachrichten/politik/deutschland/thueringen-afd-cdu-kritik-100.html,20241007163345,cdx,
https://www.zdf.de/nachrichten/politik/deutschland/tu-berlin-rauch-kuratorium-antisemitismus-vorwurf-100.html,20241007212835,cdx,
https://www.zdf.de/nachrichten/politik/deutschland/umweltministerium-lemke-uba-klimaschutz-betrug-100.html,20241008013052,cdx,
https://www.zdf.de/nachrichten/politik/deutschland/wargames-nato-offiziere-strategie-brettspiele-100.html,20241007115043,cdx,
https://www.zdf.de/nachrichten/politik/deutschland/wehrpflicht-muetzenich-spd-fraktionschef-100.html,20241007173931,cdx,
https://www.zdf.de/nachrichten/politik/eu-german-vote-deutschland-fdp-lieferkettengesetz-100.html,20241007075828,cdx,
https://www.zdf.de/nachrichten/politik/europawahl-2024-mannheim-afd-migration-kriminalitaet-100.html,20241008101050,cdx,
https://www.zdf.de/nachrichten/politik/europawahl-termin-100.html,20241008082441,cdx,
https://www.zdf.de/nachrichten/politik/faeser-meinungsfreiheit-kritik-demokratie-100.html,20241007092021,cdx,
https://www.zdf.de/nachrichten/politik/fitzek-koenig-deutschland-reichsbuerger-sachsen-halsbruecke-immobilie-100.html,20241007151709,cdx,
https://www.zdf.de/nachrichten/politik/flucht-migration-asylantraege-schleuser-russland-belarus-muetzenich-100.html,20241008143724,cdx,
https://www.zdf.de/nachrichten/politik/generalbundesanwalt-reichsbuerger-netzwerk-prinz-reuss-anklage-100.html,20241008154702,cdx,
https://www.zdf.de/nachrichten/politik/habeck-sanktionen-ukraine-krieg-russland-102.html,20241008210240,cdx,
https://www.zdf.de/nachrichten/politik/haldenwang-verfassungsschutzbericht-extremismus-100.html,20241007164627,cdx,
https://www.zdf.de/nachrichten/politik/hamas-terror-berlin-rote-dreiecke-antisemitismus-100.html,20241007105153,cdx,
https://www.zdf.de/nachrichten/politik/hitzeschutz-hitzeplan-lauterbach-hitzetote-100.html,20241008093506,cdx,
https://www.zdf.de/nachrichten/politik/israel-gruendung-geschichte-geburtstag-100.html,20241007111938,cdx,
https://www.zdf.de/nachrichten/politik/karl-lauterbach-pflegereform-kritik-100.html,20241008091624,cdx,
https://www.zdf.de/nachrichten/politik/klima-cop-angst-vor-misserfolg-100.html,20241007140824,cdx,
https://www.zdf.de/nachrichten/politik/klimaschutz-index-krisen-schaden-ambitionen-100.html,20241008101835,cdx,
https://www.zdf.de/nachrichten/politik/kuehnert-spd-ruecktritt-100.html,20241007153933,cdx,
https://www.zdf.de/nachrichten/politik/lanz-esken-generation-z-arbeit-100.html,20241008095915,cdx,
https://www.zdf.de/nachrichten/politik/live-gedenken-hamas-israel-opfer-berlin-100.html,20241008030943,cdx,
https://www.zdf.de/nachrichten/politik/london-mine-gefahr-ukraine-krieg-russland-100.html,20241007140726,cdx,
https://www.zdf.de/nachrichten/politik/merz-wagenknecht-partei-kritik-100.html,20241007133430,cdx,
https://www.zdf.de/nachrichten/politik/nachhaltigkeitskonferenz-hamburg-un-ziele-hsc-100.html,20241008032856,cdx,
https://www.zdf.de/nachrichten/politik/politbarometer-afd-bsw-schuldenbremse-rechtsextremismus-ukraine-100.html,20241007192711,cdx,
https://www.zdf.de/nachrichten/politik/politisch-motivierte-kriminalitaet-rechts-links-statistik-pmk-100.html,20241007174958,cdx,
https://www.zdf.de/nachrichten/politik/sarkozy-gerichtsurteil-bestechung-berufungsgericht-100.html,20241008182639,cdx,
https://www.zdf.de/nachrichten/politik/selbstbestimmung-frauenrechte-weltweit-100.html,20241008195631,cdx,
https://www.zdf.de/nachrichten/politik/soeder-will-akw-weiterbetreiben-100.html,20241008020406,cdx,
https://www.zdf.de/nachrichten/politik/sudan-abschiebungen-stoppen-forderung-100.html,20241007105802,cdx,
https://www.zdf.de/nachrichten/politik/thueringen-cdu-afd-fdp-waldgesetz-brandmauer-100.html,20241007112453,cdx,
https://www.zdf.de/nachrichten/politik/tuerkei-praesidentschaftswahl-wahlkampf-100.html,20241007165307,cdx,
https://www.zdf.de/nachrichten/ratgeber/berufsunfaehigkeitsversicherungen-berufsunfaehig-versicherung-100.html,20241007064012,cdx,
https://www.zdf.de/nachrichten/ratgeber/dynamischer-stromtarif-speicher-100.html,20241008185413,cdx,
https://www.zdf.de/nachrichten/ratgeber/fuehrerschein-umtausch-frist-100.html,20241008030514,cdx,
https://www.zdf.de/nachrichten/ratgeber/gerichtsvollzieher-pfaenden-schulden-schuldner-100.html,20241007212941,cdx,
https://www.zdf.de/nachrichten/ratgeber/gesundheit/altersdepression-symptome-test-100.html,20241007020101,cdx,
https://www.zdf.de/nachrichten/ratgeber/gesundheit/dauerlaerm-gesundheit-laermbelastung-kardiologe-interview-100.html,20241008090100,cdx,
https://www.zdf.de/nachrichten/ratgeber/gesundheit/gesunde-ernaehrung-blutwerte-blutzucker-eisenmangel-100.html,20241007171555,cdx,
https://www.zdf.de/nachrichten/ratgeber/gesundheit/haferflocken-muesli-porridge-phytinsaeure-mykotoxine-100.html,20241007195102,cdx,
https://www.zdf.de/nachrichten/ratgeber/gesundheit/medikamente-anitibiotika-biodiversitaet-wirkstoff-natur-100.html,20241007204413,cdx,
https://www.zdf.de/nachrichten/ratgeber/gesundheit/medikamente-nebenwirkungen-sonne-uv-licht-100.html,20241008154303,cdx,
https://www.zdf.de/nachrichten/ratgeber/gesundheit/migraene-symptome-hilfe-kopfschmerzen-100.html,20241008080215,cdx,
https://www.zdf.de/nachrichten/ratgeber/gesundheit/parkinson-therapie-heilung-100.html,20241008182126,cdx,
https://www.zdf.de/nachrichten/ratgeber/gesundheit/pilzinfektion-candida-auris-usa-100.html,20241007091429,cdx,
https://www.zdf.de/nachrichten/ratgeber/kfz-auto-versicherung-wechsel-100.html,20241008205723,cdx,
https://www.zdf.de/nachrichten/ratgeber/muelltrennung-uebersicht-muell-richtig-trennen-100.html,20241007225930,cdx,
https://www.zdf.de/nachrichten/ratgeber/pommes-qualitaet-stiftung-warentest-100.html,20241007143711,cdx,
https://www.zdf.de/nachrichten/ratgeber/probleme-mit-handwerkern-vermeiden-100.html,20241007104502,cdx,
https://www.zdf.de/nachrichten/ratgeber/sicheres-passwort-erstellen-100.html,20241008151926,cdx,
https://www.zdf.de/nachrichten/ratgeber/stille-kuendigung-quiet-firing-100.html,20241007063955,cdx,
https://www.zdf.de/nachrichten/ratgeber/urlaub-betreuung-haustier-hund-katze-100.html,20241007024417,cdx,
https://www.zdf.de/nachrichten/ratgeber/urlaub-souvenir-koffer-zoll-deutschland-100.html,20241007153744,cdx,
https://www.zdf.de/nachrichten/ratgeber/wildkraeuter-essen-sammeln-vitamine-100.html,20241008093723,cdx,
https://www.zdf.de/nachrichten/ratgeber/winterdienst-schneeschippen-rechtliche-lage-100.html,20241008032749,cdx,
https://www.zdf.de/nachrichten/ratgeber/wlan-empfang-verbessern-100.html,20241007022033,cdx,
https://www.zdf.de/nachrichten/sport/1990-weltmeister-andreas-brehme-tod-nachruf-claudia-neumann-100.html,20241007174531,cdx,
https://www.zdf.de/nachrichten/sport/alexandra-popp-champions-league-frauen-vfl-wolfsburg-fc-barcelona-100.html,20241007145022,cdx,
https://www.zdf.de/nachrichten/sport/basketball-nba-tanking-vorwurf-gegen-dallas-mavericks-100.html,20241008090955,cdx,
https://www.zdf.de/nachrichten/sport/biathlon-rees-einzel-sieg-oestersund-100.html,20241007142054,cdx,
https://www.zdf.de/nachrichten/sport/breaking-breakdance-wm-magdeburg-tanzen-100.html,20241007020058,cdx,
https://www.zdf.de/nachrichten/sport/bundesliga-bayer-leverkusen-abwehrprobleme-hradecky-alonso-100.html,20241008032445,cdx,
https://www.zdf.de/nachrichten/sport/bundesliga-gedenken-opfer-hamas-terrorattacke-7-oktober-100.html,20241007015714,cdx,
https://www.zdf.de/nachrichten/sport/darts-wm-german-giant-gabriel-clemens-interview-100.html,20241008163255,cdx,
https://www.zdf.de/nachrichten/sport/deutsche-sporthilfe-reformen-athleten-foerderung-100.html,20241008092415,cdx,
https://www.zdf.de/nachrichten/sport/dfb-pokal-fussball-halbfinale-auslosung-100.html,20241007115137,cdx,
https://www.zdf.de/nachrichten/sport/eintracht-frankfurt-bayern-muenchen-dino-toppmoeller-fussball-bundesliga-100.html,20241008225002,cdx,
https://www.zdf.de/nachrichten/sport/eiskunstlauf-wm-kurzprogramm-paare-hase-volodin-montreal-100.html,20241007110229,cdx,
https://www.zdf.de/nachrichten/sport/faeroer-inseln-fans-handball-em-2024-100.html,20241008211647,cdx,
https://www.zdf.de/nachrichten/sport/formel-1-hamilton-ferrari-2025-100.html,20241008025406,cdx,
https://www.zdf.de/nachrichten/sport/fussball-2-liga-sv-sandhausen-abstieg-heidenheim-100.html,20241008085330,cdx,
https://www.zdf.de/nachrichten/sport/fussball-bayer-leverkusen-vor-el-finale-100.html,20241007183236,cdx,
https://www.zdf.de/nachrichten/sport/fussball-bolzplatz-beste-torjaeger-vergleich-kane-haaland-mbappe-100.html,20241008212607,cdx,
https://www.zdf.de/nachrichten/sport/fussball-bundesliga-borussia-dortmund-jadon-sancho-analyse-100.html,20241008171901,cdx,
https://www.zdf.de/nachrichten/sport/fussball-bundesliga-eintracht-frankfurt-bayern-muenchen-104.html,20241007020259,cdx,
https://www.zdf.de/nachrichten/sport/fussball-bundesliga-fc-bayern-muenchen-verpflichtet-zaragoza-100.html,20241008030255,cdx,
https://www.zdf.de/nachrichten/sport/fussball-bundesliga-vfb-stuttgart-mainz-05-tsg-hoffenheim-1-fc-koeln-100.html,20241007112533,cdx,
https://www.zdf.de/nachrichten/sport/fussball-champions-league-auslosung-viertelfinale-fc-bayern-dortmund-100.html,20241007085757,cdx,
https://www.zdf.de/nachrichten/sport/fussball-champions-league-bayern-muenchen-kopenhagen-gruppe-a-100.html,20241008150450,cdx,
https://www.zdf.de/nachrichten/sport/fussball-champions-league-frauen-benfica-lissabon-eintracht-frankfurt-100.html,20241008151845,cdx,
https://www.zdf.de/nachrichten/sport/fussball-dfb-frauen-hrubesch-olympia-2024-100.html,20241008023209,cdx,
https://www.zdf.de/nachrichten/sport/fussball-dfb-pokal-auslosung-viertelfinale-102.html,20241008225042,cdx,
https://www.zdf.de/nachrichten/sport/fussball-dfb-team-burkardt-nachnominiert-102.html,20241007021958,cdx,
https://www.zdf.de/nachrichten/sport/fussball-dfb-team-trikot-nummer-4-aenderung-100.html,20241008124334,cdx,
https://www.zdf.de/nachrichten/sport/fussball-fca-augsburg-trainer-maassen-entlassung-100.html,20241008025836,cdx,
https://www.zdf.de/nachrichten/sport/fussball-fifa-anti-rassismus-geste-100.html,20241008014531,cdx,
https://www.zdf.de/nachrichten/sport/fussball-frauen-sgs-essen-eintracht-frankfurt-100.html,20241007022059,cdx,
https://www.zdf.de/nachrichten/sport/fussball-nationalmannschaft-frauen-dfb-voss-tecklenburg-trennung-100.html,20241008221654,cdx,
https://www.zdf.de/nachrichten/sport/fussball-rassismus-vorwurf-italien-francesco-acerbi-100.html,20241008090906,cdx,
https://www.zdf.de/nachrichten/sport/fussball-relegation-arminia-bielefeld-sv-wehen-wiesbaden-rueckspiel-100.html,20241008025107,cdx,
https://www.zdf.de/nachrichten/sport/fussball-sir-bobby-charlton-gestorben-100.html,20241007131616,cdx,
https://www.zdf.de/nachrichten/sport/fussball-u17-wm-deutschland-spanien-100.html,20241008121734,cdx,
https://www.zdf.de/nachrichten/sport/fussball-wm-frauen-spanien-kuss-skandal-rubiales-ruecktritt-100.html,20241008083158,cdx,
https://www.zdf.de/nachrichten/sport/fussball-zweite-bundesliga-kaiserslautern-trainer-grammozis-100.html,20241008121150,cdx,
https://www.zdf.de/nachrichten/sport/fussball-zweite-liga-1-fc-magdeburg-greuther-fuerth-handelfmeter-100.html,20241007015734,cdx,
https://www.zdf.de/nachrichten/sport/handball-frauen-testspiel-sieg-deutschland-schweden-100.html,20241008144742,cdx,
https://www.zdf.de/nachrichten/sport/handball-frauen-wm-deutschland-daenemark-100.html,20241008152316,cdx,
https://www.zdf.de/nachrichten/sport/handball-olympia-qualifikation-sigurdsson-vorschau-deutschland-kroatien-100.html,20241007092420,cdx,
https://www.zdf.de/nachrichten/sport/herrmann-verletzt-ocean-race-100.html,20241008040452,cdx,
https://www.zdf.de/nachrichten/sport/johan-neeskens-gestorben-wm-finale-1974-fussball-100.html,20241008030705,cdx,
https://www.zdf.de/nachrichten/sport/leichtathletik-em-2024-gesa-krause-3000-meter-verwirrung-silber-100.html,20241008193602,cdx,
https://www.zdf.de/nachrichten/sport/marathon-weltrekordhalter-kiptum-autounfall-gestorben-100.html,20241008085439,cdx,
https://www.zdf.de/nachrichten/sport/marco-reus-vertragsverlaengerung-borussia-dortmund-bvb-100.html,20241007112431,cdx,
https://www.zdf.de/nachrichten/sport/nations-league-niederlande-deutschland-fussball-100.html,20241007044053,cdx,
https://www.zdf.de/nachrichten/sport/olympia-paris-sport-krieg-konflikte-konkurrenz-respekt-100.html,20241008184530,cdx,
https://www.zdf.de/nachrichten/sport/patrik-schick-bayer-leverkusen-dfb-pokal-halbfinale-fortuna-duesseldorf-100.html,20241008213924,cdx,
https://www.zdf.de/nachrichten/sport/radsport-jan-ullrich-doping-gestaendnis-indirekt-100.html,20241008025319,cdx,
https://www.zdf.de/nachrichten/sport/rb-leipzig-dfb-pokal-halbfinale-2022-23-sc-freiburg-100.html,20241008224116,cdx,
https://www.zdf.de/nachrichten/sport/skifliegen-wm-kulm-team-deutschland-bronze-100.html,20241008162731,cdx,
https://www.zdf.de/nachrichten/sport/special-olympics-nationale-winterspiele-helena-klintschar-100.html,20241007133126,cdx,
https://www.zdf.de/nachrichten/sport/sportstudio-laura-philipp-triathlon-ironman-weltmeisterin-100.html,20241007022106,cdx,
https://www.zdf.de/nachrichten/sport/surfen-wm-neubauer-sylt-100.html,20241008033647,cdx,
https://www.zdf.de/nachrichten/sport/tennis-atp-stuttgart-struff-im-halbfinale-100.html,20241007153550,cdx,
https://www.zdf.de/nachrichten/sport/tennis-davis-cup-deutschland-ungarn-100.html,20241008035812,cdx,
https://www.zdf.de/nachrichten/sport/tennis-united-cup-deutschland-australien-zverev-siegemund-100.html,20241007173833,cdx,
https://www.zdf.de/nachrichten/sport/wintersport-ski-alpin-wengen-abfahrt-odermatt-kilde-100.html,20241007173305,cdx,
https://www.zdf.de/nachrichten/sport/wintersport-ski-internat-in-oberwiesenthal-100.html,20241008224628,cdx,
https://www.zdf.de/nachrichten/sport/wintersport-skispringen-vierschanzentournee-wellinger-bilanz-100.html,20241007162446,cdx,
https://www.zdf.de/nachrichten/sport/witt-offen-fuer-wiederkehr-russischer-belarussischer-sportler-100.html,20241008114824,cdx,
https://www.zdf.de/nachrichten/sport/wnba-basketball-sabally-fiebich-100.html,20241008032704,cdx,
https://www.zdf.de/nachrichten/thema/antisemitismus-150.html,20241007120739,cdx,
https://www.zdf.de/nachrichten/thema/armut-deutschland-102.html,20241008101020,cdx,
https://www.zdf.de/nachrichten/thema/buergerprojekt-zdf-in-100.html,20241008184510,cdx,
https://www.zdf.de/nachrichten/thema/coronavirus-covid-19-100.html,20241008025932,cdx,
https://www.zdf.de/nachrichten/thema/daniel-guenther-162.html,20241007230627,cdx,
https://www.zdf.de/nachrichten/thema/dax-138.html,20241007221442,cdx,
https://www.zdf.de/nachrichten/thema/dow-jones-102.html,20241007163946,cdx,
https://www.zdf.de/nachrichten/thema/eu-ratspraesidentschaft-deutschland-104.html,20241007093044,cdx,
https://www.zdf.de/nachrichten/thema/europawahl-142.html,20241007164630,cdx,
https://www.zdf.de/nachrichten/thema/finnland-138.html,20241007163353,cdx,
https://www.zdf.de/nachrichten/thema/grossbritannien-vereinigtes-koenigreich-100.html,20241007111710,cdx,
https://www.zdf.de/nachrichten/thema/infektionskrankheiten-100.html,20241007134130,cdx,
https://www.zdf.de/nachrichten/thema/landtagswahl-hessen-104.html,20241007094709,cdx,
https://www.zdf.de/nachrichten/thema/landtagswahl-mecklenburg-vorpommern-100.html,20241007105356,cdx,
https://www.zdf.de/nachrichten/thema/landtagswahl-saarland-114.html,20241007115001,cdx,
https://www.zdf.de/nachrichten/thema/lisa-paus-118.html,20241007120736,cdx,
https://www.zdf.de/nachrichten/thema/long-covid-122.html,20241008085050,cdx,
https://www.zdf.de/nachrichten/thema/nancy-faeser-126.html,20241007164943,cdx,
https://www.zdf.de/nachrichten/thema/newcastle-united-102.html,20241007102133,cdx,
https://www.zdf.de/nachrichten/thema/nobelpreis-122.html,20241008105355,cdx,
https://www.zdf.de/nachrichten/thema/olympia-news-106.html,20241007094323,cdx,
https://www.zdf.de/nachrichten/thema/proteste-usa-108.html,20241007095824,cdx,
https://www.zdf.de/nachrichten/thema/queen-elizabeth-ii-114.html,20241007110131,cdx,
https://www.zdf.de/nachrichten/thema/rechtsextremismus-126.html,20241008080436,cdx,
https://www.zdf.de/nachrichten/thema/rheinland-pfalz-news-100.html,20241007134826,cdx,
https://www.zdf.de/nachrichten/thema/streaming-tipps-102.html,20241007115816,cdx,
https://www.zdf.de/nachrichten/thema/ungarn-146.html,20241007164623,cdx,
https://www.zdf.de/nachrichten/thema/whistleblower-106.html,20241007230105,cdx,
https://www.zdf.de/nachrichten/video/heute-spezial-israel-hamas-100.html,20241008105409,cdx,
https://www.zdf.de/nachrichten/video/mikrokredite-sexuelle-ausbeutung-sri-lanka-zinsen-video-100.html,20241007011649,cdx,
https://www.zdf.de/nachrichten/video/olympia-medaillen-beissen-video-100.html,20241008233848,cdx,
https://www.zdf.de/nachrichten/video/panorama-cherson-leben-100.html,20241008221003,cdx,
https://www.zdf.de/nachrichten/video/panorama-insekten-koch-berlin-100.html,20241008015946,cdx,
https://www.zdf.de/nachrichten/video/panorama-jahresrueckblick-juni-2022-100.html,20241008121534,cdx,
https://www.zdf.de/nachrichten/video/panorama-klimawandel-irak-duerre-flucht-100.html,20241007173905,cdx,
https://www.zdf.de/nachrichten/video/panorama-leben-mit-hiv-video-100.html,20241008090429,cdx,
https://www.zdf.de/nachrichten/video/panorama-wuhan-china-corona-100.html,20241008145936,cdx,
https://www.zdf.de/nachrichten/video/politik-aktivistin-neubauer-kuhle-fdp-klimaschutz-ampel-lanz-100.html,20241007172029,cdx,
https://www.zdf.de/nachrichten/video/politik-biden-xi-annaeherung-video-100.html,20241008133147,cdx,
https://www.zdf.de/nachrichten/video/politik-lanz-guevercin-kritik-islamismus-100.html,20241008182356,cdx,
https://www.zdf.de/nachrichten/video/politik-lanz-kuehnert-afd-spd-parteiprogramme-video-100.html,20241008110127,cdx,
https://www.zdf.de/nachrichten/video/politik-lanz-lang-durschnittsrente-100.html,20241008033947,cdx,
https://www.zdf.de/nachrichten/video/politik-lanz-roehrl-100.html,20241008151555,cdx,
https://www.zdf.de/nachrichten/video/politik-lanz-solingen-kuehnert-100.html,20241007142441,cdx,
https://www.zdf.de/nachrichten/video/politik-lanz-varwick-ukraine-100.html,20241007212453,cdx,
https://www.zdf.de/nachrichten/video/politik-ukraine-eisenbahnerinnen-100.html,20241008033632,cdx,
https://www.zdf.de/nachrichten/video/un-abkommen-hochsee-schutz-artenvielfalt-weltmeere-100.html,20241007185141,cdx,
https://www.zdf.de/nachrichten/wirtschaft/arbeitslose-erwerbstaetige-dezember-bundesagentur-nahles-100.html,20241008163302,cdx,
https://www.zdf.de/nachrichten/wirtschaft/autoindustrie-umsatzminus-deutschland-autobauer-100.html,20241007093831,cdx,
https://www.zdf.de/nachrichten/wirtschaft/autonomes-fahren-taxi-habeck-ki-faq-100.html,20241008033458,cdx,
https://www.zdf.de/nachrichten/wirtschaft/autos-deutschland-100.html,20241008182348,cdx,
https://www.zdf.de/nachrichten/wirtschaft/bahn-evg-tarifverhandlung-angebot-100.html,20241007071921,cdx,
https://www.zdf.de/nachrichten/wirtschaft/bahn-streik-fernzug-weselsky-tarifstreit-100.html,20241007105724,cdx,
https://www.zdf.de/nachrichten/wirtschaft/bier-alkoholfrei-trinken-100.html,20241008085854,cdx,
https://www.zdf.de/nachrichten/wirtschaft/bitcoin-etf-boersenaufsicht-sec-krypto-x-gehackt-100.html,20241008214810,cdx,
https://www.zdf.de/nachrichten/wirtschaft/bundesgerichtshof-urteil-klausel-riester-vertrag-unwirksam-100.html,20241007154004,cdx,
https://www.zdf.de/nachrichten/wirtschaft/bus-tuev-maengel-deutschland-100.html,20241008215013,cdx,
https://www.zdf.de/nachrichten/wirtschaft/chemieparks-deutschland-klima-belastung-100.html,20241007200609,cdx,
https://www.zdf.de/nachrichten/wirtschaft/cop28-klima-finanzierung-investoren-anleger-100.html,20241007120849,cdx,
https://www.zdf.de/nachrichten/wirtschaft/diw-studie-miete-mietpreise-wohnen-100.html,20241008184531,cdx,
https://www.zdf.de/nachrichten/wirtschaft/einzelhandel-umsatzminus-100.html,20241008125805,cdx,
https://www.zdf.de/nachrichten/wirtschaft/emissionshandel-co2-treibhausgas-zertifikate-eu-deutschland-100.html,20241007131206,cdx,
https://www.zdf.de/nachrichten/wirtschaft/europawahl-rechtsruck-aktien-100.html,20241008203413,cdx,
https://www.zdf.de/nachrichten/wirtschaft/generation-mitte-krisenfest-konjunktur-100.html,20241008104355,cdx,
https://www.zdf.de/nachrichten/wirtschaft/generation-z-arbeitswelt-fachkraefte-unternehmen-100.html,20241008034201,cdx,
https://www.zdf.de/nachrichten/wirtschaft/ifo-geschaeftsklimaindex-sinkt-konsumflaute-einzelhandel-deutschland-100.html,20241008033048,cdx,
https://www.zdf.de/nachrichten/wirtschaft/luxemburg-grenzgebiet-deutschland-pflegekraefte-mangel-100.html,20241007080903,cdx,
https://www.zdf.de/nachrichten/wirtschaft/riester-rente-reform-altersvorsorge-100.html,20241008055143,cdx,
https://www.zdf.de/nachrichten/wirtschaft/rotes-meer-huthi-angriffe-lieferengpaesse-100.html,20241007174111,cdx,
https://www.zdf.de/nachrichten/wirtschaft/solaranlagen-balkonkraftwerke-buerokratie-mieter-vermieter-100.html,20241008094306,cdx,
https://www.zdf.de/nachrichten/wirtschaft/solarstrom-foerderung-e-autos-kfw-programm-stopp-100.html,20241007134258,cdx,
https://www.zdf.de/nachrichten/wirtschaft/streik-flughafen-verdi-100.html,20241008091319,cdx,
https://www.zdf.de/nachrichten/wirtschaft/unternehmen/apple-intelligence-ki-wwdc-kuenstliche-intelligenz-100.html,20241008094232,cdx,
https://www.zdf.de/nachrichten/wirtschaft/unternehmen/arko-hussel-eilles-insolvenz-100.html,20241007105140,cdx,
https://www.zdf.de/nachrichten/wirtschaft/unternehmen/aurubis-betrug-abschied-konzernspitze-100.html,20241008132933,cdx,
https://www.zdf.de/nachrichten/wirtschaft/unternehmen/baumaerkte-cannabis-pflanzen-verkauf-lehrerverband-kritik-konsum-100.html,20241008114827,cdx,
https://www.zdf.de/nachrichten/wirtschaft/unternehmen/bitcoin-kryptowaehrung-boerse-hoehenflug-100.html,20241007204420,cdx,
https://www.zdf.de/nachrichten/wirtschaft/unternehmen/guenther-fielmann-brillen-optiker-unternehmer-tod-100.html,20241008151018,cdx,
https://www.zdf.de/nachrichten/wirtschaft/unternehmen/musk-interview-talkshow-x-100.html,20241008110100,cdx,
https://www.zdf.de/nachrichten/wirtschaft/unternehmen/us-firma-clearview-sammelt-milliarden-fotos-fuer-gesichtsdatenbank-100.html,20241008161244,cdx,
https://www.zdf.de/nachrichten/wirtschaft/unternehmen/volkswagen-e-auto-vw-elektromobilitaet-100.html,20241007075154,cdx,
https://www.zdf.de/nachrichten/wirtschaft/unternehmen/volkswagen-vw-krise-personal-abbau-auto-100.html,20241008084221,cdx,
https://www.zdf.de/nachrichten/wirtschaft/wirtschaft-habeck-konjunktur-rezession-100.html,20241007022103,cdx,
https://www.zdf.de/nachrichten/wirtschaft/wohnimmobilien-deutschland-preise-anstieg-statistik-100.html,20241008231432,cdx,
https://www.zdf.de/nachrichten/wissen/antibiotika-resistenz-studie-100.html,20241008003912,cdx,
https://www.zdf.de/nachrichten/wissen/astronomie-planeten-jupiter-sternschnuppen-februar-100.html,20241008161852,cdx,
https://www.zdf.de/nachrichten/wissen/gefaengnis-polizei-technik-terrax-jens-foell-kolumne-100.html,20241007143137,cdx,
https://www.zdf.de/nachrichten/wissen/klima-starkregen-hitze-experten-100.html,20241007112452,cdx,
https://www.zdf.de/nachrichten/wissen/medizin-nobelpreis-ambros-ruvkun-microrna-2024-100.html,20241007111528,cdx,
https://www.zdf.de/nachrichten/wissen/mission-hera-abwehr-asteroid-100.html,20241008032428,cdx,
https://www.zdf.de/nachrichten/wissen/physik-nobelpreis-hopfield-hinton-ki-100.html,20241008105106,cdx,
https://www.zdf.de/nachrichten/wissen/polarlichter-deutschland-himmel-2024-100.html,20241008162248,cdx,
https://www.zdf.de/nachrichten/wissen/titanwurz-selten-leichenblume-bluete-geruch-100.html,20241008223711,cdx,
https://www.zdf.de/nachrichten/wissen/usa-klima-terrax-lea-dohm-kolumne-100.html,20241007102200,cdx,
https://www.zdf.de/nachrichten/wissen/wasserversorgung-berlin-trockenheit-spree-elbe-100.html,20241008040749,cdx,
https://www.zdf.de/nachrichten/wissen/weltraum-esa-teleskop-euclid-bilder-100.html,20241007224634,cdx,
https://www.zdf.de/nachrichten/wissen/weltwetterorganisation-wmo-suesswasser-vorraete-klimawandel-gletscherschmelze-100.html,20241008031951,cdx,
https://www.zdf.de/nachrichten/zdfspezial/neujahrsansprache-des-bundeskanzlers-102.html,20241008122237,cdx,
https://www.zdf.de/nachrichten/zdfspezial/staatsakt-75-jahre-grundgesetz-clip-3-100.html,20241008213732,cdx,
https://www.zdf.de/nachrichten/zdfspezial/zdf-spezial---corona-krise---was-bringen-die-neuen-massnahmen-clip-1-100.html,20241007174037,cdx,
https://www.zdf.de/nachrichten/zdfspezial/zdf-spezial---durchbruch-im-haushaltsstreit---ampel-koalition-einigt-sich-100.html,20241007175018,cdx,
https://www.zdf.de/nachrichten/zdfspezial/zdf-spezial---eskalation-in-nahost-102.html,20241007203949,cdx,
https://www.zdf.de/nachrichten/zdfspezial/zdf-spezial---gedenken-in-israel---ein-jahr-nach-dem-hamas-ueberfall-100.html,20241008013847,cdx,
https://www.zdf.de/nachrichten/briefing/habeck-wirtschaft-rzepka-zdfheute-update-100.html,20241010125531,cdx,
https://www.zdf.de/nachrichten/briefing/kuehnert-corona-nobelpreis-medizin-zdfheute-update-100.html,20241009055833,cdx,
https://www.zdf.de/nachrichten/briefing/nawalnaja-putin-transnistrien-zdfheute-update-100.html,20241009232606,cdx,
https://www.zdf.de/nachrichten/briefing/praxisstreik-arzt-schaueble-tot-zdfheute-update-100.html,20241010223414,cdx,
https://www.zdf.de/nachrichten/briefing/rafah-israel-ampel-zdfheute-update-100.html,20241010083754,cdx,
https://www.zdf.de/nachrichten/briefing/rezession-milton-strompreis-zdfheute-update-100.html,20241009180614,cdx,
https://www.zdf.de/nachrichten/briefing/usa-swing-states-pieper-zdfheute-update-100.html,20241010053031,cdx,
https://www.zdf.de/nachrichten/briefing/wahl-thueringen-sachsen-osten-haack-zdfheute-update-100.html,20241010045903,cdx,
https://www.zdf.de/nachrichten/heute/nordlinkbs-100.html,20241010125914,cdx,
https://www.zdf.de/nachrichten/panorama/aengste-der-deutschen-100.html,20241009191111,cdx,
https://www.zdf.de/nachrichten/panorama/aktion-mensch-60-jahre-aktion-jubilaeum-100.html,20241009180425,cdx,
https://www.zdf.de/nachrichten/panorama/ariane-6-rakete-bremen-transport-100.html,20241009093626,cdx,
https://www.zdf.de/nachrichten/panorama/attentat-halle-gedenken-100.html,20241009143340,cdx,
https://www.zdf.de/nachrichten/panorama/bares-fuer-rares-horst-lichter-2000-sendung-100.html,20241009024204,cdx,
https://www.zdf.de/nachrichten/panorama/berlusconi-erben-familie-zahlungen-100.html,20241009221029,cdx,
https://www.zdf.de/nachrichten/panorama/boeing-kabinenteil-handy-100.html,20241010140338,cdx,
https://www.zdf.de/nachrichten/panorama/bolivien-wm-qualifikation-100.html,20241010011246,cdx,
https://www.zdf.de/nachrichten/panorama/busunfall-regensburg-verletzte-100.html,20241009025629,cdx,
https://www.zdf.de/nachrichten/panorama/corona-grippe-erkaeltung-krankheit-welle-virologin-100.html,20241010132112,cdx,
https://www.zdf.de/nachrichten/panorama/depressionen-aok-studie-anstieg-100.html,20241010011511,cdx,
https://www.zdf.de/nachrichten/panorama/dresdner-sinfoniker-roboter-dirigent-ki-100.html,20241010020002,cdx,
https://www.zdf.de/nachrichten/panorama/fat-bear-braunbaer-grazer-wettbewerb-100.html,20241010015712,cdx,
https://www.zdf.de/nachrichten/panorama/freizeit-stress-erholung-schlaf-entspannen-100.html,20241009080832,cdx,
https://www.zdf.de/nachrichten/panorama/hochwasser-deutschland-niedersachsen-regen-wetter-100.html,20241010074824,cdx,
https://www.zdf.de/nachrichten/panorama/hunde-katzen-futter-steuer-100.html,20241009020930,cdx,
https://www.zdf.de/nachrichten/panorama/hurrikan-milton-florida-106.html,20241010041805,cdx,
https://www.zdf.de/nachrichten/panorama/klima-co2-dubai-cop28-umwelt-konferenz-100.html,20241010070716,cdx,
https://www.zdf.de/nachrichten/panorama/klima-wald-zustand-100.html,20241009023935,cdx,
https://www.zdf.de/nachrichten/panorama/krankenhaus-brand-uelzen-tote-100.html,20241010075412,cdx,
https://www.zdf.de/nachrichten/panorama/kriminalitaet/australien-perth-messerangriff-extremismus-100.html,20241010144829,cdx,
https://www.zdf.de/nachrichten/panorama/kriminalitaet/hass-kriminalitaet-bericht-diskriminierung-bericht-deutschland-100.html,20241009031459,cdx,
https://www.zdf.de/nachrichten/panorama/kriminalitaet/kinderpornografie-plattform-abgeschaltet-100.html,20241009020823,cdx,
https://www.zdf.de/nachrichten/panorama/kriminalitaet/landgericht-berlin-spielplatz-fuenfjaehrige-urteil-haft-100.html,20241009111735,cdx,
https://www.zdf.de/nachrichten/panorama/kriminalitaet/zigaretten-schwarzmarkt-deutschland-boom-100.html,20241009022154,cdx,
https://www.zdf.de/nachrichten/panorama/milton-hurrikan-groesse-faq-100.html,20241010014811,cdx,
https://www.zdf.de/nachrichten/panorama/musik-universal-tiktok-100.html,20241010134208,cdx,
https://www.zdf.de/nachrichten/panorama/ns-raubkunst-schiedsgericht-roth-100.html,20241009211507,cdx,
https://www.zdf.de/nachrichten/panorama/pistorius-kohlkoenig-oldenburg-100.html,20241009220545,cdx,
https://www.zdf.de/nachrichten/panorama/pogues-bassist-darryl-hunt-gestorben-100.html,20241010065620,cdx,
https://www.zdf.de/nachrichten/panorama/promi-rueckblick-2023-charles-spears-swift-100.html,20241010091638,cdx,
https://www.zdf.de/nachrichten/panorama/prominente/ex-scorpions-schlagzeuger-james-kottak-tot-100.html,20241010091108,cdx,
https://www.zdf.de/nachrichten/panorama/prominente/gary-graham-star-trek-tot-100.html,20241009183552,cdx,
https://www.zdf.de/nachrichten/panorama/prominente/usa-iris-apfel-mode-gestorben-100.html,20241009183543,cdx,
https://www.zdf.de/nachrichten/panorama/raumfahrt-iss-crew-start-100.html,20241010050206,cdx,
https://www.zdf.de/nachrichten/panorama/serbien-danka-kleinkind-vermisst-ueberfahren-100.html,20241009062422,cdx,
https://www.zdf.de/nachrichten/panorama/sturm-unwettter-warnung-nordsee-ostsee-100.html,20241009032050,cdx,
https://www.zdf.de/nachrichten/panorama/sucht-drogen-reha-alkohol-konsum-abhaengigkeit-maenner-100.html,20241009093338,cdx,
https://www.zdf.de/nachrichten/panorama/suchtbericht-cannabis-jahrbuch-100.html,20241009042545,cdx,
https://www.zdf.de/nachrichten/panorama/sumatra-nashorn-nachwuchs-indonesien-100.html,20241009074852,cdx,
https://www.zdf.de/nachrichten/panorama/tetris-jugendlicher-rekord-100.html,20241009085012,cdx,
https://www.zdf.de/nachrichten/panorama/tierschutzbund-igel-insekten-klimawandel-100.html,20241010005941,cdx,
https://www.zdf.de/nachrichten/panorama/unwetter-kirk-regenmengen-100.html,20241009165831,cdx,
https://www.zdf.de/nachrichten/panorama/us-bundesstaaten-verklagen-tiktok-100.html,20241009182403,cdx,
https://www.zdf.de/nachrichten/panorama/venedig-verbot-reisegruppen-100.html,20241010034639,cdx,
https://www.zdf.de/nachrichten/panorama/wetten-dass-gottschalk-fakten-100.html,20241010085327,cdx,
https://www.zdf.de/nachrichten/panorama/wetter-sommer-warm-bilanz-dwd-100.html,20241009022618,cdx,
https://www.zdf.de/nachrichten/panorama/wildlife-photographer-of-the-year-2024-100.html,20241010011556,cdx,
https://www.zdf.de/nachrichten/panorama/wohnungsnot-studierende-wg-zimmer-mietkosten-100.html,20241009020750,cdx,
https://www.zdf.de/nachrichten/panorama/zdf-goes-schule-bildung-100.html,20241010015658,cdx,
https://www.zdf.de/nachrichten/politik/atomwaffen-eu-pistorius-trump-usa-nato-100.html,20241010232720,cdx,
https://www.zdf.de/nachrichten/politik/ausland/aegypten-praesidentenwahl-al-sisi-100.html,20241010090949,cdx,
https://www.zdf.de/nachrichten/politik/ausland/albanien-protest-ausschreitung-regierung-100.html,20241009020855,cdx,
https://www.zdf.de/nachrichten/politik/ausland/argentinien-milei-sparmassnahmen-100.html,20241010150438,cdx,
https://www.zdf.de/nachrichten/politik/ausland/armee-oberbefehlshaber-syrskyj-ukraine-krieg-russland-100.html,20241010070753,cdx,
https://www.zdf.de/nachrichten/politik/ausland/attentate-usa-praesidenten-folgen-kennedy-100.html,20241010234247,cdx,
https://www.zdf.de/nachrichten/politik/ausland/brasilien-x-freigabe-100.html,20241009151046,cdx,
https://www.zdf.de/nachrichten/politik/ausland/carlson-putin-interview-propaganda-sieg-russland-100.html,20241009080759,cdx,
https://www.zdf.de/nachrichten/politik/ausland/china-philippinen-konflikt-suedchinesisches-meer-100.html,20241010232646,cdx,
https://www.zdf.de/nachrichten/politik/ausland/depardieu-frankreich-anzeige-sexuelle-uebergriffe-ehrenlegion-100.html,20241010080006,cdx,
https://www.zdf.de/nachrichten/politik/ausland/electoral-college-wahlergebnis-usa-wahl-100.html,20241009024839,cdx,
https://www.zdf.de/nachrichten/politik/ausland/eu-schuldenregeln-reform-einigung-mitgliedsstaaten-parlament-100.html,20241010074852,cdx,
https://www.zdf.de/nachrichten/politik/ausland/festnahme-regenbogen-ohrringe-lgbtq-ukraine-krieg-russland-100.html,20241010090235,cdx,
https://www.zdf.de/nachrichten/politik/ausland/gaza-krieg-plan-verteidigungsminister-israel-nahost-100.html,20241010071701,cdx,
https://www.zdf.de/nachrichten/politik/ausland/george-santos-betrug-spenden-usa-100.html,20241009220259,cdx,
https://www.zdf.de/nachrichten/politik/ausland/hafenexplosion-beirut-aufklaerung-angehoerige-opfer-100.html,20241009063330,cdx,related
https://www.zdf.de/nachrichten/politik/ausland/hamas-attacke-vergewaltigungen-verbrechen-israel-nahost-100.html,20241009041913,cdx,
https://www.zdf.de/nachrichten/politik/ausland/hamas-plaene-terrorismus-israel-100.html,20241010071244,cdx,
https://www.zdf.de/nachrichten/politik/ausland/hilfswerk-unrwa-vorwurf-beteiligung-mitarbeiter-hamas-terror-israel-100.html,20241010091243,cdx,
https://www.zdf.de/nachrichten/politik/ausland/hisbollah-israel-libanon-konflikt-eskalation-waffenruhe-100.html,20241010015450,cdx,
https://www.zdf.de/nachrichten/politik/ausland/interview-anne-applebaum-autokraten-100.html,20241009055207,cdx,
https://www.zdf.de/nachrichten/politik/ausland/israel-hamas-juden-schutz-terrorismus-100.html,20241010073953,cdx,
https://www.zdf.de/nachrichten/politik/ausland/italien-eu-corona-hilfe-wiederaufbau-fonds-meloni-100.html,20241009102820,cdx,
https://www.zdf.de/nachrichten/politik/ausland/klitschko-kritik-selenskyj-ukraine-krieg-russland-100.html,20241010232338,cdx,
https://www.zdf.de/nachrichten/politik/ausland/krieg-ukraine-zerstoerung-bilderserie-100.html,20241010053530,cdx,
https://www.zdf.de/nachrichten/politik/ausland/kuehnert-waffen-ukraine-krieg-russland-100.html,20241009170254,cdx,
https://www.zdf.de/nachrichten/politik/ausland/kursk-putin-offensive-taktik-ukraine-krieg-russland-100.html,20241009204825,cdx,
https://www.zdf.de/nachrichten/politik/ausland/lanz-alon-gat-hamas-israel-100.html,20241010015942,cdx,
https://www.zdf.de/nachrichten/politik/ausland/luegen-trump-hurrikan-milton-helene-usa-wahl-100.html,20241009214126,cdx,
https://www.zdf.de/nachrichten/politik/ausland/moldau-praesidentschaftswahlen-sandu-duell-100.html,20241009172014,cdx,
https://www.zdf.de/nachrichten/politik/ausland/nahost-israel-damaskus-luftangriff-tote-100.html,20241009121642,cdx,
https://www.zdf.de/nachrichten/politik/ausland/nawalnaja-berlin-russland-wahl-100.html,20241009065237,cdx,
https://www.zdf.de/nachrichten/politik/ausland/netanjahu-ansprache-jahrestag-hamas-angriff-israel-100.html,20241009011302,cdx,
https://www.zdf.de/nachrichten/politik/ausland/nordkorea-atomwaffe-system-unterwasser-militaer-100.html,20241009054502,cdx,
https://www.zdf.de/nachrichten/politik/ausland/nordkorea-waffen-ukraine-krieg-russland-usa-100.html,20241009065423,cdx,
https://www.zdf.de/nachrichten/politik/ausland/oesterreich-deutschland-rente-100.html,20241009100106,cdx,
https://www.zdf.de/nachrichten/politik/ausland/polen-armee-schulung-militaer-ferienjob-100.html,20241009100337,cdx,
https://www.zdf.de/nachrichten/politik/ausland/putin-fragerunde-tv-russland-ukraine-100.html,20241010072144,cdx,
https://www.zdf.de/nachrichten/politik/ausland/rias-antisemitismus-deutschland-israel-100.html,20241010075432,cdx,
https://www.zdf.de/nachrichten/politik/ausland/scholz-cop-klimakonferenz-dubai-bilanz-100.html,20241009092434,cdx,
https://www.zdf.de/nachrichten/politik/ausland/selenskyj-biden-scholz-berlin-ukraine-krieg-russland-100.html,20241010014822,cdx,
https://www.zdf.de/nachrichten/politik/ausland/selenskyj-ramstein-usa-waffen-siegesplan-100.html,20241009020652,cdx,
https://www.zdf.de/nachrichten/politik/ausland/trump-firmen-ausland-geld-100.html,20241009215733,cdx,
https://www.zdf.de/nachrichten/politik/ausland/trump-interview-migration-usa-wahl-100.html,20241009023918,cdx,
https://www.zdf.de/nachrichten/politik/ausland/trump-putin-enthuellungen-buch-bob-woodward-100.html,20241009020618,cdx,
https://www.zdf.de/nachrichten/politik/ausland/trump-usa-wahl-iowa-kandidat-republikaner-100.html,20241009064910,cdx,
https://www.zdf.de/nachrichten/politik/ausland/trump-vergleich-nawalny-opferrolle-100.html,20241009092936,cdx,
https://www.zdf.de/nachrichten/politik/ausland/tschechien-munition-ukraine-krieg-russland-100.html,20241010074936,cdx,
https://www.zdf.de/nachrichten/politik/ausland/ukraine-russland-krieg-treibstoff-frachter-krasnodar-kawkas-100.html,20241009210341,cdx,
https://www.zdf.de/nachrichten/politik/ausland/un-klima-konferenz-cop-bericht-100.html,20241009163809,cdx,
https://www.zdf.de/nachrichten/politik/ausland/usa-militaerhilfen-ukraine-krieg-russland-100.html,20241009203305,cdx,
https://www.zdf.de/nachrichten/politik/ausland/usa-wahl-kennedy-trump-biden-100.html,20241010232442,cdx,
https://www.zdf.de/nachrichten/politik/ausland/viktor-orban-eu-parlament-rede-100.html,20241010011553,cdx,
https://www.zdf.de/nachrichten/politik/ausland/wadephul-scholz-zeitenwende-ukraine-krieg-russland-100.html,20241009104637,cdx,
https://www.zdf.de/nachrichten/politik/ausland/waffen-militaerhilfe-usa-eu-ukraine-krieg-russland-100.html,20241010075316,cdx,
https://www.zdf.de/nachrichten/politik/bauern-protest-blockade-montag-strassen-100.html,20241009101318,cdx,
https://www.zdf.de/nachrichten/politik/deutschland/afd-mitglieder-sachsen-anhalt-waffen-100.html,20241009052912,cdx,
https://www.zdf.de/nachrichten/politik/deutschland/alice-weidel-afd-sommerinterview-messerangriffe-100.html,20241009215155,cdx,
https://www.zdf.de/nachrichten/politik/deutschland/ampel-haushalt-scholz-lindner-habeck-100.html,20241010145209,cdx,
https://www.zdf.de/nachrichten/politik/deutschland/asyl-verfahren-drittstaaten-loesung-fluechtlinge-frist-100.html,20241010223743,cdx,
https://www.zdf.de/nachrichten/politik/deutschland/ausweis-doktortitel-pass-100.html,20241010140550,cdx,
https://www.zdf.de/nachrichten/politik/deutschland/baerbock-regierungsflieger-panne-australien-reise-100.html,20241009095950,cdx,
https://www.zdf.de/nachrichten/politik/deutschland/bauer-jung-kritik-100.html,20241010044817,cdx,
https://www.zdf.de/nachrichten/politik/deutschland/bauernverband-grossdemonstration-steuererhoehung-100.html,20241010230846,cdx,
https://www.zdf.de/nachrichten/politik/deutschland/baumann-afd-landtagswahlen-umfragen-eu-100.html,20241010135929,cdx,
https://www.zdf.de/nachrichten/politik/deutschland/bsw-mindestlohn-mohamed-ali-100.html,20241009045423,cdx,
https://www.zdf.de/nachrichten/politik/deutschland/buergergeld-ampel-job-praemie-arbeitslose-schaefer-holger-oekonom-100.html,20241010011210,cdx,
https://www.zdf.de/nachrichten/politik/deutschland/buergergeld-meldepflicht-entwurf-ampel-100.html,20241010015429,cdx,
https://www.zdf.de/nachrichten/politik/deutschland/bund-der-steuerzahler-schwarzbuch-verschwendung-steuern-100.html,20241010011323,cdx,
https://www.zdf.de/nachrichten/politik/deutschland/bund-laender-pakt-bau-beschleunigung-umweltverbaende-100.html,20241009062740,cdx,
https://www.zdf.de/nachrichten/politik/deutschland/bundesregierung-rueckgabe-elektrogeraete-100.html,20241009173308,cdx,
https://www.zdf.de/nachrichten/politik/deutschland/cannabis-legalisierung-regeln-deutschland-ueberblick-100.html,20241009075624,cdx,
https://www.zdf.de/nachrichten/politik/deutschland/chrupalla-afd-krankenhaus-vorfall-einstich-ermittlungen-100.html,20241010091340,cdx,
https://www.zdf.de/nachrichten/politik/deutschland/deutschlandticket-49-euro-ticket-wissing-kosten-100.html,20241009193011,cdx,
https://www.zdf.de/nachrichten/politik/deutschland/digitale-dienste-gesetz-plattformen-wissing-100.html,20241010140614,cdx,
https://www.zdf.de/nachrichten/politik/deutschland/faeser-straftaten-deutschland-nahostkonflikt-100.html,20241009042549,cdx,
https://www.zdf.de/nachrichten/politik/deutschland/fdp-rentenmodell-schweden-100.html,20241009092348,cdx,
https://www.zdf.de/nachrichten/politik/deutschland/gruene-mitglieder-wachstum-100.html,20241010233045,cdx,
https://www.zdf.de/nachrichten/politik/deutschland/halle-attentat-gedenktag-juden-steinmeier-schuster-100.html,20241010014558,cdx,
https://www.zdf.de/nachrichten/politik/deutschland/haushalt-ampel-schuldenbremse-illner-100.html,20241010075646,cdx,
https://www.zdf.de/nachrichten/politik/deutschland/infrastrukturfonds-deutschland-marode-infrastruktur-investitionsstau-100.html,20241010011208,cdx,
https://www.zdf.de/nachrichten/politik/deutschland/langzeitarbeitslose-buergergeld-foerderung-100.html,20241010152536,cdx,
https://www.zdf.de/nachrichten/politik/deutschland/lindner-schuldenbremse-reform-100.html,20241010080930,cdx,
https://www.zdf.de/nachrichten/politik/deutschland/maybrit-illner-chrupalla-afd-laschet-100.html,20241010233059,cdx,
https://www.zdf.de/nachrichten/politik/deutschland/migration-asylpolitik-krisen-treffen-100.html,20241009062618,cdx,
https://www.zdf.de/nachrichten/politik/deutschland/olaf-scholz-abschiebung-aussage-kritik-100.html,20241009062340,cdx,
https://www.zdf.de/nachrichten/politik/deutschland/parlament-paritaet-manifest-100.html,20241010011322,cdx,
https://www.zdf.de/nachrichten/politik/deutschland/parteien-spenden-einnahmen-100.html,20241009180403,cdx,
https://www.zdf.de/nachrichten/politik/deutschland/pro-palaestinensisch-demonstration-berlin-angriff-polizei-100.html,20241009024402,cdx,
https://www.zdf.de/nachrichten/politik/deutschland/rente-vollzeit-beschaeftigte-alter-armut-arbeitszeit-100.html,20241009030017,cdx,
https://www.zdf.de/nachrichten/politik/deutschland/scholz-friedliche-revolution-demokratie-extremisten-100.html,20241009225235,cdx,
https://www.zdf.de/nachrichten/politik/deutschland/scholz-politiker-zeugen-prozess-cum-ex-100.html,20241009230636,cdx,
https://www.zdf.de/nachrichten/politik/deutschland/spd-scholz-muetzenich-praemie-arbeitslose-100.html,20241010015648,cdx,
https://www.zdf.de/nachrichten/politik/deutschland/thueringen-landtagswahl-wahlkampf-spitzenkandidaten-positionen-100.html,20241009203308,cdx,
https://www.zdf.de/nachrichten/politik/deutschland/umwelthilfe-klage-lufthansa-greenwashing-100.html,20241009183541,cdx,
https://www.zdf.de/nachrichten/politik/deutschland/wald-zustand-oezdemir-kohlenstoffquelle-100.html,20241009020720,cdx,
https://www.zdf.de/nachrichten/politik/deutschland/wirtschaft-konjunktur-rezession-robert-habeck-100.html,20241010015018,cdx,
https://www.zdf.de/nachrichten/politik/israel-netanjahu-verteidigungsminister-galant-rueckkehr-entlassung-justizreform-100.html,20241009201417,cdx,
https://www.zdf.de/nachrichten/politik/konjunktur-prognose-habeck-rezession-100.html,20241010011556,cdx,
https://www.zdf.de/nachrichten/politik/lindner-fluechtlinge-finanzierung-100.html,20241010074150,cdx,
https://www.zdf.de/nachrichten/politik/missbrauch-beauftragte-claus-evangelische-kirche-100.html,20241010231543,cdx,
https://www.zdf.de/nachrichten/politik/tuerkei-wahl-betrug-opposition-100.html,20241009100619,cdx,
https://www.zdf.de/nachrichten/politik/umgang-mit-krisen-graue-nashoerner-michele-wucker-interview-100.html,20241010054430,cdx,
https://www.zdf.de/nachrichten/ratgeber/backpapier-alternativen-pfas-100.html,20241009095414,cdx,
https://www.zdf.de/nachrichten/ratgeber/bestattungsarten-deutschland-alternative-100.html,20241010090334,cdx,
https://www.zdf.de/nachrichten/ratgeber/betriebliche-altersvorsorge-vermoegenswirksame-leistungen-arbeitgeber-100.html,20241009082815,cdx,
https://www.zdf.de/nachrichten/ratgeber/frugalismus-sparen-extrem-100.html,20241009022209,cdx,
https://www.zdf.de/nachrichten/ratgeber/gesundheit/abnehmspritze-adipositas-deutschland-behandlung-interview-100.html,20241009061901,cdx,
https://www.zdf.de/nachrichten/ratgeber/gesundheit/arzt-naepa-hausbesuch-wartezeiten-100.html,20241010015951,cdx,
https://www.zdf.de/nachrichten/ratgeber/gesundheit/brustkrebs-vorsorge-mammografie-frauen-100.html,20241009183552,cdx,
https://www.zdf.de/nachrichten/ratgeber/gesundheit/ernaehrungsumstellung-gesunde-ernaehrung-umstellung-100.html,20241010090058,cdx,
https://www.zdf.de/nachrichten/ratgeber/gulasch-gulaschsuppe-dose-check-100.html,20241009080731,cdx,
https://www.zdf.de/nachrichten/ratgeber/hauskauf-kredit-foerderung-kfw-100.html,20241009214922,cdx,
https://www.zdf.de/nachrichten/ratgeber/hunde-hundemantel-winter-kaelte-100.html,20241009072921,cdx,
https://www.zdf.de/nachrichten/ratgeber/paypal-betrugsmasche-geld-von-fremden-bekommen-100.html,20241009111425,cdx,
https://www.zdf.de/nachrichten/ratgeber/pfanne-beschichtung-teflon-keramik-emaille-essen-kueche-100.html,20241009110941,cdx,
https://www.zdf.de/nachrichten/ratgeber/pflanzen-schenken-weihnachten-silvester-100.html,20241010075502,cdx,
https://www.zdf.de/nachrichten/ratgeber/preissteigerungen-2024-100.html,20241010231839,cdx,
https://www.zdf.de/nachrichten/ratgeber/rente-private-altersvorsorge-etf-riester-rente-100.html,20241010090022,cdx,
https://www.zdf.de/nachrichten/sport/biathlon-weltcup-oberhof-sprint-doll-100.html,20241009111250,cdx,
https://www.zdf.de/nachrichten/sport/doping-ddr-entschaedigung-opfer-urteil-100.html,20241009183554,cdx,
https://www.zdf.de/nachrichten/sport/frauenfussball-bundesliga-bayer-leverkusen-carl-zeiss-jena-100.html,20241009020823,cdx,
https://www.zdf.de/nachrichten/sport/fussball-alonso-bleibt-bayer-leverkusen-trainer-100.html,20241010223247,cdx,
https://www.zdf.de/nachrichten/sport/fussball-bundesliga-1-fc-koeln-trainer-schultz-100.html,20241010073118,cdx,
https://www.zdf.de/nachrichten/sport/fussball-bundesliga-fc-bayern-vfb-stuttgart-hoeness-100.html,20241010074730,cdx,
https://www.zdf.de/nachrichten/sport/fussball-bundesliga-hasenhuettl-wolfsburg-trainer-kovac-nachfolger-100.html,20241010151301,cdx,
https://www.zdf.de/nachrichten/sport/fussball-champions-league-achtelfinale-hinspiel-eindhoven-dortmund-100.html,20241009064201,cdx,
https://www.zdf.de/nachrichten/sport/fussball-champions-league-frauen-as-rom-wolfsburg-100.html,20241009020721,cdx,
https://www.zdf.de/nachrichten/sport/fussball-champions-league-frauen-bayern-muenchen-paris-saint-germain-100.html,20241009075853,cdx,
https://www.zdf.de/nachrichten/sport/fussball-champions-league-frauen-fc-bayern-muenchen-arsenal-100.html,20241010011243,cdx,
https://www.zdf.de/nachrichten/sport/fussball-champions-league-frauen-gruppe-c-ajax-amsterdam-bayern-muenchen-100.html,20241009100938,cdx,
https://www.zdf.de/nachrichten/sport/fussball-dfb-elf-nations-league-torhueter-nuebel-baumann-100.html,20241010015916,cdx,
https://www.zdf.de/nachrichten/sport/fussball-dfb-pokal-achtelfinale-stuttgart-dortmund-100.html,20241010072440,cdx,
https://www.zdf.de/nachrichten/sport/fussball-dfb-team-ausfaelle-100.html,20241009024855,cdx,
https://www.zdf.de/nachrichten/sport/fussball-dieter-burdenski-bremen-tot-100.html,20241009201425,cdx,
https://www.zdf.de/nachrichten/sport/fussball-frauen-bundesliga-schiedsrichterinnen-kritik-100.html,20241009092303,cdx,
https://www.zdf.de/nachrichten/sport/fussball-frauen-champions-league-vfl-wolfsburg-fc-bayern-muenchen-100.html,20241009020724,cdx,
https://www.zdf.de/nachrichten/sport/fussball-frauen-fuehrungsposition-diversitaet-100.html,20241009022916,cdx,
https://www.zdf.de/nachrichten/sport/fussball-juergen-klopp-fussball-manager-red-bull-komplett-100.html,20241010011440,cdx,
https://www.zdf.de/nachrichten/sport/fussball-juergen-klopp-red-bull-rb-hintergrund-reaktionen-100.html,20241010011323,cdx,
https://www.zdf.de/nachrichten/sport/fussball-juergen-klopp-red-bull-wegbegleiter-rose-schwarz-gomez-100.html,20241010014832,cdx,
https://www.zdf.de/nachrichten/sport/fussball-nations-league-nationalmannschaft-bosnien-herzegowina-deutschland-100.html,20241009024405,cdx,
https://www.zdf.de/nachrichten/sport/fussball-u17-nationalmannschaft-dfb-finale-100.html,20241010141730,cdx,
https://www.zdf.de/nachrichten/sport/handball-bundesliga-magdeburg-loewen-100.html,20241009023609,cdx,
https://www.zdf.de/nachrichten/sport/ioc-erlaubt-russen-olympia-teilnahme-100.html,20241010091236,cdx,
https://www.zdf.de/nachrichten/sport/julius-hirsch-preis-104.html,20241009020857,cdx,
https://www.zdf.de/nachrichten/sport/julius-hirsch-preis-fc-hertha-bonn-gefluechtete-102.html,20241010015511,cdx,
https://www.zdf.de/nachrichten/sport/kommentar-juergen-klopp-red-bull-fussball-chef-100.html,20241010011553,cdx,
https://www.zdf.de/nachrichten/sport/nationalmannschaft-absagen-nations-league-julian-nagelsmann-100.html,20241010011435,cdx,
https://www.zdf.de/nachrichten/sport/skifliegen-frauen-vikersund-weltrekord-sturz-opseth-schmid-100.html,20241009065147,cdx,
https://www.zdf.de/nachrichten/sport/tennis-australian-open-melbourne-zverev-medwedew-100.html,20241010132250,cdx,
https://www.zdf.de/nachrichten/sport/tennis-masters-schanghai-sechzehntelfinale-zverev-100.html,20241009020652,cdx,
https://www.zdf.de/nachrichten/sport/tennis-zverev-goffin-shanghai-masters-100.html,20241010015442,cdx,
https://www.zdf.de/nachrichten/sport/wellbrock-10km-freiwasser-ohne-medaille-schwimm-wm-doha-100.html,20241009072745,cdx,
https://www.zdf.de/nachrichten/thema/boerse-aktienmarkt-100.html,20241009013634,cdx,
https://www.zdf.de/nachrichten/thema/liz-truss-108.html,20241010141344,cdx,
https://www.zdf.de/nachrichten/video/gesundheit-panikattacke-durch-cannabiskonsum-100.html,20241010140411,cdx,
https://www.zdf.de/nachrichten/video/lanz-lauterbach-corona-prantl-100.html,20241010133915,cdx,
https://www.zdf.de/nachrichten/video/panorama-bier-pulver-neuzelle-100.html,20241010233510,cdx,
https://www.zdf.de/nachrichten/video/panorama-erdbeben-betroffene-berichte-100.html,20241010140235,cdx,
https://www.zdf.de/nachrichten/video/panorama-plastik-flaschen-100.html,20241009111319,cdx,
https://www.zdf.de/nachrichten/video/panorama-trans-schauspieler-brix-100.html,20241009230129,cdx,
https://www.zdf.de/nachrichten/video/politik--hamas-mekhennet-illner-video-100.html,20241009205901,cdx,
https://www.zdf.de/nachrichten/video/politik-lanz-cdu-thueringen-chef-voigt-tv-duell-mit-hoecke-100.html,20241009065642,cdx,
https://www.zdf.de/nachrichten/video/politik-lanz-esken-migration-100.html,20241010151948,cdx,
https://www.zdf.de/nachrichten/video/zdfheute-1-1-gerettete-geisel-noa-argamani-100.html,20241009060829,cdx,
https://www.zdf.de/nachrichten/wetter/er-wetter-hjo-fckw-100.html,20241010225616,cdx,
https://www.zdf.de/nachrichten/wirtschaft/25-jahre-ezb-europaeische-zentralbank-100.html,20241009095646,cdx,
https://www.zdf.de/nachrichten/wirtschaft/biontech-verlust-2024-corona-krebs-100.html,20241010133739,cdx,
https://www.zdf.de/nachrichten/wirtschaft/christiane-benner-ig-metall-chefin-100.html,20241009062345,cdx,
https://www.zdf.de/nachrichten/wirtschaft/flixtrain-ausbau-regionalverkehr-100.html,20241009020652,cdx,
https://www.zdf.de/nachrichten/wirtschaft/inflation-november-rueckgang-preise-100.html,20241010235124,cdx,
https://www.zdf.de/nachrichten/wirtschaft/inland-fluege-zahlen-klima-luftverkehr-100.html,20241009225150,cdx,
https://www.zdf.de/nachrichten/wirtschaft/ki-generativ-eu-studie-deutschland-100.html,20241009065244,cdx,
https://www.zdf.de/nachrichten/wirtschaft/krankheitsfall-fehlzeiten-beschaeftigte-aok-100.html,20241009023907,cdx,
https://www.zdf.de/nachrichten/wirtschaft/lieferketten-eu-nachhaltig-kinderarbeit-umwelt-100.html,20241009070119,cdx,
https://www.zdf.de/nachrichten/wirtschaft/lufthansa-discover-streik-gewerkschaften-ufo-cockpit-100.html,20241009230655,cdx,
https://www.zdf.de/nachrichten/wirtschaft/solar-energie-strom-waerme-energiewende-100.html,20241009111555,cdx,
https://www.zdf.de/nachrichten/wirtschaft/strom-preise-stromnetz-100.html,20241010011351,cdx,
https://www.zdf.de/nachrichten/wirtschaft/unternehmen/audi-protest-mitarbeiter-bruessel-belgien-100.html,20241009011509,cdx,
https://www.zdf.de/nachrichten/wirtschaft/unternehmen/bahnstreik-gdl-bahn-klage-eilantrag-100.html,20241010233214,cdx,
https://www.zdf.de/nachrichten/wirtschaft/unternehmen/bahnstreik-gdl-deutsche-bahn-ab-10-januar-100.html,20241010140247,cdx,
https://www.zdf.de/nachrichten/wirtschaft/unternehmen/bahnstreik-gdl-lokfuehrer-weselsky-100.html,20241009200749,cdx,
https://www.zdf.de/nachrichten/wirtschaft/unternehmen/baubranche-nachhaltiges-bauen-co2-plan-b-100.html,20241009105837,cdx,
https://www.zdf.de/nachrichten/wirtschaft/unternehmen/google-us-regierung-zerschlagung-monopol-100.html,20241010014849,cdx,
https://www.zdf.de/nachrichten/wirtschaft/unternehmen/ig-metall-sondervermoegen-industrie-100.html,20241009101554,cdx,
https://www.zdf.de/nachrichten/wirtschaft/unternehmen/inflation-grosshandel-preise-sinken-100.html,20241009094546,cdx,
https://www.zdf.de/nachrichten/wirtschaft/unternehmen/insolvenz-pleite-rekord-alarm-100.html,20241010011351,cdx,
https://www.zdf.de/nachrichten/wirtschaft/unternehmen/lufthansa-einstieg-ita-airways-italien-fluggesellschaft-eu-kommission-100.html,20241010072107,cdx,
https://www.zdf.de/nachrichten/wirtschaft/unternehmen/post-zuverlaessigkeit-bundesnetzagentur-100.html,20241009113945,cdx,
https://www.zdf.de/nachrichten/wirtschaft/unternehmen/rosneft-deutschland-betrug-klimaschutz-zertifikat-100.html,20241009131850,cdx,
https://www.zdf.de/nachrichten/wirtschaft/unternehmen/wissing-bahn-bundesrechnungshof-100.html,20241009100415,cdx,
https://www.zdf.de/nachrichten/wirtschaft/zoelle-eu-china-brandy-elektroauto-100.html,20241009020855,cdx,
https://www.zdf.de/nachrichten/wissen/amazonas-archaeologie-verschwundene-stadt-ecuador-100.html,20241010083158,cdx,
https://www.zdf.de/nachrichten/wissen/chemie-nobelpreis-baker-hassabis-jumper-100.html,20241009105450,cdx,
https://www.zdf.de/nachrichten/wissen/hera-mission-esa-asteroid-dimorphos-100.html,20241009024819,cdx,
https://www.zdf.de/nachrichten/wissen/hitze-temperatur-europa-kontinente-klimawandel-100.html,20241009013130,cdx,
https://www.zdf.de/nachrichten/wissen/klima-copernicus-2023-waermstes-jahr-100.html,20241010075012,cdx,
https://www.zdf.de/nachrichten/wissen/spanien-dinosaurier-kreidezeit-lo-hueco-100.html,20241009000754,cdx,
https://www.zdf.de/nachrichten/wissen/wald-klima-holz-kohlenstoffspeicher-100.html,20241009020750,cdx,
https://www.zdf.de/nachrichten/zdfspezial/zdf-spezial---terror-in-moskau-clip-2-100.html,20241009183551,cdx,
https://www.zdf.de/nachrichten/bilder/bildergalerie-dall-e-3-100.html,20241011211150,cdx,
https://www.zdf.de/nachrichten/briefing/bahn-haushalt-heinrich-zdfheute-update-100.html,20241012220641,cdx,
https://www.zdf.de/nachrichten/briefing/bayern-soeder-kreuzerlass-zdfheute-update-100.html,20241012074550,cdx,
https://www.zdf.de/nachrichten/briefing/cdu-grundsatzprogramm-konservativ-zdfheute-update-100.html,20241012062837,cdx,
https://www.zdf.de/nachrichten/briefing/gentechnik-tierhaltung-volksaufstand-laenderspiel-zdfheute-update-100.html,20241011081135,cdx,
https://www.zdf.de/nachrichten/briefing/ki-regulierung-rzepka-zdfheute-update-100.html,20241012135854,cdx,
https://www.zdf.de/nachrichten/briefing/letzte-generation-klimaprotest-brecht-zdfheute-update-102.html,20241011174009,cdx,
https://www.zdf.de/nachrichten/briefing/mieten-wohnungsmarkt-brecht-zdfheute-update-100.html,20241012012233,cdx,
https://www.zdf.de/nachrichten/briefing/migration-klimaziele-pontzen-zdfheute-update-100.html,20241012061730,cdx,
https://www.zdf.de/nachrichten/briefing/migration-russland-finnland-schleuser-pieper-zdfheute-update-100.html,20241011175454,cdx,
https://www.zdf.de/nachrichten/briefing/putin-trump-blitzer-zdfheute-update-100.html,20241012124456,cdx,
https://www.zdf.de/nachrichten/briefing/rechtsextremismus-migranten-kanzleramt-banerjee-zdfheute-update-100.html,20241012215659,cdx,
https://www.zdf.de/nachrichten/briefing/russland-weimarer-dreieck-champions-league-heinrich-zdfheute-update-100.html,20241012185447,cdx,
https://www.zdf.de/nachrichten/digitales/corona-aerzte-drohung-100.html,20241011052856,cdx,
https://www.zdf.de/nachrichten/digitales/corona-telegram-gespraech-ministerien-100.html,20241011095044,cdx,
https://www.zdf.de/nachrichten/drehscheibe/auto-winterfest-winterreifen-frostschutz-tipps-100.html,20241012002125,cdx,
https://www.zdf.de/nachrichten/heute/bilder/polarstern-118.html,20241012140020,cdx,
https://www.zdf.de/nachrichten/heute/bilder/traumschiff-kapitaene-100.html,20241012133701,cdx,
https://www.zdf.de/nachrichten/heute/bilder/zehn-jahre-nach-dem-erdbeben-in-laquila-italien-100.html,20241012232007,cdx,
https://www.zdf.de/nachrichten/heute/forscher-finden-laengste-salzhoehle-der-welt-in-israel-100.html,20241012190044,cdx,
https://www.zdf.de/nachrichten/heute/isenheimer-altar-114.html,20241012232151,cdx,
https://www.zdf.de/nachrichten/panorama/abnehmspritze-wegovy-deutschland-100.html,20241011173258,cdx,
https://www.zdf.de/nachrichten/panorama/anbaden-ostsee-ruegen-mai-wetter-100.html,20241012011425,cdx,
https://www.zdf.de/nachrichten/panorama/arbeitszeit-vier-tage-woche-gewerkschaften-fachkraeftemangel-100.html,20241011185051,cdx,
https://www.zdf.de/nachrichten/panorama/arved-fuchs-polarforscher-geburtstag-klimawandel-100.html,20241012134022,cdx,
https://www.zdf.de/nachrichten/panorama/atemwegserkrankung-feiertage-corona-grippe-erkaeltung-100.html,20241011211355,cdx,
https://www.zdf.de/nachrichten/panorama/atlas-zivilgesellschaft-repression-100.html,20241012221149,cdx,
https://www.zdf.de/nachrichten/panorama/baeren-spuren-tirol-100.html,20241012001412,cdx,
https://www.zdf.de/nachrichten/panorama/baldwin-neu-anklage-filmdreh-schuss-100.html,20241012062641,cdx,
https://www.zdf.de/nachrichten/panorama/beruehrung-studie-massage-umarmung-100.html,20241011180546,cdx,
https://www.zdf.de/nachrichten/panorama/biden-god-save-the-queen-100.html,20241011205543,cdx,
https://www.zdf.de/nachrichten/panorama/big-brother-sexueller-missbrauch-spanien-urteil-100.html,20241011191121,cdx,
https://www.zdf.de/nachrichten/panorama/commander-schaeferhund-biden-weisses-haus-sicherheit-100.html,20241012221518,cdx,
https://www.zdf.de/nachrichten/panorama/deutsche-gleitschirmpilotin-toedlicher-unfall-seilbahn-gondel-100.html,20241011211840,cdx,
https://www.zdf.de/nachrichten/panorama/die-kaiserin-international-emmy-100.html,20241011212727,cdx,
https://www.zdf.de/nachrichten/panorama/donald-trump-jean-carroll-autorin-usa-verleumdungsprozess-entschaedigung-100.html,20241012220934,cdx,
https://www.zdf.de/nachrichten/panorama/drogen-sucht-benzos-100.html,20241011190847,cdx,
https://www.zdf.de/nachrichten/panorama/fast-fashion-textilmuell-kleidung-100.html,20241012182220,cdx,
https://www.zdf.de/nachrichten/panorama/friedensnobelpreis-zehn-jahre-100.html,20241011181419,cdx,
https://www.zdf.de/nachrichten/panorama/golden-globes-oppenheimer-barbie-100.html,20241012131726,cdx,
https://www.zdf.de/nachrichten/panorama/grossglockner-biwak-oesterreich-100.html,20241011223404,cdx,
https://www.zdf.de/nachrichten/panorama/grossroehrsdorf-kirche-feuer-brand-wiederaufbau-100.html,20241012062816,cdx,
https://www.zdf.de/nachrichten/panorama/hacker-china-datenklau-100.html,20241012215140,cdx,
https://www.zdf.de/nachrichten/panorama/hochwasser-deutschland-unwetter-dauerregen-100.html,20241012070258,cdx,
https://www.zdf.de/nachrichten/panorama/hochwasser-lage-deutschland-keine-entwarnung-100.html,20241012121823,cdx,
https://www.zdf.de/nachrichten/panorama/hollywood-schauspieler-gewerkschaft-studios-zustimmung-100.html,20241011180750,cdx,
https://www.zdf.de/nachrichten/panorama/karneval-rio-gegen-rassismus-samba-100.html,20241011191250,cdx,
https://www.zdf.de/nachrichten/panorama/kinder-klimawandel-flucht-duerre-unicef-100.html,20241011201219,cdx,
https://www.zdf.de/nachrichten/panorama/kino-filme-highlights-2024-100.html,20241012062613,cdx,
https://www.zdf.de/nachrichten/panorama/kirche-steuer-umfrage-yougov-100.html,20241011172125,cdx,
https://www.zdf.de/nachrichten/panorama/kirche-umfrage-religion-austritte-evangelisch-katholisch-100.html,20241011183038,cdx,
https://www.zdf.de/nachrichten/panorama/klimaschutz-earth-hour-aktion-weltweit-100.html,20241012185642,cdx,
https://www.zdf.de/nachrichten/panorama/kriminalitaet/amoklauf-winnenden-schule-opfer-waffen-recht-polizei-100.html,20241012000644,cdx,
https://www.zdf.de/nachrichten/panorama/kriminalitaet/bombendrohung-schule-100.html,20241011173317,cdx,
https://www.zdf.de/nachrichten/panorama/kriminalitaet/bombendrohung-thueringen-schule-antenne-100.html,20241011183439,cdx,
https://www.zdf.de/nachrichten/panorama/kriminalitaet/bombendrohungen-schulen-verdaechtige-ermittelt-baden-wuerttemberg-polizei-100.html,20241012140028,cdx,
https://www.zdf.de/nachrichten/panorama/kriminalitaet/cold-case-einbruch-mord-dna-100.html,20241011181309,cdx,
https://www.zdf.de/nachrichten/panorama/kriminalitaet/corona-test-stationen-betrug-steuern-100.html,20241011171141,cdx,
https://www.zdf.de/nachrichten/panorama/kriminalitaet/cyberkriminalitaet-deutschland-bitkom-umfrage-100.html,20241012115655,cdx,
https://www.zdf.de/nachrichten/panorama/kriminalitaet/darfur-frauen-vergewaltigung-100.html,20241012073336,cdx,
https://www.zdf.de/nachrichten/panorama/kriminalitaet/droge-flex-niedersachsen-heroin-kokain-100.html,20241012215750,cdx,
https://www.zdf.de/nachrichten/panorama/kriminalitaet/encrochat-eugh-krypto-messenger-verbrecher-100.html,20241012001853,cdx,
https://www.zdf.de/nachrichten/panorama/kriminalitaet/frankreich-bombendrohungen-schueler-flughafen-gericht-universitaet-100.html,20241011205512,cdx,
https://www.zdf.de/nachrichten/panorama/kriminalitaet/jugendlicher-festgenommen-sechsjaehriger-tot-100.html,20241011181751,cdx,
https://www.zdf.de/nachrichten/panorama/kriminalitaet/lohr-14-jaehriger-tot-schule-100.html,20241011184617,cdx,
https://www.zdf.de/nachrichten/panorama/kriminalitaet/offenburg-schule-schiesserei-100.html,20241011183627,cdx,
https://www.zdf.de/nachrichten/panorama/kriminalitaet/pfarrer-fulda-anklage-missbrauch-100.html,20241012185834,cdx,
https://www.zdf.de/nachrichten/panorama/kriminalitaet/prozessbeginn-kampfsportgruppe-knockout-51-neonazi-100.html,20241012124436,cdx,
https://www.zdf.de/nachrichten/panorama/kriminalitaet/razzia-durchsuchung-reichsbuerger-szene-100.html,20241011181923,cdx,
https://www.zdf.de/nachrichten/panorama/kriminalitaet/stichverletzung-familie-tot-kriminalitaet-100.html,20241012073041,cdx,
https://www.zdf.de/nachrichten/panorama/leseverhalten-buecher-junge-menschen-100.html,20241012193630,cdx,
https://www.zdf.de/nachrichten/panorama/lightfood-musiker-folk-100.html,20241012194747,cdx,
https://www.zdf.de/nachrichten/panorama/liveticker-sturmtief-zoltan-sturmflut-bahn-100.html,20241011191415,cdx,
https://www.zdf.de/nachrichten/panorama/minischwein-haustier-trend-kritik-100.html,20241011173626,cdx,
https://www.zdf.de/nachrichten/panorama/nationalsozialismus-nazi-verbrechen-alderney-holocaust-bunker-100.html,20241011184735,cdx,
https://www.zdf.de/nachrichten/panorama/prominente/elon-musk-biografie-buch-100.html,20241011180111,cdx,
https://www.zdf.de/nachrichten/panorama/prominente/epstein-ransome-sex-tapes-100.html,20241011182254,cdx,
https://www.zdf.de/nachrichten/panorama/prominente/ingrid-steeger-tot-100.html,20241011214715,cdx,
https://www.zdf.de/nachrichten/panorama/prominente/prinzessin-kate-royal-nicholl-100.html,20241012001031,cdx,
https://www.zdf.de/nachrichten/panorama/prominente/stars-promi-news-bilder-aktuell-oktober-2023-100.html,20241012061126,cdx,
https://www.zdf.de/nachrichten/panorama/republica-instagram-psyche-100.html,20241012074714,cdx,
https://www.zdf.de/nachrichten/panorama/russland-raumsonde-mond-luna-25-100.html,20241012072438,cdx,
https://www.zdf.de/nachrichten/panorama/sandra-hueller-kritikerpreis-los-angeles-100.html,20241012131351,cdx,
https://www.zdf.de/nachrichten/panorama/schottland-schaf-fiona-gerettet-highlands-100.html,20241012221128,cdx,
https://www.zdf.de/nachrichten/panorama/starkes-erdbeben-japan-warnung-tsunami-100.html,20241011180613,cdx,
https://www.zdf.de/nachrichten/panorama/studie-care-arbeit-unbezahlt-mehrheit-frauen-100.html,20241012193720,cdx,
https://www.zdf.de/nachrichten/panorama/sturm-ueberschwemmungen-irland-nordirland-england-frankreich-100.html,20241011195909,cdx,
https://www.zdf.de/nachrichten/panorama/tiefkuehlspinat-gehackt-rueckruf-metallspaene-100.html,20241011235648,cdx,
https://www.zdf.de/nachrichten/panorama/till-lindemann-rammstein-christoph-schneider-instagram-100.html,20241011093147,cdx,
https://www.zdf.de/nachrichten/panorama/twitter-elon-musk-richtlinie-konkurrenz-plattform-sperrung-100.html,20241012140151,cdx,
https://www.zdf.de/nachrichten/panorama/weihnachtsmarkt-musik-gema-100.html,20241011223109,cdx,
https://www.zdf.de/nachrichten/panorama/weltall-jupiter-esa-raumsonde-juice-100.html,20241012001939,cdx,
https://www.zdf.de/nachrichten/panorama/wespenspinne-ausbreitung-deutschland-100.html,20241011183527,cdx,
https://www.zdf.de/nachrichten/panorama/winter-temperaturen-schweden-finnland-100.html,20241012002414,cdx,
https://www.zdf.de/nachrichten/panorama/woelki-missbrauch-skandal-anzeige-mann-100.html,20241011171435,cdx,
https://www.zdf.de/nachrichten/politik/afd-joerg-meuthen-ruecktritt-100.html,20241011170653,cdx,
https://www.zdf.de/nachrichten/politik/ausland/50-jahre-auslandsjournal-china-russland-pressefreiheit-100.html,20241012220955,cdx,
https://www.zdf.de/nachrichten/politik/ausland/afd-marine-le-pen-rassemblement-national-100.html,20241012124054,cdx,
https://www.zdf.de/nachrichten/politik/ausland/argentinien-brics-mitgliedschaft-milei-100.html,20241012120012,cdx,
https://www.zdf.de/nachrichten/politik/ausland/aserbaidschan-armenien-konflikt-interview-100.html,20241012190542,cdx,
https://www.zdf.de/nachrichten/politik/ausland/awdijiwka-geheimdienstbericht-london-ukraine-krieg-russland-100.html,20241012060228,cdx,
https://www.zdf.de/nachrichten/politik/ausland/bauernproteste-bauerndemos-frankreich-100.html,20241012121649,cdx,
https://www.zdf.de/nachrichten/politik/ausland/biden-besuch-zerstoerung-maui-hawaii-100.html,20241011190507,cdx,
https://www.zdf.de/nachrichten/politik/ausland/bin-laden-brief-amerika-tiktok-100.html,20241012135553,cdx,
https://www.zdf.de/nachrichten/politik/ausland/bundesregierung-fluechtlinge-niederlage-ukraine-krieg-russland-100.html,20241011220309,cdx,
https://www.zdf.de/nachrichten/politik/ausland/buschmann-einberufung-ukraine-krieg-russland-100.html,20241012135732,cdx,
https://www.zdf.de/nachrichten/politik/ausland/cherson-marschflugkoerper-gegenoffensive-ukraine-krieg-russland-100.html,20241012073846,cdx,
https://www.zdf.de/nachrichten/politik/ausland/donald-trump-ukraine-sigmar-gabriel-100.html,20241012072844,cdx,
https://www.zdf.de/nachrichten/politik/ausland/ecuador-praesidentschaftskandidat-getoetet-ausnahmezustand-100.html,20241012135848,cdx,
https://www.zdf.de/nachrichten/politik/ausland/eu-ausschuss-glyphosat-abstimmung-100.html,20241011181805,cdx,
https://www.zdf.de/nachrichten/politik/ausland/eu-gesetz-pornografie-internet-medien-100.html,20241011223458,cdx,
https://www.zdf.de/nachrichten/politik/ausland/eu-schulden-regeln-klimaziele-investitionen-kritik-100.html,20241011222934,cdx,
https://www.zdf.de/nachrichten/politik/ausland/first-lady-selenskyj-selenska-warnt-nachlassende-hilfe-ukraine-krieg-russland-100.html,20241012125604,cdx,
https://www.zdf.de/nachrichten/politik/ausland/frankreich-einwanderung-migration-gesetz-parlament-100.html,20241012135040,cdx,
https://www.zdf.de/nachrichten/politik/ausland/frankreich-lehrer-mord-paty-urteile-100.html,20241012000524,cdx,
https://www.zdf.de/nachrichten/politik/ausland/fussballer-israel-tuerkei-ermittlungen-100.html,20241011190806,cdx,
https://www.zdf.de/nachrichten/politik/ausland/gauck-antisemitismus-deutschland-israel-100.html,20241012121233,cdx,
https://www.zdf.de/nachrichten/politik/ausland/gaza-hunger-hilfslieferung-israel-assan-100.html,20241012071205,cdx,
https://www.zdf.de/nachrichten/politik/ausland/gaza-israel-meron-mendel-nahost-konflikt-100.html,20241012074856,cdx,
https://www.zdf.de/nachrichten/politik/ausland/gaza-kinder-who-israel-100.html,20241012212429,cdx,
https://www.zdf.de/nachrichten/politik/ausland/gaza-zerstoerung-ueber-haelfte-bbc-100.html,20241011223744,cdx,
https://www.zdf.de/nachrichten/politik/ausland/gefluechtete-deutschland-ukraine-krieg-russland-100.html,20241011212049,cdx,
https://www.zdf.de/nachrichten/politik/ausland/geiseln-hamas-katar-israel-100.html,20241012200054,cdx,
https://www.zdf.de/nachrichten/politik/ausland/grossbritannien-geheimdienst-wagner-gruppe-ukraine-krieg-russland-100.html,20241012221136,cdx,
https://www.zdf.de/nachrichten/politik/ausland/guatemala-arevalo-wahl-staatschef-100.html,20241012061155,cdx,
https://www.zdf.de/nachrichten/politik/ausland/hamas-tunnel-system-flutung-israel-nahost-konflikt-100.html,20241012074918,cdx,
https://www.zdf.de/nachrichten/politik/ausland/heusgen-verhandlungsloesung-ukraine-krieg-russland-100.html,20241011181937,cdx,
https://www.zdf.de/nachrichten/politik/ausland/iran-anschlag-is-bekennt-sich-terrormiliz-tote-kerman-100.html,20241012135946,cdx,
https://www.zdf.de/nachrichten/politik/ausland/iran-explosionen-grab-general-soleimani-100.html,20241011172702,cdx,
https://www.zdf.de/nachrichten/politik/ausland/iran-raketen-syrien-irak-100.html,20241011190219,cdx,
https://www.zdf.de/nachrichten/politik/ausland/israel-angriff-hamas-ziele-gaza-100.html,20241011185514,cdx,
https://www.zdf.de/nachrichten/politik/ausland/israel-esc-eurovision-song-contest-songtext-100.html,20241012124516,cdx,
https://www.zdf.de/nachrichten/politik/ausland/israel-hamas-angriff-terror-einheit-protest-100.html,20241012064828,cdx,
https://www.zdf.de/nachrichten/politik/ausland/israel-justizreform-oberstes-gericht-urteil-100.html,20241012122416,cdx,
https://www.zdf.de/nachrichten/politik/ausland/israel-siedler-reaktionen-100.html,20241011181049,cdx,
https://www.zdf.de/nachrichten/politik/ausland/israel-vergeltung-hamas-100.html,20241011191709,cdx,
https://www.zdf.de/nachrichten/politik/ausland/jemen-ministerpraesident-huthi-mubarak-100.html,20241011190707,cdx,
https://www.zdf.de/nachrichten/politik/ausland/kadyrow-tschetschenien-kriegsgefangene-austausch-ukraine-krieg-russland-100.html,20241011182117,cdx,
https://www.zdf.de/nachrichten/politik/ausland/kampfhandlungen-analyse-ukraine-krieg-russland-100.html,20241011215744,cdx,
https://www.zdf.de/nachrichten/politik/ausland/kaum-fortschritte-front-ukraine-krieg-russland-100.html,20241012214721,cdx,
https://www.zdf.de/nachrichten/politik/ausland/lanz-habeck-feldman-frieden-israel-100.html,20241012073656,cdx,
https://www.zdf.de/nachrichten/politik/ausland/leihmutter-kreta-kinderwunsch-ausbeutung-100.html,20241012063901,cdx,
https://www.zdf.de/nachrichten/politik/ausland/luxemburg-parlamentswahl-bettel-100.html,20241011184025,cdx,
https://www.zdf.de/nachrichten/politik/ausland/merz-taurus-ukraine-krieg-russland-100.html,20241011191339,cdx,
https://www.zdf.de/nachrichten/politik/ausland/moelling-expansion-ukraine-krieg-russland-100.html,20241012113700,cdx,
https://www.zdf.de/nachrichten/politik/ausland/montenegro-tunnel-gericht-clans-100.html,20241012225210,cdx,
https://www.zdf.de/nachrichten/politik/ausland/muenchner-sicherheitskonferenz-usa-putin-ukraine-krieg-russland-100.html,20241012201004,cdx,
https://www.zdf.de/nachrichten/politik/ausland/nato-atomwaffen-uebung-verteidigung-militaerbuendnis-100.html,20241012063148,cdx,
https://www.zdf.de/nachrichten/politik/ausland/nato-stoltenberg-tote-soldaten-ukraine-krieg-russland-100.html,20241012223521,cdx,
https://www.zdf.de/nachrichten/politik/ausland/nawalny-mutter-nawalnaja-suche-arktis-russland-putin-100.html,20241012121719,cdx,
https://www.zdf.de/nachrichten/politik/ausland/neuer-austausch-hoffnung-gefangene-ukraine-krieg-russland-100.html,20241012200618,cdx,
https://www.zdf.de/nachrichten/politik/ausland/nordkorea-kim-jong-un-putin-treffen-ukraine-krieg-russland-100.html,20241012231742,cdx,
https://www.zdf.de/nachrichten/politik/ausland/paralympics-2024-paris-bilanz-barrierefreiheit-100.html,20241012163019,cdx,
https://www.zdf.de/nachrichten/politik/ausland/polen-propaganda-medien-pis-regierungswechsel-100.html,20241011180938,cdx,
https://www.zdf.de/nachrichten/politik/ausland/rafah-offensive-israel-baerbock-gazastreifen-hamas-100.html,20241012130728,cdx,
https://www.zdf.de/nachrichten/politik/ausland/russland-mobilisierung-militaeranalyse-ukraine-krieg-100.html,20241011173539,cdx,
https://www.zdf.de/nachrichten/politik/ausland/russland-putin-waffenruhe-olympische-spiele-macron-ukraine-krieg-100.html,20241012183155,cdx,
https://www.zdf.de/nachrichten/politik/ausland/schifa-krankenhaus-evakuierung-gazastreifen-israel-100.html,20241011211754,cdx,
https://www.zdf.de/nachrichten/politik/ausland/scholz-besuch-israel-100.html,20241012073211,cdx,
https://www.zdf.de/nachrichten/politik/ausland/scholz-klimakonferenz-forderung-ausstieg-100.html,20241012123954,cdx,
https://www.zdf.de/nachrichten/politik/ausland/schwarzes-meer-flotte-krim-ukraine-militaeranalyse-krieg-russland-100.html,20241012124617,cdx,
https://www.zdf.de/nachrichten/politik/ausland/soldaten-muetter-frauen-russland-100.html,20241011000638,cdx,
https://www.zdf.de/nachrichten/politik/ausland/spanien-regierung-katalonien-puigdemont-100.html,20241012224143,cdx,
https://www.zdf.de/nachrichten/politik/ausland/spionage-deutschland-faeser-schutz-ukraine-krieg-russland-100.html,20241012183521,cdx,
https://www.zdf.de/nachrichten/politik/ausland/trump-fall-staatsanwaeltin-willis-beziehung-kollege-100.html,20241011191117,cdx,
https://www.zdf.de/nachrichten/politik/ausland/trump-steve-bannon-us-wahl-100.html,20241012012713,cdx,
https://www.zdf.de/nachrichten/politik/ausland/trump-supreme-court-immunitaet-100.html,20241011211942,cdx,
https://www.zdf.de/nachrichten/politik/ausland/tzipi-livni-israel-krieg-hamas-100.html,20241012212353,cdx,
https://www.zdf.de/nachrichten/politik/ausland/ueberschwemmungen-darna-helfer-100.html,20241012221109,cdx,
https://www.zdf.de/nachrichten/politik/ausland/ukraine-macron-bekraeftigt-bodentruppen-option-100.html,20241012184159,cdx,
https://www.zdf.de/nachrichten/politik/ausland/un-klimakonferenz-cop28-entwurf-abschluss-100.html,20241012214623,cdx,
https://www.zdf.de/nachrichten/politik/ausland/un-sicherheitsrat-israel-russland-brasilien-100.html,20241011170411,cdx,
https://www.zdf.de/nachrichten/politik/ausland/us-feministin-judith-butler-terror-hamas-israel-100.html,20241011181626,cdx,
https://www.zdf.de/nachrichten/politik/ausland/usa-ki-wahlkampf-pennsylvania-100.html,20241012183836,cdx,
https://www.zdf.de/nachrichten/politik/ausland/usa-militaer-kampfjet-100.html,20241012134505,cdx,
https://www.zdf.de/nachrichten/politik/ausland/usa-obdachlose-rassismus-bezahlbarer-wohnraum-100.html,20241012063239,cdx,
https://www.zdf.de/nachrichten/politik/ausland/verfassungsschutz-haldenwang-extremismus-sicherheit-deutschland-israel-100.html,20241011182239,cdx,
https://www.zdf.de/nachrichten/politik/ausland/wahl-praesident-usa-joe-biden-donald-trump-herausforderungen-100.html,20241011182040,cdx,
https://www.zdf.de/nachrichten/politik/ausland/wegner-antisemitismus-lanz-israel-haft-100.html,20241011211455,cdx,
https://www.zdf.de/nachrichten/politik/ausland/weltsicherheitsrat-resolution-humanitaere-hilfe-gaza-israel-100.html,20241011223227,cdx,
https://www.zdf.de/nachrichten/politik/ausland/wetter-front-ukraine-krieg-russland-100.html,20241012122102,cdx,
https://www.zdf.de/nachrichten/politik/ausland/wladimir-putin-krieg-ziele-nato-ukraine-russland-100.html,20241012232550,cdx,
https://www.zdf.de/nachrichten/politik/ausland/xi-silvesteransprache-taiwan-100.html,20241012193541,cdx,
https://www.zdf.de/nachrichten/politik/ausland/zwangsrekrutierung-kriegsverbrechen-ukraine-krieg-russland-100.html,20241012122240,cdx,
https://www.zdf.de/nachrichten/politik/catcalling-deutschland-straftat-sexuelle-belaestigung-100.html,20241011172019,cdx,
https://www.zdf.de/nachrichten/politik/china-strategie-abhaengigkeit-handel-ampel-streit-100.html,20241011183227,cdx,
https://www.zdf.de/nachrichten/politik/demo-rechts-extremismus-ampel-muenchen-100.html,20241012221425,cdx,
https://www.zdf.de/nachrichten/politik/deutschland/afd-verbot-debatte-papier-steinmeier-guenther-100.html,20241012063637,cdx,
https://www.zdf.de/nachrichten/politik/deutschland/afd-weidel-geheimtreffen-reaktion-hartwig-100.html,20241012213949,cdx,
https://www.zdf.de/nachrichten/politik/deutschland/ampel-koalition-verhandlungen-haushalt-100.html,20241012070818,cdx,
https://www.zdf.de/nachrichten/politik/deutschland/bauern-klima-protest-aktionen-vergleich-100.html,20241012002201,cdx,
https://www.zdf.de/nachrichten/politik/deutschland/berlin-silvester-staatsanwalt-bereitschaft-kriminalitaet-100.html,20241011191728,cdx,
https://www.zdf.de/nachrichten/politik/deutschland/bundestag-maut-lkw-schienennetz-sanierung-strasse-100.html,20241011175954,cdx,
https://www.zdf.de/nachrichten/politik/deutschland/bundeswehr-messenger-huawei-spionage-china-100.html,20241011211551,cdx,
https://www.zdf.de/nachrichten/politik/deutschland/cannabis-gesetz-kiffen-lauterbach-100.html,20241011181304,cdx,
https://www.zdf.de/nachrichten/politik/deutschland/co2-neuwagen-studie-icct-emissionen-100.html,20241012213658,cdx,
https://www.zdf.de/nachrichten/politik/deutschland/demo-gegen-rechts-potsdam-scholz-baerbock-100.html,20241012132947,cdx,
https://www.zdf.de/nachrichten/politik/deutschland/demonstrationen-protest-gegen-rechts-100.html,20241012063711,cdx,
https://www.zdf.de/nachrichten/politik/deutschland/demos-gegen-rechts-demonstration-rechtsextremismus-fakenews-manipulation-faktencheck-100.html,20241012211236,cdx,
https://www.zdf.de/nachrichten/politik/deutschland/deutsche-bahn-lokfuehrergewerkschaft-gdl-streik-angebot-verhandlungen-100.html,20241011223028,cdx,
https://www.zdf.de/nachrichten/politik/deutschland/digitalisierung-gesundheitssystem-lauterbach-100.html,20241011080904,cdx,
https://www.zdf.de/nachrichten/politik/deutschland/ecuador-politiker-ermordet-schuesse-praesidentschaftswahl-100.html,20241012220435,cdx,
https://www.zdf.de/nachrichten/politik/deutschland/elterngeld-einkommensgrenze-partnermonat-100.html,20241012062830,cdx,
https://www.zdf.de/nachrichten/politik/deutschland/faeser-abschiebung-paket-debatte-100.html,20241012120427,cdx,
https://www.zdf.de/nachrichten/politik/deutschland/gdl-bahn-streik-kritik-100.html,20241011210457,cdx,
https://www.zdf.de/nachrichten/politik/deutschland/habeck-daemmung-neubau-klimaschutzvorgaben-100.html,20241011075441,cdx,
https://www.zdf.de/nachrichten/politik/deutschland/illner-spahn-faeser-migrationspolitik-afd-100.html,20241011181229,cdx,
https://www.zdf.de/nachrichten/politik/deutschland/islamrat-kesici-cdu-de-vries-israel-gaza-hamas-moma-duell-100.html,20241012052550,cdx,
https://www.zdf.de/nachrichten/politik/deutschland/jennifer-morgan-cop28-dubai-klimakonferenz-100.html,20241011184931,cdx,
https://www.zdf.de/nachrichten/politik/deutschland/klimaaktivistin-letzte-generation-polizei-100.html,20241012215018,cdx,
https://www.zdf.de/nachrichten/politik/deutschland/klingbeil-spd-cdu-kritik-merz-grundsatzprogramm-100.html,20241012003436,cdx,
https://www.zdf.de/nachrichten/politik/deutschland/kommunen-waermeplanung-heizung-gesetz-forderung-100.html,20241011091239,cdx,
https://www.zdf.de/nachrichten/politik/deutschland/landwirtschaft-subventionen-agrardiesel-100.html,20241012131836,cdx,
https://www.zdf.de/nachrichten/politik/deutschland/lang-haushalt-nicht-kabinett-100.html,20241012180916,cdx,
https://www.zdf.de/nachrichten/politik/deutschland/lanz-auschwitz-ueberlebender-polen-afd-100.html,20241012223952,cdx,
https://www.zdf.de/nachrichten/politik/deutschland/lanz-neubauer-kuhle-klimaschutz-bundesregierung-100.html,20241012220452,cdx,
https://www.zdf.de/nachrichten/politik/deutschland/lanz-wolf-ausbreitung-deutschland-landwirt-100.html,20241012123515,cdx,
https://www.zdf.de/nachrichten/politik/deutschland/lehrte-bedrohungslage-arbeitsagentur-100.html,20241011003932,cdx,
https://www.zdf.de/nachrichten/politik/deutschland/lindner-luebeck-buergerdialog-bauern-100.html,20241011232015,cdx,
https://www.zdf.de/nachrichten/politik/deutschland/merz-soeder-kanzlerkandidatur-union-100.html,20241011212143,cdx,
https://www.zdf.de/nachrichten/politik/deutschland/migration-hasselmann-gruene-obergrenze-100.html,20241012230021,cdx,
https://www.zdf.de/nachrichten/politik/deutschland/migration-obergrenze-kommunen-sachsen-innenminister-100.html,20241012074911,cdx,
https://www.zdf.de/nachrichten/politik/deutschland/niedersachsen-hochwasser-bauern-landwirtschaft-100.html,20241012212719,cdx,
https://www.zdf.de/nachrichten/politik/deutschland/oktoberfest-sicherheit-islamismus-muenchen-100.html,20241011044522,cdx,
https://www.zdf.de/nachrichten/politik/deutschland/referendariat-lehrkraefte-kritik-100.html,20241012060917,cdx,
https://www.zdf.de/nachrichten/politik/deutschland/ruestung-industrie-bundeswehr-zeitenwende-100.html,20241012063308,cdx,
https://www.zdf.de/nachrichten/politik/deutschland/sachsen-remmo-clan-prozesskosten-100.html,20241011001653,cdx,
https://www.zdf.de/nachrichten/politik/deutschland/scholz-bundesregierung-tiktok-taurus-100.html,20241012005551,cdx,
https://www.zdf.de/nachrichten/politik/deutschland/scholz-regierungserklaerung-haushalt-100.html,20241012185531,cdx,
https://www.zdf.de/nachrichten/politik/deutschland/soeder-fluechtlinge-afd-deutschland-pakt-100.html,20241012232019,cdx,
https://www.zdf.de/nachrichten/politik/deutschland/soeder-proteste-rechtsextremismus-afd-ampel-100.html,20241011223358,cdx,
https://www.zdf.de/nachrichten/politik/deutschland/spd-vorstand-wiederwahl-esken-klingbeil-parteitag-100.html,20241012191256,cdx,
https://www.zdf.de/nachrichten/politik/deutschland/streik-unikliniken-aerzte-100.html,20241012114442,cdx,
https://www.zdf.de/nachrichten/politik/deutschland/trauerfeier-wolfgang-schauble-100.html,20241011222247,cdx,
https://www.zdf.de/nachrichten/politik/deutschland/verein-deutsche-sprache-vorstand-sloterdijk-rechtsextreme-100.html,20241011181355,cdx,
https://www.zdf.de/nachrichten/politik/deutschland/video-demonstration-falscher-ton-100.html,20241012011924,cdx,
https://www.zdf.de/nachrichten/politik/deutschland/weidel-brexit-eu-dexit-modell-deutschland-afd-100.html,20241012063643,cdx,
https://www.zdf.de/nachrichten/politik/deutschland/zdf-sommerinterview-klingbeil-spd-100.html,20241012123542,cdx,
https://www.zdf.de/nachrichten/politik/eu-militaer-uebung-verteidigung-100.html,20241012134057,cdx,
https://www.zdf.de/nachrichten/politik/grossbritannien-braverman-kritik-polizei-gaza-demos-sunak-100.html,20241011203914,cdx,
https://www.zdf.de/nachrichten/politik/heizung-ampel-kompromiss-habeck-duerr-kritik-spahn-100.html,20241011084544,cdx,
https://www.zdf.de/nachrichten/politik/illner-inflation-linnemann-kuehnert-100.html,20241012230916,cdx,
https://www.zdf.de/nachrichten/politik/iran-ebrahim-raisi-venezuela-usa-feind-100.html,20241012232351,cdx,
https://www.zdf.de/nachrichten/politik/klimawandel-emissionen-un-konferenz-forscher-cop-100.html,20241012200929,cdx,
https://www.zdf.de/nachrichten/politik/macron-besuch-deutschland-absage-krawalle-frankreich-100.html,20241012222628,cdx,
https://www.zdf.de/nachrichten/politik/marcel-reif-bundestag-holocaust-gedenken-szepesi-100.html,20241012232358,cdx,
https://www.zdf.de/nachrichten/politik/masala-interview-gegenoffensive-ukraine-krieg-russland-100.html,20241012220655,cdx,
https://www.zdf.de/nachrichten/politik/online-zugangsgesetz-behoerden-postfach-100.html,20241012062728,cdx,
https://www.zdf.de/nachrichten/politik/politbarometer-extra-landtagswahlen-bayern-hessen-102.html,20241011212122,cdx,
https://www.zdf.de/nachrichten/politik/prigoschin-aufstand-moskau-ukraine-krieg-russland-100.html,20241012211832,cdx,
https://www.zdf.de/nachrichten/politik/recep-tayyip-erdogan-vereidigung-tuerkei-wahl-100.html,20241012063212,cdx,
https://www.zdf.de/nachrichten/politik/roettgen-interview-macron-taiwan-eu-100.html,20241011172840,cdx,
https://www.zdf.de/nachrichten/politik/scholz-meloni-rom-treffen-100.html,20241011222717,cdx,
https://www.zdf.de/nachrichten/politik/serbien-belgrad-proteste-autobahn-100.html,20241011180536,cdx,
https://www.zdf.de/nachrichten/politik/taiwan-china-angriff-militaer-leaks-100.html,20241012210039,cdx,
https://www.zdf.de/nachrichten/politik/usa-proteste-polizeigewalt-rassismus-100.html,20241012125010,cdx,
https://www.zdf.de/nachrichten/politik/usa-schuldenobergrenze-yellen-100.html,20241012184940,cdx,
https://www.zdf.de/nachrichten/politik/weber-eu-parlament-macron-china-usa-100.html,20241011190914,cdx,
https://www.zdf.de/nachrichten/politik/wohnungsnot-miete-wohnungstausch-aeltere-familien-spd-kritik-100.html,20241012124730,cdx,
https://www.zdf.de/nachrichten/ratgeber/buchtipps-buecher-weihnachten-kaufen-100.html,20241012001307,cdx,
https://www.zdf.de/nachrichten/ratgeber/ehrenamt-kinderhospiz-100.html,20241012214400,cdx,
https://www.zdf.de/nachrichten/ratgeber/essen-pilze-spinat-aufwaermen-100.html,20241012062735,cdx,
https://www.zdf.de/nachrichten/ratgeber/familie-finanzen-care-arbeit-100.html,20241012185332,cdx,
https://www.zdf.de/nachrichten/ratgeber/fenster-streifenfrei-putzen-100.html,20241012011558,cdx,
https://www.zdf.de/nachrichten/ratgeber/gesundheit/adhs-erwachsene-frauen-angelina-boerger-100.html,20241011171445,cdx,
https://www.zdf.de/nachrichten/ratgeber/gesundheit/apfelessig-gesundheit-wirkung-100.html,20241011191451,cdx,
https://www.zdf.de/nachrichten/ratgeber/gesundheit/baby-stillen-saeugling-muttermilch-100.html,20241011222220,cdx,
https://www.zdf.de/nachrichten/ratgeber/gesundheit/bandscheibe-operation-physiotherapie-100.html,20241011190203,cdx,
https://www.zdf.de/nachrichten/ratgeber/gesundheit/blasenentzuendung-vorbeugen-tipps-100.html,20241011190132,cdx,
https://www.zdf.de/nachrichten/ratgeber/gesundheit/burnout-erschoepfung-chronisch-100.html,20241011191049,cdx,
https://www.zdf.de/nachrichten/ratgeber/gesundheit/chronische-entzuendung-forschung-100.html,20241011183105,cdx,
https://www.zdf.de/nachrichten/ratgeber/gesundheit/darmkrebs-frueherkennung-stuhltest-100.html,20241012063155,cdx,
https://www.zdf.de/nachrichten/ratgeber/gesundheit/erdnuss-erdnussallergie-medikamente-anaphylaktischer-schock-100.html,20241011184128,cdx,
https://www.zdf.de/nachrichten/ratgeber/gesundheit/ernaehrung-armut-kinder-essen-100.html,20241011220008,cdx,
https://www.zdf.de/nachrichten/ratgeber/gesundheit/haeusliche-pflege-angehoerige-training-100.html,20241012074821,cdx,
https://www.zdf.de/nachrichten/ratgeber/gesundheit/hebamme-beruf-studium-geburt-100.html,20241012153538,cdx,
https://www.zdf.de/nachrichten/ratgeber/gesundheit/heilung-hiv-leukaemie-100.html,20241011190414,cdx,
https://www.zdf.de/nachrichten/ratgeber/gesundheit/impfen-impfwoche-stiko-corona-masern-fsme-100.html,20241012011705,cdx,
https://www.zdf.de/nachrichten/ratgeber/gesundheit/inkontinenz-beckenbodentraining-blasenschwaeche-100.html,20241011174552,cdx,
https://www.zdf.de/nachrichten/ratgeber/gesundheit/kopfschmerzen-kinder-100.html,20241012200816,cdx,
https://www.zdf.de/nachrichten/ratgeber/gesundheit/meerschweinchen-hautpilz-ansteckung-100.html,20241011185756,cdx,
https://www.zdf.de/nachrichten/ratgeber/gesundheit/prostata-krebs-frueherkennung-psa-100.html,20241011222514,cdx,
https://www.zdf.de/nachrichten/ratgeber/gesundheit/psychotherapie-behandlung-wartezeit-krankenkasse-100.html,20241011191102,cdx,
https://www.zdf.de/nachrichten/ratgeber/gesundheit/rueckenschmerzen-chronisch-schmerztherapie-behandlung-100.html,20241011172739,cdx,
https://www.zdf.de/nachrichten/ratgeber/gesundheit/schimmel-lebensmittel-gefaehrlich-100.html,20241012060606,cdx,
https://www.zdf.de/nachrichten/ratgeber/gesundheit/sepsis-symptome-blutvergiftung-100.html,20241011222852,cdx,
https://www.zdf.de/nachrichten/ratgeber/gesundheit/vorsorge-frueherkennung-krebs-mann-100.html,20241011170820,cdx,
https://www.zdf.de/nachrichten/ratgeber/gesundheit/zoeliakie-gluten-unvertraeglichkeit-100.html,20241011171937,cdx,
https://www.zdf.de/nachrichten/ratgeber/gps-tracker-hund-katze-mikrochip-100.html,20241012221545,cdx,
https://www.zdf.de/nachrichten/ratgeber/job-frust-motivation-arbeit-firma-100.html,20241011173423,cdx,
https://www.zdf.de/nachrichten/ratgeber/kuendigung-arbeitsvertrag-arbeitsrecht-100.html,20241011184501,cdx,
https://www.zdf.de/nachrichten/ratgeber/muskelkater-vorbeugen-lindern-sport-102.html,20241011172049,cdx,
https://www.zdf.de/nachrichten/ratgeber/phishing-online-betrug-schutz-100.html,20241012221345,cdx,
https://www.zdf.de/nachrichten/ratgeber/schwimmen-lernen-schwimmhilfe-kinder-100.html,20241011172810,cdx,
https://www.zdf.de/nachrichten/ratgeber/sekt-champagner-preis-silvester-100.html,20241011173211,cdx,
https://www.zdf.de/nachrichten/ratgeber/streusalz-verboten-alternativen-100.html,20241012124716,cdx,
https://www.zdf.de/nachrichten/ratgeber/tee-sorten-teein-100.html,20241012092722,cdx,
https://www.zdf.de/nachrichten/ratgeber/urlaub-fotos-regeln-bauwerke-museen-100.html,20241011185410,cdx,
https://www.zdf.de/nachrichten/ratgeber/urlaub-reise-auto-bahn-flugzeug-hund-katze-haustier-100.html,20241011183146,cdx,
https://www.zdf.de/nachrichten/ratgeber/urlaub-terrasse-balkon-garten-design-100.html,20241011000143,cdx,
https://www.zdf.de/nachrichten/ratgeber/wespen-vertreiben-tipps-100.html,20241011233903,cdx,
https://www.zdf.de/nachrichten/ratgeber/whatsapp-messenger-channels-nachrichten-bearbeiten-100.html,20241011181652,cdx,
https://www.zdf.de/nachrichten/ratgeber/wintergrillen-draussen-tipps-rezept-100.html,20241012125053,cdx,
https://www.zdf.de/nachrichten/sport/american-football-nfl-frankfurt-kansas-city-chiefs-miami-dolphins-100.html,20241011100259,cdx,
https://www.zdf.de/nachrichten/sport/biathlon-weltcup-oestersund-franziska-preuss-philipp-nawrath-wintersport-100.html,20241012062334,cdx,
https://www.zdf.de/nachrichten/sport/bundesliga-wintertransfer-fenster-100.html,20241012231921,cdx,
https://www.zdf.de/nachrichten/sport/dhb-team-vor-halbfinale-daenemark-gislason-handball-em-2024-100.html,20241012073308,cdx,
https://www.zdf.de/nachrichten/sport/eishockey-del-halbfinale-fischtown-pinguins-100.html,20241012200756,cdx,
https://www.zdf.de/nachrichten/sport/eishockey-wm-frauen-tschechien-deutschland-viertelfinale-100.html,20241012002235,cdx,
https://www.zdf.de/nachrichten/sport/eishockey-wm-vorrunde-deutschland-finnland-100.html,20241012193350,cdx,
https://www.zdf.de/nachrichten/sport/fc-bayern-lazio-rom-achtelfinale-rueckspiel-champions-league-100.html,20241012000456,cdx,
https://www.zdf.de/nachrichten/sport/formel-1-rennstall-alpine-investoren-zverev-100.html,20241012124840,cdx,
https://www.zdf.de/nachrichten/sport/fussball-andreas-brehme-reaktionen-zum-tod-100.html,20241012201132,cdx,
https://www.zdf.de/nachrichten/sport/fussball-bolzplatz-geplatzer-dfl-investoren-deal-fan-proteste-folgen-100.html,20241012201024,cdx,
https://www.zdf.de/nachrichten/sport/fussball-bolzplatz-pauli-2-liga-trainer-huerzeler-100.html,20241012185716,cdx,
https://www.zdf.de/nachrichten/sport/fussball-bundesliga-13-spieltag-bayern-union-berlin-absage-100.html,20241011223417,cdx,
https://www.zdf.de/nachrichten/sport/fussball-bundesliga-9-spieltag-bayern-darmstadt-100.html,20241012070108,cdx,
https://www.zdf.de/nachrichten/sport/fussball-bundesliga-auftakt-nach-winterpause-100.html,20241011181157,cdx,
https://www.zdf.de/nachrichten/sport/fussball-bundesliga-dortmund-bochum-100.html,20241012131044,cdx,
https://www.zdf.de/nachrichten/sport/fussball-bundesliga-fans-protest-investoren-100.html,20241011222648,cdx,
https://www.zdf.de/nachrichten/sport/fussball-bundesliga-frauen-turbine-potsdam-abstieg-100.html,20241012115734,cdx,
https://www.zdf.de/nachrichten/sport/fussball-bundesliga-freiburg-kult-trainer-ruecktritt-100.html,20241012185635,cdx,
https://www.zdf.de/nachrichten/sport/fussball-bundesliga-hellmann-verbleib-eintracht-frankfurt-100.html,20241012012818,cdx,
https://www.zdf.de/nachrichten/sport/fussball-bundesliga-leverkusen-fc-bayern-spieltag-21-situation-muenchen-100.html,20241012221008,cdx,
https://www.zdf.de/nachrichten/sport/fussball-champions-league-ac-mailand-borussia-dortmund-bynoe-gittens-100.html,20241011181031,cdx,
https://www.zdf.de/nachrichten/sport/fussball-champions-league-ac-mailand-borussia-dortmund-gruppe-f-100.html,20241011180215,cdx,
https://www.zdf.de/nachrichten/sport/fussball-champions-league-braga-union-berlin-gruppe-c-100.html,20241012185656,cdx,
https://www.zdf.de/nachrichten/sport/fussball-champions-league-fc-bayern-muenchen-fcb-manchester-united-manu-gruppenphase-auftakt-102.html,20241012061506,cdx,
https://www.zdf.de/nachrichten/sport/fussball-champions-league-frauen-dfb-100.html,20241012070725,cdx,
https://www.zdf.de/nachrichten/sport/fussball-champions-league-frauen-fc-bayern-ajax-amsterdam-100.html,20241011191237,cdx,
https://www.zdf.de/nachrichten/sport/fussball-champions-league-manchester-united-bayern-muenschen-sieg-100.html,20241011204654,cdx,
https://www.zdf.de/nachrichten/sport/fussball-dfb-nagelsmann-kritik-kroos-100.html,20241012190125,cdx,
https://www.zdf.de/nachrichten/sport/fussball-dfb-pokal-kaiserslautern-nuernberg-vorschau-100.html,20241012211048,cdx,
https://www.zdf.de/nachrichten/sport/fussball-em-euro-dfb-kader-nominierung-nagelsmann-probleme-100.html,20241012184546,cdx,
https://www.zdf.de/nachrichten/sport/fussball-fifa-overmars-sperre-weltweit-100.html,20241011204544,cdx,
https://www.zdf.de/nachrichten/sport/fussball-frauen-champions-league-gruppenspiel-frankfurt-barcelona-100.html,20241012200025,cdx,
https://www.zdf.de/nachrichten/sport/fussball-frauen-eintracht-frankfurt-benfica-lissabon-freigang-100.html,20241012200743,cdx,
https://www.zdf.de/nachrichten/sport/fussball-frauen-nations-league-deutschland-wales-interimstrainer-hrubesch-100.html,20241012134721,cdx,
https://www.zdf.de/nachrichten/sport/fussball-frauen-wm-usa-trinity-rodman-dennis-100.html,20241011181821,cdx,
https://www.zdf.de/nachrichten/sport/fussball-lionel-messi-paris-st-germain-frankreich-ligue-1-100.html,20241011084925,cdx,
https://www.zdf.de/nachrichten/sport/fussball-nationalmannschaft-jahr-2023-hansi-flick-julian-nagelsmann-100.html,20241012221028,cdx,
https://www.zdf.de/nachrichten/sport/fussball-premier-league-fc-liverpool-fc-arsenal-klopp-100.html,20241012232059,cdx,
https://www.zdf.de/nachrichten/sport/fussball-tuerkei-supercup-fenerbahce-galatasaray-absage-atatuerk-100.html,20241011221848,cdx,
https://www.zdf.de/nachrichten/sport/handball-champions-league-barca-magdeburg-100.html,20241012135840,cdx,
https://www.zdf.de/nachrichten/sport/handball-em-2024-vorschau-dhb-gegner-aussenseiter-nordmazedonien-100.html,20241012131917,cdx,
https://www.zdf.de/nachrichten/sport/handball-olympia-quali-oesterreich-dhb-team-100.html,20241012201229,cdx,
https://www.zdf.de/nachrichten/sport/hauptrunde-deutschland-island-wolff-abwehr-handball-em-2024-100.html,20241012115616,cdx,
https://www.zdf.de/nachrichten/sport/joshua-hartmann-leichtathletik-wm-budapest-2023-100.html,20241012073501,cdx,
https://www.zdf.de/nachrichten/sport/leichtathletik-stabhochsprung-shawn-barber-verstorben-100.html,20241012135952,cdx,
https://www.zdf.de/nachrichten/sport/leroy-sane-rote-karte-testspiel-oesterreich-sperre-100.html,20241012195656,cdx,
https://www.zdf.de/nachrichten/sport/moegliche-vertragsverlaengerung-bundestrainer-julian-nagelsmann-em-2024-100.html,20241012185345,cdx,
https://www.zdf.de/nachrichten/sport/nations-league-frauen-niederlande-deutschland-olympia-qualifikation-100.html,20241012184726,cdx,
https://www.zdf.de/nachrichten/sport/olympia-cas-russland-sperre-berufung-100.html,20241012062634,cdx,
https://www.zdf.de/nachrichten/sport/panne-hymne-wiederholung-dhb-spiel-island-deutschland-handball-em-2024-100.html,20241011182101,cdx,
https://www.zdf.de/nachrichten/sport/paralympics-2024-vorschau-hoehepunkte-10-wettkampftag-100.html,20241012152046,cdx,
https://www.zdf.de/nachrichten/sport/qualifikation-zur-em-2024-100.html,20241011222913,cdx,
https://www.zdf.de/nachrichten/sport/rb-leipzig-tsg-hoffenheim-abendspiel-fussball-bundesliga-100.html,20241012135739,cdx,
https://www.zdf.de/nachrichten/sport/schweden-protest-niederlage-em-halbfinale-handball-em-2024-100.html,20241012124602,cdx,
https://www.zdf.de/nachrichten/sport/schwimmen-wm-2024-doha-katar-dsv-wellbrock-100.html,20241012201152,cdx,
https://www.zdf.de/nachrichten/sport/skispringen-vierschanzentournee-garmisch-partenkirchen-100.html,20241011223247,cdx,
https://www.zdf.de/nachrichten/sport/tennis-french-open-absage-rafael-nadal-100.html,20241012201158,cdx,
https://www.zdf.de/nachrichten/sport/tischtennis-wm-deutsche-maenner-team-im-finale-100.html,20241012130628,cdx,
https://www.zdf.de/nachrichten/sport/victor-boniface-bayer-leverkusen-serhou-guirassy-vfb-stuttgart-verletzt-100.html,20241012221538,cdx,
https://www.zdf.de/nachrichten/sport/wintersport-skispringen-wisla-super-team-100.html,20241011191157,cdx,
https://www.zdf.de/nachrichten/sport/wm-stadien-2026-100.html,20241012062505,cdx,
https://www.zdf.de/nachrichten/thema/hautkrankheiten-100.html,20241012185435,cdx,
https://www.zdf.de/nachrichten/thema/hunde-132.html,20241011181411,cdx,
https://www.zdf.de/nachrichten/thema/katholische-evangelische-christliche-kirche-missbrauch-100.html,20241011223137,cdx,
https://www.zdf.de/nachrichten/video/finanzminister-lindner-statement-haushalt-100.html,20241012064456,cdx,
https://www.zdf.de/nachrichten/video/panorama-bahn-streik-lokfuehrer-gehalt-100.html,20241012135707,cdx,
https://www.zdf.de/nachrichten/video/panorama-jugend-sueditalien-arbeitslosigkeit-100.html,20241012001933,cdx,
https://www.zdf.de/nachrichten/video/panorama-lanz-russische-kriegsgefangene-ukraine-100.html,20241011182010,cdx,
https://www.zdf.de/nachrichten/video/panorama-post-personalmangel-druck-100.html,20241011232737,cdx,
https://www.zdf.de/nachrichten/video/panorama-schach-betrug-turnier-100.html,20241011210223,cdx,
https://www.zdf.de/nachrichten/video/panorama-schoenheits-operationen-tuerkei-100.html,20241012230445,cdx,
https://www.zdf.de/nachrichten/video/panorama-unwetter-tornado-oklahoma-100.html,20241012231941,cdx,
https://www.zdf.de/nachrichten/video/panorama-waldbrand-hawaii-lahaina-100.html,20241011190340,cdx,
https://www.zdf.de/nachrichten/video/panorama-zinn-abbau-indonesien-100.html,20241012182321,cdx,
https://www.zdf.de/nachrichten/video/politik-illner-sewing-deutsche-bank-konsum-rueckgang-inflation-100.html,20241012062954,cdx,
https://www.zdf.de/nachrichten/video/politik-kinder-bevoelkerung-alter-china-100.html,20241012012751,cdx,
https://www.zdf.de/nachrichten/video/politik-lanz-habeck-wm-binde-tragen-100.html,20241011191326,cdx,
https://www.zdf.de/nachrichten/video/politik-lanz-hofreiter-zoff-ampel-100.html,20241011174428,cdx,
https://www.zdf.de/nachrichten/video/politik-lanz-stamp-abschiebungen-100.html,20241012120922,cdx,
https://www.zdf.de/nachrichten/video/politik-lanz-strack-zimmermann-wm-katar-100.html,20241011220738,cdx,
https://www.zdf.de/nachrichten/wirtschaft/arbeitsmarkt-wenig-qualifizierte-keine-jobs-100.html,20241011215854,cdx,
https://www.zdf.de/nachrichten/wirtschaft/auto-spritpreis-fuehrerschein-jahreswechsel-100.html,20241012122622,cdx,
https://www.zdf.de/nachrichten/wirtschaft/baubranche-personalabbau-krise-100.html,20241012232253,cdx,
https://www.zdf.de/nachrichten/wirtschaft/bitcoin-kryptobranche-waehrung-aufwind-100.html,20241012182700,cdx,
https://www.zdf.de/nachrichten/wirtschaft/branche-verband-shisha-bar-100.html,20241012212547,cdx,
https://www.zdf.de/nachrichten/wirtschaft/brot-preis-baecker-weizen-getreide-energie-100.html,20241011220055,cdx,
https://www.zdf.de/nachrichten/wirtschaft/china-wirtschaft-einwohnerzahlen-100.html,20241012132913,cdx,
https://www.zdf.de/nachrichten/wirtschaft/deutschland-dritter-platz-weltwirtschaft-japan-100.html,20241012132405,cdx,
https://www.zdf.de/nachrichten/wirtschaft/einbruch-e-auto-absatz-deutschland-100.html,20241011223049,cdx,
https://www.zdf.de/nachrichten/wirtschaft/elektronikmesse-ces-ki-kuenstliche-intelligenz-100.html,20241012214456,cdx,
https://www.zdf.de/nachrichten/wirtschaft/elon-musk-tesla-milliarden-verguetung-gekippt-100.html,20241011214015,cdx,
https://www.zdf.de/nachrichten/wirtschaft/elon-musk-x-eu-100.html,20241011084057,cdx,
https://www.zdf.de/nachrichten/wirtschaft/energiepreisbremse-ende-heizen-kosten-100.html,20241012055559,cdx,
https://www.zdf.de/nachrichten/wirtschaft/evg-bahn-streik-tarifkonflikt-ingenschay-100.html,20241012001919,cdx,
https://www.zdf.de/nachrichten/wirtschaft/ezb-leitzins-entscheidung-inflation-entwicklung-100.html,20241011203633,cdx,
https://www.zdf.de/nachrichten/wirtschaft/gdl-bahn-tarifverhandlungen-warnstreiks-100.html,20241012223629,cdx,
https://www.zdf.de/nachrichten/wirtschaft/griechenland-tourismus-urlaub-saison-service-personal-100.html,20241012190147,cdx,
https://www.zdf.de/nachrichten/wirtschaft/illustrator-kuenstliche-intelligenz-bild-generator-wuestefeld-100.html,20241011210054,cdx,
https://www.zdf.de/nachrichten/wirtschaft/inflation-deutschland-abschwaechung-verbraucher-preise-100.html,20241012190052,cdx,
https://www.zdf.de/nachrichten/wirtschaft/inflation-ezb-nagel-bundesbank-100.html,20241011190523,cdx,
https://www.zdf.de/nachrichten/wirtschaft/konjunktur-bruttosozialprodukt-prognose-100.html,20241012131015,cdx,
https://www.zdf.de/nachrichten/wirtschaft/lebenshaltungskosten-inflation-erspartes-yougov-studie-100.html,20241011183950,cdx,
https://www.zdf.de/nachrichten/wirtschaft/roboter-pflege-fachkraeftemangel-100.html,20241011223759,cdx,
https://www.zdf.de/nachrichten/wirtschaft/skimpflation-supermarkt-zutaten-einkauf-inflation-verbraucher-100.html,20241012122447,cdx,
https://www.zdf.de/nachrichten/wirtschaft/stahlindustrie-erneuerbare-energiewende-habeck-deutschland-100.html,20241011184554,cdx,
https://www.zdf.de/nachrichten/wirtschaft/steuersenkung-gaspreise-verbraucher-100.html,20241011092926,cdx,
https://www.zdf.de/nachrichten/wirtschaft/unternehmen/birkenstock-boerse-new-york-100.html,20241012062254,cdx,
https://www.zdf.de/nachrichten/wirtschaft/unternehmen/boeing-737-panne-triebwerksverkleidung-southwest-100.html,20241011235617,cdx,
https://www.zdf.de/nachrichten/wirtschaft/unternehmen/deutsche-bahn-gdl-lokfuehrer-gewerkschaft-tarifstreit-100.html,20241012124248,cdx,
https://www.zdf.de/nachrichten/wirtschaft/unternehmen/gastronomie-weiter-krise-statistik-100.html,20241011175750,cdx,
https://www.zdf.de/nachrichten/wirtschaft/unternehmen/gdl-weselsky-streik-lokfuehrer-bahn-zug-100.html,20241011190103,cdx,
https://www.zdf.de/nachrichten/wirtschaft/unternehmen/lufthansa-verdi-warnstreik-mittwoch-100.html,20241011191519,cdx,
https://www.zdf.de/nachrichten/wirtschaft/us-notenbank-fed-leitzins-konstant-inflation-100.html,20241011212002,cdx,
https://www.zdf.de/nachrichten/wirtschaft/verdi-streik-gesundheitswesen-universitaetskliniken-100.html,20241012072914,cdx,
https://www.zdf.de/nachrichten/wirtschaft/waehrung-digitaler-euro-ezb-100.html,20241012123916,cdx,
https://www.zdf.de/nachrichten/wirtschaft/wein-ernte-lese-herbst-100.html,20241011185004,cdx,
https://www.zdf.de/nachrichten/wirtschaft/windkraft-erneuerbare-energie-niedersachsen-100.html,20241012121520,cdx,
https://www.zdf.de/nachrichten/wirtschaft/wirtschaft-inflation-januar-sinken-deutlich-100.html,20241012074743,cdx,
https://www.zdf.de/nachrichten/wissen/astronaut-alexander-gerst-mond-mission-fossilien-erde-100.html,20241012223708,cdx,
https://www.zdf.de/nachrichten/wissen/biontech-krebs-forschung-impfstoff-100.html,20241012213732,cdx,
https://www.zdf.de/nachrichten/wissen/chatgpt-ki-technik-terrax-gert-scobel-kolumne-100.html,20241011222920,cdx,
https://www.zdf.de/nachrichten/wissen/corona-lauterbach-warnung-krankheitswelle-100.html,20241012063436,cdx,
https://www.zdf.de/nachrichten/wissen/delfin-wal-schweinswal-atlantik-schaetzung-meeressauger-100.html,20241012134845,cdx,
https://www.zdf.de/nachrichten/wissen/grundwasser-duerre-trinkwasser-deutschland-wasser-100.html,20241011173059,cdx,
https://www.zdf.de/nachrichten/wissen/klimaangst-kimawandel-krise-psychologe-heinzel-planet-e-100.html,20241012130754,cdx,
https://www.zdf.de/nachrichten/wissen/klimaschutz-im-krankenhaus-einsparpotenziale-100.html,20241012215501,cdx,
https://www.zdf.de/nachrichten/wissen/kraehender-hahn-laermbelaestigung-100.html,20241011174552,cdx,
https://www.zdf.de/nachrichten/wissen/marco-polo-asien-reisebericht-700-todestag-100.html,20241012125219,cdx,
https://www.zdf.de/nachrichten/wissen/physik-relativitaetstheorie-altern-terrax-suzanna-randall-kolumne-100.html,20241012115241,cdx,
https://www.zdf.de/nachrichten/wissen/raketenstarts-2024-jungfernfluege-weltall-100.html,20241012140158,cdx,
https://www.zdf.de/nachrichten/wissen/raumfahrt-2024-100.html,20241012232131,cdx,
https://www.zdf.de/nachrichten/wissen/strom-wellenkraftwerk-energie-israel-100.html,20241012223558,cdx,
https://www.zdf.de/nachrichten/zdfspezial/abschied-von-benedikt-xvi-clip-1-100.html,20241012140218,cdx,
https://www.zdf.de/nachrichten/zdfspezial/niklasch-spz-100.html,20241012011727,cdx,
https://www.zdf.de/nachrichten/zdfspezial/zdf-spezial---braende-in-europa---der-kampf-gegen-das-feuer-clip-1-100.html,20241011092029,cdx,
https://www.zdf.de/nachrichten/zdfspezial/zdf-spezial---corona-krise--was-hilft-in-der-vierten-welle-clip-2-100.html,20241011003925,cdx,
https://www.zdf.de/nachrichten/zdfspezial/zdf-spezial---eskalation-in-nahost-100.html,20241012005955,cdx,
https://www.zdf.de/nachrichten/zdfspezial/zdf-spezial---kampf-gegen-corona--krisentreffen-in-berlin-clip-2-100.html,20241012062409,cdx,
https://www.zdf.de/nachrichten/briefing/ampel-klimapolitik-urteil-zdfheute-update-100.html,20241014123601,cdx,
https://www.zdf.de/nachrichten/briefing/ampel-migration-energie-afrika-wiedemeyer-zdfheute-update-100.html,20241013230728,cdx,
https://www.zdf.de/nachrichten/briefing/bahn-gdl-streik-schaeuble-zdfheute-update-100.html,20241014001727,cdx,
https://www.zdf.de/nachrichten/briefing/brexit-grenzkontrollen-pieper-zdfheute-update-100.html,20241013224044,cdx,
https://www.zdf.de/nachrichten/briefing/cannabis-wachstumsgesetz-gaza-sicherheitsrat-eu-gipfel-hautcreme-zdfheute-update-100.html,20241014155048,cdx,
https://www.zdf.de/nachrichten/briefing/gewerkschaften-renaissance-barrett-zdfheute-update-100.html,20241014174605,cdx,
https://www.zdf.de/nachrichten/briefing/good-news-demokratie-mitbestimmung-zdfheute-update-100-102.html,20241013234023,cdx,
https://www.zdf.de/nachrichten/briefing/gruendonnerstag-ostern-krieg-gellinek-zdfheute-update-100.html,20241014140048,cdx,
https://www.zdf.de/nachrichten/briefing/haushalt-schuldenbremse-zimmermann-zdfheute-update-100.html,20241013115704,cdx,
https://www.zdf.de/nachrichten/briefing/kommunen-streiks-zimmermann-zdfheute-update-100.html,20241013222353,cdx,
https://www.zdf.de/nachrichten/briefing/migration-haushaltswoche-krankenhausgipfel-feldhoff-zdfheute-update-100.html,20241014052247,cdx,
https://www.zdf.de/nachrichten/briefing/ministerpraesidentenkonferenz-mpk-migration-fluechtlinge-zdfheute-update-100.html,20241013103204,cdx,
https://www.zdf.de/nachrichten/briefing/neonazis-nawalny-handball-zdfheute-update-100.html,20241013050859,cdx,
https://www.zdf.de/nachrichten/briefing/ukraine-biden-patriot-raketen-twitter-zdfheute-update-100.html,20241014160205,cdx,
https://www.zdf.de/nachrichten/briefing/ukraine-ramstein-spd-nationalmannschaft-sommer-update-100.html,20241014091029,cdx,
https://www.zdf.de/nachrichten/briefing/ukraine-stellungskrieg-brecht-zdfheute-update-100.html,20241014000352,cdx,
https://www.zdf.de/nachrichten/briefing/us-wahl-migration-bafoeg-zdfheute-update-100.html,20241014160527,cdx,
https://www.zdf.de/nachrichten/briefing/von-der-leyen-europa-hochwasser-groesch-zdfheute-update-100.html,20241013004856,cdx,
https://www.zdf.de/nachrichten/briefing/wirtschaftsprognose-wissenschaft-trump-zdfheute-update-100.html,20241014145639,cdx,
https://www.zdf.de/nachrichten/heute/bilder/bildergalerie-lebenswerteste-stadt-der-welt-100.html,20241014124425,cdx,
https://www.zdf.de/nachrichten/heute/bilder/rueckkehrer-paradise-112.html,20241014153601,cdx,
https://www.zdf.de/nachrichten/heute/die-schoensten-royalen-hochzeiten-des-jahrtausends-100.html,20241013111603,cdx,
https://www.zdf.de/nachrichten/heute/duerre-in-kapstadt-100.html,20241014180927,cdx,
https://www.zdf.de/nachrichten/heute/so-waehlten-junge-europaer-in-frankreich-polen-schweden-100.html,20241013053226,cdx,
https://www.zdf.de/nachrichten/panorama/74-berlinale-filmfest-start-100.html,20241014150145,cdx,
https://www.zdf.de/nachrichten/panorama/apple-pay-digitales-bezahlen-smartphone-app-100.html,20241013231245,cdx,
https://www.zdf.de/nachrichten/panorama/bahn-stoerung-funk-100.html,20241013015417,cdx,
https://www.zdf.de/nachrichten/panorama/bauernproteste-unfall-lkw-a66-100.html,20241014142446,cdx,
https://www.zdf.de/nachrichten/panorama/bdi-deutsche-bahn-ausbau-100.html,20241013041715,cdx,
https://www.zdf.de/nachrichten/panorama/boeing-kabinenteil-abriss-flugverbot-100.html,20241013235129,cdx,
https://www.zdf.de/nachrichten/panorama/borderline-syndrom-persoenlichkeitsstoerung-experte-100.html,20241014084501,cdx,
https://www.zdf.de/nachrichten/panorama/brand-seniorenheim-tote-bedburg-hau-100.html,20241014134048,cdx,
https://www.zdf.de/nachrichten/panorama/corona-impfschaden-antraege-100.html,20241014083057,cdx,
https://www.zdf.de/nachrichten/panorama/drogen-interpol-lateinamerika-100.html,20241014091503,cdx,
https://www.zdf.de/nachrichten/panorama/drohne-kiew-abschuss-ukraine-krieg-russland-100.html,20241013053534,cdx,
https://www.zdf.de/nachrichten/panorama/evangelische-kirche-missbrauch-studie-forum-kritik-100.html,20241014150718,cdx,
https://www.zdf.de/nachrichten/panorama/flughafen-frankfurt-drohne-fluege-ausfaelle-verspaetungen-100.html,20241014002110,cdx,
https://www.zdf.de/nachrichten/panorama/friedensnobelpreis-mohammadi-iran-alinejad-100.html,20241013040451,cdx,
https://www.zdf.de/nachrichten/panorama/hochwasser-frost-kaelte-deiche-wetter-winter-100.html,20241014124150,cdx,
https://www.zdf.de/nachrichten/panorama/hochwasserdemenz-sanierung-deiche-stocken-100.html,20241014083340,cdx,
https://www.zdf.de/nachrichten/panorama/ig-nobelpreis-wissenschaft-kuriose-studien-100.html,20241013133516,cdx,
https://www.zdf.de/nachrichten/panorama/imamin-sayran-ates-rushd-goethe-moschee-anschlagsplaene-100.html,20241014160040,cdx,
https://www.zdf.de/nachrichten/panorama/internationaler-frauentag-gleichberechtigung-geschichte-100.html,20241013053309,cdx,
https://www.zdf.de/nachrichten/panorama/japan-nackte-maenner-festival-somin-sai-eingestellt-100.html,20241013045553,cdx,
https://www.zdf.de/nachrichten/panorama/klima-studie-tourismus-nachhaltigkeit-preis-100.html,20241013045242,cdx,
https://www.zdf.de/nachrichten/panorama/klima-treibhausgase-ausstoss-co2-100.html,20241014120910,cdx,
https://www.zdf.de/nachrichten/panorama/klimawandel-sommer-wetter-hitze-hoechstwert-copernikus-100.html,20241014090141,cdx,
https://www.zdf.de/nachrichten/panorama/kongo-kalehe-ueberschwemmungen-tote-100.html,20241014184820,cdx,
https://www.zdf.de/nachrichten/panorama/kriminalitaet/greta-thunberg-london-gericht-100.html,20241014113254,cdx,
https://www.zdf.de/nachrichten/panorama/kriminalitaet/nacktbilder-erpressung-100.html,20241013040740,cdx,
https://www.zdf.de/nachrichten/panorama/kriminalitaet/neuschwanstein-attacke-haft-lebenslang-100.html,20241014081050,cdx,
https://www.zdf.de/nachrichten/panorama/kriminalitaet/razzia-hessen-lka-kinderpornografie-missbrauch-100.html,20241014191103,cdx,
https://www.zdf.de/nachrichten/panorama/mount-everest-bergsteiger-klimawandel-100.html,20241013053355,cdx,
https://www.zdf.de/nachrichten/panorama/oscars-hollywood-frauen-verleihung-minderheiten-100.html,20241013035257,cdx,
https://www.zdf.de/nachrichten/panorama/ostermarsch-frieden-demonstration-deutschland-100.html,20241014115157,cdx,
https://www.zdf.de/nachrichten/panorama/papst-franziskus-benedikt-buch-gaenswein-100.html,20241014121417,cdx,
https://www.zdf.de/nachrichten/panorama/pinera-chile-unfall-hubschrauber-100.html,20241014144329,cdx,
https://www.zdf.de/nachrichten/panorama/pokemon-karten-raub-haftstrafen-frankreich-100.html,20241014094648,cdx,
https://www.zdf.de/nachrichten/panorama/prominente/david-soul-schauspieler-starsky-hutch-100.html,20241014124309,cdx,
https://www.zdf.de/nachrichten/panorama/prominente/gunther-emmerlich-tot-100.html,20241013035130,cdx,
https://www.zdf.de/nachrichten/panorama/prominente/koenig-charles-bassey-scott-ehrungen-100.html,20241014093504,cdx,
https://www.zdf.de/nachrichten/panorama/prominente/neuer-mann-typ-soft-jock-rollenbild-100.html,20241014104126,cdx,
https://www.zdf.de/nachrichten/panorama/prominente/oscar-preistraeger-louis-gossett-jr-gestorben-100.html,20241014141733,cdx,
https://www.zdf.de/nachrichten/panorama/prominente/oscars-ikonische-looks-128.html,20241014124417,cdx,
https://www.zdf.de/nachrichten/panorama/prominente/prinzessin-kate-krankheit-mysterium-100.html,20241013115337,cdx,
https://www.zdf.de/nachrichten/panorama/prominente/stars-promi-news-bilder-aktuell-april-2024-100.html,20241013052212,cdx,
https://www.zdf.de/nachrichten/panorama/prominente/tote-promis-2023-100.html,20241013041441,cdx,
https://www.zdf.de/nachrichten/panorama/seltene-erkrankungen-forschung-therapie-dystrophie-100.html,20241014124703,cdx,
https://www.zdf.de/nachrichten/panorama/streaming-highlights-weihnachten-feiertage-2023-filme-serien-100.html,20241014174503,cdx,
https://www.zdf.de/nachrichten/panorama/suv-pkw-e-auto-markt-entwicklung-parkplatz-100.html,20241013115732,cdx,
https://www.zdf.de/nachrichten/panorama/sydney-trichternetzspinne-reptilienpark-gegengift-100.html,20241013042009,cdx,
https://www.zdf.de/nachrichten/panorama/taiwan-erdbeben-tote-verletzte-100.html,20241014094817,cdx,
https://www.zdf.de/nachrichten/panorama/tschernobyl-pilze-pilzbericht-radioaktiv-100.html,20241014060814,cdx,
https://www.zdf.de/nachrichten/panorama/twitter-zwei-faktor-authentifizierung-100.html,20241014121856,cdx,
https://www.zdf.de/nachrichten/panorama/umfrage-rollenbilder-kritik-100.html,20241014141050,cdx,
https://www.zdf.de/nachrichten/panorama/usa-boersenaufsicht-elon-musk-twitter-x-gericht-100.html,20241014002507,cdx,
https://www.zdf.de/nachrichten/panorama/waldbrand-brocken-harz-106.html,20241013141140,cdx,
https://www.zdf.de/nachrichten/panorama/waldbrand-harz-brocken-100.html,20241014042158,cdx,
https://www.zdf.de/nachrichten/panorama/weihnachten-einsamkeit-initiativen-100.html,20241013052518,cdx,
https://www.zdf.de/nachrichten/panorama/wetter-freitag-schnee-frost-nebel-100.html,20241013112250,cdx,
https://www.zdf.de/nachrichten/panorama/woelfe-abschuesse-lemke-100.html,20241014002329,cdx,
https://www.zdf.de/nachrichten/panorama/wwf-artenschutz-aussterben-tiere-umwelt-klima-100.html,20241013104852,cdx,
https://www.zdf.de/nachrichten/panorama/zwillinge-geburt-gebaermutter-mutter-100.html,20241014083359,cdx,
https://www.zdf.de/nachrichten/politik/49-euro-ticket-preis-bleibt-100.html,20241014110235,cdx,
https://www.zdf.de/nachrichten/politik/afd-aufschwung-umfrage-gruene-analyse-100.html,20241013103941,cdx,
https://www.zdf.de/nachrichten/politik/afghanistan-bundesregierung-taliban-warnung-100.html,20241013022243,cdx,
https://www.zdf.de/nachrichten/politik/ausland/100-todestag-lenin-100.html,20241013052543,cdx,
https://www.zdf.de/nachrichten/politik/ausland/alexej-nawalny-kremlkritiker-verschwunden-russland-100.html,20241014001953,cdx,
https://www.zdf.de/nachrichten/politik/ausland/angehoerige-geiseln-deal-hamas-israel-100.html,20241014180209,cdx,
https://www.zdf.de/nachrichten/politik/ausland/aserbaidschan-wahl-praesident-alijew-100.html,20241014135446,cdx,
https://www.zdf.de/nachrichten/politik/ausland/baerbock-lawrow-g20-ende-ukraine-krieg-russland-100.html,20241014144042,cdx,
https://www.zdf.de/nachrichten/politik/ausland/biden-demokraten-delegierte-new-hampshire-usa-vorwahl-100.html,20241013230125,cdx,
https://www.zdf.de/nachrichten/politik/ausland/biden-geiseln-abkommen-hamas-israel-100.html,20241013035027,cdx,
https://www.zdf.de/nachrichten/politik/ausland/chan-junis-gaza-flucht-israel-100.html,20241013101134,cdx,
https://www.zdf.de/nachrichten/politik/ausland/china-visum-deutsche-einreise-100.html,20241013223511,cdx,
https://www.zdf.de/nachrichten/politik/ausland/deutscher-frachter-rotes-meer-beschuss-jemen-huthis-100.html,20241014150820,cdx,
https://www.zdf.de/nachrichten/politik/ausland/estland-kallas-eu-ukraine-krieg-russland-100.html,20241014182317,cdx,
https://www.zdf.de/nachrichten/politik/ausland/eu-einigung-lieferkettengesetz-100.html,20241014160000,cdx,
https://www.zdf.de/nachrichten/politik/ausland/eu-ratspraesidentschaft-belgien-europawahl-ungarn-100.html,20241014120205,cdx,
https://www.zdf.de/nachrichten/politik/ausland/europa-verteidigung-bonds-militaer-usa-100.html,20241014191050,cdx,
https://www.zdf.de/nachrichten/politik/ausland/fluechtlinge-niederlage-ukraine-krieg-russland-100.html,20241014120550,cdx,
https://www.zdf.de/nachrichten/politik/ausland/gaza-bethlehem-weihnachten-israel-100.html,20241013120100,cdx,
https://www.zdf.de/nachrichten/politik/ausland/gaza-krankenhaus-hamas-israel-keller-100.html,20241014230955,cdx,
https://www.zdf.de/nachrichten/politik/ausland/gaza-resolution-vertagt-israel-100.html,20241013104156,cdx,
https://www.zdf.de/nachrichten/politik/ausland/gazastreifen-offensive-panzer-kaempfe-israel-100.html,20241014002434,cdx,
https://www.zdf.de/nachrichten/politik/ausland/geisel-kinder-israel-rueckkehr-hamas-nahost-konflikt-100.html,20241013041647,cdx,
https://www.zdf.de/nachrichten/politik/ausland/geiseln-verhandlungen-katar-hamas-israel-100.html,20241014111526,cdx,
https://www.zdf.de/nachrichten/politik/ausland/getreidedeal-verlaengert-ukraine-krieg-russland-100.html,20241014001151,cdx,
https://www.zdf.de/nachrichten/politik/ausland/greta-thunberg-festnahme-den-haag-100.html,20241013041919,cdx,
https://www.zdf.de/nachrichten/politik/ausland/grossbritannien-england-telefonbetrug-internetbetrug-100.html,20241014113818,cdx,
https://www.zdf.de/nachrichten/politik/ausland/habeck-militaer-angriffe-ukraine-krieg-russland-100.html,20241014153230,cdx,
https://www.zdf.de/nachrichten/politik/ausland/hamas-geiseln-toetung-israel-100.html,20241014113439,cdx,
https://www.zdf.de/nachrichten/politik/ausland/homosexuelle-afrika-diskriminierung-lgbtq-100.html,20241014082911,cdx,
https://www.zdf.de/nachrichten/politik/ausland/hyperschall-rakete-ukraine-krieg-russland-100.html,20241014150948,cdx,
https://www.zdf.de/nachrichten/politik/ausland/iron-beam-laser-raketenabwehr-israel-100.html,20241013040909,cdx,
https://www.zdf.de/nachrichten/politik/ausland/israel-armee-gazastreifen-krankenhaus-hamas-vorwuerfe-100.html,20241013233257,cdx,
https://www.zdf.de/nachrichten/politik/ausland/israel-hamas-geisel-tote-100.html,20241014083844,cdx,
https://www.zdf.de/nachrichten/politik/ausland/israel-hamas-geiseln-tunnel-nachbau-tel-aviv-levavi-100.html,20241014094011,cdx,
https://www.zdf.de/nachrichten/politik/ausland/israel-klassentreffen-hamas-anschlag-100.html,20241014113156,cdx,
https://www.zdf.de/nachrichten/politik/ausland/israel-netanjahu-rache-hamas-100.html,20241013235734,cdx,
https://www.zdf.de/nachrichten/politik/ausland/joe-biden-saudi-arabien-israel-hamas-angriff-100.html,20241014145347,cdx,
https://www.zdf.de/nachrichten/politik/ausland/kallas-estland-eu-gipfel-orban-100.html,20241014113117,cdx,
https://www.zdf.de/nachrichten/politik/ausland/kiew-drohnen-angriff-luftalarm-ukraine-krieg-russland-100.html,20241014002454,cdx,
https://www.zdf.de/nachrichten/politik/ausland/klimawandel-philippinen-flucht-ueberschwemmung-migration-100.html,20241014044037,cdx,
https://www.zdf.de/nachrichten/politik/ausland/kolumbien-kokain-produktion-frieden-prozess-gefahr-100.html,20241013053648,cdx,
https://www.zdf.de/nachrichten/politik/ausland/london-usa-angriff-jemen-huthi-nahost-100.html,20241013042858,cdx,
https://www.zdf.de/nachrichten/politik/ausland/milei-argentinien-parlament-zustimmung-reformpaket-100.html,20241013235203,cdx,
https://www.zdf.de/nachrichten/politik/ausland/milei-praesident-argentinien-reform-proteste-100.html,20241014122200,cdx,
https://www.zdf.de/nachrichten/politik/ausland/militaer-hilfen-usa-eu-ukraine-krieg-russland-100.html,20241014180410,cdx,
https://www.zdf.de/nachrichten/politik/ausland/minsk-ovks-gipfel-putin-ukraine-krieg-russland-100.html,20241013235833,cdx,
https://www.zdf.de/nachrichten/politik/ausland/niederlande-geert-wilders-rechtspopulist-100.html,20241014124458,cdx,
https://www.zdf.de/nachrichten/politik/ausland/nordkorea-rakete-westliche-bauteile-ukraine-krieg-russland-100.html,20241014083425,cdx,
https://www.zdf.de/nachrichten/politik/ausland/nordkorea-suedkorea-ueberlaeufer-migration-2023-100.html,20241014175021,cdx,
https://www.zdf.de/nachrichten/politik/ausland/oesterreich-kurz-anklage-verfahren-demokratie-100.html,20241014001412,cdx,
https://www.zdf.de/nachrichten/politik/ausland/orban-trump-praesident-des-friedens-100.html,20241014083326,cdx,
https://www.zdf.de/nachrichten/politik/ausland/papst-franziskus-aufruf-verhandlungen-ukraine-krieg-russland-100.html,20241013115923,cdx,
https://www.zdf.de/nachrichten/politik/ausland/polen-parlament-donald-tusk-kabinett-vertrauensfrage-100.html,20241014113811,cdx,
https://www.zdf.de/nachrichten/politik/ausland/polen-parlament-justiz-umbau-verfassungswidrig-100.html,20241014080232,cdx,
https://www.zdf.de/nachrichten/politik/ausland/proteste-hochschulen-gaza-antisemitismusbeauftragter-felix-klein-100.html,20241013095924,cdx,
https://www.zdf.de/nachrichten/politik/ausland/putin-nadeschdin-russland-wahl-praesident-krieg-ukraine-100.html,20241014191126,cdx,
https://www.zdf.de/nachrichten/politik/ausland/russland-todesstrafe-wiedereinfuehrung-diskussion-moskau-anschlag-100.html,20241014145126,cdx,
https://www.zdf.de/nachrichten/politik/ausland/schweden-nato-beitritt-offiziell-100.html,20241014175357,cdx,
https://www.zdf.de/nachrichten/politik/ausland/seenotrettung-libyen-ocean-viking-migration-100.html,20241014190256,cdx,
https://www.zdf.de/nachrichten/politik/ausland/selenskyj-ukraine-wehrdienst-verweigerer-krieg-russland-100.html,20241014001913,cdx,
https://www.zdf.de/nachrichten/politik/ausland/serbien-zadruga-reality-tv-100.html,20241013112827,cdx,
https://www.zdf.de/nachrichten/politik/ausland/sigmar-gabriel-deutschland-naher-osten-diplomatie-israel-100.html,20241014083944,cdx,
https://www.zdf.de/nachrichten/politik/ausland/slowakei-wahl-robert-fico-analyse-100.html,20241014103106,cdx,
https://www.zdf.de/nachrichten/politik/ausland/spanien-demonstration-sanchez-ruecktritt-100.html,20241013041427,cdx,
https://www.zdf.de/nachrichten/politik/ausland/super-tuesday-usa-biden-trump-haley-100.html,20241013105035,cdx,
https://www.zdf.de/nachrichten/politik/ausland/trump-schweigegeld-prozess-strafverkuendung-nach-wahl-100.html,20241013133221,cdx,
https://www.zdf.de/nachrichten/politik/ausland/tschechien-staatstrauer-tote-uni-prag-100.html,20241014174234,cdx,
https://www.zdf.de/nachrichten/politik/ausland/tuerkei-kommunalwahl-erdogan-100.html,20241013104424,cdx,
https://www.zdf.de/nachrichten/politik/ausland/us-kongress-hilfe-ukraine-krieg-russland-100.html,20241014184325,cdx,
https://www.zdf.de/nachrichten/politik/ausland/us-senator-vorwuerfe-schmiergeld-katar-100.html,20241013052017,cdx,
https://www.zdf.de/nachrichten/politik/ausland/usa-antisemitismus-uni-magill-ruecktritt-100.html,20241013110401,cdx,
https://www.zdf.de/nachrichten/politik/ausland/usa-biden-kritik-netanjahu-israel-100.html,20241013041939,cdx,
https://www.zdf.de/nachrichten/politik/ausland/usa-kongress-haushalt-einigung-shutdown-100.html,20241014111623,cdx,
https://www.zdf.de/nachrichten/politik/ausland/usa-mccarthy-biden-amtsenthebung-100.html,20241014185546,cdx,
https://www.zdf.de/nachrichten/politik/ausland/vatikan-papst-ukraine-weisse-fahne-kapitulation-100.html,20241014124534,cdx,
https://www.zdf.de/nachrichten/politik/ausland/venezuela-opposition-gonzalez-asyl-spanien-100.html,20241014060058,cdx,
https://www.zdf.de/nachrichten/politik/ausland/verfassungsrat-frankreich-einwanderungsgesetz-urteil-100.html,20241014083544,cdx,
https://www.zdf.de/nachrichten/politik/ausland/von-der-leyen-eu-ungarn-orban-100.html,20241013230959,cdx,
https://www.zdf.de/nachrichten/politik/ausland/wagner-kommadeur-regierung-gruppe-bachmut-ukraine-krieg-russland-100.html,20241013230701,cdx,
https://www.zdf.de/nachrichten/politik/ausland/wowan-lexus-kreml-propaganda-100.html,20241013230811,cdx,
https://www.zdf.de/nachrichten/politik/ausland/zwei-jahre-gefangenschaft-ukraine-liebe-krieg-russland-100.html,20241014172619,cdx,
https://www.zdf.de/nachrichten/politik/bauunternehmer-kritik-ampel-haushalt-100.html,20241014190944,cdx,
https://www.zdf.de/nachrichten/politik/butscha-jahrestag-ukraine-krieg-russland-100.html,20241013113132,cdx,
https://www.zdf.de/nachrichten/politik/deutschland/abtreibung-gegner-mediziner-schutz-100.html,20241014181033,cdx,
https://www.zdf.de/nachrichten/politik/deutschland/afd-deutschland-mitglieder-umfrage-sachsen-100.html,20241014002037,cdx,
https://www.zdf.de/nachrichten/politik/deutschland/afd-falschangaben-kandidaten-europawahl-100.html,20241013081643,cdx,
https://www.zdf.de/nachrichten/politik/deutschland/afd-geheimtreffen-thema-bundestag-spd-100.html,20241014150426,cdx,
https://www.zdf.de/nachrichten/politik/deutschland/agrarminister-protest-landwirt-buerokratie-100.html,20241013022151,cdx,
https://www.zdf.de/nachrichten/politik/deutschland/ampel-einigung-einbuergerungen-abschiebungen-asyl-100.html,20241013041434,cdx,
https://www.zdf.de/nachrichten/politik/deutschland/ampel-streit-meseberg-klingbeil-wirtschaft-100.html,20241014084126,cdx,
https://www.zdf.de/nachrichten/politik/deutschland/antisemitismus-hochschule-uni-berlin-100.html,20241014115918,cdx,
https://www.zdf.de/nachrichten/politik/deutschland/auto-gipfel-scholz-berlin-e-auto-mobilitaet-elektroauto-klima-100.html,20241013234612,cdx,
https://www.zdf.de/nachrichten/politik/deutschland/bahn-schneechaos-zuege-ausfall-evg-konsequenzen-100.html,20241014181230,cdx,
https://www.zdf.de/nachrichten/politik/deutschland/bahn-streik-gdl-tarif-arbeitszeit-verkuerzung-broeker-100.html,20241014002150,cdx,
https://www.zdf.de/nachrichten/politik/deutschland/bauern-proteste-eskalieren-100.html,20241013051205,cdx,
https://www.zdf.de/nachrichten/politik/deutschland/bauernprotest-ampelkoalition-buyx-alena-ethikrat-100.html,20241014145140,cdx,
https://www.zdf.de/nachrichten/politik/deutschland/bayern-landtagswahl-102.html,20241013053140,cdx,
https://www.zdf.de/nachrichten/politik/deutschland/bka-personenschutz-politiker-bericht-100.html,20241014044217,cdx,
https://www.zdf.de/nachrichten/politik/deutschland/buergergeld-arbeiten-lohnen-studien-vergleich-100.html,20241013103328,cdx,
https://www.zdf.de/nachrichten/politik/deutschland/bund-staatsanleihen-schulden-auktion-100.html,20241014191350,cdx,
https://www.zdf.de/nachrichten/politik/deutschland/bundeswehr-klassenzimmer-kampagne-schule-100.html,20241014165517,cdx,
https://www.zdf.de/nachrichten/politik/deutschland/buschmann-verantwortungsgemeinschaft-100.html,20241013234108,cdx,
https://www.zdf.de/nachrichten/politik/deutschland/cannabis-legalisierung-ampel-koalition-lockerung-100.html,20241014191135,cdx,
https://www.zdf.de/nachrichten/politik/deutschland/cannabis-legalisierung-bundesrat-kiffen-erlaubt-ampel-lauterbach-100.html,20241013120039,cdx,
https://www.zdf.de/nachrichten/politik/deutschland/cell-broadcast-warnsystem-verzoegerung-100.html,20241013104035,cdx,
https://www.zdf.de/nachrichten/politik/deutschland/demo-rechts-afd-ostdeutschland-stralsund-potsdam-100.html,20241014172231,cdx,
https://www.zdf.de/nachrichten/politik/deutschland/demonstrationen-gegen-afd-proteste-geheimtreffen-100.html,20241013043104,cdx,
https://www.zdf.de/nachrichten/politik/deutschland/demonstrationen-rechtsextremismus-afd-muenster-koeln-100.html,20241014111750,cdx,
https://www.zdf.de/nachrichten/politik/deutschland/faeser-spd-massnahmen-rechtsextremismus-100.html,20241014083937,cdx,
https://www.zdf.de/nachrichten/politik/deutschland/fahimi-dgb-chefin-schuldenbremse-investitionen-ampel-100.html,20241013230506,cdx,
https://www.zdf.de/nachrichten/politik/deutschland/friedrich-merz-migration-fluechtling-olaf-scholz-100.html,20241013224114,cdx,
https://www.zdf.de/nachrichten/politik/deutschland/gdl-streik-personenverkehr-start-100.html,20241013053634,cdx,
https://www.zdf.de/nachrichten/politik/deutschland/geothermie-energie-erdwaerme-deutschland-olaf-scholz-100.html,20241014190915,cdx,
https://www.zdf.de/nachrichten/politik/deutschland/gruene-parteitag-krisenzeit-100.html,20241014110656,cdx,
https://www.zdf.de/nachrichten/politik/deutschland/habeck-bauern-protest-blockade-faehre-100.html,20241014160435,cdx,
https://www.zdf.de/nachrichten/politik/deutschland/habeck-wirtschaft-sondervermoegen-100.html,20241013230738,cdx,
https://www.zdf.de/nachrichten/politik/deutschland/haushalt-krise-beratung-ampel-scholz-habeck-lindner-100.html,20241013232346,cdx,
https://www.zdf.de/nachrichten/politik/deutschland/innenministerium-plan-faeser-clans-abschiebungen-100.html,20241013231951,cdx,
https://www.zdf.de/nachrichten/politik/deutschland/jesiden-abschiebung-irak-schutzquote-genozid-islamischer-staat-100.html,20241014184623,cdx,
https://www.zdf.de/nachrichten/politik/deutschland/kinderaerzteverband-kinder-krankschreibung-krankheit-100.html,20241014191356,cdx,
https://www.zdf.de/nachrichten/politik/deutschland/kinderarmut-kindergrundsicherung-kosten-diw-studie-100.html,20241013080703,cdx,
https://www.zdf.de/nachrichten/politik/deutschland/kindeswohl-gefaehrdung-deutschland-hoechststand-statistik-100.html,20241013021748,cdx,
https://www.zdf.de/nachrichten/politik/deutschland/klima-umweltbewusstsein-deutschland-greta-thunberg-100.html,20241014092504,cdx,
https://www.zdf.de/nachrichten/politik/deutschland/klimaschutzprogramm-ampel-koalition-kabinett-100.html,20241013040251,cdx,
https://www.zdf.de/nachrichten/politik/deutschland/landarzt-mvz-medizin-versorung-praxis-100.html,20241013195729,cdx,
https://www.zdf.de/nachrichten/politik/deutschland/lanz-arbeit-stolla-amthor-100.html,20241013110012,cdx,
https://www.zdf.de/nachrichten/politik/deutschland/lanz-buergergeld-rente-stolla-brandmann-100.html,20241013151955,cdx,
https://www.zdf.de/nachrichten/politik/deutschland/lehrerverband-bewusstsein-bedrohung-an-schulen-vermitteln-100.html,20241013230237,cdx,
https://www.zdf.de/nachrichten/politik/deutschland/migration-illner-spahn-100.html,20241014124250,cdx,
https://www.zdf.de/nachrichten/politik/deutschland/migration-rhein-boris-ministerpraesident-hessen-cdu-asyl-100.html,20241014052428,cdx,
https://www.zdf.de/nachrichten/politik/deutschland/pkw-maut-verkehrsminister-scheuer-klage-100.html,20241013230446,cdx,
https://www.zdf.de/nachrichten/politik/deutschland/polizei-festnahmen-terrorplaene-koelner-dom-100.html,20241014111908,cdx,
https://www.zdf.de/nachrichten/politik/deutschland/razzia-islamisten-hamburg-100.html,20241014181326,cdx,
https://www.zdf.de/nachrichten/politik/deutschland/rente-niveau-paket-ampel-deutschland-kritik-junge-100.html,20241013104912,cdx,
https://www.zdf.de/nachrichten/politik/deutschland/richterbund-kritik-gesetzentwurf-cannabis-freigabe-100.html,20241014234543,cdx,
https://www.zdf.de/nachrichten/politik/deutschland/schaeuble-trauer-staatsakt-bundestag-macron-rede-100.html,20241013223838,cdx,
https://www.zdf.de/nachrichten/politik/deutschland/scholz-brandenburg-buergerdialog-100.html,20241013103855,cdx,
https://www.zdf.de/nachrichten/politik/deutschland/scholz-taurus-leak-mitschnitt-russland-luftwaffe-aufklaerung-100.html,20241014135814,cdx,
https://www.zdf.de/nachrichten/politik/deutschland/scholz-taurus-marschflugkoerper-ukraine-krieg-russland-100.html,20241013040044,cdx,
https://www.zdf.de/nachrichten/politik/deutschland/sozialer-wohnungsbau-wohnungsnot-100.html,20241013041841,cdx,
https://www.zdf.de/nachrichten/politik/deutschland/tiktok-radikalisierung-kinder-jugendliche-rechtsextremismus-100.html,20241014175916,cdx,
https://www.zdf.de/nachrichten/politik/deutschland/tusk-scholz-polen-deutschland-interview-lang-100.html,20241014091847,cdx,
https://www.zdf.de/nachrichten/politik/deutschland/union-ampel-verfassungsgericht-afd-100.html,20241013222916,cdx,
https://www.zdf.de/nachrichten/politik/deutschland/verfassungsschutz-afd-jugendorganisation-junge-alternative-rechtsextrem-100.html,20241013115833,cdx,
https://www.zdf.de/nachrichten/politik/deutschland/verteidigungspolitik-kiesewetter-bundeswehr-sondervermoegen-100.html,20241014002244,cdx,
https://www.zdf.de/nachrichten/politik/deutschland/wahlen-landtag-thueringen-sachsen-afd-hoecke-100.html,20241013042951,cdx,
https://www.zdf.de/nachrichten/politik/deutschland/windkraftgegner-bayern-wacker-aiwanger-100.html,20241013104130,cdx,
https://www.zdf.de/nachrichten/politik/erdogan-wahl-praesident-parlament-tuerkei-verschiebung-100.html,20241014124651,cdx,
https://www.zdf.de/nachrichten/politik/grossbritannien-raab-ruecktritt-sunak-100.html,20241014185524,cdx,
https://www.zdf.de/nachrichten/politik/haushalt-ampel-sperre-digitalgipfel-ki-jena-100.html,20241014095026,cdx,
https://www.zdf.de/nachrichten/politik/kaili-eu-parlament-korruptionsverdacht-katar-abstimmung-100.html,20241014084824,cdx,
https://www.zdf.de/nachrichten/politik/klima-bericht-kipppunkte-risiko-100.html,20241013230831,cdx,
https://www.zdf.de/nachrichten/politik/klimaziel-eu-kommission-co2-reduktion-100.html,20241013115909,cdx,
https://www.zdf.de/nachrichten/politik/kuehnert-haushalt-sperre-loesungen-100.html,20241013222833,cdx,
https://www.zdf.de/nachrichten/politik/russland-lng-terminal-sanktion-100.html,20241014091110,cdx,
https://www.zdf.de/nachrichten/politik/scholz-doppelgaenger-usa-coons-washington-100.html,20241013113433,cdx,
https://www.zdf.de/nachrichten/politik/selenskyj-niederlande-ukraine-krieg-russland-100.html,20241014174156,cdx,
https://www.zdf.de/nachrichten/politik/suizid-beihilfe-gesetzesentwuerfe-fusionierung-100.html,20241014083638,cdx,
https://www.zdf.de/nachrichten/politik/tunesien-ghannouchi-festnahme-100.html,20241013104819,cdx,
https://www.zdf.de/nachrichten/politik/zdf-wie-gehts-deutschland-erbschaft-steuer-100.html,20241014160503,cdx,
https://www.zdf.de/nachrichten/ratgeber/depot-eroeffnen-geld-anlegen-investieren-100.html,20241014142010,cdx,
https://www.zdf.de/nachrichten/ratgeber/gesundheit/aerzte-mangel-land-gesundheit-medizin-loesungen-100.html,20241013103715,cdx,
https://www.zdf.de/nachrichten/ratgeber/gesundheit/guertelrose-ursachen-symptome-behandlung-100.html,20241013232352,cdx,
https://www.zdf.de/nachrichten/ratgeber/gesundheit/komplimente-gesundheit-selbstbewusstsein-100.html,20241013040016,cdx,
https://www.zdf.de/nachrichten/ratgeber/gesundheit/lebensmittel-allergie-symptome-ursachen-diagnose-faq-100.html,20241014115616,cdx,
https://www.zdf.de/nachrichten/ratgeber/gesundheit/mental-load-weihnachtsstress-100.html,20241013053322,cdx,
https://www.zdf.de/nachrichten/ratgeber/gesundheit/saeure-basen-haushalt-ernaehrung-100.html,20241014002218,cdx,
https://www.zdf.de/nachrichten/ratgeber/kichererbsen-hummus-fertig-kaufen-wiso-100.html,20241013052304,cdx,
https://www.zdf.de/nachrichten/ratgeber/mietpreisbremse-umgehen-moeblierte-wohnung-moeblierungszuschlag-100.html,20241013104535,cdx,
https://www.zdf.de/nachrichten/ratgeber/musikalische-frueherziehung-kinder-musik-100.html,20241013231018,cdx,
https://www.zdf.de/nachrichten/ratgeber/skiurlaub-stornierung-regeln-versicherungen-100.html,20241014120149,cdx,
https://www.zdf.de/nachrichten/ratgeber/supermarkt-apps-check-100.html,20241014155918,cdx,
https://www.zdf.de/nachrichten/ratgeber/tipps-zum-zusammenwohnen-sparen-wg-wohnung-100.html,20241013041019,cdx,
https://www.zdf.de/nachrichten/ratgeber/zimt-gesundheit-risiko-100.html,20241013230106,cdx,
https://www.zdf.de/nachrichten/sport/american-football-nfl-muenchen-wachtumsmarkt-deutschland-100.html,20241013230619,cdx,
https://www.zdf.de/nachrichten/sport/bayer-leverkusen-vfb-stuttgart-dfb-pokal-viertelfinale-fussball-100.html,20241014172809,cdx,
https://www.zdf.de/nachrichten/sport/darts-premier-league-luke-littler-berlin-100.html,20241014094928,cdx,
https://www.zdf.de/nachrichten/sport/darts-wm-hempel-bunting-pietreczko-humphries-100.html,20241014002316,cdx,
https://www.zdf.de/nachrichten/sport/das-aktuelle-sporstudio-online-first-mediathek-topspiel-100.html,20241013222658,cdx,
https://www.zdf.de/nachrichten/sport/dfb-frauen-nations-league-olympia-playoffs-100.html,20241014134851,cdx,
https://www.zdf.de/nachrichten/sport/dhb-team-hauptrunde-ungarn-kroatien-halbfinale-erreichen-handball-em-2024-100.html,20241013220334,cdx,
https://www.zdf.de/nachrichten/sport/dressurreiten-tierquaelerei-olympia-100.html,20241013051722,cdx,
https://www.zdf.de/nachrichten/sport/formel-1-australien-melbourne-sainz-verstappen-100.html,20241013043208,cdx,
https://www.zdf.de/nachrichten/sport/fussball-bayer-leverkusen-siegt-weiter-auch-gegen-vfl-wolfsburg-100.html,20241013111816,cdx,
https://www.zdf.de/nachrichten/sport/fussball-bayern-niederlage-bochum-krise-tuchel-100.html,20241014134654,cdx,
https://www.zdf.de/nachrichten/sport/fussball-bolzplatz-arsenal-premier-league-100.html,20241014002205,cdx,
https://www.zdf.de/nachrichten/sport/fussball-bundesliga-fc-bayern-eberl-bestaetigung-100.html,20241014150112,cdx,
https://www.zdf.de/nachrichten/sport/fussball-bundesliga-freiburg-schuster-trainer-100.html,20241014172033,cdx,
https://www.zdf.de/nachrichten/sport/fussball-bundesliga-koeln-bayern-kane-100.html,20241014082728,cdx,
https://www.zdf.de/nachrichten/sport/fussball-bundesliga-nachhaltigkeit-konzept-vereine-100.html,20241014052337,cdx,
https://www.zdf.de/nachrichten/sport/fussball-bundesliga-union-berlin-entlaesst-urs-fischer-100.html,20241014190422,cdx,
https://www.zdf.de/nachrichten/sport/fussball-bundesliga-vfb-stuttgart-sc-freiburg-100.html,20241014150541,cdx,
https://www.zdf.de/nachrichten/sport/fussball-champions-league-frauen-eintracht-lissabon-100.html,20241014111558,cdx,
https://www.zdf.de/nachrichten/sport/fussball-champions-league-neues-format-ligasystem-100.html,20241013004341,cdx,
https://www.zdf.de/nachrichten/sport/fussball-conference-league-helsinki-frankfurt-100.html,20241014113754,cdx,
https://www.zdf.de/nachrichten/sport/fussball-dfb-pokal-1-fc-saarbruecken-borussia-moenchengladbach-nachholtermin-zdf-100.html,20241014180434,cdx,
https://www.zdf.de/nachrichten/sport/fussball-dfb-pokal-viertelfinale-fc-saarbruecken-100.html,20241014155845,cdx,
https://www.zdf.de/nachrichten/sport/fussball-dfb-team-nationalmannschaft-nations-league-100.html,20241013125730,cdx,
https://www.zdf.de/nachrichten/sport/fussball-dfl-bundesliga-investoren-deal-geplatzt-100.html,20241014124526,cdx,
https://www.zdf.de/nachrichten/sport/fussball-em-2024-atmosphaere-stimmung-100.html,20241014091232,cdx,
https://www.zdf.de/nachrichten/sport/fussball-euopa-league-zwischenrunde-sc-freiburg-100.html,20241013051133,cdx,
https://www.zdf.de/nachrichten/sport/fussball-europa-league-bayer-leverkusen-as-rom-de-rossi-100.html,20241014150940,cdx,
https://www.zdf.de/nachrichten/sport/fussball-fc-schalke-04-x-account-hack-neymar-100.html,20241013144439,cdx,
https://www.zdf.de/nachrichten/sport/fussball-frauen-champions-league-barcelona-eintracht-frankfurt-100.html,20241013230259,cdx,
https://www.zdf.de/nachrichten/sport/fussball-gosens-italien-ac-florenz-100.html,20241014081517,cdx,
https://www.zdf.de/nachrichten/sport/fussball-laenderspiel-usa-deutschland-dfb-100.html,20241014002323,cdx,
https://www.zdf.de/nachrichten/sport/fussball-premier-league-fc-liverpool-manchster-city-remis-im-titelkampf-100.html,20241013104925,cdx,
https://www.zdf.de/nachrichten/sport/fussball-xavi-hernandez-fc-barcelona-trainer-ruecktritt-100.html,20241014124739,cdx,
https://www.zdf.de/nachrichten/sport/fussball-zweite-liga-1-fc-kaiserslautern-schuster-entlassung-100.html,20241013100700,cdx,
https://www.zdf.de/nachrichten/sport/hauptrunde-deutschland-kroatien-rechenspiele-handball-em-2024-100.html,20241013042049,cdx,
https://www.zdf.de/nachrichten/sport/japan-schweden-fussball-frauen-wm-2023-viertelfinale-100.html,20241013224605,cdx,
https://www.zdf.de/nachrichten/sport/manchester-city-real-madrid-halbfinale-rueckspiel-champions-league-100.html,20241014142931,cdx,
https://www.zdf.de/nachrichten/sport/michael-schumacher-formel-1-mick-schumacher-unfall-jahrestag-100.html,20241013094822,cdx,
https://www.zdf.de/nachrichten/sport/nationalmannschaft-bundestrainer-nagelsmann-neulinge-testspiele-100.html,20241014150743,cdx,
https://www.zdf.de/nachrichten/sport/schwimmen-wm-2024-doha-gose-silber-800-meter-freistil-100.html,20241014145201,cdx,
https://www.zdf.de/nachrichten/sport/skispringen-vierschanzentournee-halbzeitbilanz-wellinger-100.html,20241013223333,cdx,
https://www.zdf.de/nachrichten/sport/tennis-australian-open-zverev-achtelfinal-einzug-100.html,20241013225159,cdx,
https://www.zdf.de/nachrichten/sport/tennis-davis-cup-auftaktsieg-marterer-100.html,20241014043509,cdx,
https://www.zdf.de/nachrichten/sport/tennis-us-open-doppel-finale-krawietz-puetz-purcell-thompson-100.html,20241014220354,cdx,
https://www.zdf.de/nachrichten/sport/tennis-us-open-frauen-finale-sabalenka-pegula-100.html,20241013021852,cdx,
https://www.zdf.de/nachrichten/sport/tennis-us-open-fritz-gegen-sinner-im-finale-100.html,20241014060631,cdx,
https://www.zdf.de/nachrichten/sport/testspiele-deutschland-portugal-handball-em-2024-100.html,20241013041747,cdx,
https://www.zdf.de/nachrichten/sport/vfb-stuttgart-querelen-klubfuehrung-claus-vogt-fan-proteste-100.html,20241014123304,cdx,
https://www.zdf.de/nachrichten/sport/zweierbob-friedrich-gewinnt-gesamtweltcup-100.html,20241013033635,cdx,
https://www.zdf.de/nachrichten/thema/niedersachsen-news-100.html,20241014000526,cdx,
https://www.zdf.de/nachrichten/thema/republikanische-partei-usa-100.html,20241014000219,cdx,
https://www.zdf.de/nachrichten/thema/wolfgang-schaeuble-188.html,20241014002356,cdx,
https://www.zdf.de/nachrichten/video/flugreise-baerbock-panne-100.html,20241014001753,cdx,
https://www.zdf.de/nachrichten/video/lanz-reemtsma-gaub-jugend-100.html,20241014094941,cdx,
https://www.zdf.de/nachrichten/video/panorama-blackout-suedafrika-100.html,20241014085433,cdx,
https://www.zdf.de/nachrichten/video/panorama-irland-grundeinkommen-kuenstler-100.html,20241013231321,cdx,
https://www.zdf.de/nachrichten/video/panorama-lanz-kuenstliche-intelligenz-risiko-100.html,20241013215229,cdx,
https://www.zdf.de/nachrichten/video/panorama-magier-siegfried-joy-100.html,20241014124726,cdx,
https://www.zdf.de/nachrichten/video/panorama-mongolei-adlerjaegerin-100.html,20241014145737,cdx,
https://www.zdf.de/nachrichten/video/panorama-new-york-hiphop-bronx-musik-geschichte-100.html,20241013105200,cdx,
https://www.zdf.de/nachrichten/video/panorama-obdachlose-essensausgabe-muenchen-100.html,20241013035058,cdx,
https://www.zdf.de/nachrichten/video/panorama-ostersonntag-auferstehung-jesus-100.html,20241014150604,cdx,
https://www.zdf.de/nachrichten/video/politik-erfolgreiche-integration-100.html,20241013133630,cdx,
https://www.zdf.de/nachrichten/video/politik-israel-palaestina-nahost-konflikt-gaza-100.html,20241013053414,cdx,
https://www.zdf.de/nachrichten/video/politik-wirtschaft-investitionen-fratzscher-illner-100.html,20241014191340,cdx,
https://www.zdf.de/nachrichten/video/wahl-in-grossbritannien-video-100.html,20241014011252,cdx,
https://www.zdf.de/nachrichten/wirtschaft/bahn-reisende-verspaetungen-2023-100.html,20241013041144,cdx,
https://www.zdf.de/nachrichten/wirtschaft/bahn-schneechaos-ausruestung-personalmangel-100.html,20241014083434,cdx,
https://www.zdf.de/nachrichten/wirtschaft/boerse-etf-bitcoin-einfuehrung-100.html,20241014105611,cdx,
https://www.zdf.de/nachrichten/wirtschaft/cum-ex-urteil-haftstrafe-jurist-johannemann-100.html,20241014113625,cdx,
https://www.zdf.de/nachrichten/wirtschaft/deutsche-wirtschaft-bip-inflation-100.html,20241014160456,cdx,
https://www.zdf.de/nachrichten/wirtschaft/gender-pay-gap-frauen-gehalt-100.html,20241014180558,cdx,
https://www.zdf.de/nachrichten/wirtschaft/graefenhausen-lkw-fahrer-kraftfahrer-streik-spedition-100.html,20241014173145,cdx,
https://www.zdf.de/nachrichten/wirtschaft/inflation-senkung-auswirkungen-hohe-preise-100.html,20241014185353,cdx,
https://www.zdf.de/nachrichten/wirtschaft/jan-marsalek-spion-russland-ermittlungen-grossbritannien-100.html,20241014191651,cdx,
https://www.zdf.de/nachrichten/wirtschaft/lieferkettengesetz-eu-fdp-100.html,20241014002336,cdx,
https://www.zdf.de/nachrichten/wirtschaft/meyer-burger-solar-zellen-hersteller-usa-europa-subventionen-abwanderung-100.html,20241013230309,cdx,
https://www.zdf.de/nachrichten/wirtschaft/schufa-eintrag-scoring-urteil-eugh-kredit-vertrag-100.html,20241014082852,cdx,
https://www.zdf.de/nachrichten/wirtschaft/trump-handel-politik-europa-deutschland-industrie-bdi-100.html,20241013221459,cdx,
https://www.zdf.de/nachrichten/wirtschaft/unternehmen/bauern-proteste-wirtschaftliche-lage-100.html,20241014001124,cdx,
https://www.zdf.de/nachrichten/wirtschaft/unternehmen/boerse-nvidia-100.html,20241014174711,cdx,
https://www.zdf.de/nachrichten/wirtschaft/unternehmen/deutsche-bahn-puenktlichkeit-s-bahn-verkehr-100.html,20241014155939,cdx,
https://www.zdf.de/nachrichten/wirtschaft/unternehmen/deutsche-bahn-schenker-verkauf-bieterverfahren-100.html,20241014153420,cdx,
https://www.zdf.de/nachrichten/wirtschaft/unternehmen/deutsche-bahn-streik-gdl-weselsky-100.html,20241014144115,cdx,
https://www.zdf.de/nachrichten/wirtschaft/unternehmen/digitales-threads-meta-eu-usa-twitter-x-soziale-medien-100.html,20241014083142,cdx,
https://www.zdf.de/nachrichten/wirtschaft/unternehmen/evergrande-china-baukonzern-aufgeloest-wohnungen-immobilien-100.html,20241013115441,cdx,
https://www.zdf.de/nachrichten/wirtschaft/unternehmen/hellofresh-aktie-boerse-umsatz-100.html,20241014172955,cdx,
https://www.zdf.de/nachrichten/wirtschaft/unternehmen/indien-kondom-hersteller-erfolg-prognose-100.html,20241013222502,cdx,
https://www.zdf.de/nachrichten/wirtschaft/unternehmen/microsoft-acitivision-blizzard-kauf-100.html,20241013104409,cdx,
https://www.zdf.de/nachrichten/wirtschaft/unternehmen/vier-tage-woche-pilotprojekt-deutschland-102.html,20241013160841,cdx,
https://www.zdf.de/nachrichten/wirtschaft/unternehmen/warnstreik-flughafen-lufthansa-100.html,20241014081308,cdx,
https://www.zdf.de/nachrichten/wirtschaft/unternehmen/x-musk-abtruennig-werbekunden-wut-100.html,20241014075745,cdx,
https://www.zdf.de/nachrichten/wirtschaft/volkswagen-china-hacking-industriespionage-emobilitaet-100.html,20241014181059,cdx,
https://www.zdf.de/nachrichten/wirtschaft/wind-strom-kohle-deutschland-erneuerbare-energie-100.html,20241014151731,cdx,
https://www.zdf.de/nachrichten/wissen/altenpflege-rehabilitativ-muelheim-plan-b-100.html,20241014175539,cdx,
https://www.zdf.de/nachrichten/wissen/faq-muttertag-100.html,20241014145808,cdx,
https://www.zdf.de/nachrichten/wissen/fentanyl-opioid-drogen-heroin-deutschland-100.html,20241013115614,cdx,
https://www.zdf.de/nachrichten/wissen/ki-kuenstliche-intelligenz-eu-gesetz-100.html,20241013041240,cdx,
https://www.zdf.de/nachrichten/wissen/legasthenie-rechtschreibung-bildung-terrax-henning-lobin-kolumne-100.html,20241014184430,cdx,
https://www.zdf.de/nachrichten/wissen/ostern-feiertage-karfreitag-karwoche-palmsonntag-100.html,20241013114546,cdx,
https://www.zdf.de/nachrichten/wissen/us-mondsonde-odysseus-landung-100.html,20241014145929,cdx,
https://www.zdf.de/nachrichten/wissen/weltklimakonferenz-cop28-emirate-milliarden-fonds-klimaprojekte-100.html,20241013034036,cdx,
https://www.zdf.de/nachrichten/wissen/zukunftsforschung-strategien-terrax-florence-gaub-kolumne-100.html,20241014093003,cdx,
https://www.zdf.de/nachrichten/zdfspezial/zdf-spezial---braende-in-europa---der-kampf-gegen-das-feuer-clip-2-100.html,20241013005601,cdx,
https://www.zdf.de/nachrichten/briefing/ampel-haushalt-habeck-zdfheute-update-100.html,20241016044923,cdx,
https://www.zdf.de/nachrichten/briefing/armut-deutschland-zahlen-rzepka-zdfheute-update-100.html,20241015072900,cdx,
https://www.zdf.de/nachrichten/briefing/bahn-ukraine-hilfe-fingerabdruck-gehoerlose-bundestag-zdfheute-update-100.html,20241015085208,cdx,
https://www.zdf.de/nachrichten/briefing/frauentag-spionage-zdfheute-update-100.html,20241016053943,cdx,
https://www.zdf.de/nachrichten/briefing/good-news-verkehrswende-autonomesfahren-zdfheute-update-100-100.html,20241015124224,cdx,
https://www.zdf.de/nachrichten/briefing/nato-mondzeit-swiftonomics-zdfheute-update-100.html,20241015135633,cdx,
https://www.zdf.de/nachrichten/briefing/raf-klette-nato-zdfheute-update-100.html,20241015093045,cdx,
https://www.zdf.de/nachrichten/briefing/usa-wahl-gaza-pieper-zdfheute-update-102.html,20241015093543,cdx,
https://www.zdf.de/nachrichten/drehscheibe/erkaeltungswelle-immunsystem-krankheit-tipps-100.html,20241016035433,cdx,
https://www.zdf.de/nachrichten/drehscheibe/wo-klimaneutrale-waerme-funktioniert-neuerkirch-kuelz-102.html,20241015225740,cdx,
https://www.zdf.de/nachrichten/heute/bilder/bildergalerie-grafiken-hambacher-forst-100.html,20241015194513,cdx,
https://www.zdf.de/nachrichten/heute/bilder/fsp-112.html,20241015135559,cdx,
https://www.zdf.de/nachrichten/heute/yoga-124.html,20241015132253,cdx,
https://www.zdf.de/nachrichten/panorama/abigail-chappell-ordnung-coach-100.html,20241015063114,cdx,
https://www.zdf.de/nachrichten/panorama/alec-baldwin-anklage-fallengelassen-100.html,20241015122307,cdx,
https://www.zdf.de/nachrichten/panorama/app-schnittstelle-sicherheitsluecke-hacker-100.html,20241015030752,cdx,
https://www.zdf.de/nachrichten/panorama/asteroid-berlin-brandenburg-atmosphaere-verglueht-100.html,20241015232501,cdx,
https://www.zdf.de/nachrichten/panorama/berlinale-filmfestival-weltpremiere-berlin-stars-100.html,20241015193838,cdx,
https://www.zdf.de/nachrichten/panorama/bertolt-meyer-hochschullehrer-wissenschaft-100.html,20241015124049,cdx,
https://www.zdf.de/nachrichten/panorama/eurojackpot-geknackt-nrw-100.html,20241015092609,cdx,
https://www.zdf.de/nachrichten/panorama/filmstart-napoleon-ridley-scott-100.html,20241015125351,cdx,
https://www.zdf.de/nachrichten/panorama/frankfurt-mann-machete-reptiloiden-polizeieinsatz-100.html,20241015133834,cdx,
https://www.zdf.de/nachrichten/panorama/freiwillige-feuerwehr-gewalt-drohung-beleidigung-100.html,20241015062739,cdx,
https://www.zdf.de/nachrichten/panorama/hund-libyen-ueberflutungen-100.html,20241015191631,cdx,
https://www.zdf.de/nachrichten/panorama/jahr-des-drachen-china-babyboom-100.html,20241016042643,cdx,
https://www.zdf.de/nachrichten/panorama/karfreitag-tanzverbot-feiertag-ostern-diskothek-kino-regel-100.html,20241015180943,cdx,
https://www.zdf.de/nachrichten/panorama/karlspreis-2024-pinchas-goldschmidt-100.html,20241015224701,cdx,
https://www.zdf.de/nachrichten/panorama/karussel-tiere-tierschutz-peta-100.html,20241015190155,cdx,
https://www.zdf.de/nachrichten/panorama/klima-hitzewellen-temperaturen-europa-chronologie-100.html,20241015183214,cdx,
https://www.zdf.de/nachrichten/panorama/klima-wetterdienst-naturgefahren-portal-100.html,20241015124636,cdx,
https://www.zdf.de/nachrichten/panorama/krankheit-erkaeltung-ausfaelle-arbeit-gesundheit-dak-100.html,20241015193117,cdx,
https://www.zdf.de/nachrichten/panorama/kriminalitaet/bartaffe-zoo-leipzig-100.html,20241015070433,cdx,
https://www.zdf.de/nachrichten/panorama/kriminalitaet/pascha-bordell-china-spion-schleuser-koeln-100.html,20241015072735,cdx,
https://www.zdf.de/nachrichten/panorama/kriminalitaet/strassburg-falschparker-scanner-auto-100.html,20241015121104,cdx,
https://www.zdf.de/nachrichten/panorama/maedchen-vermisst-bingen-tote-person-100.html,20241015134859,cdx,
https://www.zdf.de/nachrichten/panorama/mannheim-prozess-anklage-polizisten-tod-polizeikontrolle-100.html,20241015090311,cdx,
https://www.zdf.de/nachrichten/panorama/medikamentenmangel-antibiotika-kinder-kliniken-krankenhausgesellschaft-100.html,20241016045629,cdx,
https://www.zdf.de/nachrichten/panorama/messer-angriff-schule-berlin-100.html,20241015221111,cdx,
https://www.zdf.de/nachrichten/panorama/prominente/campino-gastprofessor-tote-hosen-universitaet-duesseldorf-100.html,20241015182959,cdx,
https://www.zdf.de/nachrichten/panorama/prominente/emma-stone-poor-things-kinostart-oscars-100.html,20241016041716,cdx,
https://www.zdf.de/nachrichten/panorama/prominente/filmpreis-sandra-hueller-cesar-100.html,20241016052944,cdx,
https://www.zdf.de/nachrichten/panorama/prominente/musik-stars-buehne-gedanken-100.html,20241015192748,cdx,
https://www.zdf.de/nachrichten/panorama/prominente/stars-promi-news-bilder-aktuell-november-2023-100.html,20241016040252,cdx,
https://www.zdf.de/nachrichten/panorama/prominente/usa-filmset-rust-alec-baldwin-gericht-100.html,20241015225816,cdx,
https://www.zdf.de/nachrichten/panorama/rotenburg-kannibale-haus-feuer-100.html,20241015183151,cdx,
https://www.zdf.de/nachrichten/panorama/russland-hochwasser-wasser-pegel-100.html,20241015072839,cdx,
https://www.zdf.de/nachrichten/panorama/schokolade-knoellchen-ordnungsamt-giengen-brenz-100.html,20241015201632,cdx,
https://www.zdf.de/nachrichten/panorama/schweiz-knoellchen-bussgeld-100.html,20241015221144,cdx,
https://www.zdf.de/nachrichten/panorama/starliner-iss-kapsel-erde-astronauten-100.html,20241016065858,cdx,
https://www.zdf.de/nachrichten/panorama/sturm-zoltan-bahn-verkehr-reise-einschraenkungen-100.html,20241015200004,cdx,
https://www.zdf.de/nachrichten/panorama/sturmflut-norddeutschland-sturm-tief-zoltan-100.html,20241015133028,cdx,
https://www.zdf.de/nachrichten/panorama/un-muellentsorgung-zero-waste-100.html,20241015133203,cdx,
https://www.zdf.de/nachrichten/panorama/verkehrswende-klima-muenchen-kolumbusstrasse-100.html,20241015181534,cdx,
https://www.zdf.de/nachrichten/panorama/vermisster-junge-arian-neue-suche-bremervoerde-100.html,20241015194756,cdx,
https://www.zdf.de/nachrichten/panorama/welt-glueck-bericht-finnland-deutschland-100.html,20241015125726,cdx,
https://www.zdf.de/nachrichten/panorama/wiesn-oktoberfest-gras-cannabis-legalisierung-100.html,20241015184657,cdx,
https://www.zdf.de/nachrichten/politik/afd-chrupalla-nawalnaja-rede-tod-nawalny-100.html,20241015213702,cdx,
https://www.zdf.de/nachrichten/politik/afd-verfassungsschutz-haldenwang-100.html,20241015183942,cdx,
https://www.zdf.de/nachrichten/politik/afghanistan-vereinte-nationen-frauenrechte-100.html,20241015191146,cdx,
https://www.zdf.de/nachrichten/politik/aufstand-warschau-ghetto-jahrestag-achtzig-jahre-100.html,20241015070754,cdx,
https://www.zdf.de/nachrichten/politik/ausland/2024-kein-ende-ukraine-krieg-russland-100.html,20241015190236,cdx,
https://www.zdf.de/nachrichten/politik/ausland/abramowitsch-sanktionen-ukraine-krieg-russland-100.html,20241015092947,cdx,
https://www.zdf.de/nachrichten/politik/ausland/alexej-nawalny-tod-straflager-100.html,20241015201440,cdx,
https://www.zdf.de/nachrichten/politik/ausland/angriff-gaza-netanjahu-israel-100.html,20241015072921,cdx,
https://www.zdf.de/nachrichten/politik/ausland/angriffe-gazastreifen-israel-nahost-konflikt-100.html,20241015182615,cdx,
https://www.zdf.de/nachrichten/politik/ausland/arbeitsmarkt-ukraine-krieg-russland-100.html,20241015201858,cdx,
https://www.zdf.de/nachrichten/politik/ausland/baerbock-saudi-arabien-katar-emirate-gaza-israel-100.html,20241015232324,cdx,
https://www.zdf.de/nachrichten/politik/ausland/ben-hodges-ukraine-krieg-usa-militaer-russland-100.html,20241015201232,cdx,
https://www.zdf.de/nachrichten/politik/ausland/brasilien-bolsonaro-anhaenger-erstuermung-kongress-100.html,20241015092909,cdx,
https://www.zdf.de/nachrichten/politik/ausland/butscha-massaker-erinnerung-ukraine-100.html,20241015192514,cdx,
https://www.zdf.de/nachrichten/politik/ausland/china-volkskongress-analyse-100.html,20241015192557,cdx,
https://www.zdf.de/nachrichten/politik/ausland/donald-trump-aktie-boerse-nasdaq-start-100.html,20241015072624,cdx,
https://www.zdf.de/nachrichten/politik/ausland/einfrieren-diskussion-muetzenich-hilfe-ukraine-krieg-russland-100.html,20241015224601,cdx,
https://www.zdf.de/nachrichten/politik/ausland/eu-gipfel-olaf-scholz-ukraine-beitrittsverhandlungen-100.html,20241015225028,cdx,
https://www.zdf.de/nachrichten/politik/ausland/eu-staaten-militaer-einsatz-rotes-meer-huthi-handelsschifffahrt-100.html,20241015113459,cdx,
https://www.zdf.de/nachrichten/politik/ausland/europawahl-charles-michel-kandidatur-rueckzug-100.html,20241015093031,cdx,
https://www.zdf.de/nachrichten/politik/ausland/gaza-hamas-hilfsgueter-tote-israel-104.html,20241015211824,cdx,
https://www.zdf.de/nachrichten/politik/ausland/geiseln-abkommen-hamas-feuerpause-herzog-israel-100.html,20241015185713,cdx,
https://www.zdf.de/nachrichten/politik/ausland/getreideabkommen-tuerkei-erdogan-putin-ukraine-krieg-russland-100.html,20241015180347,cdx,
https://www.zdf.de/nachrichten/politik/ausland/grossbritannien-ausbildung-training-ukraine-krieg-russland-100.html,20241015193929,cdx,
https://www.zdf.de/nachrichten/politik/ausland/hamas-lage-gaza-israel-netanjahu-100.html,20241015123926,cdx,
https://www.zdf.de/nachrichten/politik/ausland/hilfslieferungen-norden-gaza-israel-100.html,20241016050558,cdx,
https://www.zdf.de/nachrichten/politik/ausland/israel-gaza-feuerpause-verlaengerung-perspektiven-100.html,20241015195256,cdx,
https://www.zdf.de/nachrichten/politik/ausland/israel-hacktivisten-cyberattacken-hamas-100.html,20241016052751,cdx,
https://www.zdf.de/nachrichten/politik/ausland/kiew-ukraine-rakete-angriff-explosion-krieg-russland-100.html,20241015190256,cdx,
https://www.zdf.de/nachrichten/politik/ausland/libanon-israel-hisbollah-angriffe-100.html,20241015193228,cdx,related
https://www.zdf.de/nachrichten/politik/ausland/moskau-terrorangriff-ispk-folgen-russland-ukraine-100.html,20241015091704,cdx,
https://www.zdf.de/nachrichten/politik/ausland/nadeschdin-wahl-kreml-ukraine-krieg-russland-100.html,20241015135157,cdx,
https://www.zdf.de/nachrichten/politik/ausland/nahost-experte-daniel-gerlach-interview-israel-100.html,20241015070405,cdx,
https://www.zdf.de/nachrichten/politik/ausland/narges-mohammadi-nobelpreis-gefaengnis-100.html,20241015135707,cdx,
https://www.zdf.de/nachrichten/politik/ausland/nawalny-botschafter-russland-baerbock-sanktionen-100.html,20241015071452,cdx,
https://www.zdf.de/nachrichten/politik/ausland/nawalny-leiche-nawalnaja-russland-100.html,20241016042558,cdx,
https://www.zdf.de/nachrichten/politik/ausland/nico-lange-paramilitaer-belgorod-ukraine-krieg-russland-100.html,20241016052505,cdx,
https://www.zdf.de/nachrichten/politik/ausland/oel-teppich-jemen-rotes-meer-huthi-100.html,20241016052340,cdx,
https://www.zdf.de/nachrichten/politik/ausland/paris-messer-attacke-deutscher-tourist-100.html,20241015190209,cdx,
https://www.zdf.de/nachrichten/politik/ausland/patriot-flugabwehr-lieferung-deutschland-ukraine-krieg-russland-100.html,20241015185950,cdx,
https://www.zdf.de/nachrichten/politik/ausland/polen-regierung-morawiecki-pis-mehrheit-100.html,20241015183505,cdx,
https://www.zdf.de/nachrichten/politik/ausland/putin-fuenfte-amtszeit-praesident-russland-100.html,20241015054215,cdx,
https://www.zdf.de/nachrichten/politik/ausland/putin-wahlen-kandidaten-opposition-russland-krieg-ukraine-100.html,20241015192407,cdx,
https://www.zdf.de/nachrichten/politik/ausland/rafah-gaza-offensive-notfallsanitaeter-cadus-israel-100.html,20241015062202,cdx,
https://www.zdf.de/nachrichten/politik/ausland/raketen-nordkorea-russland-ukraine-krieg-100.html,20241015233109,cdx,
https://www.zdf.de/nachrichten/politik/ausland/russland-nawalny-nawalnaja-eu-rede-100.html,20241015132441,cdx,
https://www.zdf.de/nachrichten/politik/ausland/russland-offensive-london-ukraine-krieg-russland-100.html,20241015185817,cdx,
https://www.zdf.de/nachrichten/politik/ausland/russland-wahl-putin-wolkow-100.html,20241015181106,cdx,
https://www.zdf.de/nachrichten/politik/ausland/selenskyj-front-lage-besser-ukraine-krieg-russland-100.html,20241015090901,cdx,
https://www.zdf.de/nachrichten/politik/ausland/selenskyj-generaele-nationalgarde-ukraine-krieg-russland-100.html,20241015181008,cdx,
https://www.zdf.de/nachrichten/politik/ausland/selenskyj-reaktion-putin-beschuldigung-anschlag-moskau-100.html,20241015121913,cdx,
https://www.zdf.de/nachrichten/politik/ausland/sewastopol-werft-schwarzmeerflotte-angriff-krim-ukraine-krieg-russland-100.html,20241015180018,cdx,
https://www.zdf.de/nachrichten/politik/ausland/spd-europawahl-spitzenkandidatin-katarina-barley-100.html,20241015062250,cdx,
https://www.zdf.de/nachrichten/politik/ausland/taurus-leak-russland-bundeswehr-ukraine-krieg-russland-100.html,20241015193914,cdx,
https://www.zdf.de/nachrichten/politik/ausland/trump-geld-new-york-millionen-faq-usa-wahl-100.html,20241015201313,cdx,
https://www.zdf.de/nachrichten/politik/ausland/trump-haley-nevada-republikaner-vorwahl-praesidentschaft-usa-100.html,20241015221625,cdx,
https://www.zdf.de/nachrichten/politik/ausland/trump-usa-wahlkampf-colorado-urteil-100.html,20241015051837,cdx,
https://www.zdf.de/nachrichten/politik/ausland/tunnel-geiseln-verlies-israel-gaza-100.html,20241016044215,cdx,
https://www.zdf.de/nachrichten/politik/ausland/tunnel-hamas-israel-metro-gaza-100.html,20241015053704,cdx,
https://www.zdf.de/nachrichten/politik/ausland/tv-debatte-harris-trump-2024-usa-wahl-100.html,20241015201731,cdx,
https://www.zdf.de/nachrichten/politik/ausland/ukraine-krieg-ramms-russland-2024-100.html,20241015200113,cdx,
https://www.zdf.de/nachrichten/politik/ausland/ukraine-krieg-russland-nawalny-angst-100.html,20241015195721,cdx,
https://www.zdf.de/nachrichten/politik/ausland/ukraine-vorstoss-dnipro-cherson-ukraine-krieg-russland-100.html,20241015012357,cdx,
https://www.zdf.de/nachrichten/politik/ausland/umbach-experte-sicherheit-militaer-putin-ukraine-krieg-russland-100.html,20241015123442,cdx,
https://www.zdf.de/nachrichten/politik/ausland/un-gericht-suedafrika-voelkermord-vorwurf-israel-100.html,20241015060407,cdx,
https://www.zdf.de/nachrichten/politik/ausland/ungarn-wahlkampf-proteste-viktor-orban-peter-magyar-100.html,20241015221449,cdx,
https://www.zdf.de/nachrichten/politik/ausland/us-soldat-feuer-israel-botschaft-washington-100.html,20241015102059,cdx,
https://www.zdf.de/nachrichten/politik/ausland/us-verteidigungsminister-behandlung-prostatakrebs-100.html,20241016042852,cdx,
https://www.zdf.de/nachrichten/politik/ausland/usa-gaetz-absetzung-mccarthy-repraesentantenhaus-100.html,20241015191318,cdx,
https://www.zdf.de/nachrichten/politik/ausland/usa-grossbritannien-russland-importverbot-metall-100.html,20241015183814,cdx,
https://www.zdf.de/nachrichten/politik/ausland/wahlen-niederlande-rutte-nachfolge-100.html,20241016053711,cdx,
https://www.zdf.de/nachrichten/politik/ausland/weisses-haus-waffenruhe-gespraeche-hamas-israel-100.html,20241015093451,cdx,
https://www.zdf.de/nachrichten/politik/bruessel-europa-schuldenregeln-100.html,20241015104753,cdx,
https://www.zdf.de/nachrichten/politik/corona-who-gesundheit-notstand-aufgehoben-100.html,20241015190307,cdx,
https://www.zdf.de/nachrichten/politik/deutschland-buerokratie-innovation-stau-100.html,20241015180838,cdx,
https://www.zdf.de/nachrichten/politik/deutschland/abtreibung-kommission-familienministerium-100.html,20241016053411,cdx,
https://www.zdf.de/nachrichten/politik/deutschland/afd-praeambel-eu-wahlprogramm-europawahl-100.html,20241015194119,cdx,
https://www.zdf.de/nachrichten/politik/deutschland/afd-programm-abschiebung-remigration-100.html,20241015220025,cdx,
https://www.zdf.de/nachrichten/politik/deutschland/ampel-kraftwerke-strategie-einigung-100.html,20241015185114,cdx,
https://www.zdf.de/nachrichten/politik/deutschland/ampel-regierung-lobby-regulierung-transparenz-100.html,20241015062835,cdx,
https://www.zdf.de/nachrichten/politik/deutschland/antisemitismus-einbuergerung-test-holocaust-israel-100.html,20241016042310,cdx,
https://www.zdf.de/nachrichten/politik/deutschland/antisemitismus-klein-kritik-hochschule-angriff-juedischer-student-100.html,20241016042703,cdx,
https://www.zdf.de/nachrichten/politik/deutschland/bauern-kfz-steuern-agrardiesel-protest-100.html,20241015101857,cdx,
https://www.zdf.de/nachrichten/politik/deutschland/berlin-mieten-wohnung-eigenbedarf-kuendigung-100.html,20241015131319,cdx,
https://www.zdf.de/nachrichten/politik/deutschland/cannabis-club-aschheim-bayern-100.html,20241015062511,cdx,
https://www.zdf.de/nachrichten/politik/deutschland/cannabis-legalisierung-lauterbach-bundesrat-amnestie-100.html,20241015113607,cdx,
https://www.zdf.de/nachrichten/politik/deutschland/chat-gpt-schule-hochschule-100.html,20241015041139,cdx,
https://www.zdf.de/nachrichten/politik/deutschland/ddr-frauen-rente-osten-wende-deutschland-weltfrauentag-100.html,20241015193325,cdx,
https://www.zdf.de/nachrichten/politik/deutschland/deutsche-bahn-verspaetungen-100.html,20241015194607,cdx,
https://www.zdf.de/nachrichten/politik/deutschland/dresden-gedenktag-luftangriff-zweiter-weltkrieg-100.html,20241016053514,cdx,
https://www.zdf.de/nachrichten/politik/deutschland/e-rezept-patientenakte-bundestag-gesetz-100.html,20241015185058,cdx,
https://www.zdf.de/nachrichten/politik/deutschland/einreise-verbot-sellner-100.html,20241015130551,cdx,
https://www.zdf.de/nachrichten/politik/deutschland/fdp-basis-ampel-brandbrief-lindner-100.html,20241015193816,cdx,
https://www.zdf.de/nachrichten/politik/deutschland/fdp-lindner-haushalt-schuldenbremse-100.html,20241015193023,cdx,
https://www.zdf.de/nachrichten/politik/deutschland/gedenkstaetten-oranienburg-hassbotschaften-100.html,20241015185144,cdx,
https://www.zdf.de/nachrichten/politik/deutschland/glyphosat-oezdemir-landwirtschaft-eu-artenvielfalt-100.html,20241015093225,cdx,
https://www.zdf.de/nachrichten/politik/deutschland/gysi-lanz-wagenknecht-partei-prognose-100.html,20241015011302,cdx,
https://www.zdf.de/nachrichten/politik/deutschland/hamburg-fluechtlingsunterkunft-zelte-fluechtlinge-100.html,20241015093336,cdx,
https://www.zdf.de/nachrichten/politik/deutschland/haushalt-koalitionsausschuss-ampel-100.html,20241015201134,cdx,
https://www.zdf.de/nachrichten/politik/deutschland/heizung-austausch-foerderprogramm-2024-start-100.html,20241015195317,cdx,
https://www.zdf.de/nachrichten/politik/deutschland/heizung-gebaeudeenergiegesetz-waermepumpe-wasserstoff-100.html,20241015151202,cdx,
https://www.zdf.de/nachrichten/politik/deutschland/it-open-source-bundesregierung-kleine-anfrage-100.html,20241015124812,cdx,
https://www.zdf.de/nachrichten/politik/deutschland/kassenaerzte-praxis-fachkraeftemangel-interview-100.html,20241016040029,cdx,
https://www.zdf.de/nachrichten/politik/deutschland/krankenhaeuser-insolvenz-geld-lauterbach-100.html,20241015185940,cdx,
https://www.zdf.de/nachrichten/politik/deutschland/lars-klingbeil-ampel-streit-kindergrundsicherung-steuererleichterungen-100.html,20241016053756,cdx,
https://www.zdf.de/nachrichten/politik/deutschland/lichtermeer-demokratie-demonstration-rassismus-muenchen-100.html,20241015182056,cdx,
https://www.zdf.de/nachrichten/politik/deutschland/marco-buschmann-reform-abstammungsrecht-100.html,20241015093551,cdx,
https://www.zdf.de/nachrichten/politik/deutschland/merz-scholz-migration-deutschlandpakt-gipfel-kanzleramt-100.html,20241015125431,cdx,
https://www.zdf.de/nachrichten/politik/deutschland/silvester-sicherheit-krawalle-100.html,20241015222342,cdx,
https://www.zdf.de/nachrichten/politik/deutschland/ukraine-taurus-lieferung-scholz-kritik-100.html,20241015200200,cdx,
https://www.zdf.de/nachrichten/politik/deutschland/wolfgang-schaeuble-trauergottesdienst-offenburg-100.html,20241015123857,cdx,
https://www.zdf.de/nachrichten/politik/dobrindt-klima-raf-100.html,20241015180614,cdx,
https://www.zdf.de/nachrichten/politik/elterngeld-hohe-einkommen-150000-aenderung-faq-100.html,20241015181333,cdx,
https://www.zdf.de/nachrichten/politik/habeck-industriestrompreis-staatliche-hilfe-100.html,20241016045935,cdx,
https://www.zdf.de/nachrichten/politik/karl-lauterbach-kassenbeitrag-krankenversicherung-100.html,20241016221002,cdx,
https://www.zdf.de/nachrichten/politik/lindner-habeck-industriestrompreis-100.html,20241015192316,cdx,
https://www.zdf.de/nachrichten/politik/liz-truss-partys-landsitz-pantoffeln-handtuecher-steuerzahler-100.html,20241015103924,cdx,
https://www.zdf.de/nachrichten/politik/macron-scholz-beziehungen-deutschland-frankreich-100.html,20241015182502,cdx,
https://www.zdf.de/nachrichten/politik/polen-pis-auschwitz-video-empoerung-100.html,20241015183840,cdx,
https://www.zdf.de/nachrichten/politik/razzia-samidoun-hamas-100.html,20241015184413,cdx,
https://www.zdf.de/nachrichten/politik/russifizierung-britisches-verteidigungsministerium-ukraine-krieg-russland-100.html,20241015195328,cdx,
https://www.zdf.de/nachrichten/politik/selenskyj-drohnenangriff-ukraine-krieg-russland-100.html,20241015180243,cdx,
https://www.zdf.de/nachrichten/politik/sudan-konflikt-buergerkrieg-ursachen-gegner-experten-100.html,20241015072618,cdx,
https://www.zdf.de/nachrichten/politik/trittin-gruene-abschied-bundestag-bilanz-100.html,20241016041736,cdx,
https://www.zdf.de/nachrichten/politik/warburg-u-ausschuss-kanzler-scholz-100.html,20241015135612,cdx,
https://www.zdf.de/nachrichten/ratgeber/auto-sommer-hitze-urlaub-reise-100.html,20241015052330,cdx,
https://www.zdf.de/nachrichten/ratgeber/bargeld-mobiles-bezahlen-handy-digitaler-euro-100.html,20241015135531,cdx,
https://www.zdf.de/nachrichten/ratgeber/fruchtfliegen-loswerden-kueche-100.html,20241015104453,cdx,
https://www.zdf.de/nachrichten/ratgeber/garten-laub-harken-100.html,20241015201645,cdx,
https://www.zdf.de/nachrichten/ratgeber/geld-haushaltsbuch-ausgaben-kontrolle-100.html,20241016054009,cdx,
https://www.zdf.de/nachrichten/ratgeber/gesundheit/alkohol-vergiftungen-konsum-jugendliche-100.html,20241015200357,cdx,
https://www.zdf.de/nachrichten/ratgeber/gesundheit/demenz-alzheimer-vergesslichkeit-gehirn-100.html,20241016045347,cdx,
https://www.zdf.de/nachrichten/ratgeber/gesundheit/elektronisches-rezept-arzt-apotheke-gesundheitskarte-digitalisierung-100.html,20241015200446,cdx,
https://www.zdf.de/nachrichten/ratgeber/gesundheit/hepatitis-leber-leberzirrhose-100.html,20241015183632,cdx,
https://www.zdf.de/nachrichten/ratgeber/gesundheit/krankheit-diagnose-einsamkeit-psychologie-100.html,20241015201905,cdx,
https://www.zdf.de/nachrichten/ratgeber/gesundheit/magen-darm-infekt-kinder-100.html,20241015201606,cdx,
https://www.zdf.de/nachrichten/ratgeber/gesundheit/trockene-haut-lippen-hautpflege-winter-100.html,20241015232337,cdx,
https://www.zdf.de/nachrichten/ratgeber/gesundheit/winter-erkaeltung-immunsystem-100.html,20241015063254,cdx,
https://www.zdf.de/nachrichten/ratgeber/grillen-holzkohle-gas-elektro-100.html,20241015200915,cdx,
https://www.zdf.de/nachrichten/ratgeber/hortensien-schneiden-pflege-krankheiten-100.html,20241015181215,cdx,
https://www.zdf.de/nachrichten/ratgeber/insektenhotel-wildbienen-insektensterben-100.html,20241015181826,cdx,
https://www.zdf.de/nachrichten/ratgeber/ostern-osterdeko-ostereier-osterhase-basteln-100.html,20241015122536,cdx,
https://www.zdf.de/nachrichten/ratgeber/pakete-briefe-weihnachten-geschenk-100.html,20241015192619,cdx,
https://www.zdf.de/nachrichten/ratgeber/pflege-pflegegrad-pflegegeld-pflegekasse-100.html,20241015072637,cdx,
https://www.zdf.de/nachrichten/ratgeber/rabatte-e-autos-100.html,20241015063730,cdx,
https://www.zdf.de/nachrichten/ratgeber/schnecken-bekaempfen-hausmittel-100.html,20241015185419,cdx,
https://www.zdf.de/nachrichten/ratgeber/semmelknoedel-fertigprodukt-check-100.html,20241015100938,cdx,
https://www.zdf.de/nachrichten/ratgeber/situationship-lockere-beziehung-100.html,20241015194457,cdx,
https://www.zdf.de/nachrichten/ratgeber/spaghetti-oeko-test-100.html,20241015065849,cdx,
https://www.zdf.de/nachrichten/ratgeber/stadt-gaertnern-friedhof-gemuese-berlin-plan-b-100.html,20241015220052,cdx,
https://www.zdf.de/nachrichten/ratgeber/temu-erfahrungen-app-serioes-100.html,20241015190414,cdx,
https://www.zdf.de/nachrichten/ratgeber/winter-glaette-tipps-100.html,20241015190554,cdx,
https://www.zdf.de/nachrichten/sport/american-football-super-bowl-2023-nfl-fakten-faq-100.html,20241015021541,cdx,
https://www.zdf.de/nachrichten/sport/australian-open-tennis-finale-jannik-sinner--gewinnt-grand-slam-100.html,20241015071902,cdx,
https://www.zdf.de/nachrichten/sport/basketball-wm-manila-deutschland-lettland-100.html,20241015183529,cdx,
https://www.zdf.de/nachrichten/sport/bolzplatz-manu-thiele-fussball-bundesliga-leverkusen-florian-wirtz-100.html,20241015183300,cdx,
https://www.zdf.de/nachrichten/sport/boxen-henry-maske-60-geburtstag-100.html,20241015124652,cdx,
https://www.zdf.de/nachrichten/sport/bundesliga-eintracht-frankfurt-keeper-kaua-santos-102.html,20241016062624,cdx,
https://www.zdf.de/nachrichten/sport/deutschland-daenemark-halbfinale-handball-em-2024-100.html,20241016051129,cdx,
https://www.zdf.de/nachrichten/sport/dfl-investor-blackstone-bundesligen-100.html,20241015135336,cdx,
https://www.zdf.de/nachrichten/sport/em-qualifikation-georgien-griechenland-wales-polen-ukraine-island-100.html,20241015221007,cdx,
https://www.zdf.de/nachrichten/sport/fussball-antonio-ruediger-reichelt-reaktion-100.html,20241015190340,cdx,
https://www.zdf.de/nachrichten/sport/fussball-beckenbauer-tod-weltmann-cosmos-100.html,20241015201054,cdx,
https://www.zdf.de/nachrichten/sport/fussball-bo-henriksen-neuer-mainz-trainer-100.html,20241015104812,cdx,
https://www.zdf.de/nachrichten/sport/fussball-brasilien-nationaltrainer-zagallo-tod-100.html,20241015185926,cdx,
https://www.zdf.de/nachrichten/sport/fussball-bundesliga-18-spieltag-koeln-dortmund-100.html,20241016050640,cdx,
https://www.zdf.de/nachrichten/sport/fussball-bundesliga-eintracht-frankfurt-sge-sasa-kalajdzic-kreuzbandriss-100.html,20241015130507,cdx,
https://www.zdf.de/nachrichten/sport/fussball-bundesliga-fc-bayern-freiburg-rueckschlag-meistertitel-100.html,20241015190923,cdx,
https://www.zdf.de/nachrichten/sport/fussball-bundesliga-fc-bayern-rb-leipzig-kritik-100.html,20241015181021,cdx,
https://www.zdf.de/nachrichten/sport/fussball-bundesliga-moenchengladbach-mainz-spieltag-7-100.html,20241015185912,cdx,
https://www.zdf.de/nachrichten/sport/fussball-bundesliga-rb-leipzig-borussia-moenchengladbach-todesfaelle-100.html,20241015062912,cdx,
https://www.zdf.de/nachrichten/sport/fussball-bundesliga-rb-leipzig-union-berlin-100.html,20241015124404,cdx,
https://www.zdf.de/nachrichten/sport/fussball-bundesliga-sportbusinesskongress-watzke-100.html,20241015200708,cdx,
https://www.zdf.de/nachrichten/sport/fussball-dfb-pokal-achtelfinale-saarbruecken-eintracht-frankfurt-100.html,20241015215601,cdx,
https://www.zdf.de/nachrichten/sport/fussball-euro-auslosung-kommentar-schmidt-100.html,20241015100509,cdx,
https://www.zdf.de/nachrichten/sport/fussball-fans-randale-ausschreitungen-pyrotechnik-polizei-100.html,20241015190500,cdx,
https://www.zdf.de/nachrichten/sport/fussball-frauen-nations-league-deutschland-wales-island-popp-ausfall-100.html,20241015104301,cdx,
https://www.zdf.de/nachrichten/sport/fussball-liverpool-klopp-chelsea-ligapokal-england-100.html,20241015130634,cdx,
https://www.zdf.de/nachrichten/sport/fussball-nagelsmann-verlaengerung-dfb-reaktionen-100.html,20241015193759,cdx,
https://www.zdf.de/nachrichten/sport/fussball-sc-freiburg-europa-league-west-ham-hoffnung-gegen-liga-frust-100.html,20241015210210,cdx,
https://www.zdf.de/nachrichten/sport/fussball-u17-wm-deutschland-dfb-weltmeister-empfang-100.html,20241015101835,cdx,
https://www.zdf.de/nachrichten/sport/handball-frauen-wm-deutschland-iran-100.html,20241015230422,cdx,
https://www.zdf.de/nachrichten/sport/kamila-walijewa-sperre-doping-olympia-2022-eiskunstlauf-100.html,20241015185328,cdx,
https://www.zdf.de/nachrichten/sport/kanada-eishockey-nhl-profis-vergewaltigung-vorwuerfe-angeklage-100.html,20241015192200,cdx,
https://www.zdf.de/nachrichten/sport/linkshaender-frankreich-nedim-remili-deutschland-handball-em-2024-100.html,20241015083009,cdx,
https://www.zdf.de/nachrichten/sport/motorsport-formel-1-michael-schumacher-unfall-jahrestag-100.html,20241015132516,cdx,
https://www.zdf.de/nachrichten/sport/paralympics-2024-bilanz-fazit-100.html,20241015185123,cdx,
https://www.zdf.de/nachrichten/sport/paralympics-2024-vorschau-hoehepunkte-11-wettkampftag-100.html,20241015184853,cdx,
https://www.zdf.de/nachrichten/sport/wellinger-vor-neujahrsspringen-garmisch-vierschanzentournee-100.html,20241015214015,cdx,
https://www.zdf.de/nachrichten/sport/wintersport-rodeln-olympiasiegerin-geisenberger-karriereende-100.html,20241015092524,cdx,
https://www.zdf.de/nachrichten/thema/airbus-118.html,20241015190103,cdx,
https://www.zdf.de/nachrichten/thema/baden-wuerttemberg-news-100.html,20241015183702,cdx,
https://www.zdf.de/nachrichten/thema/fussball-em-116.html,20241015184110,cdx,
https://www.zdf.de/nachrichten/thema/gicht-100.html,20241015231702,cdx,
https://www.zdf.de/nachrichten/thema/hessen-news-100.html,20241015184305,cdx,
https://www.zdf.de/nachrichten/thema/netflix-110.html,20241015065605,cdx,
https://www.zdf.de/nachrichten/thema/niederlande-156.html,20241015191036,cdx,
https://www.zdf.de/nachrichten/thema/tesla-130.html,20241015180703,cdx,
https://www.zdf.de/nachrichten/video/helden-menu-einsatzkraefte-silvesterkrawalle-video-100.html,20241015200014,cdx,
https://www.zdf.de/nachrichten/video/krieg-kinder-selenska-100.html,20241015134410,cdx,
https://www.zdf.de/nachrichten/video/libanon-hisbollah-angriffe-israel-armee-100.html,20241016040104,cdx,related
https://www.zdf.de/nachrichten/video/panorama-chatkontrolle-kutcher-100.html,20241015102644,cdx,
https://www.zdf.de/nachrichten/video/panorama-energydrink-verbot-100.html,20241015180853,cdx,
https://www.zdf.de/nachrichten/video/panorama-gewaltpraevention-schulen-102.html,20241015181946,cdx,
https://www.zdf.de/nachrichten/video/panorama-klimawandel-skifahren-dahlmeier-100.html,20241016053454,cdx,
https://www.zdf.de/nachrichten/video/panorama-kongo-biodiversitaet-100.html,20241016042317,cdx,
https://www.zdf.de/nachrichten/video/panorama-quarterlife-crisis-100.html,20241016042330,cdx,
https://www.zdf.de/nachrichten/video/panorama-waschbaeren-bedrohung-futtersuche-100.html,20241016044255,cdx,
https://www.zdf.de/nachrichten/video/politik-bannon-trump-100.html,20241015221455,cdx,
https://www.zdf.de/nachrichten/video/politik-eu-parlament-wahlen-100.html,20241015182810,cdx,
https://www.zdf.de/nachrichten/video/politik-lanz-esken-regierungskrise-100.html,20241015134958,cdx,
https://www.zdf.de/nachrichten/video/politik-lanz-wagenknecht-kritik-manifest-frieden-100.html,20241015215452,cdx,
https://www.zdf.de/nachrichten/video/politik-lanz-wegner-hamas-protest-100.html,20241015073056,cdx,
https://www.zdf.de/nachrichten/video/politk-maybrit-illner-lindner-usa-europa-100.html,20241015210858,cdx,
https://www.zdf.de/nachrichten/video/reportage-wahl-sachsen-thueringen-afd-bsw-landtag-koalition-100.html,20241016042415,cdx,
https://www.zdf.de/nachrichten/wirtschaft/blackout-stromausfall-energieversorgung-probleme-deutschland-100.html,20241015224132,cdx,
https://www.zdf.de/nachrichten/wirtschaft/bundesbank-d-mark-altbestand-umtausch-100.html,20241016045200,cdx,
https://www.zdf.de/nachrichten/wirtschaft/dax-aktienkurse-geldanlage-risiko-100.html,20241015225853,cdx,
https://www.zdf.de/nachrichten/wirtschaft/gas-versorgung-streit-diw-bundeswirtschaftsministerium-100.html,20241015093211,cdx,
https://www.zdf.de/nachrichten/wirtschaft/immobilien-ausschuss-wohnungsmangel-deutschland-102.html,20241016045041,cdx,
https://www.zdf.de/nachrichten/wirtschaft/inflation-euro-d-mark-100.html,20241015214416,cdx,
https://www.zdf.de/nachrichten/wirtschaft/inflation-lebensmittel-preise-100.html,20241016065259,cdx,
https://www.zdf.de/nachrichten/wirtschaft/kohleausstieg-heizkraftwerk-chemnitz-energiewende-kohlenstoffdioxid-100.html,20241016042611,cdx,
https://www.zdf.de/nachrichten/wirtschaft/leitzinsen-notenbanken-inflation-100.html,20241015184845,cdx,
https://www.zdf.de/nachrichten/wirtschaft/millionaere-verunsicherung-einzahlung-ubs-schweiz-100.html,20241015195843,cdx,
https://www.zdf.de/nachrichten/wirtschaft/russland-sanktionen-wirtschaft-teuer-rubel-100.html,20241015135451,cdx,
https://www.zdf.de/nachrichten/wirtschaft/siemens-chef-immigration-weltoffenheit-100.html,20241015134240,cdx,
https://www.zdf.de/nachrichten/wirtschaft/unternehmen/bahnstreik-wann-wie-wo-fragen-antworten-100.html,20241016042530,cdx,
https://www.zdf.de/nachrichten/wirtschaft/unternehmen/boeing-737-max-faa-produktionsprobleme-100.html,20241015091023,cdx,
https://www.zdf.de/nachrichten/wirtschaft/unternehmen/deutsche-bahn-fahrplan-wechsel-100.html,20241015134930,cdx,
https://www.zdf.de/nachrichten/wirtschaft/unternehmen/deutsche-bahn-gdl-streik-warnstreik-tarif-verhandlung-100.html,20241015190110,cdx,
https://www.zdf.de/nachrichten/wirtschaft/unternehmen/gemini-google-ki-kuenstliche-intelligenz-chatgpt-100.html,20241015190303,cdx,
https://www.zdf.de/nachrichten/wirtschaft/unternehmen/kadewe-insolvenz-100.html,20241016041520,cdx,
https://www.zdf.de/nachrichten/wirtschaft/unternehmen/krypto-ftx-bankman-fried-haft-100.html,20241015123755,cdx,
https://www.zdf.de/nachrichten/wirtschaft/unternehmen/openai-chatgpt-altman-chef-100.html,20241015124112,cdx,
https://www.zdf.de/nachrichten/wirtschaft/volkswagen-china-winterkorn-prozess-100.html,20241015060705,cdx,
https://www.zdf.de/nachrichten/wirtschaft/windstrom-norddeutschland-sueddeutschland-suedlink-100.html,20241015180752,cdx,
https://www.zdf.de/nachrichten/wirtschaft/wirtschaft-leistung-gesunken-erstes-quartal-100.html,20241015192731,cdx,
https://www.zdf.de/nachrichten/wirtschaft/wirtschaftsweisen-konjunkturprognose-senkung-100.html,20241015185158,cdx,
https://www.zdf.de/nachrichten/wissen/algen-zucht-nordsee-windpark-meeresbiologin-strothotte-100.html,20241015200142,cdx,
https://www.zdf.de/nachrichten/wissen/antisemitismus-menschenrechte-terrax-gert-scobel-kolumne-100.html,20241016053606,cdx,
https://www.zdf.de/nachrichten/wissen/bildschirm-nutzung-studie-kinder-jugendliche-entwicklung-100.html,20241015193710,cdx,
https://www.zdf.de/nachrichten/wissen/china-lungenentzuendung-kinder-100.html,20241015072643,cdx,
https://www.zdf.de/nachrichten/wissen/erdbeben-warnungen-terrax-jasmina-neudecker-kolumne-100.html,20241015183245,cdx,
https://www.zdf.de/nachrichten/wissen/japan-jaxa-mondlandung-bilder-100.html,20241015124255,cdx,
https://www.zdf.de/nachrichten/wissen/kernkraft-strom-energiewende-terrax-volker-quaschning-kolumne-100.html,20241015135414,cdx,
https://www.zdf.de/nachrichten/wissen/peregrine-private-mondmission-100.html,20241015182401,cdx,
https://www.zdf.de/nachrichten/wissen/who-china-kinder-atemwegserkrankungen-100.html,20241015220657,cdx,
https://www.zdf.de/nachrichten/zdfspezial/zdf-spezial---braende-in-europa---der-kampf-gegen-das-feuer-clip-3-100.html,20241016064257,cdx,
https://www.zdf.de/nachrichten/zdfspezial/zdf-spezial-eskalation-in-nahost--hamas-angriffe-auf-israel---titel-100.html,20241015232549,cdx,
https://www.zdf.de/nachrichten/politik/deutschland/europawahl-junge-afd-klima-100.html,20241017090503,cdx,
https://www.zdf.de/nachrichten/politik/deutschland/klaus-toepfer-tot-100.html,20241017154503,cdx,
