outlet,url,title,published_date,central_or_mention,status,collection_route,capture_timestamp,format,discovery_route
aljadeed,https://www.aljadeed.tv/news/%D8%B9%D8%B1%D8%A8%D9%8A%D8%A7%D8%AA/502515/%D8%B1%D9%88%D9%8A%D8%AA%D8%B1%D8%B2-%D9%86%D9%82%D9%84%D8%A7-%D8%B9%D9%86-%D9%85%D8%B5%D8%AF%D8%B1-%D8%A3%D9%85%D9%86%D9%8A-%D8%A5%D8%B5%D8%A7%D8%A8%D8%A9-%D8%A7%D9%84%D9%85%D8%A6%D8%A7%D8%AA-%D9%85%D9%86-%D9%85%D9%82%D8%A7%D8%AA%D9%84%D9%8A-%D8%AD%D8%B2%D8%A8-%D8%A7%D9%84%D9%84%D9%87-%D8%A8%D8%B9%D8%AF-%D8%A7%D9%86%D9%81%D8%AC%D8%A7%D8%B1-%D8%A3%D8%AC,رويترز نقلا عن مصدر أمني: إصابة المئات من مقاتلي حزب الله بعد انفجار أجهزة اتصال في الضاحية الجنوبية,2024-09-17,central,in_manifest_not_candidate,live,,short_flash_or_ticker,manifest-kw
aljadeed,https://www.aljadeed.tv/news/%D8%B9%D8%B1%D8%A8%D9%8A%D8%A7%D8%AA/502520/%D9%85%D8%B3%D8%A4%D9%88%D9%84-%D9%83%D8%A8%D9%8A%D8%B1-%D8%B3%D8%A7%D8%A8%D9%82-%D8%A8%D9%80-%D8%A7%D9%84%D8%B4%D8%A7%D8%A8%D8%A7%D9%83-%D8%AA%D9%81%D8%AC%D9%8A%D8%B1-%D8%A3%D8%AC%D9%87%D8%B2%D8%A9-%D8%A5%D8%AA%D8%B5%D8%A7%D9%84-%D8%AE%D8%A7%D8%B5%D8%A9-%D8%A8%D9%85%D8%A6%D8%A7%D8%AA-%D8%A7%D9%84%D8%B9%D9%86%D8%A7%D8%B5%D8%B1-%D9%85%D9%86-%D8%AD%D8%B2%D8%A8,"مسؤول كبير سابق بـ ""الشاباك"": تفجير أجهزة إتصال خاصة بمئات العناصر من حزب الله إختراق أمني إستخباري غير مسبوق",2024-09-17,central,in_manifest_not_candidate,live,,short_flash_or_ticker,manifest-kw
aljadeed,https://www.aljadeed.tv/news/%D8%B9%D8%B1%D8%A8%D9%8A%D8%A7%D8%AA/502522/%D9%8A%D8%AF%D9%8A%D8%B9%D9%88%D8%AA-%D8%A3%D8%AD%D8%B1%D9%88%D9%86%D9%88%D8%AA-%D9%85%D8%B3%D8%AA%D8%B4%D8%A7%D8%B1-%D9%85%D9%82%D8%B1%D8%A8-%D9%85%D9%86-%D9%86%D8%AA%D9%86%D9%8A%D8%A7%D9%87%D9%88-%D9%8A%D9%84%D9%85%D8%AD-%D8%A5%D8%B3%D8%B1%D8%A7%D8%A6%D9%8A%D9%84-%D8%AA%D9%82%D9%81-%D9%88%D8%B1%D8%A7%D8%A1-%D8%AA%D9%81%D8%AC%D9%8A%D8%B1-%D8%A3%D8%AC%D9%87%D8%B2,"يديعوت أحرونوت: مستشار مقرب من نتنياهو يلمح ""إسرائيل تقف وراء تفجير أجهزة الاتصالات لحزب الله""",2024-09-17,central,in_manifest_not_candidate,live,,short_flash_or_ticker,manifest-kw
aljadeed,https://www.aljadeed.tv/news/%D8%B9%D8%B1%D8%A8%D9%8A%D8%A7%D8%AA/502536/%D8%B1%D9%88%D9%8A%D8%AA%D8%B1%D8%B2-%D9%86%D9%82%D9%84%D8%A7-%D8%B9%D9%86-%D9%88%D9%83%D8%A7%D9%84%D8%A9-%D9%85%D9%87%D8%B1-%D9%84%D9%84%D8%A3%D9%86%D8%A8%D8%A7%D8%A1-%D8%A7%D9%84%D8%A5%D9%8A%D8%B1%D8%A7%D9%86%D9%8A%D8%A9-%D8%A5%D8%B5%D8%A7%D8%A8%D8%A9-%D8%A7%D9%84%D8%B3%D9%81%D9%8A%D8%B1-%D8%A7%D9%84%D8%A5%D9%8A%D8%B1%D8%A7%D9%86%D9%8A-%D9%81%D9%8A-%D8%A8%D9%8A,رويترز نقلا عن وكالة مهر للأنباء الإيرانية: إصابة السفير الإيراني في بيروت مجتبى أماني بانفجار جهاز بيجر,2024-09-17,central,in_manifest_not_candidate,live,,short_flash_or_ticker,manifest-kw
aljadeed,https://www.aljadeed.tv/news/%D8%B9%D8%B1%D8%A8%D9%8A%D8%A7%D8%AA/502550/%D8%A7%D9%84%D9%85%D8%B1%D8%B5%D8%AF-%D8%A7%D9%84%D8%B3%D9%88%D8%B1%D9%8A-%D9%88%D8%B5%D9%88%D9%84-%D8%B9%D8%AF%D8%AF-%D9%85%D9%86-%D8%B9%D9%86%D8%A7%D8%B5%D8%B1-%D8%AD%D8%B2%D8%A8-%D8%A7%D9%84%D9%84%D9%87-%D8%A5%D9%84%D9%89-%D8%A7%D9%84%D9%85%D8%B3%D8%AA%D8%B4%D9%81%D9%8A%D8%A7%D8%AA-%D9%81%D9%8A-%D8%AF%D9%85%D8%B4%D9%82-%D9%88%D9%85%D8%AD%D8%A7%D9%81%D8%B8,المرصد السوري: وصول عدد من عناصر حزب الله إلى المستشفيات في دمشق ومحافظة ريف دمشق إثر تعرضهم لإصابات بعد انفجار أجهزة اتصال كانوا يحملونها,2024-09-17,central,in_manifest_not_candidate,live,,short_flash_or_ticker,manifest-kw
aljadeed,https://www.aljadeed.tv/news/%D8%B9%D8%B1%D8%A8%D9%8A%D8%A7%D8%AA/502591/%D8%A7%D9%84%D8%B1%D8%A6%D9%8A%D8%B3-%D8%A7%D9%84%D9%81%D9%84%D8%B3%D8%B7%D9%8A%D9%86%D9%8A-%D9%8A%D9%88%D8%AC%D9%87-%D9%86%D8%AF%D8%A7%D8%A1%D9%8B-%D8%A8%D9%81%D8%AA%D8%AD-%D9%83%D8%A7%D9%81%D8%A9-%D8%A7%D9%84%D9%85%D8%B3%D8%AA%D8%B4%D9%81%D9%8A%D8%A7%D8%AA-%D8%A7%D9%84%D9%81%D9%84%D8%B3%D8%B7%D9%8A%D9%86%D9%8A%D8%A9-%D9%88%D8%A7%D8%B3%D8%AA%D9%86%D9%81%D8%A7%D8%B1-%D8%A7,الرئيس الفلسطيني يوجه نداءً بفتح كافة المستشفيات الفلسطينية واستنفار طواقمها الطبية في لبنان,2024-09-17,central,in_manifest_not_candidate,live,,,manifest-kw
aljadeed,https://www.aljadeed.tv/news/%D9%85%D8%AD%D9%84%D9%8A%D8%A7%D8%AA/502512/%D8%B9%D8%B4%D8%B1%D8%A7%D8%AA-%D8%A7%D9%84%D8%A5%D8%B5%D8%A7%D8%A8%D8%A7%D8%AA-%D8%AA%D9%88%D8%B2%D8%B9%D8%AA-%D8%B9%D9%84%D9%89-%D9%85%D8%B3%D8%AA%D8%B4%D9%81%D9%8A%D8%A7%D8%AA-%D8%A8%D9%8A%D8%B1%D9%88%D8%AA-%D9%88%D8%A7%D9%84%D8%B6%D8%A7%D8%AD%D9%8A%D8%A9-%D8%A7%D9%84%D8%AC%D9%86%D9%88%D8%A8%D9%8A%D8%A9-%D9%86%D8%AA%D9%8A%D8%AC%D8%A9-%D8%A7%D9%86%D9%81%D8%AC%D8%A7%D8%B1,عشرات الإصابات توزعت على مستشفيات بيروت والضاحية الجنوبية نتيجة انفجار أجهزة لاسلكية يحملها عناصر حزب الله,2024-09-17,central,in_manifest_not_candidate,live,,short_flash_or_ticker,manifest-kw
aljadeed,https://www.aljadeed.tv/news/%D9%85%D8%AD%D9%84%D9%8A%D8%A7%D8%AA/502528/%D9%88%D8%B3%D8%A7%D8%A6%D9%84-%D8%A5%D8%B9%D9%84%D8%A7%D9%85-%D8%B3%D9%88%D8%B1%D9%8A%D8%A9-%D9%88%D8%A3%D8%AE%D8%B1%D9%89-%D8%AA%D8%A7%D8%A8%D8%B9%D8%A9-%D9%84%D9%84%D8%AD%D8%B1%D8%B3-%D8%A7%D9%84%D8%AB%D9%88%D8%B1%D9%8A-%D8%A7%D9%84%D8%A5%D9%8A%D8%B1%D8%A7%D9%86%D9%8A-%D8%A5%D8%B5%D8%A7%D8%A8%D8%A9-%D8%A7%D9%84%D8%B9%D8%AF%D9%8A%D8%AF-%D9%85%D9%86-%D8%A3%D8%B9,وسائل إعلام سورية وأخرى تابعة للحرس الثوري الإيراني: إصابة العديد من أعضاء حزب الله في سوريا وتم نقلهم إلى المستشفى بعد انفجار أجهزة اتصال كانوا يحملونها,2024-09-17,central,in_manifest_not_candidate,live,,short_flash_or_ticker,manifest-kw
aljadeed,https://www.aljadeed.tv/news/%D9%85%D8%AD%D9%84%D9%8A%D8%A7%D8%AA/502548/%D8%A8%D8%A7%D9%84%D9%81%D9%8A%D8%AF%D9%8A%D9%88-%D9%84%D8%AD%D8%B8%D8%A9-%D8%A7%D9%86%D9%81%D8%AC%D8%A7%D8%B1-%D8%A3%D8%AC%D9%87%D8%B2%D8%A9-%D8%A7%D8%AA%D8%B5%D8%A7%D9%84%D8%A7%D8%AA-%D9%83%D8%A7%D9%86%D8%AA-%D8%A8%D8%AD%D9%88%D8%B2%D8%A9-%D8%B9%D9%86%D8%A7%D8%B5%D8%B1-%D8%A7%D9%84%D8%AD%D8%B2%D8%A8,بالفيديو - لحظة انفجار أجهزة اتصالات كانت بحوزة عناصر الحزب,2024-09-17,central,in_manifest_not_candidate,live,,short_flash_or_ticker,manifest-kw
aljadeed,https://www.aljadeed.tv/news/%D9%85%D8%AD%D9%84%D9%8A%D8%A7%D8%AA/502566/%D8%A3%D9%88%D9%84-%D8%AA%D8%B9%D9%84%D9%8A%D9%82-%D9%85%D9%86-%D8%AD%D8%B2%D8%A8-%D8%A7%D9%84%D9%84%D9%87-%D8%A8%D8%B4%D8%A3%D9%86-%D8%A5%D9%86%D9%81%D8%AC%D8%A7%D8%B1%D8%A7%D8%AA-%D8%A7%D9%84%D9%80%D8%A8%D8%A7%D9%8A%D8%AC%D8%B1,"أول تعليق من حزب الله بشأن إنفجارات الـ""بايجر""",2024-09-17,central,in_manifest_not_candidate,live,,,manifest-kw
aljadeed,https://www.aljadeed.tv/news/%D9%85%D8%AD%D9%84%D9%8A%D8%A7%D8%AA/502579/%D9%85%D9%8A%D9%82%D8%A7%D8%AA%D9%8A-%D8%A3%D8%AC%D8%B1%D9%89-%D8%B3%D9%84%D8%B3%D9%84%D8%A9-%D8%A7%D8%AA%D8%B5%D8%A7%D9%84%D8%A7%D8%AA-%D9%88%D8%A7%D8%B7%D9%84%D8%B9-%D8%B9%D9%84%D9%89-%D9%85%D9%84%D8%A7%D8%A8%D8%B3%D8%A7%D8%AA-%D8%A7%D9%84%D8%A7%D8%AE%D8%AA%D8%B1%D8%A7%D9%82-%D8%A7%D9%84%D8%AD%D8%A7%D8%B5%D9%84,ميقاتي: ما حصل اعتداء على السيادة اللبنانية وستتابع التحقيقات,2024-09-17,mention,in_manifest_not_candidate,live,,,manifest-kw
aljadeed,https://www.aljadeed.tv/news/%D9%85%D8%AD%D9%84%D9%8A%D8%A7%D8%AA/502580/%D8%A7%D9%84%D8%AE%D8%A7%D8%B1%D8%AC%D9%8A%D8%A9-%D8%AA%D8%AF%D9%8A%D9%86-%D8%A8%D8%A3%D8%B4%D8%AF-%D8%A7%D9%84%D8%B9%D8%A8%D8%A7%D8%B1%D8%A7%D8%AA-%D8%A7%D9%84%D9%87%D8%AC%D9%88%D9%85-%D8%A7%D9%84%D8%B3%D9%8A%D8%A8%D8%B1%D8%A7%D9%86%D9%8A-%D8%A7%D9%84%D8%A7%D8%B3%D8%B1%D8%A7%D8%A6%D9%8A%D9%84%D9%8A-%D8%A7%D9%84%D8%B0%D9%8A-%D8%A3%D8%AF%D9%89-%D8%A5%D9%84%D9%89-%D8%AA,"""الخارجية"" تدين بأشد العبارات الهجوم السيبراني الاسرائيلي الذي أدى إلى تفجير عدد كبير من أجهزة الاتصال ""بيجر"" في عدة مناطق لبنانية مما تسبب في حصيلة أولية الى سقوط ٨ قتلى بينهم أطفال",2024-09-17,central,in_manifest_not_candidate,live,,short_flash_or_ticker,manifest-kw
aljadeed,https://www.aljadeed.tv/news/%D9%85%D8%AD%D9%84%D9%8A%D8%A7%D8%AA/502582/3-%D9%86%D8%B8%D8%B1%D9%8A%D8%A7%D8%AA-%D9%85%D8%AD%D8%AA%D9%85%D9%84%D8%A9-%D9%84%D9%85%D8%A7-%D8%AD%D8%B5%D9%84-%D8%A7%D9%84%D9%8A%D9%88%D9%85-%D9%81%D9%8A-%D9%84%D8%A8%D9%86%D8%A7%D9%86,3 نظريات محتملة لما حصل اليوم في لبنان,2024-09-17,central,in_manifest_not_candidate,live,,,manifest-kw
aljadeed,https://www.aljadeed.tv/news/%D9%85%D8%AD%D9%84%D9%8A%D8%A7%D8%AA/502583/%D8%A8%D9%8A%D8%A7%D9%86-%D8%AB%D8%A7%D9%86-%D9%84%D8%AD%D8%B2%D8%A8-%D8%A7%D9%84%D9%84%D9%87-%D8%B9%D9%86-%D8%A5%D9%86%D9%81%D8%AC%D8%A7%D8%B1%D8%A7%D8%AA-%D8%A7%D9%84%D9%80%D8%A8%D8%A7%D9%8A%D8%AC%D8%B1-%D9%86%D8%AD%D9%85%D9%91%D9%84-%D8%A7%D9%84%D8%B9%D8%AF%D9%88-%D8%A7%D9%84%D8%A5%D8%B3%D8%B1%D8%A7%D8%A6%D9%8A%D9%84%D9%8A-%D8%A7%D9%84%D9%85%D8%B3%D8%A4%D9%88%D9%84,"بيان ثان لحزب الله عن إنفجارات الـ""بايجر"": نحمّل العدو الإسرائيلي المسؤولية الكاملة",2024-09-17,central,in_manifest_not_candidate,live,,,manifest-kw
aljadeed,https://www.aljadeed.tv/news/%D9%85%D8%AD%D9%84%D9%8A%D8%A7%D8%AA/502647/%D9%88%D8%B2%D8%A7%D8%B1%D8%A9-%D8%A7%D9%84%D8%A7%D8%AA%D8%B5%D8%A7%D9%84%D8%A7%D8%AA-%D8%AA%D8%B9%D9%84%D9%86-%D9%8A%D9%88%D9%85-%D8%BA%D8%AF-%D8%A7%D9%84%D8%A7%D8%B1%D8%A8%D8%B9%D8%A7%D8%A1-%D9%8A%D9%88%D9%85-%D8%AD%D8%AF%D8%A7%D8%AF-%D8%B9%D9%84%D9%89-%D8%A7%D9%84%D8%B4%D9%87%D8%AF%D8%A7%D8%A1-%D8%A7%D9%84%D8%B0%D9%8A%D9%86-%D8%B3%D9%82%D8%B7%D9%88%D8%A7,"وزارة الاتصالات تعلن يوم غد الاربعاء يوم حداد على الشهداء الذين سقطوا في حادثة تفجير أجهزة ""البيجر"" على أن يتم إقفال شركتي الخليوي ""ألفا"" و""تاتش"" وهيئة ""اوجيرو"" بكافة فروعها",2024-09-17,central,in_manifest_not_candidate,live,,short_flash_or_ticker,manifest-kw
aljadeed,https://www.aljadeed.tv/news/%D8%B9%D8%B1%D8%A8%D9%8A%D8%A7%D8%AA/502671/%D8%AF%D9%82%D8%A7%D8%A6%D9%82-%D9%82%D8%A8%D9%84-%D8%A7%D9%84%D8%AA%D9%81%D8%AC%D9%8A%D8%B1-%D8%A7%D8%AA%D8%B5%D8%A7%D9%84-%D8%A3%D9%85%D9%8A%D8%B1%D9%83%D9%8A-%D8%A5%D8%B3%D8%B1%D8%A7%D8%A6%D9%8A%D9%84%D9%8A-%D9%88%D8%A5%D8%A8%D9%84%D8%A7%D8%BA-%D8%A8%D9%80-%D8%B9%D9%85%D9%84%D9%8A%D8%A9-%D8%B5%D8%B9%D8%A8%D8%A9,"دقائق قبل التفجير: اتصال أميركي إسرائيلي وإبلاغ بـ ""عملية صعبة""",2024-09-18,central,in_manifest_not_candidate,live,,,manifest-kw
aljadeed,https://www.aljadeed.tv/news/%D8%B9%D8%B1%D8%A8%D9%8A%D8%A7%D8%AA/502678/%D8%A5%D9%8A%D8%B1%D8%A7%D9%86-%D8%AA%D8%AA%D9%87%D9%85-%D8%A5%D8%B3%D8%B1%D8%A7%D8%A6%D9%8A%D9%84-%D8%A8%D9%80%D8%A7%D9%84%D9%82%D8%AA%D9%84-%D8%A7%D9%84%D8%AC%D9%85%D8%A7%D8%B9%D9%8A-%D8%A8%D8%B9%D8%AF-%D8%A7%D9%86%D9%81%D8%AC%D8%A7%D8%B1-%D8%A3%D8%AC%D9%87%D8%B2%D8%A9-%D8%A7%D8%AA%D8%B5%D8%A7%D9%84,"إيران تتهم إسرائيل بـ""القتل الجماعي"" بعد انفجار أجهزة اتصال",2024-09-18,central,in_manifest_not_candidate,live,,,manifest-kw
aljadeed,https://www.aljadeed.tv/news/%D8%B9%D8%B1%D8%A8%D9%8A%D8%A7%D8%AA/502693/%D8%A7%D8%AA%D9%81%D8%A7%D9%82-%D9%85%D8%B5%D8%B1%D9%8A-%D8%A3%D9%85%D9%8A%D8%B1%D9%83%D9%8A-%D9%84%D8%AA%D9%83%D8%AB%D9%8A%D9%81-%D8%AC%D9%87%D9%88%D8%AF-%D8%A7%D9%84%D8%AA%D9%87%D8%AF%D8%A6%D8%A9-%D9%81%D9%8A-%D9%84%D8%A8%D9%86%D8%A7%D9%86,اتفاق مصري-أميركي لتكثيف جهود التهدئة في لبنان,2024-09-18,central,in_manifest_not_candidate,live,,,manifest-kw
aljadeed,https://www.aljadeed.tv/news/%D8%B9%D8%B1%D8%A8%D9%8A%D8%A7%D8%AA/502774/%D8%A3%D9%83%D8%B3%D9%8A%D9%88%D8%B3-%D8%AA%D9%81%D8%AC%D9%8A%D8%B1%D8%A7%D8%AA-%D8%A7%D9%84%D9%8A%D9%88%D9%85-%D8%AC%D8%A7%D8%A1%D8%AA-%D8%A8%D8%B9%D8%AF-%D8%AA%D9%82%D9%8A%D9%8A%D9%85-%D8%A3%D9%86-%D8%AA%D8%AD%D9%82%D9%8A%D9%82-%D8%AD%D8%B2%D8%A8-%D8%A7%D9%84%D9%84%D9%87-%D8%A8%D8%A7%D9%86%D9%81%D8%AC%D8%A7%D8%B1%D8%A7%D8%AA-%D8%A3%D9%85%D8%B3-%D8%B3%D9%8A,أكسيوس: تفجيرات اليوم جاءت بعد تقييم أن تحقيق حزب الله بانفجارات أمس سيكشف عن خرق أمني بالأجهزة اللاسلكية,2024-09-18,central,in_manifest_not_candidate,live,,short_flash_or_ticker,manifest-kw
aljadeed,https://www.aljadeed.tv/news/%D9%85%D8%AD%D9%84%D9%8A%D8%A7%D8%AA/502657/%D8%B0%D9%83%D9%8A-%D9%83%D8%B1%D9%8A%D9%86-%D8%B9%D9%86-%D8%A7%D9%84%D8%B9%D8%AF%D9%88%D8%A7%D9%86-%D8%A7%D9%84%D8%A7%D8%B3%D8%B1%D8%A7%D8%A6%D9%8A%D9%84-%D8%A7%D8%B3%D8%AA%D8%A8%D8%B9%D8%AF-%D8%A7%D9%86-%D9%8A%D9%83%D9%88%D9%86-%D9%85%D8%A7-%D8%AD%D8%B5%D9%84-%D9%81%D9%82%D8%B7-%D8%A7%D9%86%D9%81%D8%AC%D8%A7%D8%B1-%D9%81%D9%8A-%D8%A7%D9%84%D8%A8%D8%B7,ذكي كرين عن العدوان الاسرائيل: استبعد ان يكون ما حصل فقط انفجار في البطارية,2024-09-18,central,in_manifest_not_candidate,live,,,manifest-kw
aljadeed,https://www.aljadeed.tv/news/%D9%85%D8%AD%D9%84%D9%8A%D8%A7%D8%AA/502658/%D8%AD%D8%B2%D8%A8-%D8%A7%D9%84%D9%84%D9%87-%D9%8A%D9%8F%D8%B5%D8%AF%D8%B1-%D8%A8%D9%8A%D8%A7%D9%86%D9%8B%D8%A7-%D8%AC%D8%AF%D9%8A%D8%AF%D9%8B%D8%A7-%D8%A7%D8%B3%D8%AA%D8%B9%D8%AF%D8%A7%D8%AF%D8%A7%D9%8B-%D9%84%D9%80-%D8%A7%D9%84%D8%AD%D8%B3%D8%A7%D8%A8-%D8%A7%D9%84%D8%B9%D8%B3%D9%8A%D8%B1,"حزب الله يُصدر بيانًا جديدًا استعداداً لـ ""الحساب العسير""",2024-09-18,mention,in_manifest_not_candidate,live,,,manifest-kw
aljadeed,https://www.aljadeed.tv/news/%D9%85%D8%AD%D9%84%D9%8A%D8%A7%D8%AA/502695/%D9%88%D8%B2%D9%8A%D8%B1-%D8%A7%D9%84%D8%B5%D8%AD%D8%A9-%D9%81%D8%B1%D8%A7%D8%B3-%D8%A7%D9%84%D8%A3%D8%A8%D9%8A%D8%B6-%D9%86%D8%AD%D9%88-2800-%D9%85%D8%B5%D8%A7%D8%A8%D8%A7%D9%8B-%D9%8812-%D8%B4%D9%87%D9%8A%D8%AF%D8%A7%D9%8B-%D8%AC%D8%B1%D8%A7%D8%A1-%D8%AA%D9%81%D8%AC%D9%8A%D8%B1-%D8%A3%D8%AC%D9%87%D8%B2%D8%A9-%D8%A7%D9%84%D8%A7,وزير الصحة فراس الأبيض: نحو 2800 مصاباً و12 شهيداً جراء تفجير أجهزة الاتصال,2024-09-18,central,in_manifest_not_candidate,live,,short_flash_or_ticker,manifest-kw
aljadeed,https://www.aljadeed.tv/news/%D9%85%D8%AD%D9%84%D9%8A%D8%A7%D8%AA/502696/%D9%88%D8%B2%D9%8A%D8%B1-%D8%A7%D9%84%D8%B5%D8%AD%D8%A9-%D9%81%D8%B1%D8%A7%D8%B3-%D8%A7%D9%84%D8%A3%D8%A8%D9%8A%D8%B6-%D8%AA%D9%85-%D8%A5%D8%AC%D8%B1%D8%A7%D8%A1-460-%D8%B9%D9%85%D9%84%D9%8A%D8%A9-%D9%84%D9%84%D9%85%D8%B5%D8%A7%D8%A8%D9%8A%D9%86-%D8%A8%D8%AA%D9%81%D8%AC%D9%8A%D8%B1-%D8%A3%D8%AC%D9%87%D8%B2%D8%A9-%D8%A7%D9%84%D8%A7%D8%AA%D8%B5%D8%A7,وزير الصحة فراس الأبيض: تم إجراء 460 عملية للمصابين بتفجير أجهزة الاتصال أغلبها في العيون,2024-09-18,central,in_manifest_not_candidate,live,,short_flash_or_ticker,manifest-kw
aljadeed,https://www.aljadeed.tv/news/%D9%85%D8%AD%D9%84%D9%8A%D8%A7%D8%AA/502714/%D8%A7%D9%84%D8%A7%D8%A8%D9%8A%D8%B6-%D9%81%D9%8A-%D8%AC%D9%88%D9%84%D8%A9-%D8%AB%D8%A7%D9%86%D9%8A%D8%A9-%D8%A7%D9%84%D9%86%D8%B8%D8%A7%D9%85-%D8%A7%D9%84%D8%B5%D8%AD%D9%8A-%D9%82%D8%A7%D9%85-%D8%A8%D8%AC%D9%87%D8%AF-%D8%AC%D8%A8%D8%A7%D8%B1,الابيض في جولة ثانية: النظام الصحي قام بجهد جبار,2024-09-18,mention,in_manifest_not_candidate,live,,,manifest-kw
aljadeed,https://www.aljadeed.tv/news/%D9%85%D8%AD%D9%84%D9%8A%D8%A7%D8%AA/502737/%D8%AD%D8%B2%D8%A8-%D8%A7%D9%84%D9%83%D8%AA%D8%A7%D8%A6%D8%A8-%D9%85%D8%B9%D8%B2%D9%8A%D8%A7%D9%8B-%D9%84%D9%88%D8%AD%D8%AF%D8%A9-%D9%81%D9%8A-%D8%A7%D9%84%D8%A7%D9%86%D8%AA%D9%85%D8%A7%D8%A1-%D8%A5%D9%84%D9%89-%D9%84%D8%A8%D9%86%D8%A7%D9%86-%D8%AF%D9%88%D9%86-%D8%BA%D9%8A%D8%B1%D9%87,حزب الكتائب معزياً: لوحدة في الانتماء إلى لبنان دون غيره,2024-09-18,central,in_manifest_not_candidate,live,,,manifest-kw
aljadeed,https://www.aljadeed.tv/news/%D9%85%D8%AD%D9%84%D9%8A%D8%A7%D8%AA/502748/%D9%86%D9%82%D9%84-%D8%B9%D8%AF%D8%AF-%D9%85%D9%86-%D8%A7%D9%84%D8%AC%D8%B1%D8%AD%D9%89-%D8%A7%D9%84%D9%89-%D9%85%D8%B3%D8%AA%D8%B4%D9%81%D9%8A%D8%A7%D8%AA-%D8%A7%D9%84%D8%B6%D8%A7%D8%AD%D9%8A%D8%A9-%D8%A7%D9%84%D8%AC%D9%86%D9%88%D8%A8%D9%8A%D8%A9-%D9%84%D8%A8%D9%8A%D8%B1%D9%88%D8%AA-%D8%A7%D8%AB%D8%B1-%D8%A7%D9%86%D9%81%D8%AC%D8%A7%D8%B1-%D8%A7%D8%AC%D9%87%D8%B2,نقل عدد من الجرحى الى مستشفيات الضاحية الجنوبية لبيروت اثر انفجار اجهزة لاسلكية,2024-09-18,central,in_manifest_not_candidate,live,,short_flash_or_ticker,manifest-kw
aljadeed,https://www.aljadeed.tv/news/%D9%85%D8%AD%D9%84%D9%8A%D8%A7%D8%AA/502759/%D8%A7%D9%84%D8%A3%D8%A8%D9%8A%D8%B6-%D9%84%D9%84%D8%A3%D9%86%D8%A7%D8%B6%D9%88%D9%84-%D9%88%D9%82%D9%88%D8%B9-%D8%B9%D8%AF%D8%AF-%D9%85%D9%86-%D8%A7%D9%84%D8%A5%D8%B5%D8%A7%D8%A8%D8%A7%D8%AA-%D9%86%D8%AA%D9%8A%D8%AC%D8%A9-%D8%AA%D9%81%D8%AC%D9%8A%D8%B1%D8%A7%D8%AA-%D8%AC%D8%AF%D9%8A%D8%AF%D8%A9-%D9%84%D8%A3%D8%AC%D9%87%D8%B2%D8%A9-%D8%A7%D8%AA%D8%B5%D8%A7%D9%84,الأبيض للأناضول: وقوع عدد من الإصابات نتيجة تفجيرات جديدة لأجهزة اتصال لاسلكية,2024-09-18,central,in_manifest_not_candidate,live,,short_flash_or_ticker,manifest-kw
aljadeed,https://www.aljadeed.tv/news/%D9%85%D8%AD%D9%84%D9%8A%D8%A7%D8%AA/502760/%D9%88%D8%B2%D8%A7%D8%B1%D8%A9-%D8%A7%D9%84%D8%B5%D8%AD%D8%A9-%D8%B4%D9%87%D9%8A%D8%AF-%D9%88%D8%A3%D9%83%D8%AB%D8%B1-%D9%85%D9%86-100-%D8%AC%D8%B1%D9%8A%D8%AD-%D8%AC%D8%B1%D8%A7%D8%A1-%D9%85%D9%88%D8%AC%D8%A9-%D8%A7%D9%84%D8%AA%D9%81%D8%AC%D9%8A%D8%B1%D8%A7%D8%AA-%D8%A7%D9%84%D8%AC%D8%AF%D9%8A%D8%AF%D8%A9-%D8%A7%D9%84%D8%AA%D9%8A-%D8%B7%D8%A7,وزارة الصحة: شهيد وأكثر من 100 جريح جراء موجة التفجيرات الجديدة التي طالت أجهزة لاسلكية,2024-09-18,central,in_manifest_not_candidate,live,,short_flash_or_ticker,manifest-kw
aljadeed,https://www.aljadeed.tv/news/%D9%85%D8%AD%D9%84%D9%8A%D8%A7%D8%AA/502765/%D8%A7%D9%84%D8%A3%D8%AC%D9%87%D8%B2%D8%A9-%D8%A7%D9%84%D8%AA%D9%8A-%D8%AC%D8%B1%D9%89-%D8%AA%D9%81%D8%AC%D9%8A%D8%B1%D9%87%D8%A7-%D8%A7%D9%84%D9%8A%D9%88%D9%85-%D9%85%D9%86-%D9%86%D9%88%D8%B9-%D8%A2%D9%8A%D9%83%D9%88%D9%85-%D9%81%D9%8A-82,"الأجهزة  التي جرى تفجيرها اليوم من نوع ""آيكوم في 82""",2024-09-18,central,in_manifest_not_candidate,live,,short_flash_or_ticker,manifest-kw
aljadeed,https://www.aljadeed.tv/news/%D9%85%D8%AD%D9%84%D9%8A%D8%A7%D8%AA/502777/%D9%88%D8%B2%D8%A7%D8%B1%D8%A9-%D8%A7%D9%84%D8%B5%D8%AD%D8%A9-9-%D8%B4%D9%87%D8%AF%D8%A7%D8%A1-%D9%88%D8%A3%D9%83%D8%AB%D8%B1-%D9%85%D9%86-300-%D8%A5%D8%B5%D8%A7%D8%A8%D8%A9-%D8%AC%D8%B1%D8%A7%D8%A1-%D9%85%D9%88%D8%AC%D8%A9-%D8%A7%D9%84%D8%AA%D9%81%D8%AC%D9%8A%D8%B1%D8%A7%D8%AA-%D8%A7%D9%84%D8%AC%D8%AF%D9%8A%D8%AF%D8%A9-%D8%A7%D9%84%D8%AA,وزارة الصحة: 9 شهداء وأكثر من 300 إصابة جراء موجة التفجيرات الجديدة التي طالت أجهزة لاسلكية,2024-09-18,central,in_manifest_not_candidate,live,,,manifest-kw
aljadeed,https://www.aljadeed.tv/news/%D9%85%D8%AD%D9%84%D9%8A%D8%A7%D8%AA/502802/%D9%85%D8%B1%D9%83%D8%B2-%D8%B9%D9%85%D9%84%D9%8A%D8%A7%D8%AA-%D8%B7%D9%88%D8%A7%D8%B1%D8%A6-%D8%A7%D9%84%D8%B5%D8%AD%D8%A9-%D8%A7%D9%84%D8%B9%D8%A7%D9%85%D8%A9-%D8%AA%D8%AD%D8%AF%D9%8A%D8%AB-%D8%AB%D8%A7%D9%86-%D9%84%D8%AD%D8%B5%D9%8A%D9%84%D8%A9-%D9%85%D9%88%D8%AC%D8%A9-%D8%A7%D9%84%D8%AA%D9%81%D8%AC%D9%8A%D8%B1%D8%A7%D8%AA-%D8%A7%D9%84%D8%B9%D8%AF%D9%88%D8%A7%D9%86,مركز عمليات طوارئ الصحة العامة: تحديث ثان لحصيلة موجة التفجيرات العدوانية التي طالت أجهزة لاسلكية بعد ظهر اليوم الأربعاء وفيها أن 14 شخصا قد استشهدوا وأصيب أكثر من 450 شخصاً بجروح,2024-09-18,central,in_manifest_not_candidate,live,,short_flash_or_ticker,manifest-kw
aljadeed,https://www.aljadeed.tv/news/x/502709/x,بالفيديو - صاحب شركة البيجر التي انفجرت غاضب.. وينفي مسؤوليته,2024-09-18,central,not_in_manifest,live,,,id-census
aljadeed,https://www.aljadeed.tv/news/x/502713/x,سيرين عبد النور تعلق على الحدث الامني الاخير: الحزن مالي القلب,2024-09-18,mention,not_in_manifest,live,,,id-census
aljadeed,https://www.aljadeed.tv/news/x/502816/x,اجهزة بيجر كانت مفخخة.. والحزب اشترى اكثر من 3 آلاف جهاز,2024-09-18,central,not_in_manifest,live,,,id-census
aljadeed,https://www.aljadeed.tv/news/%D8%B9%D8%B1%D8%A8%D9%8A%D8%A7%D8%AA/502888/%D8%A7%D8%AC%D8%AA%D9%85%D8%A7%D8%B9-%D8%AE%D9%85%D8%A7%D8%B3%D9%8A-%D8%BA%D8%B1%D8%A8%D9%8A-%D9%84%D9%85%D9%86%D8%A7%D9%82%D8%B4%D8%A9-%D8%AA%D9%81%D8%AC%D9%8A%D8%B1%D8%A7%D8%AA-%D9%84%D8%A8%D9%86%D8%A7%D9%86-%D9%88%D9%85%D9%81%D8%A7%D9%88%D8%B6%D8%A7%D8%AA-%D8%BA%D8%B2%D8%A9,اجتماع خماسي غربي لمناقشة تفجيرات لبنان ومفاوضات غزة,2024-09-19,mention,in_manifest_not_candidate,live,,,manifest-kw
aljadeed,https://www.aljadeed.tv/news/%D8%B9%D8%B1%D8%A8%D9%8A%D8%A7%D8%AA/502911/%D8%A3%D9%84%D9%85%D8%A7%D9%86%D9%8A%D8%A7-%D8%AA%D8%AD%D8%B0%D9%91%D8%B1-%D9%85%D9%86-%D9%85%D8%BA%D8%A8%D8%A9-%D8%A7%D9%84%D8%AA%D8%B5%D8%B9%D9%8A%D8%AF-%D9%81%D9%8A-%D8%A7%D9%84%D8%B4%D8%B1%D9%82-%D8%A7%D9%84%D8%A7%D9%88%D8%B3%D8%B7,ألمانيا تحذّر من مغبة التصعيد في الشرق الاوسط,2024-09-19,mention,in_manifest_not_candidate,live,,short_flash_or_ticker,manifest-kw
aljadeed,https://www.aljadeed.tv/news/%D9%85%D8%AD%D9%84%D9%8A%D8%A7%D8%AA/502921/%D9%87%D9%8A%D9%88%D9%85%D9%86-%D8%B1%D8%A7%D9%8A%D8%AA%D8%B3-%D9%88%D9%88%D8%AA%D8%B4-%D8%B9%D9%86-%D8%A7%D9%84%D8%AA%D9%81%D8%AC%D9%8A%D8%B1%D8%A7%D8%AA-%D9%81%D9%8A-%D9%84%D8%A8%D9%86%D8%A7%D9%86-%D8%AA%D9%86%D8%AA%D9%87%D9%83-%D9%82%D9%88%D8%A7%D8%B9%D8%AF-%D8%A7%D9%84%D9%82%D8%A7%D9%86%D9%88%D9%86-%D8%A7%D9%84%D8%AF%D9%88%D9%84%D9%8A,"""هيومن رايتس ووتش"" عن التفجيرات في لبنان: تنتهك قواعد القانون الدولي",2024-09-19,mention,in_manifest_not_candidate,live,,short_flash_or_ticker,manifest-kw
aljadeed,https://www.aljadeed.tv/news/%D9%85%D8%AD%D9%84%D9%8A%D8%A7%D8%AA/502957/%D9%86%D8%B5%D8%B1-%D8%A7%D9%84%D9%84%D9%87-%D8%A7%D9%84%D8%B6%D8%B1%D8%A8%D8%A9-%D9%82%D9%88%D9%8A%D8%A9-%D9%88%D9%84%D9%86-%D8%AA%D8%B3%D9%82%D8%B7%D9%86%D8%A7-%D9%88%D8%AC%D8%A8%D9%87%D8%A9-%D9%84%D8%A8%D9%86%D8%A7%D9%86-%D9%84%D9%86-%D8%AA%D8%AA%D9%88%D9%82%D9%81-%D9%82%D8%A8%D9%84-%D9%88%D9%82%D9%81-%D8%A7%D9%84%D8%B9%D8%AF%D9%88%D8%A7%D9%86-%D8%B9,نصر الله: الضربة لم ولن تسقطنا... والعدوان سيواجه بحساب عسير,2024-09-19,central,in_manifest_not_candidate,live,,,manifest-kw
aljadeed,https://www.aljadeed.tv/news/%D9%85%D8%AD%D9%84%D9%8A%D8%A7%D8%AA/502995/%D8%A8%D8%B9%D8%AB%D8%A9-%D9%84%D8%A8%D9%86%D8%A7%D9%86-%D9%84%D8%AF%D9%89-%D8%A7%D9%84%D8%A3%D9%85%D9%85-%D8%A7%D9%84%D9%85%D8%AA%D8%AD%D8%AF%D8%A9-%D8%A7%D9%84%D8%B3%D9%84%D8%B7%D8%A7%D8%AA-%D8%A7%D9%84%D9%84%D8%A8%D9%86%D8%A7%D9%86%D9%8A%D8%A9-%D8%AE%D9%84%D8%B5%D8%AA-%D8%A5%D9%84%D9%89-%D8%A3%D9%86-%D8%A3%D8%AC%D9%87%D8%B2%D8%A9-%D8%A7%D9%84%D8%A7%D8%AA%D8%B5,بعثة لبنان لدى الأمم المتحدة: السلطات اللبنانية خلصت إلى أن أجهزة الاتصالات تم تفجيرها عبر رسائل إلكترونية,2024-09-19,central,in_manifest_not_candidate,live,,short_flash_or_ticker,manifest-kw
aljadeed,https://www.aljadeed.tv/news/%D9%85%D9%82%D8%AF%D9%85%D8%A9-%D8%A7%D9%84%D9%86%D8%B4%D8%B1%D8%A9-%D8%A7%D9%84%D9%85%D8%B3%D8%A7%D8%A6%D9%8A%D8%A9/502972/%D9%85%D9%82%D8%AF%D9%85%D8%A9-%D8%A7%D9%84%D9%86%D8%B4%D8%B1%D8%A9-%D8%A7%D9%84%D9%85%D8%B3%D8%A7%D8%A6%D9%8A%D8%A9-19-09-2024,مقدمة النشرة المسائية 19-09-2024,2024-09-19,central,in_manifest_not_candidate,live,,bulletin_intro,control
aljadeed,https://www.aljadeed.tv/news/x/502860/x,"برلين تحذر ""كل الأطراف"" من مغبة التصعيد في الشرق الأوسط",2024-09-19,mention,not_in_manifest,live,,short_flash_or_ticker,id-census
aljadeed,https://www.aljadeed.tv/news/x/502879/x,العثور على جهاز لاسلكي مفخخ.. والجيش يفجره,2024-09-19,central,not_in_manifest,live,,short_flash_or_ticker,id-census
aljadeed,https://www.aljadeed.tv/news/x/502914/x,"""القيادة السياسية صدّقت على عمليات لإعادة سكان شمال إسرائيل إلى منازلهم"".. هذا ما نقلته صحيفة ""يسرائيل هيوم""!",2024-09-19,mention,not_in_manifest,live,,,id-census
aljadeed,https://www.aljadeed.tv/news/x/502919/x,الطبيب اللبناني الياس جرادي يجهش بالبكاء ويروى تفاصيل مؤلمة,2024-09-19,mention,not_in_manifest,live,,,id-census
aljadeed,https://www.aljadeed.tv/news/%D8%B9%D8%B1%D8%A8%D9%8A%D8%A7%D8%AA/503001/%D9%8A%D8%AF%D9%8A%D8%B9%D9%88%D8%AA-%D8%A3%D8%AD%D8%B1%D9%88%D9%86%D9%88%D8%AA-%D8%B9%D9%86-%D9%85%D8%B5%D8%A7%D8%AF%D8%B1-%D8%A7%D8%B3%D8%AA%D8%AE%D8%A8%D8%A7%D8%B1%D9%8A%D8%A9-%D8%A3%D9%85%D9%8A%D8%B1%D9%83%D9%8A%D8%A9-%D8%A5%D8%B3%D8%B1%D8%A7%D8%A6%D9%8A%D9%84-%D8%AE%D8%B7%D8%B7%D8%AA-%D8%B9%D9%84%D9%89-%D9%85%D8%AF%D9%89-15-%D8%B9%D8%A7%D9%85%D8%A7,يديعوت أحرونوت عن مصادر استخبارية أميركية: إسرائيل خططت على مدى 15 عاما لعملية تفجير أجهزة الاستدعاء السريعة,2024-09-20,central,in_manifest_not_candidate,live,,short_flash_or_ticker,manifest-kw
aljadeed,https://www.aljadeed.tv/news/%D8%B9%D8%B1%D8%A8%D9%8A%D8%A7%D8%AA/503015/%D9%82%D8%A7%D8%A6%D8%AF-%D8%A7%D9%84%D8%AD%D8%B1%D8%B3-%D8%A7%D9%84%D8%AB%D9%88%D8%B1%D9%8A-%D8%A7%D9%84%D8%A5%D9%8A%D8%B1%D8%A7%D9%86%D9%8A-%D9%8A%D8%AA%D9%88%D8%B9%D8%AF-%D8%A5%D8%B3%D8%B1%D8%A7%D8%A6%D9%8A%D9%84-%D8%B2%D9%88%D8%A7%D9%84%D9%83%D9%85-%D9%82%D8%B1%D9%8A%D8%A8,قائد الحرس الثوري الإيراني يتوعد إسرائيل: زوالكم قريب,2024-09-20,central,in_manifest_not_candidate,live,,,manifest-kw
aljadeed,https://www.aljadeed.tv/news/%D8%B9%D8%B1%D8%A8%D9%8A%D8%A7%D8%AA/503095/%D8%A5%D8%B9%D9%84%D8%A7%D9%85-%D8%A5%D8%B3%D8%B1%D8%A7%D8%A6%D9%8A%D9%84%D9%8A-%D9%84%D8%A7-%D9%85%D9%86%D8%A7%D8%B5-%D9%85%D9%86-%D8%B9%D9%85%D9%84%D9%8A%D8%A9-%D8%B9%D8%B3%D9%83%D8%B1%D9%8A%D8%A9-%D9%83%D8%A8%D8%B1%D9%89-%D9%81%D9%8A-%D9%84%D8%A8%D9%86%D8%A7%D9%86,إعلام إسرائيلي: لا مناص من عملية عسكرية كبرى في لبنان,2024-09-20,mention,in_manifest_not_candidate,live,,,manifest-kw
aljadeed,https://www.aljadeed.tv/news/%D9%85%D8%AD%D9%84%D9%8A%D8%A7%D8%AA/503000/%D8%A8%D8%B9%D8%AB%D8%A9-%D9%84%D8%A8%D9%86%D8%A7%D9%86-%D8%A8%D8%A7%D9%84%D8%A3%D9%85%D9%85-%D8%A7%D9%84%D9%85%D8%AA%D8%AD%D8%AF%D8%A9-%D8%AA%D9%83%D8%B4%D9%81-%D8%AA%D9%81%D8%A7%D8%B5%D9%8A%D9%84-%D8%A7%D9%84%D8%AA%D8%AD%D9%82%D9%8A%D9%82%D8%A7%D8%AA-%D8%A7%D9%84%D8%A3%D9%88%D9%84%D9%8A%D8%A9-%D9%81%D9%8A-%D8%A7%D9%86%D9%81%D8%AC%D8%A7%D8%B1-%D8%A3%D8%AC%D9%87%D8%B2,"بعثة لبنان بالأمم المتحدة تكشف تفاصيل التحقيقات الأولية في انفجار أجهزة ""البيجرز""",2024-09-20,central,in_manifest_not_candidate,live,,short_flash_or_ticker,manifest-kw
aljadeed,https://www.aljadeed.tv/news/%D9%85%D8%AD%D9%84%D9%8A%D8%A7%D8%AA/503003/%D9%85%D8%AC%D9%85%D9%88%D8%B9%D8%A7%D8%AA-%D9%84%D8%A8%D9%86%D8%A7%D9%86%D9%8A%D8%A9-%D9%85%D9%8A%D8%B3%D9%88%D8%B1%D8%A9-%D8%AA%D8%BA%D8%A7%D8%AF%D8%B1-%D9%84%D8%A8%D9%86%D8%A7%D9%86-%D9%85%D8%A4%D9%82%D8%AA%D8%A7%D9%8B-%D9%85%D8%A7%D8%B0%D8%A7-%D9%81%D9%8A-%D8%A3%D8%B3%D8%B1%D8%A7%D8%B1-%D8%B5%D8%AD%D9%81-%D8%A7%D9%84%D9%8A%D9%88%D9%85%D8%9F,مجموعات لبنانية ميسورة تغادر لبنان مؤقتاً.. ماذا في أسرار صحف اليوم؟,2024-09-20,mention,in_manifest_not_candidate,live,,,manifest-kw
aljadeed,https://www.aljadeed.tv/news/%D9%85%D8%AD%D9%84%D9%8A%D8%A7%D8%AA/503004/%D8%A7%D9%84%D9%86%D9%87%D8%A7%D8%B1-%D9%86%D8%B5%D8%B1%D8%A7%D9%84%D9%84%D9%87-%D9%8A%D9%83%D8%AA%D9%85-%D8%A7%D9%84%D8%B1%D8%AF%D9%91-%D9%88%D8%AA%D8%AD%D8%B1%D9%91%D9%83-%D8%AF%D9%88%D9%84%D9%8A-%D9%84%D9%85%D9%86%D8%B9-%D8%A7%D9%84%D8%AD%D8%B1%D8%A8,"النهار: نصرالله ""يكتم"" الردّ وتحرّك دولي لمنع الحرب",2024-09-20,central,in_manifest_not_candidate,live,,,manifest-kw
aljadeed,https://www.aljadeed.tv/news/%D9%85%D8%AD%D9%84%D9%8A%D8%A7%D8%AA/503005/%D8%A7%D9%84%D8%AC%D9%85%D9%87%D9%88%D8%B1%D9%8A%D8%A9-%D9%84%D8%A8%D9%86%D8%A7%D9%86-%D8%A5%D9%84%D9%89-%D8%AE%D8%B7%D9%88%D8%A9-%D9%85%D9%87%D9%85%D9%91%D8%A9-%D8%AA%D8%AF%D9%8A%D9%86-%D8%A5%D8%B3%D8%B1%D8%A7%D8%A6%D9%8A%D9%84-%D9%88%D9%86%D8%B5%D8%B1%D8%A7%D9%84%D9%84%D9%87-%D9%8A%D8%AA%D9%88%D8%B9%D8%AF%D9%87%D8%A7-%D8%A8%D9%80%D8%AD%D8%B3%D8%A7%D8%A8-%D8%B9%D8%B3,"الجمهورية: لبنان إلى خطوة مهمّة تدين إسرائيل.. ونصرالله يتوعدها بـ""حساب عسير""",2024-09-20,central,in_manifest_not_candidate,live,,,manifest-kw
aljadeed,https://www.aljadeed.tv/news/%D9%85%D8%AD%D9%84%D9%8A%D8%A7%D8%AA/503147/%D9%87%D8%A2%D8%B1%D8%AA%D8%B3-%D8%A5%D8%A8%D8%B1%D8%A7%D9%87%D9%8A%D9%85-%D8%B9%D9%82%D9%8A%D9%84-%D8%AE%D8%B1%D8%AC-%D8%B5%D8%A8%D8%A7%D8%AD-%D8%A7%D9%84%D9%8A%D9%88%D9%85-%D9%85%D9%86-%D8%A7%D9%84%D9%85%D8%B3%D8%AA%D8%B4%D9%81%D9%89-%D8%A8%D8%B9%D8%AF%D9%85%D8%A7-%D8%A3%D8%B5%D9%8A%D8%A8-%D9%81%D9%8A-%D8%AA%D9%81%D8%AC%D9%8A%D8%B1%D8%A7%D8%AA-%D8%A3%D8%AC,"""هآرتس"": إبراهيم عقيل خرج صباح اليوم من المستشفى بعدما أصيب في تفجيرات أجهزة البيجر",2024-09-20,central,in_manifest_not_candidate,live,,short_flash_or_ticker,manifest-kw
aljadeed,https://www.aljadeed.tv/news/x/503021/x,بلغاريا: لم يتم تصدير أو تصنيع أي من أجهزة البيجر المستخدمة في تفجيرات لبنان,2024-09-20,central,not_in_manifest,live,,short_flash_or_ticker,id-census
aljadeed,https://www.aljadeed.tv/news/x/503043/x,"مصدر أميركي: ""إسرائيل"" خططت لتفجير أجهزة البيجر منذ 15 عاماً",2024-09-20,central,not_in_manifest,live,,,id-census
aljadeed,https://www.aljadeed.tv/news/x/503044/x,"مصدر لبناني لـ ""رويترز"": الموساد زرع مادة متفجرة بأجهزة البيجر يصعب كشفها بالمسح الضوئي",2024-09-20,central,not_in_manifest,live,,short_flash_or_ticker,id-census
aljadeed,https://www.aljadeed.tv/news/x/503064/x,صوفيا تنفي تورط شركة بلغارية في إنتاج أجهزة إتصال حزب الله,2024-09-20,mention,not_in_manifest,live,,,id-census
aljadeed,https://www.aljadeed.tv/news/x/503069/x,وزير الدفاع الأميركي قلق من إندلاع حرب بريّة جنوبي لبنان,2024-09-20,central,not_in_manifest,live,,,id-census
aljadeed,https://www.aljadeed.tv/news/%D8%B9%D8%B1%D8%A8%D9%8A%D8%A7%D8%AA/503267/%D8%A5%D9%8A%D8%B1%D8%A7%D9%86-%D8%B9%D9%86-%D8%BA%D8%A7%D8%B1%D8%A9-%D8%A7%D9%84%D8%B6%D8%A7%D8%AD%D9%8A%D8%A9-%D9%85%D8%B9%D8%A7%D9%82%D8%A8%D8%A9-%D8%A5%D8%B3%D8%B1%D8%A7%D8%A6%D9%8A%D9%84-%D9%81%D9%8A-%D8%AC%D8%AF%D9%88%D9%84-%D8%A3%D8%B9%D9%85%D8%A7%D9%84%D9%86%D8%A7,إيران عن غارة الضاحية: معاقبة إسرائيل في جدول أعمالنا,2024-09-21,central,in_manifest_not_candidate,live,,,manifest-kw
aljadeed,https://www.aljadeed.tv/news/%D9%85%D8%AD%D9%84%D9%8A%D8%A7%D8%AA/503233/%D8%A8%D9%88-%D8%AD%D8%A8%D9%8A%D8%A8-%D8%A7%D9%85%D8%A7%D9%85-%D9%85%D8%AC%D9%84%D8%B3-%D8%A7%D9%84%D8%A3%D9%85%D9%86-%D8%A7%D9%84%D8%AD%D8%B1%D8%A8-%D8%A3%D9%85%D8%A7%D9%85%D9%83%D9%85-%D9%88%D8%A7%D9%84%D9%82%D8%B1%D8%A7%D8%B1%D8%A7%D9%86-1701-%D9%882735-%D9%81%D9%8A-%D8%A3%D8%AF%D8%B1%D8%A7%D8%AC-%D9%85%D8%AC%D9%84,بو حبيب امام مجلس الأمن: الحرب أمامكم والقراران 1701 و2735 في أدراج مجلسكم والخيار لكم,2024-09-21,central,in_manifest_not_candidate,live,,,manifest-kw
aljadeed,https://www.aljadeed.tv/news/%D9%85%D8%AD%D9%84%D9%8A%D8%A7%D8%AA/503289/%D9%88%D8%B2%D9%8A%D8%B1-%D8%A7%D9%84%D8%B5%D8%AD%D8%A9-%D9%8A%D8%B9%D9%84%D9%86-%D8%AD%D8%B5%D9%8A%D9%84%D8%A9-%D8%B4%D9%87%D8%AF%D8%A7%D8%A1-%D8%A7%D9%84%D8%A7%D8%B9%D8%AA%D8%AF%D8%A7%D8%A1%D8%A7%D8%AA-%D8%A7%D9%84%D8%A7%D8%B3%D8%B1%D8%A7%D8%A6%D9%8A%D9%84%D9%8A%D8%A9-%D8%A7%D9%84%D9%85%D8%AA%D8%AA%D8%A7%D9%84%D9%8A%D8%A9-%D8%B3%D9%82%D9%88%D8%B7-%D9%85%D8%A8%D9%86%D9%89,وزير الصحة يعلن حصيلة شهداء الاعتداءات الاسرائيلية المتتالية: سقوط مبنى كامل على رؤوس قاطنيه جريمة حرب موصوفة,2024-09-21,mention,in_manifest_not_candidate,live,,,manifest-kw
aljadeed,https://www.aljadeed.tv/news/%D8%AE%D8%A7%D8%B5-%D8%A7%D9%84%D8%AC%D8%AF%D9%8A%D8%AF/503596/%D8%A7%D9%84%D9%86%D8%A7%D8%A6%D8%A8-%D8%A5%D9%84%D9%8A%D8%A7%D8%B3-%D8%AC%D8%B1%D8%A7%D8%AF%D9%8A-%D9%84%D9%80-%D9%88%D9%87%D9%84%D9%82-%D8%B4%D9%88-%D9%85%D9%86-%D8%A7%D8%B1%D8%AA%D9%83%D8%A8-%D9%85%D8%AC%D8%B2%D8%B1%D8%A9-%D8%A7%D9%84%D8%A8%D8%A7%D9%8A%D8%AC%D8%B1-%D9%87%D9%88-%D8%A3%D8%B9%D9%85%D9%89-%D8%A7%D9%84%D8%A8%D8%B5%D9%8A%D8%B1%D8%A9-%D9%88,"النائب إلياس جرادي لـ وهلق شو: من ارتكب مجزرة ""البايجر"" هو أعمى البصيرة وليس من فقد بصره والف تحية للجسم الطبي في لبنان",2024-09-22,central,in_manifest_not_candidate,live,,short_flash_or_ticker,manifest-kw
aljadeed,https://www.aljadeed.tv/news/%D8%B9%D8%B1%D8%A8%D9%8A%D8%A7%D8%AA/503611/%D8%A5%D8%B9%D9%84%D8%A7%D9%85-%D8%A7%D9%84%D8%AD%D8%B1%D8%B3-%D8%A7%D9%84%D8%AB%D9%88%D8%B1%D9%8A-%D8%A7%D9%84%D8%A5%D9%8A%D8%B1%D8%A7%D9%86%D9%8A-%D9%8A%D8%A3%D9%85%D8%B1-%D8%A3%D8%B9%D8%B6%D8%A7%D8%A6%D9%87-%D8%A8%D8%A7%D9%84%D8%AA%D9%88%D9%82%D9%81-%D8%B9%D9%86-%D8%A7%D8%B3%D8%AA%D8%AE%D8%AF%D8%A7%D9%85-%D8%A3%D8%AC%D9%87%D8%B2%D8%A9-%D8%A7%D9%84%D8%A7%D8%AA%D8%B5,إعلام: الحرس الثوري الإيراني يأمر أعضائه بالتوقف عن استخدام أجهزة الاتصال,2024-09-23,central,in_manifest_not_candidate,live,,,manifest-kw
almanar,https://www.almanar.com.lb/12482516,مقدمة نشرة أخبار المنار الرئيسية ليوم الثلاثاء في 17-9-2024,2024-09-17,central,in_manifest_not_candidate,archive.almanar.com.lb (live),,bulletin_intro,gdelt;manifest-kw;mediacloud
almanar,https://www.almanar.com.lb/12482648,وزارة الخارجية اللبنانية: باشرنا بتحضير شكوى إلى مجلس الأمن فور اكتمال المعطيات الخاصة بالاعتداء السيبراني,2024-09-17,central,in_manifest_not_candidate,archive.almanar.com.lb (live),,short_flash_or_ticker,manifest-kw
almanar,https://www.almanar.com.lb/12483902,وزير الصحة عاين الجرحى في مستشفيات العاصمة والضاحية,2024-09-17,mention,in_manifest_not_candidate,archive.almanar.com.lb (live),,,gdelt;manifest-kw;mediacloud
almanar,https://archive.almanar.com.lb/12486432,وزير الصحة فراس الابيض: عدد الشهداء لم يكن كبيرا نسبةً لحجم الاعتداء,2024-09-18,central,not_in_manifest,archive.almanar.com.lb (live),,short_flash_or_ticker,id-sample
almanar,https://www.almanar.com.lb/12485057,‫المقاومة الإسلامية: هذا المسار متواصل ومنفصل عن الحساب  ‫العسير الذي يجب أن ينتظره العدو المجرم على مجزرته الثلاثاء,2024-09-18,central,in_manifest_not_candidate,archive.almanar.com.lb (live),,short_flash_or_ticker,manifest-kw
almanar,https://www.almanar.com.lb/12485079,‫المقاومة الإسلامية تتقدم بالتبريك والعزاء من عوائل  ‫الشهداء الذين قضوا الثلاثاء في الجبهة أو في تفجير “البايجر”,2024-09-18,central,in_manifest_not_candidate,archive.almanar.com.lb (live),,short_flash_or_ticker,manifest-kw;mediacloud
almanar,https://www.almanar.com.lb/12485101,المقاومة الاسلامية: حساب ‏عسير يجب أن ينتظره العدو المجرم على مجزرته وما حصل سيزيدنا إصراراً على المضي في طريق الجهاد,2024-09-18,central,in_manifest_not_candidate,archive.almanar.com.lb (live),,,gdelt;manifest-kw;mediacloud
almanar,https://www.almanar.com.lb/12485233,عناوين واسرار الصّحف اللبنانية ليوم الأربعاء 18 أيلول/سبتمبر 2024,2024-09-18,central,in_manifest_not_candidate,archive.almanar.com.lb (live),,,gdelt;manifest-kw;mediacloud
almanar,https://www.almanar.com.lb/12486630,الابيض: 2750 جريحا جراء تفجير العدو الإسرائيلي لأجهزة البايجر يوم أمس بينهم 300 إصابة خطيرة,2024-09-18,central,in_manifest_not_candidate,archive.almanar.com.lb (live),,short_flash_or_ticker,manifest-kw;mediacloud
almanar,https://www.almanar.com.lb/12487048,مواقف دولية وإقليمية منددة بالعدوان على لبنان.. أسلوب ارهابي وتصعيد خطير في المنطقة,2024-09-18,central,in_manifest_not_candidate,archive.almanar.com.lb (live),,,gdelt;manifest-kw;mediacloud
almanar,https://www.almanar.com.lb/12487400,“القومي”: عدوان “البايجر” جريمة إغتيال جماعي موصوفة والرد سيكون بنفس المستوى,2024-09-18,central,in_manifest_not_candidate,archive.almanar.com.lb (live),,,gdelt;manifest-kw;mediacloud
almanar,https://www.almanar.com.lb/12487444,مساعدات طبية عاجلة من ايران والعراق تصل الى بيروت,2024-09-18,central,in_manifest_not_candidate,archive.almanar.com.lb (live),,,gdelt;manifest-kw
almanar,https://www.almanar.com.lb/12487763,السيد هاشم صفي الدين: العدوان الصهيوني له عقابه وقصاصه الخاص وهو آتٍ بإذن الله,2024-09-18,mention,in_manifest_not_candidate,archive.almanar.com.lb (live),,,gdelt;manifest-kw;mediacloud
almanar,https://www.almanar.com.lb/12487983,20 شهيدًا وأكثر من 450 جريحًا في تحديث لحصيلة التفجيرات العدوانية الصهيونية,2024-09-18,central,in_manifest_not_candidate,archive.almanar.com.lb (live),,,gdelt;manifest-kw;mediacloud
almanar,https://www.almanar.com.lb/12488126,مقدمة نشرة أخبار المنار الرئيسية ليوم الأربعاء في 18-9-2024,2024-09-18,central,in_manifest_not_candidate,archive.almanar.com.lb (live),,bulletin_intro,gdelt;manifest-kw
almanar,https://www.almanar.com.lb/12488203,بالفيديو | سرعين تودع أصغر شهداء البقاع عمراً.. الشهيدة الكشفية فاطمة عبدالله,2024-09-18,mention,in_manifest_not_candidate,archive.almanar.com.lb (live),,,gdelt;manifest-kw;mediacloud
almanar,https://www.almanar.com.lb/12488269,مساعد وزير الخارجية الإيرانية للمنار: وضع السفيرِ الإيراني في بيروت يتحسن نحو الأفضل,2024-09-18,central,in_manifest_not_candidate,archive.almanar.com.lb (live),,,gdelt;manifest-kw;mediacloud
almanar,https://www.almanar.com.lb/12488324,حزب الله يتقبل التبريكات بشهادة محمد مهدي نجل النائب علي عمار,2024-09-18,central,in_manifest_not_candidate,archive.almanar.com.lb (live),,,gdelt;manifest-kw;mediacloud
almanar,https://www.almanar.com.lb/12488379,بعد تفجيرات البايجر.. استجابة طبية سريعة أنقذ حياة الكثيرين وتضامن شعبي واسع مع المصابين,2024-09-18,central,in_manifest_not_candidate,archive.almanar.com.lb (live),,,gdelt;manifest-kw;mediacloud
almanar,https://www.almanar.com.lb/12488544,قانونيون يؤكدون أن تفجير “البايجر” في لبنان جريمة حرب تستدعي الملاحقة الدولية,2024-09-18,central,in_manifest_not_candidate,archive.almanar.com.lb (live),,,gdelt;manifest-kw;mediacloud
almanar,https://www.almanar.com.lb/12488962,تقرير مصور| الشهداء الأحياء : عائدون بعد التعافي الى جبهاتنا ومقاتلة العدو,2024-09-18,mention,in_manifest_not_candidate,archive.almanar.com.lb (live),,,manifest-kw;mediacloud
almanar,https://www.almanar.com.lb/12489127,الشيخ حمودي يبرق للسيد نصر الله معزيًا,2024-09-18,mention,in_manifest_not_candidate,archive.almanar.com.lb (live),,,gdelt;manifest-kw;mediacloud
almanar,https://www.almanar.com.lb/12490084,الصحافة اليوم: 19-9-2024,2024-09-19,central,in_candidates_dropped,archive.almanar.com.lb (live),,press_review,gdelt;mediacloud
almanar,https://www.almanar.com.lb/12491327,كلمة للسيد نصرالله عصر اليوم حول آخر التطورات,2024-09-19,central,in_manifest_not_candidate,archive.almanar.com.lb (live),,,gdelt;manifest-kw;mediacloud
almanar,https://www.almanar.com.lb/12492031,الجبهة الثانية| العدوان الإسرائيلي على لبنان: هل سقطت قواعد الإشتباك؟,2024-09-19,central,in_manifest_not_candidate,archive.almanar.com.lb (live),,,gdelt;manifest-kw;mediacloud
almanar,https://www.almanar.com.lb/12492900,وزير الصحة اللبناني: التلاحم في مجتمعنا مع مصابي الاعتداءات الاسرائيلية الأخيرة إشارة ايجابية وسط المصاعب,2024-09-19,central,in_manifest_not_candidate,archive.almanar.com.lb (live),,,gdelt;manifest-kw
almanar,https://www.almanar.com.lb/12493384,مساعدات طبية عاجلة من ايران والعراق تصل الى بيروت..ونقل 100 جريح الى طهران,2024-09-19,central,in_manifest_not_candidate,archive.almanar.com.lb (live),,,gdelt;manifest-kw
almanar,https://www.almanar.com.lb/12494517,السيد نصر الله: تفجير “البايجرات” عدوان إسرائيلي كبير سيواجه بحساب عسير وقصاص عادل,2024-09-19,central,in_manifest_not_candidate,archive.almanar.com.lb (live),,,gdelt;manifest-kw
almanar,https://www.almanar.com.lb/12494935,السيد نصرالله : بعد مجزرة الثلاثاء وصلتنا رسائل عبر قنوات رسمية وغير رسمية تقول ان هدف الضربة ان تتوقفوا عن دعم غزة,2024-09-19,central,in_manifest_not_candidate,archive.almanar.com.lb (live),,short_flash_or_ticker,manifest-kw
almanar,https://www.almanar.com.lb/12495078,السيد نصرالله : العدو هدف كذلك من خلال مجزرتي الثلاثاء والاربعاء الى ضرب البنية وضرب نظام القيادة والسيطرة وتشيع حالة الوهن والارتباك في قيادة حزب الله وهذا لم يحصل لحظة واحدة على الاطلاق,2024-09-19,central,in_manifest_not_candidate,archive.almanar.com.lb (live),,short_flash_or_ticker,manifest-kw
almanar,https://www.almanar.com.lb/12495859,مقدمة نشرة الأخبار الرئيسية في قناة المنار ليوم الخميس 19-9-2024,2024-09-19,central,in_manifest_not_candidate,archive.almanar.com.lb (live),,bulletin_intro,gdelt;manifest-kw
almanar,https://www.almanar.com.lb/12496068,أمهات الجرحى.. صمود وإباء بمدد من كربلاء,2024-09-19,central,in_manifest_not_candidate,archive.almanar.com.lb (live),,,manifest-kw
almanar,https://www.almanar.com.lb/12496882,الصحافة اليوم 20-9-2024,2024-09-20,central,in_manifest_not_candidate,archive.almanar.com.lb (live),,press_review,gdelt;manifest-kw;mediacloud
almanar,https://www.almanar.com.lb/12497828,الجبهة الثانية| وسائل إعلام أجنبية: العدوان الإسرائيلي الإكتروني على لبنان لن يعيد مستوطني الشمال,2024-09-20,mention,in_manifest_not_candidate,archive.almanar.com.lb (live),,,gdelt;manifest-kw;mediacloud
almanar,https://www.almanar.com.lb/12497916,النفط يتجه لتحقيق مكاسب أسبوعية بعد خفض الفائدة الأميركية,2024-09-20,mention,in_manifest_not_candidate,archive.almanar.com.lb (live),,,gdelt;manifest-kw;mediacloud
almanar,https://www.almanar.com.lb/12498895,31 شهيداً وعشرات الجرحى إثر عدوان صهيوني استهدف الضاحية الجنوبية لبيروت,2024-09-20,mention,in_manifest_not_candidate,archive.almanar.com.lb (live),,,gdelt;manifest-kw
almanar,https://www.almanar.com.lb/12499588,فصائل المقاومة تدين العدوان على الضاحية الجنوبية.. امتداد لحرب الإبادة في غزة والضفة,2024-09-20,mention,in_manifest_not_candidate,archive.almanar.com.lb (live),,,gdelt;manifest-kw
almanar,https://www.almanar.com.lb/12499742,الشيخ دعموش: عملية العدو الهمجية لم تحقق أهدافها وموقف المقاومة واضح ولا رجوع عنه,2024-09-20,mention,in_manifest_not_candidate,archive.almanar.com.lb (live),,,gdelt;manifest-kw
almanar,https://www.almanar.com.lb/12499896,شخصيات لبنانية تدين العدوان على الضاحية الجنوبية لبيروت.. لن تنال من عزيمة اللبنانيين,2024-09-20,central,in_manifest_not_candidate,archive.almanar.com.lb (live),,,gdelt;manifest-kw;mediacloud
almanar,https://www.almanar.com.lb/12501227,بو حبيب لمجلس الأمن: اما أن تفرضوا على إسرائيل وقف عدوانها وحربها على كل الجبهات وإما نكون شهود زور على الانفجار الكبير,2024-09-21,mention,in_manifest_not_candidate,archive.almanar.com.lb (live),,,gdelt;manifest-kw;mediacloud
almanar,https://www.almanar.com.lb/12502063,الصحافة اليوم 21-9-2024,2024-09-21,central,in_candidates_dropped,archive.almanar.com.lb (live),,press_review,gdelt;mediacloud
almanar,https://www.almanar.com.lb/12504384,رفع الانقاض مستمر في الضاحية الجنوبية و70 شهيداً حصيلة الاعتداءات الإسرائيلية على مدى اليومين الماضيين,2024-09-21,mention,in_manifest_not_candidate,archive.almanar.com.lb (live),,,gdelt;manifest-kw;mediacloud
almanar,https://www.almanar.com.lb/12504582,وزارة الصحة تسلمت شحنة من المساعدات العراقية,2024-09-21,mention,in_manifest_not_candidate,archive.almanar.com.lb (live),,,manifest-kw
almanar,https://www.almanar.com.lb/12504604,خاص | المقاومة ثقافة راسخة.. ومجتمعها “ما رأيت إلا جميلا”,2024-09-21,mention,in_manifest_not_candidate,archive.almanar.com.lb (live),,,gdelt;manifest-kw;mediacloud
almanar,https://www.almanar.com.lb/12505407,العميد حمدان: النصر المبين بتحرير فلسطين هو وعد الله المتين,2024-09-21,mention,in_manifest_not_candidate,archive.almanar.com.lb (live),,,gdelt;manifest-kw;mediacloud
almanar,https://www.almanar.com.lb/12505649,فصائل فلسطينية وأحزاب عربية تبارك باستشهاد القائد الجهادي الكبير “الحاج عبدالقادر”,2024-09-21,mention,in_manifest_not_candidate,archive.almanar.com.lb (live),,,gdelt;manifest-kw
almanar,https://www.almanar.com.lb/12506265,بعد رصدها من قبل “الهدهد”.. المقاومة تمطر بالصواريخ قاعدة “رامات ديفيد” ومصانع “رفائيل” الاسرائيلية,2024-09-22,mention,in_manifest_not_candidate,archive.almanar.com.lb (live),,,gdelt;manifest-kw
almanar,https://www.almanar.com.lb/12509378,المقاومة الاسلامية توسّع عمق استهدافاتها اسناداً لغزة ورداً للإعتداءات,2024-09-22,mention,in_manifest_not_candidate,archive.almanar.com.lb (live),,,gdelt;manifest-kw;mediacloud
almanar,https://www.almanar.com.lb/12509499,مقدمة نشرة اخبار قناة المنار الرئيسية اليوم الاحد 22-9-2024,2024-09-22,mention,in_manifest_not_candidate,archive.almanar.com.lb (live),,bulletin_intro,gdelt;manifest-kw;mediacloud
almanar,https://www.almanar.com.lb/12509598,تقرير مصور | مشهد الدمار الهائل في حيفا شكّل صدمة للاوساط الصهيونية,2024-09-22,mention,in_manifest_not_candidate,archive.almanar.com.lb (live),,,gdelt;manifest-kw
almanar,https://www.almanar.com.lb/12510434,عمليات المقاومة الاسلامية ضد ضد مواقع وانتشار جيش العدو الإسرائيلي عند الحدود اللبنانية الفلسطينية بتاريخ الأحد 22-09-2024,2024-09-23,mention,in_manifest_not_candidate,archive.almanar.com.lb (live),,,gdelt;manifest-kw;mediacloud
almanar,https://www.almanar.com.lb/12510940,أسعار النفط ترتفع وسط مخاوف جيوسياسية,2024-09-23,mention,in_manifest_not_candidate,archive.almanar.com.lb (live),,,gdelt;manifest-kw;mediacloud
almanar,https://www.almanar.com.lb/12511116,كيف تحمي أجهزتك وحساباتك الإلكترونية من الهجمات السيبرانية؟,2024-09-23,mention,in_manifest_not_candidate,archive.almanar.com.lb (live),,,gdelt;manifest-kw;mediacloud
almanar,https://www.almanar.com.lb/12511226,الجبهة الثانية| الاعلام الفرنسي يتجنب تسمية الارهاب الاسرائيلي على لبنان ارهابا,2024-09-23,mention,in_manifest_not_candidate,archive.almanar.com.lb (live),,,gdelt;manifest-kw;mediacloud
almanar,https://www.almanar.com.lb/12511908,السيد علي السيستاني يدعو إلى “بذل كل جهد ممكن” لوقف العدوان على لبنان,2024-09-23,mention,in_manifest_not_candidate,archive.almanar.com.lb (live),,,gdelt;manifest-kw
almanar,https://www.almanar.com.lb/12512293,صواريخ المقاومة الإسلامية تصل حيفا وصفد والجولان ومحيط تل أبيب وتدك قواعد استراتيجية للعدو,2024-09-23,mention,in_manifest_not_candidate,archive.almanar.com.lb (live),,,gdelt;manifest-kw;mediacloud
almanar,https://www.almanar.com.lb/12512491,المقاومة الفلسطينية تدين العدوان الإسرائيلي على لبنان.. لن تعيد مستوطني الشمال وستزيد من صلابة موقف المقاومة,2024-09-23,mention,in_manifest_not_candidate,archive.almanar.com.lb (live),,,gdelt;manifest-kw;mediacloud
almanar,https://www.almanar.com.lb/12514966,الصحافة اليوم: 24-9-2024,2024-09-24,mention,in_candidates_dropped,archive.almanar.com.lb (live),,press_review,gdelt
lbci,https://www.lbcgroup.tv/news/breaking-news/796444/%D8%A8%D8%B9%D8%AF-%D8%A7%D9%86%D9%81%D8%AC%D8%A7%D8%B1-%D8%B9%D8%AF%D8%AF-%D9%85%D9%86-%D8%A3%D8%AC%D9%87%D8%B2%D8%A9-%D8%AA%D9%84%D9%82%D9%8A-%D8%A7%D9%84%D8%B1%D8%B3%D8%A7%D8%A6%D9%84-%D8%A7%D9%84%D9%85%D8%B9%D8%B1%D9%88%D9%81%D8%A9-%D8%A8%D8%A7%D9%84%D9%80%D8%A8%D8%A7%D9%8A%D8%AC%D8%B1-%D8%A8%D9%8A%D8%A7%D9%86-%D8%A3%D9%88%D9%84%D9%8A-%D9%85%D9%86-%D8%AD/ar,"بعد انفجار عدد من أجهزة تلقي ‏الرسائل المعروفة بالـ""بايجر""... بيان أولي من حزب الله",2024-09-17,central,in_manifest_not_candidate,live,,,manifest-kw
lbci,https://www.lbcgroup.tv/news/breaking-news/796450/%D9%88%D8%B2%D9%8A%D8%B1-%D8%A7%D9%84%D8%B5%D8%AD%D8%A9-8-%D8%B4%D9%87%D8%AF%D8%A7%D8%A1-%D8%A8%D9%8A%D9%86%D9%87%D9%85-%D8%B7%D9%81%D9%84%D8%A9-%D9%88%D9%86%D8%AD%D9%88-2800-%D8%AC%D8%B1%D9%8A%D8%AD-%D8%A8%D9%8A%D9%86%D9%87%D9%85-200-%D8%AD%D8%A7%D9%84%D8%A9-%D8%AD%D8%B1%D8%AC%D8%A9-%D9%81%D9%8A-%D8%AA%D9%81/ar,وزير الصحة: 8 شهداء بينهم طفلة ونحو 2800 جريح بينهم 200 حالة حرجة في تفجيرات الـpagers,2024-09-17,central,in_manifest_not_candidate,live,,,manifest-kw
lbci,https://www.lbcgroup.tv/news/latest-news/796470/%D9%88%D8%B3%D8%A7%D8%A6%D9%84-%D8%A5%D8%B9%D9%84%D8%A7%D9%85-%D8%B3%D9%88%D8%B1%D9%8A%D8%A9-11-%D8%B9%D9%86%D8%B5%D8%B1%D8%A7%D9%8B-%D9%85%D9%86-%D8%AD%D8%B2%D8%A8-%D8%A7%D9%84%D9%84%D9%87-%D8%A8%D8%B1%D9%8A%D9%81-%D8%AF%D9%85%D8%B4%D9%82-%D8%A3%D8%B5%D9%8A%D8%A8%D9%88%D8%A7-%D8%A8%D8%AC%D8%B1%D9%88%D8%AD-%D8%AD%D8%B1%D8%AC%D8%A9-%D8%AC%D8%B1/ar,وسائل إعلام سورية: 11 عنصراً من حزب الله بريف دمشق أصيبوا بجروح حرجة جراء انفجار أجهزة اتصال لاسلكية,2024-09-17,central,in_manifest_not_candidate,live,,,manifest-kw
lbci,https://www.lbcgroup.tv/news/lebanon-news/796486/hezbollah-official-tells-reuters-nasrallah-is-fine-and-unharmed/en,Hezbollah official tells Reuters: Nasrallah is fine and unharmed,2024-09-17,central,in_manifest_not_candidate,live,,short_flash_or_ticker,manifest-kw
lbci,https://www.lbcgroup.tv/news/lebanon-news/796490/lebanons-foreign-ministry-condemns-israeli-cyber-attack-prepares-compl/en,"Lebanon's Foreign Ministry condemns Israeli cyber attack, prepares complaint to UN Security Council",2024-09-17,mention,in_manifest_not_candidate,live,,,manifest-kw
lbci,https://www.lbcgroup.tv/news/lebanon-news/796524/united-states-urges-iran-to-avoid-furthering-tensions-after-hezbollah/en,United States urges Iran to avoid furthering 'tensions' after Hezbollah pager blasts,2024-09-17,central,in_manifest_not_candidate,live,,,manifest-kw
lbci,https://www.lbcgroup.tv/news/lebanon-news/796533/israel-didnt-inform-us-of-operation-targeting-hezbollah-axios-says/en,"Israel didn't inform US of operation targeting Hezbollah, Axios says",2024-09-17,mention,in_manifest_not_candidate,live,,,manifest-kw
lbci,https://www.lbcgroup.tv/news/lebanon/796436/%D8%A8%D8%B9%D8%AF-%D8%A7%D9%84%D8%AD%D8%A7%D8%AF%D8%AB-%D8%A7%D9%84%D8%A3%D9%85%D9%86%D9%8A-%D8%A2%D9%84%D9%8A%D8%A7%D8%AA-%D8%A7%D9%84%D8%A5%D8%B3%D8%B9%D8%A7%D9%81-%D8%A7%D9%84%D8%AA%D8%A7%D8%A8%D8%B9%D8%A9-%D9%84%D9%84%D8%AF%D9%81%D8%A7%D8%B9-%D8%A7%D9%84%D9%85%D8%AF%D9%86%D9%8A-%D8%AA%D8%B9%D9%85%D9%84-%D8%B9%D9%84%D9%89-%D9%86%D9%82%D9%84-%D8%A7%D9%84%D8%AC/ar,بعد الحادث الأمني... آليات الإسعاف التابعة للدفاع المدني تعمل على نقل الجرحى الى المستشفيات,2024-09-17,central,in_manifest_not_candidate,live,,,manifest-kw
lbci,https://www.lbcgroup.tv/news/lebanon/796454/%D9%85%D8%AC%D9%84%D8%B3-%D8%A7%D9%84%D9%88%D8%B2%D8%B1%D8%A7%D8%A1-%D8%A8%D8%A7%D8%B4%D8%B1%D9%86%D8%A7-%D8%A8%D8%A7%D9%84%D8%A7%D8%AA%D8%B5%D8%A7%D9%84%D8%A7%D8%AA-%D9%85%D8%B9-%D8%A7%D9%84%D8%AF%D9%88%D9%84-%D8%A7%D9%84%D9%85%D8%B9%D9%86%D9%8A%D8%A9-%D9%88%D8%A7%D9%84%D8%A7%D9%85%D9%85-%D8%A7%D9%84%D9%85%D8%AA%D8%AD%D8%AF%D8%A9-%D9%84%D9%88%D8%B6%D8%B9%D9%87%D8%A7/ar,مجلس الوزراء: باشرنا بالاتصالات مع الدول المعنية والامم المتحدة لوضعها امام مسؤولياتها حيال هذا الاجرام,2024-09-17,mention,in_manifest_not_candidate,live,,,manifest-kw
lbci,https://www.lbcgroup.tv/news/lebanon/796467/%D8%A7%D9%84%D8%AE%D8%A7%D8%B1%D8%AC%D9%8A%D8%A9-%D8%AF%D8%A7%D9%86%D8%AA-%D8%A7%D9%84%D9%87%D8%AC%D9%88%D9%85-%D8%A7%D9%84%D8%B3%D9%8A%D8%A8%D8%B1%D8%A7%D9%86%D9%8A-%D8%A7%D9%84%D8%A5%D8%B3%D8%B1%D8%A7%D8%A6%D9%8A%D9%84%D9%8A-%D9%88%D8%A8%D8%A7%D8%B4%D8%B1%D8%AA-%D8%A8%D8%AA%D8%AD%D8%B6%D9%8A%D8%B1-%D8%B4%D9%83%D9%88%D9%89-%D8%A5%D9%84%D9%89-%D9%85%D8%AC%D9%84%D8%B3/ar,"""الخارجية"" دانت الهجوم السيبراني الإسرائيلي وباشرت بتحضير شكوى إلى مجلس الأمن",2024-09-17,central,in_manifest_not_candidate,live,,,manifest-kw
lbci,https://www.lbcgroup.tv/news/lebanon/796472/%D9%85%D8%B3%D8%A4%D9%88%D9%84-%D9%83%D8%A8%D9%8A%D8%B1-%D8%A8%D8%AD%D8%B2%D8%A8-%D8%A7%D9%84%D9%84%D9%87-%D9%84%D9%80%D8%B1%D9%88%D9%8A%D8%AA%D8%B1%D8%B2-%D9%86%D8%B5%D8%B1-%D8%A7%D9%84%D9%84%D9%87-%D8%A8%D8%AE%D9%8A%D8%B1-%D9%88%D9%84%D9%85-%D9%8A%D8%B5%D8%A8-%D8%A8%D8%A3%D9%8A-%D8%A3%D8%B0%D9%89/ar,"مسؤول كبير بحزب الله لـ""رويترز"": نصر الله بخير ولم يصب بأي أذى",2024-09-17,central,in_manifest_not_candidate,live,,short_flash_or_ticker,manifest-kw
lbci,https://www.lbcgroup.tv/news/lebanon/796475/%D8%A7%D9%84%D8%A3%D8%A8%D9%8A%D8%B6-%D8%A7%D9%84%D8%AD%D8%B5%D9%8A%D9%84%D8%A9-%D8%A7%D9%84%D8%A3%D9%88%D9%84%D9%8A%D8%A9-%D9%84%D9%84%D8%AD%D8%A7%D8%AF%D8%AB-%D8%A7%D9%84%D8%A7%D9%85%D9%86%D9%8A-9-%D8%B4%D9%87%D8%AF%D8%A7%D8%A1-%D9%85%D9%86-%D8%A8%D9%8A%D9%86%D9%87%D9%85-%D8%B7%D9%81%D9%84%D8%A9-%D9%88%D8%AD%D9%88%D8%A7%D9%84%D9%8A-2800/ar,الأبيض: الحصيلة الأولية للحادث الامني 9 شهداء من بينهم طفلة وحوالي 2800 جريح,2024-09-17,mention,in_manifest_not_candidate,live,,,manifest-kw
lbci,https://www.lbcgroup.tv/news/lebanon/796555/%D8%A7%D9%84%D8%AA%D9%82%D8%AF%D9%85%D9%8A-%D8%A7%D9%84%D8%A5%D8%B4%D8%AA%D8%B1%D8%A7%D9%83%D9%8A-%D9%84%D8%A3%D9%88%D8%B3%D8%B9-%D8%AA%D8%B6%D8%A7%D9%85%D9%86-%D9%88%D8%B7%D9%86%D9%8A-%D8%A8%D9%88%D8%AC%D9%87-%D8%A7%D9%84%D8%AE%D8%B7%D8%B1-%D8%A7%D9%84%D8%A5%D8%B3%D8%B1%D8%A7%D8%A6%D9%8A%D9%84%D9%8A-%D8%A7%D9%84%D9%83%D8%A8%D9%8A%D8%B1/ar,التقدمي الإشتراكي: لأوسع تضامن وطني بوجه الخطر الإسرائيلي الكبير,2024-09-17,central,in_manifest_not_candidate,live,,,manifest-kw
lbci,https://www.lbcgroup.tv/news/lebanon/796560/%D9%88%D8%B2%D8%A7%D8%B1%D8%A9-%D8%A7%D9%84%D8%A7%D8%AA%D8%B5%D8%A7%D9%84%D8%A7%D8%AA-%D8%AA%D8%B9%D9%84%D9%86-%D8%A7%D9%84%D8%AD%D8%AF%D8%A7%D8%AF-%D9%8A%D9%88%D9%85-%D8%BA%D8%AF-%D8%A5%D9%82%D9%81%D8%A7%D9%84-%D8%B4%D8%B1%D9%83%D8%AA%D9%8A-%D8%A3%D9%84%D9%81%D8%A7-%D9%88%D8%AA%D8%A7%D8%AA%D8%B4-%D9%88%D9%87%D9%8A%D8%A6%D8%A9-%D8%A3%D9%88%D8%AC%D9%8A%D8%B1%D9%88/ar,وزارة الاتصالات تعلن الحداد يوم غد: إقفال شركتي ألفا وتاتش وهيئة أوجيرو,2024-09-17,central,in_manifest_not_candidate,live,,,manifest-kw
lbci,https://www.lbcgroup.tv/news/lebanon/796568/%D8%A7%D9%84%D8%A3%D8%A8%D9%8A%D8%B6-%D8%B9%D8%A7%D9%8A%D9%86-%D8%A7%D9%84%D8%AC%D8%B1%D8%AD%D9%89-%D9%81%D9%8A-%D9%85%D8%B3%D8%AA%D8%B4%D9%81%D9%8A%D8%A7%D8%AA-%D8%A7%D9%84%D8%B9%D8%A7%D8%B5%D9%85%D8%A9-%D9%88%D8%A7%D9%84%D8%B6%D8%A7%D8%AD%D9%8A%D8%A9-%D8%B9%D9%85%D9%84%D9%8A%D8%A7%D8%AA-%D8%B4%D8%A8%D8%A9-%D9%85%D8%AA%D9%88%D8%A7%D8%B5%D9%84%D8%A9-%D8%BA%D8%A7%D9%84/ar,الأبيض عاين الجرحى في مستشفيات العاصمة والضاحية: عمليات شبة متواصلة غالبيتها للعيون,2024-09-17,mention,in_manifest_not_candidate,live,,,manifest-kw
lbci,https://www.lbcgroup.tv/news/lebanon/796570/%D9%87%D8%B0%D8%A7-%D9%85%D8%A7-%D9%82%D8%A7%D9%84%D9%87-%D8%A7%D9%84%D9%86%D8%A7%D8%A6%D8%A8-%D8%B9%D9%84%D9%8A-%D8%B9%D9%85%D9%91%D8%A7%D8%B1-%D8%A8%D8%B9%D8%AF-%D8%A5%D8%B3%D8%AA%D8%B4%D9%87%D8%A7%D8%AF-%D9%86%D8%AC%D9%84%D9%87/ar,هذا ما قاله النائب علي عمّار بعد إستشهاد نجله,2024-09-17,central,in_manifest_not_candidate,live,,,manifest-kw
lbci,https://www.lbcgroup.tv/news/middleeastnews/796477/11-hezbollah-members-critically-injured-in-rif-dimashq-wireless-device/en,11 Hezbollah members critically injured in Rif Dimashq wireless device explosions,2024-09-17,central,in_manifest_not_candidate,live,,short_flash_or_ticker,manifest-kw
lbci,https://www.lbcgroup.tv/news/world/796512/%D8%AD%D9%85%D8%A7%D8%B3-%D8%A7%D9%84%D8%B9%D9%85%D9%84%D9%8A%D8%A9-%D8%A7%D9%84%D8%A5%D8%B1%D9%87%D8%A7%D8%A8%D9%8A%D8%A9-%D8%AA%D8%A3%D8%AA%D9%8A-%D9%81%D9%8A-%D8%A5%D8%B7%D8%A7%D8%B1-%D8%A7%D9%84%D8%B9%D8%AF%D9%88%D8%A7%D9%86-%D9%88%D8%B3%D9%8A%D8%A7%D8%B3%D8%A9-%D8%A7%D9%84%D8%B9%D8%B1%D8%A8%D8%AF%D8%A9-%D8%A7%D9%84%D8%AA%D9%8A-%D8%AA%D8%AA%D8%A8%D9%86%D8%A7%D9%87/ar,حماس: العملية الإرهابية تأتي في إطار العدوان وسياسة العربدة التي تتبناها اسرائيل متسلّحة بدعم أميركي,2024-09-17,mention,in_manifest_not_candidate,live,,,manifest-kw
lbci,https://www.lbcgroup.tv/news/x/796396/x/ar,إصابة المئات من عناصر حزب الله بعد انفجار أجهزة لاسلكية تُعرف بالـpagers,2024-09-17,central,not_in_manifest,live,,,id-census
lbci,https://www.lbcgroup.tv/news/x/796410/x/ar,الجزيرة: مستشار بارز لنتنياهو يلمح إلى أن إسرائيل تقف وراء تفجير أجهزة الـ Pagers في لبنان ويحذف تغريدته بعد دقائق من نشرها,2024-09-17,central,not_in_manifest,live,,,id-census
lbci,https://www.lbcgroup.tv/news/x/796413/x/ar,إصابة السفير الإيراني لدى لبنان في انفجار جهاز اتصال لاسلكي,2024-09-17,central,not_in_manifest,live,,,id-census
lbci,https://www.lbcgroup.tv/news/x/796423/x/ar,"وول ستريت جورنال عن مصادر قريبة من ""حزب الله"": بعض الأشخاص شعروا بارتفاع حرارة الأجهزة اللاسلكية وتخلصوا منها قبل انفجارها وهذه الأجهزة كانت ضمن شحنة جديدة تلقاها حزب الله أخيرًا",2024-09-17,central,not_in_manifest,live,,,id-census
lbci,https://www.lbcgroup.tv/news/x/796438/x/ar,القرم بعد جلسة مجلس الوزراء: موضوع اجهزة الـpagers  لا يزال بحاجة للبحث مع مهندسي وزارة الاتصالات,2024-09-17,central,not_in_manifest,live,,,id-census
lbci,https://www.lbcgroup.tv/news/x/796449/x/ar,نيويورك تايمز: حارسان شخصيان للسفير الإيراني في بيروت أصيبا في انفجار أجهزة اتصال,2024-09-17,central,not_in_manifest,live,,,id-census
lbci,https://www.lbcgroup.tv/news/x/796457/x/ar,أ.ب عن مسؤول في حزب الله: بعض مقاتلي الحزب أصيبوا أيضا في سوريا جراء انفجار أجهزة اتصال كانوا يحملونه,2024-09-17,central,not_in_manifest,live,,,id-census
lbci,https://www.lbcgroup.tv/news/x/796459/x/ar,"وزير الصحة لـ""الجزيرة"": عدد الشهداء في تفجير أجهزة الاتصال ارتفع إلى 9",2024-09-17,central,not_in_manifest,live,,,id-census
lbci,https://www.lbcgroup.tv/news/x/796514/x/ar,وزارة الخارجية الأميركية: الولايات المتحدة تجمع معلومات عن تفجيرات أجهزة الاتصال في لبنان وواشنطن ليست ضالعة في الأمر,2024-09-17,central,not_in_manifest,live,,,id-census
lbci,https://www.lbcgroup.tv/news/x/796541/x/ar,البنتاغون: لا تغيير لوضع القوات الأميركية في الشرق الأوسط بعد تفجير أجهزة اتصال محمولة في لبنان,2024-09-17,central,not_in_manifest,live,,,id-census
lbci,https://www.lbcgroup.tv/news/breaking-news/796719/%D9%85%D8%B9%D9%84%D9%88%D9%85%D8%A7%D8%AA-%D8%A3%D9%88%D9%84%D9%8A%D8%A9-%D8%B9%D9%86-%D8%A7%D9%86%D9%81%D8%AC%D8%A7%D8%B1-%D8%B9%D8%AF%D8%AF-%D9%85%D9%86-%D8%A7%D9%84%D8%A3%D8%AC%D9%87%D8%B2%D8%A9-%D9%81%D9%8A-%D8%A7%D9%84%D8%B6%D8%A7%D8%AD%D9%8A%D8%A9-%D9%88%D8%A7%D9%84%D8%AC%D9%86%D9%88%D8%A8-%D9%88%D8%A7%D9%84%D8%A8%D9%82%D8%A7%D8%B9/ar,معلومات أولية عن انفجار عدد من الأجهزة في الضاحية والجنوب والبقاع,2024-09-18,central,in_manifest_not_candidate,live,,,manifest-kw
lbci,https://www.lbcgroup.tv/news/latest-news/796631/%D8%AC%D9%8A%D8%B1%D9%88%D8%B2%D8%A7%D9%84%D9%8A%D9%85-%D8%A8%D9%88%D8%B3%D8%AA-%D8%AA%D9%81%D8%AC%D9%8A%D8%B1-%D8%A3%D8%AC%D9%87%D8%B2%D8%A9-%D8%A7%D9%84%D8%A8%D8%A7%D9%8A%D8%AC%D8%B1-%D9%84%D8%AD%D8%B2%D8%A8-%D8%A7%D9%84%D9%84%D9%87-%D8%B9%D9%85%D9%84%D9%8A%D8%A9-%D8%A7%D8%B3%D8%AA%D8%AE%D8%A8%D8%A7%D8%B1%D8%A7%D8%AA%D9%8A%D8%A9-%D9%85%D8%B4%D8%AA%D8%B1%D9%83%D8%A9/ar,جيروزاليم بوست: تفجير أجهزة البايجر لحزب الله عملية استخباراتية مشتركة بين الموساد والاستخبارات العسكرية,2024-09-18,central,in_manifest_not_candidate,live,,,manifest-kw
lbci,https://www.lbcgroup.tv/news/lebanon-news-intro/796782/%D9%85%D9%82%D8%AF%D9%85%D8%A9-%D8%A7%D9%84%D9%86%D8%B4%D8%B1%D8%A9-%D8%A7%D9%84%D9%85%D8%B3%D8%A7%D8%A6%D9%8A%D8%A9-18-09-2024/ar,مقدمة النشرة المسائية 18-09-2024,2024-09-18,central,in_manifest_not_candidate,live,,bulletin_intro,gdelt;manifest-kw
lbci,https://www.lbcgroup.tv/news/lebanon-news/796598/hezbollah-vows-continued-support-for-gaza-warns-of-retaliation-followi/en,"Hezbollah vows continued support for Gaza, warns of retaliation following recent attacks",2024-09-18,central,in_manifest_not_candidate,live,,,manifest-kw
lbci,https://www.lbcgroup.tv/news/lebanon-news/796633/jerusalem-post-joint-mossad-military-intelligence-operation-targets-he/en,"Jerusalem Post: Joint Mossad, military intelligence operation targets Hezbollah pager devices",2024-09-18,central,in_manifest_not_candidate,live,,short_flash_or_ticker,manifest-kw
lbci,https://www.lbcgroup.tv/news/lebanon-news/796721/hezbollah-procured-walkie-talkies-explode-causing-injuries-and-damage/en,"Hezbollah-procured walkie-talkies explode, causing injuries and damage",2024-09-18,central,in_manifest_not_candidate,live,,,manifest-kw
lbci,https://www.lbcgroup.tv/news/lebanon-news/796726/footage-captures-walkie-talkies-explosion-amid-new-wave-of-blasts/en,Footage captures walkie-talkies explosion amid new wave of blasts,2024-09-18,central,in_manifest_not_candidate,live,,,manifest-kw
lbci,https://www.lbcgroup.tv/news/lebanon-news/796734/lebanons-army-command-urges-citizens-to-avoid-gathering-in-areas-affec/en,Lebanon's Army Command urges citizens to avoid gathering in areas affected by security breaches,2024-09-18,central,in_manifest_not_candidate,live,,short_flash_or_ticker,manifest-kw
lbci,https://www.lbcgroup.tv/news/lebanon-news/796740/lbci-lebanon-articles/en,UN chief says 'civilian objects' should not be weaponized,2024-09-18,central,in_manifest_not_candidate,live,,,manifest-kw
lbci,https://www.lbcgroup.tv/news/lebanon-news/796751/large-number-of-injuries-reported-following-new-wave-of-explosions-inv/en,Large number of injuries reported following new wave of explosions involving ICOM v82 communication devices,2024-09-18,central,in_manifest_not_candidate,live,,,manifest-kw
lbci,https://www.lbcgroup.tv/news/lebanon-news/796763/walkie-talkie-explosions-kill-nine-injure-more-than-300-health-ministr/en,"Walkie-talkie explosions kill nine, injure more than 300: Health Ministry reports",2024-09-18,central,in_manifest_not_candidate,live,,,manifest-kw
lbci,https://www.lbcgroup.tv/news/lebanon-news/796771/lebanon-requests-un-security-council-meeting-on-communication-device-e/en,Lebanon requests UN Security Council meeting on communication device explosions,2024-09-18,central,in_manifest_not_candidate,live,,,manifest-kw
lbci,https://www.lbcgroup.tv/news/lebanon-news/796772/axios-israels-second-attack-aimed-at-fueling-paranoia-in-hezbollah-whi/en,Axios: Israel's second attack aimed at fueling paranoia in Hezbollah while preventing exposure of security breach,2024-09-18,central,in_manifest_not_candidate,live,,,manifest-kw
lbci,https://www.lbcgroup.tv/news/lebanon-news/796794/hamas-accuses-israel-of-new-lebanon-blasts-says-they-threaten-regions/en,"Hamas accuses Israel of new Lebanon blasts, says they threaten region's stability",2024-09-18,central,in_manifest_not_candidate,live,,,manifest-kw
lbci,https://www.lbcgroup.tv/news/lebanon-news/796825/us-says-it-is-still-engaged-in-intensive-diplomatic-efforts-to-prevent/en,"US says it is still engaged in intensive diplomatic efforts to prevent escalation between Israel, Lebanon",2024-09-18,central,in_manifest_not_candidate,live,,,manifest-kw
lbci,https://www.lbcgroup.tv/news/lebanon/796591/%D8%A7%D9%84%D9%85%D9%82%D8%A7%D9%88%D9%85%D8%A9-%D8%A7%D9%84%D8%A5%D8%B3%D9%84%D8%A7%D9%85%D9%8A%D8%A9-%D9%85%D8%A7-%D8%AD%D8%B5%D9%84-%D8%A8%D8%A7%D9%84%D8%A3%D9%85%D8%B3-%D8%B3%D9%8A%D8%B2%D9%8A%D8%AF%D9%86%D8%A7-%D8%B9%D8%B2%D9%85%D9%8B%D8%A7-%D9%88%D8%A5%D8%B5%D8%B1%D8%A7%D8%B1%D9%8B%D8%A7/ar,المقاومة الإسلامية: ما حصل بالأمس سيزيدنا عزمًا وإصرارًا,2024-09-18,central,in_manifest_not_candidate,live,,,manifest-kw
lbci,https://www.lbcgroup.tv/news/lebanon/796643/%D8%A5%D9%8A%D8%B1%D8%A7%D9%86-%D8%AA%D8%AA%D9%87%D9%85-%D8%A5%D8%B3%D8%B1%D8%A7%D8%A6%D9%8A%D9%84-%D8%A8%D8%A7%D9%84%D9%82%D8%AA%D9%84-%D8%A7%D9%84%D8%AC%D9%85%D8%A7%D8%B9%D9%8A%D9%91-%D8%A8%D8%B9%D8%AF-%D8%A7%D9%86%D9%81%D8%AC%D8%A7%D8%B1-%D8%A3%D8%AC%D9%87%D8%B2%D8%A9-%D8%A7%D8%AA%D8%B5%D8%A7%D9%84-%D9%84%D8%AD%D8%B2%D8%A8-%D8%A7%D9%84%D9%84%D9%87/ar,إيران تتهم إسرائيل بالقتل الجماعيّ بعد انفجار أجهزة اتصال لحزب الله,2024-09-18,central,in_manifest_not_candidate,live,,,manifest-kw
lbci,https://www.lbcgroup.tv/news/lebanon/796669/%D8%A3%D8%A8%D9%8A%D8%B6-%D8%AD%D8%B5%D9%8A%D9%84%D8%A9-%D8%A7%D9%84%D8%A7%D8%B9%D8%AA%D8%AF%D8%A7%D8%A1-%D8%A7%D9%84%D8%A7%D8%B3%D8%B1%D8%A7%D8%A6%D9%8A%D9%84%D9%8A-%D9%87%D9%8A-%D9%A1%D9%A2-%D8%B4%D9%87%D9%8A%D8%AF%D8%A7%D9%8B-%D9%88%D8%A7%D9%84%D8%B9%D8%AF%D9%8A%D8%AF-%D9%85%D9%86-%D8%A7%D9%84%D8%A7%D8%B5%D8%A7%D8%A8%D8%A7%D8%AA-%D8%A8%D8%AD%D8%A7%D9%84%D8%A9/ar,أبيض: حصيلة الاعتداء الاسرائيلي هي ١٢ شهيداً والعديد من الاصابات بحالة حرجة وبالعناية المركزة,2024-09-18,mention,in_manifest_not_candidate,live,,,manifest-kw
lbci,https://www.lbcgroup.tv/news/lebanon/796680/%D8%A7%D9%84%D8%B1%D8%A7%D8%B9%D9%8A-%D8%AF%D8%A7%D9%86-%D8%A7%D9%84%D8%A7%D8%B9%D8%AA%D8%AF%D8%A7%D8%A1-%D8%A7%D9%84%D8%A7%D8%B3%D8%B1%D8%A7%D8%A6%D9%8A%D9%84%D9%8A-%D9%88%D8%AF%D8%B9%D8%A7-%D9%84%D9%84%D8%B3%D9%84%D8%A7%D9%85-%D8%A7%D9%84%D8%B4%D8%A7%D9%85%D9%84-%D9%88%D8%A7%D9%84%D8%B9%D8%A7%D8%AF%D9%84/ar,الراعي دان الاعتداء الاسرائيلي ودعا للسلام الشامل والعادل,2024-09-18,central,in_manifest_not_candidate,live,,,manifest-kw
lbci,https://www.lbcgroup.tv/news/lebanon/796716/%D8%A7%D9%84%D9%83%D8%AA%D8%A7%D8%A6%D8%A8-%D9%84%D9%88%D8%AD%D8%AF%D8%A9-%D9%81%D9%8A-%D8%A7%D9%84%D8%A7%D9%86%D8%AA%D9%85%D8%A7%D8%A1-%D8%A5%D9%84%D9%89-%D9%84%D8%A8%D9%86%D8%A7%D9%86-%D8%AF%D9%88%D9%86-%D8%BA%D9%8A%D8%B1%D9%87/ar,الكتائب: لوحدة في الانتماء إلى لبنان دون غيره,2024-09-18,central,in_manifest_not_candidate,live,,,manifest-kw
lbci,https://www.lbcgroup.tv/news/lebanon/796736/%D9%81%D9%8A%D8%AF%D9%8A%D9%88-%D9%84%D8%AA%D8%B6%D8%B1%D8%B1-%D8%B3%D9%8A%D8%A7%D8%B1%D8%A9-%D8%B6%D9%85%D9%86-%D9%85%D9%88%D8%AC%D8%A9-%D8%AC%D8%AF%D9%8A%D8%AF%D8%A9-%D9%84%D8%A7%D9%86%D9%81%D8%AC%D8%A7%D8%B1-%D8%A3%D8%AC%D9%87%D8%B2%D8%A9-%D8%A7%D8%AA%D8%B5%D8%A7%D9%84%D8%A7%D8%AA/ar,فيديو لتضرر سيارة ضمن موجة جديدة لانفجار أجهزة اتصالات,2024-09-18,central,in_manifest_not_candidate,live,,short_flash_or_ticker,manifest-kw
lbci,https://www.lbcgroup.tv/news/middleeastnews/796651/el-sisi-tells-blinken-egypt-rejects-attempts-to-escalate-regional-conf/en,El Sisi tells Blinken Egypt rejects attempts to escalate regional conflict,2024-09-18,central,in_manifest_not_candidate,live,,,manifest-kw
lbci,https://www.lbcgroup.tv/news/middleeastnews/796789/israeli-pm-netanyahu-says-they-will-return-residents-of-the-north-to-t/en,Israeli PM Netanyahu says they will return residents of the north to their homes,2024-09-18,central,in_manifest_not_candidate,live,,,manifest-kw
lbci,https://www.lbcgroup.tv/news/news-bulletin-reports/796762/israel-braces-for-hezbollahs-response-after-controversial-operation-ra/en,Israel braces for Hezbollah’s response after controversial operation raises tensions,2024-09-18,mention,in_manifest_not_candidate,live,,,manifest-kw
lbci,https://www.lbcgroup.tv/news/newspaper-secrets/796580/%D8%A3%D8%B3%D8%B1%D8%A7%D8%B1-%D8%A7%D9%84%D8%B5%D8%AD%D9%81-18-9-2024/ar,أسرار الصحف 18-9-2024,2024-09-18,mention,in_manifest_not_candidate,live,,press_review,control;gdelt
lbci,https://www.lbcgroup.tv/news/world/796652/%D8%A7%D9%84%D8%B3%D9%8A%D8%B3%D9%8A-%D9%84%D8%A8%D9%84%D9%8A%D9%86%D9%83%D9%86-%D8%A7%D9%84%D9%82%D8%A7%D9%87%D8%B1%D8%A9-%D8%AA%D8%B1%D9%81%D8%B6-%D8%A3%D9%8A-%D9%85%D8%AD%D8%A7%D9%88%D9%84%D8%A7%D8%AA-%D9%84%D9%84%D8%AA%D8%B5%D8%B9%D9%8A%D8%AF-%D9%81%D9%8A-%D8%A7%D9%84%D9%85%D9%86%D8%B7%D9%82%D8%A9/ar,السيسي لبلينكن: القاهرة ترفض أي محاولات للتصعيد في المنطقة,2024-09-18,central,in_manifest_not_candidate,live,,short_flash_or_ticker,manifest-kw
lbci,https://www.lbcgroup.tv/news/world/796654/%D9%88%D8%B2%D8%A7%D8%B1%D8%A9-%D8%A7%D9%84%D8%AE%D8%A7%D8%B1%D8%AC%D9%8A%D8%A9-%D8%A7%D9%84%D8%B1%D9%88%D8%B3%D9%8A%D8%A9-%D8%A7%D9%84%D9%87%D8%AC%D9%88%D9%85-%D8%B9%D9%84%D9%89-%D8%AD%D8%B2%D8%A8-%D8%A7%D9%84%D9%84%D9%87-%D9%87%D9%88-%D8%A8%D9%85%D8%AB%D8%A7%D8%A8%D8%A9-%D8%B9%D9%85%D9%84-%D9%85%D9%86-%D8%A3%D8%B9%D9%85%D8%A7%D9%84-%D8%A7%D9%84%D8%AD%D8%B1/ar,"وزارة الخارجية الروسية: الهجوم على ""حزب الله"" هو بمثابة عمل من أعمال الحرب الشاملة ضد لبنان",2024-09-18,central,in_manifest_not_candidate,live,,,manifest-kw
lbci,https://www.lbcgroup.tv/news/world/796776/%D9%82%D9%8A%D8%A7%D8%AF%D9%8A-%D9%81%D9%8A-%D8%AD%D9%85%D8%A7%D8%B3-%D8%A7%D9%84%D8%AD%D9%83%D9%88%D9%85%D8%A9-%D8%A7%D9%84%D8%A5%D8%B3%D8%B1%D8%A7%D8%A6%D9%8A%D9%84%D9%8A%D8%A9-%D9%85%D8%B3%D8%A4%D9%88%D9%84%D8%A9-%D8%B9%D9%86-%D8%AA%D8%A8%D8%B9%D8%A7%D8%AA-%D8%A7%D9%84%D9%87%D8%AC%D9%88%D9%85-%D8%A7%D9%84%D9%85%D8%B3%D8%AA%D9%85%D8%B1-%D8%B9%D9%84%D9%89-%D9%84/ar,قيادي في حماس: الحكومة الإسرائيلية مسؤولة عن تبعات الهجوم المستمر على لبنان,2024-09-18,central,in_manifest_not_candidate,live,,short_flash_or_ticker,manifest-kw
lbci,https://www.lbcgroup.tv/news/world/796778/%D8%AC%D9%84%D8%B3%D8%A9-%D8%B7%D8%A7%D8%B1%D8%A6%D8%A9-%D9%84%D9%85%D8%AC%D9%84%D8%B3-%D8%A7%D9%84%D8%A3%D9%85%D9%86-%D8%A7%D9%84%D8%AF%D9%88%D9%84%D9%8A-%D8%A7%D9%84%D8%AC%D9%85%D8%B9%D8%A9-%D9%84%D9%85%D9%86%D8%A7%D9%82%D8%B4%D8%A9-%D8%A7%D9%84%D9%87%D8%AC%D9%85%D8%A7%D8%AA-%D8%A7%D9%84%D8%A3%D8%AE%D9%8A%D8%B1%D8%A9-%D9%81%D9%8A-%D9%84%D8%A8%D9%86%D8%A7%D9%86/ar,جلسة طارئة لمجلس الأمن الدولي الجمعة لمناقشة الهجمات الأخيرة في لبنان,2024-09-18,central,in_manifest_not_candidate,live,,,manifest-kw
lbci,https://www.lbcgroup.tv/news/world/796821/%D8%A7%D9%84%D8%A8%D9%8A%D8%AA-%D8%A7%D9%84%D8%A3%D8%A8%D9%8A%D8%B6-%D9%8A%D8%AD%D8%B0%D8%B1-%D9%85%D9%86-%D8%A3%D9%8A-%D8%AA%D8%B5%D8%B9%D9%8A%D8%AF-%D8%A8%D8%B9%D8%AF-%D8%A7%D9%84%D8%A7%D9%86%D9%81%D8%AC%D8%A7%D8%B1%D8%A7%D8%AA-%D9%81%D9%8A-%D9%84%D8%A8%D9%86%D8%A7%D9%86/ar,"البيت الأبيض يحذر من أي ""تصعيد"" بعد الانفجارات في لبنان",2024-09-18,central,in_manifest_not_candidate,live,,,manifest-kw
lbci,https://www.lbcgroup.tv/news/x/796611/x/ar,"الأمين العام لـ""حزب الله"" السيد حسن نصر الله يلقي كلمة الخميس الساعة الخامسة عصرًا بعد تفجيرات أجهزة البيجر",2024-09-18,central,not_in_manifest,live,,,id-census
lbci,https://www.lbcgroup.tv/news/x/796738/x/ar,عدد كبير من الاصابات نتيجة موجة تفجير جديدة طالت اجهزة لاسلكية من نوع ICOM ووقوع اضرار وحرائق داخل سيارات ومنازل,2024-09-18,central,not_in_manifest,live,,,id-census
lbci,https://www.lbcgroup.tv/news/x/796747/x/ar,سي إن إن عن مصدر أمني لبناني: الأجهزة اللاسلكية أقل استخداما من أجهزة البيجر وتم توزيعها على منظمي التجمعات,2024-09-18,central,not_in_manifest,live,,,id-census
lbci,https://www.lbcgroup.tv/news/x/796780/x/ar,"مصدر أمني لبناني لفرانس برس: أجهزة ""بايجرز"" حزب الله كانت تحتوي على مواد متفجرة",2024-09-18,central,not_in_manifest,live,,,id-census
lbci,https://www.lbcgroup.tv/news/x/796799/x/ar,معلومات للـLBCI: العثور على pager في محيط مستشفى CMC في كليمنصو والجيش والمخابرات عملا على تفجيره كما عثر على جهاز لاسلكي قرب مصرف لبنان وتتم عملية معالجته بانتظار تفجيره,2024-09-18,central,not_in_manifest,live,,,id-census
lbci,https://www.lbcgroup.tv/news/x/796815/x/ar,البيت الأبيض: من السابق لأوانه معرفة مدى تأثير انفجارات أجهزة الاتصال اللاسلكية على اتفاق وقف إطلاق النار,2024-09-18,central,not_in_manifest,live,,,id-census
lbci,https://www.lbcgroup.tv/news/lebanon-news-intro/797033/%D9%85%D9%82%D8%AF%D9%85%D8%A9-%D8%A7%D9%84%D9%86%D8%B4%D8%B1%D8%A9-%D8%A7%D9%84%D9%85%D8%B3%D8%A7%D8%A6%D9%8A%D8%A9-19-09-2024/ar,مقدمة النشرة المسائية 19-09-2024,2024-09-19,central,in_manifest_not_candidate,live,,bulletin_intro,manifest-kw
lbci,https://www.lbcgroup.tv/news/lebanon-news/796886/hezbollah-mourns-fighters-killed-in-walkie-talkie-explosions/en,Hezbollah mourns fighters killed in walkie-talkie explosions,2024-09-19,central,in_manifest_not_candidate,live,,,manifest-kw
lbci,https://www.lbcgroup.tv/news/lebanon-news/796893/israeli-army-announces-strikes-on-hezbollah-targets-in-southern-lebano/en,Israeli army announces strikes on Hezbollah targets in southern Lebanon,2024-09-19,mention,in_manifest_not_candidate,live,,,manifest-kw
lbci,https://www.lbcgroup.tv/news/lebanon-news/796897/lebanons-health-minister-reports-32-dead-thousands-injured-following-c/en,"Lebanon's Health Minister reports 32 dead, thousands injured following communication device explosions",2024-09-19,central,in_manifest_not_candidate,live,,short_flash_or_ticker,manifest-kw
lbci,https://www.lbcgroup.tv/news/lebanon-news/796944/lebanons-health-minister-affirms-death-toll-from-communication-devices/en,Lebanon’s Health Minister affirms death toll from communication devices explosions: Breakdown provided,2024-09-19,central,in_manifest_not_candidate,live,,,manifest-kw
lbci,https://www.lbcgroup.tv/news/lebanon-news/796993/in-speech-hezbollahs-nasrallah-blasts-israel-over-breaches-says-israel/en,"Nasrallah calls Israeli sabotage of Hezbollah’s telecommunication devices a massacre, asserts strategy to separate Lebanon-Gaza fronts will fail",2024-09-19,central,in_manifest_not_candidate,live,,,manifest-kw
lbci,https://www.lbcgroup.tv/news/lebanon-news/797070/explosives-planted-in-devices-before-arrival-in-lebanon-lebanons-un-mi/en,"Explosives planted in devices before arrival in Lebanon, Lebanon's UN mission says, Reuters reports",2024-09-19,central,in_manifest_not_candidate,live,,,manifest-kw
lbci,https://www.lbcgroup.tv/news/lebanon-security/796888/%D8%A7%D9%84%D8%AC%D9%8A%D8%B4-%D8%A7%D9%84%D8%A5%D8%B3%D8%B1%D8%A7%D8%A6%D9%8A%D9%84%D9%8A-%D9%8A%D8%B9%D9%84%D9%86-%D9%82%D8%B5%D9%81-%D8%A3%D9%87%D8%AF%D8%A7%D9%81-%D8%B9%D8%AF%D8%A9-%D9%84%D9%80%D8%AD%D8%B2%D8%A8-%D8%A7%D9%84%D9%84%D9%87-%D9%81%D9%8A-%D8%AC%D9%86%D9%88%D8%A8-%D9%84%D8%A8%D9%86%D8%A7%D9%86/ar,"الجيش الإسرائيلي يعلن قصف أهداف عدة لـ""حزب الله"" في جنوب لبنان",2024-09-19,mention,in_manifest_not_candidate,live,,,manifest-kw
lbci,https://www.lbcgroup.tv/news/lebanon-security/796914/%D8%A7%D9%84%D8%AC%D9%8A%D8%B4-%D8%AF%D8%B9%D8%A7-%D8%A7%D9%84%D9%89-%D8%A7%D9%84%D8%AA%D8%A8%D9%84%D9%8A%D8%BA-%D8%B9%D9%86-%D8%A3%D9%8A-%D8%AC%D8%B3%D9%85-%D9%85%D8%B4%D8%A8%D9%88%D9%87-%D9%88%D8%AD%D8%AF%D8%A7%D8%AA-%D9%85%D8%AE%D8%AA%D8%B5%D8%A9-%D8%AA%D9%82%D9%88%D9%85-%D8%A8%D8%AA%D9%81%D8%AC%D9%8A%D8%B1-%D8%A3%D8%AC%D9%87%D8%B2%D8%A9-%D8%A7%D9%84/ar,الجيش دعا الى التبليغ عن أي جسم مشبوه: وحدات مختصة تقوم بتفجير أجهزة البيجر وأجهزة اتصال مشبوهة,2024-09-19,central,in_manifest_not_candidate,live,,,manifest-kw
lbci,https://www.lbcgroup.tv/news/lebanon/796858/%D8%B4%D8%B1%D9%83%D8%A9-%D8%A2%D9%8A%D9%83%D9%88%D9%85-%D8%A7%D9%84%D9%8A%D8%A7%D8%A8%D8%A7%D9%86%D9%8A%D8%A9-%D9%84%D8%A7-%D9%8A%D9%85%D9%83%D9%86-%D8%AA%D8%A3%D9%83%D9%8A%D8%AF-%D9%85%D8%A7-%D8%A5%D8%B0%D8%A7-%D9%83%D8%A7%D9%86%D8%AA-%D8%A7%D9%84%D8%B4%D8%B1%D9%83%D8%A9-%D8%B4%D8%AD%D9%86%D8%AA-%D9%85%D9%86%D8%AA%D8%AC%D9%8B%D8%A7-%D9%85%D8%B1%D8%AA%D8%A8/ar?utm_source=TheWALL360&utm_medium=Twitter-Sharing-TheWALL&utm_term=Twitter-Sharing-TheWALL&utm_campaign=Twitter-Sharing-TheWALL&src=twitter-share,شركة آيكوم اليابانية: لا يمكن تأكيد ما إذا كانت الشركة شحنت منتجًا مرتبطًا بالانفجارات التي وقعت في لبنان,2024-09-19,central,in_manifest_not_candidate,live,,,manifest-kw
lbci,https://www.lbcgroup.tv/news/lebanon/796895/%D8%A7%D9%84%D8%B5%D9%84%D9%8A%D8%A8-%D8%A7%D9%84%D8%A3%D8%AD%D9%85%D8%B1-%D8%A7%D9%84%D9%84%D8%A8%D9%86%D8%A7%D9%86%D9%8A%D9%91-%D8%B3%D8%A7%D9%87%D9%85%D9%86%D8%A7-%D9%81%D9%8A-%D8%B9%D9%85%D9%84%D9%8A%D8%A7%D8%AA-%D8%A7%D9%84%D8%A7%D8%B3%D8%AA%D8%AC%D8%A7%D8%A8%D8%A9-%D9%85%D9%86-%D8%AE%D9%84%D8%A7%D9%84-%D8%AD%D9%88%D8%A7%D9%84%D9%89-150-%D8%B3/ar,الصليب الأحمر اللبنانيّ: ساهمنا في عمليات الاستجابة من خلال حوالى 150 سيارة إسعاف و450 مسعفًا,2024-09-19,central,in_manifest_not_candidate,live,,,manifest-kw
lbci,https://www.lbcgroup.tv/news/lebanon/796907/%D8%AA%D8%B1%D9%83%D9%8A%D8%A7-%D8%AA%D8%AA%D9%87%D9%85-%D8%A5%D8%B3%D8%B1%D8%A7%D8%A6%D9%8A%D9%84-%D8%A8%D8%AA%D9%88%D8%B3%D9%8A%D8%B9-%D8%A7%D9%84%D8%AD%D8%B1%D8%A8-%D8%A5%D9%84%D9%89-%D9%84%D8%A8%D9%86%D8%A7%D9%86/ar,"تركيا تتهم إسرائيل ""بتوسيع الحرب إلى لبنان""",2024-09-19,central,in_manifest_not_candidate,live,,,manifest-kw
lbci,https://www.lbcgroup.tv/news/lebanon/797016/%D9%86%D8%B5%D8%B1-%D8%A7%D9%84%D9%84%D9%87-%D9%85%D8%A7-%D8%AD%D8%B5%D9%84-%D8%B3%D9%8A%D9%88%D8%A7%D8%AC%D9%87-%D8%A8%D8%AD%D8%B3%D8%A7%D8%A8-%D8%B9%D8%B3%D9%8A%D8%B1-%D9%88%D9%87%D8%B0%D9%87-%D8%A7%D9%84%D8%B6%D8%B1%D8%A8%D8%A9-%D9%84%D9%85-%D9%88%D9%84%D9%86-%D8%AA%D8%B3%D9%82%D8%B7%D9%86%D8%A7/ar,نصر الله: ما حصل سيواجه بحساب عسير.. وهذه الضربة لم ولن تسقطنا,2024-09-19,mention,in_manifest_not_candidate,live,,,manifest-kw
lbci,https://www.lbcgroup.tv/news/lebanon/797017/%D9%82%D8%A7%D8%A6%D8%AF-%D8%A7%D9%84%D8%AD%D8%B1%D8%B3-%D8%A7%D9%84%D8%AB%D9%88%D8%B1%D9%8A-%D8%A7%D9%84%D8%A5%D9%8A%D8%B1%D8%A7%D9%86%D9%8A-%D9%8A%D8%A8%D9%84%D8%BA-%D9%86%D8%B5%D8%B1%D8%A7%D9%84%D9%84%D9%87-%D8%A8%D8%A3%D9%86-%D8%A5%D8%B3%D8%B1%D8%A7%D8%A6%D9%8A%D9%84-%D8%B3%D8%AA%D9%88%D8%A7%D8%AC%D9%87-%D8%B1%D8%AF%D8%A7-%D8%B3%D8%A7%D8%AD%D9%82%D8%A7-%D9%85/ar,"قائد الحرس الثوري الإيراني يبلغ نصرالله بأن إسرائيل ستواجه ""ردا ساحقا من محور المقاومة""",2024-09-19,central,in_manifest_not_candidate,live,,short_flash_or_ticker,manifest-kw
lbci,https://www.lbcgroup.tv/news/lebanon/797023/%D9%85%D8%A7%D9%83%D8%B1%D9%88%D9%86-%D9%8A%D8%AF%D8%B9%D9%88-%D8%AC%D9%85%D9%8A%D8%B9-%D8%A7%D9%84%D8%A3%D8%B7%D8%B1%D8%A7%D9%81-%D9%84%D9%84%D8%AA%D8%AD%D8%B1%D9%91%D9%83-%D9%84%D8%AA%D8%AC%D9%86%D9%91%D8%A8-%D8%A7%D9%84%D8%AD%D8%B1%D8%A8-%D8%A8%D8%B9%D8%AF-%D8%AA%D9%81%D8%AC%D9%8A%D8%B1-%D8%A3%D8%AC%D9%87%D8%B2%D8%A9-%D8%A7%D8%AA%D8%B5%D8%A7%D9%84-%D9%84%D8%AD/ar,"ماكرون يدعو جميع الأطراف ""للتحرّك لتجنّب الحرب"" بعد تفجير أجهزة اتصال لحزب الله",2024-09-19,central,in_manifest_not_candidate,live,,,manifest-kw
lbci,https://www.lbcgroup.tv/news/lebanon/797068/%D8%A7%D9%84%D8%AE%D8%B7%D9%88%D8%B7-%D8%A7%D9%84%D9%82%D8%B7%D8%B1%D9%8A%D8%A9-%D8%AA%D8%A4%D9%83%D8%AF-%D8%A7%D9%84%D8%AA%D8%B2%D8%A7%D9%85%D9%87%D8%A7-%D8%A8%D9%82%D8%B1%D8%A7%D8%B1-%D9%84%D8%A8%D9%86%D8%A7%D9%86-%D9%85%D9%86%D8%B9-%D9%86%D9%82%D9%84-%D8%A3%D8%AC%D9%87%D8%B2%D8%A9-%D8%A7%D8%AA%D8%B5%D8%A7%D9%84-%D8%B9%D9%84%D9%89-%D9%85%D8%AA%D9%86-%D8%A7/ar,الخطوط القطرية تؤكد التزامها بقرار لبنان منع نقل أجهزة اتصال على متن الطائرات,2024-09-19,central,in_manifest_not_candidate,live,,,manifest-kw
lbci,https://www.lbcgroup.tv/news/lebanon/797073/%D8%A8%D8%B9%D8%AB%D8%A9-%D9%84%D8%A8%D9%86%D8%A7%D9%86-%D9%84%D8%AF%D9%89-%D8%A7%D9%84%D8%A3%D9%85%D9%85-%D8%A7%D9%84%D9%85%D8%AA%D8%AD%D8%AF%D8%A9-%D8%A3%D8%B1%D8%B3%D9%84%D8%AA-%D8%B1%D8%B3%D8%A7%D9%84%D8%A9-%D8%A7%D9%84%D9%89-%D9%85%D8%AC%D9%84%D8%B3-%D8%A7%D9%84%D8%A3%D9%85%D9%86-%D8%A8%D8%B4%D8%A3%D9%86-%D8%A7%D9%84%D8%AA%D8%AD%D9%82%D9%8A%D9%82%D8%A7%D8%AA/ar,بعثة لبنان لدى الأمم المتحدة أرسلت رسالة الى مجلس الأمن بشأن التحقيقات الأولية: الاجهزة كانت ملغومة قبل وصولها,2024-09-19,mention,in_manifest_not_candidate,live,,,manifest-kw
lbci,https://www.lbcgroup.tv/news/middleeastnews/796968/nyt-says-hungary-based-bac-consulting-was-set-up-by-israeli-spies-alon/en,"NYT says Hungary-based BAC Consulting was set up by Israeli spies, along with two other shell companies",2024-09-19,mention,in_manifest_not_candidate,live,,,manifest-kw
lbci,https://www.lbcgroup.tv/news/middleeastnews/797022/iran-tells-hezbollah-chief-israel-will-face-crushing-response-after-co/en,Iran tells Hezbollah chief Israel will face 'crushing response' after comms attack,2024-09-19,central,in_manifest_not_candidate,live,,,manifest-kw
lbci,https://www.lbcgroup.tv/news/news-bulletin-reports/796949/israel-braces-for-hezbollah-response-to-communication-device-explosion/en,Israel readies for possible Hezbollah retaliation as tensions escalate,2024-09-19,mention,in_manifest_not_candidate,live,,,manifest-kw
lbci,https://www.lbcgroup.tv/news/newspaper-secrets/796830/%D8%A3%D8%B3%D8%B1%D8%A7%D8%B1-%D8%A7%D9%84%D8%B5%D8%AD%D9%81-19-9-2024/ar,أسرار الصحف 19-9-2024,2024-09-19,mention,in_manifest_not_candidate,live,,press_review,control;gdelt
lbci,https://www.lbcgroup.tv/news/newspapers/796831/%D8%A7%D8%AE%D8%AA%D8%B1%D8%A7%D9%82-%D8%B4%D8%A8%D9%83%D8%A9-%D8%A7%D8%AA%D8%B5%D8%A7%D9%84%D8%A7%D8%AA-%D8%AD%D8%B2%D8%A8-%D8%A7%D9%84%D9%84%D9%87-%D9%87%D8%B0%D8%A7-%D9%85%D8%A7-%D9%82%D8%A7%D9%84%D9%87-%D8%AE%D8%A8%D9%8A%D8%B1-%D8%B3%D9%8A%D8%A8%D8%B1%D8%A7%D9%86%D9%8A-%D8%A3%D9%85%D9%86%D9%8A-%D9%84%D9%80%D8%A7%D9%84%D8%A3%D9%86%D8%A8%D8%A7%D8%A1-%D8%A7/ar,"اختراق شبكة اتصالات ""حزب الله""... هذا ما قاله خبير سيبراني أمني لـ""الأنباء"" الكويتية",2024-09-19,mention,in_manifest_not_candidate,live,,,manifest-kw
lbci,https://www.lbcgroup.tv/news/newspapers/796837/%D8%AD%D8%B2%D8%A8-%D8%A7%D9%84%D9%84%D9%87-%D9%85%D8%A7%D8%B6%D9%8D-%D9%81%D9%8A-%D8%AA%D8%AD%D9%82%D9%8A%D9%82-%D8%A3%D9%85%D9%86%D9%8A-%D9%88%D8%AA%D9%82%D9%86%D9%8A-%D8%AF%D9%82%D9%8A%D9%82-%D9%88%D9%88%D8%A7%D8%B3%D8%B9-%D9%81%D9%8A-%D9%85%D8%A7-%D8%AE%D8%B5%D9%91-%D8%A3%D8%AC%D9%87%D8%B2%D8%A9-%D8%A7%D9%84%D8%A8%D8%A7%D9%8A%D8%AC%D8%B1-%D8%A7/ar,"""حزب الله"" ماضٍ في تحقيق أمني وتقني دقيق وواسع في ما خصّ أجهزة ""البايجر"" (الجمهورية)",2024-09-19,central,in_manifest_not_candidate,live,,,manifest-kw
lbci,https://www.lbcgroup.tv/news/world-news/797014/spain-condemns-attacks-on-wireless-communication-devices/en,Spain condemns attacks on wireless communication devices,2024-09-19,central,in_manifest_not_candidate,live,,,manifest-kw
lbci,https://www.lbcgroup.tv/news/world-news/797018/who-explosions-of-communication-devices-in-lebanon-caused-severe-disru/en,"WHO: Explosions of communication devices in Lebanon caused ""severe disruption"" to fragile health sector",2024-09-19,central,in_manifest_not_candidate,live,,,manifest-kw
lbci,https://www.lbcgroup.tv/news/world-news/797024/frances-macron-urges-restraint-in-lebanon-after-wave-of-explosions/en,France's Macron urges restraint in Lebanon after wave of explosions,2024-09-19,central,in_manifest_not_candidate,live,,,manifest-kw
lbci,https://www.lbcgroup.tv/news/world-news/797039/uk-government-expresses-deep-concern-over-rising-tensions-in-lebanon/en,UK government expresses 'deep concern over rising tensions' in Lebanon,2024-09-19,central,in_manifest_not_candidate,live,,,manifest-kw
lbci,https://www.lbcgroup.tv/news/world-news/797066/biden-believes-diplomatic-solution-to-israel-hezbollah-conflict-is-ach/en,Biden believes diplomatic solution to Israel-Hezbollah conflict is achievable,2024-09-19,central,in_manifest_not_candidate,live,,,manifest-kw
lbci,https://www.lbcgroup.tv/news/world/796874/%D9%85%D8%B3%D8%A4%D9%88%D9%84%D9%88%D9%86-%D8%A5%D9%8A%D8%B1%D8%A7%D9%86%D9%8A%D9%88%D9%86-%D9%88%D8%A3%D9%88%D8%B1%D9%88%D8%A8%D9%8A%D9%88%D9%86-%D9%8A%D8%AC%D8%AA%D9%85%D8%B9%D9%88%D9%86-%D9%81%D9%8A-%D8%A7%D9%84%D8%A3%D9%85%D9%85-%D8%A7%D9%84%D9%85%D8%AA%D8%AD%D8%AF%D8%A9-%D8%A7%D9%84%D8%A3%D8%B3%D8%A8%D9%88%D8%B9-%D8%A7%D9%84%D9%85%D9%82%D8%A8%D9%84-%D8%A5%D9%84%D9%8A/ar,مسؤولون إيرانيون وأوروبيون يجتمعون في الأمم المتحدة الأسبوع المقبل... إليكم التفاصيل,2024-09-19,mention,in_manifest_not_candidate,live,,,manifest-kw
lbci,https://www.lbcgroup.tv/news/world/796884/%D8%A8%D8%B1%D9%84%D9%8A%D9%86-%D8%AA%D8%AD%D8%B0%D9%91%D8%B1-%D8%A7%D9%84%D8%A3%D8%B7%D8%B1%D8%A7%D9%81-%D9%85%D9%86-%D9%85%D8%BA%D8%A8%D8%A9-%D8%A7%D9%84%D8%AA%D8%B5%D8%B9%D9%8A%D8%AF-%D9%81%D9%8A-%D8%A7%D9%84%D8%B4%D8%B1%D9%82-%D8%A7%D9%84%D8%A3%D9%88%D8%B3%D8%B7/ar,برلين تحذّر الأطراف من مغبة التصعيد في الشرق الأوسط,2024-09-19,central,in_manifest_not_candidate,live,,,manifest-kw
lbci,https://www.lbcgroup.tv/news/world/797053/%D8%AD%D9%85%D8%A7%D8%B3-%D8%AA%D8%B4%D9%8A%D8%AF-%D8%A8%D9%85%D9%88%D9%82%D9%81-%D9%86%D8%B5%D8%B1%D8%A7%D9%84%D9%84%D9%87-%D8%A8%D9%85%D9%88%D8%A7%D8%B5%D9%84%D8%A9-%D8%AC%D8%A8%D9%87%D8%A9-%D8%A5%D8%B3%D9%86%D8%A7%D8%AF-%D9%82%D8%B7%D8%A7%D8%B9-%D8%BA%D8%B2%D8%A9/ar,"حماس تشيد بموقف نصرالله بمواصلة ""جبهة إسناد"" قطاع غزة",2024-09-19,central,in_manifest_not_candidate,live,,,manifest-kw
lbci,https://www.lbcgroup.tv/news/x/797004/x/ar,نصرالله: كبار قيادات حزب الله لا يحملون طراز أجهزة البيجر التي انفجرت وبنيتنا كبيرة ومتينة واستعداداتنا عالية ورفعنا جاهزية كافة الأسلحة وجميع المقاتلين,2024-09-19,central,not_in_manifest,live,,,id-census
lbci,https://www.lbcgroup.tv/news/latest-news/797116/%D9%8A%D8%AF%D9%8A%D8%B9%D9%88%D8%AA-%D8%A3%D8%AD%D8%B1%D9%88%D9%86%D9%88%D8%AA-%D8%B9%D9%86-%D9%85%D8%B5%D8%A7%D8%AF%D8%B1-%D8%A7%D8%B3%D8%AA%D8%AE%D8%A8%D8%A7%D8%B1%D9%8A%D8%A9-%D8%A3%D9%85%D9%8A%D8%B1%D9%83%D9%8A%D8%A9-%D8%A5%D8%B3%D8%B1%D8%A7%D8%A6%D9%8A%D9%84-%D8%AE%D8%B7%D8%B7%D8%AA-%D8%B9%D9%84%D9%89-%D9%85%D8%AF%D9%89-15-%D8%B9%D8%A7%D9%85%D8%A7/ar,يديعوت أحرونوت عن مصادر استخبارية أميركية: إسرائيل خططت على مدى 15 عاما لعملية تفجير أجهزة الاستدعاء السريعة,2024-09-20,central,in_manifest_not_candidate,live,,,manifest-kw
lbci,https://www.lbcgroup.tv/news/lebanon-news-intro/797292/%D9%85%D9%82%D8%AF%D9%85%D8%A9-%D8%A7%D9%84%D9%86%D8%B4%D8%B1%D8%A9-%D8%A7%D9%84%D9%85%D8%B3%D8%A7%D8%A6%D9%8A%D8%A9-20-9-2024/ar,مقدمة النشرة المسائية 20-9-2024,2024-09-20,mention,in_manifest_not_candidate,live,,bulletin_intro,gdelt;manifest-kw
lbci,https://www.lbcgroup.tv/news/lebanon-news/797115/un-peacekeepers-in-lebanon-call-for-immediate-de-escalation/en,UN Peacekeepers in Lebanon call for immediate de-escalation,2024-09-20,mention,in_manifest_not_candidate,live,,,manifest-kw
lbci,https://www.lbcgroup.tv/news/lebanon-news/797348/full-transcript-lebanese-foreign-minister-abdallah-bou-habibs-address/en,Full Transcript: Lebanese Foreign Minister Abdallah Bou Habib’s address to the UN Security Council on cyberattacks and Israeli aggression,2024-09-20,central,in_manifest_not_candidate,live,,,manifest-kw
lbci,https://www.lbcgroup.tv/news/middleeastnews/797333/iranian-president-masoud-pezeshkian-visits-in-iran-the-injured-people/en,Iranian President Masoud Pezeshkian visits in Iran the injured people by pager explosions in Lebanon,2024-09-20,central,in_manifest_not_candidate,live,,short_flash_or_ticker,control
lbci,https://www.lbcgroup.tv/news/newspaper-secrets/797077/%D8%A3%D8%B3%D8%B1%D8%A7%D8%B1-%D8%A7%D9%84%D8%B5%D8%AD%D9%81-20-9-2024/ar,أسرار الصحف 20-9-2024,2024-09-20,mention,in_manifest_not_candidate,live,,press_review,control;gdelt
lbci,https://www.lbcgroup.tv/news/newspapers/797083/%D8%AA%D9%81%D8%AC%D9%8A%D8%B1-%D8%A7%D9%84%D8%A8%D8%A7%D9%8A%D8%AC%D8%B1-%D9%87%D8%B0%D8%A7-%D9%85%D8%A7-%D8%AA%D9%88%D8%B5%D9%84%D8%AA-%D8%A7%D9%84%D9%8A%D9%87-%D9%84%D8%AC%D8%A7%D9%86-%D8%A7%D9%84%D8%AA%D8%AD%D9%82%D9%8A%D9%82-%D8%A7%D9%84%D9%81%D9%86%D9%8A%D8%A9-%D9%81%D9%8A-%D8%AD%D8%B2%D8%A8-%D8%A7%D9%84%D9%84%D9%87-%D8%A7%D9%84%D8%A3%D8%AE%D8%A8%D8%A7/ar,"تفجير ""البايجر""... هذا ما توصلت اليه لجان التحقيق الفنية في حزب الله (الأخبار)",2024-09-20,central,in_manifest_not_candidate,live,,,manifest-kw
lbci,https://www.lbcgroup.tv/news/newspapers/797105/%D9%84%D8%A8%D9%86%D8%A7%D9%86-%D9%86%D8%AD%D9%88-%D8%AE%D8%B7%D9%88%D8%A9-%D9%85%D9%87%D9%85%D8%A9-%D8%AA%D8%AF%D9%8A%D9%86-%D8%A5%D8%B3%D8%B1%D8%A7%D8%A6%D9%8A%D9%84-%D8%A7%D9%84%D8%AC%D9%85%D9%87%D9%88%D8%B1%D9%8A%D8%A9/ar,لبنان نحو خطوة مهمة تدين إسرائيل (الجمهورية),2024-09-20,central,in_manifest_not_candidate,live,,,manifest-kw
lbci,https://www.lbcgroup.tv/news/newspapers/797106/%D9%86%D8%B5%D8%B1%D8%A7%D9%84%D9%84%D9%87-%D8%AA%D8%B9%D9%85%D8%AF-%D8%A5%D8%A8%D9%82%D8%A7%D8%A1-%D8%B3%D9%8A%D9%86%D8%A7%D8%B1%D9%8A%D9%88-%D8%A7%D9%84%D8%A5%D9%86%D8%AA%D9%82%D8%A7%D9%85-%D9%85%D8%AD%D8%A7%D8%B7%D9%8B%D8%A7-%D8%A8%D8%B3%D8%AA%D8%A7%D8%B1-%D8%A7%D9%84%D8%BA%D9%85%D9%88%D8%B6-%D9%88%D8%A7%D9%84%D9%83%D8%AA%D9%85%D8%A7%D9%86-%D8%A7%D9%84%D8%AC%D9%85%D9%87/ar,نصرالله تعمد إبقاء سيناريو الإنتقام محاطًا بستار الغموض والكتمان (الجمهورية),2024-09-20,central,in_manifest_not_candidate,live,,,manifest-kw
lbci,https://www.lbcgroup.tv/news/world/797252/%D8%B5%D9%88%D9%81%D9%8A%D8%A7-%D8%AA%D9%86%D9%81%D9%8A-%D8%AA%D9%88%D8%B1%D8%B7-%D8%B4%D8%B1%D9%83%D8%A9-%D8%A8%D9%84%D8%BA%D8%A7%D8%B1%D9%8A%D8%A9-%D9%81%D9%8A-%D8%A5%D9%86%D8%AA%D8%A7%D8%AC-%D8%A3%D8%AC%D9%87%D8%B2%D8%A9-%D8%A7%D8%AA%D8%B5%D8%A7%D9%84-%D8%AD%D8%B2%D8%A8-%D8%A7%D9%84%D9%84%D9%87/ar,صوفيا تنفي تورط شركة بلغارية في إنتاج أجهزة اتصال حزب الله,2024-09-20,central,in_manifest_not_candidate,live,,,manifest-kw
lbci,https://www.lbcgroup.tv/news/lebanon-news-intro/797515/%D9%85%D9%82%D8%AF%D9%85%D8%A9-%D8%A7%D9%84%D9%86%D8%B4%D8%B1%D8%A9-%D8%A7%D9%84%D9%85%D8%B3%D8%A7%D8%A6%D9%8A%D8%A9-21-09-2024/ar,مقدمة النشرة المسائية 21-09-2024,2024-09-21,mention,in_manifest_not_candidate,live,,bulletin_intro,manifest-kw
lbci,https://www.lbcgroup.tv/news/lebanon-news/797396/ophthalmologist-and-mp-elias-jarade-tells-lbci-we-are-still-in-process/en,"Ophthalmologist and MP Elias Jarade tells LBCI: We are still in process of absorbing shock, our efforts will not stop",2024-09-21,mention,in_manifest_not_candidate,live,,,manifest-kw
lbci,https://www.lbcgroup.tv/news/lebanon-news/797411/lebanons-health-minister-reports-rising-casualties-from-israeli-attack/en,Lebanon's Health Minister reports rising casualties from Israeli attacks and ongoing medical response,2024-09-21,mention,in_manifest_not_candidate,live,,,manifest-kw
lbci,https://www.lbcgroup.tv/news/lebanon-security/797350/%D8%A8%D9%88-%D8%AD%D8%A8%D9%8A%D8%A8-%D9%8A%D9%86%D8%A7%D8%B4%D8%AF-%D9%85%D8%AC%D9%84%D8%B3-%D8%A7%D9%84%D8%A7%D9%85%D9%86-%D8%A3%D9%86-%D9%8A%D9%82%D9%81-%D8%B9%D9%84%D9%89-%D8%A7%D9%84%D8%AC%D8%A7%D9%86%D8%A8-%D8%A7%D9%84%D8%B5%D8%AD%D9%8A%D8%AD-%D9%85%D9%86-%D8%A7%D9%84%D8%AA%D8%A7%D8%B1%D9%8A%D8%AE/ar,بو حبيب يناشد مجلس الامن أن يقف على الجانب الصحيح من التاريخ,2024-09-21,central,in_manifest_not_candidate,live,,,manifest-kw
lbci,https://www.lbcgroup.tv/news/lebanon/797391/%D8%B7%D8%A8%D9%8A%D8%A8-%D8%A7%D9%84%D8%B9%D9%8A%D9%88%D9%86-%D8%A7%D9%84%D9%86%D8%A7%D8%A6%D8%A8-%D8%A5%D9%84%D9%8A%D8%A7%D8%B3-%D8%AC%D8%B1%D8%A7%D8%AF%D9%8A-%D9%84%D9%84%D9%80lbci-%D9%85%D8%A7-%D8%B2%D9%84%D9%86%D8%A7-%D8%A8%D8%AD%D8%A7%D9%84%D8%A9-%D8%A7%D9%85%D8%AA%D8%B5%D8%A7%D8%B5-%D8%A7%D9%84%D8%B5%D8%AF%D9%85%D8%A9-%D9%88%D8%AC%D9%87/ar,طبيب العيون النائب إلياس جرادي للـLBCI: ما زلنا بحالة امتصاص الصدمة... وجهودنا لن تتوقف,2024-09-21,mention,in_manifest_not_candidate,live,,,manifest-kw
lbci,https://www.lbcgroup.tv/news/lebanon/797407/%D8%A8%D8%A7%D9%84%D8%A3%D8%B1%D9%82%D8%A7%D9%85-%D9%88%D8%B2%D9%8A%D8%B1-%D8%A7%D9%84%D8%B5%D8%AD%D8%A9-%D9%8A%D9%83%D8%B4%D9%81-%D8%B9%D9%86-%D8%A3%D8%B9%D8%AF%D8%A7%D8%AF-%D8%A7%D9%84%D8%B4%D9%87%D8%AF%D8%A7%D8%A1-%D9%88%D8%A7%D9%84%D8%AC%D8%B1%D8%AD%D9%89-%D8%AC%D8%B1%D8%A7%D8%A1-%D8%A7%D9%84%D8%A5%D8%B9%D8%AA%D8%AF%D8%A7%D8%A1%D8%A7%D8%AA-%D8%A7%D9%84%D8%A5%D8%B3/ar,بالأرقام... وزير الصحة يكشف عن أعداد الشهداء والجرحى جراء الإعتداءات الإسرائيلية الثلاث هذا الأسبوع,2024-09-21,mention,in_manifest_not_candidate,live,,,manifest-kw
lbci,https://www.lbcgroup.tv/news/world-news/797383/us-lawmaker-rashida-tlaib-condemns-cartoon-showing-her-with-exploding/en,US lawmaker Rashida Tlaib condemns cartoon showing her with exploding pager,2024-09-21,central,in_manifest_not_candidate,live,,,control
lbci,https://www.lbcgroup.tv/news/world/797454/%D9%82%D8%A8%D8%B1%D8%B5-%D8%AA%D8%AF%D8%B9%D9%88-%D9%84%D8%A8%D9%86%D8%A7%D9%86-%D9%88%D8%A5%D8%B3%D8%B1%D8%A7%D8%A6%D9%8A%D9%84-%D8%A5%D9%84%D9%89-%D8%B6%D8%A8%D8%B7-%D8%A7%D9%84%D9%86%D9%81%D8%B3-%D9%88%D8%AA%D8%A8%D8%AF%D9%8A-%D8%A5%D8%B3%D8%AA%D8%B9%D8%AF%D8%A7%D8%AF%D9%87%D8%A7-%D9%84%D9%84%D8%AA%D9%88%D8%B3%D8%B7-%D8%A8%D9%8A%D9%86%D9%87%D9%85%D8%A7/ar,قبرص تدعو لبنان وإسرائيل إلى ضبط النفس وتبدي إستعدادها للتوسط بينهما,2024-09-21,mention,in_manifest_not_candidate,live,,,manifest-kw
lbci,https://www.lbcgroup.tv/news/lebanon-news-intro/797697/%D9%85%D9%82%D8%AF%D9%85%D8%A9-%D8%A7%D9%84%D9%86%D8%B4%D8%B1%D8%A9-%D8%A7%D9%84%D9%85%D8%B3%D8%A7%D8%A6%D9%8A%D8%A9-22-9-2024/ar,مقدمة النشرة المسائية 22-9-2024,2024-09-22,mention,in_manifest_not_candidate,live,,bulletin_intro,gdelt;manifest-kw
lbci,https://www.lbcgroup.tv/news/lebanon-news/797584/hezbollah-attacks-israeli-military-industry-complex-in-haifa-in-respon/en,Hezbollah attacks Israeli military industry complex in Haifa in response to pager and walkie-talkies explosions,2024-09-22,central,in_manifest_not_candidate,live,,,manifest-kw
lbci,https://www.lbcgroup.tv/news/news-bulletin-reports/797700/israels-cyber-warfare-how-devices-became-weapons-as-a-new-dimension-of/en,Israel's cyber warfare: How devices became weapons as a new dimension of battle unfolds,2024-09-22,mention,in_manifest_not_candidate,live,,,manifest-kw
lbci,https://www.lbcgroup.tv/news/lebanon/797855/%D9%84%D9%82%D8%A7%D8%A1-%D8%B3%D9%8A%D8%AF%D8%A9-%D8%A7%D9%84%D8%AC%D8%A8%D9%84-%D9%88%D8%A7%D9%84%D9%85%D8%AC%D9%84%D8%B3-%D8%A7%D9%84%D9%88%D8%B7%D9%86%D9%8A-%D9%84%D8%B1%D9%81%D8%B9-%D8%A7%D9%84%D8%A7%D8%AD%D8%AA%D9%84%D8%A7%D9%84-%D8%A7%D9%84%D8%A7%D9%8A%D8%B1%D8%A7%D9%86%D9%8A-%D8%B7%D8%A7%D9%84%D8%A8%D8%A7-%D8%A8%D9%88%D9%82%D9%81-%D8%AD%D8%B1%D8%A8-%D8%A7/ar,"لقاء سيدة الجبل والمجلس الوطني لرفع الاحتلال الايراني طالبا بوقف ""حرب المساندة""",2024-09-23,mention,in_manifest_not_candidate,live,,,manifest-kw
lbci,https://www.lbcgroup.tv/news/middleeastnews/797778/irgc-ban-communications-devices-after-strike-on-hezbollah-security-off/en,"IRGC ban communications devices after strike on Hezbollah, security officials tell Reuters",2024-09-23,central,in_manifest_not_candidate,live,,,manifest-kw
lbci,https://www.lbcgroup.tv/news/newspaper-secrets/797752/%D8%A3%D8%B3%D8%B1%D8%A7%D8%B1-%D8%A7%D9%84%D8%B5%D8%AD%D9%81-%D8%A7%D9%84%D9%85%D8%AD%D9%84%D9%8A%D8%A9-23-9-2024/ar,أسرار الصحف المحلية 23-9-2024,2024-09-23,mention,in_candidates_dropped,live,,press_review,gdelt
lbci,https://www.lbcgroup.tv/news/newspapers/797761/%D9%8A%D9%88%D9%85-%D9%85%D8%B4%D8%AA%D8%B9%D9%84-%D8%AC%D9%86%D9%88%D8%A8%D9%8B%D8%A7-%D9%88%D9%85%D8%B5%D8%AF%D8%B1-%D9%8A%D8%B9%D8%AA%D8%A8%D8%B1-%D8%A7%D9%84%D8%AA%D8%B5%D8%B9%D9%8A%D8%AF-%D8%AA%D9%85%D9%87%D9%8A%D8%AF%D9%8B%D8%A7-%D9%84%D9%84%D9%88%D8%B5%D9%88%D9%84-%D8%A5%D9%84%D9%89-%D8%AA%D8%B3%D9%88%D9%8A%D8%A9-%D8%A7%D9%84%D8%A3%D9%86%D8%A8%D8%A7%D8%A1/ar,يوم مشتعل جنوبًا ومصدر يعتبر التصعيد تمهيدًا للوصول إلى تسوية (الأنباء الكويتية),2024-09-23,mention,in_manifest_not_candidate,live,,,manifest-kw
lbci,https://www.lbcgroup.tv/news/lebanon-news-intro/798347/%D9%85%D9%82%D8%AF%D9%85%D8%A9-%D8%A7%D9%84%D9%86%D8%B4%D8%B1%D8%A9-%D8%A7%D9%84%D9%85%D8%B3%D8%A7%D8%A6%D9%8A%D8%A9-24-9-2024/ar,مقدمة النشرة المسائية 24-9-2024,2024-09-24,mention,in_manifest_not_candidate,live,,bulletin_intro,gdelt;manifest-kw
lbci,https://www.lbcgroup.tv/news/world/798372/%D8%A3%D9%85%D9%8A%D8%B1-%D9%82%D8%B7%D8%B1-%D9%8A%D8%B5%D9%81-%D8%A7%D9%84%D8%AD%D8%B1%D8%A8-%D8%A7%D9%84%D8%A5%D8%B3%D8%B1%D8%A7%D8%A6%D9%8A%D9%84%D9%8A%D8%A9-%D8%B9%D9%84%D9%89-%D8%BA%D8%B2%D8%A9-%D8%A8%D8%A3%D9%86%D9%87%D8%A7-%D8%A5%D8%A8%D8%A7%D8%AF%D8%A9/ar,أمير قطر: تفجير وسائل الاتصالات اللاسلكية في لبنان جريمة كبرى,2024-09-24,central,in_manifest_not_candidate,live,,,manifest-kw
lbci,https://www.lbcgroup.tv/news/x/798331/x/ar,أمير دولة قطر: تفجير وسائل الاتصالات اللاسلكية دون تحديد هوية أو مكان تواجد المستهدفين بلبنان جريمة كبرى,2024-09-24,central,not_in_manifest,live,,,id-census
mtv,https://www.mtv.com.lb/News/%D9%85%D8%A8%D8%A7%D8%B4%D8%B1/1482858/-%D8%B1%D9%88%D9%8A%D8%AA%D8%B1%D8%B2---%D8%A5%D8%B5%D8%A7%D8%A8%D8%A9-%D8%A7%D9%84%D9%85%D8%A6%D8%A7%D8%AA-%D9%85%D9%86-%D8%B9%D9%86%D8%A7%D8%B5%D8%B1--%D8%AD%D8%B2%D8%A8-%D8%A7%D9%84%D9%84%D9%87--%D8%A8%D8%B9%D8%AF-%D8%A7%D9%86%D9%81%D8%AC%D8%A7%D8%B1-%D8%A3%D8%AC%D9%87%D8%B2%D8%A9-%D8%A7%D8%AA%D8%B5%D8%A7%D9%84-%D9%81%D9%8A-%D8%AC%D9%86%D9%88%D8%A8-%D8%A7%D9%84%D8%B9%D8%A7%D8%B5%D9%85%D8%A9,"""رويترز"": إصابة المئات من عناصر ""حزب الله"" بعد انفجار أجهزة اتصال في جنوب العاصمة",2024-09-17,central,in_manifest_not_candidate,live,,,manifest-kw
mtv,https://www.mtv.com.lb/News/%D9%85%D8%A8%D8%A7%D8%B4%D8%B1/1482891/%D9%88%D8%B3%D8%A7%D8%A6%D9%84-%D8%A5%D8%B9%D9%84%D8%A7%D9%85-%D8%B3%D9%88%D8%B1%D9%8A%D8%A9--%D8%A5%D8%B5%D8%A7%D8%A8%D8%A9-%D8%A7%D9%84%D8%B9%D8%AF%D9%8A%D8%AF-%D9%85%D9%86-%D8%A3%D8%B9%D8%B6%D8%A7%D8%A1-%D8%AD%D8%B2%D8%A8-%D8%A7%D9%84%D9%84%D9%87-%D9%81%D9%8A-%D8%B3%D9%88%D8%B1%D9%8A%D8%A7-%D9%88%D9%86%D9%82%D9%84%D9%87%D9%85-%D8%A5%D9%84%D9%89-%D8%A7%D9%84%D9%85%D8%B3%D8%AA%D8%B4%D9%81%D9%89-%D8%A8%D8%B9%D8%AF-%D8%A7%D9%86%D9%81%D8%AC%D8%A7%D8%B1-%D8%A3%D8%AC%D9%87%D8%B2%D8%A9-%D8%A7%D8%AA%D8%B5%D8%A7%D9%84-%D9%83%D8%A7%D9%86%D9%88%D8%A7-%D9%8A%D8%AD%D9%85%D9%84%D9%88%D9%86%D9%87%D8%A7,وسائل إعلام سورية: إصابة العديد من عناصر حزب الله في سوريا ونقلهم إلى المستشفى بعد انفجار أجهزة اتصال كانوا يحملونها,2024-09-17,central,in_manifest_not_candidate,live,,,manifest-kw
mtv,https://www.mtv.com.lb/News/%D9%85%D8%A8%D8%A7%D8%B4%D8%B1/1483997/%D8%A5%D8%B9%D9%84%D8%A7%D9%85-%D8%B3%D9%88%D8%B1%D9%8A--7-%D8%B4%D9%87%D8%AF%D8%A7%D8%A1-%D9%85%D9%86--%D8%AD%D8%B2%D8%A8-%D8%A7%D9%84%D9%84%D9%87--%D8%A8%D8%AA%D9%81%D8%AC%D9%8A%D8%B1-%D8%A3%D8%AC%D9%87%D8%B2%D8%A9-%D8%A7%D8%AA%D8%B5%D8%A7%D9%84-%D9%81%D9%8A-%D8%AD%D9%8A-%D8%A7%D9%84%D8%B3%D9%8A%D8%AF%D8%A9-%D8%B2%D9%8A%D9%86%D8%A8,"إعلام سوري: 7 شهداء من ""حزب الله"" بتفجير أجهزة اتصال في حي السيدة زينب",2024-09-17,central,in_manifest_not_candidate,live,,,manifest-kw
mtv,https://www.mtv.com.lb/News/%D9%85%D8%A8%D8%A7%D8%B4%D8%B1/1484000/%D8%A7%D9%84%D8%AC%D9%8A%D8%B4-%D8%A7%D9%84%D8%A5%D8%B3%D8%B1%D8%A7%D8%A6%D9%8A%D9%84%D9%8A-%D9%84%D9%80cnn--%D9%84%D9%86-%D9%86-%D8%B9%D9%84-%D9%82-%D8%B9%D9%84%D9%89-%D8%AD%D8%A7%D8%AF%D8%AB-%D8%AA%D9%81%D8%AC%D9%8A%D8%B1-%D8%A3%D8%AC%D9%87%D8%B2%D8%A9-%D8%A7%D8%AA%D8%B5%D8%A7%D9%84-%D9%81%D9%8A-%D9%84%D8%A8%D9%86%D8%A7%D9%86,الجيش الإسرائيلي لـCNN: لن نُعلّق على حادث تفجير أجهزة اتصال في لبنان,2024-09-17,central,in_manifest_not_candidate,live,,,manifest-kw
mtv,https://www.mtv.com.lb/News/%D9%85%D8%A8%D8%A7%D8%B4%D8%B1/1484113/-%D8%A3%D9%83%D8%B3%D9%8A%D9%88%D8%B3---%D8%B9%D9%85%D9%84%D9%8A%D8%A9-%D8%AA%D9%81%D8%AC%D9%8A%D8%B1-%D8%A3%D8%AC%D9%87%D8%B2%D8%A9-%D8%A7%D8%AA%D8%B5%D8%A7%D9%84--%D8%AD%D8%B2%D8%A8-%D8%A7%D9%84%D9%84%D9%87--%D8%AA%D9%85-%D8%AA-%D8%A7%D9%84%D9%85%D9%88%D8%A7%D9%81%D9%82%D8%A9-%D8%B9%D9%84%D9%8A%D9%87%D8%A7-%D9%87%D8%B0%D8%A7-%D8%A7%D9%84%D8%A3%D8%B3%D8%A8%D9%88%D8%B9-%D9%81%D9%8A-%D8%A7%D8%AC%D8%AA%D9%85%D8%A7%D8%B9%D8%A7%D8%AA-%D8%A8%D9%8A%D9%86-%D9%86%D8%AA%D9%86%D9%8A%D8%A7%D9%87%D9%88-%D9%88%D9%83%D8%A8%D8%A7%D8%B1-%D8%A3%D8%B9%D8%B6%D8%A7%D8%A1-%D8%AD%D9%83%D9%88%D9%85%D8%AA%D9%87,"""أكسيوس"": عملية تفجير أجهزة اتصال ""حزب الله"" تمّت الموافقة عليها هذا الأسبوع في اجتماعات بين نتنياهو وكبار أعضاء حكومته",2024-09-17,central,in_manifest_not_candidate,live,,,manifest-kw
mtv,https://www.mtv.com.lb/News/%D9%85%D8%A8%D8%A7%D8%B4%D8%B1/1484120/%D8%A7%D9%84%D8%A8%D9%86%D8%AA%D8%A7%D8%BA%D9%88%D9%86--%D9%84%D8%A7-%D8%AA%D8%BA%D9%8A%D9%8A%D8%B1-%D9%84%D9%88%D8%B6%D8%B9-%D8%A7%D9%84%D9%82%D9%88%D8%A7%D8%AA-%D8%A7%D9%84%D8%A3%D9%85%D9%8A%D8%B1%D9%83%D9%8A%D8%A9-%D9%81%D9%8A-%D8%A7%D9%84%D8%B4%D8%B1%D9%82-%D8%A7%D9%84%D8%A3%D9%88%D8%B3%D8%B7-%D8%A8%D8%B9%D8%AF-%D8%AA%D9%81%D8%AC%D9%8A%D8%B1-%D8%A3%D8%AC%D9%87%D8%B2%D8%A9-%D8%A7%D8%AA%D8%B5%D8%A7%D9%84-%D9%81%D9%8A-%D9%84%D8%A8%D9%86%D8%A7%D9%86,البنتاغون: لا تغيير لوضع القوات الأميركية في الشرق الأوسط بعد تفجير أجهزة اتصال في لبنان,2024-09-17,central,in_manifest_not_candidate,live,,,manifest-kw
mtv,https://www.mtv.com.lb/News/%D9%85%D9%80%D9%80%D8%AD%D9%80%D9%80%D9%84%D9%80%D9%80%D9%8A%D9%80%D9%80%D8%A7%D8%AA/1482866/%D8%A5%D8%B5%D8%A7%D8%A8%D8%A7%D8%AA-%D9%81%D9%8A-%D9%85%D8%B1%D8%AC%D8%B9%D9%8A%D9%88%D9%86-%D9%88%D8%A7%D9%84%D9%87%D8%B1%D9%85%D9%84-%D8%AC%D8%B1%D8%A7%D8%A1-%D8%A7%D9%86%D9%81%D8%AC%D8%A7%D8%B1-%D8%A3%D8%AC%D9%87%D8%B2%D8%A9-%D8%A8%D9%8A%D8%AF-%D8%AD%D8%A7%D9%85%D9%84%D9%8A%D9%87%D8%A7,إصابات في مرجعيون والهرمل جراء انفجار أجهزة بيد حامليها,2024-09-17,central,in_manifest_not_candidate,live,,short_flash_or_ticker,manifest-kw
mtv,https://www.mtv.com.lb/News/%D9%85%D9%80%D9%80%D8%AD%D9%80%D9%80%D9%84%D9%80%D9%80%D9%8A%D9%80%D9%80%D8%A7%D8%AA/1483990/-%D8%A7%D9%84%D9%88%D8%B7%D9%86%D9%8A-%D8%A7%D9%84%D8%AD%D8%B1---%D9%85%D8%A7-%D8%A3%D9%82%D8%AF%D9%85-%D8%B9%D9%84%D9%8A%D9%87-%D8%A7%D9%84%D8%B9%D8%AF%D9%88-%D9%85%D8%A4%D8%B4%D8%B1-%D8%A5%D8%B6%D8%A7%D9%81%D9%8A-%D8%B9%D9%84%D9%89-%D9%86%D9%8A%D8%AA%D9%87-%D8%A8%D8%B1%D9%81%D8%B9-%D9%88%D8%AA%D9%8A%D8%B1%D8%A9-%D8%A7%D9%84%D8%B9%D8%AF%D9%88%D8%A7%D9%86,"""الوطني الحر"": ما أقدم عليه العدو مؤشر إضافي على نيته برفع وتيرة العدوان",2024-09-17,mention,in_manifest_not_candidate,live,,,manifest-kw
mtv,https://www.mtv.com.lb/News/%D9%85%D9%80%D9%80%D8%AD%D9%80%D9%80%D9%84%D9%80%D9%80%D9%8A%D9%80%D9%80%D8%A7%D8%AA/1484028/-%D8%A7%D9%84%D8%AA%D9%88%D8%AD%D9%8A%D8%AF-%D8%A7%D9%84%D8%B9%D8%B1%D8%A8%D9%8A--%D8%A7%D8%B3%D8%AA%D9%86%D9%83%D8%B1-%D8%A7%D9%84%D8%B9%D8%AF%D9%88%D8%A7%D9%86-%D8%A7%D9%84%D8%B3%D9%8A%D8%A8%D8%B1%D8%A7%D9%86%D9%8A-%D8%B9%D9%84%D9%89-%D9%84%D8%A8%D9%86%D8%A7%D9%86,"""التوحيد العربي"" استنكر العدوان السيبراني على لبنان",2024-09-17,central,in_manifest_not_candidate,live,,,manifest-kw
mtv,https://www.mtv.com.lb/News/%D9%85%D9%80%D9%80%D8%AD%D9%80%D9%80%D9%84%D9%80%D9%80%D9%8A%D9%80%D9%80%D8%A7%D8%AA/1484037/%D8%B4%D9%8A%D8%AE-%D8%A7%D9%84%D8%B9%D9%82%D9%84--%D9%84%D9%84%D8%AA%D8%B6%D8%A7%D9%85%D9%86-%D8%A7%D9%84%D8%AF%D8%A7%D8%AE%D9%84%D9%8A-%D9%88%D8%A7%D9%84%D9%88%D9%82%D9%88%D9%81-%D8%B5%D9%81%D8%A7--%D9%88%D8%A7%D8%AD%D8%AF%D8%A7--%D8%A8%D9%88%D8%AC%D9%87-%D8%A7%D9%84%D8%B9%D8%AF%D9%88,شيخ العقل: للتضامن الداخلي والوقوف صفاً واحداً بوجه العدو,2024-09-17,mention,in_manifest_not_candidate,live,,,manifest-kw
mtv,https://www.mtv.com.lb/News/%D9%85%D9%80%D9%80%D8%AD%D9%80%D9%80%D9%84%D9%80%D9%80%D9%8A%D9%80%D9%80%D8%A7%D8%AA/1484064/%D8%AF%D8%A8%D9%88%D8%B1--%D8%AA%D9%88%D8%AC%D9%8A%D9%87-%D8%A8%D9%81%D8%AA%D8%AD-%D9%83%D9%84-%D8%A7%D9%84%D9%85%D8%B3%D8%AA%D8%B4%D9%81%D9%8A%D8%A7%D8%AA-%D8%A7%D9%84%D9%81%D9%84%D8%B3%D8%B7%D9%8A%D9%86%D9%8A%D8%A9-%D9%84%D8%A7%D8%B3%D8%AA%D9%82%D8%A8%D8%A7%D9%84-%D8%A7%D9%84%D8%AC%D8%B1%D8%AD%D9%89,دبور: توجيه بفتح كل المستشفيات الفلسطينية لاستقبال الجرحى,2024-09-17,mention,in_manifest_not_candidate,live,,,manifest-kw
mtv,https://www.mtv.com.lb/News/%D9%85%D9%80%D9%80%D8%AD%D9%80%D9%80%D9%84%D9%80%D9%80%D9%8A%D9%80%D9%80%D8%A7%D8%AA/1484076/%D9%86%D9%82%D9%8A%D8%A8-%D9%85%D9%87%D9%86%D8%AF%D8%B3%D9%8A-%D8%A8%D9%8A%D8%B1%D9%88%D8%AA-%D9%8A%D8%AF%D8%B9%D9%88-%D8%A7%D9%84%D8%AC%D8%B3%D9%85-%D8%A7%D9%84%D9%87%D9%86%D8%AF%D8%B3%D9%8A-%D9%84%D9%84%D8%AA%D8%A8%D8%B1-%D8%B9-%D8%A8%D8%A7%D9%84%D8%AF%D9%85,نقيب مهندسي بيروت يدعو الجسم الهندسي للتبرّع بالدم,2024-09-17,central,in_manifest_not_candidate,live,,,manifest-kw
mtv,https://www.mtv.com.lb/News/%D9%85%D9%80%D9%80%D8%AD%D9%80%D9%80%D9%84%D9%80%D9%80%D9%8A%D9%80%D9%80%D8%A7%D8%AA/1484088/-%D8%A7%D9%84%D8%A7%D8%B9%D8%AA%D8%AF%D8%A7%D9%84-%D8%A7%D9%84%D9%88%D8%B7%D9%86%D9%8A--%D9%8A%D8%AF%D9%8A%D9%86-%D8%AA%D9%81%D8%AC%D9%8A%D8%B1%D8%A7%D8%AA-%D8%A7%D9%84%D8%B9%D8%AF%D9%88-%D9%81%D9%8A-%D8%A7%D9%84%D9%85%D9%86%D8%A7%D8%B7%D9%82-%D8%A7%D9%84%D9%84-%D8%A8%D9%86%D8%A7%D9%86%D9%8A%D8%A9,"""الاعتدال الوطني"" يدين تفجيرات العدو في المناطق اللّبنانية",2024-09-17,central,in_manifest_not_candidate,live,,,manifest-kw
mtv,https://www.mtv.com.lb/News/%D9%85%D9%80%D9%80%D8%AD%D9%80%D9%80%D9%84%D9%80%D9%80%D9%8A%D9%80%D9%80%D8%A7%D8%AA/1484105/-%D8%A7%D9%84%D8%AA%D9%82%D8%AF%D9%85%D9%8A---%D9%84%D8%A3%D9%88%D8%B3%D8%B9-%D8%AA%D8%B6%D8%A7%D9%85%D9%86-%D9%88%D8%B7%D9%86%D9%8A-%D8%A8%D9%88%D8%AC%D9%87-%D8%A7%D9%84%D8%AE%D8%B7%D8%B1-%D8%A7%D9%84%D8%A5%D8%B3%D8%B1%D8%A7%D8%A6%D9%8A%D9%84%D9%8A,"""التقدمي"": لأوسع تضامن وطني بوجه الخطر الإسرائيلي",2024-09-17,central,in_manifest_not_candidate,live,,,manifest-kw
mtv,https://www.mtv.com.lb/News/%D9%85%D9%80%D9%80%D8%AD%D9%80%D9%80%D9%84%D9%80%D9%80%D9%8A%D9%80%D9%80%D8%A7%D8%AA/1484158/-%D9%81%D8%AA%D8%AD----%D9%84%D8%A8%D9%86%D8%A7%D9%86--%D9%85%D8%AA%D8%B6%D8%A7%D9%85%D9%86%D9%88%D9%86-%D9%85%D8%B9-%D8%A7%D9%84%D8%B4%D8%B9%D8%A8-%D8%A7%D9%84%D9%84%D8%A8%D9%86%D8%A7%D9%86%D9%8A,"""فتح"" - لبنان: متضامنون مع الشعب اللبناني",2024-09-17,mention,in_manifest_not_candidate,live,,,manifest-kw
mtv,https://www.mtv.com.lb/News/%D9%85%D9%80%D9%80%D8%AD%D9%80%D9%80%D9%84%D9%80%D9%80%D9%8A%D9%80%D9%80%D8%A7%D8%AA/1484159/-%D8%A7%D9%84%D8%AC%D9%85%D8%A7%D8%B9%D8%A9-%D8%A7%D9%84%D8%A5%D8%B3%D9%84%D8%A7%D9%85%D9%8A%D8%A9---%D9%85%D9%88%D9%82%D9%81-%D8%A7%D9%84%D9%84%D8%A8%D9%86%D8%A7%D9%86%D9%8A%D9%8A%D9%86-%D9%81%D9%8A-%D8%A7%D9%84%D8%AF%D9%81%D8%A7%D8%B9-%D8%B9%D9%86-%D8%AD%D9%82-%D9%87%D9%85-%D9%84%D9%86-%D9%8A%D8%AA%D8%BA%D9%8A-%D8%B1,"""الجماعة الإسلامية"": موقف اللبنانيين في الدفاع عن حقّهم لن يتغيّر",2024-09-17,mention,in_manifest_not_candidate,live,,,manifest-kw
mtv,https://www.mtv.com.lb/en/News/Local/1483954/civil-defense--hospitals-in-the-south-have-exceeded-their-capacity,Civil Defense: Hospitals in the south have exceeded their capacity,2024-09-17,mention,in_manifest_not_candidate,live,,,manifest-kw
mtv,https://www.mtv.com.lb/en/news/1482851,The Israeli army used advanced technology to detonate wireless devices belonging to Hezbollah members in multiple locations in Dahieh,2024-09-17,central,in_manifest_not_candidate,live,,,mtv-slugless
mtv,https://www.mtv.com.lb/en/news/1482854,"Reuters, citing security sources and witnesses: At least 10 Hezbollah members were injured after the explosion of wireless communication devices they were carrying",2024-09-17,central,in_manifest_not_candidate,live,,,mtv-slugless
mtv,https://www.mtv.com.lb/en/news/1482857,Photo: Detonation of Hezbollah's Wireless Devices in Dahieh,2024-09-17,central,in_manifest_not_candidate,live,,,mtv-slugless
mtv,https://www.mtv.com.lb/en/news/1482859,Reuters: Hundreds of Hezbollah members injured after the explosion of communication devices in the southern part of the capital,2024-09-17,central,in_manifest_not_candidate,live,,,mtv-slugless
mtv,https://www.mtv.com.lb/en/news/1482864,"Reuters, citing a Hezbollah official: The detonation of communication devices represents the largest security breach to date",2024-09-17,central,in_manifest_not_candidate,live,,,mtv-slugless
mtv,https://www.mtv.com.lb/en/news/1482870,Injuries in Marjayoun and Hermel due to the explosion of devices in the hands of their carriers,2024-09-17,central,in_manifest_not_candidate,live,,,mtv-slugless
mtv,https://www.mtv.com.lb/en/news/1482873,A call from the Ministry of Health: Stay away from these devices,2024-09-17,central,in_manifest_not_candidate,live,,,mtv-slugless
mtv,https://www.mtv.com.lb/en/news/1482885,The Internal Security Forces cordon off the UNESCO area after a car explosion involving a person who was using a pager device,2024-09-17,central,in_manifest_not_candidate,live,,,mtv-slugless
mtv,https://www.mtv.com.lb/en/news/1482893,Syrian media: Several Hezbollah members in Syria were injured and taken to the hospital after the explosion of communication devices they were carrying,2024-09-17,central,in_manifest_not_candidate,live,,,mtv-slugless
mtv,https://www.mtv.com.lb/en/news/1482907,"Reuters, citing Iran's Mehr News Agency: Iranian Ambassador in Beirut, Mojtaba Amani, injured in the explosion of a pager device",2024-09-17,central,in_manifest_not_candidate,live,,,mtv-slugless
mtv,https://www.mtv.com.lb/en/news/1483942,The Syrian Observatory: Several Hezbollah members have arrived at hospitals in Damascus and the Rif Dimachq Governorate following injuries sustained from the explosion of communication devices they we,2024-09-17,central,in_manifest_not_candidate,live,,,mtv-slugless
mtv,https://www.mtv.com.lb/en/news/1483958,"Israeli media: The source of the communication devices that were detonated in Lebanon is the Iranian company Telerim, and the Shin Bet managed to infiltrate, access, and detonate them",2024-09-17,central,in_manifest_not_candidate,live,,,mtv-slugless
mtv,https://www.mtv.com.lb/en/news/1483962,"Minister of Health Firas Abiad: More than 8 martyrs and over 2,800 injured, including critical cases, so far due to the detonation of pagers",2024-09-17,central,in_manifest_not_candidate,live,,,mtv-slugless
mtv,https://www.mtv.com.lb/en/news/1483989,"Pager explosion: Eight martyrs, including the son of an MP, and a large number of injured",2024-09-17,central,in_manifest_not_candidate,live,,,mtv-slugless
mtv,https://www.mtv.com.lb/en/news/1484001,Syrian media: 7 Hezbollah martyrs in the explosion of communication devices in the Sayyida Zeinab neighborhood,2024-09-17,central,in_manifest_not_candidate,live,,,mtv-slugless
mtv,https://www.mtv.com.lb/en/news/1484006,Israeli Army to CNN: We will not comment on the incident involving the explosion of communication devices in Lebanon,2024-09-17,central,in_manifest_not_candidate,live,,,mtv-slugless
mtv,https://www.mtv.com.lb/en/news/1484012,A senior Hezbollah official to Reuters: Nasrallah was not harmed in the communication device explosions,2024-09-17,central,in_manifest_not_candidate,live,,,mtv-slugless
mtv,https://www.mtv.com.lb/en/news/1484036,Watch: Ali Ammar's residence filled with mourners following the martyrdom of his son,2024-09-17,central,in_manifest_not_candidate,live,,short_flash_or_ticker,mtv-slugless
mtv,https://www.mtv.com.lb/en/news/1484081,The Iraqi Prime Minister has directed the dispatch of medical teams and emergency units to Lebanon to provide urgent assistance to the victims of the pager explosion,2024-09-17,central,in_manifest_not_candidate,live,,,mtv-slugless
mtv,https://www.mtv.com.lb/en/news/1484094,"US Department of State: We are gathering information about the communication device explosions in Lebanon; Washington is not involved in the matter, and there are no assessments about the identity of ",2024-09-17,central,in_manifest_not_candidate,live,,,mtv-slugless
mtv,https://www.mtv.com.lb/en/news/1484096,US Department of State: It is too early to determine the impact of the communication device explosions in Lebanon on the ceasefire talks in Gaza,2024-09-17,central,in_manifest_not_candidate,live,,,mtv-slugless
mtv,https://www.mtv.com.lb/en/news/1484117,Axios: The operation to explode Hezbollah's communication devices was approved this week in meetings between Netanyahu and senior members of his government,2024-09-17,central,in_manifest_not_candidate,live,,,mtv-slugless
mtv,https://www.mtv.com.lb/news/1482909,"""رويترز"" عن 3 مصادر أمنية: أجهزة الاتصال التي انفجرت هي أحدث طراز يجلبه ""حزب الله"" في الأشهر القليلة الماضية",2024-09-17,central,in_manifest_not_candidate,live,,,mtv-slugless
mtv,https://www.mtv.com.lb/news/1482917,"المرصد السوري: وصول عدد من عناصر ""حزب الله"" إلى المستشفيات في دمشق ومحافظة ريف دمشق إثر تعرّضهم لإصابات بعد انفجار أجهزة اتصال كانوا يحملونها",2024-09-17,central,in_manifest_not_candidate,live,,,mtv-slugless
mtv,https://www.mtv.com.lb/news/1483951,الدفاع المدني: مستشفيات الجنوب تخطت قدرتها الاستيعابية,2024-09-17,central,in_manifest_not_candidate,live,,,mtv-slugless
mtv,https://www.mtv.com.lb/news/1483953,"إعلام إسرائيلي: مصدر أجهزة الاتصال التي فُجِّرَت في لبنان شركة ""تيليريم"" الإيرانية والشاباك استطاع اختراقها والوصول إليها وتفجيرها",2024-09-17,central,in_manifest_not_candidate,live,,,mtv-slugless
mtv,https://www.mtv.com.lb/news/1483957,وزير الصحّة فراس الأبيض: أكثر من 8 شهداء وأكثر من 2800 جريح من بينهم حالات حرجة حتى الآن جراء تفجير الـPagers,2024-09-17,central,in_manifest_not_candidate,live,,,mtv-slugless
mtv,https://www.mtv.com.lb/news/1484008,"""الخارجية"" دانت الهجوم السيبراني الإسرائيلي: تصعيدٌ خطير ومتعمّد",2024-09-17,central,in_manifest_not_candidate,live,,,mtv-slugless
mtv,https://www.mtv.com.lb/news/1484013,مجلس الوزراء دان العدوان الاسرائيلي: خرق خطير للسيادة اللبنانية,2024-09-17,mention,in_manifest_not_candidate,live,,,mtv-slugless
mtv,https://www.mtv.com.lb/news/1484029,إعلام سوري: أنباء عن إصابة 18 قياديا في حزب الله بسوريا بتفجير أجهزة الاتصال,2024-09-17,central,in_manifest_not_candidate,live,,,mtv-slugless
mtv,https://www.mtv.com.lb/news/1484091,الخارجية الأميركية: نجمع معلومات عن تفجيرات أجهزة الاتصال في لبنان وواشنطن ليست ضالعة في الأمر ولا تقييمات عن هوية المسؤول,2024-09-17,central,in_manifest_not_candidate,live,,,mtv-slugless
mtv,https://www.mtv.com.lb/News/%D9%85%D8%A8%D8%A7%D8%B4%D8%B1/1485473/%D8%A7%D9%84%D9%82%D9%86%D8%A7%D8%A9-12-%D8%A7%D9%84%D8%A5%D8%B3%D8%B1%D8%A7%D8%A6%D9%8A%D9%84%D9%8A%D8%A9--%D8%BA%D8%A7%D8%B1%D8%A7%D8%AA-%D8%B9%D9%84%D9%89-%D8%AC%D9%86%D9%88%D8%A8-%D9%84%D8%A8%D9%86%D8%A7%D9%86-%D8%AA%D8%B2%D8%A7%D9%85%D9%86%D8%A7--%D9%85%D8%B9-%D8%AA%D9%81%D8%AC%D9%8A%D8%B1%D8%A7%D8%AA-%D8%AC%D8%AF%D9%8A%D8%AF%D8%A9-%D9%84%D8%A3%D8%AC%D9%87%D8%B2%D8%A9-%D8%A7%D8%AA%D8%B5%D8%A7%D9%84,القناة 12 الإسرائيلية: غارات على جنوب لبنان تزامناً مع تفجيرات جديدة لأجهزة اتصال,2024-09-18,central,in_manifest_not_candidate,live,,,manifest-kw
mtv,https://www.mtv.com.lb/News/%D9%85%D8%A8%D8%A7%D8%B4%D8%B1/1485479/%D8%A7%D9%84%D9%88%D9%83%D8%A7%D9%84%D8%A9-%D8%A7%D9%84%D9%88%D8%B7%D9%86%D9%8A%D8%A9--3-%D8%B4%D9%87%D8%AF%D8%A7%D8%A1-%D8%A5%D8%AB%D8%B1-%D8%A7%D9%86%D9%81%D8%AC%D8%A7%D8%B1-%D8%A3%D8%AC%D9%87%D8%B2%D8%A9-%D8%A7%D8%AA%D8%B5%D8%A7%D9%84%D8%A7%D8%AA-%D9%81%D9%8A-%D8%A8%D9%84%D8%AF%D8%A9-%D8%B3%D8%AD%D9%85%D8%B1-%D9%81%D9%8A-%D8%A7%D9%84%D8%A8%D9%82%D8%A7%D8%B9-%D8%A7%D9%84%D8%BA%D8%B1%D8%A8%D9%8A,الوكالة الوطنية: 3 شهداء إثر انفجار أجهزة اتصالات في بلدة سحمر في البقاع الغربي,2024-09-18,central,in_manifest_not_candidate,live,,,manifest-kw
mtv,https://www.mtv.com.lb/News/%D9%85%D8%A8%D8%A7%D8%B4%D8%B1/1485618/%D8%A5%D8%B9%D9%84%D8%A7%D9%85-%D8%A5%D9%8A%D8%B1%D8%A7%D9%86%D9%8A--%D9%86%D9%82%D9%84-%D9%85%D8%B5%D8%A7%D8%A8%D9%8A%D9%86-%D9%81%D9%8A-%D8%AA%D9%81%D8%AC%D9%8A%D8%B1--%D8%A7%D9%84%D8%A8%D8%A7%D9%8A%D8%AC%D8%B1--%D9%85%D9%86-%D9%84%D8%A8%D9%86%D8%A7%D9%86-%D8%A5%D9%84%D9%89-%D8%A5%D9%8A%D8%B1%D8%A7%D9%86,"إعلام إيراني: نقل مصابين في تفجير ""البايجر"" من لبنان إلى إيران",2024-09-18,central,in_manifest_not_candidate,live,,,manifest-kw
mtv,https://www.mtv.com.lb/News/%D9%85%D9%80%D9%80%D8%AD%D9%80%D9%80%D9%84%D9%80%D9%80%D9%8A%D9%80%D9%80%D8%A7%D8%AA/1484178/%D9%85%D8%B3%D8%A4%D9%88%D9%84%D9%88%D9%86-%D8%A3%D9%85%D9%8A%D8%B1%D9%83%D9%8A%D9%88%D9%86-%D9%8A%D9%83%D8%B4%D9%81%D9%88%D9%86-%D9%83%D9%8A%D9%81%D9%8A%D8%A9-%D8%AA%D9%81%D8%AC%D9%8A%D8%B1-%D8%A3%D8%AC%D9%87%D8%B2%D8%A9-%D8%A7%D8%AA%D8%B5%D8%A7%D9%84--%D8%A7%D9%84%D8%AD%D8%B2%D8%A8-,"مسؤولون أميركيون يكشفون كيفية تفجير أجهزة اتصال ""الحزب""",2024-09-18,central,in_manifest_not_candidate,live,,,manifest-kw
mtv,https://www.mtv.com.lb/News/%D9%85%D9%80%D9%80%D8%AD%D9%80%D9%80%D9%84%D9%80%D9%80%D9%8A%D9%80%D9%80%D8%A7%D8%AA/1484185/%D8%AA%D9%81%D8%AC%D9%8A%D8%B1-%D8%A3%D8%AC%D9%87%D8%B2%D8%A9-%D8%A7%D8%AA-%D8%B5%D8%A7%D9%84%D8%A7%D8%AA--%D8%A7%D9%84%D8%AD%D8%B2%D8%A8---%D8%AE%D8%A8%D9%8A%D8%B1%D8%A7%D9%86-%D9%8A%D8%B4%D8%B1%D8%AD%D8%A7%D9%86-%D8%B3%D9%8A%D9%86%D8%A7%D8%B1%D9%8A%D9%88-%D8%A7%D9%84%D9%87%D8%AC%D9%88%D9%85,"تفجير أجهزة اتّصالات ""الحزب"": خبيران يشرحان سيناريو الهجوم",2024-09-18,central,in_manifest_not_candidate,live,,,manifest-kw
mtv,https://www.mtv.com.lb/News/%D9%85%D9%80%D9%80%D8%AD%D9%80%D9%80%D9%84%D9%80%D9%80%D9%8A%D9%80%D9%80%D8%A7%D8%AA/1484212/%D9%81%D8%B1%D9%8A%D9%82-%D8%A5%D8%BA%D8%A7%D8%AB%D8%A9-%D8%A5%D9%8A%D8%B1%D8%A7%D9%86%D9%8A-%D8%A5%D9%84%D9%89-%D9%84%D8%A8%D9%86%D8%A7%D9%86,فريق إغاثة إيراني إلى لبنان,2024-09-18,central,in_manifest_not_candidate,live,,,manifest-kw
mtv,https://www.mtv.com.lb/News/%D9%85%D9%80%D9%80%D8%AD%D9%80%D9%80%D9%84%D9%80%D9%80%D9%8A%D9%80%D9%80%D8%A7%D8%AA/1484231/%D8%A5%D8%B5%D8%A7%D8%A8%D8%A9-%D8%A7%D9%84%D8%B3%D9%81%D9%8A%D8%B1-%D8%A7%D9%84%D8%A5%D9%8A%D8%B1%D8%A7%D9%86%D9%8A-%D8%AE%D8%B7%D9%8A%D8%B1%D8%A9----%D9%88%D8%A5%D9%84%D9%8A%D9%83%D9%85-%D8%A7%D9%84%D8%AA%D9%81%D8%A7%D8%B5%D9%8A%D9%84,إصابة السفير الإيراني خطيرة... والسفارة تنفي,2024-09-18,mention,in_manifest_not_candidate,live,,,manifest-kw
mtv,https://www.mtv.com.lb/News/%D9%85%D9%80%D9%80%D8%AD%D9%80%D9%80%D9%84%D9%80%D9%80%D9%8A%D9%80%D9%80%D8%A7%D8%AA/1484275/%D8%B3%D9%8A%D9%86%D8%A7%D8%B1%D9%8A%D9%88-%D8%A3%D8%B3%D9%88%D8%A3-%D9%85%D9%86-%D8%A7%D9%84%D8%AD%D8%B1%D8%A8---%D9%87%D9%84-%D8%AA%D8%B5%D9%85%D8%AF-%D8%A7%D9%84%D9%85%D8%B3%D8%AA%D8%B4%D9%81%D9%8A%D8%A7%D8%AA-,سيناريو أسوأ من الحرب.. هل تصمد المستشفيات؟,2024-09-18,mention,in_manifest_not_candidate,live,,,manifest-kw
mtv,https://www.mtv.com.lb/News/%D9%85%D9%80%D9%80%D8%AD%D9%80%D9%80%D9%84%D9%80%D9%80%D9%8A%D9%80%D9%80%D8%A7%D8%AA/1484314/%D9%87%D9%84-%D9%8A%D9%86%D9%82%D9%84--%D8%A7%D9%84%D8%AD%D8%B2%D8%A8--%D8%A8%D8%B9%D8%B6-%D8%A7%D9%84%D8%AC%D8%B1%D8%AD%D9%89-%D8%A5%D9%84%D9%89-%D8%A5%D9%8A%D8%B1%D8%A7%D9%86-,"هل ينقل ""الحزب"" بعض الجرحى إلى إيران؟",2024-09-18,central,in_manifest_not_candidate,live,,,manifest-kw
mtv,https://www.mtv.com.lb/News/%D9%85%D9%80%D9%80%D8%AD%D9%80%D9%80%D9%84%D9%80%D9%80%D9%8A%D9%80%D9%80%D8%A7%D8%AA/1484321/%D8%A7%D9%84%D8%B3%D9%8A%D8%B3%D9%8A--%D9%86%D8%AF%D8%B9%D9%85-%D9%84%D8%A8%D9%86%D8%A7%D9%86-%D9%81%D9%8A-%D9%85%D9%88%D8%A7%D8%AC%D9%87%D8%A9-%D8%A7%D9%84%D9%87%D8%AC%D9%88%D9%85-%D8%A7%D9%84%D8%B3%D9%8A%D8%A8%D8%B1%D8%A7%D9%86%D9%8A,السيسي: ندعم لبنان في مواجهة الهجوم السيبراني,2024-09-18,central,in_manifest_not_candidate,live,,,manifest-kw
mtv,https://www.mtv.com.lb/News/%D9%85%D9%80%D9%80%D8%AD%D9%80%D9%80%D9%84%D9%80%D9%80%D9%8A%D9%80%D9%80%D8%A7%D8%AA/1485401/%D9%85%D8%A7-%D8%B9%D9%84%D8%A7%D9%82%D8%A9-%D8%AA%D9%81%D8%AC%D9%8A%D8%B1--%D8%A7%D9%84%D8%A8%D8%A7%D9%8A%D8%AC%D8%B1--%D8%A8%D9%85%D8%AD%D8%A7%D9%88%D9%84%D8%A9-%D8%A7%D9%84%D8%A7%D8%BA%D8%AA%D9%8A%D8%A7%D9%84-%D9%81%D9%8A-%D8%A5%D8%B3%D8%B1%D8%A7%D8%A6%D9%8A%D9%84-?,"ما علاقة تفجير ""البايجر"" بمحاولة الاغتيال في إسرائيل؟",2024-09-18,central,in_manifest_not_candidate,live,,,manifest-kw
mtv,https://www.mtv.com.lb/News/%D9%85%D9%80%D9%80%D8%AD%D9%80%D9%80%D9%84%D9%80%D9%80%D9%8A%D9%80%D9%80%D8%A7%D8%AA/1485421/%D8%A7%D9%84%D8%B1%D8%A6%D9%8A%D8%B3-%D8%A7%D9%84%D8%A5%D9%8A%D8%B1%D8%A7%D9%86%D9%8A--%D8%AA%D9%81%D8%AC%D9%8A%D8%B1%D8%A7%D8%AA-%D9%84%D8%A8%D9%86%D8%A7%D9%86--%D9%88%D8%B5%D9%85%D8%A9-%D8%B9%D8%A7%D8%B1-,"الرئيس الإيراني: تفجيرات لبنان ""وصمة عار""",2024-09-18,central,in_manifest_not_candidate,live,,,manifest-kw
mtv,https://www.mtv.com.lb/News/%D9%85%D9%80%D9%80%D8%AD%D9%80%D9%80%D9%84%D9%80%D9%80%D9%8A%D9%80%D9%80%D8%A7%D8%AA/1485428/%D8%A7%D9%84%D9%83%D8%AA%D8%A7%D8%A6%D8%A8--%D9%84%D9%88%D9%82%D9%81-%D8%A7%D9%84%D8%AD%D8%B1%D8%A8-%D8%A7%D9%84%D8%AA%D9%8A-%D8%AA%D8%B3%D8%AA%D9%86%D8%B2%D9%81-%D8%A7%D9%84%D9%84%D8%A8%D9%86%D8%A7%D9%86%D9%8A-%D9%8A%D9%86,الكتائب: لوقف الحرب التي تستنزف اللبنانيّين,2024-09-18,central,in_manifest_not_candidate,live,,,manifest-kw
mtv,https://www.mtv.com.lb/News/%D9%85%D9%80%D9%80%D8%AD%D9%80%D9%80%D9%84%D9%80%D9%80%D9%8A%D9%80%D9%80%D8%A7%D8%AA/1485488/%D8%AD%D8%B5%D9%8A%D9%84%D8%A9-%D8%A7%D9%84%D8%AA%D9%81%D8%AC%D9%8A%D8%B1%D8%A7%D8%AA-%D8%A7%D9%84%D8%AC%D8%AF%D9%8A%D8%AF%D8%A9--%D8%A3%D9%83%D8%AB%D8%B1-%D9%85%D9%86-100-%D8%A5%D8%B5%D8%A7%D8%A8%D8%A9,حصيلة التفجيرات الجديدة: أكثر من 100 إصابة,2024-09-18,central,in_manifest_not_candidate,live,,short_flash_or_ticker,manifest-kw
mtv,https://www.mtv.com.lb/News/%D9%85%D9%80%D9%80%D8%AD%D9%80%D9%80%D9%84%D9%80%D9%80%D9%8A%D9%80%D9%80%D8%A7%D8%AA/1485540/%D8%A5%D9%84%D9%8A%D9%83%D9%85-%D8%AD%D8%B5%D9%8A%D9%84%D8%A9-%D8%A7%D9%84%D9%85%D9%88%D8%AC%D8%A9-%D8%A7%D9%84%D8%AB%D8%A7%D9%86%D9%8A%D8%A9-%D9%85%D9%86-%D8%A7%D9%84%D8%AA%D9%81%D8%AC%D9%8A%D8%B1%D8%A7%D8%AA---,إليكم حصيلة الموجة الثانية من التفجيرات...,2024-09-18,central,in_manifest_not_candidate,live,,,manifest-kw
mtv,https://www.mtv.com.lb/News/%D9%85%D9%80%D9%80%D8%AD%D9%80%D9%80%D9%84%D9%80%D9%80%D9%8A%D9%80%D9%80%D8%A7%D8%AA/1485541/%D9%85%D8%B3%D8%AA%D8%B4%D9%81%D9%8A%D8%A7%D8%AA-%D8%A7%D9%84%D9%86%D8%A8%D8%B7%D9%8A%D8%A9-%D8%BA%D8%B5%D8%AA-%D8%A8%D8%B9%D8%B4%D8%B1%D8%A7%D8%AA-%D8%A7%D9%84%D9%85%D8%B5%D8%A7%D8%A8%D9%8A%D9%86,مستشفيات النبطية غصت بعشرات المصابين,2024-09-18,central,in_manifest_not_candidate,live,,,control
mtv,https://www.mtv.com.lb/News/%D9%85%D9%80%D9%80%D8%AD%D9%80%D9%80%D9%84%D9%80%D9%80%D9%8A%D9%80%D9%80%D8%A7%D8%AA/1485610/%D9%85%D9%86-%D8%AA%D8%B6%D8%A7%D9%85-%D9%86-%D9%85%D8%B9-%D9%84%D8%A8%D9%86%D8%A7%D9%86-,من تضامَن مع لبنان؟,2024-09-18,central,in_manifest_not_candidate,live,,short_flash_or_ticker,manifest-kw
mtv,https://www.mtv.com.lb/News/%D9%85%D9%80%D9%80%D8%AD%D9%80%D9%80%D9%84%D9%80%D9%80%D9%8A%D9%80%D9%80%D8%A7%D8%AA/1485614/%D9%84%D9%85%D8%A7%D8%B0%D8%A7-%D8%A7%D8%AE%D8%AA%D8%A7%D8%B1-%D8%A7%D9%84%D9%85%D9%88%D8%B3%D8%A7%D8%AF-%D9%87%D8%B0%D8%A7-%D8%A7%D9%84%D8%AA%D9%88%D9%82%D9%8A%D8%AA-,لماذا اختار الموساد هذا التوقيت؟,2024-09-18,central,in_manifest_not_candidate,live,,short_flash_or_ticker,manifest-kw
mtv,https://www.mtv.com.lb/News/%D9%85%D9%80%D9%80%D8%AD%D9%80%D9%80%D9%84%D9%80%D9%80%D9%8A%D9%80%D9%80%D8%A7%D8%AA/1485615/%D8%B1%D8%AD%D9%84%D8%A9--%D8%A7%D9%84%D8%A8%D8%A7%D9%8A%D8%AC%D8%B1--%D8%A7%D9%84%D9%89-%D9%84%D8%A8%D9%86%D8%A7%D9%86--%D8%A3%D9%8A%D9%86-%D9%81-%D8%AE--%D8%AE%D8%AA-,"رحلة ""البايجر"" الى لبنان: أين فُخِّخت؟",2024-09-18,central,in_manifest_not_candidate,live,,short_flash_or_ticker,manifest-kw
mtv,https://www.mtv.com.lb/News/%D9%85%D9%80%D9%80%D8%AD%D9%80%D9%80%D9%84%D9%80%D9%80%D9%8A%D9%80%D9%80%D8%A7%D8%AA/1485623/%D8%A7%D9%84%D9%82%D8%A7%D8%B6%D9%8A-%D8%B9%D9%82%D9%8A%D9%82%D9%8A-%D8%B3%D8%B7-%D8%B1-%D8%A7%D8%B3%D8%AA%D9%86%D8%A7%D8%A8%D8%A7%D8%AA-%D9%84%D8%AC%D9%85%D8%B9-%D9%83%D9%84-%D8%A7%D9%84%D9%85%D8%B9%D9%84%D9%88%D9%85%D8%A7%D8%AA-%D8%B9%D9%86-%D8%A7%D9%84%D8%AA%D9%81%D8%AC%D9%8A%D8%B1%D8%A7%D8%AA-%D8%A7%D9%84%D8%B3%D9%8A%D8%A8%D9%8A%D8%B1%D8%A7%D9%86%D9%8A-%D8%A9,القاضي عقيقي سطّر استنابات لجمع كل المعلومات عن التفجيرات السيبيرانيّة,2024-09-18,central,in_manifest_not_candidate,live,,,manifest-kw
mtv,https://www.mtv.com.lb/News/%D9%85%D9%80%D9%80%D8%AD%D9%80%D9%80%D9%84%D9%80%D9%80%D9%8A%D9%80%D9%80%D8%A7%D8%AA/1485649/%D9%82%D8%A8%D9%8A%D8%B3%D9%8A--%D8%A5%D8%B3%D8%B1%D8%A7%D8%A6%D9%8A%D9%84-%D8%A3%D8%AB%D8%A8%D8%AA%D8%AA-%D9%85%D9%86-%D8%AE%D9%84%D8%A7%D9%84-%D9%81-%D8%B9%D9%84-%D9%87%D8%A7-%D8%A3%D9%86%D9%87%D8%A7-%D9%85%D8%AC%D8%B1%D9%85%D8%A9?,قبيسي: إسرائيل أثبتت من خلال فِعلِها أنها مجرمة,2024-09-18,mention,in_manifest_not_candidate,live,,,manifest-kw
mtv,https://www.mtv.com.lb/News/%D9%85%D9%80%D9%80%D8%AD%D9%80%D9%80%D9%84%D9%80%D9%80%D9%8A%D9%80%D9%80%D8%A7%D8%AA/1485656/%D8%AD%D8%B5%D9%8A%D9%84%D8%A9-%D8%AC%D8%AF%D9%8A%D8%AF%D8%A9--20-%D8%B4%D9%87%D9%8A%D8%AF%D8%A7--%D9%88%D8%A3%D9%83%D8%AB%D8%B1-%D9%85%D9%86-450-%D8%AC%D8%B1%D9%8A%D8%AD%D8%A7-,حصيلة جديدة: 20 شهيداً وأكثر من 450 جريحاً,2024-09-18,central,in_manifest_not_candidate,live,,short_flash_or_ticker,manifest-kw
mtv,https://www.mtv.com.lb/News/%D9%85%D9%86_%D8%A7%D9%84%D8%B5%D8%AD%D8%A7%D9%81%D8%A9/1484179/%D9%85%D8%A7%D8%B0%D8%A7-%D8%AC%D8%A7%D8%A1-%D9%81%D9%8A-%D8%A3%D8%B3%D8%B1%D8%A7%D8%B1-%D8%A7%D9%84%D8%B5%D8%AD%D9%81-%D8%A7%D9%84%D9%85%D8%AD%D9%84%D9%8A%D8%A9-,ماذا جاء في أسرار الصحف المحلية؟,2024-09-18,mention,in_manifest_not_candidate,live,,press_review,control;gdelt
mtv,https://www.mtv.com.lb/en/News/Local/1484218/iranian-relief-team-sent-to-lebanon,Iranian relief team sent to Lebanon,2024-09-18,central,in_manifest_not_candidate,live,,,manifest-kw
mtv,https://www.mtv.com.lb/en/News/Local/1485480/another-day-of-terror--hezbollah-s-wireless-devices-explode,Another Day of Terror: Hezbollah's Wireless Devices Explode,2024-09-18,central,in_manifest_not_candidate,live,,,manifest-kw
mtv,https://www.mtv.com.lb/en/News/Local/1485494/casualties-from-the-latest-explosions--over-100-injuries,Casualties from the latest explosions: Over 100 injuries,2024-09-18,central,in_manifest_not_candidate,live,,,manifest-kw
mtv,https://www.mtv.com.lb/en/News/Local/1485548/the-updated-toll-from-the-second-wave-of-explosions,The updated toll from the second wave of explosions,2024-09-18,central,in_manifest_not_candidate,live,,,manifest-kw
mtv,https://www.mtv.com.lb/en/News/Local/1485657/latest-explosion-toll--20-martyrs--over-450-injured,"Latest explosion toll: 20 martyrs, over 450 injured",2024-09-18,central,in_manifest_not_candidate,live,,,manifest-kw
mtv,https://www.mtv.com.lb/en/news/1484200,Haaretz: American reports indicate that Israel detonated pager devices in Lebanon through text messages,2024-09-18,central,in_manifest_not_candidate,live,,,mtv-slugless
mtv,https://www.mtv.com.lb/en/news/1484230,Gold Apollo Denies Making Pagers Used in Lebanon Blasts,2024-09-18,central,in_manifest_not_candidate,live,,,mtv-slugless
mtv,https://www.mtv.com.lb/en/news/1484248,Blinken to Discuss Bilateral Ties and Gaza Ceasefire in Egypt,2024-09-18,mention,in_manifest_not_candidate,live,,,mtv-slugless
mtv,https://www.mtv.com.lb/en/news/1484253,Taiwan’s economy ministry to assist pagers’ manufacturer in investigation,2024-09-18,central,in_manifest_not_candidate,live,,short_flash_or_ticker,mtv-slugless
mtv,https://www.mtv.com.lb/en/news/1484264,Russian Foreign Ministry: The bombing of pagers in Lebanon requires an international investigation,2024-09-18,central,in_manifest_not_candidate,live,,,mtv-slugless
mtv,https://www.mtv.com.lb/en/news/1484284,EU's Borrell contacts Bou Habib,2024-09-18,central,in_manifest_not_candidate,live,,,mtv-slugless
mtv,https://www.mtv.com.lb/en/news/1484290,"Iran accuses Israel of ""mass murder"" after communication devices exploded in the hands of Hezbollah members",2024-09-18,central,in_manifest_not_candidate,live,,,mtv-slugless
mtv,https://www.mtv.com.lb/en/news/1485374,"Rahi decries Israeli attack, expresses condolences for victims",2024-09-18,mention,in_manifest_not_candidate,live,,,mtv-slugless
mtv,https://www.mtv.com.lb/en/news/1485424,UN: Those responsible for blasting the pagers in Lebanon must be held accountable,2024-09-18,central,in_manifest_not_candidate,live,,,mtv-slugless
mtv,https://www.mtv.com.lb/en/news/1485445,Photo: Several communication devices used by members of Hezbollah have exploded,2024-09-18,central,in_manifest_not_candidate,live,,,mtv-slugless
mtv,https://www.mtv.com.lb/en/news/1485446,Some of the latest explosions of communication devices happened in homes,2024-09-18,central,in_manifest_not_candidate,live,,,mtv-slugless
mtv,https://www.mtv.com.lb/en/news/1485463,"Reuters, according to a security source: The communication devices that exploded today were purchased by Hezbollah five months ago",2024-09-18,central,in_manifest_not_candidate,live,,,mtv-slugless
mtv,https://www.mtv.com.lb/en/news/1485466,"Reuters, according to a security source: The communication devices that exploded across Lebanon are handheld wireless communication devices, different from the pagers that exploded yesterday",2024-09-18,central,in_manifest_not_candidate,live,,,mtv-slugless
mtv,https://www.mtv.com.lb/en/news/1485483,Photo: The devices that exploded are Icom V82 models,2024-09-18,central,in_manifest_not_candidate,live,,,mtv-slugless
mtv,https://www.mtv.com.lb/en/news/1485487,Security sources to MTV: The explosions were caused by breaching the communication network of Hezbollah's wireless devices and broadcasting high-frequency waves on them,2024-09-18,central,in_manifest_not_candidate,live,,,mtv-slugless
mtv,https://www.mtv.com.lb/en/news/1485489,Israeli Channel 12: We launched airstrikes on southern Lebanon in conjunction with the latest explosions of communication devices,2024-09-18,central,in_manifest_not_candidate,live,,,mtv-slugless
mtv,https://www.mtv.com.lb/en/news/1485496,NNA: 3 martyrs fell following the explosion of communication devices in the town of Sohmor in Western Bekaa,2024-09-18,central,in_manifest_not_candidate,live,,,mtv-slugless
mtv,https://www.mtv.com.lb/en/news/1485502,Several injured individuals have been transported to hospitals in Dahiyeh following the explosion of wireless devices,2024-09-18,central,in_manifest_not_candidate,live,,,mtv-slugless
mtv,https://www.mtv.com.lb/en/news/1485514,"CNN, according to a Lebanese security source: The wireless devices are used less frequently than pagers and were distributed to those managing the gatherings",2024-09-18,central,in_manifest_not_candidate,live,,,mtv-slugless
mtv,https://www.mtv.com.lb/en/news/1485518,NNA: Several people were injured in an explosion of wireless devices in the town of Libbaya,2024-09-18,central,in_manifest_not_candidate,live,,,mtv-slugless
mtv,https://www.mtv.com.lb/en/news/1485551,Sources to Axios: The communication devices were preloaded with explosives by Israel before being delivered to Hezbollah,2024-09-18,central,in_manifest_not_candidate,live,,,mtv-slugless
mtv,https://www.mtv.com.lb/en/news/1485601,NNA: Citizen Ali Fawaz Al-Hajj Hassan has been killed inside his cellular communications shop in the town of Chaat due to the explosion of a wireless transmission device of the Icom V82 type,2024-09-18,central,in_manifest_not_candidate,live,,,mtv-slugless
mtv,https://www.mtv.com.lb/en/news/1485607,Israeli Broadcasting Authority: The second wave of explosions involving communication devices aims to instill fear in Hezbollah,2024-09-18,central,in_manifest_not_candidate,live,,,mtv-slugless
mtv,https://www.mtv.com.lb/news/%D9%85%D9%80%D9%80%D8%AD%D9%80%D9%80%D9%84%D9%80%D9%80%D9%8A%D9%80%D9%80%D8%A7%D8%AA/1484273/%D8%A8%D8%A7%D9%84%D9%81%D9%8A%D8%AF%D9%8A%D9%88--%D9%85%D8%AE%D8%B7-%D8%B7-%D8%A3%D8%B3%D9%88%D8%AF-%D9%88%D9%87%D8%B3%D8%AA%D9%8A%D8%B1%D9%8A%D8%A7----%D9%87%D8%B0%D8%A7-%D9%85%D8%A7-%D9%82%D8%A7%D9%84%D9%87-%D9%85%D9%8A%D8%B4%D8%A7%D9%84-%D8%AD%D8%A7%D9%8A%D9%83-,بالفيديو: مخطّط أسود وهستيريا... هذا ما قاله ميشال حايك!,2024-09-18,central,in_manifest_not_candidate,live,,short_flash_or_ticker,control
mtv,https://www.mtv.com.lb/news/1484205,مسؤول أميركي: إسرائيل أبلغت الولايات المتحدة بعملية تفجير أجهزة الاتصال في لبنان بعد إتمامها,2024-09-18,central,in_manifest_not_candidate,live,,,mtv-slugless
mtv,https://www.mtv.com.lb/news/1484287,"إيران تتّهم إسرائيل بـ""القتل الجماعي"" بعد انفجار أجهزة اتصال بأيدي عناصر حزب الله",2024-09-18,central,in_manifest_not_candidate,live,,,mtv-slugless
mtv,https://www.mtv.com.lb/news/1485389,"رستم يدين مجزرة ""البيجر"": جريمة إنسانية لا تغتفر",2024-09-18,central,in_manifest_not_candidate,live,,,mtv-slugless
mtv,https://www.mtv.com.lb/news/1485406,الطفلة الشهيدة فاطمة إلى مثواها الأخير,2024-09-18,mention,in_manifest_not_candidate,live,,,mtv-slugless
mtv,https://www.mtv.com.lb/news/1485414,وزير الخارجية: لوضع حد لاعتداءات إسرائيل على لبنان,2024-09-18,mention,in_manifest_not_candidate,live,,,mtv-slugless
mtv,https://www.mtv.com.lb/news/1485444,بعض الانفجارات الجديدة لأجهزة الاتصالات حصلت في منازل,2024-09-18,central,in_manifest_not_candidate,live,,,mtv-slugless
mtv,https://www.mtv.com.lb/news/1485539,لا شهداء في سحمر,2024-09-18,central,in_manifest_not_candidate,live,,short_flash_or_ticker,mtv-slugless
mtv,https://www.mtv.com.lb/news/1485549,من الطراز القديم وعمره 3 سنوات... انفجار جهاز لاسلكي في دورس,2024-09-18,central,in_manifest_not_candidate,live,,,mtv-slugless
mtv,https://www.mtv.com.lb/news/1485550,"رحلة ""البايجر"" من التصنيع الى التفجير... التفاصيل في النشرة المسائيّة",2024-09-18,central,in_manifest_not_candidate,live,,,mtv-slugless
mtv,https://www.mtv.com.lb/news/1485574,الأجهزة الأمنية في محيط مستشفى الجامعة الأميركية طلبت من المواطنين الابتعاد لأنها ستقوم بتفجير جهاز لاسلكي في الموقف,2024-09-18,central,in_manifest_not_candidate,live,,,mtv-slugless
mtv,https://www.mtv.com.lb/news/1485599,الوكالة الوطنية: استشهاد المواطن علي فواز الحاج حسن داخل محله لبيع أجهزة الاتصالات الخلوية في بلدة شعت نتيجة انفجار جهاز إرسال لاسلكي من نوع Icom V82,2024-09-18,central,in_manifest_not_candidate,live,,,mtv-slugless
mtv,https://www.mtv.com.lb/News/%D8%A3%D8%AE%D8%A8%D8%A7%D8%B1_%D8%A7%D9%84%D9%86%D8%AC%D9%88%D9%85/1485738/%D8%A8%D9%8A%D8%A7%D9%86-%D9%85%D9%86-%D9%86%D9%82%D8%A7%D8%A8%D8%A9-%D8%A7%D9%84%D9%85%D9%85%D8%AB%D9%84%D9%8A%D9%86-%D8%A5%D8%AB%D8%B1-%D8%A7%D9%84%D8%A7%D8%B9%D8%AA%D8%AF%D8%A7%D8%A1%D8%A7%D8%AA-%D8%A7%D9%84%D8%A3%D8%AE%D9%8A%D8%B1%D8%A9-%D8%B9%D9%84%D9%89-%D9%84%D8%A8%D9%86%D8%A7%D9%86,بيان من نقابة الممثلين إثر الاعتداءات الأخيرة على لبنان,2024-09-19,mention,in_manifest_not_candidate,live,,,manifest-kw
mtv,https://www.mtv.com.lb/News/%D8%AE%D9%80%D9%80%D8%A7%D8%B1%D8%AC%D9%80%D9%80%D9%8A%D9%80%D9%80%D8%A7%D8%AA/1485662/%D9%87%D8%B0%D9%87-%D8%A3%D8%A8%D8%B1%D8%B2-%D8%B9%D9%85%D9%84%D9%8A%D8%A7%D8%AA-%D8%A7%D9%84%D9%85%D9%88%D8%B3%D8%A7%D8%AF,هذه أبرز عمليات الموساد,2024-09-19,central,in_manifest_not_candidate,live,,,manifest-kw
mtv,https://www.mtv.com.lb/News/%D8%AE%D9%80%D9%80%D8%A7%D8%B1%D8%AC%D9%80%D9%80%D9%8A%D9%80%D9%80%D8%A7%D8%AA/1485675/%D8%A7%D9%84%D8%AA-%D8%B9%D9%84%D9%8A%D9%82-%D8%A7%D9%84%D8%A3%D9%88-%D9%84-%D9%84%D9%80-%D8%A2%D9%8A%D9%83%D9%88%D9%85--%D8%A8%D8%B9%D8%AF-%D8%AA%D9%81%D8%AC%D9%8A%D8%B1-%D8%A3%D8%AC%D9%87%D8%B2%D8%AA%D9%87%D8%A7-%D9%81%D9%8A-%D9%84%D8%A8%D9%86%D8%A7%D9%86,"التّعليق الأوّل لـ""آيكوم"" بعد تفجير أجهزتها في لبنان",2024-09-19,central,in_manifest_not_candidate,live,,,manifest-kw
mtv,https://www.mtv.com.lb/News/%D8%B3%D9%80%D9%80%D9%8A%D9%80%D9%80%D8%A7%D8%B3%D9%80%D9%80%D8%A9/1485676/%D8%A5%D8%B3%D8%B1%D8%A7%D8%A6%D9%8A%D9%84_%D8%AA%D8%AD%D9%88%D9%91%D9%84_%D8%B3%D9%84%D8%B9%D8%A7%D9%8B_%D8%AA%D9%83%D9%86%D9%88%D9%84%D9%88%D8%AC%D9%8A%D8%A9_%D8%A5%D9%84%D9%89_%D8%A3%D8%AF%D9%88%D8%A7%D8%AA_%D9%82%D8%AA%D9%84ccol_%D8%B3%D9%84%D8%A7%D8%B3%D9%84_%D8%A7%D9%84%D8%AA%D9%88%D8%B1%D9%8A%D8%AF_%D9%84%D9%85_%D8%AA%D8%B9%D8%AF_%D8%A2%D9%85%D9%86%D8%A9,إسرائيل تحوّل سلعاً تكنولوجية إلى أدوات قتل: سلاسل التوريد لم تعد آمنة,2024-09-19,central,in_manifest_not_candidate,live,,,manifest-kw
mtv,https://www.mtv.com.lb/News/%D9%85%D9%80%D9%80%D8%AD%D9%80%D9%80%D9%84%D9%80%D9%80%D9%8A%D9%80%D9%80%D8%A7%D8%AA/1485892/%D8%A7%D9%84%D8%AD%D8%A7%D8%AC-%D8%AD%D8%B3%D9%86-%D9%81%D9%8A-%D8%AA%D8%B4%D9%8A%D9%8A%D8%B9-%D8%A3%D9%85%D9%87%D8%B2--%D9%86%D8%AD%D9%86-%D9%82%D9%88%D9%85-%D9%84%D8%A7-%D8%AA%D9%87%D8%B2%D9%85%D9%86%D8%A7-%D8%A7%D9%84%D8%AF%D9%85%D8%A7%D8%A1-%D9%88%D9%84%D8%A7-%D9%83%D8%AB%D8%B1%D8%A9-%D8%A7%D9%84%D9%82%D8%AA%D9%84,الحاج حسن في تشييع أمهز: نحن قوم لا تهزمنا الدماء ولا كثرة القتل,2024-09-19,mention,in_manifest_not_candidate,live,,,manifest-kw
mtv,https://www.mtv.com.lb/News/%D9%85%D9%80%D9%80%D8%AD%D9%80%D9%80%D9%84%D9%80%D9%80%D9%8A%D9%80%D9%80%D8%A7%D8%AA/1485985/%D9%86%D8%B5%D8%B1%D8%A7%D9%84%D9%84%D9%87-%D9%8A-%D9%82%D8%B1--%D9%88%D9%8A%D8%AA%D9%88%D8%B9-%D8%AF--%D8%A3%D9%87%D9%84%D8%A7-%D9%88%D8%B3%D9%87%D9%84%D8%A7-%D8%A8%D8%A7%D9%84%D8%A5%D8%B3%D8%B1%D8%A7%D8%A6%D9%8A%D9%84%D9%8A,نصرالله يُقرّ ويتوعّد: أهلا وسهلا بالإسرائيلي,2024-09-19,central,in_manifest_not_candidate,live,,,manifest-kw
mtv,https://www.mtv.com.lb/News/%D9%85%D9%80%D9%80%D8%AD%D9%80%D9%80%D9%84%D9%80%D9%80%D9%8A%D9%80%D9%80%D8%A7%D8%AA/1485993/%D9%85%D8%AD%D8%A7%D9%81%D8%B8%D8%A9-%D8%A7%D9%84%D9%86%D8%A8%D8%B7%D9%8A%D8%A9-%D8%B9%D8%A7%D8%AF%D8%AA-%D8%A7%D9%84%D8%AC%D8%B1%D8%AD%D9%89-%D9%81%D9%8A-%D9%85%D8%B3%D8%AA%D8%B4%D9%81%D9%89-%D9%86%D8%A8%D9%8A%D9%87-%D8%A8%D8%B1%D9%8A,محافظة النبطية عادت الجرحى في مستشفى نبيه بري,2024-09-19,mention,in_manifest_not_candidate,live,,,manifest-kw
mtv,https://www.mtv.com.lb/News/%D9%85%D9%80%D9%80%D8%AD%D9%80%D9%80%D9%84%D9%80%D9%80%D9%8A%D9%80%D9%80%D8%A7%D8%AA/1486034/%D9%88%D8%B2%D8%A7%D8%B1%D8%A9-%D8%A7%D9%84%D8%B5%D8%AD%D8%A9-%D8%AA%D8%AA%D8%A7%D8%A8%D8%B9-%D8%AA%D8%AF%D8%A7%D8%B9%D9%8A%D8%A7%D8%AA-%D8%A7%D9%84%D9%87%D8%AC%D9%88%D9%85%D9%8A%D9%86-%D8%A7%D9%84%D8%A7%D8%B3%D8%B1%D8%A7%D8%A6%D9%8A%D9%84%D9%8A%D9%8A%D9%86,وزارة الصحة تتابع تداعيات الهجومين الاسرائيليين,2024-09-19,central,in_manifest_not_candidate,live,,,manifest-kw
mtv,https://www.mtv.com.lb/News/%D9%85%D9%80%D9%80%D8%AD%D9%80%D9%80%D9%84%D9%80%D9%80%D9%8A%D9%80%D9%80%D8%A7%D8%AA/1486107/%D8%A8%D8%A7%D9%84%D9%81%D9%8A%D8%AF%D9%8A%D9%88--%D8%A8%D8%B9%D8%AF-%D8%AA%D9%81%D8%AC%D9%8A%D8%B1-%D8%A7%D9%84%D8%A7%D8%AC%D9%87%D8%B2%D8%A9----%D9%85%D9%88%D8%A7%D9%82%D8%B9-%D8%A7%D9%84%D8%AA%D9%88%D8%A7%D8%B5%D9%84-%D8%AA%D8%B4%D8%AA%D8%B9%D9%84,بالفيديو: بعد تفجير الاجهزة... مواقع التواصل تشتعل,2024-09-19,central,in_manifest_not_candidate,live,,short_flash_or_ticker,manifest-kw
mtv,https://www.mtv.com.lb/en/News/Local/1485725/watch--we-will-do-whatever-sayyed-nasrallah-asks-us-to-do,Watch: We Will Do Whatever Sayyed Nasrallah Asks Us to Do,2024-09-19,central,in_manifest_not_candidate,live,,short_flash_or_ticker,manifest-kw
mtv,https://www.mtv.com.lb/en/News/Local/1485996/nasrallah-acknowledges-and-warns--welcome-to-the-israelis,Nasrallah Acknowledges and Warns: Welcome to the Israelis,2024-09-19,mention,in_manifest_not_candidate,live,,,manifest-kw
mtv,https://www.mtv.com.lb/en/news/1485697,Icom Japan: We cannot know whether our company shipped any wireless products linked to the explosions in Lebanon,2024-09-19,central,in_manifest_not_candidate,live,,,mtv-slugless
mtv,https://www.mtv.com.lb/en/news/1485699,Icom Japan: We stopped selling the batteries required to operate the device about 10 years ago,2024-09-19,central,in_manifest_not_candidate,live,,,mtv-slugless
mtv,https://www.mtv.com.lb/en/news/1485700,Israeli Broadcasting Authority: The explosions of wireless devices in Lebanon targeted members of Hezbollah's 'Radwan Force',2024-09-19,central,in_manifest_not_candidate,live,,,mtv-slugless
mtv,https://www.mtv.com.lb/en/news/1485702,Taiwan's Defense Minister: There is no prior coordination between Taiwan and Israel regarding the explosion of thousands of pager devices in Lebanon,2024-09-19,central,in_manifest_not_candidate,live,,,mtv-slugless
mtv,https://www.mtv.com.lb/en/news/1485709,Russian State Duma Speaker: It is essential to conduct a thorough investigation into the series of communication device explosions in Lebanon,2024-09-19,central,in_manifest_not_candidate,live,,,mtv-slugless
mtv,https://www.mtv.com.lb/en/news/1485729,Watch: What Is the Condition of Hospitals in Lebanon?,2024-09-19,central,in_manifest_not_candidate,live,,short_flash_or_ticker,mtv-slugless
mtv,https://www.mtv.com.lb/en/news/1485763,Watch: For the sake of Lebanese eyes,2024-09-19,central,in_manifest_not_candidate,live,,short_flash_or_ticker,mtv-slugless
mtv,https://www.mtv.com.lb/en/news/1485792,To the Lebanese people: Stay away from detonation sites!,2024-09-19,central,in_manifest_not_candidate,live,,short_flash_or_ticker,mtv-slugless
mtv,https://www.mtv.com.lb/en/news/1485807,Reuters: Bulgaria announced it will investigate a company's connection to the wireless communication devices that exploded in Lebanon,2024-09-19,central,in_manifest_not_candidate,live,,,mtv-slugless
mtv,https://www.mtv.com.lb/en/news/1485830,Iranian Foreign Minister visits envoy to Beirut in hospital in Tehran,2024-09-19,mention,in_manifest_not_candidate,live,,,mtv-slugless
mtv,https://www.mtv.com.lb/en/news/1485839,Minister of Health Firas Abiad: The number of martyrs during the pager explosions has risen to 12 and that of injured to 2323,2024-09-19,central,in_manifest_not_candidate,live,,,mtv-slugless
mtv,https://www.mtv.com.lb/en/news/1485840,Abiad: 226 injured individuals are still in intensive care as a result of the first explosion of communication devices,2024-09-19,central,in_manifest_not_candidate,live,,,mtv-slugless
mtv,https://www.mtv.com.lb/en/news/1485842,Abiad: The death toll of yesterday's wireless communication devices explosions has risen to 25 martyrs and 608 injured,2024-09-19,central,in_manifest_not_candidate,live,,,mtv-slugless
mtv,https://www.mtv.com.lb/en/news/1485879,"The Telegraph, citing the Bulgarian State Security Agency: We are investigating the role of a company registered with us in selling pager devices to Hezbollah in Lebanon",2024-09-19,central,in_manifest_not_candidate,live,,,mtv-slugless
mtv,https://www.mtv.com.lb/en/news/1485938,"Nasrallah: What occurred on Tuesday was the targeting and simultaneous detonation of thousands of pager devices, an operation in which the enemy crossed all boundaries, laws, and red lines, showing di",2024-09-19,central,in_manifest_not_candidate,live,,,mtv-slugless
mtv,https://www.mtv.com.lb/en/news/1485943,"Nasrallah: The enemy detonated a civilian device used by different groups within society and repeated this on Wednesday by detonating wireless devices, with no regard for where they were being carried",2024-09-19,central,in_manifest_not_candidate,live,,,mtv-slugless
mtv,https://www.mtv.com.lb/en/news/1486027,"Reuters, citing local media: The cost of the pager devices was 1.6 million euros, and they passed through Bulgaria before being transferred to Hungary",2024-09-19,central,in_manifest_not_candidate,live,,,mtv-slugless
mtv,https://www.mtv.com.lb/en/news/1486098,"Hijazi to MTV: The security team for the Iranian ambassador in Beirut is keen on his safety and has the right to secure protection using a pager device, as he is a target for this enemy, especially af",2024-09-19,central,in_manifest_not_candidate,live,,,mtv-slugless
mtv,https://www.mtv.com.lb/en/news/1486099,The Lebanese Mission to the UN: The detonation of the pager devices was carried out via an electronic message,2024-09-19,central,in_manifest_not_candidate,live,,,mtv-slugless
mtv,https://www.mtv.com.lb/news/%D8%AE%D9%80%D9%80%D8%A7%D8%B1%D8%AC%D9%80%D9%80%D9%8A%D9%80%D9%80%D8%A7%D8%AA/1485666/%D9%81%D9%8A-%D8%A5%D9%8A%D8%B1%D8%A7%D9%86--%D8%AA%D8%AD%D8%B0%D9%8A%D8%B1%D8%A7%D8%AA-%D9%85%D9%86-%D9%87%D8%AC%D9%88%D9%85-%D8%A5%D9%84%D9%83%D8%AA%D8%B1%D9%88%D9%86%D9%8A-%D9%85%D9%85%D8%A7%D8%AB%D9%84-%D9%84%D9%80-%D8%A7%D9%84%D8%AD%D8%B2%D8%A8-,"في إيران: تحذيرات من هجوم إلكتروني مماثل لـ""الحزب""",2024-09-19,central,in_manifest_not_candidate,live,,,manifest-kw
mtv,https://www.mtv.com.lb/news/1485736,"سلام: على الأمم المتحدة فتح تحقيق عاجل بحادثة ""البيجر""",2024-09-19,central,in_manifest_not_candidate,live,,,mtv-slugless
mtv,https://www.mtv.com.lb/news/1485802,"""رويترز"": بلغاريا تعلن أنها ستحقّق في صلات شركة بأجهزة الاتصال اللاسلكية التي انفجرت في لبنان",2024-09-19,central,in_manifest_not_candidate,live,,,mtv-slugless
mtv,https://www.mtv.com.lb/news/1485933,"نصرالله: ما حصل يوم الثلاثاء هو استهداف آلاف أجهزة ""البيجر"" وتفجيرها في وقت واحد والعدو تجاوز بهذه العملية كل الضوابط والقوانين والخطوط الحمراء ولم يكترث لأي شيء لا أخلاقياً ولا قانونياً",2024-09-19,central,in_manifest_not_candidate,live,,,mtv-slugless
mtv,https://www.mtv.com.lb/news/1485936,نصرالله: العدوّ فجّر وسيلة مدنية مستخدمة لدى شرائح مختلفة من المجتمع وعاود ذلك يوم الأربعاء بتفجير أجهزة لاسلكية من دون الاكتراث لأماكن حملتها وكان يريد قتل 4000 إنسان في دقيقة واحدة,2024-09-19,central,in_manifest_not_candidate,live,,,mtv-slugless
mtv,https://www.mtv.com.lb/news/1485941,نصر الله: مجزرتا الثلاثاء والأربعاء هما جرائم حرب أو إعلان حرب,2024-09-19,central,in_manifest_not_candidate,live,,,mtv-slugless
mtv,https://www.mtv.com.lb/news/1485973,نصرالله: الحساب سيأتي على مجزرتي الثلاثاء والأربعاء من حيث يحتسبون ومن حيث لا يحتسبون ولكن لأن هذه المعركة كانت في أوجه خفية فلا أتحدث عن وقت وشكل وزمان ومكان فاتركوا الموضوع والخبر ما ترون لا ما تسمع,2024-09-19,central,in_manifest_not_candidate,live,,,mtv-slugless
mtv,https://www.mtv.com.lb/news/1485986,شيخ العقل تابع أوضاع المصابين بالتفجيرات,2024-09-19,mention,in_manifest_not_candidate,live,,,mtv-slugless
mtv,https://www.mtv.com.lb/news/1486002,آخر التحقيقات حول مسار الـ pagers وأجهزة اللاسلكي. التفاصيل تتابعونها في النشرة المسائية,2024-09-19,central,in_manifest_not_candidate,live,,,mtv-slugless
mtv,https://www.mtv.com.lb/news/1486026,كواليس جلسة مجلس الامن المرتقبة,2024-09-19,central,in_manifest_not_candidate,live,,,mtv-slugless
mtv,https://www.mtv.com.lb/News/%D8%AE%D9%80%D9%80%D8%A7%D8%B1%D8%AC%D9%80%D9%80%D9%8A%D9%80%D9%80%D8%A7%D8%AA/1486264/%D9%85%D8%A7-%D8%AD%D9%82%D9%8A%D9%82%D8%A9-%D8%A7%D9%86%D9%81%D8%AC%D8%A7%D8%B1--%D8%A2%D9%8A%D9%81%D9%88%D9%86--%D8%B6%D9%85%D9%86-%D8%A3%D8%AC%D9%87%D8%B2%D8%A9--%D8%A7%D9%84%D8%AD%D8%B2%D8%A8--,"ما حقيقة انفجار ""آيفون"" ضمن أجهزة ""الحزب""؟",2024-09-20,mention,in_manifest_not_candidate,live,,,manifest-kw
mtv,https://www.mtv.com.lb/News/%D8%B3%D9%80%D9%80%D9%8A%D9%80%D9%80%D8%A7%D8%B3%D9%80%D9%80%D8%A9/1486134/-%D8%A7%D9%84%D9%85%D8%AC%D8%B2%D8%B1%D8%A9--%D8%AA%D8%AD%D9%8A%D9%8A-%D8%AD%D9%85%D8%A7%D8%B3%D8%A9-%D8%A7%D9%84%D8%B1%D8%A7%D8%BA%D8%A8%D9%8A%D9%86-%D9%81%D9%8A-%D9%88%D9%87%D8%A8-%D8%A7%D9%84%D8%A3%D8%B9%D8%B6%D8%A7%D8%A1,"""المجزرة"" تحيي حماسة الراغبين في وهب الأعضاء",2024-09-20,mention,in_manifest_not_candidate,live,,,manifest-kw
mtv,https://www.mtv.com.lb/News/%D8%B3%D9%80%D9%80%D9%8A%D9%80%D9%80%D8%A7%D8%B3%D9%80%D9%80%D8%A9/1486136/%D8%A5%D8%B3%D8%B1%D8%A7%D8%A6%D9%8A%D9%84_%D8%AA%D8%AA%D9%88%D8%B9%D9%91%D8%AF_~%D8%A7%D9%84%D8%AD%D8%B2%D8%A8~_%D8%A8%D9%85%D9%81%D8%A7%D8%AC%D8%A2%D8%AA!,"إسرائيل تتوعّد ""الحزب"" بمفاجآت!",2024-09-20,mention,in_manifest_not_candidate,live,,,manifest-kw
mtv,https://www.mtv.com.lb/News/%D9%85%D9%80%D9%80%D8%AD%D9%80%D9%80%D9%84%D9%80%D9%80%D9%8A%D9%80%D9%80%D8%A7%D8%AA/1486464/%D9%87%D9%84-%D8%AE%D8%B3%D8%B1%D8%AA-%D8%A5%D8%B3%D8%B1%D8%A7%D8%A6%D9%8A%D9%84-%D8%A7%D9%84%D9%88%D8%B1%D9%82%D8%A9-%D8%A7%D9%84%D8%B1%D8%A7%D8%A8%D8%AD%D8%A9-,هل خسرت إسرائيل الورقة الرابحة؟,2024-09-20,central,in_manifest_not_candidate,live,,,manifest-kw
mtv,https://www.mtv.com.lb/en/News/Local/1486183/israel-unleashes-heavy-strikes-on-lebanon-as-us--uk-urge-restraint,"Israel Unleashes Heavy Strikes on Lebanon as US, UK Urge Restraint",2024-09-20,central,in_manifest_not_candidate,live,,,manifest-kw
mtv,https://www.mtv.com.lb/en/news/1486207,UN Peacekeepers in Lebanon Urge Immediate De-escalation,2024-09-20,mention,in_manifest_not_candidate,live,,,mtv-slugless
mtv,https://www.mtv.com.lb/en/news/1486241,A Lebanese source to Reuters: The batteries of the exploded walkie-talkie devices were contaminated with PETN,2024-09-20,central,in_manifest_not_candidate,live,,,mtv-slugless
mtv,https://www.mtv.com.lb/en/news/1486284,Health Minister Firas Abiad: We consider what happened a war crime because most of the injured from the communication device explosions are civilians,2024-09-20,central,in_manifest_not_candidate,live,,,mtv-slugless
mtv,https://www.mtv.com.lb/en/news/1486304,Reuters: Hezbollah inspected the beeper devices using a scanner before distributing them to its members,2024-09-20,central,in_manifest_not_candidate,live,,,mtv-slugless
mtv,https://www.mtv.com.lb/en/news/1486408,Israeli media: Ibrahim Aqil left the hospital this morning after being injured in the pager device explosions,2024-09-20,central,in_manifest_not_candidate,live,,,mtv-slugless
mtv,https://www.mtv.com.lb/en/news/1486411,Othman broaches latest developments with MP Abi Ramia,2024-09-20,central,in_manifest_not_candidate,live,,,mtv-slugless
mtv,https://www.mtv.com.lb/en/news/1486423,MTV Sources: The open session of the Security Council on the Middle East will be followed by a closed session specifically addressing the situation in southern Lebanon and the significant escalation t,2024-09-20,central,in_manifest_not_candidate,live,,,mtv-slugless
mtv,https://www.mtv.com.lb/en/news/1486436,MTV Sources: There is no truth to reports from Israeli media stating that Ibrahim Aqil was in the hospital due to an explosion of the pager,2024-09-20,central,in_manifest_not_candidate,live,,,mtv-slugless
mtv,https://www.mtv.com.lb/en/news/1486520,"UN Under-Secretary-General at the Security Council session: The explosions targeting communication devices in Lebanon occurred in homes and shops, causing severe shock and panic in the Lebanese commun",2024-09-20,central,in_manifest_not_candidate,live,,,mtv-slugless
mtv,https://www.mtv.com.lb/en/news/1486547,"Foreign Minister Abdallah Bou Habib from the Security Council: Israel's detonation of pager devices, wireless devices, repeated breaches of the sound barrier, and the missile attack on Dahieh are all ",2024-09-20,central,in_manifest_not_candidate,live,,,mtv-slugless
mtv,https://www.mtv.com.lb/en/news/1486549,"Bou Habib: The resort to detonating thousands of communication devices without regard for those carrying them is considered an unprecedented method of combat in its brutality and terrorism, and it is ",2024-09-20,central,in_manifest_not_candidate,live,,,mtv-slugless
mtv,https://www.mtv.com.lb/news/%D8%AE%D9%80%D9%80%D8%A7%D8%B1%D8%AC%D9%80%D9%80%D9%8A%D9%80%D9%80%D8%A7%D8%AA/1486260/%D9%85%D8%B3%D8%A4%D9%88%D9%84-%D8%B5%D9%8A%D9%86%D9%8A-%D8%AA%D8%B9%D9%84%D9%8A%D9%82%D8%A7--%D8%B9%D9%84%D9%89-%D8%AA%D9%81%D8%AC%D9%8A%D8%B1-%D8%A7%D9%84%D8%A3%D8%AC%D9%87%D8%B2%D8%A9-%D8%A8%D9%84%D8%A8%D9%86%D8%A7%D9%86--%D8%A7%D9%84%D8%A5%D8%B1%D9%87%D8%A7%D8%A8-%D9%86-%D9%82%D9%84-%D8%A5%D9%84%D9%89-%D9%85%D8%B3%D8%AA%D9%88%D9%89-%D8%AC%D8%AF%D9%8A%D8%AF,مسؤول صيني تعليقاً على تفجير الأجهزة بلبنان: الإرهاب نُقل إلى مستوى جديد,2024-09-20,central,in_manifest_not_candidate,live,,,manifest-kw
mtv,https://www.mtv.com.lb/news/1486151,"زهران لـmtv: ما يمنع الحرب هو قوّة المقاومة والدليل أنّ الفرصة المثالية لشنّ الحرب الشاملة كانت في الدقائق الأولى من تفجير ""البيجر""",2024-09-20,central,in_manifest_not_candidate,live,,,mtv-slugless
mtv,https://www.mtv.com.lb/news/1486238,"مصدر لبناني لرويترز: بطاريات أجهزة ""ووكي توكي"" المنفجرة كانت ملوثة بمادة PETN",2024-09-20,central,in_manifest_not_candidate,live,,,mtv-slugless
mtv,https://www.mtv.com.lb/news/1486417,"معلومات mtv: الجلسة المفتوحة لمجلس الأمن حول الشرق الأوسط ستليها جلسة مغلقة خاصة بالوضع في جنوب لبنان والتصعيد الكبير الذي حصل بعد هجمات ""البيجر""",2024-09-20,central,in_manifest_not_candidate,live,,,mtv-slugless
mtv,https://www.mtv.com.lb/news/1486432,معلومات mtv: لا صحة لما تداولته وسائل إعلام إسرائيلية عن ان ابراهيم عقيل كان في المستشفى جراء تعرضه لانفجار الـpager,2024-09-20,central,in_manifest_not_candidate,live,,,mtv-slugless
mtv,https://www.mtv.com.lb/news/1486510,وكيلة الأمين العام للأمم المتحدة في جلسة مجلس الأمن: التفجيرات التي استهدفت أجهزة اتصالات في لبنان وقعت في منازل ومتاجر وأحدثت صدمة وذعراً شديدين في المجتمع اللبناني,2024-09-20,central,in_manifest_not_candidate,live,,,mtv-slugless
mtv,https://www.mtv.com.lb/news/1486533,"وزير الخارجية عبد الله بو حبيب من مجلس الأمن: تفجير إسرائيل لأجهزة ""البيجر"" والأجهزة اللاسلكيّة والخرق المتكرّر لجدار الصّوت والاعتداء الصاروخي على الضاحية كلّها هجمات غير مسبوقة",2024-09-20,central,in_manifest_not_candidate,live,,,mtv-slugless
mtv,https://www.mtv.com.lb/news/1486534,بو حبيب: اللجوء إلى تفجير آلاف أجهزة الاتصال من دون اعتبار لمَن يحملها يُعدّ أسلوباً قتاليًّا غير مسبوق في وحشيته وإرهابه ويُصنّف كجريمة حرب,2024-09-20,central,in_manifest_not_candidate,live,,,mtv-slugless
mtv,https://www.mtv.com.lb/News/%D9%85%D9%80%D9%80%D8%AD%D9%80%D9%80%D9%84%D9%80%D9%80%D9%8A%D9%80%D9%80%D8%A7%D8%AA/1486704/%D9%8A%D9%88%D9%86%D8%A7%D9%86--%D9%84%D8%AA%D9%88%D8%AD%D9%8A%D8%AF-%D8%A7%D9%84%D9%83%D9%84%D9%85%D8%A9-%D9%85%D9%86-%D8%A3%D8%AC%D9%84-%D8%A7%D9%84%D8%AF%D9%81%D8%A7%D8%B9-%D8%B9%D9%86-%D9%84%D8%A8%D9%86%D8%A7%D9%86,يونان: لتوحيد الكلمة من أجل الدفاع عن لبنان,2024-09-21,mention,in_manifest_not_candidate,live,,,manifest-kw
mtv,https://www.mtv.com.lb/News/%D9%85%D9%80%D9%80%D8%AD%D9%80%D9%80%D9%84%D9%80%D9%80%D9%8A%D9%80%D9%80%D8%A7%D8%AA/1486742/%D8%A7%D9%84%D8%AD%D8%A7%D8%AC-%D8%AD%D8%B3%D9%86--%D9%84%D9%86-%D9%86%D8%AA%D8%B1%D8%A7%D8%AC%D8%B9,الحاج حسن: لن نتراجع,2024-09-21,mention,in_manifest_not_candidate,live,,,gdelt
mtv,https://www.mtv.com.lb/en/News/International/1486691/cyprus-calls-on-lebanon--israel-to-show-restraint-in-middle-east,"Cyprus calls on Lebanon, Israel to show restraint in Middle East",2024-09-21,mention,in_manifest_not_candidate,live,,,manifest-kw
mtv,https://www.mtv.com.lb/en/News/Local/1486586/top-hezbollah-commander-among-14-killed-in-israeli-strike-on-beirut,Top Hezbollah Commander Among 14 Killed in Israeli Strike on Beirut,2024-09-21,mention,in_manifest_not_candidate,live,,,manifest-kw
mtv,https://www.mtv.com.lb/en/news/1486581,The Japanese company ICOM ruled out that they were the ones who made the radios that exploded in Lebanon,2024-09-21,central,in_manifest_not_candidate,live,,,mtv-slugless
mtv,https://www.mtv.com.lb/en/news/1486590,UN condemns deadly device explosions in Lebanon as violation of international law,2024-09-21,central,in_manifest_not_candidate,live,,,mtv-slugless
mtv,https://www.mtv.com.lb/en/news/1486595,ICOM Japan: We Did Not Produce the Exploding Radios,2024-09-21,central,in_manifest_not_candidate,live,,,mtv-slugless
mtv,https://www.mtv.com.lb/en/news/1486629,The Wall Street Journal: The investigation into the explosion of the communication devices in Lebanon has led to a maze of suspicious companies and individuals in Asia and Europe,2024-09-21,central,in_manifest_not_candidate,live,,,mtv-slugless
mtv,https://www.mtv.com.lb/en/news/1486650,"Abiad: We registered 12 martyrs from the pager explosions and 27 martyrs from the wireless device explosions, with 2,078 surgeries conducted in hospitals",2024-09-21,central,in_manifest_not_candidate,live,,,mtv-slugless
mtv,https://www.mtv.com.lb/en/news/1486652,"Abiad: A total of 777 people injured from the pager and radio device explosions are still in hospitals, with 152 of them in intensive care",2024-09-21,central,in_manifest_not_candidate,live,,,mtv-slugless
mtv,https://www.mtv.com.lb/en/news/1486655,31 Martyrs and 68 Wounded in the Dahieh Airstrike,2024-09-21,mention,in_manifest_not_candidate,live,,,mtv-slugless
mtv,https://www.mtv.com.lb/news/%D9%85%D9%80%D9%80%D8%AD%D9%80%D9%80%D9%84%D9%80%D9%80%D9%8A%D9%80%D9%80%D8%A7%D8%AA/1486722/%D8%A8%D8%A7%D9%84%D8%A3%D8%B1%D9%82%D8%A7%D9%85--%D9%83%D9%84%D9%81%D8%A9-%D8%A7%D9%84%D8%A7%D8%B9%D8%AA%D8%AF%D8%A7%D8%A1%D8%A7%D8%AA-%D8%A7%D9%84%D8%A5%D8%B3%D8%B1%D8%A7%D8%A6%D9%8A%D9%84%D9%8A%D8%A9-%D8%A7%D9%84%D8%A3%D8%AE%D9%8A%D8%B1%D8%A9-%D8%B9%D9%84%D9%89-%D8%A7%D9%82%D8%AA%D8%B5%D8%A7%D8%AF%D9%86%D8%A7,بالأرقام: كلفة الاعتداءات الإسرائيلية الأخيرة على اقتصادنا,2024-09-21,mention,in_manifest_not_candidate,live,,,manifest-kw
mtv,https://www.mtv.com.lb/News/%D9%85%D9%80%D9%80%D8%AD%D9%80%D9%80%D9%84%D9%80%D9%80%D9%8A%D9%80%D9%80%D8%A7%D8%AA/1486866/%D9%85%D8%A7%D8%B0%D8%A7-%D8%A8%D8%B9%D8%AF-%D9%81%D9%8A-%D8%A8%D9%86%D9%83-%D8%A7%D9%84%D8%A3%D9%87%D8%AF%D8%A7%D9%81-%D8%A7%D9%84%D8%A5%D8%B3%D8%B1%D8%A7%D8%A6%D9%8A%D9%84%D9%8A%D8%A9-,ماذا بعد في بنك الأهداف الإسرائيلية؟,2024-09-22,mention,in_manifest_not_candidate,live,,,manifest-kw
mtv,https://www.mtv.com.lb/News/%D9%85%D9%80%D9%80%D8%AD%D9%80%D9%80%D9%84%D9%80%D9%80%D9%8A%D9%80%D9%80%D8%A7%D8%AA/1486868/%D9%84%D8%A8%D9%86%D8%A7%D9%86-%D9%8A%D9%86%D9%83%D8%B4%D9%81-%D8%B3%D9%8A%D8%A7%D8%B3%D9%8A%D8%A7--%D9%88%D8%A3%D9%85%D9%86%D9%8A%D8%A7-----%D9%88-%D8%A7%D9%84%D8%AD%D8%B2%D8%A8--%D8%A3%D9%85%D8%A7%D9%85-%D9%85%D8%B1%D8%A7%D8%AC%D8%B9%D8%A9-%D8%AC%D8%AF-%D9%8A%D8%A9,"لبنان ينكشف سياسياً وأمنياً... و""الحزب"" أمام مراجعة جدّية",2024-09-22,central,in_manifest_not_candidate,live,,,manifest-kw
mtv,https://www.mtv.com.lb/News/%D9%85%D9%80%D9%80%D8%AD%D9%80%D9%80%D9%84%D9%80%D9%80%D9%8A%D9%80%D9%80%D8%A7%D8%AA/1486935/%D8%B5%D8%AF%D9%85%D8%A9--%D8%A7%D9%84%D8%AD%D8%B2%D8%A8-----%D9%87%D9%84-%D8%AA%D8%AA%D8%BA%D9%84-%D8%A8-%D8%A7%D9%84%D8%A3%D9%8A%D8%AF%D9%8A%D9%88%D9%84%D9%88%D8%AC%D9%8A%D8%A7-%D8%B9%D9%84%D9%89-%D8%A7%D9%84%D8%AA%D9%83%D9%86%D9%88%D9%84%D9%88%D8%AC%D9%8A%D8%A7-,"صدمة ""الحزب""... هل تتغلّب الأيديولوجيا على التكنولوجيا؟",2024-09-22,mention,in_manifest_not_candidate,live,,,control
mtv,https://www.mtv.com.lb/News/%D9%85%D9%80%D9%80%D8%AD%D9%80%D9%80%D9%84%D9%80%D9%80%D9%8A%D9%80%D9%80%D8%A7%D8%AA/1486974/%D8%AC%D8%B4%D9%8A--%D8%A5%D8%B0%D8%A7-%D9%83%D8%A7%D9%86-%D8%A7%D9%84%D8%B9%D8%AF%D9%88-%D9%8A%D8%B8%D9%86--%D8%A3%D9%86-%D9%87-%D8%B3%D9%8A%D9%86%D8%A7%D9%84-%D9%85%D9%86-%D8%B9%D8%B2%D9%85%D9%86%D8%A7-%D9%81%D9%87%D9%88-%D9%88%D8%A7%D9%87%D9%85?,جشي: إذا كان العدو يظنّ أنّه سينال من عزمنا فهو واهم,2024-09-22,mention,in_manifest_not_candidate,live,,,manifest-kw
mtv,https://www.mtv.com.lb/News/%D9%85%D9%86_%D8%A7%D9%84%D8%B5%D8%AD%D8%A7%D9%81%D8%A9/1487007/%D9%84%D9%88-%D9%83%D9%86%D8%AA-%D8%A3%D8%B9%D9%84%D9%85,لو كنت أعلم,2024-09-22,mention,in_manifest_not_candidate,live,,,gdelt
mtv,https://www.mtv.com.lb/en/news/1486979,"Israeli President: Hezbollah has many enemies these days, and we have no connection to the pager explosions; it is clear that the chances of escalation are very high",2024-09-22,central,in_manifest_not_candidate,live,,,mtv-slugless
mtv,https://www.mtv.com.lb/en/news/1487086,"Qassem: Israel intended to kill 5,000 people but was unable to do so through the detonation of pager devices and other means of communication",2024-09-22,central,in_manifest_not_candidate,live,,,mtv-slugless
mtv,https://www.mtv.com.lb/news/1487082,"قاسم: إسرائيل أرادت قتل 5 آلاف شخص ولم تستطع ذلك عبر تفجير أجهزة ""البيجرز"" ووسائل الإتّصال الأخرى",2024-09-22,central,in_manifest_not_candidate,live,,,mtv-slugless
mtv,https://www.mtv.com.lb/News/%D9%85%D9%80%D9%80%D8%AD%D9%80%D9%80%D9%84%D9%80%D9%80%D9%8A%D9%80%D9%80%D8%A7%D8%AA/1487182/%D8%A5%D8%AC%D8%B1%D8%A7%D8%A1%D8%A7%D8%AA-%D9%84%D8%AA%D8%B9%D8%B2%D9%8A%D8%B2-%D9%88%D8%B6%D8%B9-%D8%A7%D9%84%D9%85%D8%B3%D8%AA%D8%B4%D9%81%D9%8A%D8%A7%D8%AA---%D9%88%D9%88%D8%B2%D9%8A%D8%B1-%D8%A7%D9%84%D8%B5%D8%AD%D8%A9--%D8%A7%D9%84%D8%A3%D9%85%D9%88%D8%B1-%D8%AA%D8%AD%D8%AA-%D8%A7%D9%84%D8%B3%D9%8A%D8%B7%D8%B1%D8%A9,إجراءات لتعزيز وضع المستشفيات.. ووزير الصحة: الأمور تحت السيطرة,2024-09-23,mention,in_manifest_not_candidate,live,,,manifest-kw
mtv,https://www.mtv.com.lb/News/%D9%85%D9%80%D9%80%D8%AD%D9%80%D9%80%D9%84%D9%80%D9%80%D9%8A%D9%80%D9%80%D8%A7%D8%AA/1487183/%D8%A8%D8%B1%D9%8A--%D9%84%D9%86-%D9%86%D9%82%D8%B9-%D9%81%D9%8A--%D9%81%D8%AE---%D9%86%D8%AA%D9%86%D9%8A%D8%A7%D9%87%D9%88-%D9%88%D9%86%D9%86%D8%B2%D9%84%D9%82-%D8%A5%D9%84%D9%89-%D8%A7%D9%84%D8%AD%D8%B1%D8%A8,"بري: لن نقع في ""فخّ"" نتنياهو وننزلق إلى الحرب",2024-09-23,mention,in_manifest_not_candidate,live,,,manifest-kw
mtv,https://www.mtv.com.lb/News/%D9%85%D9%80%D9%80%D8%AD%D9%80%D9%80%D9%84%D9%80%D9%80%D9%8A%D9%80%D9%80%D8%A7%D8%AA/1487189/%D8%AD%D8%B2%D8%A8-%D8%A7%D9%84%D9%84%D9%87---%D8%A5%D8%B3%D8%B1%D8%A7%D8%A6%D9%8A%D9%84--%D9%85%D9%86-%D8%AE%D8%B7%D9%88%D8%B7-%D8%A7%D9%84%D8%AA%D9%85%D8%A7%D8%B3-%D8%A5%D9%84%D9%89-%D8%A7%D9%84%D8%AF%D8%A7%D8%AE%D9%84?,حزب الله - إسرائيل: من خطوط التماس إلى الداخل,2024-09-23,central,in_manifest_not_candidate,live,,,manifest-kw
mtv,https://www.mtv.com.lb/News/%D9%85%D9%80%D9%80%D8%AD%D9%80%D9%80%D9%84%D9%80%D9%80%D9%8A%D9%80%D9%80%D8%A7%D8%AA/1487190/%D8%B1%D8%B3%D8%A7%D9%84%D8%A9-%D9%85%D9%86-%D9%86%D8%B5%D8%B1%D8%A7%D9%84%D9%84%D9%87-%D8%A5%D9%84%D9%89-%D8%AE%D8%A7%D9%85%D9%86%D8%A6%D9%8A----%D9%87%D8%B0%D8%A7-%D9%85%D8%B6%D9%85%D9%88%D9%86%D9%87%D8%A7,رسالة من نصرالله إلى خامنئي... هذا مضمونها,2024-09-23,mention,in_manifest_not_candidate,live,,,manifest-kw
mtv,https://www.mtv.com.lb/News/%D9%85%D9%80%D9%80%D8%AD%D9%80%D9%80%D9%84%D9%80%D9%80%D9%8A%D9%80%D9%80%D8%A7%D8%AA/1487192/%D8%A5%D9%84%D9%89-%D8%A3%D9%8A%D9%86-%D9%8A%D8%B5%D9%84-%D8%AA%D8%B5%D8%B9%D9%8A%D8%AF-%D8%A5%D8%B3%D8%B1%D8%A7%D8%A6%D9%8A%D9%84-%D9%81%D9%8A-%D9%84%D8%A8%D9%86%D8%A7%D9%86-,إلى أين يصل تصعيد إسرائيل في لبنان؟,2024-09-23,mention,in_manifest_not_candidate,live,,,manifest-kw
mtv,https://www.mtv.com.lb/News/%D9%85%D9%80%D9%80%D8%AD%D9%80%D9%80%D9%84%D9%80%D9%80%D9%8A%D9%80%D9%80%D8%A7%D8%AA/1487195/%D8%AA%D8%AC%D8%AF-%D8%AF-%D8%A7%D9%84%D9%86%D8%B2%D9%88%D8%AD-%D9%85%D9%86-%D8%A7%D9%84%D8%B6%D8%A7%D8%AD%D9%8A%D8%A9--%D9%85%D8%A7%D8%B0%D8%A7-%D8%B9%D9%86-%D8%A7%D9%84%D8%A5%D9%8A%D8%AC%D8%A7%D8%B1%D8%A7%D8%AA-,تجدّد النزوح من الضاحية: ماذا عن الإيجارات؟,2024-09-23,mention,in_manifest_not_candidate,live,,,manifest-kw
mtv,https://www.mtv.com.lb/News/%D9%85%D9%86_%D8%A7%D9%84%D8%B5%D8%AD%D8%A7%D9%81%D8%A9/1487181/%D9%85%D8%A7%D8%B0%D8%A7-%D8%AC%D8%A7%D8%A1-%D9%81%D9%8A-%D8%A3%D8%B3%D8%B1%D8%A7%D8%B1-%D8%A7%D9%84%D8%B5%D8%AD%D9%81-,ماذا جاء في أسرار الصحف؟,2024-09-23,mention,in_manifest_not_candidate,live,,press_review,gdelt
mtv,https://www.mtv.com.lb/en/News/International/1487251/iran-s-guards-ban-communications-devices-after-strike-on-hezbollah,Iran's Guards Ban Communications Devices After Strike on Hezbollah,2024-09-23,central,in_manifest_not_candidate,live,,,manifest-kw
mtv,https://www.mtv.com.lb/en/news/1487695,"Warburg to MTV: The United States has no connection to what happened in Lebanon in recent days, specifically in the pagers operation; however, entities funded by Iran are escalating tensions in the Mi",2024-09-23,central,in_manifest_not_candidate,live,,,mtv-slugless
mtv,https://www.mtv.com.lb/news/1487688,"ووربيرغ لـmtv: لا علاقة للولايات المتّحدة بما حدث في لبنان في الأيّام الأخيرة وتحديداً في عمليّة ""البيجرز"" ولكنّ الجهات المموّلة من إيران هي التي تصعّد التوتّر في الشرق الأوسط ولا تواصل بيننا وبين إير",2024-09-23,central,in_manifest_not_candidate,live,,,mtv-slugless
mtv,https://www.mtv.com.lb/News/%D8%AE%D9%80%D9%80%D8%A7%D8%B1%D8%AC%D9%80%D9%80%D9%8A%D9%80%D9%80%D8%A7%D8%AA/1488030/%D8%B1%D8%A6%D9%8A%D8%B3-%D8%A5%D9%8A%D8%B1%D8%A7%D9%86--%D8%A5%D8%B3%D8%B1%D8%A7%D8%A6%D9%8A%D9%84-%D8%AA%D8%AD%D8%A7%D9%88%D9%84-%D8%AC%D8%B1-%D9%86%D8%A7-%D9%84%D9%86%D9%82%D8%B7%D8%A9-%D9%84%D8%A7-%D9%86%D8%B1%D9%8A%D8%AF-%D8%A7%D9%84%D8%B0%D9%87%D8%A7%D8%A8-%D8%A5%D9%84%D9%8A%D9%87%D8%A7,رئيس إيران: إسرائيل تحاول جرّنا لنقطة لا نريد الذهاب إليها,2024-09-24,mention,in_manifest_not_candidate,live,,,manifest-kw
mtv,https://www.mtv.com.lb/News/%D9%85%D9%80%D9%80%D8%AD%D9%80%D9%80%D9%84%D9%80%D9%80%D9%8A%D9%80%D9%80%D8%A7%D8%AA/1488035/%D8%AA%D9%81%D8%A7%D8%B5%D9%8A%D9%84-%D8%A7%D9%84%D9%8A%D9%88%D9%85-%D8%A7%D9%84%D8%A3%D8%B3%D9%88%D8%AF----1100-%D8%BA%D8%A7%D8%B1%D8%A9-%D9%88492-%D8%B4%D9%87%D9%8A%D8%AF%D8%A7-,تفاصيل اليوم الأسود... 1100 غارة و492 شهيداً,2024-09-24,mention,in_manifest_not_candidate,live,,,manifest-kw
mtv,https://www.mtv.com.lb/News/%D9%85%D9%80%D9%80%D8%AD%D9%80%D9%80%D9%84%D9%80%D9%80%D9%8A%D9%80%D9%80%D8%A7%D8%AA/1488086/%D8%A7%D9%84%D9%85%D8%B3%D8%AA%D8%B4%D9%81%D9%8A%D8%A7%D8%AA-%D8%AA%D9%86%D9%81-%D8%B0-%D8%AE%D8%B7-%D8%A9-%D8%A7%D9%84%D8%B7%D9%88%D8%A7%D8%B1%D8%A6--%D8%A5%D8%AE%D8%B1%D8%A7%D8%AC-%D8%AC%D8%B1%D8%AD%D9%89--%D8%A7%D9%84%D8%A8%D8%A7%D9%8A%D8%AC%D8%B1-,"المستشفيات تنفّذ خطّة الطوارئ: إخراج جرحى ""البايجر""",2024-09-24,central,in_manifest_not_candidate,live,,,manifest-kw
mtv,https://www.mtv.com.lb/News/%D9%85%D9%80%D9%80%D8%AD%D9%80%D9%80%D9%84%D9%80%D9%80%D9%8A%D9%80%D9%80%D8%A7%D8%AA/1488091/%D8%AD%D8%B1%D9%83%D8%A9-%D9%86%D8%B2%D9%88%D8%AD-%D8%B9%D9%83%D8%B3%D9%8A%D8%A9-%D9%85%D9%86-%D9%84%D8%A8%D9%86%D8%A7%D9%86-%D8%A5%D9%84%D9%89-%D8%B3%D9%88%D8%B1%D9%8A%D8%A7,حركة نزوح عكسية من لبنان إلى سوريا,2024-09-24,mention,in_manifest_not_candidate,live,,,manifest-kw
mtv,https://www.mtv.com.lb/News/%D9%85%D9%80%D9%80%D8%AD%D9%80%D9%80%D9%84%D9%80%D9%80%D9%8A%D9%80%D9%80%D8%A7%D8%AA/1488094/-%D8%AD%D8%B1%D8%A8-%D9%84%D8%A8%D9%86%D8%A7%D9%86-%D8%A7%D9%84%D8%AB%D8%A7%D9%84%D8%AB%D8%A9---%D8%A7%D8%AC%D8%AA%D9%8A%D8%A7%D8%AD--%D8%AC%D9%88-%D9%8A-%D9%85%D8%B1%D9%88-%D8%B9---%D9%88%D8%A3%D9%8A%D8%A7%D9%85-%D8%B5%D8%B9%D8%A8%D8%A9-%D8%A2%D8%AA%D9%8A%D8%A9?,"""حرب لبنان الثالثة"": اجتياحٌ جوّي مروّع.. وأيام صعبة آتية",2024-09-24,mention,in_manifest_not_candidate,live,,,manifest-kw
mtv,https://www.mtv.com.lb/News/%D9%85%D9%80%D9%80%D8%AD%D9%80%D9%80%D9%84%D9%80%D9%80%D9%8A%D9%80%D9%80%D8%A7%D8%AA/1488098/%D9%87%D8%B0%D8%A7-%D9%85%D8%A7-%D8%A3%D8%B6%D8%B9%D9%81-%D8%B4%D9%83%D9%88%D9%89-%D9%84%D8%A8%D9%86%D8%A7%D9%86-%D9%84%D8%A5%D8%AF%D8%A7%D9%86%D8%A9-%D8%A5%D8%B3%D8%B1%D8%A7%D8%A6%D9%8A%D9%84-%D8%AF%D9%88%D9%84%D9%8A--%D8%A7,هذا ما أضعف شكوى لبنان لإدانة إسرائيل دوليًّا,2024-09-24,central,in_manifest_not_candidate,live,,,manifest-kw
mtv,https://www.mtv.com.lb/News/%D9%85%D9%86_%D8%A7%D9%84%D8%B5%D8%AD%D8%A7%D9%81%D8%A9/1488830/%D9%85%D9%82%D8%AF%D9%85%D8%A7%D8%AA-%D9%86%D8%B4%D8%B1%D8%A7%D8%AA-%D8%A7%D9%84%D8%A3%D8%AE%D8%A8%D8%A7%D8%B1-%D8%A7%D9%84%D9%85%D8%B3%D8%A7%D8%A6%D9%8A%D8%A9,مقدمات نشرات الأخبار المسائية,2024-09-24,mention,in_manifest_not_candidate,live,,bulletin_intro,gdelt
mtv,https://www.mtv.com.lb/news/1488160,بو حبيب يستكمل لقاءاته في نيويورك,2024-09-24,mention,in_manifest_not_candidate,live,,,mtv-slugless
mtv,https://www.mtv.com.lb/news/1488356,"لماذا لم يستخدم ""الحزب"" هذه الصواريخ بعد؟",2024-09-24,mention,in_manifest_not_candidate,live,,,mtv-slugless
mtv,https://www.mtv.com.lb/news/1488696,أمير قطر: تفجير وسائل الاتصالات اللاسلكية في لبنان جريمة كبرى وإسرائيل تشن حرباً على لبنان ولا أحد يعلم إلى أي حد يمكن أن تتدهور,2024-09-24,central,in_manifest_not_candidate,live,,,mtv-slugless
nna,https://www.nna-leb.gov.lb/ar/justice-law/722048/%D8%A7%D9%84%D8%A3%D8%A8%D9%8A%D8%B6-%D9%81%D9%8A-%D9%85%D8%A4%D8%AA%D9%85%D8%B1-%D8%B5%D8%AD%D8%A7%D9%81%D9%8A-%D8%B7%D8%A7%D8%B1%D8%A6-%D8%A7%D9%84%D8%AD%D8%B5%D9%8A%D9%84%D8%A9-%D8%A7%D9%84%D8%A3%D9%88%D9%84%D9%8A%D8%A9-%D9%84%D9%84%D8%AD%D8%A7%D8%AF%D8%AB,الوكالة الوطنية للإعلام - الأبيض في مؤتمر صحافي طارئ: الحصيلة الأولية للحادث الامني 9 شهداء من بينهم طفلة ونحو 2800 جريح,2024-09-17,mention,in_manifest_not_candidate,wayback,20240918180400,,manifest-kw
nna,https://www.nna-leb.gov.lb/ar/%D8%B3%D9%8A%D8%A7%D8%B3%D8%A9/722149/%D8%A7%D9%84%D8%AF%D9%8A%D8%A7%D8%B1-%D8%A7%D9%84%D8%A8%D8%B7%D9%88%D9%84%D8%A9-%D8%A7%D9%84%D9%84%D8%A8%D9%86%D8%A7%D9%86%D9%8A%D8%A9-%D8%AA%D9%88%D8%A7%D8%AC%D9%87-%D8%A7%D9%84%D8%AC-%D8%A8%D9%86-%D8%A7%D9%84%D8%A7%D8%B3%D8%B1%D8%A7%D8%A6%D9%8A%D9%84%D9%8A,الوكالة الوطنية للإعلام - الديار: البطولة اللبنانية تواجه الجُبن الاسرائيلي,2024-09-18,central,in_manifest_not_candidate,wayback,20240921001534,,manifest-kw
nna,https://www.nna-leb.gov.lb/ar/%D8%B3%D9%8A%D8%A7%D8%B3%D8%A9/722481/%D8%A7%D9%84%D8%AF%D9%8A%D8%A7%D8%B1-%D8%A7%D9%84%D9%85%D9%82%D8%A7%D9%88%D9%85%D8%A9-%D8%A7%D8%B3%D8%AA%D9%88%D8%B9%D8%A8%D8%AA-%D8%A7%D9%84%D8%B6%D8%B1%D8%A8%D8%AA%D9%8A%D9%86-%D9%88%D8%A7%D9%84%D9%87%D8%AF%D9%81-%D8%B4%D9%84-%D8%A7%D9%84%D8%A7%D8%AA%D8%B5%D8%A7%D9%84,الوكالة الوطنية للإعلام - الديار: المقاومة استوعبت الضربتين والهدف شلّ «الاتصالات»,2024-09-19,central,in_manifest_not_candidate,wayback,20240921104415,,manifest-kw
nna,https://www.nna-leb.gov.lb/ar/%D8%B3%D9%8A%D8%A7%D8%B3%D8%A9/722486/%D8%A7%D9%84%D8%B4%D8%B1%D9%82-%D8%A7%D9%84%D8%B9%D8%AF%D9%88%D8%A7%D9%86-%D8%A7%D9%84%D8%B3%D9%8A%D8%A8%D8%B1%D8%A7%D9%86%D9%8A-2-%D8%A5%D8%B3%D8%B1%D8%A7%D8%A6%D9%8A%D9%84-%D8%AA%D8%B3%D8%AA%D8%AF%D8%B1%D8%AC-%D9%84%D8%A8%D9%86%D8%A7%D9%86-%D8%A7%D9%84%D9%89,الوكالة الوطنية للإعلام - الشرق: العدوان السيبراني 2: إسرائيل تستدرج لبنان الى الحرب الشاملة,2024-09-19,central,in_manifest_not_candidate,wayback,20240923134134,,manifest-kw
nna,https://www.nna-leb.gov.lb/ar/%D8%B3%D9%8A%D8%A7%D8%B3%D8%A9/722653/%D8%A7%D9%84%D8%A3%D8%A8%D9%8A%D8%B6-%D9%82%D8%AF%D9%85-%D8%AD%D8%B5%D9%8A%D9%84%D8%A9-%D8%A5%D8%AC%D9%85%D8%A7%D9%84%D9%8A%D8%A9-%D9%84%D9%8A%D9%88%D9%85%D9%8A-%D8%A7%D9%84%D8%AE%D8%B1%D9%82-%D8%A7%D9%84%D8%A3%D9%85%D9%86%D9%8A-%D8%A7%D9%84%D9%85%D8%B9%D8%A7%D8%AF,الوكالة الوطنية للإعلام - الأبيض قدم حصيلة إجمالية ليومي الخرق الأمني المعادي: 37 شهيدا و2931 جريحا,2024-09-19,central,in_manifest_not_candidate,wayback,20240924053058,,manifest-kw
