url,first_capture,source,event_candidate
https://www.nna-leb.gov.lb/ar/%D8%A3%D9%85%D9%86-%D9%88%D9%82%D8%B6%D8%A7%D8%A1/619701/%D8%A7%D9%84%D8%AC%D9%8A%D8%B4-%D8%AA%D9%88%D9%82%D9%8A%D9%81-%D9%81%D9%84%D8%B3%D8%B7%D9%8A%D9%86%D9%8A-%D9%81%D9%8A-%D8%A3%D9%86%D8%B7%D9%84%D9%8A%D8%A7%D8%B3-%D9%88%D9%85%D9%88%D8%A7%D8%B7%D9%86-%D9%81%D9%8A-%D8%AD%D9%8A-%D8%A7%D9%84%D8%AC%D8%A7%D9%85%D8%B9,20241004000817,cdx,0
https://www.nna-leb.gov.lb/ar/%D8%A3%D9%85%D9%86-%D9%88%D9%82%D8%B6%D8%A7%D8%A1/660936/%D8%A7%D9%84%D8%B7%D9%8A%D8%B1%D8%A7%D9%86-%D8%A7%D9%84%D8%AD%D8%B1%D8%A8%D9%8A-%D8%A7%D9%84%D8%A5%D8%B3%D8%B1%D8%A7%D8%A6%D9%8A%D9%84%D9%8A-%D8%B4%D9%86-%D8%BA%D8%A7%D8%B1%D8%A7%D8%AA-%D8%B9%D9%84%D9%89-%D8%B1%D8%A7%D9%85%D9%8A%D8%A9-%D9%88%D8%A8%D9%8A%D8%AA,20241004000214,cdx,0
https://www.nna-leb.gov.lb/ar/%D8%A5%D9%82%D8%AA%D8%B5%D8%A7%D8%AF/684835/%D9%85%D9%88%D8%AF%D8%B9%D9%88%D9%86-%D8%AA%D8%AC%D9%85%D8%B9%D9%88%D8%A7-%D8%A3%D9%85%D8%A7%D9%85-%D8%A7%D9%84%D9%85%D8%B5%D8%A7%D8%B1%D9%81-%D9%81%D9%8A-%D8%A7%D9%84%D9%82%D8%B1%D9%89-%D8%A7%D9%84%D8%AD%D8%AF%D9%88%D8%AF%D9%8A%D8%A9-%D9%88%D9%83%D8%AA%D8%A8%D9%88,20241003223726,cdx,0
https://www.nna-leb.gov.lb/ar/%D8%A5%D9%82%D8%AA%D8%B5%D8%A7%D8%AF/720574/%D9%81%D9%8A%D8%A7%D8%B6-%D8%A3%D8%B7%D9%84%D9%82-%D9%85%D9%86%D8%A7%D9%82%D8%B5%D8%A9-%D8%AC%D8%AF%D9%8A%D8%AF%D8%A9-%D9%84%D8%A8%D9%86%D8%A7%D8%A1-%D9%85%D8%AD%D8%B7%D8%A9-%D8%B7%D8%A7%D9%82%D8%A9-%D8%B4%D9%85%D8%B3%D9%8A%D8%A9-%D8%B3%D9%8A%D8%AA%D9%85,20241003231506,cdx,0
https://www.nna-leb.gov.lb/ar/%D8%A7%D9%83%D8%B3-%D8%AA%D9%88%D9%8A%D8%AA%D8%B1/640645/%D8%A7%D9%8A%D9%88%D8%A8-%D9%87%D9%83%D8%B0%D8%A7-%D8%AA%D8%A8%D8%AF%D8%AF%D8%AA-%D8%A7%D9%85%D9%88%D8%A7%D9%84-%D8%A7%D9%84%D9%85%D9%88%D8%AF%D8%B9%D9%8A%D9%86-%D8%B9%D9%84%D9%89-%D8%B3%D9%86%D9%88%D8%A7%D8%AA-%D9%88%D8%A8%D8%AA%D9%88%D8%A7%D8%B7%D8%A4-%D9%88,20241006015553,cdx,0
https://www.nna-leb.gov.lb/ar/%D8%A7%D9%83%D8%B3-%D8%AA%D9%88%D9%8A%D8%AA%D8%B1/642924/%D8%B3%D9%83%D8%A7%D9%81-%D8%A3%D9%85%D9%8A%D9%86-%D9%85%D8%B9%D9%84%D9%88%D9%81-%D9%88%D8%AC%D9%87-%D9%84%D8%A8%D9%86%D8%A7%D9%86-%D8%A7%D9%84%D8%AD%D9%82%D9%8A%D9%82%D9%8A,20241003224943,cdx,0
https://www.nna-leb.gov.lb/ar/%D8%A7%D9%83%D8%B3-%D8%AA%D9%88%D9%8A%D8%AA%D8%B1/658700/%D8%A7%D9%84%D9%82%D8%A7%D8%B6%D9%8A%D8%A9-%D8%BA%D8%A7%D8%AF%D8%A9-%D8%B9%D9%88%D9%86-%D8%A7%D9%84%D8%AF%D9%88%D8%A7%D8%A6%D8%B1-%D8%A7%D9%84%D8%B9%D9%82%D8%A7%D8%B1%D9%8A%D8%A9-%D9%81%D9%8A-%D8%AC%D8%A8%D9%84-%D9%84%D8%A8%D9%86%D8%A7%D9%86-%D8%A7%D9%88%D9%83,20241015114910,cdx,0
https://www.nna-leb.gov.lb/ar/%D8%A7%D9%83%D8%B3-%D8%AA%D9%88%D9%8A%D8%AA%D8%B1/660749/%D8%B9%D9%82%D9%8A%D8%B5-%D9%86%D8%AD%D8%B0%D8%B1-%D9%85%D9%86-%D8%A3%D9%8A-%D9%85%D8%B1%D8%B3%D9%88%D9%85-%D8%AA%D9%81%D8%B1%D8%BA-%D9%81%D9%8A-%D8%A7%D9%84%D9%84%D8%A8%D9%86%D8%A7%D9%86%D9%8A%D8%A9-%D9%84%D8%A7-%D9%8A%D8%B1%D8%A7%D8%B9%D9%8A-%D8%A7,20241006013917,cdx,0
https://www.nna-leb.gov.lb/ar/%D8%A7%D9%83%D8%B3-%D8%AA%D9%88%D9%8A%D8%AA%D8%B1/661109/%D8%AA%D8%B1%D8%B2%D9%8A%D8%A7%D9%86-%D9%84%D8%AA%D8%AD%D8%B1%D9%8A%D8%B1-%D8%A7%D9%84%D9%85%D8%B9%D8%AA%D9%82%D9%84-%D9%81%D9%8A%D9%83%D9%8A%D9%86-%D9%88%D8%A5%D8%B9%D8%A7%D8%AF%D8%AA%D9%87-%D8%A5%D9%84%D9%89-%D8%A3%D9%87%D9%84%D9%87,20241015121739,cdx,0
https://www.nna-leb.gov.lb/ar/%D8%A7%D9%83%D8%B3-%D8%AA%D9%88%D9%8A%D8%AA%D8%B1/661865/%D8%A7%D9%84%D8%AE%D8%A7%D8%B2%D9%86-%D9%84%D8%AD%D9%85%D8%A7%D9%8A%D8%A9-%D8%A7%D9%84%D8%AC%D9%8A%D8%B4-%D9%85%D9%86-%D8%A7%D9%84%D8%B4%D8%BA%D9%88%D8%B1-%D8%A8%D8%A7%D9%84%D9%82%D9%8A%D8%A7%D8%AF%D8%A9,20241015134528,cdx,0
https://www.nna-leb.gov.lb/ar/%D8%A7%D9%83%D8%B3/678268/%D8%A8%D9%88-%D8%B9%D8%A7%D8%B5%D9%8A-%D9%84%D9%84%D8%AF%D9%81%D8%A7%D8%B9-%D8%A7%D9%84%D9%85%D8%AF%D9%86%D9%8A-%D8%AA%D8%B9%D8%B1%D8%B6%D9%88%D9%86-%D8%AD%D9%8A%D8%A7%D8%AA%D9%83%D9%85-%D9%84%D9%84%D8%AE%D8%B7%D8%B1-%D8%AE%D8%AF%D9%85%D8%A9-%D9%84%D9%84%D9%85,20241006001924,cdx,0
https://www.nna-leb.gov.lb/ar/%D8%A7%D9%83%D8%B3/694458/%D9%85%D8%AE%D8%B2%D9%88%D9%85%D9%8A-%D9%85%D9%86-%D9%88%D8%A7%D8%B4%D9%86%D8%B7%D9%86-%D9%85%D9%86-%D8%A7%D9%84%D9%85%D9%87%D9%85-%D8%A7%D9%86%D8%AC%D8%A7%D8%B2%D9%85%D9%84%D9%81-%D8%B1%D8%A6%D8%A7%D8%B3%D8%A9-%D8%A7%D9%84%D8%AC%D9%85%D9%87%D9%88%D8%B1%D9%8A%D8%A9,20241015130738,cdx,0
https://www.nna-leb.gov.lb/ar/%D8%A7%D9%83%D8%B3/726050/%D8%A8%D9%84%D8%A7%D8%B3%D8%AE%D8%A7%D8%B1%D8%AA-%D8%A2%D9%84%D9%8A%D8%A9-%D8%A7%D9%84%D8%AD%D8%B1%D8%A8-%D8%AA%D9%81%D8%B4%D9%84-%D9%81%D9%8A-%D9%85%D8%B9%D8%A7%D9%84%D8%AC%D8%A9-%D8%A7%D9%84%D9%82%D8%B6%D8%A7%D9%8A%D8%A7-%D8%A7%D9%84%D8%A7%D8%B3%D8%A7%D8%B3%D9%8A,20241007054856,cdx,0
https://www.nna-leb.gov.lb/ar/%D8%A7%D9%83%D8%B3/726155/%D8%B3%D9%84%D9%8A%D9%85-%D8%B9%D9%88%D9%86-%D9%84%D8%A8%D9%86%D8%A7%D9%86-%D9%83%D8%A7%D9%86-%D9%88%D8%B3%D9%8A%D8%A8%D9%82%D9%89-%D9%85%D9%82%D8%A8%D8%B1%D8%A9-%D9%84%D9%83%D9%84-%D9%85%D8%AD%D8%AA%D9%84-%D8%A7%D9%88-%D8%BA%D8%A7%D8%B2,20241007055936,cdx,0
https://www.nna-leb.gov.lb/ar/%D8%A7%D9%83%D8%B3/726181/%D8%A7%D9%84%D8%A7%D8%AD%D8%AF%D8%A8-%D8%A7%D8%B7%D8%A7%D9%84%D8%A8-%D8%A8%D8%B1%D9%8A-%D8%A7%D9%84%D8%A7-%D9%8A%D9%86%D8%AA%D8%B8%D8%B1-%D9%88%D9%82%D9%81-%D8%A5%D8%B7%D9%84%D8%A7%D9%82-%D8%A7%D9%84%D9%86%D8%A7%D8%B1-%D9%88%D9%8A%D8%AF%D8%B9%D9%88-%D8%A8,20241007051430,cdx,0
https://www.nna-leb.gov.lb/ar/%D8%A7%D9%83%D8%B3/726312/%D9%88%D8%B2%D9%8A%D8%B1-%D8%A7%D9%84%D8%A7%D8%B4%D8%BA%D8%A7%D9%84-%D9%8A%D8%B9%D9%84%D9%86-%D8%A7%D8%B9%D8%A7%D8%AF%D8%A9-%D9%81%D8%AA%D8%AD-%D8%A7%D9%84%D8%A7%D8%AC%D9%88%D8%A7%D8%A1-%D8%A7%D9%84%D9%84%D8%A8%D9%86%D8%A7%D9%86%D9%8A%D8%A9-%D9%88%D8%A7%D8%B9%D8%A7,20241007051554,cdx,0
https://www.nna-leb.gov.lb/ar/%D8%A7%D9%84%D9%85%D9%81%D9%83%D8%B1%D8%A9/658089/%D8%A7%D9%84%D9%85%D9%81%D9%83%D8%B1%D8%A9-%D9%84%D9%8A%D9%88%D9%85-%D8%A7%D9%84%D8%AB%D9%84%D8%AB%D8%A7%D8%A1-28-%D8%AA%D8%B4%D8%B1%D9%8A%D9%86-%D8%A7%D9%84%D8%AB%D8%A7%D9%86%D9%8A-2023,20241015123148,cdx,0
https://www.nna-leb.gov.lb/ar/%D8%A7%D9%84%D9%85%D9%81%D9%83%D8%B1%D8%A9/658242/%D8%A7%D9%84%D9%85%D9%81%D9%83%D8%B1%D8%A9-%D9%84%D9%8A%D9%88%D9%85-%D8%A7%D9%84%D8%A3%D8%B1%D8%A8%D8%B9%D8%A7%D8%A1-29-%D8%AA%D8%B4%D8%B1%D9%8A%D9%86-%D8%A7%D9%84%D8%AB%D8%A7%D9%86%D9%8A-2023,20241003231639,cdx,0
https://www.nna-leb.gov.lb/ar/%D8%A7%D9%84%D9%85%D9%81%D9%83%D8%B1%D8%A9/659685/%D8%A7%D9%84%D9%85%D9%81%D9%83%D8%B1%D8%A9-%D9%84%D9%8A%D9%88%D9%85-%D8%A7%D9%84%D8%AB%D9%84%D8%AB%D8%A7%D8%A1-5-%D9%83%D8%A7%D9%86%D9%88%D9%86-%D8%A7%D9%84%D8%A3%D9%88%D9%84-2023,20241003225953,cdx,0
https://www.nna-leb.gov.lb/ar/%D8%A7%D9%84%D9%85%D9%81%D9%83%D8%B1%D8%A9/660851/%D8%A7%D9%84%D9%85%D9%81%D9%83%D8%B1%D8%A9-%D9%84%D9%8A%D9%88%D9%85-%D8%A7%D9%84%D8%A7%D8%AD%D8%AF-10-%D9%83%D8%A7%D9%86%D9%88%D9%86-%D8%A7%D9%84%D8%A7%D9%88%D9%84-2023,20241012041416,cdx,0
https://www.nna-leb.gov.lb/ar/%D8%A7%D9%84%D9%85%D9%81%D9%83%D8%B1%D8%A9/661399/%D8%A7%D9%84%D9%85%D9%81%D9%83%D8%B1%D8%A9-%D9%84%D9%8A%D9%88%D9%85-%D8%A7%D9%84%D8%AB%D9%84%D8%AB%D8%A7%D8%A1-12-%D9%83%D8%A7%D9%86%D9%88%D9%86-%D8%A7%D9%84%D8%A3%D9%88%D9%84-2023,20241015134232,cdx,0
https://www.nna-leb.gov.lb/ar/%D8%A7%D9%84%D9%85%D9%81%D9%83%D8%B1%D8%A9/677061/%D8%A7%D9%84%D9%85%D9%81%D9%83%D8%B1%D8%A9-%D9%84%D9%8A%D9%88%D9%85-%D8%A7%D9%84%D8%AB%D9%84%D8%AB%D8%A7%D8%A1-20-%D8%B4%D8%A8%D8%A7%D8%B7-2024,20241012035705,cdx,0
https://www.nna-leb.gov.lb/ar/%D8%A7%D9%84%D9%85%D9%81%D9%83%D8%B1%D8%A9/684794/%D8%A7%D9%84%D9%85%D9%81%D9%83%D8%B1%D8%A9-%D9%84%D9%8A%D9%88%D9%85-%D8%A7%D9%84%D8%AC%D9%85%D8%B9%D8%A9-5-%D9%86%D9%8A%D8%B3%D8%A7%D9%86-2024,20241006010854,cdx,0
https://www.nna-leb.gov.lb/ar/%D8%A7%D9%84%D9%85%D9%81%D9%83%D8%B1%D8%A9/722835/%D8%A7%D9%84%D9%85%D9%81%D9%83%D8%B1%D8%A9-%D9%84%D9%8A%D9%88%D9%85-%D8%A7%D9%84%D8%A5%D8%AB%D9%86%D9%8A%D9%86-23-%D8%A3%D9%8A%D9%84%D9%88%D9%84-2024,20240924170041,cdx,0
https://www.nna-leb.gov.lb/ar/%D8%A7%D9%84%D9%85%D9%81%D9%83%D8%B1%D8%A9/723423/%D8%A7%D9%84%D9%85%D9%81%D9%83%D8%B1%D8%A9-%D9%84%D9%8A%D9%88%D9%85-%D8%A7%D9%84%D8%A3%D8%B1%D8%A8%D8%B9%D8%A7%D8%A1-25-%D8%A3%D9%8A%D9%84%D9%88%D9%84-2024,20240926042516,cdx,0
https://www.nna-leb.gov.lb/ar/%D8%A7%D9%84%D9%85%D9%81%D9%83%D8%B1%D8%A9/725720/%D8%A7%D9%84%D9%85%D9%81%D9%83%D8%B1%D8%A9-%D9%84%D9%8A%D9%88%D9%85-%D8%A7%D9%84%D8%A3%D8%B1%D8%A8%D8%B9%D8%A7%D8%A1-2-%D8%AA%D8%B4%D8%B1%D9%8A%D9%86-%D8%A7%D9%84%D8%A3%D9%88%D9%84-2024,20241007055903,cdx,0
https://www.nna-leb.gov.lb/ar/%D8%A7%D9%84%D9%85%D9%81%D9%83%D8%B1%D8%A9/725848/%D8%A7%D9%84%D9%85%D9%81%D9%83%D8%B1%D8%A9-%D9%84%D9%8A%D9%88%D9%85-%D8%A7%D9%84%D8%AE%D9%85%D9%8A%D8%B3-3-%D8%AA%D8%B4%D8%B1%D9%8A%D9%86-%D8%A7%D9%84%D8%A7%D9%88%D9%84-2024,20241007053911,cdx,0
https://www.nna-leb.gov.lb/ar/%D8%A7%D9%84%D9%85%D9%81%D9%83%D8%B1%D8%A9/726168/%D8%A7%D9%84%D9%85%D9%81%D9%83%D8%B1%D8%A9-%D9%84%D9%8A%D9%88%D9%85-%D8%A7%D9%84%D8%AC%D9%85%D8%B9%D8%A9-4-%D8%AA%D8%B4%D8%B1%D9%8A%D9%86-%D8%A7%D9%84%D8%A7%D9%88%D9%84-2024,20241007042031,cdx,0
https://www.nna-leb.gov.lb/ar/%D8%AA%D8%AD%D9%82%D9%8A%D9%82%D8%A7%D8%AA-%D9%88%D9%85%D9%84%D9%81%D8%A7%D8%AA-%D8%B3%D8%A7%D8%AE%D9%86%D8%A9/668239/%D8%A5%D9%82%D9%84%D9%8A%D9%85-%D9%83%D8%B3%D8%B1%D9%88%D8%A7%D9%86-%D8%A7%D9%84%D8%AB%D8%A7%D9%86%D9%8A-%D9%81%D9%8A-%D9%83%D8%A7%D8%B1%D9%8A%D8%AA%D8%A7%D8%B3-%D9%8A%D8%AA%D8%A7%D8%A8%D8%B9-%D8%B9%D9%85%D9%84%D9%87-%D8%A8%D8%B2%D8%AE%D9%85-%D8%B3%D9%8A%D9%81,20241006011339,cdx,0
https://www.nna-leb.gov.lb/ar/%D8%AA%D8%AD%D9%82%D9%8A%D9%82%D8%A7%D8%AA-%D9%88%D9%85%D9%84%D9%81%D8%A7%D8%AA-%D8%B3%D8%A7%D8%AE%D9%86%D8%A9/678632/%D9%81%D8%A7%D9%86%D8%A7-%D8%B9%D9%85%D9%85-%D8%A7%D9%84%D9%86%D8%B4%D8%B1%D8%A9-%D8%A7%D9%84%D8%B5%D8%AD%D9%8A%D8%A9-%D9%84%D9%84%D9%88%D9%83%D8%A7%D9%84%D8%A9-%D8%A7%D9%84%D9%88%D8%B7%D9%86%D9%8A%D8%A9-%D9%84%D9%84%D8%A7%D8%B9%D9%84%D8%A7%D9%85-%D9%88%D8%B2%D8%A7,20241015112841,cdx,0
https://www.nna-leb.gov.lb/ar/%D8%AA%D8%AD%D9%82%D9%8A%D9%82%D8%A7%D8%AA-%D9%88%D9%85%D9%84%D9%81%D8%A7%D8%AA-%D8%B3%D8%A7%D8%AE%D9%86%D8%A9/711886/%D8%A5%D9%87%D8%AF%D9%86-%D8%AA%D8%B3%D8%AA%D8%B9%D8%AF-%D8%BA%D8%AF-%D8%A7-%D9%84%D9%82%D8%AF%D8%A7%D8%B3-%D8%A7%D9%84%D8%B4%D9%83%D8%B1-%D8%A8%D8%B9%D8%AF-%D8%AA%D8%B7%D9%88%D9%8A%D8%A8-%D8%A7%D9%84%D8%A8%D8%B7%D8%B1%D9%8A%D8%B1%D9%83-%D8%A7%D9%84%D8%AF,20240924140033,cdx,0
https://www.nna-leb.gov.lb/ar/%D8%AA%D8%AD%D9%82%D9%8A%D9%82%D8%A7%D8%AA-%D9%88%D9%85%D9%84%D9%81%D8%A7%D8%AA-%D8%B3%D8%A7%D8%AE%D9%86%D8%A9/724535/6000-%D9%86%D8%A7%D8%B2%D8%AD-%D8%AA%D9%88%D8%B2%D8%B9%D9%88%D8%A7-%D8%B9%D9%84%D9%89-20-%D9%85%D8%B1%D9%83%D8%B2-%D8%A7%D9%8A%D9%88%D8%A7%D8%A1-%D9%81%D9%8A-%D8%B5%D9%8A%D8%AF%D8%A7-%D8%BA%D9%86%D9%89-%D9%81%D9%8A,20241007043440,cdx,0
https://www.nna-leb.gov.lb/ar/%D8%AA%D8%AD%D9%82%D9%8A%D9%82%D8%A7%D8%AA-%D9%88%D9%85%D9%84%D9%81%D8%A7%D8%AA-%D8%B3%D8%A7%D8%AE%D9%86%D8%A9/724888/%D8%AC%D9%86%D9%88%D8%A8%D9%8A%D9%88%D9%86-%D9%8A%D8%B1%D9%88%D9%88%D9%86-%D8%B1%D8%AD%D9%84%D8%A9-%D9%86%D8%B2%D9%88%D8%AD%D9%87%D9%85-%D8%A5%D9%84%D9%89-%D8%B5%D9%8A%D8%AF%D8%A7-%D9%85%D8%B9%D8%A7%D9%86%D8%A7%D8%A9-%D8%A7%D9%84%D9%85%D8%A7%D8%B6%D9%8A-%D8%AA,20241007060446,cdx,0
https://www.nna-leb.gov.lb/ar/%D8%AA%D8%B1%D8%A8%D9%8A%D8%A9-%D9%88%D8%AB%D9%82%D8%A7%D9%81%D8%A9/661627/%D8%A7%D9%84%D8%AC%D8%A7%D9%85%D8%B9%D8%A9-%D8%A7%D9%84%D9%84%D8%A8%D9%86%D8%A7%D9%86%D9%8A%D8%A9-%D8%AA%D9%82%D9%81%D9%84-%D8%A3%D8%A8%D9%88%D8%A7%D8%A8%D9%87%D8%A7-%D8%BA%D8%AF-%D8%A7-%D8%AA%D8%B6%D8%A7%D9%85%D9%86-%D8%A7-%D9%85%D8%B9-%D8%BA%D8%B2%D8%A9,20241015122127,cdx,0
https://www.nna-leb.gov.lb/ar/%D8%AA%D9%88%D9%8A%D8%AA%D8%B1/593081/%D8%B6%D8%A7%D9%87%D8%B1-%D9%8A%D9%83%D9%81%D9%8A%D9%86%D8%A7-%D8%AD%D9%84%D9%88%D9%84%D8%A7-%D8%AA%D8%B1%D9%82%D9%8A%D8%B9%D9%8A%D8%A9,20241006015257,cdx,0
https://www.nna-leb.gov.lb/ar/%D8%AA%D9%88%D9%8A%D8%AA%D8%B1/604709/%D8%AE%D8%B6%D8%B1-%D8%A7%D8%B3%D8%AA%D9%82%D8%A7%D9%84%D8%A9-%D8%B1%D8%A6%D9%8A%D8%B3-%D8%A8%D9%84%D8%AF%D9%8A%D8%A9-%D8%A8%D8%B9%D9%84%D8%A8%D9%83-%D9%85%D9%86-%D8%B1%D8%A6%D8%A7%D8%B3%D8%A9-%D9%88%D8%B9%D8%B6%D9%88%D9%8A%D8%A9-%D8%A7%D9%84%D9%85%D8%AC%D9%84,20241015133552,cdx,0
https://www.nna-leb.gov.lb/ar/%D8%AA%D9%88%D9%8A%D8%AA%D8%B1/605346/%D8%B6%D8%A7%D9%87%D8%B1-%D9%85%D9%88%D8%B6%D9%88%D8%B9-%D8%B1%D8%A6%D8%A7%D8%B3%D8%A9-%D8%A7%D9%84%D8%AC%D9%85%D9%87%D9%88%D8%B1%D9%8A%D8%A9-%D9%88-%D8%B6-%D8%B9-%D8%B9%D9%84%D9%89-%D9%86%D8%A7%D8%B1-%D8%AD%D8%A7%D9%85%D9%8A%D8%A9-%D8%AE%D8%A7%D8%B1,20241003225819,cdx,0
https://www.nna-leb.gov.lb/ar/%D8%AA%D9%88%D9%8A%D8%AA%D8%B1/617271/%D8%A7%D9%84%D9%85%D8%B1%D8%AA%D8%B6%D9%89-%D8%A8%D8%B9%D8%AF-%D8%A7%D8%AE%D8%AA%D8%AA%D8%A7%D9%85-%D8%AA%D8%B1%D9%85%D9%8A%D9%85-%D9%85%D8%B9%D8%A8%D8%AF-%D8%AC%D9%88%D8%A8%D9%8A%D8%AA%D9%8A%D8%B1-%D8%A3-%D8%B9%D8%B7%D9%8A-%D9%84%D8%A8%D8%B9%D9%84%D8%A8%D9%83,20241015133226,cdx,0
https://www.nna-leb.gov.lb/ar/%D8%AA%D9%88%D9%8A%D8%AA%D8%B1/617889/%D8%A8%D8%B3%D8%AA%D8%A7%D9%86%D9%8A-%D8%A7%D9%84%D8%B1%D8%A6%D9%8A%D8%B3-%D8%A8%D8%A7%D9%84%D9%88%D9%83%D8%A7%D9%84%D8%A9-%D8%B9%D9%85-%D8%A8%D9%8A%D8%AE%D8%B3-%D8%B1-%D9%84%D8%A8%D9%86%D8%A7%D9%86-%D8%AD%D9%82-%D8%A7%D9%84%D8%AD%D9%81%D8%A7%D8%B8-%D8%B9,20241015134418,cdx,0
https://www.nna-leb.gov.lb/ar/%D8%AA%D9%88%D9%8A%D8%AA%D8%B1/618338/%D8%B5%D8%A7%D8%AF%D9%82-%D9%81%D9%8A-%D8%AD%D8%A7%D9%84-%D8%A7%D9%84%D8%AA%D8%A6%D8%A7%D9%85-%D8%AC%D9%84%D8%B3%D8%A9-%D9%84%D8%A7%D9%86%D8%AA%D8%AE%D8%A7%D8%A8-%D8%B1%D8%A6%D9%8A%D8%B3-%D8%B3%D9%8A%D9%83%D9%88%D9%86-%D8%A5%D9%81%D9%82%D8%A7%D8%AF-%D9%86,20241003222115,cdx,0
https://www.nna-leb.gov.lb/ar/%D8%AA%D9%88%D9%8A%D8%AA%D8%B1/619599/%D8%BA%D9%8A%D8%A7%D8%AB-%D9%8A%D8%B2%D8%A8%D9%83-%D8%B9%D8%B0%D8%B1%D8%A7-%D9%81%D8%AC%D8%B1-%D8%B9%D8%B0%D8%B1%D8%A7-%D8%B4%D8%B9%D8%A8-%D8%A7%D9%84%D9%83%D9%88%D9%8A%D8%AA,20241003231830,cdx,0
https://www.nna-leb.gov.lb/ar/%D8%AA%D9%88%D9%8A%D8%AA%D8%B1/619647/%D8%A8%D8%AE%D8%A7%D8%B1%D9%8A-%D8%A8%D8%AD%D8%AB-%D9%85%D8%B9-%D8%B7%D8%B1%D8%A7%D9%81-%D9%81%D9%8A-%D8%A7%D9%84%D8%AA%D8%B7%D9%88%D8%B1%D8%A7%D8%AA-%D8%A7%D9%84%D9%84%D8%A8%D9%86%D8%A7%D9%86%D9%8A%D8%A9,20241003223649,cdx,0
https://www.nna-leb.gov.lb/ar/%D8%B1%D9%8A%D8%A7%D8%B6%D8%A9/617248/%D9%86%D8%A7%D8%AF%D9%8A-%D8%B3%D8%A8%D9%8A%D8%AF-%D8%A8%D9%88%D9%84-%D9%86%D8%B1%D9%81%D8%B6-%D9%82%D8%B1%D8%A7%D8%B1-%D8%A7%D8%AA%D8%AD%D8%A7%D8%AF-%D8%A7%D9%84%D9%83%D8%B1%D8%A9-%D8%A7%D9%84%D8%B7%D8%A7%D8%A6%D8%B1%D8%A9-%D9%88%D9%86%D9%86%D8%AA%D8%B8%D8%B1,20241015125635,cdx,0
https://www.nna-leb.gov.lb/ar/%D8%B1%D9%8A%D8%A7%D8%B6%D8%A9/618839/%D9%85%D8%A7%D8%B1%D9%8A%D9%8A%D9%84%D9%84%D8%A7-%D8%A8%D9%88-%D8%AD%D8%A8%D9%8A%D8%A8-%D9%83%D8%A7%D8%AF%D8%AA-%D8%AA%D9%86%D8%AA%D8%B2%D8%B9-%D9%85%D9%8A%D8%AF%D8%A7%D9%84%D9%8A%D8%A9-%D9%81%D9%8A-%D8%A8%D8%B7%D9%88%D9%84%D8%A9-%D8%A7%D9%84%D8%B9%D8%A7%D9%84,20241015121550,cdx,0
https://www.nna-leb.gov.lb/ar/%D8%B1%D9%8A%D8%A7%D8%B6%D8%A9/640670/%D8%B7%D9%8A%D8%B1%D8%A7%D9%86-%D8%A7%D9%84%D8%A7%D9%85%D8%A7%D8%B1%D8%A7%D8%AA-%D8%AA%D8%B1%D8%B9%D9%89-%D9%86%D8%A7%D8%AF%D9%8A-%D8%A8%D9%8A%D8%B1%D9%88%D8%AA-%D9%81%D9%8A%D8%B1%D8%B3%D8%AA-%D9%84%D9%83%D8%B1%D8%A9-%D8%A7%D9%84%D8%B3%D9%84%D8%A9,20241015114151,cdx,0
https://www.nna-leb.gov.lb/ar/%D8%B1%D9%8A%D8%A7%D8%B6%D8%A9/660907/%D9%81%D9%88%D8%B2-%D8%A7%D9%84%D8%B1%D9%8A%D8%A7%D8%B6%D9%8A-%D8%B9%D9%84%D9%89-%D8%A7%D9%84%D9%88%D8%AD%D8%AF%D8%A9-%D8%A7%D9%84%D8%B3%D9%88%D8%B1%D9%8A-%D9%81%D9%8A-%D8%B3%D9%84%D8%A9-%D8%BA%D8%B1%D8%A8-%D8%A2%D8%B3%D9%8A%D8%A7-%D8%A8%D8%AF%D9%85%D8%B4,20241015125356,cdx,0
https://www.nna-leb.gov.lb/ar/%D8%B1%D9%8A%D8%A7%D8%B6%D8%A9/675782/%D9%88%D8%B2%D8%A7%D8%B1%D8%A9-%D8%A7%D9%84%D8%B4%D8%A8%D8%A7%D8%A8-%D8%AD%D8%AF%D8%AF%D8%AA-7-%D8%A2%D8%B0%D8%A7%D8%B1-%D9%85%D9%88%D8%B9%D8%AF%D8%A7-%D9%84%D8%AD%D9%81%D9%84-%D8%AE%D8%AA%D8%A7%D9%85-%D8%A8%D9%8A%D8%B1%D9%88%D8%AA-%D8%B9%D8%A7%D8%B5,20241003232913,cdx,0
https://www.nna-leb.gov.lb/ar/%D8%B1%D9%8A%D8%A7%D8%B6%D8%A9/675893/%D8%A5%D8%AE%D8%AA%D8%AA%D8%A7%D9%85-%D9%85%D8%A8%D8%A7%D8%B1%D8%A7%D8%A9-%D9%83%D8%B1%D8%A9-%D8%A7%D9%84%D9%82%D8%AF%D9%85-%D9%84%D9%84%D8%B5%D8%A7%D9%84%D8%A7%D8%AA-%D8%A7%D9%84%D9%85%D8%AF%D8%B1%D8%B3%D9%8A%D8%A9-%D9%81%D9%8A-%D8%A8%D8%B9%D9%84%D8%A8%D9%83,20241015125834,cdx,0
https://www.nna-leb.gov.lb/ar/%D8%B1%D9%8A%D8%A7%D8%B6%D8%A9/688927/%D9%86%D8%A7%D8%AF%D9%8A-%D8%B4%D8%A8%D8%A7%D8%A8-%D8%B9%D8%AF%D9%84%D9%88%D9%86-%D9%83%D8%B1%D9%85-%D9%84%D8%A7%D8%B9%D8%A8%D9%8A%D9%87-%D9%84%D9%85%D9%86%D8%A7%D8%B3%D8%A8%D8%A9-%D8%AA%D8%AA%D9%88%D9%8A%D8%AC%D9%87-%D8%A8%D8%B7%D9%84-%D8%A7%D9%84%D8%AC,20241012041336,cdx,0
https://www.nna-leb.gov.lb/ar/%D8%B1%D9%8A%D8%A7%D8%B6%D8%A9/694540/%D8%AA%D8%B9%D8%A7%D8%AF%D9%84-%D8%A7%D9%84%D8%B5%D9%81%D8%A7%D8%A1-%D9%88-%D8%A7%D9%84%D8%A8%D8%B1%D8%AC-%D9%81%D9%8A-%D8%A8%D8%B7%D9%88%D9%84%D8%A9-%D9%83%D8%B1%D8%A9-%D8%A7%D9%84%D9%82%D8%AF%D9%85,20241006004649,cdx,0
https://www.nna-leb.gov.lb/ar/%D8%B3%D9%8A%D8%A7%D8%B3%D8%A9/191637/%D8%A7%D9%84%D9%88%D8%B2%D9%8A%D8%B1-%D8%AD%D8%B3%D9%86-%D8%A7%D9%84%D8%A8%D8%B7%D8%A7%D9%82%D8%A9-%D8%A7%D9%84%D8%AF%D9%88%D8%A7%D8%A6%D9%8A%D8%A9-%D8%A5%D9%86%D8%AC%D8%A7%D8%B2-%D9%88%D9%81%D9%88%D8%A7%D8%A6%D8%AF%D9%87%D8%A7-%D9%83%D8%AB%D9%8A%D8%B1%D8%A9-%D9%88,20241007050913,cdx,0
https://www.nna-leb.gov.lb/ar/%D8%B3%D9%8A%D8%A7%D8%B3%D8%A9/506356/%D8%A5%D8%B7%D9%84%D8%A7%D9%84%D8%A9-%D9%84%D9%84%D8%B3%D9%8A%D8%AF-%D9%86%D8%B5%D8%B1-%D8%A7%D9%84%D9%84%D9%87-%D9%85%D8%B3%D8%A7%D8%A1-%D8%A7%D9%84%D8%AC%D9%85%D8%B9%D8%A9-%D8%A7%D9%84%D9%85%D9%82%D8%A8%D9%84,20241015131511,cdx,0
https://www.nna-leb.gov.lb/ar/%D8%B3%D9%8A%D8%A7%D8%B3%D8%A9/525979/%D9%86%D8%AF%D8%A7%D8%A1-%D8%A7%D9%84%D9%88%D8%B7%D9%86-%D8%A7%D9%84%D8%AA%D8%B1%D8%B3%D9%8A%D9%85-%D9%87%D9%88%D9%83%D8%B4%D8%AA%D8%A7%D9%8A%D9%86-%D8%A3%D8%B1%D8%B3%D9%84-%D8%A5%D9%84%D9%89-%D8%B9%D9%88%D9%86-%D8%B9%D8%B1%D8%B6%D8%A7-%D9%85%D9%83%D8%AA%D9%88,20241007055601,cdx,0
https://www.nna-leb.gov.lb/ar/%D8%B3%D9%8A%D8%A7%D8%B3%D8%A9/542106/%D8%A7%D9%84%D8%B3%D9%87%D9%84%D8%A7%D9%88%D9%8A-%D9%87%D9%86%D8%A3-%D9%85%D9%8A%D9%82%D8%A7%D8%AA%D9%8A-%D8%A8%D9%86%D8%AC%D8%A7%D8%AD-%D8%A7%D9%84%D8%A7%D9%86%D8%AA%D8%AE%D8%A7%D8%A8%D8%A7%D8%AA-%D8%A7%D9%84%D9%86%D9%8A%D8%A7%D8%A8%D9%8A%D8%A9-%D9%82%D8%B7%D8%B1,20241006005021,cdx,0
https://www.nna-leb.gov.lb/ar/%D8%B3%D9%8A%D8%A7%D8%B3%D8%A9/552272/%D8%A7%D9%84%D8%A3%D8%AE%D8%A8%D8%A7%D8%B1-%D8%A7%D9%84%D8%BA%D8%B1%D8%A8-%D9%8A%D8%B6%D8%BA%D8%B7-%D9%85%D9%85%D9%86%D9%88%D8%B9-%D8%A5%D8%B9%D8%A7%D8%AF%D8%A9-%D8%A7%D9%84%D9%86%D8%A7%25D,20241007045222,cdx,0
https://www.nna-leb.gov.lb/ar/%D8%B3%D9%8A%D8%A7%D8%B3%D8%A9/571685/%D8%A7%D9%84%D9%84%D9%88%D8%A7%D8%A1-%D8%A7%D8%A8%D8%B1%D8%A7%D9%87%D9%8A%D9%85-%D8%A7%D8%B9%D8%A7%D8%AF%D8%A9-%D8%A7%D9%84%D9%86%D8%A7%D8%B2%D8%AD%D9%8A%D9%86-%D8%A7%D9%84%D8%B3%D9%88%D8%B1%D9%8A%D9%8A%D9%86-%D9%88%D8%A7%D8%AC%D8%A8-%D9%88%D8%B7%D9%86%D9%8A,20241012032435,cdx,0
https://www.nna-leb.gov.lb/ar/%D8%B3%D9%8A%D8%A7%D8%B3%D8%A9/588796/%D9%84%D8%A7-%D8%B1%D8%A6%D9%8A%D8%B3-%D9%84%D9%84%D8%A8%D9%86%D8%A7%D9%86-%D9%81%D9%8A-%D8%A7%D9%84%D8%AC%D9%84%D8%B3%D8%A9-%D8%A7%D9%84%D9%80-11,20241015120405,cdx,0
https://www.nna-leb.gov.lb/ar/%D8%B3%D9%8A%D8%A7%D8%B3%D8%A9/605043/%D8%A7%D9%84%D8%AA%D9%8A%D8%A7%D8%B1-%D8%A7%D9%84%D8%A7%D8%B3%D8%B9%D8%AF%D9%8A-%D8%AA%D8%AD%D9%88%D9%84-%D8%AE%D8%B7%D9%8A%D8%B1-%D8%AA%D8%B8%D9%87%D8%B1-%D9%85%D8%B9%D8%A7%D9%84%D9%85%D9%87-%D9%85%D9%86-%D8%AE%D9%84%D8%A7%D9%84-%D8%A7%D9%84%D8%A7%D9%86?fbclid=IwAR1u-XEZ0BaiXsoJFLH_yawUzu4iXxFKEmNCqPJTLYt1SY3brjMjfdECtds,20241007051539,cdx,0
https://www.nna-leb.gov.lb/ar/%D8%B3%D9%8A%D8%A7%D8%B3%D8%A9/605195/%D8%A7%D9%84%D8%B4%D8%B1%D9%82-%D8%A7%D9%84%D8%A3%D9%88%D8%B3%D8%B7-%D8%A5%D8%B6%D8%B1%D8%A7%D8%A8-%D9%85%D9%88%D8%B8%D9%81%D9%8A-%D9%87%D9%8A%D8%A6%D8%A9-%D8%A7%D9%84%D8%A7%D8%AA%D8%B5%D8%A7%D9%84%D8%A7%D8%AA-%D9%8A%D9%87%D8%AF%D8%AF-%D8%A8%D8%B9%D8%B2%D9%84,20241015113217,cdx,0
https://www.nna-leb.gov.lb/ar/%D8%B3%D9%8A%D8%A7%D8%B3%D8%A9/605576/%D8%B9%D9%88%D8%AF%D9%87-%D9%86%D8%AD%D8%AA%D8%A7%D8%AC-%D8%A5%D9%84%D9%89-%D9%82%D8%A7%D8%AF%D8%A9-%D9%84%D8%A7-%D8%B2%D8%B9%D9%85%D8%A7%D8%A1-%D9%88%D9%85%D9%81%D9%83%D8%B1%D9%8A%D9%86-%D8%B1%D8%A4%D9%8A%D9%88%D9%8A%D9%8A%D9%86-%D9%84%D8%A7-%D8%B3%D9%8A,20241015132238,cdx,0
https://www.nna-leb.gov.lb/ar/%D8%B3%D9%8A%D8%A7%D8%B3%D8%A9/605769/%D8%A7%D9%84%D9%82%D8%B5%D9%8A%D9%81%D9%8A-%D8%A3%D8%B9%D9%84%D9%86-%D8%AA%D9%82%D8%B1%D9%8A%D8%B1-%D8%A7%D9%84%D8%AD%D8%B1%D9%8A%D8%A7%D8%AA-%D8%A7%D9%84%D8%B5%D8%AD%D8%A7%D9%81%D9%8A%D8%A9-2022-%D9%84%D8%A5%D9%86%D8%B4%D8%A7%D8%A1-%D9%85%D8%AC,20241015125216,cdx,0
https://www.nna-leb.gov.lb/ar/%D8%B3%D9%8A%D8%A7%D8%B3%D8%A9/605997/%D8%A7%D9%84%D8%AA%D9%8A%D8%A7%D8%B1-%D8%A7%D9%84%D8%A7%D8%B3%D8%B9%D8%AF%D9%8A-%D8%A3%D9%8A-%D8%AA%D9%88%D8%A7%D9%81%D9%82-%D8%AD%D9%88%D9%84-%D8%A7%D9%84%D8%A5%D8%B3%D8%AA%D8%AD%D9%82%D8%A7%D9%82-%D8%A7%D9%84%D8%B1%D8%A6%D8%A7%D8%B3%D9%8A-%D9%85%D8%B3%D8%AA?fbclid=IwAR17i_1fWOeEo5n-t6PhzI_cKQEwbf4CutJIvLuZj_48e0VRTareSrfKzQI,20241007054432,cdx,0
https://www.nna-leb.gov.lb/ar/%D8%B3%D9%8A%D8%A7%D8%B3%D8%A9/607735/%D8%A7%D9%84%D8%AA%D9%8A%D8%A7%D8%B1-%D8%A7%D9%84%D8%A7%D8%B3%D8%B9%D8%AF%D9%8A-%D8%AA%D9%83%D8%B1%D9%8A%D8%B3-%D8%A7%D9%84%D9%81%D8%B1%D8%A7%D8%BA-%D8%A7%D9%84%D9%83%D8%A7%D9%85%D9%84-%D9%81%D9%8A-%D8%A5%D9%86%D8%AA%D8%B8%D8%A7%D8%B1-%D9%85%D8%A7-%D9%8A?fbclid=IwAR02rIG1IdQdwabjXuuh9KJtXuJuiszlRa-tLmsn2pmQko8iSexI049jHWc,20241007050530,cdx,0
https://www.nna-leb.gov.lb/ar/%D8%B3%D9%8A%D8%A7%D8%B3%D8%A9/608651/%D8%A7%D9%84%D8%AA%D9%8A%D8%A7%D8%B1-%D8%A7%D9%84%D8%A7%D8%B3%D8%B9%D8%AF%D9%8A-%D8%A7%D9%84%D9%85%D8%B4%D9%87%D8%AF-%D8%A7%D9%84%D8%B3%D9%8A%D8%A7%D8%B3%D9%8A-%D8%A7%D9%84%D8%B9%D8%A7%D9%85-%D8%B9%D8%A8%D8%A7%D8%B1%D8%A9-%D8%B9%D9%86-%D9%81%D9%88%D8%B6%D9%89?fbclid=IwAR2vCnc9-Z6v9WD9FQdq7kB8NH8YIWhlSCcWyBTxgfYVqzVThedxthlp3m4,20241007060409,cdx,0
https://www.nna-leb.gov.lb/ar/%D8%B3%D9%8A%D8%A7%D8%B3%D8%A9/609163/%D8%A7%D8%B7%D9%84%D8%A7%D9%82-%D8%A7%D9%84%D8%AD%D9%85%D9%84%D8%A9-%D8%A7%D9%84%D9%88%D8%B7%D9%86%D9%8A%D8%A9-%D9%84%D8%AA%D8%AD%D8%B1%D9%8A%D8%B1-%D9%84%D8%A8%D9%86%D8%A7%D9%86-%D9%85%D9%86-%D8%A7%D9%84%D8%A7%D8%AD%D8%AA%D9%84%D8%A7%D9%84-%D8%A7%D9%84%D8%AF%D9%8A,20241015114525,cdx,0
https://www.nna-leb.gov.lb/ar/%D8%B3%D9%8A%D8%A7%D8%B3%D8%A9/611459/%D8%A7%D9%84%D8%AA%D9%8A%D8%A7%D8%B1-%D8%A7%D9%84%D8%A7%D8%B3%D8%B9%D8%AF%D9%8A-%D8%B9%D9%88%D8%AF%D8%A9-%D8%A7%D9%84%D9%86%D8%A7%D8%B2%D8%AD%D9%8A%D9%86-%D9%84%D8%A7-%D9%8A%D9%85%D9%83%D9%86-%D8%A3%D9%86-%D8%AA%D8%AD%D8%B5%D9%84-%D8%A7%D9%84%D8%A7?fbclid=IwAR0JSuoQFEMirbzEcf_bpG1-QR8HmN0T35hxEsN9ZodvTYP2mgNqjANl-z0,20241007051941,cdx,0
https://www.nna-leb.gov.lb/ar/%D8%B3%D9%8A%D8%A7%D8%B3%D8%A9/616314/%D8%A3%D8%A8%D9%88-%D8%AD%D9%85%D8%AF%D8%A7%D9%86-%D9%85%D9%86-%D8%A7%D9%84%D8%BA%D8%A7%D8%B2%D9%8A%D8%A9-%D8%A3%D8%B5%D8%AD%D8%A7%D8%A8-%D8%A7%D9%84%D8%B3%D9%8A%D8%A7%D8%AF%D8%A9-%D9%87%D9%85-%D8%A7%D9%84%D8%B0%D9%8A%D9%86-%D8%B6%D8%AD%D9%88%D8%A7-%D8%A8,20241006020819,cdx,0
https://www.nna-leb.gov.lb/ar/%D8%B3%D9%8A%D8%A7%D8%B3%D8%A9/616586/%D8%AF%D8%B1%D8%BA%D8%A7%D9%85-%D8%B3%D9%86%D8%B5%D9%88%D8%AA-%D9%83%D8%AA%D9%83%D8%AA%D9%84-%D9%84%D8%A8%D9%86%D8%A7%D9%86-%D8%A7%D9%84%D9%82%D9%88%D9%8A-%D9%84%D8%B4%D8%AE%D8%B5-%D9%88%D8%A7%D8%AD%D8%AF-%D9%88%D8%A3%D9%8A-%D9%83%D9%84%D8%A7%D9%85-%D8%B9,20241015134118,cdx,0
https://www.nna-leb.gov.lb/ar/%D8%B3%D9%8A%D8%A7%D8%B3%D8%A9/617946/%D8%A7%D9%84%D9%85%D9%83%D8%A7%D8%B1%D9%8A-%D8%A7%D9%84%D8%A7%D8%B9%D9%84%D8%A7%D9%85-%D8%B4%D8%B1%D9%8A%D9%83-%D8%A3%D8%B3%D8%A7%D8%B3%D9%8A-%D9%81%D9%8A-%D8%A7%D9%84%D8%AD%D8%AF-%D9%85%D9%86-%D8%A7%D9%84%D9%83%D9%88%D8%A7%D8%B1%D8%AB-%D8%A8%D8%B3%D8%A8%D8%A8,20241003222031,cdx,0
https://www.nna-leb.gov.lb/ar/%D8%B3%D9%8A%D8%A7%D8%B3%D8%A9/619345/%D9%85%D9%8A%D9%82%D8%A7%D8%AA%D9%8A-%D9%83%D9%84%D9%81-%D9%88%D8%B2%D9%8A%D8%B1-%D8%A7%D9%84%D8%AE%D8%A7%D8%B1%D8%AC%D9%8A%D8%A9-%D8%AA%D9%85%D8%AB%D9%8A%D9%84-%D9%84%D8%A8%D9%86%D8%A7%D9%86-%D9%81%D9%8A-%D9%85%D8%A4%D8%AA%D9%85%D8%B1-%D8%A8%D8%B1%D9%88%D9%83,20241003233412,cdx,0
https://www.nna-leb.gov.lb/ar/%D8%B3%D9%8A%D8%A7%D8%B3%D8%A9/619459/%D8%B9%D8%AB%D9%85%D8%A7%D9%86-%D8%B9%D8%B1%D8%B6-%D8%A7%D9%84%D8%A7%D9%88%D8%B6%D8%A7%D8%B9-%D9%85%D8%B9-%D8%A7%D9%84%D8%B3%D9%81%D9%8A%D8%B1-%D8%A7%D9%84%D8%A7%D9%84%D9%85%D8%A7%D9%86%D9%8A,20241015112931,cdx,0
https://www.nna-leb.gov.lb/ar/%D8%B3%D9%8A%D8%A7%D8%B3%D8%A9/638355/%D8%AF%D8%B9%D9%85%D9%88%D8%B4-%D9%84%D8%A7%D8%AE%D9%8A%D8%A7%D8%B1-%D8%A3%D9%85%D8%A7%D9%85-%D8%A7%D9%84%D9%84%D8%A8%D9%86%D8%A7%D9%86%D9%8A%D9%8A%D9%86-%D8%BA%D9%8A%D8%B1-%D8%A7%D9%84%D8%AD%D9%88%D8%A7%D8%B1-%D9%88%D9%85%D9%86-%D9%8A%D8%B1%D9%8A%D8%AF-%D9%85,20241007043403,cdx,0
https://www.nna-leb.gov.lb/ar/%D8%B3%D9%8A%D8%A7%D8%B3%D8%A9/640660/%D8%A7%D9%84%D9%85%D9%83%D8%A7%D8%B1%D9%8A-%D8%A7%D9%84%D9%85%D8%A8%D8%A7%D8%AF%D8%B1%D8%A9-%D8%A7%D9%84%D9%81%D8%B1%D9%86%D8%B3%D9%8A%D8%A9-%D9%85%D8%A7-%D8%B2%D8%A7%D9%84%D8%AA-%D9%82%D8%A7%D8%A6%D9%85%D8%A9-%D9%88%D9%81%D8%B1%D9%86%D8%AC%D9%8A%D8%A9-%D9%85%D8%B1,20241015122014,cdx,0
https://www.nna-leb.gov.lb/ar/%D8%B3%D9%8A%D8%A7%D8%B3%D8%A9/640830/%D8%A7%D9%84%D8%B9%D9%84%D8%A7%D9%82%D8%A7%D8%AA-%D8%A7%D9%84%D8%AE%D8%A7%D8%B1%D8%AC%D9%8A%D8%A9-%D9%81%D9%8A-%D8%A7%D9%84%D9%82%D9%88%D8%A7%D8%AA-%D8%AA%D8%B7%D9%84%D9%82-%D9%84%D9%82%D8%A7%D8%A1%D8%A7%D8%AA-%D8%AF%D9%8A%D8%A8%D9%84%D9%88%D9%85%D8%A7%D8%B3%D9%8A%D8%A9,20241004000742,cdx,0
https://www.nna-leb.gov.lb/ar/%D8%B3%D9%8A%D8%A7%D8%B3%D8%A9/641460/%D8%A7%D9%84%D8%B1%D8%A7%D8%B9%D9%8A-%D9%81%D9%8A-%D8%A7%D8%AD%D8%AA%D9%81%D8%A7%D9%84-%D8%A8%D8%A7%D9%84%D9%8A%D9%88%D8%A8%D9%8A%D9%84-%D8%A7%D9%84%D8%B0%D9%87%D8%A8%D9%8A-%D9%84%D9%84%D8%A7%D8%A8%D8%B1%D8%B4%D9%8A%D8%A9-%D8%A7%D9%84%D9%85%D8%A7%D8%B1%D9%88%D9%86%D9%8A,20241015120757,cdx,0
https://www.nna-leb.gov.lb/ar/%D8%B3%D9%8A%D8%A7%D8%B3%D8%A9/641617/%D9%85%D8%B1%D9%83%D8%B2-%D8%A7%D9%84%D9%82%D9%88%D8%A7%D8%AA-%D9%81%D9%8A-%D8%A7%D9%84%D8%AC%D8%AF%D9%8A%D8%AF%D8%A9-%D8%A7%D8%AD%D9%8A%D8%A7-%D8%A7%D9%84%D8%B0%D9%83%D8%B1%D9%89-%D8%A7%D9%84%D8%A3%D9%88%D9%84%D9%89-%D9%84%D8%B1%D8%AD%D9%8A%D9%84-%D8%A3%D8%AD,20241003225019,cdx,0
https://www.nna-leb.gov.lb/ar/%D8%B3%D9%8A%D8%A7%D8%B3%D8%A9/654020/%D8%B3%D9%88%D8%B3%D8%A7%D9%86-%D8%A3%D9%85-%D8%B5%D9%84%D8%A7%D8%A9-%D8%A7%D9%84%D8%AC%D9%85%D8%B9%D8%A9-%D8%A7%D9%84%D8%AC%D8%A7%D9%85%D8%B9%D8%A9-%D9%81%D9%8A-%D9%85%D9%84%D8%B9%D8%A8-%D8%B5%D9%8A%D8%AF%D8%A7-%D8%A7%D9%84%D8%A8%D9%84%D8%AF%D9%8A-%D9%86,20241015115041,cdx,0
https://www.nna-leb.gov.lb/ar/%D8%B3%D9%8A%D8%A7%D8%B3%D8%A9/654585/%D8%A7%D9%84%D8%B4%D8%B1%D9%82-%D8%A7%D9%84%D8%A3%D9%88%D8%B3%D8%B7-%D8%AD%D8%B2%D8%A8-%D8%A7%D9%84%D9%84%D9%87-%D9%8A%D8%B5%D8%B9-%D8%AF-%D9%88%D8%B5%D9%88%D8%A7%D8%B1%D9%8A%D8%AE-%D9%82%D8%B3%D8%A7%D9%85-%D9%84%D8%A8%D9%86%D8%A7%D9%86-%D8%AA%D9%84%D8%A7,20241015122251,cdx,0
https://www.nna-leb.gov.lb/ar/%D8%B3%D9%8A%D8%A7%D8%B3%D8%A9/666668/%D8%A7%D9%84%D9%85%D9%83%D8%A7%D8%B1%D9%8A-%D9%85%D9%86-%D8%A8%D9%83%D8%B1%D9%83%D9%8A-%D9%84%D9%8A%D9%83%D9%86-%D9%82%D8%B1%D8%A7%D8%B1-%D8%A7%D9%86%D8%AA%D8%AE%D8%A7%D8%A8-%D8%A7%D9%84%D8%B1%D8%A6%D9%8A%D8%B3-%D8%B5%D9%86%D8%A7%D8%B9%D8%A9-%D9%84%D8%A8,20241007042804,cdx,0
https://www.nna-leb.gov.lb/ar/%D8%B3%D9%8A%D8%A7%D8%B3%D8%A9/666845/%D8%AD%D9%85%D8%A7%D8%B3-%D8%A7%D8%BA%D8%AA%D9%8A%D8%A7%D9%84-%D8%A7%D9%84%D8%A7%D8%AD%D8%AA%D9%84%D8%A7%D9%84-%D8%A7%D9%84%D8%B5%D9%87%D9%8A%D9%88%D9%86%D9%8A-%D9%84%D9%84%D8%B9%D8%A7%D8%B1%D9%88%D8%B1%D9%8A-%D8%B9%D9%84%D9%89-%D8%A7%D9%84%D8%A3%D8%B1%D8%A7%D8%B6%D9%8A,20241007051231,cdx,0
https://www.nna-leb.gov.lb/ar/%D8%B3%D9%8A%D8%A7%D8%B3%D8%A9/666858/%D8%A7%D9%84%D8%A3%D8%AE%D8%A8%D8%A7%D8%B1-%D8%A7%D8%BA%D8%AA%D9%8A%D8%A7%D9%84-%D8%B5%D8%A7%D9%84%D8%AD-%D8%A7%D9%84%D8%B9%D8%A7%D8%B1%D9%88%D8%B1%D9%8A-%D8%AD%D8%B2%D8%A8-%D8%A7%D9%84%D9%84%D9%87-%D9%8A%D8%B9%D8%AF-%D8%A8%D8%A7%D9%84%D8%B1%D8%AF-%D9%88%D8%A7,20241007042148,cdx,0
https://www.nna-leb.gov.lb/ar/%D8%B3%D9%8A%D8%A7%D8%B3%D8%A9/675837/%D9%85%D9%8A%D9%82%D8%A7%D8%AA%D9%8A-%D8%B9%D8%B1%D8%B6-%D9%85%D8%B9-%D9%81%D8%B1%D9%88%D9%86%D8%AA%D8%B3%D9%83%D8%A7-%D9%84%D9%84%D8%AA%D8%B7%D9%88%D8%B1%D8%A7%D8%AA-%D9%88%D8%AA%D8%A7%D8%A8%D8%B9-%D9%85%D8%B9-%D8%A7%D9%84%D8%AE%D9%84%D9%8A%D9%84-%D9%85%D9%84,20241003224621,cdx,0
https://www.nna-leb.gov.lb/ar/%D8%B3%D9%8A%D8%A7%D8%B3%D8%A9/675956/%D9%86%D8%AF%D8%A7%D8%A1-%D8%A7%D9%84%D9%88%D8%B7%D9%86-%D8%A7%D9%84%D8%AD%D8%B1%D9%8A%D8%B1%D9%8A-%D9%8A%D9%86%D8%B7%D9%84%D9%82-%D8%A8%D9%80-%D9%84%D9%88%D9%83-%D8%AC%D8%AF%D9%8A%D8%AF-%D9%84%D9%83%D9%86-%D9%84%D8%A7-%D8%AA%D8%BA%D9%8A-%D8%B1,20241015115908,cdx,0
https://www.nna-leb.gov.lb/ar/%D8%B3%D9%8A%D8%A7%D8%B3%D8%A9/675961/%D8%A7%D9%84%D8%AC%D9%85%D9%87%D9%88%D8%B1%D9%8A%D8%A9-%D8%A7%D9%84%D8%A3%D9%85%D9%8A%D8%B1%D9%83%D9%8A%D9%88%D9%86-%D9%8A%D8%B6%D8%BA%D8%B7%D9%88%D9%86-%D9%84%D9%88%D9%82%D9%81-%D8%A7%D9%84%D9%86%D8%A7%D8%B1-%D9%88%D8%A7%D9%84%D8%AD%D8%B1%D9%8A%D8%B1%D9%8A-%D8%A8%D8%B4,20241015120605,cdx,0
https://www.nna-leb.gov.lb/ar/%D8%B3%D9%8A%D8%A7%D8%B3%D8%A9/677651/%D8%A8%D8%A7%D8%B3%D9%8A%D9%84-%D9%84%D8%B3%D9%86%D8%A7-%D9%85%D8%B9-%D9%88%D8%AD%D8%AF%D8%A9-%D8%A7%D9%84%D8%B3%D8%A7%D8%AD%D8%A7%D8%AA-%D9%88%D9%86%D8%B1%D9%81%D8%B6-%D8%A7%D8%B3%D8%AA%D8%AE%D8%AF%D8%A7%D9%85-%D9%84%D8%A8%D9%86%D8%A7%D9%86-%D9%83%D9%85%D9%86,20241012032129,cdx,0
https://www.nna-leb.gov.lb/ar/%D8%B3%D9%8A%D8%A7%D8%B3%D8%A9/678016/%D8%A8%D9%88-%D8%AD%D8%A8%D9%8A%D8%A8-%D8%BA%D8%A7%D8%AF%D8%B1-%D8%A5%D9%84%D9%89-%D8%AA%D8%B1%D9%83%D9%8A%D8%A7-%D9%84%D9%84%D9%85%D8%B4%D8%A7%D8%B1%D9%83%D8%A9-%D9%81%D9%8A-%D9%85%D8%A4%D8%AA%D9%85%D8%B1-%D8%A3%D9%86%D8%B7%D8%A7%D9%84%D9%8A%D8%A7-%D8%A7,20241007043815,cdx,0
https://www.nna-leb.gov.lb/ar/%D8%B3%D9%8A%D8%A7%D8%B3%D8%A9/684869/%D9%85%D9%82%D8%AF%D9%85%D8%A7%D8%AA-%D9%86%D8%B4%D8%B1%D8%A7%D8%AA-%D8%A7%D9%84%D8%A7%D8%AE%D8%A8%D8%A7%D8%B1-%D8%A7%D9%84%D9%85%D8%B3%D8%A7%D8%A6%D9%8A%D8%A9-%D9%84%D9%8A%D9%88%D9%85-%D8%A7%D9%84%D8%AB%D9%84%D8%A7%D8%AB%D8%A7%D8%A1-2-4-20,20241006002324,cdx,0
https://www.nna-leb.gov.lb/ar/%D8%B3%D9%8A%D8%A7%D8%B3%D8%A9/684980/%D8%A7%D9%84%D8%B1%D8%A6%D9%8A%D8%B3-%D8%B3%D9%84%D9%8A%D9%85%D8%A7%D9%86-%D9%86%D8%AA%D9%88%D9%82-%D8%B9-%D9%85%D9%86-%D8%AD%D8%B2%D8%A8-%D8%A7%D9%84%D9%84%D9%87-%D8%A3%D9%86-%D9%8A%D8%B7%D9%84%D8%A8-%D9%85%D9%86-%D8%A7%D9%8A%D8%B1%D8%A7%D9%86,20241012031203,cdx,0
https://www.nna-leb.gov.lb/ar/%D8%B3%D9%8A%D8%A7%D8%B3%D8%A9/690310/%D8%A7%D9%84%D8%AF%D8%A7%D8%A6%D8%B1%D8%A9-%D8%A7%D9%84%D8%A7%D8%B9%D9%84%D8%A7%D9%85%D9%8A%D8%A9-%D9%81%D9%8A-%D8%A7%D9%84%D9%82%D9%88%D8%A7%D8%AA-%D8%B1%D8%AF%D8%A7-%D8%B9%D9%84%D9%89-%D9%86%D8%A7%D8%AC%D9%8A-%D8%AD%D8%A7%D9%8A%D9%83-%D8%A7%D9%84%D8%B3%D9%84,20241007054231,cdx,0
https://www.nna-leb.gov.lb/ar/%D8%B3%D9%8A%D8%A7%D8%B3%D8%A9/694524/%D8%AF%D8%A8%D9%88%D8%B1-%D8%A7%D8%B3%D8%AA%D9%82%D8%A8%D9%84-%D8%B3%D9%81%D9%8A%D8%B1-%D8%A7%D9%84%D8%AC%D8%B2%D8%A7%D8%A6%D8%B1-%D9%88%D8%AA%D8%A3%D9%83%D9%8A%D8%AF-%D8%B6%D8%B1%D9%88%D8%B1%D8%A9-%D9%88%D9%82%D9%81-%D9%83%D9%84-%D8%A7%D8%B4%D9%83%D8%A7%D9%84,20241015132614,cdx,0
https://www.nna-leb.gov.lb/ar/%D8%B3%D9%8A%D8%A7%D8%B3%D8%A9/696121/%D8%B1%D8%B9%D8%AF-%D9%85%D9%86-%D8%A7%D9%84%D9%86%D8%AC%D8%A7%D8%B1%D9%8A%D8%A9-%D9%84%D9%85%D9%86-%D9%8A%D9%82%D9%88%D9%84-%D9%85%D8%A7-%D9%84%D9%83%D9%85-%D8%B9%D9%84%D8%A7%D9%82%D8%A9-%D8%A8%D8%BA%D8%B2%D8%A9-%D8%A3%D9%86%D8%AA%D9%85-%D9%84%D8%A7,20241012042627,cdx,0
https://www.nna-leb.gov.lb/ar/%D8%B3%D9%8A%D8%A7%D8%B3%D8%A9/700925/%D8%A7%D9%84%D8%B3%D9%86%D9%8A%D9%88%D8%B1%D8%A9-%D8%B1%D8%AD%D8%A8-%D8%A8%D9%82%D8%B1%D8%A7%D8%B1-%D9%88%D9%82%D9%81-%D8%A7%D9%84%D9%86%D8%A7%D8%B1-%D9%81%D9%8A-%D8%BA%D8%B2%D8%A9-%D8%B9%D9%84%D9%89-%D8%A7%D9%84%D8%AF%D9%88%D9%84-%D8%A7%D9%84%D8%BA%D8%B1,20241015125703,cdx,0
https://www.nna-leb.gov.lb/ar/%D8%B3%D9%8A%D8%A7%D8%B3%D8%A9/716895/%D9%86%D8%B5%D8%B1%D8%A7%D9%84%D9%84%D9%87-%D8%A7%D9%84%D8%B1%D8%A6%D9%8A%D8%B3-%D8%A7%D9%84%D8%AD%D8%B5-%D9%83%D8%A7%D9%86-%D8%B1%D9%85%D8%B2%D8%A7-%D9%88%D8%B7%D9%86%D9%8A%D8%A7-%D9%84%D9%84%D9%86%D8%B2%D8%A7%D9%87%D8%A9-%D9%88%D8%B3%D9%86%D8%AF%D8%A7,20240915111933,cdx,0
https://www.nna-leb.gov.lb/ar/%D8%B3%D9%8A%D8%A7%D8%B3%D8%A9/717593/%D9%85%D9%8A%D9%82%D8%A7%D8%AA%D9%8A-%D8%A8%D8%AD%D8%AB-%D9%88%D8%A7%D9%84%D8%B3%D9%81%D9%8A%D8%B1%D8%A9-%D8%AC%D9%88%D9%86%D8%B3%D9%88%D9%86-%D9%81%D9%8A-%D8%A7%D9%84%D8%AA%D8%AD%D8%B6%D9%8A%D8%B1%D8%A7%D8%AA-%D8%A7%D9%84%D8%AC%D8%A7%D8%B1%D9%8A%D8%A9-%D9%84%D9%84,20241007052718,cdx,0
https://www.nna-leb.gov.lb/ar/%D8%B3%D9%8A%D8%A7%D8%B3%D8%A9/720956/%D8%A3%D8%B3%D8%B1%D8%A7%D8%B1-%D8%A7%D9%84%D8%B5%D8%AD%D9%81-%D8%A7%D9%84%D9%85%D8%AD%D9%84%D9%8A%D8%A9-%D8%A7%D9%84%D8%B5%D8%A7%D8%AF%D8%B1%D8%A9-%D9%8A%D9%88%D9%85-%D8%A7%D9%84%D8%AC%D9%85%D8%B9%D8%A9-%D9%81%D9%8A-13-%D8%A3%D9%8A%D9%84%D9%88%D9%84,20240915024139,cdx,0
https://www.nna-leb.gov.lb/ar/%D8%B3%D9%8A%D8%A7%D8%B3%D8%A9/721083/%D8%A8%D9%88%D8%AD%D8%A8%D9%8A%D8%A8-%D8%A7%D9%84%D8%AA%D9%82%D9%89-%D8%B3%D9%81%D9%8A%D8%B1-%D9%81%D8%B1%D9%86%D8%B3%D8%A7-%D9%88%D8%A8%D8%AD%D8%AB-%D9%81%D9%8A-%D9%85%D9%84%D9%81-%D8%A7%D9%84%D9%86%D8%A7%D8%B2%D8%AD%D9%8A%D9%86-%D8%A7%D9%84%D8%B3%D9%88%D8%B1,20241007044705,cdx,0
https://www.nna-leb.gov.lb/ar/%D8%B3%D9%8A%D8%A7%D8%B3%D8%A9/721254/%D8%AE%D8%B1%D9%8A%D8%B3-%D9%86%D8%B9%D9%88%D9%84-%D8%B9%D9%84%D9%89-%D8%AF%D8%B9%D9%88%D8%A9-%D8%A7%D9%84%D8%B1%D8%A6%D9%8A%D8%B3-%D9%86%D8%A8%D9%8A%D9%87-%D8%A8%D8%B1%D9%8A-%D8%A5%D9%84%D9%89-%D8%A7%D9%84%D8%AD%D9%88%D8%A7%D8%B1,20240915235412,cdx,0
https://www.nna-leb.gov.lb/ar/%D8%B3%D9%8A%D8%A7%D8%B3%D8%A9/721479/%D9%85%D9%8A%D9%82%D8%A7%D8%AA%D9%8A-%D9%87%D9%86%D8%A3-%D8%A8%D8%B0%D9%83%D8%B1%D9%89-%D8%A7%D9%84%D9%85%D9%88%D9%84%D8%AF-%D8%A3%D8%B9%D8%A7%D8%AF%D9%87-%D8%A7%D9%84%D9%84%D9%87-%D8%A8%D8%A3%D9%8A%D8%A7%D9%85-%D8%A7%D9%81%D8%B6%D9%84-%D8%A8%D8%B9%D9%8A%D8%AF,20240916012307,cdx,0
https://www.nna-leb.gov.lb/ar/%D8%B3%D9%8A%D8%A7%D8%B3%D8%A9/721779/%D8%A7%D9%84%D8%B4%D8%B1%D9%82-%D8%A7%D9%84%D8%A3%D9%88%D8%B3%D8%B7-%D8%AD%D8%B2%D8%A8-%D8%A7%D9%84%D9%84%D9%87-%D9%8A%D8%A4%D9%83%D8%AF-%D8%AC%D9%87%D9%88%D8%B2%D9%8A%D8%A9-%D8%A7%D9%84%D9%85%D9%82%D8%A7%D9%88%D9%85%D8%A9-%D9%84%D9%84%D9%85%D9%88%D8%A7%D8%AC%D9%87,20240917192411,cdx,0
https://www.nna-leb.gov.lb/ar/%D8%B3%D9%8A%D8%A7%D8%B3%D8%A9/721797/%D8%A7%D9%84%D9%82%D9%88%D8%A7%D8%AA-%D8%A8%D9%8A%D8%B1%D9%88%D8%AA-%D8%A7%D8%AD%D9%8A%D8%AA-%D8%B0%D9%83%D8%B1%D9%89-%D8%A7%D8%B3%D8%AA%D8%B4%D9%87%D8%A7%D8%AF-%D8%A8%D8%B4%D9%8A%D8%B1-%D8%A7%D9%84%D8%AC%D9%85%D9%8A-%D9%84-%D8%AD%D8%A7%D8%B5%D8%A8%D8%A7,20240918124902,cdx,0
https://www.nna-leb.gov.lb/ar/%D8%B3%D9%8A%D8%A7%D8%B3%D8%A9/721808/%D8%A3%D8%AD%D9%85%D8%AF-%D8%A7%D9%84%D8%AE%D9%8A%D8%B1-%D8%AD%D8%B1%D8%A7%D9%83-%D8%A7%D9%84%D8%AE%D9%85%D8%A7%D8%B3%D9%8A%D8%A9-%D8%A7%D9%84%D9%81%D8%B1%D8%B5%D8%A9-%D8%A7%D9%84%D8%A3%D8%AE%D9%8A%D8%B1%D8%A9-%D9%84%D8%A5%D9%86%D9%87%D8%A7%D8%A1-%D8%A7%D9%84%D8%B4,20240918004936,cdx,0
https://www.nna-leb.gov.lb/ar/%D8%B3%D9%8A%D8%A7%D8%B3%D8%A9/721887/%D9%84%D9%82%D8%A7%D8%A1-%D8%B3%D9%8A%D8%AF%D8%A9-%D8%A7%D9%84%D8%AC%D8%A8%D9%84-%D8%AA%D9%88%D9%82%D9%8A%D8%AA-%D8%B7%D8%B1%D8%AD-%D8%AA%D8%B9%D8%AF%D9%8A%D9%84-%D9%82%D8%A7%D9%86%D9%88%D9%86-%D8%A7%D9%84%D8%A5%D9%86%D8%AA%D8%AE%D8%A7%D8%A8%D8%A7%D8%AA,20240918201946,cdx,0
https://www.nna-leb.gov.lb/ar/%D8%B3%D9%8A%D8%A7%D8%B3%D8%A9/722076/%D8%A8%D8%B1%D9%8A-%D8%B9%D9%84%D9%82-%D8%B9%D9%84%D9%89-%D8%A7%D9%84%D8%B9%D8%AF%D9%88%D8%A7%D9%86-%D8%A7%D9%84%D8%A5%D8%B3%D8%B1%D8%A7%D8%A6%D9%8A%D9%84%D9%8A-%D9%85%D8%A7-%D8%A3%D9%82%D8%AF%D9%85%D8%AA-%D8%B9%D9%84%D9%8A%D9%87-%D8%A5%D8%B3%D8%B1%D8%A7%D8%A6,20240918194716,cdx,0
https://www.nna-leb.gov.lb/ar/%D8%B3%D9%8A%D8%A7%D8%B3%D8%A9/722146/%D8%A3%D8%B3%D8%B1%D8%A7%D8%B1-%D8%A7%D9%84%D8%B5%D8%AD%D9%81-%D8%A7%D9%84%D9%85%D8%AD%D9%84%D9%8A%D8%A9-%D8%A7%D9%84%D8%B5%D8%A7%D8%AF%D8%B1%D8%A9-%D9%8A%D9%88%D9%85-%D8%A7%D9%84%D8%A3%D8%B1%D8%A8%D8%B9%D8%A7%D8%A1-%D9%81%D9%8A-18-%D8%A3%D9%8A%D9%84,20240919170709,cdx,0
https://www.nna-leb.gov.lb/ar/%D8%B3%D9%8A%D8%A7%D8%B3%D8%A9/722149/%D8%A7%D9%84%D8%AF%D9%8A%D8%A7%D8%B1-%D8%A7%D9%84%D8%A8%D8%B7%D9%88%D9%84%D8%A9-%D8%A7%D9%84%D9%84%D8%A8%D9%86%D8%A7%D9%86%D9%8A%D8%A9-%D8%AA%D9%88%D8%A7%D8%AC%D9%87-%D8%A7%D9%84%D8%AC-%D8%A8%D9%86-%D8%A7%D9%84%D8%A7%D8%B3%D8%B1%D8%A7%D8%A6%D9%8A%D9%84%D9%8A,20240921001534,cdx,0
https://www.nna-leb.gov.lb/ar/%D8%B3%D9%8A%D8%A7%D8%B3%D8%A9/722266/%D8%A7%D9%84%D9%87%D9%86%D8%B4%D8%A7%D9%83-%D8%AF%D8%A7%D9%86-%D8%A7%D9%84%D9%87%D8%AC%D9%85%D8%A7%D8%AA-%D8%A7%D9%84%D8%B5%D9%87%D9%8A%D9%88%D9%86%D9%8A%D8%A9-%D9%84%D9%86-%D8%AA%D8%B6%D8%B9%D9%81-%D8%B9%D8%B2%D9%8A%D9%85%D8%AA%D9%86%D8%A7-%D9%85%D9%86,20240918105448,cdx,0
https://www.nna-leb.gov.lb/ar/%D8%B3%D9%8A%D8%A7%D8%B3%D8%A9/722273/%D9%85%D9%8A%D9%82%D8%A7%D8%AA%D9%8A-%D8%B9%D8%A8%D8%B1-%D8%B9%D9%86-%D8%B4%D9%83%D8%B1-%D9%84%D8%A8%D9%86%D8%A7%D9%86-%D9%84%D9%84%D8%AF%D9%88%D9%84-%D8%A7%D9%84%D9%85%D8%AA%D8%B6%D8%A7%D9%85%D9%86%D8%A9-%D9%88%D8%A7%D9%84%D8%AF%D8%A7%D8%B9%D9%85%D8%A9-%D9%84,20240922064732,cdx,0
https://www.nna-leb.gov.lb/ar/%D8%B3%D9%8A%D8%A7%D8%B3%D8%A9/722481/%D8%A7%D9%84%D8%AF%D9%8A%D8%A7%D8%B1-%D8%A7%D9%84%D9%85%D9%82%D8%A7%D9%88%D9%85%D8%A9-%D8%A7%D8%B3%D8%AA%D9%88%D8%B9%D8%A8%D8%AA-%D8%A7%D9%84%D8%B6%D8%B1%D8%A8%D8%AA%D9%8A%D9%86-%D9%88%D8%A7%D9%84%D9%87%D8%AF%D9%81-%D8%B4%D9%84-%D8%A7%D9%84%D8%A7%D8%AA%D8%B5%D8%A7%D9%84,20240921104415,cdx,0
https://www.nna-leb.gov.lb/ar/%D8%B3%D9%8A%D8%A7%D8%B3%D8%A9/722484/%D8%A7%D9%84%D8%AC%D9%85%D9%87%D9%88%D8%B1%D9%8A%D8%A9-%D8%A5%D8%B3%D8%B1%D8%A7%D8%A6%D9%8A%D9%84-%D8%AA%D9%85%D9%87-%D8%AF-%D9%84%D9%84%D8%AD%D8%B1%D8%A8-%D9%88%D8%A7%D9%84%D8%AD%D8%B2%D8%A8-%D9%84%D8%A7-%D9%82%D9%88%D8%A7%D8%B9%D8%AF-%D9%88%D9%84%D8%A7,20240919143127,cdx,0
https://www.nna-leb.gov.lb/ar/%D8%B3%D9%8A%D8%A7%D8%B3%D8%A9/722486/%D8%A7%D9%84%D8%B4%D8%B1%D9%82-%D8%A7%D9%84%D8%B9%D8%AF%D9%88%D8%A7%D9%86-%D8%A7%D9%84%D8%B3%D9%8A%D8%A8%D8%B1%D8%A7%D9%86%D9%8A-2-%D8%A5%D8%B3%D8%B1%D8%A7%D8%A6%D9%8A%D9%84-%D8%AA%D8%B3%D8%AA%D8%AF%D8%B1%D8%AC-%D9%84%D8%A8%D9%86%D8%A7%D9%86-%D8%A7%D9%84%D9%89,20240923134134,cdx,0
https://www.nna-leb.gov.lb/ar/%D8%B3%D9%8A%D8%A7%D8%B3%D8%A9/722556/%D9%85%D9%8A%D9%82%D8%A7%D8%AA%D9%8A-%D8%A8%D8%AD%D8%AB-%D9%88%D8%B3%D9%81%D9%8A%D8%B1-%D9%82%D8%B7%D8%B1-%D9%81%D9%8A-%D8%AD%D8%B6%D9%88%D8%B1-%D9%88%D8%B2%D9%8A%D8%B1-%D8%A7%D9%84%D8%B5%D8%AD%D8%A9-%D9%81%D9%8A-%D8%A7%D9%84%D9%85%D8%B3%D8%A7%D8%B9,20240921120359,cdx,0
https://www.nna-leb.gov.lb/ar/%D8%B3%D9%8A%D8%A7%D8%B3%D8%A9/722653/%D8%A7%D9%84%D8%A3%D8%A8%D9%8A%D8%B6-%D9%82%D8%AF%D9%85-%D8%AD%D8%B5%D9%8A%D9%84%D8%A9-%D8%A5%D8%AC%D9%85%D8%A7%D9%84%D9%8A%D8%A9-%D9%84%D9%8A%D9%88%D9%85%D9%8A-%D8%A7%D9%84%D8%AE%D8%B1%D9%82-%D8%A7%D9%84%D8%A3%D9%85%D9%86%D9%8A-%D8%A7%D9%84%D9%85%D8%B9%D8%A7%D8%AF,20240924053058,cdx,0
https://www.nna-leb.gov.lb/ar/%D8%B3%D9%8A%D8%A7%D8%B3%D8%A9/722740/%D8%A7%D9%84%D8%A3%D9%86%D8%A8%D8%A7%D8%A1-%D9%84%D8%A8%D9%86%D8%A7%D9%86-%D9%8A%D9%88%D8%A7%D8%AC%D9%87-%D8%A5%D8%B3%D8%B1%D8%A7%D8%A6%D9%8A%D9%84-%D9%81%D9%8A-%D8%AC%D9%84%D8%B3%D8%A9-%D8%A3%D9%85%D9%85%D9%8A%D8%A9-%D9%85%D8%B1%D8%AD%D9%84%D8%A9-%D8%AC%D8%AF,20240920230644,cdx,0
https://www.nna-leb.gov.lb/ar/%D8%B3%D9%8A%D8%A7%D8%B3%D8%A9/722933/%D9%87%D8%A7%D8%B4%D9%85-%D8%A3%D9%8A-%D8%AA%D8%AE%D8%A7%D8%B0%D9%84-%D9%84%D9%84%D8%A7%D9%82%D8%AA%D8%B5%D8%A7%D8%B5-%D9%85%D9%86-%D8%A7%D9%84%D9%83%D9%8A%D8%A7%D9%86-%D8%A7%D9%84%D8%B5%D9%87%D9%8A%D9%88%D9%86%D9%89-%D8%B3%D9%8A%D8%AD%D9%85%D9%84-%D8%A7%D9%84,20240921093646,cdx,0
https://www.nna-leb.gov.lb/ar/%D8%B3%D9%8A%D8%A7%D8%B3%D8%A9/722936/%D8%A7%D9%84%D8%B9%D9%84%D8%A7%D9%85%D8%A9-%D9%81%D8%B6%D9%84-%D8%A7%D9%84%D9%84%D9%87-%D8%A7%D8%B3%D8%AA%D9%87%D8%AF%D8%A7%D9%81-%D8%A7%D9%84%D9%85%D8%AF%D9%86%D9%8A%D9%8A%D9%86-%D8%A8%D8%B9%D8%AF-%D8%B9%D8%AC%D8%B2-%D8%A7%D9%84%D8%B9%D8%AF%D9%88-%D9%81%D9%8A,20240923213324,cdx,0
https://www.nna-leb.gov.lb/ar/%D8%B3%D9%8A%D8%A7%D8%B3%D8%A9/722971/%D8%A7%D9%84%D8%AC%D9%85%D8%A7%D8%B9%D8%A9-%D8%A7%D9%84%D8%A5%D8%B3%D9%84%D8%A7%D9%85%D9%8A%D8%A9-%D8%A7%D9%84%D8%B9%D8%AF%D9%88%D8%A7%D9%86-%D9%84%D9%86-%D9%8A%D9%81%D8%AA-%D9%81%D9%8A-%D8%B9%D8%B6%D8%AF-%D8%A7%D9%84%D9%85%D9%82%D8%A7%D9%88%D9%85%D9%8A%D9%86,20240920202453,cdx,0
https://www.nna-leb.gov.lb/ar/%D8%B3%D9%8A%D8%A7%D8%B3%D8%A9/723425/%D8%A7%D9%84%D8%A3%D8%AE%D8%A8%D8%A7%D8%B1-%D9%88%D8%A7%D8%B4%D9%86%D8%B7%D9%86-%D8%AA%D8%BA%D8%B7-%D9%8A-%D9%82%D8%B1%D8%A7%D8%B1%D8%A7-%D8%A5%D8%B3%D8%B1%D8%A7%D8%A6%D9%8A%D9%84%D9%8A%D8%A7-%D8%A8%D8%A7%D9%84%D8%AA%D8%B5%D8%B9%D9%8A%D8%AF-%D9%88%D8%A7%D9%84%D8%B9,20240923165748,cdx,0
https://www.nna-leb.gov.lb/ar/%D8%B3%D9%8A%D8%A7%D8%B3%D8%A9/723617/%D9%85%D9%88%D9%84%D9%88%D9%8A-%D8%A7%D8%B9%D8%B7%D9%89-%D8%A7%D9%84%D8%AA%D9%88%D8%AC%D9%8A%D9%87%D8%A7%D8%AA-%D8%A7%D9%84%D9%89-%D8%A7%D9%84%D9%85%D8%AD%D8%A7%D9%81%D8%B8%D9%8A%D9%86-%D9%84%D9%81%D8%AA%D8%AD-%D8%A7%D9%84%D9%85%D8%AF%D8%A7%D8%B1%D8%B3-%D9%88%D8%A7,20241003223457,cdx,0
https://www.nna-leb.gov.lb/ar/%D8%B3%D9%8A%D8%A7%D8%B3%D8%A9/723708/%D8%A7%D9%84%D9%82%D9%88%D9%85%D9%8A-%D8%A7%D9%84%D9%85%D9%82%D8%A7%D9%88%D9%85%D8%A9-%D9%81%D9%8A-%D9%84%D8%A8%D9%86%D8%A7%D9%86-%D8%A3%D8%B9%D8%AF-%D8%AA-%D8%A7%D9%84%D8%B9%D8%AF%D8%A9-%D8%AC%D9%8A%D8%AF%D8%A7-%D9%84%D9%85%D9%88%D8%A7%D8%AC%D9%87%D8%A9,20240925181027,cdx,0
https://www.nna-leb.gov.lb/ar/%D8%B3%D9%8A%D8%A7%D8%B3%D8%A9/724060/%D8%AC%D8%B9%D8%AC%D8%B9-%D9%8A%D9%84%D8%AA%D9%82%D9%8A-%D9%84%D9%88%D8%AF%D8%B1%D9%8A%D8%A7%D9%86,20240924141456,cdx,0
https://www.nna-leb.gov.lb/ar/%D8%B3%D9%8A%D8%A7%D8%B3%D8%A9/724084/%D8%AF%D8%A8%D9%88%D8%B1-%D8%B9%D8%B1%D8%B6-%D9%85%D8%B9-%D9%88%D9%81%D8%AF-%D8%A7%D9%84%D9%85%D8%A4%D8%AA%D9%85%D8%B1-%D8%A7%D9%84%D8%B4%D8%B9%D8%A8%D9%8A-%D8%A7%D9%84%D9%85%D8%B3%D8%AA%D8%AC%D8%AF%D8%A7%D8%AA-%D9%81%D9%8A-%D8%A7%D9%84%D8%A7%D8%B1%D8%A7%D8%B6,20240928210403,cdx,0
https://www.nna-leb.gov.lb/ar/%D8%B3%D9%8A%D8%A7%D8%B3%D8%A9/724158/%D8%A7%D9%84%D8%B4%D8%B1%D9%82-%D8%A7%D9%84%D8%A3%D9%88%D8%B3%D8%B7-%D9%84%D8%A8%D9%86%D8%A7%D9%86-%D8%AA%D8%AD%D8%AA-%D8%A7%D9%84%D9%87%D8%AC%D9%88%D9%85-%D8%A7%D9%84%D8%AC%D9%88%D9%8A-%D8%A7%D9%84%D8%A5%D8%B3%D8%B1%D8%A7%D8%A6%D9%8A%D9%84%D9%8A-%D9%84%D9%84%D9%8A,20240925041014,cdx,0
https://www.nna-leb.gov.lb/ar/%D8%B3%D9%8A%D8%A7%D8%B3%D8%A9/724449/%D9%8A%D8%A7%D8%B3%D9%8A%D9%86-1247-%D8%B4%D9%87%D9%8A%D8%AF%D8%A7-%D9%885278-%D8%AC%D8%B1%D9%8A%D8%AD%D8%A7-%D9%88%D8%A3%D9%83%D8%AB%D8%B1-%D9%85%D9%86-150-%D8%A7%D9%84%D9%81-%D9%86%D8%A7%D8%B2%D8%AD,20241002222133,cdx,0
https://www.nna-leb.gov.lb/ar/%D8%B3%D9%8A%D8%A7%D8%B3%D8%A9/725150/%D8%A7%D9%84%D8%AC%D9%85%D9%87%D9%88%D8%B1%D9%8A%D8%A9-%D8%A7%D9%84%D8%B6%D8%A7%D8%AD%D9%8A%D8%A9-%D8%AA%D8%B4%D8%AA%D8%B9%D9%84-%D9%88%D8%A7%D9%84%D9%85%D9%86%D8%B7%D9%82%D8%A9-%D8%B9%D9%84%D9%89-%D8%B4%D9%81%D8%A7-%D8%AD%D8%B1%D8%A8-%D9%83%D8%A8%D8%B1%D9%89,20241002030609,cdx,0
https://www.nna-leb.gov.lb/ar/%D8%B3%D9%8A%D8%A7%D8%B3%D8%A9/725303/%D8%A5%D9%85%D9%8A%D9%84-%D8%B1%D8%AD%D9%85%D9%87-%D9%86%D8%A7%D8%B9%D9%8A%D8%A7-%D9%86%D8%B5%D8%B1%D8%A7%D9%84%D9%84%D9%87-%D8%A8%D9%87-%D9%88%D9%85%D8%B9%D9%87-%D9%8A%D8%A4%D8%B1%D8%AE-%D9%84%D9%85%D8%B1%D8%AD%D9%84%D8%A9-%D9%85%D9%81%D8%B5%D9%84%D9%8A%D8%A9,20241003140257,cdx,0
https://www.nna-leb.gov.lb/ar/%D8%B3%D9%8A%D8%A7%D8%B3%D8%A9/725445/%D9%84%D8%A7%D9%85%D9%8A-%D8%AE%D9%84%D8%A7%D9%84-%D8%A7%D8%AA%D8%B5%D8%A7%D9%84-%D9%85%D8%B9-%D9%85%D9%8A%D9%82%D8%A7%D8%AA%D9%8A-%D8%A7%D9%84%D8%AD%D9%84-%D8%A7%D9%84%D8%AF%D9%8A%D8%A8%D9%84%D9%88%D9%85%D8%A7%D8%B3%D9%8A-%D9%87%D9%88-%D8%A7%D9%84%D8%B3%D8%A8,20240929060558,cdx,0
https://www.nna-leb.gov.lb/ar/%D8%B3%D9%8A%D8%A7%D8%B3%D8%A9/725735/%D8%A7%D9%84%D8%B4%D8%B1%D9%82-85-%D9%82%D9%86%D8%A8%D9%84%D8%A9-mk84-%D8%A7%D8%BA%D8%AA%D8%A7%D9%84%D8%AA-%D9%86%D8%B5%D8%B1%D8%A7%D9%84%D9%84%D9%87-%D9%88%D8%A5%D8%B3%D8%B1%D8%A7%D8%A6%D9%8A%D9%84-%D8%AA%D9%85%D8%B7%D8%B1-%D9%84,20241003022243,cdx,0
https://www.nna-leb.gov.lb/ar/%D8%B3%D9%8A%D8%A7%D8%B3%D8%A9/725962/%D9%88%D8%B2%D9%8A%D8%B1-%D8%A7%D9%84%D8%AE%D8%A7%D8%B1%D8%AC%D9%8A%D8%A9-%D8%AA%D8%A8%D9%84%D8%BA-%D9%87%D8%A7%D8%AA%D9%81%D9%8A%D8%A7-%D9%85%D9%86-%D8%A8%D9%86-%D9%81%D8%B1%D8%AD%D8%A7%D9%86-%D8%AA%D9%88%D8%AC%D9%8A%D9%87%D8%A7%D8%AA-%D9%88%D9%84%D9%8A,20241009033841,cdx,0
https://www.nna-leb.gov.lb/ar/%D8%B3%D9%8A%D8%A7%D8%B3%D8%A9/725984/%D8%A8%D8%A7%D8%B1%D9%88-%D9%85%D9%86-%D9%82%D8%B5%D8%B1-%D8%A7%D9%84%D8%B5%D9%86%D9%88%D8%A8%D8%B1-%D8%B4%D8%B1%D9%88%D8%B7-%D8%A7%D9%84%D8%AD%D9%84-%D8%A7%D9%84%D8%AF%D9%8A%D8%A8%D9%84%D9%88%D9%85%D8%A7%D8%B3%D9%8A-%D9%85%D8%B9%D8%B1%D9%88%D9%81%D8%A9-%D9%88,20241003093844,cdx,0
https://www.nna-leb.gov.lb/ar/%D8%B3%D9%8A%D8%A7%D8%B3%D8%A9/726031/%D8%A7%D9%84%D8%A3%D8%AE%D8%A8%D8%A7%D8%B1-%D8%A7%D9%84%D8%B9%D8%AF%D9%88-%D9%8A%D9%82%D9%81%D8%B2-%D8%A5%D9%84%D9%89-%D8%A7%D9%84%D8%A3%D9%85%D8%A7%D9%85-%D9%86%D8%AD%D9%88-%D8%B9%D9%85%D9%84%D9%8A-%D8%A7%D8%AA-%D8%A8%D8%B1%D9%8A-%D8%A9-%D9%85%D9%86,20241003082621,cdx,0
https://www.nna-leb.gov.lb/ar/%D8%B3%D9%8A%D8%A7%D8%B3%D8%A9/726130/%D8%A7%D9%84%D9%8A%D9%88%D9%86%D9%8A%D9%81%D9%8A%D9%84-%D8%A3%D9%8A-%D8%B9%D8%A8%D9%88%D8%B1-%D8%A5%D9%84%D9%89-%D9%84%D8%A8%D9%86%D8%A7%D9%86-%D9%8A%D8%B4%D9%83%D9%84-%D8%A7%D9%86%D8%AA%D9%87%D8%A7%D9%83%D8%A7-%D9%84%D9%84%D8%B3%D9%8A%D8%A7%D8%AF%D8%A9,20241001100455,cdx,0
https://www.nna-leb.gov.lb/ar/%D8%B3%D9%8A%D8%A7%D8%B3%D8%A9/726326/%D8%A7%D9%84%D9%86%D9%87%D8%A7%D8%B1-%D8%AA%D9%88%D8%BA-%D9%84-%D8%A7%D8%B3%D8%AA%D8%B7%D9%84%D8%A7%D8%B9%D9%8A-%D8%AC%D9%86%D9%88%D8%A8%D8%A7-%D9%8A%D9%85%D9%87-%D8%AF-%D9%84%D9%84%D9%85%D8%B9%D8%B1%D9%83%D8%A9-%D8%A7%D9%84%D9%83%D8%A8%D8%B1%D9%89,20241008043645,cdx,0
https://www.nna-leb.gov.lb/ar/%D8%B3%D9%8A%D8%A7%D8%B3%D8%A9/726436/%D9%81%D8%B1%D8%B9%D9%88%D9%86-%D8%A7%D8%AC%D8%AA%D9%85%D8%B9-%D9%85%D8%B9-%D9%85%D8%AD%D8%A7%D9%81%D8%B8-%D8%A8%D9%8A%D8%B1%D9%88%D8%AA-%D9%88%D8%B9%D8%A8%D8%AF%D8%A7%D9%84%D9%84%D9%87-%D8%AF%D8%B1%D9%88%D9%8A%D8%B4-%D9%84%D8%A7-%D9%84%D9%84%D8%A7%D9%86%D9%87,20241007050024,cdx,0
https://www.nna-leb.gov.lb/ar/%D8%B3%D9%8A%D8%A7%D8%B3%D8%A9/726437/%D8%A5%D9%8A%D9%84%D9%8A-%D8%B1%D8%B2%D9%82-%D8%A3%D9%85%D8%A7%D9%85%D9%86%D8%A7-%D9%81%D8%B1%D8%B5%D8%A9-%D8%B0%D9%87%D8%A8%D9%8A%D8%A9-%D9%84%D9%84%D9%86%D9%87%D9%88%D8%B6-%D9%85%D9%86-%D9%83%D8%A8%D9%88%D8%AA%D9%86%D8%A7-%D9%88%D8%A7%D8%B3%D8%AA%D8%B9%D8%A7,20241007051351,cdx,0
https://www.nna-leb.gov.lb/ar/%D8%B3%D9%8A%D8%A7%D8%B3%D8%A9/726482/%D9%85%D8%AD%D9%85%D8%AF-%D8%B9%D9%81%D9%8A%D9%81-%D9%81%D9%8A-%D8%AC%D9%88%D9%84%D8%A9-%D9%84%D9%84%D8%A7%D8%B9%D9%84%D8%A7%D9%85%D9%8A%D9%8A%D9%86-%D9%81%D9%8A-%D8%A7%D9%84%D8%B6%D8%A7%D8%AD%D9%8A%D8%A9-%D8%A7%D9%84%D8%AC%D9%86%D9%88%D8%A8%D9%8A%D8%A9-%D8%A7,20241005194138,cdx,0
https://www.nna-leb.gov.lb/ar/%D8%B3%D9%8A%D8%A7%D8%B3%D8%A9/726692/%D9%85%D9%83%D8%AA%D8%A8-%D8%A8%D8%A7%D8%B3%D9%8A%D9%84-%D9%86%D9%81%D9%89-%D8%B7%D8%B1%D8%AD-%D8%A3%D8%B3%D9%85%D8%A7%D8%A1-%D9%84%D9%84%D8%B1%D8%A6%D8%A7%D8%B3%D8%A9-%D8%A3%D9%88-%D8%AA%D8%B5%D9%86%D9%8A%D9%81%D8%A7%D8%AA-%D9%84%D9%84%D9%85%D8%B1%D8%B4%D8%AD,20241003103417,cdx,0
https://www.nna-leb.gov.lb/ar/%D8%B3%D9%8A%D8%A7%D8%B3%D8%A9/726880/%D8%AD%D9%85%D9%8A%D9%87-%D8%AC%D9%85%D9%8A%D8%B9-%D8%A7%D9%84%D9%85%D8%B9%D8%A7%D8%A8%D8%B1-%D8%A7%D9%84%D8%B1%D8%B3%D9%85%D9%8A%D8%A9-%D8%AA%D8%AE%D8%B6%D8%B9-%D9%84%D8%B1%D9%82%D8%A7%D8%A8%D8%A9-%D8%A7%D9%84%D8%AF%D9%88%D9%84%D8%A9-%D9%88%D8%A7%D8%AC%D9%87%D8%B2,20241010072200,cdx,0
https://www.nna-leb.gov.lb/ar/%D8%B3%D9%8A%D8%A7%D8%B3%D8%A9/726975/%D8%A7%D9%84%D8%A3%D9%86%D8%A8%D8%A7%D8%A1-%D8%A7%D9%84%D8%A3%D9%88%D9%84%D9%88%D9%8A%D8%A9-%D9%84%D9%88%D9%82%D9%81-%D8%A7%D9%84%D8%B9%D8%AF%D9%88%D8%A7%D9%86-%D9%88%D8%A7%D9%86%D8%AA%D8%AE%D8%A7%D8%A8-%D8%B1%D8%A6%D9%8A%D8%B3-%D9%88%D9%81%D8%A7%D9%82%D9%8A-%D8%A7,20241004064608,cdx,0
https://www.nna-leb.gov.lb/ar/%D8%B3%D9%8A%D8%A7%D8%B3%D8%A9/726999/%D8%A7%D9%84%D9%82%D8%B1%D9%85-%D9%81%D9%86-%D8%AF-%D8%A8%D8%A7%D9%84%D8%A7%D8%B1%D9%82%D8%A7%D9%85-%D8%A7%D9%84%D8%A7%D8%B6%D8%B1%D8%A7%D8%B1-%D8%A7%D9%84%D9%84%D8%A7%D8%AD%D9%82%D8%A9-%D8%A8%D9%82%D8%B7%D8%A7%D8%B9-%D8%A7%D9%84%D8%A7%D8%AA%D8%B5%D8%A7%D9%84%D8%A7,20241007113238,cdx,0
https://www.nna-leb.gov.lb/ar/%D8%B3%D9%8A%D8%A7%D8%B3%D8%A9/727795/%D9%83%D8%B1%D9%8A%D9%85-%D8%A7%D9%84%D8%B1%D8%A7%D8%B3%D9%8A-%D9%84%D8%A8%D9%86%D8%A7%D9%86-%D9%85%D9%86%D8%AA%D8%B5%D8%B1-%D8%A8%D9%88%D8%AD%D8%AF%D8%AA%D9%87-%D9%88%D8%B9%D9%8A%D8%B4%D9%87-%D8%A7%D9%84%D9%88%D8%A7%D8%AD%D8%AF,20241008043655,cdx,0
https://www.nna-leb.gov.lb/ar/%D8%B3%D9%8A%D8%A7%D8%B3%D8%A9/728297/%D8%A7%D9%84%D8%B1%D8%A7%D8%B9%D9%8A-%D8%A7%D8%B3%D8%AA%D9%82%D8%A8%D9%84-%D8%A7%D9%84%D9%85%D8%AC%D9%84%D8%B3-%D8%A7%D9%84%D8%AA%D9%86%D9%81%D9%8A%D8%B0%D9%8A-%D9%84%D9%84%D8%B1%D8%A7%D8%A8%D8%B7%D8%A9-%D8%A7%D9%84%D9%85%D8%A7%D8%B1%D9%88%D9%86%D9%8A%D8%A9-%D9%83%D8%B1,20241009180847,cdx,0
https://www.nna-leb.gov.lb/ar/%D9%85%D8%AA%D9%81%D8%B1%D9%82%D8%A7%D8%AA/505311/%D8%B9%D9%84%D8%A7%D9%85%D8%A9-%D9%84%D8%AA%D9%81%D8%B9%D9%8A%D9%84-%D8%B9%D9%85%D9%84-%D8%A7%D9%84%D9%85%D9%83%D8%AA%D8%A8-%D8%A7%D9%84%D9%88%D8%B7%D9%86%D9%8A-%D9%84%D9%84%D8%AF%D9%88%D8%A7%D8%A1-%D9%88%D8%AA%D9%83%D9%84%D9%8A%D9%81%D9%87-%D8%B4%D8%B1%D8%A7%D8%A1,20241007043852,cdx,0
https://www.nna-leb.gov.lb/ar/%D9%85%D8%AA%D9%81%D8%B1%D9%82%D8%A7%D8%AA/516474/%D8%A7%D9%87%D8%A7%D9%84%D9%8A-%D8%B4%D9%87%D8%AF%D8%A7%D8%A1-%D8%A7%D9%84%D9%85%D8%B1%D9%81%D8%A3-%D8%A7%D9%82%D9%81%D9%84%D9%88%D8%A7-%D8%A7%D9%84%D8%B7%D8%B1%D9%8A%D9%82-%D8%A7%D9%85%D8%A7%D9%85-%D9%82%D8%B5%D8%B1-%D8%A7%D9%84%D8%B9%D8%AF%D9%84-%D9%85%D8%B7,20241007044909,cdx,0
https://www.nna-leb.gov.lb/ar/%D9%85%D8%AA%D9%81%D8%B1%D9%82%D8%A7%D8%AA/555315/%D8%A5%D8%B7%D9%84%D8%A7%D9%82-%D8%B4%D8%A8%D9%83%D8%A9-%D8%A7%D9%84%D9%85%D8%B3%D8%AA%D8%B4%D9%81%D9%8A%D8%A7%D8%AA-%D8%A7%D9%84%D8%AA%D8%A7%D8%A8%D8%B9%D8%A9-%D9%84%D8%AC%D8%A7%D9%85%D8%B9%D8%A9-%D8%A7%D9%84%D9%82%D8%AF%D9%8A%D8%B3-%D9%8A%D9%88%D8%B3%D9%81-%D9%88,20240924064853,cdx,0
https://www.nna-leb.gov.lb/ar/%D9%85%D8%AA%D9%81%D8%B1%D9%82%D8%A7%D8%AA/580470/%D8%A7%D9%84%D8%AC%D8%A7%D9%85%D8%B9%D8%A9-%D8%A7%D9%84%D9%84%D8%A8%D9%86%D8%A7%D9%86%D9%8A%D8%A9-%D8%B4%D8%A7%D8%B1%D9%83%D8%AA-%D9%81%D9%8A-%D8%A7%D9%84%D9%85%D8%A4%D8%AA%D9%85%D8%B1-%D8%A7%D9%84%D8%AF%D9%88%D9%84%D9%8A-%D8%A7%D9%84%D8%AB%D8%A7%D9%84%D8%AB-%D8%AD,20241007060837,cdx,0
https://www.nna-leb.gov.lb/ar/%D9%85%D8%AA%D9%81%D8%B1%D9%82%D8%A7%D8%AA/604794/%D8%B9%D8%A7%D8%A6%D9%84%D8%A9-%D8%A7%D9%84%D8%A8%D8%B1%D9%88%D9%81%D8%B3%D9%88%D8%B1-%D8%B1%D8%B6%D8%A7-%D8%B2%D8%A7%D8%B1%D8%AA-%D8%A7%D9%84%D9%85%D9%81%D8%AA%D9%8A-%D9%82%D8%A8%D9%84%D8%A7%D9%86-%D8%B4%D8%A7%D9%83%D8%B1%D8%A9-%D8%AA%D8%B9%D8%B2%D9%8A%D8%AA%D9%87,20241015134557,cdx,0
https://www.nna-leb.gov.lb/ar/%D9%85%D8%AA%D9%81%D8%B1%D9%82%D8%A7%D8%AA/605097/%D9%85%D8%B9%D9%87%D8%AF-%D8%A7%D9%84%D8%B5%D8%AD%D8%A9-%D8%A7%D9%84%D8%B9%D8%A7%D9%84%D9%85%D9%8A%D8%A9-%D9%81%D9%8A-%D8%A7%D9%84%D8%AC%D8%A7%D9%85%D8%B9%D8%A9-%D8%A7%D9%84%D8%A3%D9%85%D9%8A%D8%B1%D9%83%D9%8A%D8%A9-%D9%81%D9%8A-%D8%A8%D9%8A%D8%B1%D9%88%D8%AA,20241003232702,cdx,0
https://www.nna-leb.gov.lb/ar/%D9%85%D8%AA%D9%81%D8%B1%D9%82%D8%A7%D8%AA/607262/%D8%B4%D8%B1%D8%A7%D9%83%D8%A9-%D8%A8%D9%8A%D9%86-%D8%A3%D9%88%D8%AA%D9%8A%D9%84-%D8%AF%D9%8A%D9%88-%D9%88-%D9%84%D9%8A%D8%A7-%D8%A3%D8%B3%D9%88%D8%B1%D9%8A%D9%83%D8%B3-%D9%84%D8%AA%D8%BA%D8%B7%D9%8A%D8%A9-%D8%B5%D8%AD%D9%8A%D8%A9-%D8%B4%D8%A7%D9%85%D9%84,20241012035931,cdx,0
https://www.nna-leb.gov.lb/ar/%D9%85%D8%AA%D9%81%D8%B1%D9%82%D8%A7%D8%AA/634208/%D8%A7%D9%84%D8%B7%D9%8A%D8%B1%D8%A7%D9%86-%D8%A7%D9%84%D9%85%D8%AF%D9%86%D9%8A-%D9%85%D8%A7-%D8%AA%D9%86%D8%A7%D9%88%D9%84%D8%AA%D9%87-%D9%85%D9%88%D8%A7%D9%82%D8%B9-%D8%A7%D9%84%D8%AA%D9%88%D8%A7%D8%B5%D9%84-%D8%B9%D9%86-%D8%AE%D8%B7%D8%B1-%D9%8A%D9%87%D8%AF,20240923122620,cdx,0
https://www.nna-leb.gov.lb/ar/%D9%85%D8%AA%D9%81%D8%B1%D9%82%D8%A7%D8%AA/640506/%D8%A5%D8%AF%D8%A7%D8%B1%D8%A7%D8%AA-%D8%B3%D8%B1%D8%A7%D9%8A%D8%A7-%D8%B5%D9%8A%D8%AF%D8%A7-%D8%B9%D8%A7%D8%AF%D8%AA-%D9%84%D8%AF%D9%88%D8%B1%D8%A9-%D9%86%D8%B4%D8%A7%D8%B7%D9%87%D8%A7-%D8%A7%D9%84%D9%88%D8%B8%D9%8A%D9%81%D9%8A-%D9%88%D8%A7%D9%84%D9%86%D9%81%D9%88,20241012041648,cdx,0
https://www.nna-leb.gov.lb/ar/%D9%85%D8%AA%D9%81%D8%B1%D9%82%D8%A7%D8%AA/640761/%D8%B9%D9%84%D9%85-%D8%A7%D9%84%D8%A5%D9%8A%D8%B2%D9%88%D8%AA%D9%8A%D8%B1%D9%8A%D9%83-%D9%81%D9%8A-%D9%85%D8%AD%D8%A7%D8%B6%D8%B1%D8%A9-%D8%A8%D8%B9%D9%86%D9%88%D8%A7%D9%86-%D8%A7%D9%84%D8%A5%D9%86%D8%B3%D8%A7%D9%86-%D8%A7%D9%84%D9%86%D9%85%D9%88%D8%B0%D8%AC%D9%8A,20241003230249,cdx,0
https://www.nna-leb.gov.lb/ar/%D9%85%D8%AA%D9%81%D8%B1%D9%82%D8%A7%D8%AA/640823/%D8%A7%D9%84%D9%85%D8%B7%D8%B1%D8%A7%D9%86-%D8%B9%D8%A8%D8%AF-%D8%A7%D9%84%D8%B3%D8%A7%D8%AA%D8%B1-%D8%B2%D8%A7%D8%B1-%D8%AF%D8%B1%D9%88%D9%8A%D8%B4-%D9%85%D9%87%D9%86%D8%A6%D8%A7-%D9%88%D8%AA%D8%B4%D8%AF%D9%8A%D8%AF-%D8%B9%D9%84%D9%89-%D8%B6%D8%B1%D9%88%D8%B1,20241015131030,cdx,0
https://www.nna-leb.gov.lb/ar/%D9%85%D8%AA%D9%81%D8%B1%D9%82%D8%A7%D8%AA/640836/%D8%AA%D9%88%D8%B2%D9%8A%D8%B9-%D8%B4%D9%86%D8%B7-%D9%85%D8%AF%D8%B1%D8%B3%D9%8A%D8%A9-%D9%88%D9%82%D8%B1%D8%B7%D8%A7%D8%B3%D9%8A%D8%A9-%D9%81%D9%8A-%D8%A7%D9%84%D8%B6%D9%86%D9%8A%D8%A9-%D8%A8%D8%AA%D9%88%D8%AC%D9%8A%D9%87-%D9%85%D9%86-%D8%A7%D9%84%D8%AD%D8%B1,20241015115521,cdx,0
https://www.nna-leb.gov.lb/ar/%D9%85%D8%AA%D9%81%D8%B1%D9%82%D8%A7%D8%AA/640837/%D9%85%D8%AD%D8%A7%D9%81%D8%B8-%D8%A7%D9%84%D8%A8%D9%82%D8%A7%D8%B9-%D8%A7%D9%84%D8%B3%D8%AA%D9%82%D8%A8%D9%84-%D8%B1%D9%8A%D8%B2%D8%A7-%D9%88%D8%A8%D8%AD%D8%AB%D8%A7-%D9%81%D9%8A-%D9%85%D9%84%D9%81-%D8%A7%D9%84%D9%86%D8%A7%D8%B2%D8%AD%D9%8A%D9%86-%D9%88%D9%88,20241015122206,cdx,0
https://www.nna-leb.gov.lb/ar/%D9%85%D8%AA%D9%81%D8%B1%D9%82%D8%A7%D8%AA/675906/%D8%AA%D9%83%D8%B1%D9%8A%D8%B3-%D8%AA%D9%85%D8%AB%D8%A7%D9%84-%D9%84%D9%84%D9%82%D8%AF%D9%8A%D8%B3-%D8%AC%D8%B1%D8%AC%D8%B3-%D9%81%D9%8A-%D8%AD%D8%B5%D8%A7%D8%B1%D8%A7%D8%AA-%D8%AC%D8%A8%D9%8A%D9%84,20241006002241,cdx,0
https://www.nna-leb.gov.lb/ar/%D9%85%D8%AA%D9%81%D8%B1%D9%82%D8%A7%D8%AA/675916/%D8%B1%D8%A6%D9%8A%D8%B3-%D8%AD%D8%B1%D9%83%D8%A9-%D8%B4%D8%A8%D8%A7%D8%A8-%D9%84%D8%A8%D9%86%D8%A7%D9%86-%D9%88%D8%B6%D8%B9-%D8%A7%D9%83%D9%84%D9%8A%D9%84%D8%A7-%D8%B9%D9%84%D9%89-%D8%B6%D8%B1%D9%8A%D8%AD-%D8%A7%D9%84%D8%B1%D8%A6%D9%8A%D8%B3-%D8%A7%D9%84,20241015131236,cdx,0
https://www.nna-leb.gov.lb/ar/%D9%85%D8%AA%D9%81%D8%B1%D9%82%D8%A7%D8%AA/675923/%D9%82%D9%88%D9%89-%D8%A7%D9%84%D8%A7%D9%85%D9%86-%D8%B4%D9%8A%D8%B9%D8%AA-%D8%B4%D9%87%D9%8A%D8%AF%D9%87%D8%A7-%D8%B9%D9%84%D9%8A-%D9%85%D9%87%D8%AF%D9%8A-%D9%81%D9%8A-%D8%A8%D9%84%D8%AF%D8%AA%D9%87-%D8%AD%D9%88%D9%84%D8%A7,20241015132030,cdx,0
https://www.nna-leb.gov.lb/ar/%D9%85%D8%AA%D9%81%D8%B1%D9%82%D8%A7%D8%AA/677422/%D9%86%D9%82%D9%8A%D8%A8-%D8%A7%D9%84%D8%A7%D8%B7%D8%A8%D8%A7%D8%A1-%D8%A7%D9%84%D8%A8%D9%8A%D8%B7%D8%B1%D9%8A%D9%8A%D9%86-%D9%88%D8%A3%D8%B9%D8%B6%D8%A7%D8%A1-%D9%85%D8%AC%D9%84%D8%B3-%D8%A7%D9%84%D9%86%D9%82%D8%A7%D8%A8%D8%A9-%D8%B4%D9%83%D8%B1%D9%88%D8%A7-%D9%84,20241006002605,cdx,0
https://www.nna-leb.gov.lb/ar/%D9%85%D8%AA%D9%81%D8%B1%D9%82%D8%A7%D8%AA/677435/%D8%B3%D8%A4%D8%A7%D9%84-%D9%85%D9%86-%D9%8A%D8%A7%D8%B3%D9%8A%D9%86-%D9%88-%D8%B1%D9%8A%D9%81%D9%88%D8%B1%D9%85-%D8%A7%D9%84%D9%89-%D8%A7%D9%84%D8%AD%D9%83%D9%88%D9%85%D8%A9-%D9%88%D9%88%D8%B2%D9%8A%D8%B1-%D8%A7%D9%84%D8%A3%D8%B4%D8%BA%D8%A7%D9%84-%D8%AD,20241006012118,cdx,0
https://www.nna-leb.gov.lb/ar/%D9%85%D8%AA%D9%81%D8%B1%D9%82%D8%A7%D8%AA/677446/%D8%A5%D9%86%D9%87%D9%8A%D8%A7%D8%B1-%D8%A7%D9%84%D8%AA%D8%B1%D8%A8%D8%A9-%D9%8A%D9%87%D8%AF%D8%AF-%D9%85%D8%A8%D9%86%D9%8A%D9%8A%D9%86-%D9%81%D9%8A-%D9%85%D9%86%D8%B7%D9%82%D8%A9-%D8%A7%D9%84%D8%B4%D8%B1%D8%AD%D8%A8%D9%8A%D9%84-%D9%81%D9%8A-%D8%A8%D9%82%D8%B3,20241015120910,cdx,0
https://www.nna-leb.gov.lb/ar/%D9%85%D8%AA%D9%81%D8%B1%D9%82%D8%A7%D8%AA/678574/%D8%A7%D9%84%D8%AD%D8%B1%D9%83%D8%A9-%D8%A7%D9%84%D8%AB%D9%82%D8%A7%D9%81%D9%8A%D8%A9-%D8%A7%D9%86%D8%B7%D9%84%D9%8A%D8%A7%D8%B3-%D9%83%D8%B1%D9%85%D8%AA-%D8%A3%D9%86%D8%B7%D9%88%D8%A7%D9%86-%D8%B3%D9%8A%D9%81,20241015125011,cdx,0
https://www.nna-leb.gov.lb/ar/%D9%85%D8%AA%D9%81%D8%B1%D9%82%D8%A7%D8%AA/687719/%D9%81%D9%88%D8%AC-%D8%A5%D8%B7%D9%81%D8%A7%D8%A1-%D8%A8%D9%8A%D8%B1%D9%88%D8%AA-%D8%B3%D9%8A%D8%B7%D8%B1-%D8%B9%D9%84%D9%89-%D8%AD%D8%B1%D9%8A%D9%82-%D9%81%D9%8A-%D8%AA%D9%84%D8%A9-%D8%A7%D9%84%D8%AE%D9%8A%D8%A7%D8%B7-%D9%88%D8%A3%D9%86%D9%82%D8%B0,20241012030342,cdx,0
https://www.nna-leb.gov.lb/ar/%D9%85%D8%AA%D9%81%D8%B1%D9%82%D8%A7%D8%AA/693392/%D8%A7%D8%AA%D8%AD%D8%A7%D8%AF-%D8%A8%D9%84%D8%AF%D9%8A%D8%A7%D8%AA-%D8%A8%D8%B9%D9%84%D8%A8%D9%83-%D8%A7%D8%B7%D9%84%D9%82-%D8%AE%D8%B7%D8%AA%D9%87-%D9%84%D8%AA%D8%AE%D9%81%D9%8A%D9%81-%D8%A7%D9%84%D8%A5%D9%86%D8%A8%D8%B9%D8%A7%D8%AB%D8%A7%D8%AA-%D8%A7%D9%84%D8%B6,20241003225228,cdx,0
https://www.nna-leb.gov.lb/ar/%D9%85%D8%AA%D9%81%D8%B1%D9%82%D8%A7%D8%AA/694541/%D8%A7%D9%84%D8%AF%D9%81%D8%A7%D8%B9-%D8%A7%D9%84%D9%85%D8%AF%D9%86%D9%8A-%D9%81%D9%8A-%D9%83%D8%B4%D8%A7%D9%81%D8%A9-%D8%A7%D9%84%D8%B1%D8%B3%D8%A7%D9%84%D8%A9-%D8%A3%D8%AE%D9%85%D8%AF-%D8%AD%D8%B1%D9%8A%D9%82%D8%A7-%D8%A7%D9%86%D8%AF%D9%84%D8%B9-%D9%81%D9%8A,20241006005202,cdx,0
https://www.nna-leb.gov.lb/ar/%D9%85%D8%AA%D9%81%D8%B1%D9%82%D8%A7%D8%AA/696609/%D8%A7%D8%AD%D8%AA%D9%81%D8%A7%D9%84-%D9%84%D9%84%D9%87%D9%8A%D8%A6%D8%A7%D8%AA-%D8%A7%D9%84%D9%86%D8%B3%D8%A7%D8%A6%D9%8A%D8%A9-%D9%81%D9%8A-%D8%A8%D8%B9%D9%84%D8%A8%D9%83-%D9%84%D9%85%D9%86%D8%A7%D8%B3%D8%A8%D8%A9-%D8%B9%D9%8A%D8%AF-%D8%A7%D9%84%D9%85%D9%82%D8%A7,20241012033512,cdx,0
https://www.nna-leb.gov.lb/ar/%D9%85%D8%AA%D9%81%D8%B1%D9%82%D8%A7%D8%AA/700945/%D9%83%D9%84%D9%88%D8%AF%D9%8A%D9%86-%D8%B9%D9%88%D9%86-%D8%AE%D9%84%D8%A7%D9%84-%D8%A7%D9%81%D8%AA%D8%AA%D8%A7%D8%AD-%D8%B3%D9%84%D8%B3%D9%84%D8%A9-%D9%88%D8%B1%D8%B4-%D8%B9%D9%85%D9%84-%D9%85%D8%B9-%D9%85%D8%AD%D8%A7%D9%85%D9%8A%D8%A7%D8%AA-%D9%88%D9%85,20241012025252,cdx,0
https://www.nna-leb.gov.lb/ar/%D9%85%D8%AA%D9%81%D8%B1%D9%82%D8%A7%D8%AA/700953/%D9%88%D9%81%D8%AF-%D9%85%D9%86-%D8%A5%D8%A6%D8%AA%D9%84%D8%A7%D9%81-%D8%A5%D9%86%D8%AA%D9%81%D8%B6-%D8%B2%D8%A7%D8%B1-%D8%A7%D9%84%D9%86%D9%82%D9%8A%D8%A8-%D9%81%D8%AA%D9%81%D8%AA-%D9%85%D9%87%D9%86%D8%A6%D8%A7,20241012043119,cdx,0
https://www.nna-leb.gov.lb/ar/%D9%85%D8%AA%D9%81%D8%B1%D9%82%D8%A7%D8%AA/715140/%D9%83%D9%87%D8%B1%D8%A8%D8%A7%D8%A1-%D9%84%D8%A8%D9%86%D8%A7%D9%86-%D8%AE%D8%B1%D9%88%D8%AC-%D8%A2%D8%AE%D8%B1-%D9%85%D8%AC%D9%85%D9%88%D8%B9%D8%A9-%D8%A5%D9%86%D8%AA%D8%A7%D8%AC%D9%8A%D8%A9-%D9%82%D8%B3%D8%B1%D8%A7-%D8%B9%D9%86-%D8%A7%D9%84%D8%B4%D8%A8%D9%83,20241007044448,cdx,0
https://www.nna-leb.gov.lb/ar/%D9%85%D8%AA%D9%81%D8%B1%D9%82%D8%A7%D8%AA/717367/%D9%86%D9%87%D8%B1%D8%A7-%D8%B7%D9%84%D8%A8-%D9%85%D9%86-%D8%A7%D9%84%D9%85%D8%AF%D9%8A%D8%B1-%D8%A7%D9%84%D8%A7%D9%82%D9%84%D9%8A%D9%85%D9%8A-%D9%84%D8%A7%D9%85%D9%86-%D8%A7%D9%84%D8%AF%D9%88%D9%84%D8%A9-%D9%81%D9%8A-%D8%A7%D9%84%D8%B4%D9%85%D8%A7%D9%84,20240920190805,cdx,0
https://www.nna-leb.gov.lb/ar/%D9%85%D8%AA%D9%81%D8%B1%D9%82%D8%A7%D8%AA/717777/%D8%A7%D9%84%D9%85%D8%AC%D9%84%D8%B3-%D8%A7%D9%84%D9%86%D8%B3%D8%A7%D8%A6%D9%8A-%D8%A7%D9%84%D9%84%D8%A8%D9%86%D8%A7%D9%86%D9%8A-%D9%8A%D9%86%D8%B9%D9%89-%D9%86%D9%88%D8%B1-%D8%B3%D9%84%D9%85%D8%A7%D9%86-%D8%A7%D9%84%D8%B1%D8%A7%D8%A6%D8%AF%D8%A9-%D8%A7%D9%84%D9%85,20240921113454,cdx,0
https://www.nna-leb.gov.lb/ar/%D9%85%D8%AA%D9%81%D8%B1%D9%82%D8%A7%D8%AA/721743/%D9%83%D9%81%D8%B1%D9%85%D8%B4%D9%83%D9%8A-%D8%AA%D8%AD%D9%8A%D9%8A-%D9%85%D9%87%D8%B1%D8%AC%D8%A7%D9%86-%D8%A7%D9%84%D9%85%D9%88%D9%86%D8%A9-%D9%88%D8%A7%D9%84%D8%B9%D9%86%D8%A8-%D8%A8%D8%AD%D8%B6%D9%88%D8%B1-%D9%88%D8%B2%D9%8A%D8%B1-%D8%A7%D9%84%D8%A8%D9%8A%D8%A6,20240920225600,cdx,0
https://www.nna-leb.gov.lb/ar/%D9%85%D8%AA%D9%81%D8%B1%D9%82%D8%A7%D8%AA/722253/%D8%A7%D9%84%D8%A3%D8%A8%D9%8A%D8%B6-%D8%AA%D8%B3%D9%84%D9%85-%D8%B4%D8%AD%D9%86%D8%A9-%D8%A7%D9%84%D9%85%D8%B3%D8%A7%D8%B9%D8%AF%D8%A7%D8%AA-%D8%A7%D9%84%D8%B9%D8%B1%D8%A7%D9%82%D9%8A%D8%A9-%D9%84%D9%84%D8%A8%D9%86%D8%A7%D9%86-%D8%A7%D9%84%D8%A8%D8%AD%D8%AB-%D8%AC,20240920184538,cdx,0
https://www.nna-leb.gov.lb/ar/%D9%85%D8%AA%D9%81%D8%B1%D9%82%D8%A7%D8%AA/722589/%D8%A7%D9%84%D8%A7%D8%A8%D9%8A%D8%B6-%D9%81%D9%8A-%D9%85%D8%A4%D8%AA%D9%85%D8%B1-%D8%A7%D9%84%D8%A7%D8%B9%D9%84%D8%A7%D9%86-%D8%B9%D9%86-%D9%85%D8%A8%D8%A7%D8%AF%D8%B1%D8%A9-%D8%A7%D9%84%D8%A5%D8%AA%D8%AD%D8%A7%D8%AF-%D8%A7%D9%84%D8%B9%D8%B1%D8%A8%D9%8A-%D9%84,20240921111623,cdx,0
https://www.nna-leb.gov.lb/ar/%D9%85%D8%AA%D9%81%D8%B1%D9%82%D8%A7%D8%AA/722923/%D8%AD%D8%B2%D8%A8-%D8%A7%D9%84%D9%84%D9%87-%D8%B4%D9%8A%D8%B9-%D9%88%D8%A7%D9%87%D8%A7%D9%84%D9%8A-%D8%A3%D9%86%D8%B5%D8%A7%D8%B1-%D9%88%D9%83%D9%88%D8%AB%D8%B1%D9%8A%D8%A9-%D8%A7%D9%84%D8%B1%D8%B2-%D8%A7%D9%84%D8%B4%D9%87%D9%8A%D8%AF-%D8%AC%D9%88%D8%A7,20240920155757,cdx,0
https://www.nna-leb.gov.lb/ar/%D9%85%D8%AA%D9%81%D8%B1%D9%82%D8%A7%D8%AA/722947/%D8%A7%D9%84%D8%A3%D8%A8%D9%8A%D8%B6-%D9%85%D9%86-%D9%86%D9%82%D8%A7%D8%A8%D8%A9-%D8%A7%D9%84%D8%A3%D8%B7%D8%A8%D8%A7%D8%A1-%D8%A2%D9%84%D9%8A%D8%A9-%D8%AF%D9%81%D8%B9-%D9%85%D8%B3%D8%AA%D8%AD%D9%82%D8%A7%D8%AA-%D8%A7%D9%84%D9%82%D8%B7%D8%A7%D8%B9-%D8%A7%D9%84,20240920171619,cdx,0
https://www.nna-leb.gov.lb/ar/%D9%85%D8%AA%D9%81%D8%B1%D9%82%D8%A7%D8%AA/723703/%D8%A7%D9%84%D9%82%D8%B7%D8%A7%D9%86-%D8%AF%D8%B9%D8%A7-%D8%A7%D9%84%D9%84%D8%A8%D9%86%D8%A7%D9%86%D9%8A%D9%8A%D9%86-%D8%A7%D9%84%D9%89-%D9%81%D8%AA%D8%AD-%D8%A8%D9%8A%D9%88%D8%AA%D9%87%D9%85-%D9%84%D9%84%D9%86%D8%A7%D8%B2%D8%AD%D9%8A%D9%86-%D9%84%D8%A8%D9%86%D8%A7,20240926175311,cdx,0
https://www.nna-leb.gov.lb/ar/%D9%85%D8%AA%D9%81%D8%B1%D9%82%D8%A7%D8%AA/724301/%D9%85%D8%B3%D8%AA%D8%B4%D9%81%D9%89-%D8%AA%D9%84-%D8%B4%D9%8A%D8%AD%D8%A7-%D9%8A%D9%86%D9%81%D9%8A-%D8%B4%D8%A7%D8%A6%D8%B9%D8%A9-%D9%85%D8%AA%D8%AF%D8%A7%D9%88%D9%84%D8%A9,20240925133542,cdx,0
https://www.nna-leb.gov.lb/ar/%D9%85%D8%AA%D9%81%D8%B1%D9%82%D8%A7%D8%AA/724368/%D8%A7%D8%A8%D9%8A-%D8%B1%D9%85%D9%8A%D8%A7-%D8%A7%D8%B7%D9%84%D8%B9-%D9%85%D9%86-%D9%82%D8%A7%D8%A6%D9%85%D9%82%D8%A7%D9%85-%D8%AC%D8%A8%D9%8A%D9%84-%D8%B9%D9%84%D9%89-%D8%A7%D9%88%D8%B6%D8%A7%D8%B9-%D8%A7%D9%84%D9%86%D8%A7%D8%B2%D8%AD%D9%8A%D9%86-%D9%88,20241002091349,cdx,0
https://www.nna-leb.gov.lb/ar/%D9%85%D8%AA%D9%81%D8%B1%D9%82%D8%A7%D8%AA/724457/%D8%A7%D9%84%D8%A7%D8%AA%D8%AD%D8%A7%D8%AF-%D8%A7%D9%84%D8%B9%D9%85%D8%A7%D9%84%D9%8A-%D8%B3%D8%A3%D9%84-%D8%B9%D9%86-%D9%85%D8%B5%D9%8A%D8%B1-%D8%A7%D9%84%D9%86%D8%A7%D8%B2%D8%AD%D9%8A%D9%86-%D9%81%D9%8A-%D8%B8%D9%84-%D8%BA%D9%8A%D8%A7%D8%A8-%D8%A7%D9%84,20240926144252,cdx,0
https://www.nna-leb.gov.lb/ar/%D9%85%D8%AA%D9%81%D8%B1%D9%82%D8%A7%D8%AA/724463/%D9%88%D9%81%D8%A7%D8%A9-%D8%A7%D9%84%D9%85%D9%87%D9%86%D8%AF%D8%B3-%D8%AC%D9%88%D8%B2%D9%8A%D9%81-%D8%AE%D9%8A%D8%B1%D8%A7%D9%84%D9%84%D9%87-%D8%B4%D9%82%D9%8A%D9%82-%D8%B1%D8%A7%D8%B9%D9%8A-%D8%A3%D8%A8%D8%B1%D8%B4%D9%8A%D8%A9-%D8%A7%D9%84%D8%A8%D8%AA%D8%B1%D9%88,20241001201929,cdx,0
https://www.nna-leb.gov.lb/ar/%D9%85%D8%AA%D9%81%D8%B1%D9%82%D8%A7%D8%AA/725976/%D8%A7%D8%AC%D8%AA%D9%85%D8%A7%D8%B9-%D9%84%D9%84%D8%AC%D9%85%D8%B9%D9%8A%D8%A7%D8%AA-%D8%A7%D9%84%D8%A7%D8%B1%D9%85%D9%86%D9%8A%D8%A9-%D8%A3%D9%83%D8%AF-%D8%AF%D8%B9%D9%85-%D8%A7%D9%84%D9%86%D8%A7%D8%B2%D8%AD%D9%8A%D9%86-%D9%84%D8%AA%D9%85%D8%B1%D9%8A%D8%B1-%D8%A7,20241001014153,cdx,0
https://www.nna-leb.gov.lb/ar/%D9%85%D8%AA%D9%81%D8%B1%D9%82%D8%A7%D8%AA/726229/%D8%A8%D9%84%D8%AF%D9%8A%D8%A7%D8%AA-%D8%A7%D9%84%D8%B6%D9%86%D9%8A%D8%A9-%D8%A8%D8%AD%D8%AB%D8%AA-%D9%81%D9%8A-%D8%A3%D8%B2%D9%85%D8%A9-%D8%A7%D9%84%D9%88%D8%A7%D9%81%D8%AF%D9%8A%D9%86-%D9%88%D8%AF%D8%B9%D8%AA-%D8%A7%D9%84%D9%89-%D8%AA%D9%82%D8%AF%D9%8A%D9%85?__cf_chl_rt_tk=Gd4e5gSlwedBe0VgqptzPrS5fgD9vq.u2wPh0hLNWAg-1727804160-0.0.1.1-6206,20241002162519,cdx,0
https://www.nna-leb.gov.lb/ar/%D9%85%D8%AA%D9%81%D8%B1%D9%82%D8%A7%D8%AA/726439/%D8%A7%D9%84%D9%85%D8%AA%D9%82%D8%A7%D8%B9%D8%AF%D9%88%D9%86-%D9%82%D9%8A-%D9%88%D8%B2%D8%A7%D8%B1%D8%A9-%D8%A7%D9%84%D8%A7%D8%B9%D9%84%D8%A7%D9%85-%D8%A7%D9%84%D9%85%D9%86%D8%AA%D8%B3%D8%A8%D9%88%D9%86-%D9%84%D9%84%D8%B6%D9%85%D8%A7%D9%86-%D9%86%D8%A7%D8%B4%D8%AF%D9%88,20241007050819,cdx,0
https://www.nna-leb.gov.lb/ar/%D9%85%D8%AA%D9%81%D8%B1%D9%82%D8%A7%D8%AA/726465/%D8%A3%D9%84%D9%81%D8%A7-%D9%85%D8%AD%D8%B7%D8%AA%D8%A7%D9%86-%D8%AF-%D9%85-%D8%B1%D8%AA%D8%A7-%D9%81%D9%8A-%D8%A7%D9%84%D8%B6%D8%A7%D8%AD%D9%8A%D8%A9-%D9%88%D8%A7%D8%AC%D8%B1%D8%A7%D8%A1%D8%A7%D8%AA-%D9%84%D8%A7%D8%B3%D8%AA%D9%8A%D8%B9%D8%A7%D8%A8,20241005234037,cdx,0
https://www.nna-leb.gov.lb/ar/%D9%85%D8%AA%D9%81%D8%B1%D9%82%D8%A7%D8%AA/726476/%D8%AD%D8%AC%D8%A7%D8%B1-%D8%A7%D8%AC%D8%AA%D9%85%D8%B9-%D8%A8%D9%85%D8%AD%D8%A7%D9%81%D8%B8-%D8%A7%D9%84%D8%AC%D9%86%D9%88%D8%A8-%D9%88%D8%B1%D8%A4%D8%B3%D8%A7%D8%A1-%D8%A8%D9%84%D8%AF%D9%8A%D8%A7%D8%AA-%D8%A7%D8%AA%D8%AD%D8%A7%D8%AF-%D8%B5%D9%8A%D8%AF%D8%A7,20241005171948,cdx,0
https://www.nna-leb.gov.lb/ar/%D9%85%D8%AA%D9%81%D8%B1%D9%82%D8%A7%D8%AA/726729/%D9%88%D8%B2%D8%A7%D8%B1%D8%A9-%D8%A7%D9%84%D8%B7%D9%88%D8%A7%D8%B1%D8%A6-%D8%A7%D9%84%D8%B1%D9%88%D8%B3%D9%8A%D8%A9-%D8%AA%D8%B9%D9%84%D9%86-%D9%88%D8%B5%D9%88%D9%84-%D8%B7%D8%A7%D8%A6%D8%B1%D8%A9-%D8%AA%D8%AD%D9%85%D9%84-%D8%B4%D8%AD%D9%86%D8%A9-%D9%85%D8%B3,20241003092140,cdx,0
https://www.nna-leb.gov.lb/ar/%D9%85%D8%AA%D9%81%D8%B1%D9%82%D8%A7%D8%AA/727023/70-%D9%85%D9%87%D9%85%D8%A9-%D9%84%D8%A5%D8%B3%D8%B9%D8%A7%D9%81-%D8%B3%D8%A8%D9%84-%D8%A7%D9%84%D8%B3%D9%84%D8%A7%D9%85,20241005022813,cdx,0
https://www.nna-leb.gov.lb/ar/%D9%85%D8%AA%D9%81%D8%B1%D9%82%D8%A7%D8%AA/727100/%D8%A7%D9%84%D9%85%D8%B3%D8%B1%D8%AD-%D8%A7%D9%84%D9%88%D8%B7%D9%86%D9%8A-%D8%A7%D9%84%D9%84-%D8%A8%D9%86%D8%A7%D9%86%D9%8A-%D8%A7%D9%84%D9%85%D8%AC%D8%A7%D9%86%D9%8A-%D9%81%D8%AA%D8%AD-%D8%A3%D8%A8%D9%88%D8%A7%D8%A8%D9%87-%D9%84%D9%84%D9%86%D8%A7%D8%B3-%D9%81,20241004102815,cdx,0
https://www.nna-leb.gov.lb/ar/%D9%85%D8%AA%D9%81%D8%B1%D9%82%D8%A7%D8%AA/727190/%D8%A3%D9%85%D9%84-%D8%B4%D9%8A%D8%B9%D8%AA-%D8%A7%D9%84%D8%B4%D9%87%D9%8A%D8%AF%D9%8A%D9%86-%D8%A3%D8%B3%D8%B9%D8%AF-%D8%B9%D8%A8%D8%AF-%D8%A7%D9%84%D9%84%D8%B7%D9%8A%D9%81-%D8%B1%D8%B3%D9%84%D8%A7%D9%86-%D9%88%D8%B2%D9%8A%D9%86-%D8%A7%D9%84%D8%B9%D8%A7,20241005131045,cdx,0
https://www.nna-leb.gov.lb/ar/%D9%85%D8%AA%D9%81%D8%B1%D9%82%D8%A7%D8%AA/727202/%D8%B3%D8%B7%D9%88%D8%AD-%D8%A8%D9%8A%D8%B1%D9%88%D8%AA-%D9%82%D8%AF%D9%85%D8%AA-%D9%85%D8%B3%D8%A7%D8%B9%D8%AF%D8%A7%D8%AA-%D9%84%D9%86%D8%A7%D8%B2%D8%AD%D9%8A%D9%86-%D9%85%D9%86-%D8%AF%D8%A8%D9%84-%D9%88%D8%B9%D9%8A%D9%86-%D8%A5%D8%A8%D9%84,20241004161301,cdx,0
https://www.nna-leb.gov.lb/ar/%D9%85%D8%AA%D9%81%D8%B1%D9%82%D8%A7%D8%AA/728406/%D8%B3%D9%8A%D9%81-%D8%B4%D8%A7%D8%B1%D9%83-%D9%85%D9%86-%D8%A8%D8%B9%D8%AF-%D9%81%D9%8A-%D9%86%D8%AF%D9%88%D8%A9-%D9%84%D9%80-%D8%A7%D9%84%D9%81%D8%A7%D9%88-%D8%B9%D9%86-%D8%A7%D9%84%D8%B1%D8%BA%D9%8A%D9%81-%D9%88%D8%B7%D9%84%D8%A8-%D8%A7%D9%84,20241009100224,cdx,0
https://www.nna-leb.gov.lb/ar/agenda/604080/%D8%A7%D9%84%D9%85%D9%81%D9%83%D8%B1%D8%A9-%D9%84%D9%8A%D9%88%D9%85-%D8%A7%D9%84%D8%AB%D9%84%D8%AB%D8%A7%D8%A1-28-%D8%A2%D8%B0%D8%A7%D8%B1-2023,20241015125250,cdx,0
https://www.nna-leb.gov.lb/ar/agenda/675721/%D8%A7%D9%84%D9%85%D9%81%D9%83%D8%B1%D8%A9-%D9%84%D9%8A%D9%88%D9%85-%D8%A7%D9%84%D8%A3%D8%B1%D8%A8%D8%B9%D8%A7%D8%A1-14-%D8%B4%D8%A8%D8%A7%D8%B7-2024,20241012032023,cdx,0
https://www.nna-leb.gov.lb/ar/corona/528757/%D9%88%D8%B2%D8%A7%D8%B1%D8%A9-%D8%A7%D9%84%D8%B5%D8%AD%D8%A9-632-%D8%A5%D8%B5%D8%A7%D8%A8%D8%A9-%D8%AC%D8%AF%D9%8A%D8%AF%D8%A9-%D9%88-5-%D8%AD%D8%A7%D9%84%D8%A7%D8%AA-%D9%88%D9%81%D8%A7%D8%A9,20241003224244,cdx,0
https://www.nna-leb.gov.lb/ar/corona/585988/%D9%85%D9%86%D8%B8%D9%85%D8%A9-%D8%A7%D9%84%D8%B5%D8%AD%D8%A9-%D8%A7%D9%84%D8%B9%D8%A7%D9%84%D9%85%D9%8A%D8%A9-%D8%A8%D9%8A%D8%A7%D9%86%D8%A7%D8%AA-%D8%A7%D9%84%D8%B5%D9%8A%D9%86-%D9%84%D8%A7-%D8%AA%D8%B9%D9%83%D8%B3-%D8%A7%D9%84%D9%85%D9%88%D8%AC%D8%A9-%D8%A7,20241012021752,cdx,0
https://www.nna-leb.gov.lb/ar/corona/663712/%D9%85%D9%86%D8%B8%D9%85%D8%A9-%D8%A7%D9%84%D8%B5%D8%AD%D8%A9-%D8%A7%D9%84%D8%B9%D8%A7%D9%84%D9%85%D9%8A%D8%A9-%D8%A7%D9%84%D9%81%D9%8A%D8%B1%D9%88%D8%B3-%D8%A7%D9%84%D8%AA%D8%A7%D8%AC%D9%8A-%D8%A7%D9%84%D9%85%D8%B3%D8%AA%D8%AC%D8%AF-%D9%85%D8%B3%D8%AA%D9%85%D8%B1,20241015122515,cdx,0
https://www.nna-leb.gov.lb/ar/economy/507959/worldremit-%D9%84%D8%A8%D9%86%D8%A7%D9%86-%D9%8A%D8%AA%D8%B5%D8%AF%D8%B1-%D9%82%D8%A7%D8%A6%D9%85%D8%A9-%D8%A7%D9%84%D8%AF%D9%88%D9%84-%D8%A7%D9%84%D8%AA%D9%8A-%D8%AA%D9%86%D9%81%D9%82-%D9%81%D9%8A-%D9%85%D9%88,20241003225405,cdx,0
https://www.nna-leb.gov.lb/ar/economy/528739/%D9%85%D8%B5%D8%B1%D9%81-%D9%84%D8%A8%D9%86%D8%A7%D9%86-%D8%AD%D8%AC%D9%85-%D8%A7%D9%84%D8%AA%D8%AF%D8%A7%D9%88%D9%84-%D8%B9%D9%84%D9%89-sayrafa-%D8%A8%D9%84%D8%BA-%D8%A7%D9%84%D9%8A%D9%88%D9%85-74-%D9%85%D9%84,20241012041255,cdx,0
https://www.nna-leb.gov.lb/ar/economy/566342/%D9%88%D8%B2%D8%A7%D8%B1%D8%A9-%D8%A7%D9%84%D9%85%D8%A7%D9%84%D9%8A%D8%A9-%D9%88%D9%82%D9%81-%D8%A7%D9%84%D8%B9%D9%85%D9%84-%D8%A8%D8%B3%D8%B9%D8%B1-%D8%B5%D8%B1%D9%81-1507-%D9%84-%D9%84-%D9%84%D9%84%D8%AF%D9%88%D9%84%D8%A7%D8%B1,20241015113415,cdx,0
https://www.nna-leb.gov.lb/ar/economy/570885/%D9%84%D8%A8%D9%86%D8%A7%D9%86-%D8%B9%D8%B6%D9%88%D8%A7-%D9%81%D9%8A-%D8%A7%D9%84%D9%85%D8%AC%D9%84%D8%B3-%D8%A7%D9%84%D8%AA%D9%86%D9%81%D9%8A%D8%B0%D9%8A-%D9%84-aidmo-%D8%B9%D8%B7%D8%A7%D8%A7%D9%84%D9%84%D9%87-%D9%85%D9%85%D8%AB%D9%84,20240923120904,cdx,0
https://www.nna-leb.gov.lb/ar/economy/580638/%D9%85%D8%B0%D9%83%D8%B1%D8%A9-%D8%AA%D9%81%D8%A7%D9%87%D9%85-%D8%A8%D9%8A%D9%86-libnor-%D9%88-lmmp-%D9%84%D8%AA%D9%85%D9%83%D9%8A%D9%86-%D8%A7%D9%84%D9%85%D8%A4%D8%B3%D8%B3%D8%A7%D8%AA-%D8%A7%D9%84%D8%B5%D9%86,20240923145056,cdx,0
https://www.nna-leb.gov.lb/ar/economy/614670/%D9%81%D9%8A%D8%A7%D8%B6-%D8%A7%D8%B3%D8%AA%D9%82%D8%A8%D9%84-%D9%88%D9%81%D8%AF%D8%A7-%D9%85%D9%86-%D8%AC%D9%85%D8%B9%D9%8A%D8%A9-medreg-%D9%85%D8%AD%D8%B8%D9%88%D8%B8%D9%88%D9%86-%D9%84%D8%A3%D9%86%D9%86%D8%A7-%D9%82%D8%A7%D8%AF,20241006010456,cdx,0
https://www.nna-leb.gov.lb/ar/economy/616801/%D8%AD%D8%A7%D8%B5%D8%A8%D8%A7%D9%86%D9%8A-%D9%81%D9%8A-%D8%A7%D8%B3%D8%AA%D8%B6%D8%A7%D9%81%D8%A9-%D8%AC%D9%85%D8%B9%D9%8A%D8%A9-100-liban-%D8%B9%D8%B1%D8%B6-%D9%84%D8%A5%D9%82%D8%AA%D8%B1%D8%A7%D8%AD-%D9%82%D8%A7%D9%86,20241015132841,cdx,0
https://www.nna-leb.gov.lb/ar/economy/640716/%D9%88%D8%B2%D8%A7%D8%B1%D8%A9-%D8%A7%D9%84%D8%B5%D9%86%D8%A7%D8%B9%D8%A9-%D8%B3%D8%B9%D8%B1-%D8%B7%D9%86-%D8%A7%D9%84%D8%AA%D8%B1%D8%A7%D8%A8%D8%A9-%D8%A7%D9%84%D8%B3%D9%88%D8%AF%D8%A7%D8%A1-%D8%A8%D9%80-7-%D9%85%D9%84%D8%A7%D9%8A%D9%8A%D9%86-%D9%84,20241003231015,cdx,0
https://www.nna-leb.gov.lb/ar/economy/651289/%D9%84%D8%AC%D9%86%D8%A9-%D8%A7%D9%84%D9%85%D8%A7%D9%84-%D8%AB%D9%85%D9%86%D8%AA-%D8%AD%D9%81%D8%A7%D8%B8-%D8%A7%D9%84%D9%85%D8%B1%D9%83%D8%B2%D9%8A-%D8%B9%D9%84%D9%89-%D8%A7%D8%B3%D8%AA%D9%82%D8%B1%D8%A7%D8%B1-%D8%B3%D8%B9%D8%B1-%D8%A7%D9%84%D8%B5%D8%B1%D9%81,20241015133415,cdx,0
https://www.nna-leb.gov.lb/ar/economy/675418/%D8%A3%D8%B3%D8%B9%D8%AF-%D8%A7%D9%84%D8%AD%D8%B1%D9%8A%D8%B1%D9%8A-%D8%B2%D8%A7%D8%B1-%D8%B9%D8%B1%D8%A8%D9%8A%D8%AF-%D9%88%D8%A8%D8%AD%D8%AB-%D9%85%D8%B9%D9%87-%D9%81%D9%8A-%D9%85%D9%88%D8%B6%D9%88%D8%B9-%D8%A7%D9%84%D8%A7%D9%8A%D8%AC%D8%A7%D8%B1%D8%A7%D8%AA,20241006011713,cdx,0
https://www.nna-leb.gov.lb/ar/economy/675636/%D8%A7%D9%84%D8%A7%D8%AA%D8%AD%D8%A7%D8%AF-%D8%A7%D9%84%D8%B9%D9%85%D8%A7%D9%84%D9%8A-%D9%84%D9%85%D8%B3%D8%A7%D9%88%D8%A7%D8%A9-%D8%A7%D9%84%D8%B9%D8%A7%D9%85%D9%84%D9%8A%D9%86-%D9%81%D9%8A-%D9%82%D8%B7%D8%A7%D8%B9-%D8%A7%D9%84%D8%A8%D9%84%D8%AF%D9%8A%D8%A7%D8%AA,20241015132458,cdx,0
https://www.nna-leb.gov.lb/ar/economy/683365/%D8%A7%D9%84%D9%82%D8%B1%D9%85-%D8%B9%D8%B1%D8%B6-%D9%88%D9%85%D9%85%D8%AB%D9%84%D9%8A-%D8%B4%D8%B1%D9%83%D8%A7%D8%AA-%D9%85%D8%B2%D9%88%D8%AF%D9%8A-%D8%AE%D8%AF%D9%85%D8%A9-%D9%86%D9%82%D9%84-%D8%A7%D9%84%D9%85%D8%B9%D9%84%D9%88%D9%85%D8%A7%D8%AA-%D8%AA%D8%B7,20241015132114,cdx,0
https://www.nna-leb.gov.lb/ar/economy/685019/%D9%85%D8%AD%D8%B6%D8%B1%D8%A7-%D8%B6%D8%A8%D8%B7-%D9%81%D9%8A-%D8%AD%D9%82-%D9%85%D9%84%D8%AD%D9%85%D8%AA%D9%8A%D9%86-%D9%81%D9%8A-%D8%A7%D9%84%D8%AD%D9%88%D8%B4-%D8%B5%D9%88%D8%B1,20241015131322,cdx,0
https://www.nna-leb.gov.lb/ar/economy/715327/%D9%83%D9%87%D8%B1%D8%A8%D8%A7%D8%A1-%D9%84%D8%A8%D9%86%D8%A7%D9%86-%D9%82%D9%85%D9%86%D8%A7-%D8%A8%D8%AC%D9%85%D9%8A%D8%B9-%D8%A7%D9%84%D8%A5%D8%AC%D8%B1%D8%A7%D8%A1%D8%A7%D8%AA-%D9%88%D8%A7%D9%84%D8%AE%D8%B7%D9%88%D8%A7%D8%AA-%D8%A7%D9%84%D8%A7%D8%AD%D8%AA%D8%B1%D8%A7,20241007042534,cdx,0
https://www.nna-leb.gov.lb/ar/economy/715725/%D9%88%D8%B2%D9%8A%D8%B1-%D8%A7%D9%84%D8%B7%D8%A7%D9%82%D8%A9-%D8%A7%D9%84%D8%AD%D8%B5%D8%A7%D8%B1-%D8%A7%D9%84%D8%A3%D9%85%D9%8A%D8%B1%D9%83%D9%8A-%D8%AA%D8%B3%D8%A8%D8%A8-%D8%A8%D8%AF%D8%AE%D9%88%D9%84-%D9%84%D8%A8%D9%86%D8%A7%D9%86-%D9%81%D9%8A-%D8%A7%D9%84,20240924024221,cdx,0
https://www.nna-leb.gov.lb/ar/economy/717371/%D9%84%D8%A8%D9%86%D8%A7%D9%86-%D9%88%D9%82%D8%B9-%D8%A7%D8%AA%D9%81%D8%A7%D9%82%D9%8A%D8%A9-%D9%84%D9%84%D8%A7%D9%86%D8%B6%D9%85%D8%A7%D9%85-%D9%84%D9%84%D8%AA%D8%AD%D8%A7%D9%84%D9%81-%D8%A7%D9%84%D8%AF%D9%88%D9%84%D9%8A-%D9%84%D9%84%D8%B7%D8%A7%D9%82%D8%A9-%D8%A7,20241007044806,cdx,0
https://www.nna-leb.gov.lb/ar/economy/718831/%D9%84%D9%82%D8%A7%D8%A1-%D9%88%D8%B7%D9%86%D9%8A-%D9%84%D9%84%D9%85%D8%B3%D8%AA%D8%A3%D8%AC%D8%B1%D9%8A%D9%86-%D8%A7%D9%84%D9%82%D8%AF%D8%A7%D9%85%D9%89-%D9%81%D9%8A-%D8%BA%D8%B1%D9%81%D8%A9-%D8%B7%D8%B1%D8%A7%D8%A8%D9%84%D8%B3-%D8%A8%D8%AD%D8%AB-%D9%81%D9%8A,20241007050329,cdx,0
https://www.nna-leb.gov.lb/ar/economy/721850/%D9%87%D8%A8%D8%A9-%D9%82%D8%B7%D8%B1%D9%8A%D8%A9-%D9%85%D8%A7%D9%84%D9%8A%D8%A9-%D8%A8%D9%82%D9%8A%D9%85%D8%A9-15-%D9%85%D9%84%D9%8A%D9%88%D9%86-%D8%AF%D9%88%D9%84%D8%A7%D8%B1-%D9%85%D8%AE%D8%B5%D8%B5%D8%A9-%D9%84%D8%AA%D8%A3%D9%85%D9%8A%D9%86,20241007044338,cdx,0
https://www.nna-leb.gov.lb/ar/economy/723855/%D9%88%D8%B2%D8%A7%D8%B1%D8%A9-%D8%A7%D9%84%D8%A7%D9%82%D8%AA%D8%B5%D8%A7%D8%AF-%D8%A7%D9%84%D9%82%D9%85%D8%AD-%D9%85%D8%AA%D9%88%D8%A7%D9%81%D8%B1-%D9%88%D9%84%D8%A7-%D8%AF%D8%A7%D8%B9%D9%8A-%D9%84%D9%84%D8%AA%D8%AE%D8%B2%D9%8A%D9%86,20240924070037,cdx,0
https://www.nna-leb.gov.lb/ar/economy/727089/%D9%85%D9%8A%D9%82%D8%A7%D8%AA%D9%8A-%D9%88%D9%82%D8%B9-%D9%85%D8%B1%D8%B3%D9%88%D9%85-%D8%A7%D8%AD%D8%A7%D9%84%D8%A9-%D9%85%D8%B4%D8%B1%D9%88%D8%B9-%D9%82%D8%A7%D9%86%D9%88%D9%86-%D9%85%D9%88%D8%A7%D8%B2%D9%86%D8%A9-%D8%A7%D9%84%D8%B9%D8%A7%D9%85-20,20241004102213,cdx,0
https://www.nna-leb.gov.lb/ar/education/550912/%D8%B7%D8%B1%D8%A7%D8%A8%D9%84%D8%B3%D9%8A-%D8%A7%D8%B3%D8%AA%D9%8A%D9%81%D8%A7%D8%A1-%D8%A7%D9%84%D8%A3%D9%82%D8%B3%D8%A7%D8%B7-%D8%A8%D8%A7%D9%84%D8%AF%D9%88%D9%84%D8%A7%D8%B1-%D8%BA%D9%8A%D8%B1-%D9%82%D8%A7%D9%86%D9%88%D9%86%D9%8A,20241015134004,cdx,0
https://www.nna-leb.gov.lb/ar/education/604935/%D9%88%D8%B2%D9%8A%D8%B1-%D8%A7%D9%84%D8%AA%D8%B1%D8%A8%D9%8A%D8%A9-%D8%A7%D8%AC%D8%AA%D9%85%D8%B9-%D8%A5%D9%84%D9%89-%D9%88%D9%81%D8%AF-%D8%B1%D9%88%D8%A7%D8%A8%D8%B7-%D8%A7%D8%B3%D8%A7%D8%AA%D8%B0%D8%A9-%D8%A7%D9%84%D8%AA%D8%B9%D9%84%D9%8A%D9%85-%D8%A7%D9%84,20241012021350,cdx,0
https://www.nna-leb.gov.lb/ar/education/617984/%D8%A7%D9%84%D8%AD%D9%84%D8%A8%D9%8A-%D8%B9%D8%B1%D8%B6-%D9%85%D8%B9-%D9%88%D9%81%D8%AF-%D8%A7%D9%84%D9%85%D8%A7%D9%86%D9%8A-%D8%A7%D9%84%D9%88%D8%B6%D8%B9-%D8%A7%D9%84%D8%AA%D8%B1%D8%A8%D9%88%D9%8A-%D8%AA%D8%B1%D8%A3%D8%B3-%D8%A7%D9%84%D8%AD%D9%84%D8%A8%D9%8A,20241015120643,cdx,0
https://www.nna-leb.gov.lb/ar/education/617997/%D8%A7%D9%84%D9%85%D8%B1%D8%AA%D8%B6%D9%89-%D8%A7%D8%B3%D8%AA%D9%82%D8%A8%D9%84-%D9%88%D9%81%D8%AF%D8%A7-%D9%85%D9%86-%D8%A7%D9%84%D9%85%D8%B1%D9%83%D8%B2-%D8%A7%D9%84%D8%A5%D8%B3%D9%84%D8%A7%D9%85%D9%8A-%D9%84%D9%84%D8%AF%D8%B1%D8%A7%D8%B3%D8%A7%D8%AA,20241003225127,cdx,0
https://www.nna-leb.gov.lb/ar/education/618644/%D8%B7%D9%84%D8%A7%D8%A8-%D8%A7%D9%84aut-%D8%B2%D8%A7%D8%B1%D9%88%D8%A7-%D9%85%D8%AD%D8%B7%D8%A9-%D9%85%D8%B9%D8%A7%D9%84%D8%AC%D8%A9-%D9%85%D9%8A%D8%A7%D9%87-%D8%A7%D9%84%D8%B4%D8%B1%D8%A8-%D9%81%D9%8A-%D8%B7%D8%B1%D8%A7%D8%A8%D9%84%D8%B3,20241004000441,cdx,0
https://www.nna-leb.gov.lb/ar/education/618858/%D8%B5%D8%AF%D9%88%D8%B1-%D9%83%D8%AA%D8%A7%D8%A8-%D8%B0%D8%A8%D8%B0%D8%A8%D8%A9-%D8%A7%D9%84%D8%B0%D8%A8%D8%A7%D8%A8%D8%A9-%D8%B9%D9%84%D9%89-%D8%AD%D8%A7%D9%81%D8%A9-%D8%A7%D9%84%D9%86%D8%A7%D9%81%D8%B0%D8%A9-%D9%84%D8%B3%D9%87%D9%89-%D9%86%D8%B9%D9%8A%D9%85,20241003232651,cdx,0
https://www.nna-leb.gov.lb/ar/education/618875/%D8%A7%D8%AE%D8%AA%D9%84%D8%A7%D9%81-%D9%88%D9%84%D9%8A%D8%B3-%D8%AE%D9%84%D8%A7%D9%81-%D8%B9%D9%84%D9%89-%D9%85%D8%B3%D8%B1%D8%AD-%D8%A7%D9%84%D8%B1%D8%A7%D8%A8%D8%B7%D8%A9-%D8%A7%D9%84%D8%AB%D9%82%D8%A7%D9%81%D9%8A%D8%A9-%D8%B7%D8%B1%D8%A7%D8%A8%D9%84%D8%B3,20241012042447,cdx,0
https://www.nna-leb.gov.lb/ar/education/661103/%D8%B7%D9%88%D9%81%D8%A7%D9%86-%D8%A7%D9%84%D8%A3%D9%82%D8%B5%D9%89-%D8%A8%D9%8A%D9%86-%D8%A7%D9%84%D8%A3%D8%B3%D8%B1%D9%84%D8%A9-%D9%88%D8%A7%D9%84%D8%AA%D9%87%D9%88%D9%8A%D8%AF-%D9%85%D8%A4%D8%AA%D9%85%D8%B1-%D9%8A%D9%86%D8%B8%D9%85%D9%87-%D9%85%D8%B9%D9%87%D8%AF,20241004000559,cdx,0
https://www.nna-leb.gov.lb/ar/education/678911/%D8%A2%D8%B1%D8%AA-%D8%AF%D9%8A%D8%B2%D8%A7%D9%8A%D9%86-%D9%84%D8%A8%D9%86%D8%A7%D9%86-%D8%AA%D9%82%D8%AF-%D9%85-%D9%85%D8%B9%D8%B1%D8%B6-%D8%A7%D9%84%D8%AD%D9%8A%D8%A7%D8%A9-%D9%85%D8%A7-%D8%A8%D8%B9%D8%AF-%D8%A7%D9%84%D8%B0%D8%A7%D8%AA-%D9%84,20241003233837,cdx,0
https://www.nna-leb.gov.lb/ar/education/715416/%D9%86%D9%82%D8%A7%D8%A8%D8%A9-%D8%A7%D9.%D9%85%D8%B9%D9.%D9%85%D9%8A%D9%86-%D9.%D9%88-%D8%AD%D8%AA-%D8%A8%D8%A7%D9.%D8%AA%D8%AD%D8%B1%D9%83-%D9%81%D9%8A-%D8%AD%D8%A7%D9.-%D8%B9%D8%AF%D9%85-%D8%A7%D9%86%D8%B5%D8%A7%D9%81-%D9%85%D8%AA%D9%82%D8%A7,20240925093719,cdx,0
https://www.nna-leb.gov.lb/ar/education/716864/%D8%AA%D8%AD%D9%8A%D8%A9-%D8%A5%D9%84%D9%89-%D8%A3%D8%AF%D9%88%D9%86%D9%8A%D8%B3-%D9%81%D9%8A-%D8%A7%D9%84%D8%B1%D8%A7%D8%A8%D8%B7%D8%A9-%D8%A7%D9%84%D8%AB%D9%82%D8%A7%D9%81%D9%8A%D8%A9-%D8%B7%D8%B1%D8%A7%D8%A8%D9%84%D8%B3,20240915075404,cdx,0
https://www.nna-leb.gov.lb/ar/education/721854/%D9%88%D9%81%D8%AF-%D9%85%D9%86-%D8%A7%D9%84%D9%88%D8%B7%D9%86%D9%8A-%D8%A7%D9%84%D8%AD%D8%B1-%D8%B9%D8%B1%D8%B6-%D9%85%D8%B9-%D8%A7%D9%84%D8%AD%D9%84%D8%A8%D9%8A-%D9%82%D8%B1%D8%A7%D8%B1-%D8%A7%D9%84%D8%B3%D9%85%D8%A7%D8%AD-%D9%84%D9%84%D8%B7%D9%84%D8%A7,20240921002256,cdx,0
https://www.nna-leb.gov.lb/ar/education/723179/%D9%85%D8%AC%D8%A7%D9%84%D8%B3-%D8%A7%D9%84%D8%A3%D9%87%D9%84-%D9%88%D8%A3%D9%88%D9%84%D9%8A%D8%A7%D8%A1-%D8%A7%D9%84%D8%A3%D9%85%D9%88%D8%B1-%D9%81%D9%8A-%D8%A7%D9%84%D8%AA%D8%B9%D9%84%D9%8A%D9%85-%D8%A7%D9%84%D8%B1%D8%B3%D9%85%D9%8A-%D9%84%D8%AA%D8%AD%D8%B1%D9%83,20240921175534,cdx,0
https://www.nna-leb.gov.lb/ar/education/726176/%D8%A7%D9%84%D8%B1%D8%A7%D8%B9%D9%8A-%D8%B9%D8%B1%D8%B6-%D8%A7%D9%84%D8%A7%D9%88%D8%B6%D8%A7%D8%B9-%D8%A7%D9%84%D8%B1%D8%A7%D9%87%D9%86%D8%A9-%D9%85%D8%B9-%D8%A8%D9%84%D8%A7%D8%B3%D8%AE%D8%A7%D8%B1%D8%AA-%D9%88%D8%A7%D9%84%D8%B4%D8%A3%D9%86-%D8%A7%D9%84%D8%AA%D8%B1,20241001125457,cdx,0
https://www.nna-leb.gov.lb/ar/hotreports/630893/%D9%81%D8%A7%D9%86%D8%A7-%D8%B9%D9%85%D9%85-%D8%A7%D9%84%D9%86%D8%B4%D8%B1%D8%A9-%D8%A7%D9%84%D8%A7%D9%82%D8%AA%D8%B5%D8%A7%D8%AF%D9%8A%D8%A9-%D9%84%D9%80-%D9%84%D9%88%D9%83%D8%A7%D9%84%D8%A9-%D8%A7%D9%84%D9%88%D8%B7%D9%86%D9%8A%D8%A9-%D9%84%D9%84%D8%A7%D8%B9,20241015123829,cdx,0
https://www.nna-leb.gov.lb/ar/hotreports/630979/%D8%B7%D8%A7%D8%B1%D9%82-%D8%B9%D9%84%D8%A7%D9%8A-%D8%AC%D8%A7%D8%A6%D8%B2%D8%A9-%D8%A7%D9%84%D8%B4%D8%A7%D8%B1%D9%82%D8%A9-%D9%84%D9%84%D8%A7%D8%AA%D8%B5%D8%A7%D9%84-%D8%A7%D9%84%D8%AD%D9%83%D9%88%D9%85%D9%8A-%D8%A3%D8%AF%D8%A7%D8%A9-%D9%84%D8%AA%D8%B7%D9%88%D9%8A,20241015113548,cdx,0
https://www.nna-leb.gov.lb/ar/hotreports/664813/182651-%D9%88%D8%A7%D9%81%D8%AF%D8%A7-%D8%A7%D9%84%D9%89-%D9%84%D8%A8%D9%86%D8%A7%D9%86-%D9%84%D8%AA%D9%85%D8%B6%D9%8A%D8%A9-%D8%A7%D9%84%D8%A7%D8%B9%D9%8A%D8%A7%D8%AF-%D9%85%D9%86%D8%B0-%D8%A8%D8%AF%D8%A7%D9%8A%D8%A9-%D8%A7%D9%84,20241006011650,cdx,0
https://www.nna-leb.gov.lb/ar/international/675713/%D9%85%D8%B3%D8%A4%D9%88%D9%84-%D8%A3%D9%85%D9%8A%D8%B1%D9%83%D9%8A-%D8%A5%D8%AD%D8%B1%D8%A7%D8%B2-%D8%AA%D9%82%D8%AF%D9%85-%D8%AD%D9%82%D9%8A%D9%82%D9%8A-%D8%A8%D8%B4%D8%A3%D9%86-%D8%A5%D8%B7%D8%A7%D8%B1-%D8%A7%D8%AA%D9%81%D8%A7%D9%82-%D9%84%D8%A5%D8%B7%D9%84,20241015133815,cdx,0
https://www.nna-leb.gov.lb/ar/international/675738/%D9%85%D9%82%D8%AA%D9%84-%D8%A7%D9%84%D9%85%D9%87%D8%A7%D8%AC%D9%85%D8%A9-%D9%88%D8%A5%D8%B5%D8%A7%D8%A8%D8%A9-%D8%B7%D9%81%D9%84-%D9%88%D8%B1%D8%AC%D9%84-%D9%81%D9%8A-%D8%A5%D8%B7%D9%84%D8%A7%D9%82-%D9%86%D8%A7%D8%B1-%D9%81%D9%8A-%D9%83%D9%86%D9%8A%D8%B3,20241015133627,cdx,0
https://www.nna-leb.gov.lb/ar/international/675950/%D8%A8%D8%A7%D8%B1%D9%8A%D8%B3-%D8%A3%D8%AC%D9%84%D8%AA-42-%D8%B4%D8%AE%D8%B5%D8%A7-%D9%85%D9%86-%D8%BA%D8%B2%D8%A9-%D8%A8%D9%8A%D9%86%D9%87%D9%85-%D9%85%D9%88%D8%B8%D9%81%D9%88%D9%86-%D9%81%D9%8A-%D8%A7%D9%84%D9%85%D8%B9%D9%87%D8%AF-%D8%A7,20241015113902,cdx,0
https://www.nna-leb.gov.lb/ar/international/684873/%D8%B3%D9%8A-%D8%A5%D9%86-%D8%A5%D9%86-%D8%B9%D9%86-%D9%85%D8%B3%D8%A4%D9%88%D9%84-%D8%A3%D9%85%D9%8A%D8%B1%D9%83%D9%8A-%D8%A7%D9%84%D8%AA%D8%B7%D8%A8%D9%8A%D8%B9-%D8%A8%D9%8A%D9%86-%D8%A7%D9%84%D8%B3%D8%B9%D9%88%D8%AF%D9%8A%D8%A9-%D9%88%D8%A5%D8%B3%D8%B1,20241012041218,cdx,0
https://www.nna-leb.gov.lb/ar/international/687713/%D8%A8%D9%84%D9%8A%D9%86%D9%83%D9%86-%D9%84%D8%A7-%D9%86%D8%B1%D9%8A%D8%AF-%D8%AA%D8%B5%D8%B9%D9%8A%D8%AF%D8%A7-%D9%85%D8%B9-%D8%B7%D9%87%D8%B1%D8%A7%D9%86-%D9%84%D9%83%D9%86%D9%86%D8%A7-%D8%B3%D9%86%D8%B3%D8%AA%D9%85%D8%B1-%D8%A8%D8%A7%D9%84%D8%AF%D9%81%D8%A7,20241006015927,cdx,0
https://www.nna-leb.gov.lb/ar/international/688948/%D8%A7%D9%84%D8%AE%D8%A7%D8%B1%D8%AC%D9%8A%D8%A9-%D8%A7%D9%84%D8%B1%D9%88%D8%B3%D9%8A%D8%A9-%D8%A7%D9%84%D9%85%D8%B3%D8%A7%D8%B9%D8%AF%D8%A7%D8%AA-%D8%A7%D9%84%D8%A3%D9%85%D9%8A%D8%B1%D9%83%D9%8A%D8%A9-%D9%84%D8%A3%D9%88%D9%83%D8%B1%D8%A7%D9%86%D9%8A%D8%A7-%D9%88%D8%A5%D8%B3,20241012033941,cdx,0
https://www.nna-leb.gov.lb/ar/international/689671/%D9%83%D9%88%D8%B1%D9%8A%D8%A7-%D8%A7%D9%84%D8%B4%D9%85%D8%A7%D9%84%D9%8A%D8%A9-%D8%A3%D8%B1%D8%B3%D9%84%D8%AA-%D9%88%D9%81%D8%AF%D8%A7-%D8%A7%D9%82%D8%AA%D8%B5%D8%A7%D8%AF%D9%8A%D8%A7-%D8%A5%D9%84%D9%89-%D8%A5%D9%8A%D8%B1%D8%A7%D9%86,20241015121702,cdx,0
https://www.nna-leb.gov.lb/ar/international/704369/%D8%BA%D9%88%D8%AA%D9%8A%D8%B1%D9%8A%D8%B4-%D8%A7%D9%84%D8%A3%D9%85%D9%8A%D9%86-%D8%A7%D9%84%D8%B9%D8%A7%D9%85-%D9%84%D9%84%D8%A3%D9%85%D9%85-%D8%A7%D9%84%D9%85%D8%AA%D8%AD%D8%AF%D8%A9-%D9%84%D8%A7-%D9%8A%D9%85%D8%AA%D9%84%D9%83-%D8%A7%D9%84%D8%B3%D9%84%D8%B7%D8%A9,20241007051448,cdx,0
https://www.nna-leb.gov.lb/ar/international/717499/%D8%B1%D8%A6%D9%8A%D8%B3-%D8%A7%D9%84%D9%88%D8%B2%D8%B1%D8%A7%D8%A1-%D8%A7%D9%84%D8%A8%D8%B1%D9%8A%D8%B7%D8%A7%D9%86%D9%8A-%D9%81%D9%8A-%D8%A8%D8%B1%D9%84%D9%8A%D9%86-%D9%88%D9%85%D9%86%D9%87%D8%A7-%D8%A5%D9%84%D9%89-%D9%81%D8%B1%D9%86%D8%B3%D8%A7,20240921042811,cdx,0
https://www.nna-leb.gov.lb/ar/international/722276/%D8%A7%D9%84%D9%83%D8%B1%D9%85%D9%84%D9%8A%D9%86-%D8%A3%D8%B9%D8%AA%D8%A8%D8%B1-%D8%AA%D9%81%D8%AC%D9%8A%D8%B1-%D8%A3%D8%AC%D9%87%D8%B2%D8%A9-%D8%A7%D9%84%D8%A7%D8%AA%D8%B5%D8%A7%D9%84-%D9%81%D9%8A-%D9%84%D8%A8%D9%86%D8%A7%D9%86-%D8%AA%D8%B5%D8%B9%D9%8A%D8%AF%D8%A7,20240921162752,cdx,1
https://www.nna-leb.gov.lb/ar/international/722494/%D8%A2%D9%8A%D9%83%D9%88%D9%85-%D8%A7%D9%84%D9%8A%D8%A7%D8%A8%D8%A7%D9%86%D9%8A%D8%A9-%D9%85%D9%86%D8%AA%D8%AC%D8%A7%D8%AA%D9%86%D8%A7-%D8%A7%D9%84%D9%85%D8%B5%D8%AF-%D8%B1%D8%A9-%D8%AA%D8%AE%D8%B6%D8%B9-%D9%84%D8%B9%D9%85%D9%84%D9%8A%D8%A9-%D8%AA%D9%86%D8%B8,20240919055741,cdx,0
https://www.nna-leb.gov.lb/ar/international/722558/%D9%85%D9%82%D8%AA%D9%84-%D8%B4%D8%AE%D8%B5%D9%8A%D9%86-%D8%AE%D9%84%D8%A7%D9%84-%D8%B9%D9%85%D9%84%D9%8A%D8%A9-%D9%84%D9%84%D8%B4%D8%B1%D8%B7%D8%A9-%D9%81%D9%8A-%D9%83%D8%A7%D9%84%D9%8A%D8%AF%D9%88%D9%86%D9%8A%D8%A7-%D8%A7%D9%84%D8%AC%D8%AF%D9%8A%D8%AF%D8%A9,20240921023743,cdx,0
https://www.nna-leb.gov.lb/ar/international/722744/%D9%85%D8%A7%D9%83%D8%B1%D9%88%D9%86-%D9%88%D8%A8%D9%84%D9%8A%D9%86%D9%83%D9%86-%D9%8A%D8%A8%D8%AD%D8%AB%D8%A7%D9%86-%D8%B6%D8%B1%D9%88%D8%B1%D8%A9-%D8%AE%D9%81%D8%B6-%D8%A7%D9%84%D8%AA%D8%B5%D8%B9%D9%8A%D8%AF-%D9%81%D9%8A-%D9%84%D8%A8%D9%86%D8%A7%D9%86,20240925154746,cdx,0
https://www.nna-leb.gov.lb/ar/international/726345/%D8%A3%D9%88%D8%B3%D8%AA%D9%86-%D8%A7%D9%84%D9%87%D8%AC%D9%88%D9%85-%D8%A7%D9%84%D8%A5%D9%8A%D8%B1%D8%A7%D9%86%D9%8A-%D8%B9%D9%84%D9%89-%D8%A5%D8%B3%D8%B1%D8%A7%D8%A6%D9%8A%D9%84-%D8%B9%D8%AF%D9%88%D8%A7%D9%86-%D8%B3%D8%A7%D9%81%D8%B1,20241003225302,cdx,0
https://www.nna-leb.gov.lb/ar/international/726352/%D8%B1%D8%A6%D9%8A%D8%B3-%D8%A7%D9%84%D9%88%D8%B2%D8%B1%D8%A7%D8%A1-%D8%A7%D9%84%D9%8A%D8%A7%D8%A8%D8%A7%D9%86%D9%8A-%D8%A7%D9%84%D9%87%D8%AC%D9%88%D9%85-%D8%A7%D9%84%D8%B5%D8%A7%D8%B1%D9%88%D8%AE%D9%8A-%D8%A7%D9%84%D8%A5%D9%8A%D8%B1%D8%A7%D9%86%D9%8A-%D8%B9%D9%84%D9%89,20241003222759,cdx,0
https://www.nna-leb.gov.lb/ar/international/726451/%D8%A7%D9%84%D9%83%D8%B1%D9%85%D9%84%D9%8A%D9%86-%D8%AF%D8%B9%D8%A7-%D8%AC%D9%85%D9%8A%D8%B9-%D8%A7%D9%84%D8%A3%D8%B7%D8%B1%D8%A7%D9%81-%D9%81%D9%8A-%D8%A7%D9%84%D8%B4%D8%B1%D9%82-%D8%A7%D9%84%D8%A3%D9%88%D8%B3%D8%B7-%D8%A5%D9%84%D9%89-%D8%B6%D8%A8%D8%B7,20241003234755,cdx,0
https://www.nna-leb.gov.lb/ar/international/726456/%D8%A5%D8%AC%D9%84%D8%A7%D8%A1-%D8%A3%D9%83%D8%AB%D8%B1-%D9%85%D9%86-200-%D8%B5%D9%8A%D9%86%D9%8A-%D8%A8%D8%B3%D9%84%D8%A7%D9%85-%D9%85%D9%86-%D9%84%D8%A8%D9%86%D8%A7%D9%86,20241003224208,cdx,0
https://www.nna-leb.gov.lb/ar/international/726495/%D9%88%D8%B2%D9%8A%D8%B1-%D8%A7%D9%84%D8%AF%D9%81%D8%A7%D8%B9-%D8%A7%D9%84%D8%A8%D8%B1%D9%8A%D8%B7%D8%A7%D9%86%D9%8A-%D9%82%D9%88%D8%A7%D8%AA-%D8%A8%D8%B1%D9%8A%D8%B7%D8%A7%D9%86%D9%8A%D8%A7-%D8%AF%D8%B9%D9%85%D8%AA-%D8%A5%D8%B3%D8%B1%D8%A7%D8%A6%D9%8A%D9%84-%D8%AE,20241002130336,cdx,0
https://www.nna-leb.gov.lb/ar/justice-law/640648/%D9%82%D9%88%D9%89-%D8%A7%D9%84%D8%A7%D9%85%D9%86-%D8%AA%D9%88%D9%82%D9%8A%D9%81-%D8%B2%D9%88%D8%AC%D8%A9-%D8%AF%D9%81%D8%B9%D8%AA%D9%87%D8%A7-%D8%AE%D9%8A%D8%A7%D9%86%D8%AA%D9%87%D8%A7-%D9%84%D8%B2%D9%88%D8%AC%D9%87%D8%A7-%D8%A7%D9%84%D9%89-%D9%82%D8%AA%D9%84,20241003225334,cdx,0
https://www.nna-leb.gov.lb/ar/justice-law/641631/%D8%A7%D9%84%D8%AC%D9%8A%D8%B4-%D8%AA%D9%88%D9%82%D9%8A%D9%81-%D8%B3%D9%88%D8%B1%D9%8A-%D9%8A%D9%86-%D9%81%D9%8A-%D9%85%D9%86%D8%B7%D9%82%D8%A9-%D8%A7%D9%84%D9%85%D9%86%D8%A7%D8%B1%D8%A9-%D9%84%D8%AA%D8%A3%D9%84%D9%8A%D9%81%D9%87%D9%85%D8%A7-%D8%B9%D8%B5%D8%A7,20241015120117,cdx,0
https://www.nna-leb.gov.lb/ar/justice-law/642671/%D8%A7%D9%84%D8%AC%D9%8A%D8%B4-%D8%AE%D8%B1%D9%88%D9%82-%D8%A8%D8%AD%D8%B1%D9%8A%D8%A9-%D9%84%D9%84%D8%B9%D8%AF%D9%88-%D8%A7%D9%84%D8%A5%D8%B3%D8%B1%D8%A7%D8%A6%D9%8A%D9%84%D9%8A-%D9%85%D9%82%D8%A7%D8%A8%D9%84-%D8%B1%D8%A3%D8%B3-%D8%A7%D9%84%D9%86%D8%A7%D9%82%D9%88,20241006002648,cdx,0
https://www.nna-leb.gov.lb/ar/justice-law/642730/%D8%A7%D9%84%D8%AC%D9%8A%D8%B4-%D9%8A%D8%B9%D9%84%D9%86-%D8%AA%D8%B9%D8%B1%D8%B6-%D8%A3%D8%AD%D8%AF-%D8%B9%D9%86%D8%A7%D8%B5%D8%B1%D9%87-%D9%84%D9%84%D8%B5%D8%AF%D9%85-%D8%A3%D8%AB%D9%86%D8%A7%D8%A1-%D9%85%D8%AD%D8%A7%D9%88%D9%84%D8%A9-%D8%A5%D9%8A%D9%82%D8%A7,20241015120443,cdx,0
https://www.nna-leb.gov.lb/ar/justice-law/642920/%D9%85%D8%AA%D8%AD%D8%AF%D9%88%D9%86-%D9%84%D8%A7-%D8%A8%D8%AF%D9%8A%D9%84-%D8%B9%D9%86-%D8%A7%D9%84%D9%85%D8%AD%D8%A7%D8%B3%D8%A8%D8%A9-%D9%84%D8%A5%D8%B9%D8%A7%D8%AF%D8%A9-%D8%A3%D9%85%D9%88%D8%A7%D9%84-%D8%A7%D9%84%D9%85%D9%88%D8%AF%D8%B9%D9%8A%D9%86,20241003223803,cdx,0
https://www.nna-leb.gov.lb/ar/justice-law/652103/%D9%85%D8%AF%D9%81%D8%B9%D9%8A%D8%A9-%D8%A7%D9%84%D8%B9%D8%AF%D9%88-%D8%A7%D8%B3%D8%AA%D9%87%D8%AF%D9%81%D8%AA-%D9%85%D9%86%D8%B2%D9%84%D8%A7-%D9%81%D9%8A-%D8%A7%D9%84%D8%AE%D9%8A%D8%A7%D9%85-%D9%88%D9%84%D8%A7-%D8%A7%D8%B5%D8%A7%D8%A8%D8%A7%D8%AA,20240925183546,cdx,0
https://www.nna-leb.gov.lb/ar/justice-law/654600/%D9%82%D8%B5%D9%81-%D9%85%D8%AF%D9%81%D8%B9%D9%8A-%D9%85%D8%B9%D8%A7%D8%AF-%D8%B9%D9%84%D9%89-%D8%A3%D8%B7%D8%B1%D8%A7%D9%81-%D8%B7%D9%8A%D8%B1%D8%AD%D8%B1%D9%81%D8%A7-%D9%88%D8%B4%D9%8A%D8%AD%D9%8A%D9%86-%D9%88%D8%A3%D9%85-%D8%A7%D9%84%D8%AA%D9%88%D8%AA,20241007054719,cdx,0
https://www.nna-leb.gov.lb/ar/justice-law/658532/%D8%B3%D9%82%D9%88%D8%B7-%D9%82%D8%B0%D9%8A%D9%81%D8%A9-%D8%B9%D9%84%D9%89-%D8%A7%D8%B7%D8%B1%D8%A7%D9%81-%D8%B9%D9%8A%D8%AA%D8%A7-%D8%A7%D9%84%D8%B4%D8%B9%D8%A8,20241015115243,cdx,0
https://www.nna-leb.gov.lb/ar/justice-law/660706/%D8%A7%D9%84%D9%82%D8%B5%D9%81-%D8%A7%D9%84%D9%85%D8%AF%D9%81%D8%B9%D9%8A-%D8%A7%D9%84%D9%85%D8%B9%D8%A7%D8%AF%D9%8A-%D9%8A%D8%B3%D8%AA%D9%87%D8%AF%D9%81-%D9%88%D8%A7%D8%AF%D9%8A-%D8%A7%D9%84%D8%B3%D9%84%D9%88%D9%82%D9%8A,20241012041144,cdx,0
https://www.nna-leb.gov.lb/ar/justice-law/660868/%D8%A7%D9%86%D9%82%D9%84%D8%A7%D8%A8-%D9%81%D8%A7%D9%86-%D9%8A%D9%82%D9%84-%D8%B9%D9%85%D8%A7%D9%84-%D9%86%D8%B8%D8%A7%D9%81%D8%A9-%D9%84%D8%AF%D9%89-%D8%A7%D9%84%D9%8A%D9%88%D9%86%D9%8A%D9%81%D9%8A%D9%84-%D9%88%D8%AC%D8%B1%D8%AD-%D8%B9%D8%AF%D8%AF-%D9%85,20241015114057,cdx,0
https://www.nna-leb.gov.lb/ar/justice-law/660929/%D8%BA%D8%A7%D8%B1%D8%A9-%D8%A8%D9%85%D8%B3%D9%8A%D8%B1%D8%A9-%D8%A7%D8%B3%D8%B1%D8%A7%D8%A6%D9%8A%D9%84%D9%8A%D8%A9-%D8%B9%D9%84%D9%89-%D9%85%D8%B1%D9%88%D8%AD%D9%8A%D9%86,20241003232320,cdx,0
https://www.nna-leb.gov.lb/ar/justice-law/666666/%D8%B3%D9%82%D9%88%D8%B7-%D9%82%D8%B0%D9%8A%D9%81%D8%A9-%D9%85%D8%B9%D8%A7%D8%AF%D9%8A%D8%A9-%D9%85%D8%A7-%D8%A8%D9%8A%D9%86-%D8%A7%D9%84%D8%B6%D9%87%D9%8A%D8%B1%D8%A9-%D9%88%D8%B9%D9%84%D9%85%D8%A7-%D8%A7%D9%84%D8%B4%D8%B9%D8%A8,20241007051119,cdx,0
https://www.nna-leb.gov.lb/ar/justice-law/666679/%D9%82%D8%B5%D9%81-%D9%85%D8%AF%D9%81%D8%B9%D9%8A-%D9%85%D8%B9%D8%A7%D8%AF-%D9%8A%D8%B7%D8%A7%D9%88%D9%84-%D8%A7%D8%B7%D8%B1%D8%A7%D9%81-%D8%B7%D9%8A%D8%B1%D8%AD%D8%B1%D9%81%D8%A7,20241007040758,cdx,0
https://www.nna-leb.gov.lb/ar/justice-law/666698/%D9%85%D8%AF%D9%81%D8%B9%D9%8A%D8%A9-%D8%A7%D9%84%D8%A7%D8%AD%D8%AA%D9%84%D8%A7%D9%84-%D8%AA%D8%B3%D8%AA%D9%87%D8%AF%D9%81-%D8%A8%D8%B3%D8%A7%D8%AA%D9%8A%D9%86-%D8%A7%D9%84%D8%B2%D9%8A%D8%AA%D9%88%D9%86-%D9%81%D9%8A-%D8%A7%D9%84%D9%88%D8%B2%D8%A7%D9%86%D9%8A,20241007041522,cdx,0
https://www.nna-leb.gov.lb/ar/justice-law/666722/%D8%AA%D8%AD%D9%84%D9%8A%D9%82-%D9%85%D8%B9%D8%A7%D8%AF-%D9%85%D9%83%D8%AB%D9%81-%D9%81%D9%88%D9%82-%D9%82%D8%B1%D9%89-%D8%A7%D9%84%D9%82%D8%B7%D8%A7%D8%B9%D9%8A%D9%86-%D8%A7%D9%84%D8%BA%D8%B1%D8%A8%D9%8A-%D9%88%D8%A7%D9%84%D8%A7%D9%88%D8%B3%D8%B7,20241007055342,cdx,0
https://www.nna-leb.gov.lb/ar/justice-law/666729/%D9%85%D8%B3%D9%8A%D8%B1%D8%A9-%D8%A7%D8%B3%D8%B1%D8%A7%D8%A6%D9%8A%D9%84%D9%8A%D8%A9-%D8%AA%D8%BA%D9%8A%D8%B1%D8%B9%D9%84%D9%89-%D9%85%D8%AD%D9%8A%D8%B7-%D8%AC%D8%A8%D8%A7%D9%86%D8%A9-%D8%A8%D9%84%D8%AF%D8%A9-%D9%8A%D8%A7%D8%B1%D9%88%D9%86,20241007042456,cdx,0
https://www.nna-leb.gov.lb/ar/justice-law/672026/%D8%AA%D8%AF%D9%85%D9%8A%D8%B1-%D8%B3%D9%86%D8%AA%D8%B1-%D8%AD%D8%B3%D9%86-%D9%88%D8%AD%D8%B3%D9%8A%D9%86-%D8%AF%D8%AE%D9%84-%D8%A7%D9%84%D9%84%D9%87-%D8%AC%D9%85%D8%B9%D8%A9-%D8%A8%D9%82%D8%B5%D9%81-%D8%AC%D9%88%D9%8A-%D9%85%D8%B9%D8%A7%D8%AF-%D9%88,20240925102506,cdx,0
https://www.nna-leb.gov.lb/ar/justice-law/675430/%D9%85%D8%B3%D9%8A%D8%B1%D8%A9-%D8%AA%D8%BA%D9%8A%D8%B1-%D8%B9%D9%84%D9%89-%D8%B3%D9%8A%D8%A7%D8%B1%D8%A9-%D9%81%D9%8A-%D8%AC%D8%AF%D8%B1%D8%A7-%D9%88%D8%AA%D9%88%D9%82%D8%B9-%D8%A7%D8%B5%D8%A7%D8%A8%D8%A7%D8%AA,20240923202700,cdx,0
https://www.nna-leb.gov.lb/ar/justice-law/675859/%D8%A7%D9%84%D8%AC%D9%8A%D8%B4-%D9%8A%D8%B9%D9%84%D9%86-%D8%AD%D8%B5%D9%8A%D9%84%D8%A9-%D8%A7%D9%84%D8%AA%D8%AF%D8%A7%D8%A8%D9%8A%D8%B1-%D8%A7%D9%84%D8%A3%D9%85%D9%86%D9%8A%D8%A9-%D8%AE%D9%84%D8%A7%D9%84-%D8%B4%D9%87%D8%B1-%D9%83%D8%A7%D9%86%D9%88%D9%86-%D8%A7,20241012042025,cdx,0
https://www.nna-leb.gov.lb/ar/justice-law/676321/%D8%AB%D9%84%D8%A7%D8%AB%D8%A9-%D8%B4%5B%E2%80%A6%5D9%84%D8%AF%D8%A9-%D8%A7%D9%84%D8%B5%D9%88%D8%A7%D9%86%D8%A9,20241007051208,cdx,0
https://www.nna-leb.gov.lb/ar/justice-law/677386/%D8%BA%D8%A7%D8%B1%D8%A7%D8%AA-%D9%85%D8%B9%D8%A7%D8%AF%D9%8A%D8%A9-%D8%AA%D8%B3%D8%AA%D9%87%D8%AF%D9%81-%D8%A7%D9%84%D8%BA%D8%A7%D8%B2%D9%8A%D8%A9-%D9%88%D8%AE%D9%84%D9%81-%D9%85%D9%86%D8%B4%D8%A2%D8%AA-%D8%A7%D9%84%D8%B2%D9%87%D8%B1%D8%A7%D9%86%D9%8A,20240925083936,cdx,0
https://www.nna-leb.gov.lb/ar/justice-law/680409/%D8%BA%D8%A7%D8%B1%D8%A9-%D8%AF%D9%85%D8%B1%D8%AA-%D9%85%D8%A8%D9%86%D9%89-%D9%81%D9%8A-%D8%A8%D9%84%D8%AF%D8%A9-%D8%A7%D9%84%D8%A3%D9%86%D8%B5%D8%A7%D8%B1-%D8%A7%D9%84%D8%A8%D9%82%D8%A7%D8%B9%D9%8A%D8%A9,20241007050133,cdx,0
https://www.nna-leb.gov.lb/ar/justice-law/687273/%D8%BA%D8%A7%D8%B1%D8%A9-%D8%B9%D9%84%D9%89-%D9%8A%D8%A7%D8%B1%D9%8A%D9%86-%D8%A3%D8%AF%D8%AA-%D8%A7%D9%84%D9%89-%D9%82%D8%B7%D8%B9-%D8%A7%D9%84%D8%B7%D8%B1%D9%8A%D9%82-%D9%88%D8%B3%D8%B7-%D8%A7%D9%84%D8%A8%D9%84%D8%AF%D8%A9,20240924172413,cdx,0
https://www.nna-leb.gov.lb/ar/justice-law/689625/%D8%A7%D8%B6%D8%A7%D9%81%D8%A9-%D8%B4%D9%87%D9%8A%D8%AF%D8%AA%D8%A7%D9%86-%D9%88-6-%D8%AC%D8%B1%D8%AD%D9%89-%D9%81%D9%8A-%D8%A7%D9%84%D8%BA%D8%A7%D8%B1%D8%A9-%D8%A7%D9%84%D9%85%D8%B9%D8%A7%D8%AF%D9%8A%D8%A9-%D8%B9%D9%84%D9%89-%D8%A7%D9%84%D9%85,20241015124209,cdx,0
https://www.nna-leb.gov.lb/ar/justice-law/692707/%D8%A8%D9%84%D8%A7%D8%BA-%D8%A8%D8%AD%D8%AB-%D9%88%D9%85%D8%B0%D9%83%D8%B1%D8%A9-%D8%A5%D8%AD%D8%B6%D8%A7%D8%B1-%D9%81%D9%8A-%D8%AD%D9%82-%D9%85%D8%AA%D9%88%D8%B1-%D8%B7-%D9%81%D9%8A-%D9%82%D8%B6%D9%8A%D8%A9-%D8%B9%D8%B5%D8%A7%D8%A8%D8%A9-%D8%A7,20241007043631,cdx,0
https://www.nna-leb.gov.lb/ar/justice-law/693034/%D8%A7%D9%84%D8%B3%D8%BA%D8%A8%D9%8A%D9%86%D9%8A-%D8%A7%D8%AF%D8%B9%D9%89-%D8%B9%D9%84%D9%89-12-%D9%85%D8%AA-%D9%87%D9%85%D8%A7-%D9%81%D9%8A-%D9%85%D9%84%D9%81-%D8%B9%D8%B5%D8%A7%D8%A8%D8%A9-%D8%A7%D9%84%D8%AA%D9%8A%D9%83-%D8%AA%D9%88%D9%83,20241007044413,cdx,0
https://www.nna-leb.gov.lb/ar/justice-law/693394/%D8%A7%D9%84%D8%B3%D8%BA%D8%A8%D9%8A%D9%86%D9%8A-%D8%A7%D8%AF%D8%B9%D9%89-%D8%B9%D9%84%D9%89-%D8%A7%D9%84%D9%85%D9%88%D9%82%D9%88%D9%81%D9%8A%D9%86-%D8%A7%D9%84-5-%D8%A7%D9%84%D9%85%D8%AA%D8%A8%D9%82%D9%8A%D9%86-%D9%81%D9%8A-%D9%85%D9%84%D9%81-%D8%B9,20241007053743,cdx,0
https://www.nna-leb.gov.lb/ar/justice-law/693804/%D9%86%D8%A7%D8%AF%D9%8A-%D8%A7%D9%84%D9%82%D8%B6%D8%A7%D8%A9-%D9%8A%D8%A4%D9%83%D8%AF-%D8%AA%D8%B6%D8%A7%D9%85%D9%86%D9%87-%D9%85%D8%B9-%D8%B5%D9%84%D9%8A%D8%A8%D8%A7-%D8%A5%D9%84%D9%89-%D9%85%D8%AA%D9%89-%D8%B3%D9%8A%D8%A8%D9%82%D9%89-%D8%A7%D9%84,20241007050428,cdx,0
https://www.nna-leb.gov.lb/ar/justice-law/702519/%D8%AA%D8%B9%D8%B1%D8%B6-%D9%85%D8%B1%D9%83%D8%B2-%D8%A7%D9%84%D8%AE%D9%8A%D8%A7%D9%85-%D9%84%D9%84%D8%B1%D8%B9%D8%A7%D9%8A%D8%A9-%D8%A7%D9%84%D8%B5%D8%AD%D9%8A%D8%A9-%D8%A7%D9%84%D8%AA%D8%A7%D8%A8%D8%B9-%D9%84%D9%85%D8%A4%D8%B3%D8%B3%D8%A9-%D8%B9%D8%A7%D9%85%D9%84,20240925162312,cdx,0
https://www.nna-leb.gov.lb/ar/justice-law/706053/4-%D8%AC%D8%B1%D8%AD%D9%89-%D9%81%D9%8A-%D8%BA%D8%A7%D8%B1%D8%A9-%D8%A5%D8%B3%D8%B1%D8%A7%D8%A6%D9%8A%D9%84%D9%8A%D8%A9-%D8%B9%D9%84%D9%89-%D8%A8%D9%86%D8%AA-%D8%AC%D8%A8%D9%8A%D9%84,20240923120922,cdx,0
https://www.nna-leb.gov.lb/ar/justice-law/713900/%D8%A5%D8%B6%D8%A7%D9%81%D8%A9-%D8%A7%D8%B1%D8%AA%D9%81%D8%A7%D8%B9-%D8%AD%D8%B5%D9%8A%D9%84%D8%A9-%D8%A7%D9%84%D8%BA%D8%A7%D8%B1%D8%A9-%D8%A7%D9%84%D8%A5%D8%B3%D8%B1%D8%A7%D8%A6%D9%8A%D9%84%D9%8A%D8%A9-%D8%B9%D9%84%D9%89-%D9%85%D8%B9%D8%B1%D9%88%D8%A8-%D8%A5,20241007054344,cdx,0
https://www.nna-leb.gov.lb/ar/justice-law/713915/%D8%A7%D9%84%D9%85%D9%82%D8%A7%D9%88%D9%85%D8%A9-%D8%A7%D9%84%D8%A5%D8%B3%D9%84%D8%A7%D9%85%D9%8A%D8%A9-%D9%82%D8%B5%D9%81-%D8%A7%D9%84%D9%85%D9%82%D8%B1-%D8%A7%D9%84%D9%85%D8%B3%D8%AA%D8%AD%D8%AF%D8%AB-%D9%84%D9%82%D9%8A%D8%A7%D8%AF%D8%A9-%D8%A7%D9%84%D9%81%D8%B1,20241007043241,cdx,0
https://www.nna-leb.gov.lb/ar/justice-law/715773/%D9%82%D8%B5%D9%81-%D9%85%D8%AF%D9%81%D8%B9%D9%8A-%D9%85%D8%B9%D8%A7%D8%AF-%D8%A7%D8%B3%D8%AA%D9%87%D8%AF%D9%81-%D9%88%D8%A7%D8%AF%D9%8A-%D8%A7%D9%84%D8%AD%D8%AC%D9%8A%D8%B1-%D8%A7%D9%84%D8%B3%D9%84%D9%88%D9%82%D9%8A-%D9%88%D9%85%D8%AF%D9%81%D8%B9%D9%8A-%D9%81,20240923153152,cdx,0
https://www.nna-leb.gov.lb/ar/justice-law/716243/%D8%AD%D8%B1%D9%8A%D9%82-%D9%83%D8%A8%D9%8A%D8%B1-%D9%81%D9%8A-%D9%88%D8%A7%D8%AF%D9%8A-%D8%AD%D8%A7%D9%85%D9%88%D9.-%D8%B9%D9%86%D8%AF-%D8%A3%D8%B7%D8%B1%D8%A7%D9%81-%D8%A7%D9.%D9%86%D8%A7%D9%82%D9%88%D8%B1%D8%A9-%D8%A8%D8%B9%D8%AF-%D8%A5%D8%B7%D9.,20240923182704,cdx,0
https://www.nna-leb.gov.lb/ar/justice-law/720920/%D8%BA%D8%A7%D8%B1%D8%AA%D8%A7%D9%86-%D9%85%D8%B9%D8%A7%D8%AF%D9%8A%D8%AA%D8%A7%D9%86-%D8%A7%D8%B3%D8%AA%D9%87%D8%AF%D9%81%D8%AA%D8%A7-%D8%A3%D8%B7%D8%B1%D8%A7%D9%81-%D9%85%D8%AC%D8%AF%D9%84-%D8%B2%D9%88%D9%86-%D9%88%D8%B9%D9%8A%D8%AA%D8%B1%D9%88%D9%86,20240915164713,cdx,0
https://www.nna-leb.gov.lb/ar/justice-law/722048/%D8%A7%D9%84%D8%A3%D8%A8%D9%8A%D8%B6-%D9%81%D9%8A-%D9%85%D8%A4%D8%AA%D9%85%D8%B1-%D8%B5%D8%AD%D8%A7%D9%81%D9%8A-%D8%B7%D8%A7%D8%B1%D8%A6-%D8%A7%D9%84%D8%AD%D8%B5%D9%8A%D9%84%D8%A9-%D8%A7%D9%84%D8%A3%D9%88%D9%84%D9%8A%D8%A9-%D9%84%D9%84%D8%AD%D8%A7%D8%AF%D8%AB,20240918180400,cdx,0
https://www.nna-leb.gov.lb/ar/justice-law/722390/%D8%A7%D8%B5%D8%A7%D8%A8%D8%A9-%D9%81%D8%AA%D8%A7%D8%A9-%D9%81%D9%8A-%D8%A7%D9%84%D9%85%D8%B1%D9%88%D8%A7%D9%86%D9%8A%D8%A9-%D8%AC%D8%B1%D8%A7%D8%A1-%D8%A7%D9%86%D9%81%D8%AC%D8%A7%D8%B1-%D9%86%D8%B8%D8%A7%D9%85-%D8%A7%D9%84%D8%B7%D8%A7%D9%82%D8%A9-%D8%A7%D9%84,20241003230907,cdx,0
https://www.nna-leb.gov.lb/ar/justice-law/722426/%D8%A7%D8%AC%D8%AA%D9%85%D8%A7%D8%B9-%D9%81%D9%8A-%D9%85%D8%B1%D9%83%D8%B2-%D8%A7%D9%84%D8%B5%D9%84%D9%8A%D8%A8-%D8%A7%D9%84%D8%A7%D8%AD%D9%85%D8%B1-%D8%A8%D8%AD%D8%B6%D9%88%D8%B1-%D8%A7%D9%84%D9%84%D9%88%D8%A7%D8%A1-%D8%AE%D9%8A%D8%B1-%D8%AA%D9%86%D8%A7%D9%88,20240918191913,cdx,0
https://www.nna-leb.gov.lb/ar/justice-law/722432/%D8%A7%D9%84%D8%AF%D9%81%D8%A7%D8%B9-%D8%A7%D9%84%D9%85%D8%AF%D9%86%D9%8A-%D9%86%D9%81%D8%B0-%D8%B9%D9%85%D9%84%D9%8A%D8%A7%D8%AA-%D8%A5%D8%B7%D9%81%D8%A7%D8%A1-%D9%88%D8%A5%D8%B3%D8%B9%D8%A7%D9%81-%D8%AC%D8%B1%D8%A7%D8%A1-%D8%A7%D9%86%D9%81%D8%AC%D8%A7%D8%B1?ref=webtoart.com,20241007044302,cdx,0
https://www.nna-leb.gov.lb/ar/justice-law/722709/%D9%85%D8%B3%D9%8A%D8%B1%D8%A9-%D9%85%D8%B9%D8%A7%D8%AF%D9%8A%D8%A9-%D8%AD%D9%84%D9%82%D8%AA-%D9%81%D9%88%D9%82-%D8%A8%D9%84%D8%AF%D8%A7%D8%AA-%D8%A7%D9%84%D8%AF%D9%88%D9%8A%D8%B1-%D9%88%D8%AA%D9%88%D9%84-%D9%88%D8%A7%D9%84%D9%83%D9%81%D9%88%D8%B1-%D9%88%D8%B2,20240920000235,cdx,0
https://www.nna-leb.gov.lb/ar/justice-law/722726/%D8%A7%D9%84%D8%BA%D8%A7%D8%B1%D8%A7%D8%AA-%D8%A7%D9%84%D8%A5%D8%B3%D8%B1%D8%A7%D8%A6%D9%8A%D9%84%D9%8A%D8%A9-%D8%B9%D9%84%D9%89-%D8%A7%D9%84%D9%85%D9%86%D8%A7%D8%B7%D9%82-%D8%A7%D9%84%D8%AD%D8%B1%D8%AC%D9%8A%D8%A9-%D9%81%D9%8A-%D8%A7%D9%84%D9%85%D8%AD%D9%85%D9%88%D8%AF,20241003224433,cdx,0
https://www.nna-leb.gov.lb/ar/justice-law/722894/%D8%BA%D8%A7%D8%B1%D8%A9-%D9%85%D8%B9%D8%A7%D8%AF%D9%8A%D8%A9-%D8%B9%D9%84%D9%89-%D8%A3%D8%B7%D8%B1%D8%A7%D9%81-%D8%A8%D9%84%D8%AF%D8%A9-%D8%B2%D8%A8%D9%82%D9%8A%D9%86,20240920163839,cdx,0
https://www.nna-leb.gov.lb/ar/justice-law/722966/%D9%85%D8%B1%D9%83%D8%B2-%D8%B9%D9%85%D9%84%D9%8A%D8%A7%D8%AA-%D8%A7%D9%84%D8%B5%D8%AD%D8%A9-%D8%A7%D8%B1%D8%AA%D9%81%D8%A7%D8%B9-%D8%AD%D8%B5%D9%8A%D9%84%D8%A9-%D8%B4%D9%87%D8%AF%D8%A7%D8%A1-%D8%A7%D9%84%D8%BA%D8%A7%D8%B1%D8%A9-%D8%A7%D9%84%D8%B9%D8%AF%D9%88%D8%A9,20240921221631,cdx,0
https://www.nna-leb.gov.lb/ar/justice-law/723079/%D8%BA%D8%A7%D8%B1%D8%A9-%D8%B9%D9%84%D9%89-%D8%B9%D9%8A%D9%86-%D8%A7%D9%84%D8%B2%D8%B1%D9%82%D8%A7-%D9%88%D8%A3%D8%B7%D8%B1%D8%A7%D9%81-%D9%85%D8%B1%D9%88%D8%AD%D9%8A%D9%86,20240921123848,cdx,0
https://www.nna-leb.gov.lb/ar/justice-law/723134/%D8%AA%D8%AD%D9%84%D9%8A%D9%82-%D9%84%D9%84%D8%B7%D9%8A%D8%B1%D8%A7%D9%86-%D8%A7%D9%84%D8%A7%D8%B3%D8%AA%D8%B7%D9%84%D8%A7%D8%B9%D9%8A-%D9%88%D8%A7%D9%84%D9%85%D8%B3%D9%8A%D8%B1-%D9%81%D9%88%D9%82-%D9%82%D8%B1%D9%89-%D8%A7%D9%84%D9%82%D8%B7%D8%A7%D8%B9%D9%8A%D9%86,20240924132340,cdx,0
https://www.nna-leb.gov.lb/ar/justice-law/723266/60-%D8%BA%D8%A7%D8%B1%D8%A9-%D8%B9%D9%84%D9%89-%D9%82%D8%B1%D9%89-%D9%82%D8%B6%D8%A7%D8%A1-%D8%A7%D9%84%D9%86%D8%A8%D8%B7%D9%8A%D8%A9-%D9%85%D9%86%D8%B0-%D8%A7%D9%84%D9%81%D8%AC%D8%B1-%D8%AD%D8%AA%D9%89-%D8%A7%D9%84%D8%B3%D8%A7%D8%B9%D8%A9,20240925060554,cdx,0
https://www.nna-leb.gov.lb/ar/justice-law/723677/%D8%BA%D8%A7%D8%B1%D8%AA%D8%A7%D9%86-%D9%85%D8%B9%D8%A7%D8%AF%D9%8A%D8%AA%D8%A7%D9%86-%D8%B9%D9%84%D9%89-%D8%A7%D9%84%D8%AD%D8%B1%D8%AC-%D9%81%D9%8A-%D8%AC%D8%AF%D9%8A%D8%AF%D8%A9-%D9%85%D8%B1%D8%AC%D8%B9%D9%8A%D9%88%D9%86-%D9%88%D8%A7%D9%84%D9%85%D9%86%D8%B7%D9%82,20240923152435,cdx,0
https://www.nna-leb.gov.lb/ar/justice-law/723732/%D8%BA%D8%A7%D8%B1%D8%A7%D8%AA-%D9%85%D8%B9%D8%A7%D8%AF%D9%8A%D8%A9-%D8%A7%D8%B3%D8%AA%D9%87%D8%AF%D9%81%D8%AA-%D8%A7%D9%84%D9%84%D9%88%D9%8A%D8%B2%D8%A9-%D9%88%D8%B7%D8%B1%D9%8A%D9%82-%D8%B9%D8%A7%D9%85-%D8%AD%D8%A8%D9%88%D8%B4-%D8%AF%D9%8A%D8%B1-%D8%A7%D9%84,20240923161610,cdx,0
https://www.nna-leb.gov.lb/ar/justice-law/723749/%D8%BA%D8%A7%D8%B1%D8%AA%D8%A7%D9%86-%D8%B9%D9%84%D9%89-%D8%B7%D8%A7%D8%B1%D9%8A%D8%A7-%D9%88%D8%AF%D9%88%D8%B1%D9%8A%D8%B3,20240924024123,cdx,0
https://www.nna-leb.gov.lb/ar/justice-law/723827/%D8%A7%D9%84%D8%BA%D8%A7%D8%B1%D8%A7%D8%AA-%D8%AA%D9%88%D8%A7%D8%B5%D9%84%D8%AA-%D8%B9%D9%84%D9%89-%D9%82%D8%B1%D9%89-%D9%82%D8%B6%D8%A7%D8%A1-%D8%A8%D8%B9%D9%84%D8%A8%D9%83-%D9%88%D9%85%D8%AF%D9%86%D9%87-%D9%88%D8%A3%D8%B3%D8%B1-%D9%82%D8%B6%D8%AA-%D8%AA,20240926021558,cdx,0
https://www.nna-leb.gov.lb/ar/justice-law/723854/%D8%A7%D8%B3%D8%AA%D9%87%D8%AF%D8%A7%D9%81-%D8%A7%D9%84%D8%AA%D9%84-%D8%A7%D9%84%D8%A3%D8%A8%D9%8A%D8%B6-%D9%88%D8%B7%D9%84%D9%8A%D8%A7-%D9%88%D8%A3%D8%B7%D8%B1%D8%A7%D9%81-%D8%B4%D9%85%D8%B3%D8%B7%D8%A7%D8%B1,20240924070037,cdx,0
https://www.nna-leb.gov.lb/ar/justice-law/723873/%D8%BA%D8%A7%D8%B1%D8%A7%D8%AA-%D8%B9%D9%84%D9%89-%D8%A7%D9%84%D9%85%D8%AD%D9%85%D9%88%D8%AF%D9%8A%D8%A9,20240930064853,cdx,0
https://www.nna-leb.gov.lb/ar/justice-law/723913/%D8%B3%D9%84%D8%B3%D9%84%D8%A9-%D8%BA%D8%A7%D8%B1%D8%A7%D8%AA-%D8%B9%D9%84%D9%89-%D8%A8%D9%84%D8%AF%D8%A7%D8%AA-%D9%81%D9%8A-%D8%A7%D9%84%D9%82%D8%B7%D8%A7%D8%B9-%D8%A7%D9%84%D8%BA%D8%B1%D8%A8%D9%8A,20240924083525,cdx,0
https://www.nna-leb.gov.lb/ar/justice-law/723922/%D8%BA%D8%A7%D8%B1%D8%A7%D8%AA-%D8%B9%D9%84%D9%89-%D8%A7%D9%84%D9%82%D9%84%D9%8A%D9%84%D8%A9-%D9%88%D8%AF%D8%A8%D8%B9%D8%A7%D9%84-%D9%88%D8%B5%D9%88%D8%B1,20240924173424,cdx,0
https://www.nna-leb.gov.lb/ar/justice-law/723925/%D9%85%D9%88%D8%AC%D8%A9-%D8%AC%D8%AF%D9%8A%D8%AF%D8%A9-%D9%85%D9%86-%D8%A7%D9%84%D8%BA%D8%A7%D8%B1%D8%A7%D8%AA-%D8%B9%D9%84%D9%89-%D8%A7%D9%83%D8%AB%D8%B1-%D9%85%D9%86%D8%A7%D8%B7%D9%82-%D9%81%D9%8A-%D8%A7%D9%84%D9%82%D8%B7%D8%A7%D8%B9-%D8%A7%D9%84%D8%BA,20240927122423,cdx,0
https://www.nna-leb.gov.lb/ar/justice-law/723931/%D8%AA%D8%AD%D9%84%D9%8A%D9%82-%D9%84%D9%84%D8%B7%D9%8A%D8%B1%D8%A7%D9%86-%D8%A7%D9%84%D9%85%D8%B9%D8%A7%D8%AF%D9%8A-%D9%81%D9%88%D9%82-%D8%A8%D9%8A%D8%B1%D9%88%D8%AA-%D9%88%D8%B6%D9%88%D8%A7%D8%AD%D9%8A%D9%87%D8%A7,20240930091435,cdx,0
https://www.nna-leb.gov.lb/ar/justice-law/724012/%D8%BA%D8%A7%D8%B1%D8%A9-%D8%A5%D8%B3%D8%B1%D8%A7%D8%A6%D9%8A%D9%84%D9%8A%D8%A9-%D8%A7%D8%B3%D8%AA%D9%87%D8%AF%D9%81%D8%AA-%D9%85%D9%86%D8%B7%D9%82%D8%A9-%D8%A7%D9%84%D8%BA%D8%A8%D9%8A%D8%B1%D9%8A-%D9%81%D9%8A-%D8%A7%D9%84%D8%B6%D8%A7%D8%AD%D9%8A%D8%A9-%D8%A7,20240924121943,cdx,0
https://www.nna-leb.gov.lb/ar/justice-law/724078/%D8%BA%D8%A7%D8%B1%D8%A9-%D9%85%D8%B9%D8%A7%D8%AF%D9%8A%D8%A9-%D8%A7%D8%B3%D8%AA%D9%87%D8%AF%D9%81%D8%AA-%D9%85%D9%86%D8%B7%D9%82%D8%A9-%D8%A7%D9%84%D9%86%D8%B5%D8%A7%D8%B1-%D8%A7%D9%84%D9%88%D8%A7%D9%82%D8%B9%D8%A9-%D8%A8%D9%8A%D9%86-%D8%A8%D8%A7%D8%AA%D9%88%D9%84,20240924144454,cdx,0
https://www.nna-leb.gov.lb/ar/justice-law/724119/%D9%83%D8%AA%D8%A7%D8%A8-%D9%85%D9%86-%D9%85%D9%88%D9%84%D9%88%D9%8A-%D8%A7%D9%84%D9%89-%D8%A7%D9%84%D9%85%D8%AD%D8%A7%D9%81%D8%B8%D9%8A%D9%86-%D8%AD%D9%88%D9%84-%D8%AA%D9%86%D8%B8%D9%8A%D9%85-%D8%A7%D9%84%D8%AA%D8%B9%D8%A7%D9%85%D9%84-%D9%85%D8%B9-%D8%A3,20240924170628,cdx,0
https://www.nna-leb.gov.lb/ar/justice-law/724148/%D8%A7%D9%84%D9%85%D9%82%D8%A7%D9%88%D9%85%D8%A9-%D8%A7%D9%84%D8%A5%D8%B3%D9%84%D8%A7%D9%85%D9%8A%D8%A9-%D9%82%D8%B5%D9%81-%D9%82%D8%A7%D8%B9%D8%AF%D8%A9-%D8%A7%D9%8A%D9%84%D8%A7%D9%86%D9%8A%D8%A7-%D8%A8%D8%B5%D9%88%D8%A7%D8%B1%D9%8A%D8%AE-%D9%81%D8%A7%D8%AF%D9%8A,20240925034237,cdx,0
https://www.nna-leb.gov.lb/ar/justice-law/724250/%D8%BA%D8%A7%D8%B1%D8%A9-%D8%B9%D9%86%D9%8A%D9%81%D8%A9-%D8%B9%D9%84%D9%89-%D8%A7%D9%84%D8%AA%D9%88%D9%8A%D8%AA%D9%8A-%D9%81%D9%8A-%D8%A3%D8%B9%D8%A7%D9%84%D9%8A-%D8%B2%D8%AD%D9%84%D8%A9,20240930090532,cdx,0
https://www.nna-leb.gov.lb/ar/justice-law/724285/%D8%A7%D9%84%D8%AF%D9%81%D8%A7%D8%B9-%D8%A7%D9%84%D9%85%D8%AF%D9%86%D9%8A-%D9%8A%D9%86%D9%81%D8%B0%D9%88%D9%86-%D8%B9%D9%85%D9%84%D9%8A%D8%A7%D8%AA-%D8%A7%D9%84%D8%A8%D8%AD%D8%AB-%D9%88%D8%A7%D9%84%D8%A5%D9%86%D9%82%D8%A7%D8%B0-%D9%88%D8%A7%D9%84%D9%85%D8%B3%D8%AD,20240925094104,cdx,0
https://www.nna-leb.gov.lb/ar/justice-law/724468/%D8%A7%D9%84%D9%85%D9%82%D8%A7%D9%88%D9%85%D8%A9-%D8%A7%D9%84%D8%A7%D8%B3%D9%84%D8%A7%D9%85%D9%8A%D8%A9-%D8%A7%D8%B3%D8%AA%D9%87%D8%AF%D8%A7%D9%81-%D8%AB%D9%83%D9%86%D8%A9-%D8%A8%D8%B1%D8%A7%D9%86%D9%8A%D8%AA-%D8%A8%D8%A7%D9%84%D9%85%D8%AF%D9%81%D8%B9%D9%8A%D8%A9,20240925165603,cdx,0
https://www.nna-leb.gov.lb/ar/justice-law/724630/%D8%A7%D9%84%D9%85%D9%82%D8%A7%D9%88%D9%85%D8%A9-%D8%A7%D9%84%D8%A5%D8%B3%D9%84%D8%A7%D9%85%D9%8A%D8%A9-%D9%82%D8%B5%D9%81-%D9%85%D8%B3%D8%AA%D8%B9%D9%85%D8%B1%D8%A9-%D9%83%D8%B1%D9%8A%D8%A7%D8%AA-%D9%85%D9%88%D8%AA%D8%B3%D9%83%D9%8A%D9%86-%D8%A8-%D8%B5%D9%84,20240926111738,cdx,0
https://www.nna-leb.gov.lb/ar/justice-law/724750/%D8%AC%D9%88%D9%84%D8%A9-%D8%A5%D8%B9%D9%84%D8%A7%D9%85%D9%8A%D8%A9-%D9%82%D8%B5%D9%8A%D8%B1%D8%A9-%D9%81%D9%8A-%D9%85%D8%AD%D9%8A%D8%B7-%D8%A7%D9%84%D9%85%D8%A8%D9%86%D9%89-%D8%A7%D9%84%D9%85%D8%B3%D8%AA%D9%87%D8%AF%D9%81-%D9%81%D9%8A-%D8%A7%D9%84%D8%B6%D8%A7,20241002210850,cdx,0
https://www.nna-leb.gov.lb/ar/justice-law/724891/%D8%BA%D8%A7%D8%B1%D8%A9-%D8%B9%D9%84%D9%89-%D8%B9%D9%8A%D8%AA%D8%A7-%D8%A7%D9%84%D8%B4%D8%B9%D8%A8,20240930045950,cdx,0
https://www.nna-leb.gov.lb/ar/justice-law/724950/%D8%BA%D8%A7%D8%B1%D8%A9-%D8%B9%D9%86%D9%8A%D9%81%D8%A9-%D8%B9%D9%84%D9%89-%D8%A8%D9%84%D8%AF%D8%A9-%D8%A7%D9%84%D9%86%D8%A8%D9%8A-%D8%A7%D9%8A%D9%84%D8%A7-%D9%81%D9%8A-%D8%A7%D9%84%D8%A8%D9%82%D8%A7%D8%B9-%D8%A7%D9%84%D8%A3%D9%88%D8%B3%D8%B7,20240927095303,cdx,0
https://www.nna-leb.gov.lb/ar/justice-law/725019/%D8%BA%D8%A7%D8%B1%D8%A9-%D8%B9%D9%84%D9%89-%D9%85%D9%86%D8%B2%D9%84-%D9%81%D9%8A-%D8%A7%D9%84%D8%B1%D9%85%D8%A7%D8%AF%D9%8A%D8%A9-%D8%B9%D9%84%D9%89-%D8%A7%D8%B7%D8%B1%D8%A7%D9%81-%D8%A8%D9%84%D8%AF%D8%A9-%D8%B4%D9%85%D8%B9-%D9%88%D9%82%D8%B5%D9%81,20241001022923,cdx,0
https://www.nna-leb.gov.lb/ar/justice-law/725085/%D8%BA%D8%A7%D8%B1%D8%A9-%D8%AA%D8%B3%D8%AA%D9%87%D8%AF%D9%81-%D9%85%D8%B2%D8%B1%D8%B9%D8%A9-%D9%81%D9%8A-%D8%A8%D9%84%D8%AF%D8%A9-%D9%86%D8%AD%D9%84%D8%A9-%D8%A8%D8%B9%D9%84%D8%A8%D9%83,20241002065638,cdx,0
https://www.nna-leb.gov.lb/ar/justice-law/725233/%D8%BA%D8%A7%D8%B1%D8%A9-%D8%B9%D9%84%D9%89-%D8%A7%D9%84%D8%AE%D8%B7-%D8%A7%D9%84%D8%B3%D8%A7%D8%AD%D9%84%D9%8A-%D8%B9%D9%86%D8%AF-%D8%B9%D8%AF%D9%84%D9%88%D9%86-%D8%A7%D9%84%D8%B9%D8%B1%D8%B4,20241003112534,cdx,0
https://www.nna-leb.gov.lb/ar/justice-law/725272/%D8%AA%D8%AC%D8%AF%D8%AF-%D8%A7%D9%84%D8%BA%D8%A7%D8%B1%D8%A7%D8%AA-%D8%B9%D9%84%D9%89-%D9%82%D8%B1%D9%89-%D9%82%D8%B6%D8%A7%D8%A1-%D8%B5%D9%88%D8%B1,20241001074943,cdx,0
https://www.nna-leb.gov.lb/ar/justice-law/725368/%D8%BA%D8%A7%D8%B1%D8%AA%D8%A7%D9%86-%D8%B9%D9%84%D9%89-%D8%A8%D9%8A%D8%AA-%D8%B4%D8%A7%D9%85%D8%A7-%D9%88%D8%B4%D9%85%D8%B3%D8%B7%D8%A7%D8%B1,20241003163509,cdx,0
https://www.nna-leb.gov.lb/ar/justice-law/725555/%D8%A7%D8%B3%D8%AA%D9%87%D8%AF%D8%A7%D9%81-%D8%AD%D9%8A-%D8%B3%D9%83%D9%86%D9%8A-%D9%81%D9%8A-%D8%B5%D9%88%D8%B1,20241002203024,cdx,0
https://www.nna-leb.gov.lb/ar/justice-law/725605/%D9%85%D9%86%D8%B3%D9%82-%D8%AE%D8%B7%D8%A9-%D8%A7%D9%84%D8%B7%D9%88%D8%A7%D8%B1%D8%A6-1640-%D8%B4%D9%87%D9%8A%D8%AF%D8%A7-%D9%888408-%D8%AC%D8%B1%D8%AD%D9%89-%D9%88%D8%A7%D9%84%D9%86%D8%A7%D8%B2%D8%AD%D9%88%D9%86-%D8%A7,20241003222409,cdx,0
https://www.nna-leb.gov.lb/ar/justice-law/725819/%D9%82%D8%B5%D9%81-%D9%85%D8%AF%D9%81%D8%B9%D9%8A-%D9%84%D9%82%D8%B1%D9%89-%D8%B2%D8%A8%D9%82%D9%8A%D9%86-%D9%88%D8%B4%D9%85%D8%B9-%D9%88%D8%B7%D9%8A%D8%B1%D8%AD%D8%B1%D9%81%D8%A7-%D9%88%D8%B4%D9%8A%D8%AD%D9%8A%D9%86-%D9%88%D8%A7%D9%84%D8%AC%D8%A8%D9%8A%D9%86,20240930133637,cdx,0
https://www.nna-leb.gov.lb/ar/justice-law/725863/%D8%AB%D9%84%D8%A7%D8%AB-%D8%BA%D8%A7%D8%B1%D8%A7%D8%AA-%D9%85%D9%86-%D9%85%D8%B3%D9%8A%D8%B1%D8%A9-%D8%A7%D8%B3%D8%AA%D9%87%D8%AF%D9%81%D8%AA-%D9%85%D9%81%D8%AA%D8%B1%D9%82-%D8%A7%D9%84%D8%AE%D9%8A%D8%A7%D9%85-%D9%88%D8%A7%D9%84%D9%88%D8%B2%D8%A7%D9%86%D9%8A,20240930115733,cdx,0
https://www.nna-leb.gov.lb/ar/justice-law/725889/%D9%82%D8%B5%D9%81-%D9%85%D8%AF%D9%81%D8%B9%D9%8A-%D9%85%D8%B9%D8%A7%D8%AF-%D9%84%D8%B3%D9%87%D9%84-%D9%85%D8%B1%D8%AC%D8%B9%D9%8A%D9%88%D9%86,20241005005943,cdx,0
https://www.nna-leb.gov.lb/ar/justice-law/725981/%D8%A7%D9%84%D9%85%D9%82%D8%A7%D9%88%D9%85%D8%A9-%D8%A7%D9%84%D8%A7%D8%B3%D9%84%D8%A7%D9%85%D9%8A%D8%A9-%D8%A7%D8%B3%D8%AA%D9%87%D8%AF%D8%A7%D9%81-%D8%AA%D8%AC%D9%85%D8%B9-%D9%84%D8%AC%D9%86%D9%88%D8%AF-%D8%A7%D9%84%D8%B9%D8%AF%D9%88-%D9%81%D9%8A-%D9%85%D8%B1,20241003160134,cdx,0
https://www.nna-leb.gov.lb/ar/justice-law/726004/%D8%BA%D8%A7%D8%B1%D8%AA%D8%A7%D9%86-%D8%B9%D9%84%D9%89-%D8%A3%D8%B7%D8%B1%D8%A7%D9%81-%D8%A7%D9%84%D8%A8%D8%B1%D8%BA%D9%84%D9%8A%D8%A9-%D9%88%D8%A7%D9%84%D8%AE%D8%B7-%D8%A7%D9%84%D8%B3%D8%A7%D8%AD%D9%84%D9%8A-%D9%84%D9%84%D9%86%D8%A8%D9%8A-%D9%82%D8%A7%D8%B3%D9%85,20241004222323,cdx,0
https://www.nna-leb.gov.lb/ar/justice-law/726151/%D8%AD%D8%B2%D8%A8-%D8%A7%D9%84%D9%84%D9%87-%D9%84%D8%A7-%D8%B5%D8%AD%D8%A9-%D9%84%D8%A7%D8%AF%D8%B9%D8%A7%D8%A1%D8%A7%D8%AA-%D8%A7%D9%84%D8%B9%D8%AF%D9%88-%D8%B9%D9%86-%D9%88%D8%AC%D9%88%D8%AF-%D9%85%D8%AE%D8%A7%D8%B2%D9%86-%D8%A3%D8%B3%D9%84%D8%AD,20241001113415,cdx,0
https://www.nna-leb.gov.lb/ar/justice-law/726276/%D8%BA%D8%A7%D8%B1%D8%A9-%D9%85%D8%B9%D8%A7%D8%AF%D9%8A%D8%A9-%D8%A7%D8%B3%D8%AA%D9%87%D8%AF%D9%81%D8%AA-%D8%A7%D8%B7%D8%B1%D8%A7%D9%81-%D8%AD%D9%88%D9%85%D9%8A%D9%86-%D8%A7%D9%84%D9%81%D9%88%D9%82%D8%A7,20241001171128,cdx,0
https://www.nna-leb.gov.lb/ar/justice-law/726348/%D8%A7%D9%84%D9%85%D9%82%D8%A7%D9%88%D9%85%D8%A9-%D8%A7%D9%84%D8%A5%D8%B3%D9%84%D8%A7%D9%85%D9%8A%D8%A9-%D8%A7%D8%B3%D8%AA%D9%87%D8%AF%D8%A7%D9%81-%D8%AA%D8%AC%D9%85%D8%B9-%D9%84%D9%82%D9%88%D8%A7%D8%AA-%D8%A7%D9%84%D8%B9%D8%AF%D9%88-%D9%81%D9%8A-%D9%85%D8%B3,20241003224052,cdx,0
https://www.nna-leb.gov.lb/ar/justice-law/726350/%D8%A7%D9%84%D9%85%D9%82%D8%A7%D9%88%D9%85%D8%A9-%D8%A7%D9%84%D8%A5%D8%B3%D9%84%D8%A7%D9%85%D9%8A%D8%A9-%D8%A7%D8%B3%D8%AA%D9%87%D8%AF%D8%A7%D9%81-%D9%82%D9%88%D8%A9-%D9%85%D8%B4%D8%A7%D8%A9-%D9%83%D8%A8%D9%8A%D8%B1%D8%A9-%D9%81%D9%8A-%D9%85%D8%B3%D8%AA%D8%B9,20241005202824,cdx,0
https://www.nna-leb.gov.lb/ar/justice-law/726426/%D8%A7%D9%84%D9%85%D9%82%D8%A7%D9%88%D9%85%D8%A9-%D8%A7%D9%84%D8%A5%D8%B3%D9%84%D8%A7%D9%85%D9%8A%D8%A9-%D8%AA%D9%82%D8%B5%D9%81-%D9%85%D8%AC%D9%85%D9%88%D8%B9%D8%A9-%D9%85%D9%86-%D8%A7%D9%84%D9%83%D8%B1%D9%8A%D8%A7%D8%AA-%D8%B4%D9%85%D8%A7%D9%84-%D9%85%D8%AF%D9%8A,20241003223308,cdx,0
https://www.nna-leb.gov.lb/ar/justice-law/726453/8-%D8%BA%D8%A7%D8%B1%D8%A7%D8%AA-%D8%A7%D8%B3%D8%B1%D8%A7%D8%A6%D9%8A%D9%84%D9%8A%D8%A9-%D8%B9%D9%84%D9%89-%D9%85%D8%AC%D8%B1%D9%89-%D9%86%D9%87%D8%B1-%D8%A7%D9%84%D9%84%D9%8A%D8%B7%D8%A7%D9%86%D9%8A-%D9%88%D8%B7%D8%B1%D9%8A%D9%82-%D8%A7%D9%84%D8%AE%D8%B1,20241003235657,cdx,0
https://www.nna-leb.gov.lb/ar/justice-law/726530/%D8%BA%D8%A7%D8%B1%D8%A7%D8%AA-%D8%A7%D8%B3%D8%AA%D9%87%D8%AF%D9%81%D8%AA-%D8%AC%D8%B1%D8%AF-%D8%AD%D9%84%D8%A8%D8%AA%D8%A7-%D9%88%D8%A7%D9%84%D9%85%D9%86%D8%B7%D9%82%D8%A9-%D9%85%D8%A7-%D8%A8%D9%8A%D9%86-%D8%A8%D9%84%D8%AF%D8%AA%D9%8A-%D8%A7%D9%84%D9%86%D8%A8,20241004053950,cdx,0
https://www.nna-leb.gov.lb/ar/justice-law/726561/%D8%A3%D9%85%D9%84-%D8%B2%D9%81%D8%AA-%D8%B4%D9%87%D8%AF%D8%A7%D8%A1%D9%87%D8%A7-%D8%B3%D9%86%D8%A8%D9%82%D9%89-%D8%B9%D9%84%D9%89-%D8%A7%D9%84%D8%B9%D9%87%D8%AF-%D9%88%D8%A7%D9%84%D9%82%D8%B3%D9%85,20241004020730,cdx,0
https://www.nna-leb.gov.lb/ar/justice-law/726595/%D8%A7%D9%84%D9%85%D9%82%D8%A7%D9%88%D9%85%D8%A9-%D8%A7%D9%84%D8%A7%D8%B3%D9%84%D8%A7%D9%85%D9%8A%D8%A9-%D8%A7%D8%B3%D8%AA%D9%87%D8%AF%D8%A7%D9%81-%D8%AA%D8%AD%D8%B4%D8%AF-%D9%84%D9%82%D9%88%D8%A7%D8%AA-%D8%A7%D9%84%D8%B9%D8%AF%D9%88-%D9%81%D9%8A-%D9%85%D8%B3,20241002165328,cdx,0
https://www.nna-leb.gov.lb/ar/justice-law/726663/%D8%A7%D9%84%D9%85%D9%82%D8%A7%D9%88%D9%85%D8%A9-%D8%A7%D9%84%D8%A5%D8%B3%D9%84%D8%A7%D9%85%D9%8A%D8%A9-%D8%A7%D8%B3%D8%AA%D9%87%D8%AF%D8%A7%D9%81-%D8%AA%D8%AD%D8%B1%D9%83%D8%A7%D8%AA-%D9%84%D9%82%D9%88%D8%A7%D8%AA-%D8%A7%D9%84%D8%B9%D8%AF%D9%88-%D9%81%D9%8A,20241007185020,cdx,0
https://www.nna-leb.gov.lb/ar/justice-law/726932/%D8%BA%D8%A7%D8%B1%D8%A9-%D9%85%D8%B9%D8%A7%D8%AF%D9%8A%D8%A9-%D8%A7%D8%B3%D8%AA%D9%87%D8%AF%D9%81%D8%AA-%D8%A7%D9%84%D8%AE%D9%8A%D8%A7%D9%85-%D9%88%D9%82%D8%B5%D9%81-%D9%85%D8%AF%D9%81%D8%B9%D9%8A-%D8%B9%D9%86%D9%8A%D9%81-%D8%B9%D9%84%D9%89-%D9%83%D9%81%D8%B1,20241003195717,cdx,0
https://www.nna-leb.gov.lb/ar/justice-law/726987/%D8%A7%D9%84%D8%B9%D8%AF%D9%88-%D9%83%D8%AB-%D9%81-%D9%82%D8%B5%D9%81%D9%87-%D9%84%D9%84%D9%82%D8%B1%D9%89-%D8%A7%D9%84%D8%AD%D8%AF%D9%88%D8%AF%D9%8A%D8%A9-%D9%81%D8%AC%D8%B1-%D8%A7-%D9%88%D9%86%D9%8A%D8%B1%D8%A7%D9%86-%D8%B1%D8%B4%D8%A7%D8%B4%D8%A7%D8%AA,20241005155908,cdx,0
https://www.nna-leb.gov.lb/ar/justice-law/727099/%D9%85%D8%B3%D8%AA%D8%B4%D9%81%D9%89-%D9%85%D8%B1%D8%AC%D8%B9%D9%8A%D9%88%D9%86-%D8%A7%D9%84%D8%AD%D9%83%D9%88%D9%85%D9%8A-%D8%AE%D8%A7%D8%B1%D8%AC-%D8%A7%D9%84%D8%AE%D8%AF%D9%85%D8%A9-%D8%A8%D8%B9%D8%AF-%D8%A7%D8%AE%D9%84%D8%A7%D8%A1-%D8%B7%D8%A7%D9%82%D9%85%D9%87,20241004102757,cdx,0
https://www.nna-leb.gov.lb/ar/justice-law/727205/%D8%A7%D9%84%D9%85%D9%82%D8%A7%D9%88%D9%85%D8%A9-%D8%A7%D9%84%D8%A7%D8%B3%D9%84%D8%A7%D9%85%D9%8A%D8%A9-%D8%A7%D8%B3%D8%AA%D9%87%D8%AF%D8%A7%D9%81-%D9%85%D8%AD%D9%8A%D8%B7-%D9%85%D9%88%D9%82%D8%B9-%D8%A7%D9%84%D8%A8%D8%BA%D8%AF%D8%A7%D8%AF%D9%8A-%D9%88%D9%82%D8%A7,20241005085519,cdx,0
https://www.nna-leb.gov.lb/ar/justice-law/727209/%D8%A7%D9%84%D8%B7%D9%8A%D8%B1%D8%A7%D9%86-%D8%A7%D9%84%D8%AD%D8%B1%D8%A8%D9%8A-%D8%A7%D9%84%D9%85%D8%B9%D8%A7%D8%AF%D9%8A-%D8%AE%D8%B1%D9%82-%D8%AC%D8%AF%D8%A7%D8%B1-%D8%A7%D9%84%D8%B5%D9%88%D8%AA-%D9%81%D9%88%D9%82-%D8%A7%D9%84%D8%B9%D8%A7%D8%B5%D9%85%D8%A9,20241009215425,cdx,0
https://www.nna-leb.gov.lb/ar/justice-law/727448/%D8%BA%D8%A7%D8%B1%D8%A9-%D8%A8%D9%8A%D9%86-%D8%A7%D9%84%D8%AC%D8%A8%D9%8A%D9%86-%D9%88%D9%88%D8%A7%D8%AF%D9%8A-%D8%AD%D8%B3%D9%86-%D9%81%D9%8A-%D8%A7%D9%84%D9%82%D8%B7%D8%A7%D8%B9-%D8%A7%D9%84%D8%BA%D8%B1%D8%A8%D9%8A-%D9%88%D9%82%D8%A7%D9%81%D9%84%D8%A9,20241005171027,cdx,0
https://www.nna-leb.gov.lb/ar/justice-law/727740/%D8%BA%D8%A7%D8%B1%D8%AA%D8%A7%D9%86-%D8%B9%D9%84%D9%89-%D8%A7%D9%84%D8%B6%D8%A7%D8%AD%D9%8A%D8%A9-%D8%A7%D9%84%D8%AC%D9%86%D9%88%D8%A8%D9%8A%D8%A9,20241008115828,cdx,0
https://www.nna-leb.gov.lb/ar/know-lebanon/226156/%D8%A5%D9%86%D8%AC%D8%A7%D8%B2-%D8%B9%D9%84%D9%85%D9%8A-%D9%88%D8%A8%D9%8A%D8%A6%D9%8A-%D9%84%D8%B3%D8%A7%D9%86%D8%AF%D8%B1%D8%A7-%D8%B3%D9%84%D9%8A%D9%85%D8%A7%D9%86-%D9%88%D8%B6%D8%B9-%D8%B9%D9%83%D8%A7%D8%B1-%D9%88%D9%84%D8%A8%D9%86%D8%A7%D9%86-%D8%B9,20241015133518,cdx,0
https://www.nna-leb.gov.lb/ar/regional/616505/%D8%AC%D9%86%D9%88%D8%AD-%D8%B3%D9%81%D9%8A%D9%86%D8%A9-%D9%81%D9%8A-%D9%82%D9%86%D8%A7%D8%A9-%D8%A7%D9%84%D8%B3%D9%88%D9%8A%D8%B3,20241015121818,cdx,0
https://www.nna-leb.gov.lb/ar/regional/618449/%D8%A8%D9%84%D9%8A%D9%86%D9%83%D9%86-%D8%A7%D9%84%D9%89-%D8%A7%D9%84%D8%B3%D8%B9%D9%88%D8%AF%D9%8A%D8%A9-%D8%A7%D9%84%D8%A7%D8%B3%D9%8A%D9%88%D8%B9-%D8%A7%D9%84%D9%85%D9%82%D8%A8%D9%84,20241006010213,cdx,0
https://www.nna-leb.gov.lb/ar/regional/619460/%D8%B1%D9%88%D9%8A%D8%AA%D8%B1%D8%B2-%D8%AD%D8%B1%D9%8A%D9%82-%D8%B6%D8%AE%D9%85-%D9%81%D9%8A-%D9%85%D8%AD%D9%8A%D8%B7-%D9%82%D8%A7%D8%B9%D8%AF%D8%A9-%D8%B9%D8%B3%D9%83%D8%B1%D9%8A%D8%A9-%D9%88%D9%85%D8%AE%D8%A7%D8%B2%D9%86-%D9%88%D9%82%D9%88%D8%AF,20241015114002,cdx,0
https://www.nna-leb.gov.lb/ar/regional/641625/%D9%88%D8%B2%D9%8A%D8%B1-%D9%85%D8%BA%D8%B1%D8%A8%D9%8A-%D8%A7%D9%84%D8%B2%D9%84%D8%B2%D8%A7%D9%84-%D8%A3%D8%AB%D8%B1-%D8%B9%D9%84%D9%89-2-8-%D9%85%D9%84%D9%8A%D9%88%D9%86-%D8%B4%D8%AE%D8%B5,20241015114737,cdx,0
https://www.nna-leb.gov.lb/ar/regional/642598/%D8%A7%D9%84%D8%AD%D8%B1%D8%B3-%D8%A7%D9%84%D8%AB%D9%88%D8%B1%D9%8A-%D8%A7%D9%84%D8%A5%D9%8A%D8%B1%D8%A7%D9%86%D9%8A-%D9%8A%D8%B6%D8%B9-%D8%A7%D9%84%D9%82%D9%85%D8%B1-%D8%A7%D9%84%D8%A7%D8%B5%D8%B7%D9%86%D8%A7%D8%B9%D9%8A-%D9%86%D9%88%D8%B1-3-%D9%81%D9%8A,20241015122855,cdx,0
https://www.nna-leb.gov.lb/ar/regional/678559/%D8%A5%D9%82%D9%84%D9%8A%D9%85-%D9%83%D8%B1%D8%AF%D8%B3%D8%AA%D8%A7%D9%86-%D8%A7%D9%84%D8%B9%D8%B1%D8%A7%D9%82-%D9%8A%D8%AD%D8%AF-%D8%AF-%D8%AD%D8%B2%D9%8A%D8%B1%D8%A7%D9%86-%D9%85%D9%88%D8%B9%D8%AF%D8%A7-%D8%AC%D8%AF%D9%8A%D8%AF%D8%A7-%D9%84%D8%A7%D9%86%D8%AA,20241015123800,cdx,0
https://www.nna-leb.gov.lb/ar/regional/718011/%D8%A7%D9%84%D8%B5%D8%AD%D8%A9-%D8%A7%D9%84%D8%B9%D8%A7%D9%84%D9%85%D9%8A%D8%A9-17-%D9%85%D8%B3%D8%AA%D8%B4%D9%81%D9%89-%D9%81%D9%82%D8%B7-%D8%AA%D8%B9%D9%85%D9%84-%D8%AC%D8%B2%D8%A6%D9%8A%D8%A7-%D9%81%D9%8A-%D9%82%D8%B7%D8%A7%D8%B9-%D8%BA%D8%B2,20240919130925,cdx,0
https://www.nna-leb.gov.lb/ar/regional/722748/%D8%B3%D8%A8%D8%B9%D8%A9-%D8%B4%D9%87%D8%AF%D8%A7%D8%A1-%D9%88-11-%D8%A5%D8%B5%D8%A7%D8%A8%D8%A9-%D8%A8%D8%A7%D9%84%D8%B1%D8%B5%D8%A7%D8%B5-%D8%A7%D9%84%D8%AD%D9%8A-%D8%AD%D8%B5%D9%8A%D9%84%D8%A9-%D8%B9%D8%AF%D9%88%D8%A7%D9%86-%D8%A7%D9%84%D8%A7,20240921174131,cdx,0
https://www.nna-leb.gov.lb/ar/regional/723142/%D8%A7%D9%84%D8%AE%D8%A7%D8%B1%D8%AC%D9%8A%D8%A9-%D8%A7%D9%84%D8%A7%D8%B1%D8%AF%D9%86%D9%8A%D8%A9-%D8%AF%D8%A7%D9%86%D8%AA-%D8%A7%D8%B3%D8%AA%D9%87%D8%AF%D8%A7%D9%81-%D8%A7%D9%84%D8%B9%D8%AF%D9%88-%D9%84%D9%85%D8%B1%D8%A7%D9%83%D8%B2-%D8%A5%D9%8A%D9%88%D8%A7%D8%A1,20240924013753,cdx,0
https://www.nna-leb.gov.lb/ar/regional/724170/%D8%B1%D9%88%D9%8A%D8%AA%D8%B1%D8%B2-%D8%B5%D9%81%D8%A7%D8%B1%D8%A7%D8%AA-%D8%A7%D9%84%D8%A5%D9%86%D8%B0%D8%A7%D8%B1-%D8%AA%D8%AF%D9%88%D9%8A-%D9%81%D9%8A-%D8%AA%D9%84-%D8%A3%D8%A8%D9%8A%D8%A8-%D9%88%D9%85%D9%86%D8%A7%D8%B7%D9%82-%D9%81%D9%8A-%D9%88,20240925055642,cdx,0
https://www.nna-leb.gov.lb/ar/regional/725839/%D8%A7%D8%B1%D8%AA%D9%81%D8%A7%D8%B9-%D8%AD%D8%B5%D9%8A%D9%84%D8%A9-%D8%A7%D9%84%D8%B4%D9%87%D8%AF%D8%A7%D8%A1-%D9%81%D9%8A-%D9%82%D8%B7%D8%A7%D8%B9-%D8%BA%D8%B2%D8%A9-%D8%A5%D9%84%D9%89-41-615-%D9%88%D8%A7%D9%84%D8%A5%D8%B5%D8%A7,20241002065855,cdx,0
https://www.nna-leb.gov.lb/ar/regional/726057/%D9%82%D9%88%D8%A7%D8%AA-%D8%A7%D9%84%D8%A7%D8%AD%D8%AA%D9%84%D8%A7%D9%84-%D8%A7%D9%82%D8%AA%D8%AD%D9%85%D8%AA-%D8%A7%D9%84%D8%A8%D9%84%D8%AF%D8%A9-%D8%A7%D9%84%D9%82%D8%AF%D9%8A%D9%85%D8%A9-%D9%81%D9%8A-%D9%86%D8%A7%D8%A8%D9%84%D8%B3,20241002002222,cdx,0
https://www.nna-leb.gov.lb/ar/regional/726126/%D8%A7%D9%84%D8%AD%D9%88%D8%AB%D9%8A%D9%88%D9%86-%D8%A7%D8%B3%D8%AA%D9%87%D8%AF%D8%A7%D9%81-%D9%85%D9%88%D8%A7%D9%82%D8%B9-%D8%B9%D8%B3%D9%83%D8%B1%D9%8A%D8%A9-%D8%A5%D8%B3%D8%B1%D8%A7%D8%A6%D9%8A%D9%84%D9%8A%D8%A9-%D9%81%D9%8A-%D8%AA%D9%84-%D8%A3%D8%A8%D9%8A%D8%A8,20241001164126,cdx,0
https://www.nna-leb.gov.lb/ar/regional/726356/%D8%B7%D9%8A%D8%B1%D8%A7%D9%86-%D8%A7%D9%84%D8%A7%D8%AA%D8%AD%D8%A7%D8%AF-%D9%86%D8%B1%D8%A7%D9%82%D8%A8-%D8%A8%D8%B4%D9%83%D9%84-%D9%85%D8%B3%D8%AA%D9%85%D8%B1-%D9%85%D8%B3%D8%AA%D8%AC%D8%AF%D8%A7%D8%AA-%D8%A7%D9%84%D8%A3%D9%85%D9%86-%D9%88%D8%A7%D9%84%D9%85%D8%AC,20241004000929,cdx,0
https://www.nna-leb.gov.lb/ar/regional/726360/40-%D8%B4%D9%87%D9%8A%D8%AF%D8%A7-%D9%88%D8%B9%D8%B4%D8%B1%D8%A7%D8%AA-%D8%A7%D9%84%D8%AC%D8%B1%D8%AD%D9%89-%D9%81%D9%8A-%D8%B9%D8%AF%D9%88%D8%A7%D9%86-%D8%A7%D9%84%D8%A7%D8%AD%D8%AA%D9%84%D8%A7%D9%84-%D8%B9%D9%84%D9%89-%D8%AE%D8%A7%D9%86-%D9%8A,20241003231802,cdx,0
https://www.nna-leb.gov.lb/ar/regional/726367/%D8%A5%D9%8A%D8%B1%D8%A7%D9%86-%D9%86%D9%81%D8%AA-%D8%A3%D9%8A-%D8%AA%D9%88%D8%A7%D8%B5%D9%84-%D9%85%D8%B9-%D8%A7%D9%84%D9%88%D9%84%D8%A7%D9%8A%D8%A7%D8%AA-%D8%A7%D9%84%D9%85%D8%AA%D8%AD%D8%AF%D8%A9-%D9%82%D8%A8%D9%84-%D9%87%D8%AC%D9%88%D9%85%D9%87%D8%A7,20241007041716,cdx,0
https://www.nna-leb.gov.lb/ar/regional/726454/%D8%A7%D9%84%D8%B5%D8%AD%D8%A9-%D9%81%D9%8A-%D8%BA%D8%B2%D8%A9-%D8%A7%D8%B1%D8%AA%D9%81%D8%A7%D8%B9-%D8%AD%D8%B5%D9%8A%D9%84%D8%A9-%D8%A7%D9%84%D8%AD%D8%B1%D8%A8-%D9%81%D9%8A-%D8%BA%D8%B2%D8%A9-%D8%A5%D9%84%D9%89-41689-%D8%B4,20241003231945,cdx,0
https://www.nna-leb.gov.lb/ar/regional/726749/%D8%A5%D9%8A%D8%B1%D8%A7%D9%86-%D8%B1%D9%81%D8%B9%D8%AA-%D8%A7%D9%84%D9%82%D9%8A%D9%88%D8%AF-%D8%A7%D9%84%D9%85%D9%81%D8%B1%D9%88%D8%B6%D8%A9-%D8%B9%D9%84%D9%89-%D8%A7%D9%84%D8%B1%D8%AD%D9%84%D8%A7%D8%AA-%D8%A7%D9%84%D8%AC%D9%88%D9%8A%D8%A9,20241004032816,cdx,0
https://www.nna-leb.gov.lb/ar/show-news/116460/%D9%85%D9%86%D8%AA%D8%AE%D8%A8-%D9%84%D8%A8%D9%86%D8%A7%D9%86-%D9%81%D9%8A-%D8%B3%D9%8A%D8%AF%D9%86%D9%8A-%D9%81%D8%A7%D8%B2-%D8%A8%D9%83-%D8%A7%D9%84%D8%A7%D8%AA%D8%AD%D8%A7%D8%AF-%D8%A7%D9%84%D8%A7%D8%B3%D8%AA%D8%B1%D8%A7%D9%84%D9%8A-%D8%A7%D9%84%D9%84%D8%A8%D9%86%D8%A7%D9%86%D9%8A-%D9%84%D9%83%D8%B1%D8%A9-%D8%A7%D9%84%D9%82%D8%AF%D9%85,20241015121437,cdx,0
https://www.nna-leb.gov.lb/ar/show-news/24852/%D8%A7%D8%B9%D8%AA%D8%B5%D8%A7%D9%85-%D9%84%D9%87%D9%8A-%D8%A7%D9%84%D8%AA%D9%86%D8%B3%D9%8A%D9%82-%D8%A7%D9%85%D8%A7%D9%85-%D9%88%D8%B2%D8%A7%D8%B1%D8%A9-%D8%A7%D9%84%D8%B9%D8%AF%D9%84,20241007055826,cdx,0
https://www.nna-leb.gov.lb/ar/twitter/640570/%D8%AA%D8%B1%D8%B2%D9%8A%D8%A7%D9%86-%D8%AD%D9%82%D9%88%D9%82-%D8%A7%D9%84%D8%B3%D8%AD%D8%A8-%D8%A7%D9%84%D8%AE%D8%A7%D8%B5%D8%A9-%D8%AA%D8%B1%D8%A7%D8%AC%D8%B9%D8%AA-%D9%A4%D9%A9-%D9%85%D9%84%D9%8A%D9%88%D9%86-%D8%AF%D9%88%D9%84%D8%A7%D8%B1-%D8%A8%D8%B4%D9%87,20241003230107,cdx,0
https://www.nna-leb.gov.lb/ar/twitter/640645/%D8%A7%D9%8A%D9%88%D8%A8-%D9%87%D9%83%D8%B0%D8%A7-%D8%AA%D8%A8%D8%AF%D8%AF%D8%AA-%D8%A7%D9%85%D9%88%D8%A7%D9%84-%D8%A7%D9%84%D9%85%D9%88%D8%AF%D8%B9%D9%8A%D9%86-%D8%B9%D9%84%D9%89-%D8%B3%D9%86%D9%88%D8%A7%D8%AA-%D9%88%D8%A8%D8%AA%D9%88%D8%A7%D8%B7%D8%A4-%D9%88,20241003224133,cdx,0
https://www.nna-leb.gov.lb/ar/twitter/640771/%D8%A7%D9%84%D8%AC%D9%8A%D8%B4-%D8%A7%D9%84%D9%85%D8%A8%D8%A7%D8%B4%D8%B1%D8%A9-%D8%A8%D9%85%D8%B3%D8%AD-%D8%A7%D9%84%D8%A3%D9%85%D9%84%D8%A7%D9%83-%D8%A7%D9%84%D8%B9%D8%A7%D9%85%D8%A9-%D8%A7%D9%84%D8%A8%D8%AD%D8%B1%D9%8A%D8%A9,20241003230321,cdx,0
https://www.nna-leb.gov.lb/ar/twitter/675607/%D9%8A%D9%88%D8%B3%D9%81-%D8%B3%D9%84%D8%A7%D9%85%D8%A9-%D8%A7%D9%84%D8%AE%D9%84%D9%88%D8%AF-%D9%84%D9%84%D8%A8%D9%86%D8%A7%D9%86,20241015125046,cdx,0
https://www.nna-leb.gov.lb/ar/twitter/686268/%D8%B7%D9%88%D9%86%D9%8A-%D9%81%D8%B1%D9%86%D8%AC%D9%8A%D9%87-%D9%86%D8%B7%D8%A7%D9%84%D8%A8-%D8%A7%D9%84%D8%A3%D8%AC%D9%87%D8%B2%D8%A9-%D8%A7%D9%84%D8%A3%D9%85%D9%86%D9%8A%D8%A9-%D8%A8%D9%85%D8%AA%D8%A7%D8%A8%D8%B9%D8%A9-%D8%A7%D9%84%D8%AA%D8%AD%D9%82%D9%8A%D9%82%D8%A7,20241006012130,cdx,0
https://www.nna-leb.gov.lb/ar/twitter/686282/%D8%A7%D9%81%D8%B1%D8%A7%D9%85-%D8%B3%D9%84%D9%8A%D9%85%D8%A7%D9%86-%D8%B1%D8%A7%D8%AD-%D8%B6%D8%AD%D9%8A%D8%A9-%D8%AA%D8%AD%D9%84%D9%84-%D8%AF%D9%88%D9%84%D8%A9-%D8%A7%D9%84%D9%82%D8%A7%D9%86%D9%88%D9%86,20241006020114,cdx,0
https://www.nna-leb.gov.lb/ar/twitter/717946/%D8%B3%D9%84%D8%A7%D9%85%D9%87-%D8%BA%D9%8A%D8%A7%D8%A8-%D8%A7%D9%84%D9%82%D8%A7%D8%AF%D8%A9-%D9%85%D8%A4%D8%B4%D8%B1-%D9%84%D9%85%D8%B3%D8%AA%D9%82%D8%A8%D9%84-%D9%82%D8%A7%D8%AA%D9%85,20240921104554,cdx,0
https://www.nna-leb.gov.lb/ar/twitter/721426/%D9%85%D8%AD%D9%85%D8%AF-%D8%B3%D9%84%D9%8A%D9%85%D8%A7%D9%86-%D9%87%D9%86%D8%A3-%D8%A8%D8%B0%D9%83%D8%B1%D9%89-%D8%A7%D9%84%D9%85%D9%88%D9%84%D8%AF-%D8%A7%D9%84%D9%86%D8%A8%D9%88%D9%8A,20240916130616,cdx,0
https://www.nna-leb.gov.lb/ar/twitter/722284/%D8%A7%D9%84%D8%AD%D9%88%D8%AA-%D8%A7%D9%84%D8%B9%D8%AF%D9%88%D8%A7%D9%86-%D8%A7%D9%84%D8%A7%D8%B3%D8%B1%D8%A7%D8%A6%D9%8A%D9%84%D9%8A-%D8%AF%D8%A7%D9%81%D8%B9-%D8%A5%D8%B6%D8%A7%D9%81%D9%8A-%D9%84%D9%88%D8%AD%D8%AF%D8%A9-%D8%A7%D9%84%D9%85%D9%88%D9%82%D9%81-%D8%A7,20240921132328,cdx,0
https://www.nna-leb.gov.lb/ar/twitter/723858/%D8%A3%D9%85%D9%8A%D9%86-%D8%B3%D9%84%D8%A7%D9%85-%D9%87%D9%86%D8%A3-%D8%A7%D9%84%D8%B3%D8%B9%D9%88%D8%AF%D9%8A%D8%A9-%D8%A8%D9%8A%D9%88%D9%85%D9%87%D8%A7-%D8%A7%D9%84%D9%88%D8%B7%D9%86%D9%8A-%D8%A3-%D8%AB%D9%86%D9%8A-%D8%B9%D9%84%D9%89-%D9%85%D8%A7,20240924213628,cdx,0
https://www.nna-leb.gov.lb/ar/twitter/724953/%D9%85%D8%AD%D9%81%D9%88%D8%B6-%D9%84%D8%B9%D9%88%D8%AF%D8%A9-%D9%81%D9%88%D8%B1%D9%8A%D8%A9-%D9%84%D9%84%D8%A7%D8%AC%D8%A6%D9%8A%D9%86-%D8%A7%D9%84%D8%B3%D9%88%D8%B1%D9%8A%D9%8A%D9%86-%D9%88%D8%A5%D9%86%D9%81%D8%A7%D8%B0-%D8%AA%D8%B1%D8%A7%D9%86%D8%B3%D9%81%D9%8A%D8%B1,20240927111618,cdx,0
https://www.nna-leb.gov.lb/ar/twitter/726347/%D8%A7%D8%AD%D8%B5%D8%A7%D8%A1%D8%A7%D8%AA-%D8%BA%D8%B1%D9%81%D8%A9-%D8%A7%D9%84%D8%AA%D8%AD%D9%83%D9%85-%D8%AC%D8%B1%D9%8A%D8%AD%D8%A7%D9%86-%D9%81%D9%8A-%D8%AD%D8%A7%D8%AF%D8%AB%D9%8A-%D8%B3%D9%8A%D8%B1-%D8%AE%D9%84%D8%A7%D9%84-24-%D8%B3%D8%A7,20241003235029,cdx,0
https://www.nna-leb.gov.lb/ar/twitter/726363/%D9%85%D9%86%D9%8A%D9%85%D9%86%D8%A9-%D9%86%D8%AA%D8%A7%D8%A8%D8%B9-%D9%88%D8%A7%D9%84%D8%A3%D8%AC%D9%87%D8%B2%D8%A9-%D8%A7%D9%84%D8%A3%D9%85%D9%86%D9%8A%D8%A9-%D8%AD%D8%A7%D9%84%D8%A7%D8%AA-%D8%A7%D9%82%D8%AA%D8%AD%D8%A7%D9%85-%D9%85%D9%86%D8%A7%D8%B2%D9%84-%D9%88,20241003224800,cdx,0
https://www.nna-leb.gov.lb/en/%D8%B1%D9%8A%D8%A7%D8%B6%D8%A9/582949/qatar-world-cup-final-argentina-2022-world-cup-cha,20241015122631,cdx,0
https://www.nna-leb.gov.lb/en/%D8%B3%D9%8A%D8%A7%D8%B3%D8%A9/551702/president-aoun-briefed-by-minister-charafeddine-on,20241012042909,cdx,0
https://www.nna-leb.gov.lb/en/%D8%B3%D9%8A%D8%A7%D8%B3%D8%A9/619364/rahi-broaches-local-developments-with-bou-saab,20241015121251,cdx,0
https://www.nna-leb.gov.lb/en/%D8%B3%D9%8A%D8%A7%D8%B3%D8%A9/641464/bou-habib-winds-up-new-york-visit-meets-with-senio,20241003230029,cdx,0
https://www.nna-leb.gov.lb/en/%D8%B3%D9%8A%D8%A7%D8%B3%D8%A9/656860/mikati-after-enemy-strikes-al-mayadeen-press-crew,20241007043930,cdx,0
https://www.nna-leb.gov.lb/en/%D8%B3%D9%8A%D8%A7%D8%B3%D8%A9/658579/lebanon-s-grand-mufti-indian-ambassador-discuss-bi,20241012034425,cdx,0
https://www.nna-leb.gov.lb/en/%D8%B3%D9%8A%D8%A7%D8%B3%D8%A9/673540/bou-habib-lebanon-desires-complete-peace-not-parti,20241015114957,cdx,0
https://www.nna-leb.gov.lb/en/%D8%B3%D9%8A%D8%A7%D8%B3%D8%A9/676041/us-ambassador-visits-hariri-the-meeting-was-excell,20241012042839,cdx,0
https://www.nna-leb.gov.lb/en/%D8%B3%D9%8A%D8%A7%D8%B3%D8%A9/721096/bou-habib-urges-unhcr-to-intensify-efforts-for-saf,20241003231539,cdx,0
https://www.nna-leb.gov.lb/en/%D8%B3%D9%8A%D8%A7%D8%B3%D8%A9/725553/mikati-calls-for-collective-efforts-to-navigate-th,20241003233058,cdx,0
https://www.nna-leb.gov.lb/en/%D9%85%D8%AA%D9%81%D8%B1%D9%82%D8%A7%D8%AA/620227/health-ministry-announces-end-of-cholera-outbreak,20241009084235,cdx,0
https://www.nna-leb.gov.lb/en/%D9%85%D8%AA%D9%81%D8%B1%D9%82%D8%A7%D8%AA/641468/lebanese-army-enemy-gunboats-infiltrate-into-terri,20241012031434,cdx,0
https://www.nna-leb.gov.lb/en/%D9%85%D8%AA%D9%81%D8%B1%D9%82%D8%A7%D8%AA/647326/gisele-khoury-passes-away-leaving-behind-an-unforg,20241003222159,cdx,0
https://www.nna-leb.gov.lb/en/%D9%85%D8%AA%D9%81%D8%B1%D9%82%D8%A7%D8%AA/685098/the-united-states-through-usaid-partners-with-notr,20241012034046,cdx,0
https://www.nna-leb.gov.lb/en/agenda/607726/friday-april-14-2023,20241015121403,cdx,0
https://www.nna-leb.gov.lb/en/agenda/640652/thursday-september-21-2023,20241012033456,cdx,0
https://www.nna-leb.gov.lb/en/agenda/661212/monday-december-11-2023,20241015131732,cdx,0
https://www.nna-leb.gov.lb/en/economy/605435/executive-board-of-ogero-s-union-announces-suspens,20241015134346,cdx,0
https://www.nna-leb.gov.lb/en/economy/722542/beirut-airport-bans-pagers-walkie-talkies-on-all-f,20240920212720,cdx,1
https://www.nna-leb.gov.lb/en/education-and-culture/684985/echoes-of-expression-a-collective-exhibition-showc,20241015133339,cdx,0
https://www.nna-leb.gov.lb/en/education-and-culture/691653/ministry-of-communications-launches-internet-packa,20241003235936,cdx,0
https://www.nna-leb.gov.lb/en/education/640880/education-minister-announces-cessation-of-salary-d,20241003232126,cdx,0
https://www.nna-leb.gov.lb/en/education/676696/rebirth-beirut-presents-coup-de-coeur-art-exhibiti,20241012025557,cdx,0
https://www.nna-leb.gov.lb/en/international/571318/hurricane-roslyn-reaches-mexico-s-coast,20241015130540,cdx,0
https://www.nna-leb.gov.lb/en/international/577218/putin-patriarch-kirill-s-wise-words-strengthens-th?ref=pillarcatholic.com,20241003224512,cdx,0
https://www.nna-leb.gov.lb/en/international/616528/massive-building-fire-breaks-out-in-central-sydney,20241003224655,cdx,0
https://www.nna-leb.gov.lb/en/international/617893/germany-orders-closure-of-four-out-of-five-russian,20241015133853,cdx,0
https://www.nna-leb.gov.lb/en/international/675998/tmc-two-dead-9-injured-in-9-road-accidents-with-24,20241015122051,cdx,0
https://www.nna-leb.gov.lb/en/international/685065/nato-chief-urges-reliable-ukraine-support-as-100-b,20241006005526,cdx,0
https://www.nna-leb.gov.lb/en/international/722331/blinken-denies-us-knowledge-or-involvement-in-leba,20240920212611,cdx,0
https://www.nna-leb.gov.lb/en/justice-law/617686/german-ambassador-informs-justice-minister-about-i,20241003231244,cdx,0
https://www.nna-leb.gov.lb/en/justice-law/636382/riad-salameh-fails-to-appear-before-indictment-div,20241012025134,cdx,0
https://www.nna-leb.gov.lb/en/justice-law/722892/four-missiles-hit-the-targeted-building-in-beirut,20240922053050,cdx,0
https://www.nna-leb.gov.lb/en/justice-law/723501/moph-11-injured-in-israeli-enemy-airstrikes-on-ait,20241003122629,cdx,0
https://www.nna-leb.gov.lb/en/justice-law/723744/israeli-enemy-airstrike-targets-building-in-beirut,20241001003139,cdx,0
https://www.nna-leb.gov.lb/en/justice-law/724262/moph-three-martyrs-nine-injured-in-initial-toll-fr,20241003230142,cdx,0
https://www.nna-leb.gov.lb/en/justice-law/724898/security-update-family-of-nine-killed-in-israeli-e,20241007054637,cdx,0
https://www.nna-leb.gov.lb/en/justice-law/726093/security-update-israeli-airstrike-hits-ain-al-hilw,20241003224728,cdx,0
https://www.nna-leb.gov.lb/en/know-lebanon/225402/how-to-adopt-good-manners-in-the-times-of-covid-19,20241012022310,cdx,0
https://www.nna-leb.gov.lb/en/miscellaneous/579330/moph-11-new-cholera-cases,20241015120200,cdx,0
https://www.nna-leb.gov.lb/en/miscellaneous/675767/tmc-8-injured-in-6-road-accident-within-last-24-ho,20241003223420,cdx,0
https://www.nna-leb.gov.lb/en/parliamentary-elections/543053/national-moderation-list-mps-form-akkar-developme,20241012031635,cdx,0
https://www.nna-leb.gov.lb/en/politics/513797/bassil-accuses-house-speaker-of-forcibly-depriving,20241015122926,cdx,0
https://www.nna-leb.gov.lb/en/politics/617367/gemayel-directs-written-question-to-government-reg,20241003230835,cdx,0
https://www.nna-leb.gov.lb/en/politics/637150/nasrallah-meets-with-islamic-jihad-movement-secret,20241015125056,cdx,0
https://www.nna-leb.gov.lb/en/politics/653491/mikati-follows-up-on-latest-developments-with-iran,20240923120418,cdx,0
https://www.nna-leb.gov.lb/en/politics/659541/pm-mikati-working-to-enhance-health-and-environmen,20241003225716,cdx,0
https://www.nna-leb.gov.lb/en/politics/711483/sheikh-akl-abi-al-muna-condemns-attack-on-beirut-s,20241007055306,cdx,0
https://www.nna-leb.gov.lb/en/politics/723138/mikati-cancels-new-york-trip-says-no-higher-priori,20240930024249,cdx,0
https://www.nna-leb.gov.lb/en/politics/723138/mikati-cancels-new-york-trip-says-no-higher-priori?__cf_chl_tk=Zsxli970n0mXUjOnO0hLtHInQ0xFusaSMHDUKhKj1eQ-1727175088-0.0.1.1-8468,20240924154753,cdx,0
https://www.nna-leb.gov.lb/en/regional/575501/erdogan-officially-appoints-turkish-ambassador-to,20241007041120,cdx,0
https://www.nna-leb.gov.lb/en/regional/593070/two-iraqi-planes-loaded-with-humanitarian-aid-arri,20241015120720,cdx,0
https://www.nna-leb.gov.lb/en/security-law/659660/enemy-flares-over-western-central-sector-villages,20241015120330,cdx,0
https://www.nna-leb.gov.lb/en/show-news/106405/China-on-red-alert-as-Typhoon-Lekima-bears-down-on-east-coast,20241015113737,cdx,0
https://www.nna-leb.gov.lb/en/show-news/29602/Minieh-Akkar-road-opened,20241015132729,cdx,0
https://www.nna-leb.gov.lb/en/show-news/34398/Update-Two-critically-wounded-in-clashes-between-Zoayter-and-Jaafar-families-in-Baalbeck-39-Sharwaneh,20241006004541,cdx,0
https://www.nna-leb.gov.lb/en/show-news/34401/Dismantling-explosive-device-in-Tripoli-One-LAF-martyr,20241006011625,cdx,0
https://www.nna-leb.gov.lb/en/show-news/38445/LAF-Israeli-drone-violates-Lebanon-39-airspace,20241015134440,cdx,0
https://www.nna-leb.gov.lb/en/show-news/39866/Enemy-planes-breach-Baalbek-skies,20241015123321,cdx,0
https://www.nna-leb.gov.lb/en/show-news/44416/One-wanted-person-anti-drug-patrol-members-injured-in-chase-in-Brital,20241003220759,cdx,0
https://www.nna-leb.gov.lb/en/show-news/84921/Russians-oblivious-of-Lebanon-but-Maria-Ivanova-CEO-of-39-My-Lebanon-39-will-change-this-situation,20241012030818,cdx,0
https://www.nna-leb.gov.lb/en/twitter/508447/mikati-says-his-call-with-macron-bin-salman-an-imp,20241007042948,cdx,0
https://www.nna-leb.gov.lb/en/twitter/669518/hamieh-reassured-that-his-ministry-s-apparatuses-m,20241012043151,cdx,0
https://www.nna-leb.gov.lb/en/twitter/684105/army-killing-of-a-soldier-in-meshmesh-akkar-tracki,20241012042555,cdx,0
https://www.nna-leb.gov.lb/en/x-twitter/675238/geagea-to-berri-sole-solution-lies-in-an-election,20241015134155,cdx,0
https://www.nna-leb.gov.lb/en/x/683159/daou-time-to-end-disgraceful-stain-on-humanity-in,20241015125336,cdx,0
https://www.nna-leb.gov.lb/en/x/684105/army-killing-of-a-soldier-in-meshmesh-akkar-tracki,20241012022820,cdx,0
