url,title,relevance,fetch_route
https://www.mako.co.il/news-world/usa_elections/Article-e421fedc1a33d11004.htm,מי רוצה להיראות כמו שרה פיילין? | N12,,live
https://www.mako.co.il/news-world/usa_elections/Article-e0e8aa675216d11004.htm,Radware Block Page,,live
https://www.mako.co.il/news-world/usa_elections/Article-cef937a39394d11006.htm,Radware Block Page,,live
https://www.mako.co.il/news-world/usa_elections/Article-9f19ebf7432a191026.htm,Radware Block Page,,live
https://www.mako.co.il/news-world/usa_elections/Article-4193c4d6edd6d11004.htm,Radware Block Page,,live
https://www.mako.co.il/news-world/usa_elections-2024/Article-edba32fab4d2291026.htm,Radware Block Page,,live
https://www.mako.co.il/news-world/usa_elections-2024/Article-e4062ed5f140291027.htm,Radware Block Page,,live
https://www.mako.co.il/news-world/usa_elections-2024/Article-c38db4b57ed1291026.htm,Radware Block Page,,live
https://www.mako.co.il/news-world/usa_elections-2024/Article-a40e1123980a191027.htm,Radware Block Page,,live
https://www.mako.co.il/news-world/usa_elections-2024/Article-9a038d1afab0291027.htm,Radware Block Page,,live
https://www.mako.co.il/news-world/usa_elections-2024/Article-97832fedbad6191027.htm,Radware Block Page,,live
https://www.mako.co.il/news-world/usa_elections-2024/Article-75398aa0e951291027.htm,Radware Block Page,,live
https://www.mako.co.il/news-world/usa_elections-2024/Article-47ff5aef097d191026.htm,Radware Block Page,,live
https://www.mako.co.il/news-world/usa_elections-2024/Article-301a9e77f346191026.htm,Radware Block Page,,live
https://www.mako.co.il/news-world/usa_elections-2024/Article-286db78e6a04191027.htm,Radware Block Page,,live
https://www.mako.co.il/news-world/usa_elections-2024/Article-174220ff7aef191027.htm,Radware Block Page,,live
https://www.mako.co.il/news-world/usa_elections-2024/Article-0cd76140aa9f191027.htm,Radware Block Page,,live
https://www.mako.co.il/news-world/usa_elections-2024/Article-0bc1fcde0a29191027.htm,Radware Block Page,,live
https://www.mako.co.il/news-world/usa_elections-2024/Article-08f664c3430d191026.htm&utm_source=Whatsapp&utm_medium=Share,Radware Block Page,,live
https://www.mako.co.il/news-world/international/Article-fc6014b8a6ced11004.htm,Radware Block Page,,live
https://www.mako.co.il/news-world/international/Article-ab95af7e4702221004.htm,Radware Block Page,,live
https://www.mako.co.il/news-world/international/Article-9fe604bb2e02d11004.htm,Radware Block Page,,live
https://www.mako.co.il/news-world/international/Article-8c2e70a28ea9c11004.htm,Radware Block Page,,live
https://www.mako.co.il/news-world/international/Article-823e8e017396f11004.htm,Radware Block Page,,live
https://www.mako.co.il/news-world/international/Article-7519298ce343821004.htm,Radware Block Page,,live
https://www.mako.co.il/news-world/international/Article-70f9049a784fd11004.htm,Radware Block Page,,live
https://www.mako.co.il/news-world/international/Article-6d51325aeeaf721004.htm,Radware Block Page,,live
https://www.mako.co.il/news-world/international/Article-687fba62db77d21004.htm,Radware Block Page,,live
https://www.mako.co.il/news-world/international/Article-674190e42f4eb21004.htm,Radware Block Page,,live
https://www.mako.co.il/news-world/international/Article-66e32281519e821004.htm,Radware Block Page,,live
https://www.mako.co.il/news-world/international/Article-63c27a225305921004.htm,Radware Block Page,,live
https://www.mako.co.il/news-world/international/Article-622c845eb13cb21004.htm,Radware Block Page,,live
https://www.mako.co.il/news-world/international/Article-5e2629dd1897c21004.htm,Radware Block Page,,live
https://www.mako.co.il/news-world/international/Article-5dbfe02d742bf21004.htm,Radware Block Page,,live
https://www.mako.co.il/news-world/international/Article-5cbf96b3f1a6131004.htm,Radware Block Page,,live
https://www.mako.co.il/news-world/international/Article-5bcc276e193bc11004.htm,Radware Block Page,,live
https://www.mako.co.il/news-world/international/Article-5b8af7d81577e21004.htm,Radware Block Page,,live
https://www.mako.co.il/news-world/international/Article-50a48f060a5c921004.htm,Radware Block Page,,live
https://www.mako.co.il/news-world/international/Article-3d46b9b7b6cc921004.htm,Radware Block Page,,live
https://www.mako.co.il/news-world/international/Article-3974f92ef424131004.htm,Radware Block Page,,live
https://www.mako.co.il/news-world/international/Article-36f8b67a6295b21004.htm,Radware Block Page,,live
https://www.mako.co.il/news-world/international/Article-35c09d4a15a6921004.htm,Radware Block Page,,live
https://www.mako.co.il/news-world/international/Article-2f36dee0b9c6821004.htm,Radware Block Page,,live
https://www.mako.co.il/news-world/international/Article-2c88fbed7ea5a21004.htm,Radware Block Page,,live
https://www.mako.co.il/news-world/international/Article-2ad0261d5fcde11004.htm,Radware Block Page,,live
https://www.mako.co.il/news-world/international/Article-293e20e9d4ad031004.htm,Radware Block Page,,live
https://www.mako.co.il/news-world/international/Article-286902080de6e21004.htm,Radware Block Page,,live
https://www.mako.co.il/news-world/international/Article-2552a9d5f680921004.htm,Radware Block Page,,live
https://www.mako.co.il/news-world/international/Article-23fbc7228ae5c21004.htm,Radware Block Page,,live
https://www.mako.co.il/news-world/international/Article-22f677b7157ad11006.htm,Radware Block Page,,live
https://www.mako.co.il/news-world/international/Article-220a240e4a74521004.htm,Radware Block Page,,live
https://www.mako.co.il/news-world/international/Article-1eec815bb910d11006.htm,Radware Block Page,,live
https://www.mako.co.il/news-world/international/Article-1c507123ca94d11006.htm,Radware Block Page,,live
https://www.mako.co.il/news-world/international/Article-1ba25e5c6b7ec21004.htm,Radware Block Page,,live
https://www.mako.co.il/news-world/international/Article-166dd6f05ebc621004.htm,Radware Block Page,,live
https://www.mako.co.il/news-world/international/Article-15492e97d526d21004.htm,Radware Block Page,,live
https://www.mako.co.il/news-world/international/Article-14ed76bb8476821004.htm,Radware Block Page,,live
https://www.mako.co.il/news-world/international/Article-13627975ca2bd21004.htm,Radware Block Page,,live
https://www.mako.co.il/news-world/international/Article-11d524a77557d21004.htm,Radware Block Page,,live
https://www.mako.co.il/news-world/international/Article-08581ef9dff0721004.htm,Radware Block Page,,live
https://www.mako.co.il/news-world/international/Article-07ac273c533ba21004.htm,Radware Block Page,,live
https://www.mako.co.il/news-world/international/Article-04e449137763c21004.htm,Radware Block Page,,live
https://www.mako.co.il/news-world/international/Article-0310a162111af21004.htm,Radware Block Page,,live
https://www.mako.co.il/news-world/international/Article-02848e828213821004.htm,Radware Block Page,,live
https://www.mako.co.il/news-world/international/Article-005f2044612a921004.htm,Radware Block Page,,live
https://www.mako.co.il/news-world/international-q4_2018/Article-27d58866a4bc661004.htm,Radware Block Page,,live
https://www.mako.co.il/news-world/international-q4_2018/Article-1e04b2941104761004.htm,Radware Block Page,,live
https://www.mako.co.il/news-world/international-q4_2016/Article-59c0618ebc60851004.htm,Radware Block Page,,live
https://www.mako.co.il/news-world/international-q3_2019/Article-1e3e1ca6223bb61026.htm,Radware Block Page,,live
https://www.mako.co.il/news-world/international-q3_2015/Article-3d8866666598f41004.htm,Radware Block Page,,live
https://www.mako.co.il/news-world/international-q2_2019/Article-a409d1e61265b61026.htm,Radware Block Page,,live
https://www.mako.co.il/news-world/international-q2_2018/Article-614802134b9c361004.htm,Radware Block Page,,live
https://www.mako.co.il/news-world/international-q2_2017/Article-56d8ba5fcf11c51004.htm,Radware Block Page,,live
https://www.mako.co.il/news-world/international-q2_2015/Article-27981b426d83d41004.htm,Radware Block Page,,live
https://www.mako.co.il/news-world/international-q1_2019/Article-9725b0002c3d861004.htm,Radware Block Page,,live
https://www.mako.co.il/news-world/arab/Article-f19f806ba01f921004.htm,Radware Block Page,,live
https://www.mako.co.il/news-world/arab/Article-dfd165f85fae921004.htm,Radware Block Page,,live
https://www.mako.co.il/news-world/arab/Article-d0bb8c76cbdae11004.htm,Radware Block Page,,live
https://www.mako.co.il/news-world/arab/Article-5c544e997d55031004.htm,Radware Block Page,,live
https://www.mako.co.il/news-world/arab/Article-536ebae9724f031004.htm,Radware Block Page,,live
https://www.mako.co.il/news-world/arab/Article-4d4ee18d299bf21004.htm,Radware Block Page,,live
https://www.mako.co.il/news-world/arab/Article-40fb99b76dffe11004.htm,Radware Block Page,,live
https://www.mako.co.il/news-world/arab/Article-2de6ca700aefe11004.htm,Radware Block Page,,live
https://www.mako.co.il/news-world/arab/Article-2af2323b24cbc21004.htm,Radware Block Page,,live
https://www.mako.co.il/news-world/arab/Article-1717de0b01c9e11006.htm,Radware Block Page,,live
https://www.mako.co.il/news-world/arab/Article-114e941cda40721004.htm,Radware Block Page,,live
https://www.mako.co.il/news-world/arab-q4_2015/Article-a91afbd2f7cf051004.htm,Radware Block Page,,live
https://www.mako.co.il/news-world/arab-q2_2015/Article-784aeae848ccc41004.htm,Radware Block Page,,live
https://www.mako.co.il/news-world/arab-q1_2016/Article-8c44e627ba24351004.htm,Radware Block Page,,live
https://www.mako.co.il/news-world/arab-libya/Article-6155547355c7f21004.htm,Radware Block Page,,live
https://www.mako.co.il/news-world/2024_q4/Article-f852f4bbd774291027.htm,Radware Block Page,,live
https://www.mako.co.il/news-world/2024_q4/Article-e95b03275a94291026.htm,Radware Block Page,,live
https://www.mako.co.il/news-world/2024_q4/Article-e82dc77dc907291027.htm,Radware Block Page,,live
https://www.mako.co.il/news-world/2024_q4/Article-dac18afd9074291027.htm,Radware Block Page,,live
https://www.mako.co.il/news-world/2024_q4/Article-d07e430f3ef5291027.htm,Radware Block Page,,live
https://www.mako.co.il/news-world/2024_q4/Article-ce683fb98866291027.htm,Radware Block Page,,live
https://www.mako.co.il/news-world/2024_q4/Article-c6c66f095774291027.htm,Radware Block Page,,live
https://www.mako.co.il/news-world/2024_q4/Article-c177d8050906291027.htm,Radware Block Page,,live
https://www.mako.co.il/news-world/2024_q4/Article-be97d72af707291026.htm,Radware Block Page,,live
https://www.mako.co.il/news-world/2024_q4/Article-bbf659cb74c4291027.htm,Radware Block Page,,live
https://www.mako.co.il/news-world/2024_q4/Article-b954ca12fa92291026.htm,Radware Block Page,,live
https://www.mako.co.il/news-world/2024_q4/Article-afc20a6b4a54291026.htm,Radware Block Page,,live
https://www.mako.co.il/news-world/2024_q4/Article-a72d6b9f2207291027.htm,Radware Block Page,,live
https://www.mako.co.il/news-world/2024_q4/Article-a35afabc1b74291027.htm,Radware Block Page,,live
https://www.mako.co.il/news-world/2024_q4/Article-a349fde0fd47291027.htm,Radware Block Page,,live
https://www.mako.co.il/news-world/2024_q4/Article-9f0d2341a096291026.htm,Radware Block Page,,live
https://www.mako.co.il/news-world/2024_q4/Article-9c52d527e6c3291027.htm,Radware Block Page,,live
https://www.mako.co.il/news-world/2024_q4/Article-9bb23cca8233291026.htm,Radware Block Page,,live
https://www.mako.co.il/news-world/2024_q4/Article-9a09b73252a6291026.htm,Radware Block Page,,live
https://www.mako.co.il/news-world/2024_q4/Article-9962171a2e56291026.htm,Radware Block Page,,live
https://www.mako.co.il/news-world/2024_q4/Article-97f1875ecb35291027.htm,Radware Block Page,,live
https://www.mako.co.il/news-world/2024_q4/Article-9136f56e0e35291026.htm,Radware Block Page,,live
https://www.mako.co.il/news-world/2024_q4/Article-8f01cd0f5507291027.htm,Radware Block Page,,live
https://www.mako.co.il/news-world/2024_q4/Article-8e00d3805166291026.htm,Radware Block Page,,live
https://www.mako.co.il/news-world/2024_q4/Article-88cd4867df74291026.htm,Radware Block Page,,live
https://www.mako.co.il/news-world/2024_q4/Article-86a9fa8395c6291026.htm,Radware Block Page,,live
https://www.mako.co.il/news-world/2024_q4/Article-7dc1d23ee364291027.htm,Radware Block Page,,live
https://www.mako.co.il/news-world/2024_q4/Article-7cfff85554f6291026.htm,Radware Block Page,,live
https://www.mako.co.il/news-world/2024_q4/Article-7cf3942a5495291027.htm,Radware Block Page,,live
https://www.mako.co.il/news-world/2024_q4/Article-778ac87ff584291026.htm,Radware Block Page,,live
https://www.mako.co.il/news-world/2024_q4/Article-774085ccd6b6291026.htm,Radware Block Page,,live
https://www.mako.co.il/news-world/2024_q4/Article-7731b76fa135291026.htm,Radware Block Page,,live
https://www.mako.co.il/news-world/2024_q4/Article-763c590c89b4291027.htm,Radware Block Page,,live
https://www.mako.co.il/news-world/2024_q4/Article-72f6882a54b6291026.htm,Radware Block Page,,live
https://www.mako.co.il/news-world/2024_q4/Article-6ffffdbfbec4291027.htm,Radware Block Page,,live
https://www.mako.co.il/news-world/2024_q4/Article-6c53b56432e5291026.htm,Radware Block Page,,live
https://www.mako.co.il/news-world/2024_q4/Article-68be2d0447b4291027.htm,Radware Block Page,,live
https://www.mako.co.il/news-world/2024_q4/Article-6819dd394625291026.htm,Radware Block Page,,live
https://www.mako.co.il/news-world/2024_q4/Article-6761a9652376291027.htm,Radware Block Page,,live
https://www.mako.co.il/news-world/2024_q4/Article-64978104e184291027.htm,Radware Block Page,,live
https://www.mako.co.il/news-world/2024_q4/Article-5e4b1f963a06291027.htm,Radware Block Page,,live
https://www.mako.co.il/news-world/2024_q4/Article-5bfd9e68e874291026.htm,Radware Block Page,,live
https://www.mako.co.il/news-world/2024_q4/Article-5be4ec944ac4291026.htm,Radware Block Page,,live
https://www.mako.co.il/news-world/2024_q4/Article-5bc6d505f5e4291027.htm,Radware Block Page,,live
https://www.mako.co.il/news-world/2024_q4/Article-5ab9d23ee364291027.htm,Radware Block Page,,live
https://www.mako.co.il/news-world/2024_q4/Article-59004470e026291027.htm,Radware Block Page,,live
https://www.mako.co.il/news-world/2024_q4/Article-581ebb409f56291027.htm,Radware Block Page,,live
https://www.mako.co.il/news-world/2024_q4/Article-57d17e96bbf6291026.htm,Radware Block Page,,live
https://www.mako.co.il/news-world/2024_q4/Article-573bb1626fa6291027.htm,Radware Block Page,,live
https://www.mako.co.il/news-world/2024_q4/Article-522ef5d45557291027.htm,Radware Block Page,,live
https://www.mako.co.il/news-world/2024_q4/Article-4dfa1379e484291027.htm,Radware Block Page,,live
https://www.mako.co.il/news-world/2024_q4/Article-4c4987aff007291026.htm,Radware Block Page,,live
https://www.mako.co.il/news-world/2024_q4/Article-43e771f6d866291026.htm,Radware Block Page,,live
https://www.mako.co.il/news-world/2024_q4/Article-433f43d6e2b6291027.htm,Radware Block Page,,live
https://www.mako.co.il/news-world/2024_q4/Article-297638e40fd6291026.htm,Radware Block Page,,live
https://www.mako.co.il/news-world/2024_q4/Article-24fc85ccd6b6291026.htm,Radware Block Page,,live
https://www.mako.co.il/news-world/2024_q4/Article-1eaae8f39b07291027.htm,Radware Block Page,,live
https://www.mako.co.il/news-world/2024_q4/Article-1ab1942a5495291027.htm,Radware Block Page,,live
https://www.mako.co.il/news-world/2024_q4/Article-1985b595ad22291026.htm,Radware Block Page,,live
https://www.mako.co.il/news-world/2024_q4/Article-170b10879306291027.htm,Radware Block Page,,live
https://www.mako.co.il/news-world/2024_q4/Article-117416a92f56291026.htm,Radware Block Page,,live
https://www.mako.co.il/news-world/2024_q4/Article-103fb56432e5291026.htm,Radware Block Page,,live
https://www.mako.co.il/news-world/2024_q4/Article-0ce205df2ed4291027.htm,Radware Block Page,,live
https://www.mako.co.il/news-world/2024_q4/Article-0760fe2cf394291026.htm,Radware Block Page,,live
https://www.mako.co.il/news-world/2024_q4/Article-06bbdaa80cc5291027.htm,Radware Block Page,,live
https://www.mako.co.il/news-world/2024_q3/Article-ff05bbd8de6f191027.htm,Radware Block Page,,live
https://www.mako.co.il/news-world/2024_q3/Article-fde98be9a0e1291027.htm,Radware Block Page,,live
https://www.mako.co.il/news-world/2024_q3/Article-f8d1e2385782291027.htm,Radware Block Page,,live
https://www.mako.co.il/news-world/2024_q3/Article-f8a9775e6fef191026.htm,Radware Block Page,,live
https://www.mako.co.il/news-world/2024_q3/Article-f7a08fbde76e191026.htm,Radware Block Page,,live
https://www.mako.co.il/news-world/2024_q3/Article-f625623af381291027.htm,Radware Block Page,,live
https://www.mako.co.il/news-world/2024_q3/Article-f345a40f9554191027.htm,Radware Block Page,,live
https://www.mako.co.il/news-world/2024_q3/Article-f26a54ff59c3291027.htm,Radware Block Page,,live
https://www.mako.co.il/news-world/2024_q3/Article-f25c9dea1201191026.htm,Radware Block Page,,live
https://www.mako.co.il/news-world/2024_q3/Article-f1f705b973e6191027.htm,Radware Block Page,,live
https://www.mako.co.il/news-world/2024_q3/Article-efa5b045b2f1291027.htm,Radware Block Page,,live
https://www.mako.co.il/news-world/2024_q3/Article-ef30fad8853b191026.htm,Radware Block Page,,live
https://www.mako.co.il/news-world/2024_q3/Article-ec907097e94f191026.htm,Radware Block Page,,live
https://www.mako.co.il/news-world/2024_q3/Article-ebb814ca7e81291026.htm,Radware Block Page,,live
https://www.mako.co.il/news-world/2024_q3/Article-eb624cc47ab2291026.htm,Radware Block Page,,live
https://www.mako.co.il/news-world/2024_q3/Article-eaae06e2e99f191026.htm,Radware Block Page,,live
https://www.mako.co.il/news-world/2024_q3/Article-e9c817f02a4f191027.htm,Radware Block Page,,live
https://www.mako.co.il/news-world/2024_q3/Article-e9b0a1a795c1191027.htm,Radware Block Page,,live
https://www.mako.co.il/news-world/2024_q3/Article-e8c4ac3c2353291026.htm,Radware Block Page,,live
https://www.mako.co.il/news-world/2024_q3/Article-e7b3a72c51e2291027.htm,Radware Block Page,,live
https://www.mako.co.il/news-world/2024_q3/Article-e5d4d98bc67b191027.htm,Radware Block Page,,live
https://www.mako.co.il/news-world/2024_q3/Article-e46c891343d2291027.htm,Radware Block Page,,live
https://www.mako.co.il/news-world/2024_q3/Article-e3475116eef4191026.htm,Radware Block Page,,live
https://www.mako.co.il/news-world/2024_q3/Article-e3247890c4e9191027.htm,Radware Block Page,,live
https://www.mako.co.il/news-world/2024_q3/Article-e2bdc2e285e1291027.htm,Radware Block Page,,live
https://www.mako.co.il/news-world/2024_q3/Article-e2a7a617ec6b191027.htm,Radware Block Page,,live
https://www.mako.co.il/news-world/2024_q3/Article-e264a0e7a45f191026.htm,Radware Block Page,,live
https://www.mako.co.il/news-world/2024_q3/Article-e232188e113f191026.htm,Radware Block Page,,live
https://www.mako.co.il/news-world/2024_q3/Article-e07202cceb92291027.htm,Radware Block Page,,live
https://www.mako.co.il/news-world/2024_q3/Article-e06e75d3381b191026.htm,Radware Block Page,,live
https://www.mako.co.il/news-world/2024_q3/Article-e0344f019590291026.htm,Radware Block Page,,live
https://www.mako.co.il/news-world/2024_q3/Article-de1426650577191027.htm,Radware Block Page,,live
https://www.mako.co.il/news-world/2024_q3/Article-dd97327a0a91291026.htm,Radware Block Page,,live
https://www.mako.co.il/news-world/2024_q3/Article-d98e6fee4683291026.htm,Radware Block Page,,live
https://www.mako.co.il/news-world/2024_q3/Article-d8a5b4a20267191026.htm,Radware Block Page,,live
https://www.mako.co.il/news-world/2024_q3/Article-d5bc4191915f191026.htm,Radware Block Page,,live
https://www.mako.co.il/news-world/2024_q3/Article-d436a11dd6f6191027.htm,Radware Block Page,,live
https://www.mako.co.il/news-world/2024_q3/Article-d422eeb35dd9191026.htm,Radware Block Page,,live
https://www.mako.co.il/news-world/2024_q3/Article-d300ceb6b7af191026.htm,Radware Block Page,,live
https://www.mako.co.il/news-world/2024_q3/Article-d07f73b760bf191026.htm,Radware Block Page,,live
https://www.mako.co.il/news-world/2024_q3/Article-ce0249d23c82291027.htm,Radware Block Page,,live
https://www.mako.co.il/news-world/2024_q3/Article-cc220a2f7324291026.htm,Radware Block Page,,live
https://www.mako.co.il/news-world/2024_q3/Article-cbf74320bc73291026.htm,Radware Block Page,,live
https://www.mako.co.il/news-world/2024_q3/Article-cb41272c8091291026.htm,Radware Block Page,,live
https://www.mako.co.il/news-world/2024_q3/Article-c986be0832c3291026.htm&utm_source=Twitter&utm_medium=Share,Radware Block Page,,live
https://www.mako.co.il/news-world/2024_q3/Article-c986be0832c3291026.htm,Radware Block Page,,live
https://www.mako.co.il/news-world/2024_q3/Article-c947c82968e1291026.htm,Radware Block Page,,live
https://www.mako.co.il/news-world/2024_q3/Article-c7bf6f8e9252291026.htm,Radware Block Page,,live
https://www.mako.co.il/news-world/2024_q3/Article-c786032c7ad3291027.htm,Radware Block Page,,live
https://www.mako.co.il/news-world/2024_q3/Article-c749f8d599d3291027.htm,Radware Block Page,,live
https://www.mako.co.il/news-world/2024_q3/Article-c50b5d378591291026.htm,Radware Block Page,,live
https://www.mako.co.il/news-world/2024_q3/Article-c4ee0a9901f0291027.htm,Radware Block Page,,live
https://www.mako.co.il/news-world/2024_q3/Article-c46035bdf9c9191026.htm,Radware Block Page,,live
https://www.mako.co.il/news-world/2024_q3/Article-c449d0224205191026.htm,Radware Block Page,,live
https://www.mako.co.il/news-world/2024_q3/Article-c3abb0fc2d63191026.htm,Radware Block Page,,live
https://www.mako.co.il/news-world/2024_q3/Article-c09823b7dd81291026.htm,Radware Block Page,,live
https://www.mako.co.il/news-world/2024_q3/Article-c016f5ddc5a5191026.htm,Radware Block Page,,live
https://www.mako.co.il/news-world/2024_q3/Article-bfb3f8d599d3291027.htm,Radware Block Page,,live
https://www.mako.co.il/news-world/2024_q3/Article-bee4ec069b28191027.htm,Radware Block Page,,live
https://www.mako.co.il/news-world/2024_q3/Article-be69ab0e44e9191027.htm,Radware Block Page,,live
https://www.mako.co.il/news-world/2024_q3/Article-bd8fa07eb5d1191026.htm,Radware Block Page,,live
https://www.mako.co.il/news-world/2024_q3/Article-bca24db46d9f191026.htm,Radware Block Page,,live
https://www.mako.co.il/news-world/2024_q3/Article-ba7349d8b533291026.htm,Radware Block Page,,live
https://www.mako.co.il/news-world/2024_q3/Article-b9f15c373bd8191026.htm,Radware Block Page,,live
https://www.mako.co.il/news-world/2024_q3/Article-b98b9fc1c24f191027.htm,Radware Block Page,,live
https://www.mako.co.il/news-world/2024_q3/Article-b6de093ec1e3291026.htm,Radware Block Page,,live
https://www.mako.co.il/news-world/2024_q3/Article-b6c75d77a82e191027.htm,Radware Block Page,,live
https://www.mako.co.il/news-world/2024_q3/Article-b47f5d2c93ed191027.htm,Radware Block Page,,live
https://www.mako.co.il/news-world/2024_q3/Article-b37ba573f383191026.htm,Radware Block Page,,live
https://www.mako.co.il/news-world/2024_q3/Article-b29edce51380291026.htm,Radware Block Page,,live
https://www.mako.co.il/news-world/2024_q3/Article-b27ad9294d70191027.htm,Radware Block Page,,live
https://www.mako.co.il/news-world/2024_q3/Article-b187bfc50d9e191027.htm,Radware Block Page,,live
https://www.mako.co.il/news-world/2024_q3/Article-b13ba12eedc3291027.htm,Radware Block Page,,live
https://www.mako.co.il/news-world/2024_q3/Article-aeab5c9c4556191027.htm,Radware Block Page,,live
https://www.mako.co.il/news-world/2024_q3/Article-ae4d2193f3e2291026.htm,Radware Block Page,,live
https://www.mako.co.il/news-world/2024_q3/Article-abb9624c7a22291027.htm,Radware Block Page,,live
https://www.mako.co.il/news-world/2024_q3/Article-aaec9b3597a4191027.htm,Radware Block Page,,live
https://www.mako.co.il/news-world/2024_q3/Article-aa54a6ab5cbd191027.htm,Radware Block Page,,live
https://www.mako.co.il/news-world/2024_q3/Article-aa2db1c29242291026.htm,Radware Block Page,,live
https://www.mako.co.il/news-world/2024_q3/Article-a9b6c6cdab4b091027.htm,Radware Block Page,,live
https://www.mako.co.il/news-world/2024_q3/Article-a8f67a58b692291027.htm,Radware Block Page,,live
https://www.mako.co.il/news-world/2024_q3/Article-a8785aae51a4191027.htm,Radware Block Page,,live
https://www.mako.co.il/news-world/2024_q3/Article-a649b1416704191027.htm,Radware Block Page,,live
https://www.mako.co.il/news-world/2024_q3/Article-a5156041bc72291026.htm,Radware Block Page,,live
https://www.mako.co.il/news-world/2024_q3/Article-a4f36f8b5947191026.htm,Radware Block Page,,live
https://www.mako.co.il/news-world/2024_q3/Article-a3f2c64f48bf191026.htm,Radware Block Page,,live
https://www.mako.co.il/news-world/2024_q3/Article-a085727edd5f191026.htm,Radware Block Page,,live
https://www.mako.co.il/news-world/2024_q3/Article-9ffb065e8fd0291027.htm,Radware Block Page,,live
https://www.mako.co.il/news-world/2024_q3/Article-9da242508a8f191026.htm,Radware Block Page,,live
https://www.mako.co.il/news-world/2024_q3/Article-9ce2da8f8f53191027.htm,Radware Block Page,,live
https://www.mako.co.il/news-world/2024_q3/Article-9c7783e83440291026.htm,Radware Block Page,,live
https://www.mako.co.il/news-world/2024_q3/Article-9c29cd1e8224291026.htm,Radware Block Page,,live
https://www.mako.co.il/news-world/2024_q3/Article-9b67cfd049e8191026.htm,Radware Block Page,,live
https://www.mako.co.il/news-world/2024_q3/Article-9b2cf9e5bb1d191027.htm,Radware Block Page,,live
https://www.mako.co.il/news-world/2024_q3/Article-9a47d17a6552291026.htm,Radware Block Page,,live
https://www.mako.co.il/news-world/2024_q3/Article-9a13f194b040291027.htm,Radware Block Page,,live
https://www.mako.co.il/news-world/2024_q3/Article-969e7cc20ed0291027.htm,Radware Block Page,,live
https://www.mako.co.il/news-world/2024_q3/Article-95de3dae4cd1291026.htm,Radware Block Page,,live
https://www.mako.co.il/news-world/2024_q3/Article-958278d0035b191027.htm,Radware Block Page,,live
https://www.mako.co.il/news-world/2024_q3/Article-9393baca2883291026.htm,Radware Block Page,,live
https://www.mako.co.il/news-world/2024_q3/Article-8ee2f194b040291027.htm,Radware Block Page,,live
https://www.mako.co.il/news-world/2024_q3/Article-8d9c149cdf74191026.htm,Radware Block Page,,live
https://www.mako.co.il/news-world/2024_q3/Article-8b01551a0424291027.htm,Radware Block Page,,live
https://www.mako.co.il/news-world/2024_q3/Article-8afed7d70655191027.htm,Radware Block Page,,live
https://www.mako.co.il/news-world/2024_q3/Article-8a10a66a91ff191026.htm,Radware Block Page,,live
https://www.mako.co.il/news-world/2024_q3/Article-89499cb5adef191026.htm,Radware Block Page,,live
https://www.mako.co.il/news-world/2024_q3/Article-86da3cbebd14291026.htm,Radware Block Page,,live
https://www.mako.co.il/news-world/2024_q3/Article-856be55dd67d191026.htm,Radware Block Page,,live
https://www.mako.co.il/news-world/2024_q3/Article-839d6445b1af191026.htm,Radware Block Page,,live
https://www.mako.co.il/news-world/2024_q3/Article-8373b8a7ce4f191026.htm,Radware Block Page,,live
https://www.mako.co.il/news-world/2024_q3/Article-82c688b35532291026.htm,Radware Block Page,,live
https://www.mako.co.il/news-world/2024_q3/Article-81ad30025737191026.htm,Radware Block Page,,live
https://www.mako.co.il/news-world/2024_q3/Article-7df483172942291026.htm,Radware Block Page,,live
https://www.mako.co.il/news-world/2024_q3/Article-7c194985b40b191027.htm,Radware Block Page,,live
https://www.mako.co.il/news-world/2024_q3/Article-7b8fc08293ff191026.htm,Radware Block Page,,live
https://www.mako.co.il/news-world/2024_q3/Article-7aaeda405a1b191027.htm,Radware Block Page,,live
https://www.mako.co.il/news-world/2024_q3/Article-7aaa5903351b191026.htm,Radware Block Page,,live
https://www.mako.co.il/news-world/2024_q3/Article-7903c68b5db6191027.htm,Radware Block Page,,live
https://www.mako.co.il/news-world/2024_q3/Article-7833e5d576f1291026.htm,Radware Block Page,,live
https://www.mako.co.il/news-world/2024_q3/Article-77369e77ff11191027.htm,Radware Block Page,,live
https://www.mako.co.il/news-world/2024_q3/Article-768162cc1d3a191026.htm,Radware Block Page,,live
https://www.mako.co.il/news-world/2024_q3/Article-74c9e589ce40291026.htm,Radware Block Page,,live
https://www.mako.co.il/news-world/2024_q3/Article-749dba1d13b4191026.htm,Radware Block Page,,live
https://www.mako.co.il/news-world/2024_q3/Article-7419e6c3319d191027.htm,Radware Block Page,,live
https://www.mako.co.il/news-world/2024_q3/Article-7392ad99042b191027.htm,Radware Block Page,,live
https://www.mako.co.il/news-world/2024_q3/Article-739030cf9945191027.htm,Radware Block Page,,live
https://www.mako.co.il/news-world/2024_q3/Article-72456f0705f1291027.htm,Radware Block Page,,live
https://www.mako.co.il/news-world/2024_q3/Article-70aa17ec7dba191027.htm,Radware Block Page,,live
https://www.mako.co.il/news-world/2024_q3/Article-6fd86ee33987191027.htm,Radware Block Page,,live
https://www.mako.co.il/news-world/2024_q3/Article-6f952ffa9ce1291027.htm,Radware Block Page,,live
https://www.mako.co.il/news-world/2024_q3/Article-6e12626b03bb191026.htm,Radware Block Page,,live
https://www.mako.co.il/news-world/2024_q3/Article-6bfbd2e72bd1291027.htm,Radware Block Page,,live
https://www.mako.co.il/news-world/2024_q3/Article-68b0c6d95dc2291026.htm,Radware Block Page,,live
https://www.mako.co.il/news-world/2024_q3/Article-682e73d64351291027.htm,Radware Block Page,,live
https://www.mako.co.il/news-world/2024_q3/Article-65c234263c1a191027.htm,Radware Block Page,,live
https://www.mako.co.il/news-world/2024_q3/Article-6577efef6f34291026.htm,Radware Block Page,,live
https://www.mako.co.il/news-world/2024_q3/Article-656a01ea6dff191027.htm,Radware Block Page,,live
https://www.mako.co.il/news-world/2024_q3/Article-645ebe0832c3291026.htm,Radware Block Page,,live
https://www.mako.co.il/news-world/2024_q3/Article-64186b01c326191027.htm,Radware Block Page,,live
https://www.mako.co.il/news-world/2024_q3/Article-6415757c0ba4191027.htm,Radware Block Page,,live
https://www.mako.co.il/news-world/2024_q3/Article-62d5acf10629191026.htm,Radware Block Page,,live
https://www.mako.co.il/news-world/2024_q3/Article-618460613e56191026.htm,Radware Block Page,,live
https://www.mako.co.il/news-world/2024_q3/Article-612dae91b980291027.htm,Radware Block Page,,live
https://www.mako.co.il/news-world/2024_q3/Article-5a1d2880fe72291027.htm,Radware Block Page,,live
https://www.mako.co.il/news-world/2024_q3/Article-59f8b2ed5f13291026.htm,Radware Block Page,,live
https://www.mako.co.il/news-world/2024_q3/Article-590154eb7191291026.htm,Radware Block Page,,live
https://www.mako.co.il/news-world/2024_q3/Article-57b5d69fc4d1291027.htm,Radware Block Page,,live
https://www.mako.co.il/news-world/2024_q3/Article-5593ee5a5339191027.htm,Radware Block Page,,live
https://www.mako.co.il/news-world/2024_q3/Article-553f91c1a765191026.htm,Radware Block Page,,live
https://www.mako.co.il/news-world/2024_q3/Article-5518d589a460291026.htm,Radware Block Page,,live
https://www.mako.co.il/news-world/2024_q3/Article-532e319ea68f191026.htm,Radware Block Page,,live
https://www.mako.co.il/news-world/2024_q3/Article-525ac08293ff191026.htm,Radware Block Page,,live
https://www.mako.co.il/news-world/2024_q3/Article-513f0dde0c00291026.htm,Radware Block Page,,live
https://www.mako.co.il/news-world/2024_q3/Article-50b5091b41c0291027.htm,Radware Block Page,,live
https://www.mako.co.il/news-world/2024_q3/Article-503df89d27ff191026.htm,Radware Block Page,,live
https://www.mako.co.il/news-world/2024_q3/Article-4682c93950e3291027.htm,Radware Block Page,,live
https://www.mako.co.il/news-world/2024_q3/Article-45e1649130e9191027.htm,Radware Block Page,,live
https://www.mako.co.il/news-world/2024_q3/Article-43cc387af342291026.htm,Radware Block Page,,live
https://www.mako.co.il/news-world/2024_q3/Article-4269dbd9d54d091026.htm,Radware Block Page,,live
https://www.mako.co.il/news-world/2024_q3/Article-41ccfec9a760291027.htm,Radware Block Page,,live
https://www.mako.co.il/news-world/2024_q3/Article-4193504aba6b191027.htm,Radware Block Page,,live
https://www.mako.co.il/news-world/2024_q3/Article-402b384d6b11291027.htm,Radware Block Page,,live
https://www.mako.co.il/news-world/2024_q3/Article-3ef69ae37382291027.htm,Radware Block Page,,live
https://www.mako.co.il/news-world/2024_q3/Article-3c5a235e5a12191027.htm,Radware Block Page,,live
https://www.mako.co.il/news-world/2024_q3/Article-3becbcad8d55191026.htm,Radware Block Page,,live
https://www.mako.co.il/news-world/2024_q3/Article-3ab386139800291026.htm,Radware Block Page,,live
https://www.mako.co.il/news-world/2024_q3/Article-39793490e3bf191026.htm,Radware Block Page,,live
https://www.mako.co.il/news-world/2024_q3/Article-37c3dd032a36191027.htm,Radware Block Page,,live
https://www.mako.co.il/news-world/2024_q3/Article-37bb4f4e9582291026.htm,Radware Block Page,,live
https://www.mako.co.il/news-world/2024_q3/Article-33b8570fb0d0291027.htm,Radware Block Page,,live
https://www.mako.co.il/news-world/2024_q3/Article-31d93c6fef50291027.htm,Radware Block Page,,live
https://www.mako.co.il/news-world/2024_q3/Article-317b387460d3291027.htm,Radware Block Page,,live
https://www.mako.co.il/news-world/2024_q3/Article-30462e19b838191026.htm,Radware Block Page,,live
https://www.mako.co.il/news-world/2024_q3/Article-2dc58cb9a5c7191026.htm,Radware Block Page,,live
https://www.mako.co.il/news-world/2024_q3/Article-2cb848858104191026.htm,Radware Block Page,,live
https://www.mako.co.il/news-world/2024_q3/Article-2bc18cd5cd25191027.htm,Radware Block Page,,live
https://www.mako.co.il/news-world/2024_q3/Article-294d76366f62291026.htm,Radware Block Page,,live
https://www.mako.co.il/news-world/2024_q3/Article-290e07e3b722291027.htm&utm_source=Twitter&utm_medium=Share,Radware Block Page,,live
https://www.mako.co.il/news-world/2024_q3/Article-290e07e3b722291027.htm&utm_source=Twitter&utm_,Radware Block Page,,live
https://www.mako.co.il/news-world/2024_q3/Article-290e07e3b722291027.htm&utm_,Radware Block Page,,live
https://www.mako.co.il/news-world/2024_q3/Article-290e07e3b722291027.htm,Radware Block Page,,live
https://www.mako.co.il/news-world/2024_q3/Article-28cfebc4a4da191027.htm,Radware Block Page,,live
https://www.mako.co.il/news-world/2024_q3/Article-270049a44c80291027.htm,Radware Block Page,,live
https://www.mako.co.il/news-world/2024_q3/Article-253476c561a0291027.htm,Radware Block Page,,live
https://www.mako.co.il/news-world/2024_q3/Article-245fcb71fe48191027.htm,Radware Block Page,,live
https://www.mako.co.il/news-world/2024_q3/Article-245cb31b10c8091027.htm,Radware Block Page,,live
https://www.mako.co.il/news-world/2024_q3/Article-23b67d7584e6191027.htm,Radware Block Page,,live
https://www.mako.co.il/news-world/2024_q3/Article-2213164a94d4191026.htm,Radware Block Page,,live
https://www.mako.co.il/news-world/2024_q3/Article-213c57e19b22291026.htm,Radware Block Page,,live
https://www.mako.co.il/news-world/2024_q3/Article-1d49857360a0291027.htm,Radware Block Page,,live
https://www.mako.co.il/news-world/2024_q3/Article-1b96664ecd73291026.htm,Radware Block Page,,live
https://www.mako.co.il/news-world/2024_q3/Article-18917b2f7140291026.htm,Radware Block Page,,live
https://www.mako.co.il/news-world/2024_q3/Article-178a94ac1e54191026.htm,Radware Block Page,,live
https://www.mako.co.il/news-world/2024_q3/Article-173cb2715351291026.htm,Radware Block Page,,live
https://www.mako.co.il/news-world/2024_q3/Article-16c6a5892e30291027.htm,Radware Block Page,,live
https://www.mako.co.il/news-world/2024_q3/Article-145b5355acda191026.htm,Radware Block Page,,live
https://www.mako.co.il/news-world/2024_q3/Article-140687cabc05191026.htm,Radware Block Page,,live
https://www.mako.co.il/news-world/2024_q3/Article-12b085518118191026.htm,Radware Block Page,,live
https://www.mako.co.il/news-world/2024_q3/Article-125ba04dd990291027.htm,Radware Block Page,,live
https://www.mako.co.il/news-world/2024_q3/Article-10dc0934df34291027.htm,Radware Block Page,,live
https://www.mako.co.il/news-world/2024_q3/Article-10cc7b82b3b6191027.htm,Radware Block Page,,live
https://www.mako.co.il/news-world/2024_q3/Article-0f35c1d8c4c6291026.htm,Radware Block Page,,live
https://www.mako.co.il/news-world/2024_q3/Article-0ef6241fb99f191027.htm,Radware Block Page,,live
https://www.mako.co.il/news-world/2024_q3/Article-0ea8fc0b1c81291027.htm,Radware Block Page,,live
https://www.mako.co.il/news-world/2024_q3/Article-0d5d3dcfdd80291027.htm,Radware Block Page,,live
https://www.mako.co.il/news-world/2024_q3/Article-0d481608d430291026.htm,Radware Block Page,,live
https://www.mako.co.il/news-world/2024_q3/Article-0d2bbc780aff191026.htm,Radware Block Page,,live
https://www.mako.co.il/news-world/2024_q3/Article-0cb7cea99796191027.htm,Radware Block Page,,live
https://www.mako.co.il/news-world/2024_q3/Article-0caac5b18535191027.htm,Radware Block Page,,live
https://www.mako.co.il/news-world/2024_q3/Article-0bc55eedfc82291027.htm,Radware Block Page,,live
https://www.mako.co.il/news-world/2024_q3/Article-0b777eaf07ad191026.htm,Radware Block Page,,live
https://www.mako.co.il/news-world/2024_q3/Article-0ade553ca385191027.htm,Radware Block Page,,live
https://www.mako.co.il/news-world/2024_q3/Article-09bc0f0f3906191026.htm,Radware Block Page,,live
https://www.mako.co.il/news-world/2024_q3/Article-07647ede50c4191026.htm,Radware Block Page,,live
https://www.mako.co.il/news-world/2024_q3/Article-075c06be46ca191027.htm,Radware Block Page,,live
https://www.mako.co.il/news-world/2024_q3/Article-050266ed3c30291026.htm,Radware Block Page,,live
https://www.mako.co.il/news-world/2024_q3/Article-03d481e62f30291027.htm,Radware Block Page,,live
https://www.mako.co.il/news-world/2024_q3/Article-03a6957feaa0291027.htm,Radware Block Page,,live
https://www.mako.co.il/news-world/2024_q3/Article-01b51f221ac0191026.htm,Radware Block Page,,live
https://www.mako.co.il/news-world/2024_q2/Article-fab501dbb6ae191026.htm,Radware Block Page,,live
https://www.mako.co.il/news-world/2024_q2/Article-f2ff12d24a80291026.htm,Radware Block Page,,live
https://www.mako.co.il/news-world/2024_q2/Article-dbefe8df01c0091026.htm,Radware Block Page,,live
https://www.mako.co.il/news-world/2024_q2/Article-c97d8dec50d5191026.htm,Radware Block Page,,live
https://www.mako.co.il/news-world/2024_q2/Article-c6f507df3534291026.htm,Radware Block Page,,live
https://www.mako.co.il/news-world/2024_q2/Article-c507ce996e70191027.htm,Radware Block Page,,live
https://www.mako.co.il/news-world/2024_q2/Article-b5389e99c610291027.htm,Radware Block Page,,live
https://www.mako.co.il/news-world/2024_q2/Article-a07e0e52bd40291027.htm,Radware Block Page,,live
https://www.mako.co.il/news-world/2024_q2/Article-9ff4cba9d779191026.htm,Radware Block Page,,live
https://www.mako.co.il/news-world/2024_q2/Article-93520579b446f81027.htm,Radware Block Page,,live
https://www.mako.co.il/news-world/2024_q2/Article-895ed341d959f81027.htm,Radware Block Page,,live
https://www.mako.co.il/news-world/2024_q2/Article-87d105780e70091026.htm,Radware Block Page,,live
https://www.mako.co.il/news-world/2024_q2/Article-6fb0e1b5b707f81026.htm,Radware Block Page,,live
https://www.mako.co.il/news-world/2024_q2/Article-2c85009cdb7ff81027.htm,Radware Block Page,,live
https://www.mako.co.il/news-world/2024_q2/Article-14df53a1a59ff81026.htm,Radware Block Page,,live
https://www.mako.co.il/news-world/2024_q2/Article-0a3535ca54eef81026.htm,Radware Block Page,,live
https://www.mako.co.il/news-world/2024_q2/Article-016b5e6f643ff81027.htm,Radware Block Page,,live
https://www.mako.co.il/news-world/2024_q1/Article-dbb7a71c50c3e81026.htm,Radware Block Page,,live
https://www.mako.co.il/news-world/2024_q1/Article-bc33d6d4057fc81026.htm,Radware Block Page,,live
https://www.mako.co.il/news-world/2024_q1/Article-809112410f65d81026.htm,Radware Block Page,,live
https://www.mako.co.il/news-world/2024_q1/Article-746d4015d159e81026.htm,Radware Block Page,,live
https://www.mako.co.il/news-world/2024_q1/Article-24b3794c7ec3d81027.htm,Radware Block Page,,live
https://www.mako.co.il/news-world/2023_q4/Article-fb7627af2226b81026.htm,Radware Block Page,,live
https://www.mako.co.il/news-world/2023_q4/Article-d2a46869df06b81026.htm,Radware Block Page,,live
https://www.mako.co.il/news-world/2023_q4/Article-c5ac8d2a6219c81026.htm&utm_source=Whatsapp&utm_medium=Share%0A,Radware Block Page,,live
https://www.mako.co.il/news-world/2023_q4/Article-c5ac8d2a6219c81026.htm&utm_source=Whatsapp&utm_medium=Share,Radware Block Page,,live
https://www.mako.co.il/news-world/2023_q4/Article-af41f7bb0d04c81027.htm,Radware Block Page,,live
https://www.mako.co.il/news-world/2023_q4/Article-8b51c9adb40cc81027.htm,Radware Block Page,,live
https://www.mako.co.il/news-world/2023_q4/Article-5d0974fb8883b81026.htm,Radware Block Page,,live
https://www.mako.co.il/news-world/2023_q4/Article-16488024c81ac81027.htm,Radware Block Page,,live
https://www.mako.co.il/news-world/2023_q4/Article-04663507c7c5b81026.htm,Radware Block Page,,live
https://www.mako.co.il/news-world/2023_q3/Article-11bb23140747a81027.htm,Radware Block Page,,live
https://www.mako.co.il/news-world/2023_q2/Article-f460a575a3e6881026.htm,Radware Block Page,,live
https://www.mako.co.il/news-world/2023_q2/Article-d3b3b2053e9e881027.htm,Radware Block Page,,live
https://www.mako.co.il/news-world/2023_q2/Article-3a3f57e28c67881027.htm,Radware Block Page,,live
https://www.mako.co.il/news-world/2022_q4/Article-790de77e6317481027.htm,Radware Block Page,,live
https://www.mako.co.il/news-world/2022_q4/Article-6f2ef65558f0481027.htm,Radware Block Page,,live
https://www.mako.co.il/news-world/2022_q3/Article-e01937823a10281026.htm,Radware Block Page,,live
https://www.mako.co.il/news-world/2022_q3/Article-0c40418ddf1e181026.htm,Radware Block Page,,live
https://www.mako.co.il/news-world/2022_q1/Article-1080bbedc1efe71026.htm,Radware Block Page,,live
https://www.mako.co.il/news-world/2021_q1/Article-bfe99c14c54e671026.htm,Radware Block Page,,live
https://www.mako.co.il/news-world/2020_q3/Article-ed1e21d5fe39471027.htm,Radware Block Page,,live
https://www.mako.co.il/news-world/2020_q3/Article-96352d18551b471027.htm,Radware Block Page,,live
https://www.mako.co.il/news-world/2020_q3/Article-5bb067bf19ec471027.htm,Radware Block Page,,live
https://www.mako.co.il/news-world/2020_q3/Article-1eaf58e2f3b9471027.htm,Radware Block Page,,live
https://www.mako.co.il/news-world/2020_q2/Article-e7fd5720d89c171026.htm,Radware Block Page,,live
https://www.mako.co.il/news-world/2020_q2//Article-2cd46554899f271027.htm,Radware Block Page,,live
https://www.mako.co.il/news-world/2020_q1/Article-cb8ccec08b91071027.htm,Radware Block Page,,live
https://www.mako.co.il/news-world/2020_q1/Article-a857a3d5669af61027.htm,Radware Block Page,,live
https://www.mako.co.il/news-world/2020_q1/Article-4ec556ae0f7c571026.htm,Radware Block Page,,live
https://www.mako.co.il/news-world/2019_q4/Article-1dc9630dc9d7e61027.htm,Radware Block Page,,live
https://www.mako.co.il/news-world/2019_Q3/Article-cb7d6dca9d42d61026.htm,Radware Block Page,,live
https://www.mako.co.il/news-world/2019_Q3/Article-6450d048d2e5c61027.htm,Radware Block Page,,live
https://www.mako.co.il/news-weather/forecast/Article-6b41b31dfe66821004.htm,Radware Block Page,,live
https://www.mako.co.il/news-weather/forecast/Article-4edf50269cbe721004.htm,Radware Block Page,,live
https://www.mako.co.il/news-weather/forecast/Article-3edbce2886fc031004.htm,Radware Block Page,,live
https://www.mako.co.il/news-weather/forecast/Article-3cb0867aabf0821004.htm,Radware Block Page,,live
https://www.mako.co.il/news-weather/forecast/Article-32e844fea55c921004.htm,Radware Block Page,,live
https://www.mako.co.il/news-weather/forecast/Article-30b0a1b39f80721004.htm,Radware Block Page,,live
https://www.mako.co.il/news-weather/forecast/Article-07651e98cfcdc21004.htm,Radware Block Page,,live
https://www.mako.co.il/news-weather/forecast/Article-038c573c49e5921004.htm,Radware Block Page,,live
https://www.mako.co.il/news-weather/Article-de1106e12df1e11006.htm,Radware Block Page,,live
https://www.mako.co.il/news-weather/Article-db37e7ab7eaae11004.htm,Radware Block Page,,live
https://www.mako.co.il/news-weather/Article-c9f6bba0b1bcf11004.htm,Radware Block Page,,live
https://www.mako.co.il/news-weather/Article-c45256090bbfd11004.htm,Radware Block Page,,live
https://www.mako.co.il/news-weather/Article-c422a7c154caf11004.htm,Radware Block Page,,live
https://www.mako.co.il/news-weather/Article-b2c3f4789858d11004.htm,Radware Block Page,,live
https://www.mako.co.il/news-weather/Article-9c8a5821f12ed11006.htm,Radware Block Page,,live
https://www.mako.co.il/news-weather/Article-8babd24fbf5cf11004.htm,Radware Block Page,,live
https://www.mako.co.il/news-weather/Article-7b8215c111eee11004.htm,Radware Block Page,,live
https://www.mako.co.il/news-weather/Article-79bb307baa82d11004.htm,Radware Block Page,,live
https://www.mako.co.il/news-weather/Article-76215747fe68e11004.htm,Radware Block Page,,live
https://www.mako.co.il/news-weather/Article-662b167b8766d11004.htm,Radware Block Page,,live
https://www.mako.co.il/news-weather/Article-429ac8caf730e11006.htm,Radware Block Page,,live
https://www.mako.co.il/news-weather/Article-35bf0e8cbfece11004.htm,Radware Block Page,,live
https://www.mako.co.il/news-weather/Article-2f209da9bb7dd11004.htm,Radware Block Page,,live
https://www.mako.co.il/news-weather/Article-25be98ff478ee11004.htm,Radware Block Page,,live
https://www.mako.co.il/news-weather/Article-07a10b0e9d11f11004.htm,Radware Block Page,,live
https://www.mako.co.il/news-tip12/food/Article-cb41c2b8a163381026.htm,Radware Block Page,,live
https://www.mako.co.il/news-tip12/food/Article-a07dc0828545381027.htm,Radware Block Page,,live
https://www.mako.co.il/news-tip12/food/Article-384000c42da5381027.htm,Radware Block Page,,live
https://www.mako.co.il/news-tip12/body_and_spirit/Article-fe7952d2fbe2e71026.htm,Radware Block Page,,live
https://www.mako.co.il/news-tip12/body_and_spirit/Article-38ca668169bc081027.htm,Radware Block Page,,live
https://www.mako.co.il/news-tip12/2022_q3/Article-6c663c1784b7e51006.htm,Radware Block Page,,live
https://www.mako.co.il/news-sport/world_soccer-2024_q4/Article-fa522efe6f25291027.htm,Radware Block Page,,live
https://www.mako.co.il/news-sport/world_soccer-2024_q4/Article-f97bd05e0565291026.htm,Radware Block Page,,live
https://www.mako.co.il/news-sport/world_soccer-2024_q4/Article-f90415803f45291026.htm,Radware Block Page,,live
https://www.mako.co.il/news-sport/world_soccer-2024_q4/Article-f551f634e2d5291027.htm,Radware Block Page,,live
https://www.mako.co.il/news-sport/world_soccer-2024_q4/Article-f23ea7b74d85291026.htm,Radware Block Page,,live
https://www.mako.co.il/news-sport/world_soccer-2024_q4/Article-f1d12d0447b4291027.htm,Radware Block Page,,live
https://www.mako.co.il/news-sport/world_soccer-2024_q4/Article-ee0b875ecb35291027.htm,Radware Block Page,,live
https://www.mako.co.il/news-sport/world_soccer-2024_q4/Article-e4dbc1fc98e4291026.htm,Radware Block Page,,live
https://www.mako.co.il/news-sport/world_soccer-2024_q4/Article-dfbb37bf58e5291027.htm,Radware Block Page,,live
https://www.mako.co.il/news-sport/world_soccer-2024_q4/Article-d8f248c26a94291027.htm,Radware Block Page,,live
https://www.mako.co.il/news-sport/world_soccer-2024_q4/Article-d8ebc1fc98e4291026.htm,Radware Block Page,,live
https://www.mako.co.il/news-sport/world_soccer-2024_q4/Article-d7939a9c0ca5291027.htm,Radware Block Page,,live
https://www.mako.co.il/news-sport/world_soccer-2024_q4/Article-d27ea0777e44291027.htm,Radware Block Page,,live
https://www.mako.co.il/news-sport/world_soccer-2024_q4/Article-d1cadf0ce835291026.htm,Radware Block Page,,live
https://www.mako.co.il/news-sport/world_soccer-2024_q4/Article-cff3d904fb15291027.htm,Radware Block Page,,live
https://www.mako.co.il/news-sport/world_soccer-2024_q4/Article-c92c08842b05291026.htm,Radware Block Page,,live
https://www.mako.co.il/news-sport/world_soccer-2024_q4/Article-c4d5c6ff0c44291027.htm,Radware Block Page,,live
https://www.mako.co.il/news-sport/world_soccer-2024_q4/Article-c14af0f99735291026.htm,Radware Block Page,,live
https://www.mako.co.il/news-sport/world_soccer-2024_q4/Article-bc61acedc505291026.htm,Radware Block Page,,live
https://www.mako.co.il/news-sport/world_soccer-2024_q4/Article-bc4a52921394291027.htm,Radware Block Page,,live
https://www.mako.co.il/news-sport/world_soccer-2024_q4/Article-b5b1603cc407291026.htm,Radware Block Page,,live
https://www.mako.co.il/news-sport/world_soccer-2024_q4/Article-a5f3d3accdf4291027.htm,Radware Block Page,,live
https://www.mako.co.il/news-sport/world_soccer-2024_q4/Article-a57afde0fd47291027.htm,Radware Block Page,,live
https://www.mako.co.il/news-sport/world_soccer-2024_q4/Article-95409e27e884291026.htm,Radware Block Page,,live
https://www.mako.co.il/news-sport/world_soccer-2024_q4/Article-908fa9d07f27291026.htm,Radware Block Page,,live
https://www.mako.co.il/news-sport/world_soccer-2024_q4/Article-8e609c280075291027.htm,Radware Block Page,,live
https://www.mako.co.il/news-sport/world_soccer-2024_q4/Article-8b4f63208935291027.htm,Radware Block Page,,live
https://www.mako.co.il/news-sport/world_soccer-2024_q4/Article-88b5fd8745d5291026.htm,Radware Block Page,,live
https://www.mako.co.il/news-sport/world_soccer-2024_q4/Article-7e54bf5cf9f6291026.htm,Radware Block Page,,live
https://www.mako.co.il/news-sport/world_soccer-2024_q4/Article-7e078dfabc94291027.htm,Radware Block Page,,live
https://www.mako.co.il/news-sport/world_soccer-2024_q4/Article-7822e62b0474291026.htm,Radware Block Page,,live
https://www.mako.co.il/news-sport/world_soccer-2024_q4/Article-742bc1bc1386291027.htm,Radware Block Page,,live
https://www.mako.co.il/news-sport/world_soccer-2024_q4/Article-72a3d84336a6291026.htm,Radware Block Page,,live
https://www.mako.co.il/news-sport/world_soccer-2024_q4/Article-712c3fc14176291026.htm,Radware Block Page,,live
https://www.mako.co.il/news-sport/world_soccer-2024_q4/Article-69f535745de4291027.htm,Radware Block Page,,live
https://www.mako.co.il/news-sport/world_soccer-2024_q4/Article-61349a9c0ca5291027.htm,Radware Block Page,,live
https://www.mako.co.il/news-sport/world_soccer-2024_q4/Article-5a3a875ecb35291027.htm,Radware Block Page,,live
https://www.mako.co.il/news-sport/world_soccer-2024_q4/Article-38cc178baf25291026.htm,Radware Block Page,,live
https://www.mako.co.il/news-sport/world_soccer-2024_q4/Article-371c3f8ca6b4291026.htm,Radware Block Page,,live
https://www.mako.co.il/news-sport/world_soccer-2024_q4/Article-32089e68e874291026.htm,Radware Block Page,,live
https://www.mako.co.il/news-sport/world_soccer-2024_q4/Article-2d0dbc51e4b6291027.htm,Radware Block Page,,live
https://www.mako.co.il/news-sport/world_soccer-2024_q4/Article-2aa9d28e86f6291027.htm,Radware Block Page,,live
https://www.mako.co.il/news-sport/world_soccer-2024_q4/Article-233f77b39e64291027.htm,Radware Block Page,,live
https://www.mako.co.il/news-sport/world_soccer-2024_q4/Article-1acba0777e44291027.htm,Radware Block Page,,live
https://www.mako.co.il/news-sport/world_soccer-2024_q4/Article-13fac1fc98e4291026.htm,Radware Block Page,,live
https://www.mako.co.il/news-sport/world_soccer-2024_q4/Article-0ef521c5ec94291026.htm,Radware Block Page,,live
https://www.mako.co.il/news-sport/world_soccer-2024_q4/Article-0cecad8ae485291027.htm,Radware Block Page,,live
https://www.mako.co.il/news-sport/world_soccer-2024_q4/Article-08cccda42c55291027.htm,Radware Block Page,,live
https://www.mako.co.il/news-sport/world_soccer-2024_q4/Article-0159db7d1e94291027.htm,Radware Block Page,,live
https://www.mako.co.il/news-sport/world_soccer-2024_q4/Article-00239f432235291027.htm,Radware Block Page,,live
https://www.mako.co.il/news-sport/world_soccer-2024_q3/Article-ffd2b57c7e10291026.htm,Radware Block Page,,live
https://www.mako.co.il/news-sport/world_soccer-2024_q3/Article-ff58291b0e93291026.htm,Radware Block Page,,live
https://www.mako.co.il/news-sport/world_soccer-2024_q3/Article-ff37b1db81e1291027.htm,Radware Block Page,,live
https://www.mako.co.il/news-sport/world_soccer-2024_q3/Article-fd1823c4487a191027.htm,Radware Block Page,,live
https://www.mako.co.il/news-sport/world_soccer-2024_q3/Article-fcd1dce51380291026.htm,Radware Block Page,,live
https://www.mako.co.il/news-sport/world_soccer-2024_q3/Article-fa360f308473291027.htm,Radware Block Page,,live
https://www.mako.co.il/news-sport/world_soccer-2024_q3/Article-f6c0dbf548a1291027.htm,Radware Block Page,,live
https://www.mako.co.il/news-sport/world_soccer-2024_q3/Article-f5244bf56510291027.htm,Radware Block Page,,live
https://www.mako.co.il/news-sport/world_soccer-2024_q3/Article-f05f7c4b4dc3291026.htm,Radware Block Page,,live
https://www.mako.co.il/news-sport/world_soccer-2024_q3/Article-ed43653235e3291026.htm,Radware Block Page,,live
https://www.mako.co.il/news-sport/world_soccer-2024_q3/Article-ec851a0630f9191026.htm,Radware Block Page,,live
https://www.mako.co.il/news-sport/world_soccer-2024_q3/Article-e8c3cbc3c0af191027.htm,Radware Block Page,,live
https://www.mako.co.il/news-sport/world_soccer-2024_q3/Article-e843952e1e12291027.htm,Radware Block Page,,live
https://www.mako.co.il/news-sport/world_soccer-2024_q3/Article-e77b1d81cf81291026.htm,Radware Block Page,,live
https://www.mako.co.il/news-sport/world_soccer-2024_q3/Article-e177b595ad22291026.htm,Radware Block Page,,live
https://www.mako.co.il/news-sport/world_soccer-2024_q3/Article-e0bd5d378591291026.htm,Radware Block Page,,live
https://www.mako.co.il/news-sport/world_soccer-2024_q3/Article-e09a4d9a3c60291027.htm,Radware Block Page,,live
https://www.mako.co.il/news-sport/world_soccer-2024_q3/Article-dffb8b0c4ebf191026.htm,Radware Block Page,,live
https://www.mako.co.il/news-sport/world_soccer-2024_q3/Article-df04272a5893291027.htm,Radware Block Page,,live
https://www.mako.co.il/news-sport/world_soccer-2024_q3/Article-dd9842d4cb9a191027.htm,Radware Block Page,,live
https://www.mako.co.il/news-sport/world_soccer-2024_q3/Article-da146a2e5842291026.htm,Radware Block Page,,live
https://www.mako.co.il/news-sport/world_soccer-2024_q3/Article-d9d76b118721291026.htm,Radware Block Page,,live
https://www.mako.co.il/news-sport/world_soccer-2024_q3/Article-d8ce9f657113291027.htm,Radware Block Page,,live
https://www.mako.co.il/news-sport/world_soccer-2024_q3/Article-d85f5e49a2ce191026.htm,Radware Block Page,,live
https://www.mako.co.il/news-sport/world_soccer-2024_q3/Article-d7af0934e310291027.htm,Radware Block Page,,live
https://www.mako.co.il/news-sport/world_soccer-2024_q3/Article-d7453c45bd52291026.htm,Radware Block Page,,live
https://www.mako.co.il/news-sport/world_soccer-2024_q3/Article-d40b5ef3f0c0291026.htm,Radware Block Page,,live
https://www.mako.co.il/news-sport/world_soccer-2024_q3/Article-d19eb42d9381291026.htm,Radware Block Page,,live
https://www.mako.co.il/news-sport/world_soccer-2024_q3/Article-cfdc75b987f1291027.htm,Radware Block Page,,live
https://www.mako.co.il/news-sport/world_soccer-2024_q3/Article-cf5be2014e60291027.htm,Radware Block Page,,live
https://www.mako.co.il/news-sport/world_soccer-2024_q3/Article-ce6a53cb21ce191026.htm,Radware Block Page,,live
https://www.mako.co.il/news-sport/world_soccer-2024_q3/Article-cc8ee1ec79ef191027.htm,Radware Block Page,,live
https://www.mako.co.il/news-sport/world_soccer-2024_q3/Article-c97c3de70943291026.htm,Radware Block Page,,live
https://www.mako.co.il/news-sport/world_soccer-2024_q3/Article-c7fa4986ece9191027.htm,Radware Block Page,,live
https://www.mako.co.il/news-sport/world_soccer-2024_q3/Article-c688a29d31e3291027.htm,Radware Block Page,,live
https://www.mako.co.il/news-sport/world_soccer-2024_q3/Article-c58826e3084f191026.htm,Radware Block Page,,live
https://www.mako.co.il/news-sport/world_soccer-2024_q3/Article-c1a8f10c07a1291026.htm,Radware Block Page,,live
https://www.mako.co.il/news-sport/world_soccer-2024_q3/Article-c1a21fc61a44291027.htm,Radware Block Page,,live
https://www.mako.co.il/news-sport/world_soccer-2024_q3/Article-c1840e52bd40291027.htm,Radware Block Page,,live
https://www.mako.co.il/news-sport/world_soccer-2024_q3/Article-bf1a9f2b6640291026.htm,Radware Block Page,,live
https://www.mako.co.il/news-sport/world_soccer-2024_q3/Article-becbc99d25e1291027.htm,Radware Block Page,,live
https://www.mako.co.il/news-sport/world_soccer-2024_q3/Article-bebeb7f2cb49191027.htm,Radware Block Page,,live
https://www.mako.co.il/news-sport/world_soccer-2024_q3/Article-bd0fb5bd9aef191026.htm,Radware Block Page,,live
https://www.mako.co.il/news-sport/world_soccer-2024_q3/Article-ba4420d020de191027.htm,Radware Block Page,,live
https://www.mako.co.il/news-sport/world_soccer-2024_q3/Article-b9e512d24a80291026.htm,Radware Block Page,,live
https://www.mako.co.il/news-sport/world_soccer-2024_q3/Article-b84517e5dd4f191027.htm,Radware Block Page,,live
https://www.mako.co.il/news-sport/world_soccer-2024_q3/Article-b3fdf9fc8d5e191027.htm,Radware Block Page,,live
https://www.mako.co.il/news-sport/world_soccer-2024_q3/Article-b3fb9ece926b191026.htm,Radware Block Page,,live
https://www.mako.co.il/news-sport/world_soccer-2024_q3/Article-b291c2de77e1291026.htm,Radware Block Page,,live
https://www.mako.co.il/news-sport/world_soccer-2024_q3/Article-afd58fe59b8a191026.htm,Radware Block Page,,live
https://www.mako.co.il/news-sport/world_soccer-2024_q3/Article-ac7fa5737ae3291026.htm,Radware Block Page,,live
https://www.mako.co.il/news-sport/world_soccer-2024_q3/Article-a756cc451f04291027.htm,Radware Block Page,,live
https://www.mako.co.il/news-sport/world_soccer-2024_q3/Article-a610dc9ed08a191027.htm,Radware Block Page,,live
https://www.mako.co.il/news-sport/world_soccer-2024_q3/Article-a3ac7cfcb532291026.htm,Radware Block Page,,live
https://www.mako.co.il/news-sport/world_soccer-2024_q3/Article-a39834c99c10291027.htm,Radware Block Page,,live
https://www.mako.co.il/news-sport/world_soccer-2024_q3/Article-a3730cf7dce1291026.htm,Radware Block Page,,live
https://www.mako.co.il/news-sport/world_soccer-2024_q3/Article-a1fbdd351073291027.htm,Radware Block Page,,live
https://www.mako.co.il/news-sport/world_soccer-2024_q3/Article-a1767b419a32291026.htm,Radware Block Page,,live
https://www.mako.co.il/news-sport/world_soccer-2024_q3/Article-a0f22df88cca191026.htm,Radware Block Page,,live
https://www.mako.co.il/news-sport/world_soccer-2024_q3/Article-a0cba605f5e3291026.htm,Radware Block Page,,live
https://www.mako.co.il/news-sport/world_soccer-2024_q3/Article-9feba5e2adb3291027.htm,Radware Block Page,,live
https://www.mako.co.il/news-sport/world_soccer-2024_q3/Article-9c09a50d1cd3291026.htm,Radware Block Page,,live
https://www.mako.co.il/news-sport/world_soccer-2024_q3/Article-999b7912eda1291027.htm,Radware Block Page,,live
https://www.mako.co.il/news-sport/world_soccer-2024_q3/Article-95eb034b8cff191027.htm,Radware Block Page,,live
https://www.mako.co.il/news-sport/world_soccer-2024_q3/Article-94f742508a8f191026.htm,Radware Block Page,,live
https://www.mako.co.il/news-sport/world_soccer-2024_q3/Article-94327afd158a191026.htm,Radware Block Page,,live
https://www.mako.co.il/news-sport/world_soccer-2024_q3/Article-925f7549aa4f191027.htm,Radware Block Page,,live
https://www.mako.co.il/news-sport/world_soccer-2024_q3/Article-8fb0858b6caf191026.htm,Radware Block Page,,live
https://www.mako.co.il/news-sport/world_soccer-2024_q3/Article-88e7e35ecc24291026.htm,Radware Block Page,,live
https://www.mako.co.il/news-sport/world_soccer-2024_q3/Article-88493c86efa2291027.htm,Radware Block Page,,live
https://www.mako.co.il/news-sport/world_soccer-2024_q3/Article-87c880e9f7d0291027.htm,Radware Block Page,,live
https://www.mako.co.il/news-sport/world_soccer-2024_q3/Article-873853cb21ce191026.htm,Radware Block Page,,live
https://www.mako.co.il/news-sport/world_soccer-2024_q3/Article-86b5f69f335f191027.htm,Radware Block Page,,live
https://www.mako.co.il/news-sport/world_soccer-2024_q3/Article-86a36f8e9252291026.htm,Radware Block Page,,live
https://www.mako.co.il/news-sport/world_soccer-2024_q3/Article-8605a5c79741291027.htm,Radware Block Page,,live
https://www.mako.co.il/news-sport/world_soccer-2024_q3/Article-7e09b2a9e323291027.htm,Radware Block Page,,live
https://www.mako.co.il/news-sport/world_soccer-2024_q3/Article-79bc422b7b3f191027.htm,Radware Block Page,,live
https://www.mako.co.il/news-sport/world_soccer-2024_q3/Article-758a23245710291026.htm,Radware Block Page,,live
https://www.mako.co.il/news-sport/world_soccer-2024_q3/Article-706caab38052291027.htm,Radware Block Page,,live
https://www.mako.co.il/news-sport/world_soccer-2024_q3/Article-6ae4209b9cff191026.htm,Radware Block Page,,live
https://www.mako.co.il/news-sport/world_soccer-2024_q3/Article-663cb2715351291026.htm,Radware Block Page,,live
https://www.mako.co.il/news-sport/world_soccer-2024_q3/Article-6625dd148bd3291026.htm,Radware Block Page,,live
https://www.mako.co.il/news-sport/world_soccer-2024_q3/Article-62d1331894af191026.htm,Radware Block Page,,live
https://www.mako.co.il/news-sport/world_soccer-2024_q3/Article-60ecb43dadf3291027.htm,Radware Block Page,,live
https://www.mako.co.il/news-sport/world_soccer-2024_q3/Article-5f72d8a9b091291027.htm,Radware Block Page,,live
https://www.mako.co.il/news-sport/world_soccer-2024_q3/Article-5ebea61dd750291027.htm,Radware Block Page,,live
https://www.mako.co.il/news-sport/world_soccer-2024_q3/Article-5cf515601ad8191027.htm,Radware Block Page,,live
https://www.mako.co.il/news-sport/world_soccer-2024_q3/Article-599d5b43bc41291027.htm,Radware Block Page,,live
https://www.mako.co.il/news-sport/world_soccer-2024_q3/Article-58caae500379191026.htm,Radware Block Page,,live
https://www.mako.co.il/news-sport/world_soccer-2024_q3/Article-5603d3896190291027.htm,Radware Block Page,,live
https://www.mako.co.il/news-sport/world_soccer-2024_q3/Article-5415f6ad544f191027.htm,Radware Block Page,,live
https://www.mako.co.il/news-sport/world_soccer-2024_q3/Article-52d19a6ab2d3291026.htm,Radware Block Page,,live
https://www.mako.co.il/news-sport/world_soccer-2024_q3/Article-529fe922d0a2291026.htm,Radware Block Page,,live
https://www.mako.co.il/news-sport/world_soccer-2024_q3/Article-521c07d54d21291026.htm,Radware Block Page,,live
https://www.mako.co.il/news-sport/world_soccer-2024_q3/Article-50e18f7b3241291027.htm,Radware Block Page,,live
https://www.mako.co.il/news-sport/world_soccer-2024_q3/Article-4e38cdbf8614291027.htm,Radware Block Page,,live
https://www.mako.co.il/news-sport/world_soccer-2024_q3/Article-4e34d434adf2291027.htm,Radware Block Page,,live
https://www.mako.co.il/news-sport/world_soccer-2024_q3/Article-4c4649e71bee191027.htm,Radware Block Page,,live
https://www.mako.co.il/news-sport/world_soccer-2024_q3/Article-4b15868b01b0291026.htm,Radware Block Page,,live
https://www.mako.co.il/news-sport/world_soccer-2024_q3/Article-4b019f657113291027.htm,Radware Block Page,,live
https://www.mako.co.il/news-sport/world_soccer-2024_q3/Article-4880e5c4e6a3291027.htm,Radware Block Page,,live
https://www.mako.co.il/news-sport/world_soccer-2024_q3/Article-466a6a2e5842291026.htm,Radware Block Page,,live
https://www.mako.co.il/news-sport/world_soccer-2024_q3/Article-42af350656e1291026.htm,Radware Block Page,,live
https://www.mako.co.il/news-sport/world_soccer-2024_q3/Article-417b92dafaa0291026.htm,Radware Block Page,,live
https://www.mako.co.il/news-sport/world_soccer-2024_q3/Article-41008f6d06af191026.htm,Radware Block Page,,live
https://www.mako.co.il/news-sport/world_soccer-2024_q3/Article-40e45781b4e3291027.htm,Radware Block Page,,live
https://www.mako.co.il/news-sport/world_soccer-2024_q3/Article-4096019839f3291026.htm,Radware Block Page,,live
https://www.mako.co.il/news-sport/world_soccer-2024_q3/Article-3e35b720cc1e191027.htm,Radware Block Page,,live
https://www.mako.co.il/news-sport/world_soccer-2024_q3/Article-3dfe49c6fc4f191027.htm,Radware Block Page,,live
https://www.mako.co.il/news-sport/world_soccer-2024_q3/Article-3c864ded6ce3291026.htm,Radware Block Page,,live
https://www.mako.co.il/news-sport/world_soccer-2024_q3/Article-39297bbdf031291026.htm,Radware Block Page,,live
https://www.mako.co.il/news-sport/world_soccer-2024_q3/Article-380fadc70382291026.htm,Radware Block Page,,live
https://www.mako.co.il/news-sport/world_soccer-2024_q3/Article-35ea34c99c10291027.htm,Radware Block Page,,live
https://www.mako.co.il/news-sport/world_soccer-2024_q3/Article-35b0dabedb79191026.htm,Radware Block Page,,live
https://www.mako.co.il/news-sport/world_soccer-2024_q3/Article-30457e510c72291026.htm,Radware Block Page,,live
https://www.mako.co.il/news-sport/world_soccer-2024_q3/Article-2de26140aa9f191027.htm,Radware Block Page,,live
https://www.mako.co.il/news-sport/world_soccer-2024_q3/Article-2c965c4bab43291026.htm,Radware Block Page,,live
https://www.mako.co.il/news-sport/world_soccer-2024_q3/Article-2b7615bfca91291026.htm,Radware Block Page,,live
https://www.mako.co.il/news-sport/world_soccer-2024_q3/Article-24b3653235e3291026.htm,Radware Block Page,,live
https://www.mako.co.il/news-sport/world_soccer-2024_q3/Article-21319f0d03d1291026.htm,Radware Block Page,,live
https://www.mako.co.il/news-sport/world_soccer-2024_q3/Article-20e53cd3aedf191026.htm,Radware Block Page,,live
https://www.mako.co.il/news-sport/world_soccer-2024_q3/Article-1fc88bfd29c2291027.htm,Radware Block Page,,live
https://www.mako.co.il/news-sport/world_soccer-2024_q3/Article-1d37180d9f30291026.htm,Radware Block Page,,live
https://www.mako.co.il/news-sport/world_soccer-2024_q3/Article-1ce831598742291027.htm,Radware Block Page,,live
https://www.mako.co.il/news-sport/world_soccer-2024_q3/Article-1c64b49e45af191026.htm,Radware Block Page,,live
https://www.mako.co.il/news-sport/world_soccer-2024_q3/Article-1c0a7d166a4f191026.htm,Radware Block Page,,live
https://www.mako.co.il/news-sport/world_soccer-2024_q3/Article-1863d434adf2291027.htm,Radware Block Page,,live
https://www.mako.co.il/news-sport/world_soccer-2024_q3/Article-17de9f657113291027.htm,Radware Block Page,,live
https://www.mako.co.il/news-sport/world_soccer-2024_q3/Article-12dca5e2adb3291027.htm,Radware Block Page,,live
https://www.mako.co.il/news-sport/world_soccer-2024_q3/Article-0f873490e3bf191026.htm,Radware Block Page,,live
https://www.mako.co.il/news-sport/world_soccer-2024_q3/Article-0f6e8517f6e1291026.htm,Radware Block Page,,live
https://www.mako.co.il/news-sport/world_soccer-2024_q3/Article-0e758fc91514291027.htm,Radware Block Page,,live
https://www.mako.co.il/news-sport/world_soccer-2024_q3/Article-0b9af66972d2291026.htm,Radware Block Page,,live
https://www.mako.co.il/news-sport/world_soccer-2024_q3/Article-08d91cdc1f0b191026.htm,Radware Block Page,,live
https://www.mako.co.il/news-sport/world_soccer-2024_q3/Article-04179f41bde9191027.htm,Radware Block Page,,live
https://www.mako.co.il/news-sport/world_soccer-2024_q3/Article-00d6ec83ad63291026.htm,Radware Block Page,,live
https://www.mako.co.il/news-sport/sports_others-2024_q4/Article-f80b148f62c4291027.htm,Radware Block Page,,live
https://www.mako.co.il/news-sport/sports_others-2024_q4/Article-efe962683dc6291026.htm,Radware Block Page,,live
https://www.mako.co.il/news-sport/sports_others-2024_q4/Article-cf108636d725291027.htm,Radware Block Page,,live
https://www.mako.co.il/news-sport/sports_others-2024_q4/Article-c39237bf58e5291027.htm,Radware Block Page,,live
https://www.mako.co.il/news-sport/sports_others-2024_q4/Article-c2252ae0ed06291027.htm,Radware Block Page,,live
https://www.mako.co.il/news-sport/sports_others-2024_q4/Article-bd7a0f0a8c15291026.htm,Radware Block Page,,live
https://www.mako.co.il/news-sport/sports_others-2024_q4/Article-bc4fd3805166291026.htm,Radware Block Page,,live
https://www.mako.co.il/news-sport/sports_others-2024_q4/Article-ab28d3886266291026.htm,Radware Block Page,,live
https://www.mako.co.il/news-sport/sports_others-2024_q4/Article-a78cb25b1345291027.htm,Radware Block Page,,live
https://www.mako.co.il/news-sport/sports_others-2024_q4/Article-99c3bcf50dd5291027.htm,Radware Block Page,,live
https://www.mako.co.il/news-sport/sports_others-2024_q4/Article-8429fc883f94291027.htm,Radware Block Page,,live
https://www.mako.co.il/news-sport/sports_others-2024_q4/Article-812f430f3ef5291027.htm,Radware Block Page,,live
https://www.mako.co.il/news-sport/sports_others-2024_q4/Article-6593f42f4ff6291027.htm,Radware Block Page,,live
https://www.mako.co.il/news-sport/sports_others-2024_q4/Article-6247247fe9f6291027.htm,Radware Block Page,,live
https://www.mako.co.il/news-sport/sports_others-2024_q4/Article-501961004ea6291026.htm,Radware Block Page,,live
https://www.mako.co.il/news-sport/sports_others-2024_q4/Article-2dfb1d0e4284291027.htm,Radware Block Page,,live
https://www.mako.co.il/news-sport/sports_others-2024_q4/Article-2730b94f0c06291026.htm,Radware Block Page,,live
https://www.mako.co.il/news-sport/sports_others-2024_q4/Article-14908c5eea76291026.htm,Radware Block Page,,live
https://www.mako.co.il/news-sport/sports_others-2024_q4/Article-0537b9b35016291027.htm,Radware Block Page,,live
https://www.mako.co.il/news-sport/sports_others-2024_q4/Article-041947d4a786291027.htm,Radware Block Page,,live
https://www.mako.co.il/news-sport/sports_others-2024_q3/Article-f34094115792291026.htm,Radware Block Page,,live
https://www.mako.co.il/news-sport/sports_others-2024_q3/Article-e863e68b0e6a191027.htm,Radware Block Page,,live
https://www.mako.co.il/news-sport/sports_others-2024_q3/Article-e626273513af191027.htm,Radware Block Page,,live
https://www.mako.co.il/news-sport/sports_others-2024_q3/Article-dbfc60e6fdd1291027.htm,Radware Block Page,,live
https://www.mako.co.il/news-sport/sports_others-2024_q3/Article-da91fa50a3da191027.htm,Radware Block Page,,live
https://www.mako.co.il/news-sport/sports_others-2024_q3/Article-cffea5a94cd0291027.htm,Radware Block Page,,live
https://www.mako.co.il/news-sport/sports_others-2024_q3/Article-cc7b6966175f191026.htm,Radware Block Page,,live
https://www.mako.co.il/news-sport/sports_others-2024_q3/Article-cc727d149c1a191026.htm,Radware Block Page,,live
https://www.mako.co.il/news-sport/sports_others-2024_q3/Article-c6fe4ee270af191026.htm,Radware Block Page,,live
https://www.mako.co.il/news-sport/sports_others-2024_q3/Article-c28c60b747e9191027.htm,Radware Block Page,,live
https://www.mako.co.il/news-sport/sports_others-2024_q3/Article-ba5b2ca168bf191027.htm,Radware Block Page,,live
https://www.mako.co.il/news-sport/sports_others-2024_q3/Article-b4f68322806a191026.htm,Radware Block Page,,live
https://www.mako.co.il/news-sport/sports_others-2024_q3/Article-a600ae350952291027.htm,Radware Block Page,,live
https://www.mako.co.il/news-sport/sports_others-2024_q3/Article-9c5ad796bfd1291027.htm,Radware Block Page,,live
https://www.mako.co.il/news-sport/sports_others-2024_q3/Article-810d81528981291026.htm,Radware Block Page,,live
https://www.mako.co.il/news-sport/sports_others-2024_q3/Article-7e8ea0e7a45f191026.htm,Radware Block Page,,live
https://www.mako.co.il/news-sport/sports_others-2024_q3/Article-73d986238339191026.htm,Radware Block Page,,live
https://www.mako.co.il/news-sport/sports_others-2024_q3/Article-715a34ea245f191027.htm,Radware Block Page,,live
https://www.mako.co.il/news-sport/sports_others-2024_q3/Article-577e4515ecad191027.htm,Radware Block Page,,live
https://www.mako.co.il/news-sport/sports_others-2024_q3/Article-51ec0838911f191026.htm,Radware Block Page,,live
https://www.mako.co.il/news-sport/sports_others-2024_q3/Article-409f0a32f8a3291026.htm,Radware Block Page,,live
https://www.mako.co.il/news-sport/sports_others-2024_q3/Article-2217299e9901291027.htm,Radware Block Page,,live
https://www.mako.co.il/news-sport/sports_others-2024_q3/Article-1042a884ee6eb81027.htm,Radware Block Page,,live
https://www.mako.co.il/news-sport/sports_others-2024_q3/Article-0c586f0828e3291026.htm,Radware Block Page,,live
https://www.mako.co.il/news-sport/sports_others-2024_q3/Article-0960d610d024291026.htm,Radware Block Page,,live
https://www.mako.co.il/news-sport/sports_others-2024_q3/Article-08990bd68932291027.htm,Radware Block Page,,live
https://www.mako.co.il/news-sport/sports_others-2024_q3/Article-05e4dfa24752291027.htm,Radware Block Page,,live
https://www.mako.co.il/news-sport/sports_others-2024_q3/Article-04c42ffa9ce1291027.htm,Radware Block Page,,live
https://www.mako.co.il/news-sport/olympic_game-paris2024/q4_2024/Article-88dc48798685291026.htm,Radware Block Page,,live
https://www.mako.co.il/news-sport/olympic_game-paris2024/q3_2024/Article-f80d81f2ff3a191027.htm,Radware Block Page,,live
https://www.mako.co.il/news-sport/olympic_game-paris2024/q3_2024/Article-edc29b8af91a191027.htm,Radware Block Page,,live
https://www.mako.co.il/news-sport/olympic_game-paris2024/q3_2024/Article-c48b32b8e14a191026.htm,Radware Block Page,,live
https://www.mako.co.il/news-sport/olympic_game-paris2024/q3_2024/Article-826b74b75041191027.htm,Radware Block Page,,live
https://www.mako.co.il/news-sport/olympic_game-paris2024/q3_2024/Article-1a906028a42a191027.htm,Radware Block Page,,live
https://www.mako.co.il/news-sport/israel_soccer-2024_q4/Article-f60b7ba17965291026.htm,Radware Block Page,,live
https://www.mako.co.il/news-sport/israel_soccer-2024_q4/Article-f06e71b79664291026.htm,Radware Block Page,,live
https://www.mako.co.il/news-sport/israel_soccer-2024_q4/Article-ee4e0d14a575291026.htm,Radware Block Page,,live
https://www.mako.co.il/news-sport/israel_soccer-2024_q4/Article-ee1304d91707291027.htm,Radware Block Page,,live
https://www.mako.co.il/news-sport/israel_soccer-2024_q4/Article-ed54f1254544291027.htm,Radware Block Page,,live
https://www.mako.co.il/news-sport/israel_soccer-2024_q4/Article-ea4c34857e74291026.htm,Radware Block Page,,live
https://www.mako.co.il/news-sport/israel_soccer-2024_q4/Article-dff0b7b3f056291026.htm,Radware Block Page,,live
https://www.mako.co.il/news-sport/israel_soccer-2024_q4/Article-de86ad164f54291027.htm,Radware Block Page,,live
https://www.mako.co.il/news-sport/israel_soccer-2024_q4/Article-dbe431bfea85291026.htm,Radware Block Page,,live
https://www.mako.co.il/news-sport/israel_soccer-2024_q4/Article-d7145ca55484291027.htm,Radware Block Page,,live
https://www.mako.co.il/news-sport/israel_soccer-2024_q4/Article-cdab459578c5291027.htm,Radware Block Page,,live
https://www.mako.co.il/news-sport/israel_soccer-2024_q4/Article-cbea1f963a06291027.htm,Radware Block Page,,live
https://www.mako.co.il/news-sport/israel_soccer-2024_q4/Article-cb308857a694291026.htm,Radware Block Page,,live
https://www.mako.co.il/news-sport/israel_soccer-2024_q4/Article-cb249f476766291026.htm,Radware Block Page,,live
https://www.mako.co.il/news-sport/israel_soccer-2024_q4/Article-c6f9990a3bb5291027.htm,Radware Block Page,,live
https://www.mako.co.il/news-sport/israel_soccer-2024_q4/Article-c5f68a3a1e64291026.htm,Radware Block Page,,live
https://www.mako.co.il/news-sport/israel_soccer-2024_q4/Article-c26715803f45291026.htm,Radware Block Page,,live
https://www.mako.co.il/news-sport/israel_soccer-2024_q4/Article-bd11f0d69766291027.htm,Radware Block Page,,live
https://www.mako.co.il/news-sport/israel_soccer-2024_q4/Article-b9828ae8e9c6291027.htm,Radware Block Page,,live
https://www.mako.co.il/news-sport/israel_soccer-2024_q4/Article-b6d868434066291026.htm,Radware Block Page,,live
https://www.mako.co.il/news-sport/israel_soccer-2024_q4/Article-b30f17910674291027.htm,Radware Block Page,,live
https://www.mako.co.il/news-sport/israel_soccer-2024_q4/Article-b167e7a74aa5291026.htm,Radware Block Page,,live
https://www.mako.co.il/news-sport/israel_soccer-2024_q4/Article-ac7b5d10c2c6291026.htm,Radware Block Page,,live
https://www.mako.co.il/news-sport/israel_soccer-2024_q4/Article-ab0328381076291026.htm,Radware Block Page,,live
https://www.mako.co.il/news-sport/israel_soccer-2024_q4/Article-9eb3506d9ec4291026.htm,Radware Block Page,,live
https://www.mako.co.il/news-sport/israel_soccer-2024_q4/Article-943e11f8df94291026.htm,Radware Block Page,,live
https://www.mako.co.il/news-sport/israel_soccer-2024_q4/Article-90ae16a92f56291026.htm,Radware Block Page,,live
https://www.mako.co.il/news-sport/israel_soccer-2024_q4/Article-8c7c6f82ee54291026.htm,Radware Block Page,,live
https://www.mako.co.il/news-sport/israel_soccer-2024_q4/Article-7e0c6d6eb8b6291026.htm,Radware Block Page,,live
https://www.mako.co.il/news-sport/israel_soccer-2024_q4/Article-6e9071b79664291026.htm,Radware Block Page,,live
https://www.mako.co.il/news-sport/israel_soccer-2024_q4/Article-67b16707b906291026.htm,Radware Block Page,,live
https://www.mako.co.il/news-sport/israel_soccer-2024_q4/Article-61f6ec1c9466291027.htm,Radware Block Page,,live
https://www.mako.co.il/news-sport/israel_soccer-2024_q4/Article-5ef8e1c6d606291027.htm,Radware Block Page,,live
https://www.mako.co.il/news-sport/israel_soccer-2024_q4/Article-5cb5060e4db4291026.htm,Radware Block Page,,live
https://www.mako.co.il/news-sport/israel_soccer-2024_q4/Article-586c9dc087b6291027.htm,Radware Block Page,,live
https://www.mako.co.il/news-sport/israel_soccer-2024_q4/Article-57e6f9607a55291026.htm,Radware Block Page,,live
https://www.mako.co.il/news-sport/israel_soccer-2024_q4/Article-4ba11fc61a44291027.htm,Radware Block Page,,live
https://www.mako.co.il/news-sport/israel_soccer-2024_q4/Article-415732de85c6291027.htm,Radware Block Page,,live
https://www.mako.co.il/news-sport/israel_soccer-2024_q4/Article-4135cc3d31d4291026.htm,Radware Block Page,,live
https://www.mako.co.il/news-sport/israel_soccer-2024_q4/Article-3cff0269fbb4291026.htm,Radware Block Page,,live
https://www.mako.co.il/news-sport/israel_soccer-2024_q4/Article-38cc178baf25291026.htm,Radware Block Page,,live
https://www.mako.co.il/news-sport/israel_soccer-2024_q4/Article-2d42fbd269e6291027.htm,Radware Block Page,,live
https://www.mako.co.il/news-sport/israel_soccer-2024_q4/Article-2b3830187ff5291026.htm,Radware Block Page,,live
https://www.mako.co.il/news-sport/israel_soccer-2024_q4/Article-2a56d4c97bb6291027.htm,Radware Block Page,,live
https://www.mako.co.il/news-sport/israel_soccer-2024_q4/Article-23f230187ff5291026.htm,Radware Block Page,,live
https://www.mako.co.il/news-sport/israel_soccer-2024_q4/Article-1d6ae4ec60c5291026.htm,Radware Block Page,,live
https://www.mako.co.il/news-sport/israel_soccer-2024_q4/Article-1c8bc58476c4291026.htm,Radware Block Page,,live
https://www.mako.co.il/news-sport/israel_soccer-2024_q4/Article-1b76eb6f1174291027.htm,Radware Block Page,,live
https://www.mako.co.il/news-sport/israel_soccer-2024_q4/Article-13c940f45607291027.htm,Radware Block Page,,live
https://www.mako.co.il/news-sport/israel_soccer-2024_q4/Article-11baba7b6956291026.htm,Radware Block Page,,live
https://www.mako.co.il/news-sport/israel_soccer-2024_q4/Article-0df2baab5f64291027.htm,Radware Block Page,,live
https://www.mako.co.il/news-sport/israel_soccer-2024_q4/Article-08403d222075291026.htm,Radware Block Page,,live
https://www.mako.co.il/news-sport/israel_soccer-2024_q3/Article-ff75f9908282291027.htm,Radware Block Page,,live
https://www.mako.co.il/news-sport/israel_soccer-2024_q3/Article-fccc5a55fe90291027.htm,Radware Block Page,,live
https://www.mako.co.il/news-sport/israel_soccer-2024_q3/Article-fae10489ceb0291026.htm,Radware Block Page,,live
https://www.mako.co.il/news-sport/israel_soccer-2024_q3/Article-f9c8536fd644291027.htm,Radware Block Page,,live
https://www.mako.co.il/news-sport/israel_soccer-2024_q3/Article-f5de43be33f6191027.htm,Radware Block Page,,live
https://www.mako.co.il/news-sport/israel_soccer-2024_q3/Article-f53a107c9490291027.htm,Radware Block Page,,live
https://www.mako.co.il/news-sport/israel_soccer-2024_q3/Article-f26edce51380291026.htm,Radware Block Page,,live
https://www.mako.co.il/news-sport/israel_soccer-2024_q3/Article-f0e3c8c9d314291026.htm,Radware Block Page,,live
https://www.mako.co.il/news-sport/israel_soccer-2024_q3/Article-efc68bbd6a81291026.htm,Radware Block Page,,live
https://www.mako.co.il/news-sport/israel_soccer-2024_q3/Article-efb085940030291027.htm,Radware Block Page,,live
https://www.mako.co.il/news-sport/israel_soccer-2024_q3/Article-ede95a9d2282291026.htm,Radware Block Page,,live
https://www.mako.co.il/news-sport/israel_soccer-2024_q3/Article-ed76fb9014f3291026.htm,Radware Block Page,,live
https://www.mako.co.il/news-sport/israel_soccer-2024_q3/Article-ecaa95095481291026.htm,Radware Block Page,,live
https://www.mako.co.il/news-sport/israel_soccer-2024_q3/Article-ec6af7d60ae3291027.htm,Radware Block Page,,live
https://www.mako.co.il/news-sport/israel_soccer-2024_q3/Article-dfda8b925982291026.htm,Radware Block Page,,live
https://www.mako.co.il/news-sport/israel_soccer-2024_q3/Article-de3eb4cd11c9191027.htm,Radware Block Page,,live
https://www.mako.co.il/news-sport/israel_soccer-2024_q3/Article-de27bd9d11a0291026.htm,Radware Block Page,,live
https://www.mako.co.il/news-sport/israel_soccer-2024_q3/Article-db9851f3e9e6191026.htm,Radware Block Page,,live
https://www.mako.co.il/news-sport/israel_soccer-2024_q3/Article-db5780e9f7d0291027.htm,Radware Block Page,,live
https://www.mako.co.il/news-sport/israel_soccer-2024_q3/Article-d910f9908282291027.htm,Radware Block Page,,live
https://www.mako.co.il/news-sport/israel_soccer-2024_q3/Article-d7cafc0b1c81291027.htm,Radware Block Page,,live
https://www.mako.co.il/news-sport/israel_soccer-2024_q3/Article-d773c948f781291026.htm,Radware Block Page,,live
https://www.mako.co.il/news-sport/israel_soccer-2024_q3/Article-d685dce51380291026.htm,Radware Block Page,,live
https://www.mako.co.il/news-sport/israel_soccer-2024_q3/Article-d30275ea305f191027.htm,Radware Block Page,,live
https://www.mako.co.il/news-sport/israel_soccer-2024_q3/Article-d2954648bafa191026.htm,Radware Block Page,,live
https://www.mako.co.il/news-sport/israel_soccer-2024_q3/Article-d10b03d96092291026.htm,Radware Block Page,,live
https://www.mako.co.il/news-sport/israel_soccer-2024_q3/Article-d08d79486791291027.htm,Radware Block Page,,live
https://www.mako.co.il/news-sport/israel_soccer-2024_q3/Article-d06fb2715351291026.htm,Radware Block Page,,live
https://www.mako.co.il/news-sport/israel_soccer-2024_q3/Article-cc5cc00fb241291026.htm,Radware Block Page,,live
https://www.mako.co.il/news-sport/israel_soccer-2024_q3/Article-cc57f8d599d3291027.htm,Radware Block Page,,live
https://www.mako.co.il/news-sport/israel_soccer-2024_q3/Article-cbf9e50e7e71291027.htm,Radware Block Page,,live
https://www.mako.co.il/news-sport/israel_soccer-2024_q3/Article-cbb90333b2f0291027.htm,Radware Block Page,,live
https://www.mako.co.il/news-sport/israel_soccer-2024_q3/Article-cbaac9dc3682291027.htm,Radware Block Page,,live
https://www.mako.co.il/news-sport/israel_soccer-2024_q3/Article-cae879c013ff191026.htm,Radware Block Page,,live
https://www.mako.co.il/news-sport/israel_soccer-2024_q3/Article-cadd75f94b73291026.htm,Radware Block Page,,live
https://www.mako.co.il/news-sport/israel_soccer-2024_q3/Article-c767501923e1291027.htm,Radware Block Page,,live
https://www.mako.co.il/news-sport/israel_soccer-2024_q3/Article-c4f21064fa00291026.htm,Radware Block Page,,live
https://www.mako.co.il/news-sport/israel_soccer-2024_q3/Article-c4de0afe0323291026.htm,Radware Block Page,,live
https://www.mako.co.il/news-sport/israel_soccer-2024_q3/Article-c4c9d688fabe191027.htm,Radware Block Page,,live
https://www.mako.co.il/news-sport/israel_soccer-2024_q3/Article-c3971608d430291026.htm,Radware Block Page,,live
https://www.mako.co.il/news-sport/israel_soccer-2024_q3/Article-c38f8eb2d4d0291026.htm,Radware Block Page,,live
https://www.mako.co.il/news-sport/israel_soccer-2024_q3/Article-c30cff9c1f4f191027.htm,Radware Block Page,,live
https://www.mako.co.il/news-sport/israel_soccer-2024_q3/Article-c2f03c447b7a191027.htm,Radware Block Page,,live
https://www.mako.co.il/news-sport/israel_soccer-2024_q3/Article-c274842032a3291026.htm,Radware Block Page,,live
https://www.mako.co.il/news-sport/israel_soccer-2024_q3/Article-c05d67557b82291027.htm,Radware Block Page,,live
https://www.mako.co.il/news-sport/israel_soccer-2024_q3/Article-bff8596b5db3291026.htm,Radware Block Page,,live
https://www.mako.co.il/news-sport/israel_soccer-2024_q3/Article-bf5981094122291026.htm,Radware Block Page,,live
https://www.mako.co.il/news-sport/israel_soccer-2024_q3/Article-bec05903351b191026.htm,Radware Block Page,,live
https://www.mako.co.il/news-sport/israel_soccer-2024_q3/Article-bc3f6afb0dbf191027.htm,Radware Block Page,,live
https://www.mako.co.il/news-sport/israel_soccer-2024_q3/Article-bac0b595ad22291026.htm,Radware Block Page,,live
https://www.mako.co.il/news-sport/israel_soccer-2024_q3/Article-b92817f02a4f191027.htm,Radware Block Page,,live
https://www.mako.co.il/news-sport/israel_soccer-2024_q3/Article-b84ef2a5490e191026.htm,Radware Block Page,,live
https://www.mako.co.il/news-sport/israel_soccer-2024_q3/Article-b4e8596b5db3291026.htm,Radware Block Page,,live
https://www.mako.co.il/news-sport/israel_soccer-2024_q3/Article-b2e3022ca832291026.htm,Radware Block Page,,live
https://www.mako.co.il/news-sport/israel_soccer-2024_q3/Article-b246389140ca191026.htm,Radware Block Page,,live
https://www.mako.co.il/news-sport/israel_soccer-2024_q3/Article-af6cf69f335f191027.htm,Radware Block Page,,live
https://www.mako.co.il/news-sport/israel_soccer-2024_q3/Article-af3ce160eec9191026.htm,Radware Block Page,,live
https://www.mako.co.il/news-sport/israel_soccer-2024_q3/Article-aeb9bc10fac2291026.htm,Radware Block Page,,live
https://www.mako.co.il/news-sport/israel_soccer-2024_q3/Article-ae8900824c4f191027.htm,Radware Block Page,,live
https://www.mako.co.il/news-sport/israel_soccer-2024_q3/Article-ace539905390291026.htm,Radware Block Page,,live
https://www.mako.co.il/news-sport/israel_soccer-2024_q3/Article-aabfd796bfd1291027.htm,Radware Block Page,,live
https://www.mako.co.il/news-sport/israel_soccer-2024_q3/Article-aa11fbde3c9f191027.htm,Radware Block Page,,live
https://www.mako.co.il/news-sport/israel_soccer-2024_q3/Article-a8e9f24f7dde191026.htm,Radware Block Page,,live
https://www.mako.co.il/news-sport/israel_soccer-2024_q3/Article-a71f9fcdccc3291027.htm,Radware Block Page,,live
https://www.mako.co.il/news-sport/israel_soccer-2024_q3/Article-a40d992ce5d3291027.htm,Radware Block Page,,live
https://www.mako.co.il/news-sport/israel_soccer-2024_q3/Article-a2b3550c5edf191027.htm,Radware Block Page,,live
https://www.mako.co.il/news-sport/israel_soccer-2024_q3/Article-a14e187e8933291026.htm,Radware Block Page,,live
https://www.mako.co.il/news-sport/israel_soccer-2024_q3/Article-9e5b995a0c43291027.htm,Radware Block Page,,live
https://www.mako.co.il/news-sport/israel_soccer-2024_q3/Article-9d936bbb7dea191026.htm,Radware Block Page,,live
https://www.mako.co.il/news-sport/israel_soccer-2024_q3/Article-9b9453d301c2291026.htm,Radware Block Page,,live
https://www.mako.co.il/news-sport/israel_soccer-2024_q3/Article-9b1744588971291027.htm,Radware Block Page,,live
https://www.mako.co.il/news-sport/israel_soccer-2024_q3/Article-9973af5032c3291027.htm,Radware Block Page,,live
https://www.mako.co.il/news-sport/israel_soccer-2024_q3/Article-985884dd7b31291027.htm,Radware Block Page,,live
https://www.mako.co.il/news-sport/israel_soccer-2024_q3/Article-94cba0e7a45f191026.htm,Radware Block Page,,live
https://www.mako.co.il/news-sport/israel_soccer-2024_q3/Article-9422ac8f2f32291026.htm,Radware Block Page,,live
https://www.mako.co.il/news-sport/israel_soccer-2024_q3/Article-923ee039c3b1291027.htm,Radware Block Page,,live
https://www.mako.co.il/news-sport/israel_soccer-2024_q3/Article-91d8d7542a32291027.htm,Radware Block Page,,live
https://www.mako.co.il/news-sport/israel_soccer-2024_q3/Article-90e458385db1291027.htm,Radware Block Page,,live
https://www.mako.co.il/news-sport/israel_soccer-2024_q3/Article-8fb12f0711e3291026.htm,Radware Block Page,,live
https://www.mako.co.il/news-sport/israel_soccer-2024_q3/Article-8f81e35ecc24291026.htm,Radware Block Page,,live
https://www.mako.co.il/news-sport/israel_soccer-2024_q3/Article-8f29cbd03c3f191026.htm,Radware Block Page,,live
https://www.mako.co.il/news-sport/israel_soccer-2024_q3/Article-8e1c5a375631291027.htm,Radware Block Page,,live
https://www.mako.co.il/news-sport/israel_soccer-2024_q3/Article-8c5c67f1c8a2291026.htm,Radware Block Page,,live
https://www.mako.co.il/news-sport/israel_soccer-2024_q3/Article-8be2fe5fa632291026.htm,Radware Block Page,,live
https://www.mako.co.il/news-sport/israel_soccer-2024_q3/Article-8aefd7542a32291027.htm,Radware Block Page,,live
https://www.mako.co.il/news-sport/israel_soccer-2024_q3/Article-89cf6844c3e3291026.htm,Radware Block Page,,live
https://www.mako.co.il/news-sport/israel_soccer-2024_q3/Article-88bb624a54af191027.htm,Radware Block Page,,live
https://www.mako.co.il/news-sport/israel_soccer-2024_q3/Article-86ef9f2b6640291026.htm,Radware Block Page,,live
https://www.mako.co.il/news-sport/israel_soccer-2024_q3/Article-869466f98def191027.htm,Radware Block Page,,live
https://www.mako.co.il/news-sport/israel_soccer-2024_q3/Article-8587a1db37d9191027.htm,Radware Block Page,,live
https://www.mako.co.il/news-sport/israel_soccer-2024_q3/Article-85823864de50291027.htm,Radware Block Page,,live
https://www.mako.co.il/news-sport/israel_soccer-2024_q3/Article-835f3f2f5c51291027.htm,Radware Block Page,,live
https://www.mako.co.il/news-sport/israel_soccer-2024_q3/Article-811b50053b22291027.htm,Radware Block Page,,live
https://www.mako.co.il/news-sport/israel_soccer-2024_q3/Article-7d84dd3a97d2291026.htm,Radware Block Page,,live
https://www.mako.co.il/news-sport/israel_soccer-2024_q3/Article-7c4cf43f4c4f191026.htm,Radware Block Page,,live
https://www.mako.co.il/news-sport/israel_soccer-2024_q3/Article-78ced588c782291027.htm,Radware Block Page,,live
https://www.mako.co.il/news-sport/israel_soccer-2024_q3/Article-7739cc451f04291027.htm,Radware Block Page,,live
https://www.mako.co.il/news-sport/israel_soccer-2024_q3/Article-73f24a618391291026.htm,Radware Block Page,,live
https://www.mako.co.il/news-sport/israel_soccer-2024_q3/Article-73e20934df34291027.htm,Radware Block Page,,live
https://www.mako.co.il/news-sport/israel_soccer-2024_q3/Article-735686f2c672291027.htm,Radware Block Page,,live
https://www.mako.co.il/news-sport/israel_soccer-2024_q3/Article-72ff7f5e7fb3291026.htm,Radware Block Page,,live
https://www.mako.co.il/news-sport/israel_soccer-2024_q3/Article-6d77bc266e81291027.htm,Radware Block Page,,live
https://www.mako.co.il/news-sport/israel_soccer-2024_q3/Article-6a8d0a7b1b1b191027.htm,Radware Block Page,,live
https://www.mako.co.il/news-sport/israel_soccer-2024_q3/Article-6728de7e62e3291026.htm,Radware Block Page,,live
https://www.mako.co.il/news-sport/israel_soccer-2024_q3/Article-669a5476f02b191026.htm,Radware Block Page,,live
https://www.mako.co.il/news-sport/israel_soccer-2024_q3/Article-633fccf4f630291026.htm,Radware Block Page,,live
https://www.mako.co.il/news-sport/israel_soccer-2024_q3/Article-618908d5c882291027.htm,Radware Block Page,,live
https://www.mako.co.il/news-sport/israel_soccer-2024_q3/Article-605fae91b980291027.htm,Radware Block Page,,live
https://www.mako.co.il/news-sport/israel_soccer-2024_q3/Article-5fa5cbd03c3f191026.htm,Radware Block Page,,live
https://www.mako.co.il/news-sport/israel_soccer-2024_q3/Article-5e6bcc071e6f191027.htm,Radware Block Page,,live
https://www.mako.co.il/news-sport/israel_soccer-2024_q3/Article-5d2a37d371a3291026.htm,Radware Block Page,,live
https://www.mako.co.il/news-sport/israel_soccer-2024_q3/Article-59b1ac919c93291027.htm,Radware Block Page,,live
https://www.mako.co.il/news-sport/israel_soccer-2024_q3/Article-590e1a7cd972291027.htm,Radware Block Page,,live
https://www.mako.co.il/news-sport/israel_soccer-2024_q3/Article-577dfd1ceea1291026.htm,Radware Block Page,,live
https://www.mako.co.il/news-sport/israel_soccer-2024_q3/Article-5692fa4c26d3291026.htm,Radware Block Page,,live
https://www.mako.co.il/news-sport/israel_soccer-2024_q3/Article-52481d40164f191027.htm,Radware Block Page,,live
https://www.mako.co.il/news-sport/israel_soccer-2024_q3/Article-5142895e7444291026.htm,Radware Block Page,,live
https://www.mako.co.il/news-sport/israel_soccer-2024_q3/Article-4e6981094122291026.htm,Radware Block Page,,live
https://www.mako.co.il/news-sport/israel_soccer-2024_q3/Article-4ddb327a0a91291026.htm,Radware Block Page,,live
https://www.mako.co.il/news-sport/israel_soccer-2024_q3/Article-4ba11fc61a44291027.htm,Radware Block Page,,live
https://www.mako.co.il/news-sport/israel_soccer-2024_q3/Article-49efd4b3bf22291026.htm,Radware Block Page,,live
https://www.mako.co.il/news-sport/israel_soccer-2024_q3/Article-49d6baac2730291027.htm,Radware Block Page,,live
https://www.mako.co.il/news-sport/israel_soccer-2024_q3/Article-49501b41e78f191027.htm,Radware Block Page,,live
https://www.mako.co.il/news-sport/israel_soccer-2024_q3/Article-48564f7dd7ca191027.htm,Radware Block Page,,live
https://www.mako.co.il/news-sport/israel_soccer-2024_q3/Article-47dda04dd990291027.htm,Radware Block Page,,live
https://www.mako.co.il/news-sport/israel_soccer-2024_q3/Article-469c2ffa9ce1291027.htm,Radware Block Page,,live
https://www.mako.co.il/news-sport/israel_soccer-2024_q3/Article-46458727b14f191026.htm,Radware Block Page,,live
https://www.mako.co.il/news-sport/israel_soccer-2024_q3/Article-44e531d84300291027.htm,Radware Block Page,,live
https://www.mako.co.il/news-sport/israel_soccer-2024_q3/Article-445ea537d500291026.htm,Radware Block Page,,live
https://www.mako.co.il/news-sport/israel_soccer-2024_q3/Article-3fe4f71106a0291027.htm,Radware Block Page,,live
https://www.mako.co.il/news-sport/israel_soccer-2024_q3/Article-3d5ef483df13291027.htm,Radware Block Page,,live
https://www.mako.co.il/news-sport/israel_soccer-2024_q3/Article-39b9fad11690291026.htm,Radware Block Page,,live
https://www.mako.co.il/news-sport/israel_soccer-2024_q3/Article-39801891d7ca191026.htm,Radware Block Page,,live
https://www.mako.co.il/news-sport/israel_soccer-2024_q3/Article-35c21dcd68a0291027.htm,Radware Block Page,,live
https://www.mako.co.il/news-sport/israel_soccer-2024_q3/Article-354cf69f335f191027.htm,Radware Block Page,,live
https://www.mako.co.il/news-sport/israel_soccer-2024_q3/Article-32eaadc70382291026.htm,Radware Block Page,,live
https://www.mako.co.il/news-sport/israel_soccer-2024_q3/Article-32e578104c71291027.htm,Radware Block Page,,live
https://www.mako.co.il/news-sport/israel_soccer-2024_q3/Article-32b28aa0e951291027.htm,Radware Block Page,,live
https://www.mako.co.il/news-sport/israel_soccer-2024_q3/Article-3256ceb6b7af191026.htm,Radware Block Page,,live
https://www.mako.co.il/news-sport/israel_soccer-2024_q3/Article-3031f435e55f191027.htm,Radware Block Page,,live
https://www.mako.co.il/news-sport/israel_soccer-2024_q3/Article-2c1038733522291027.htm,Radware Block Page,,live
https://www.mako.co.il/news-sport/israel_soccer-2024_q3/Article-28c367f1c8a2291026.htm,Radware Block Page,,live
https://www.mako.co.il/news-sport/israel_soccer-2024_q3/Article-2887b80b69a0291026.htm,Radware Block Page,,live
https://www.mako.co.il/news-sport/israel_soccer-2024_q3/Article-2879f24f7dde191026.htm,Radware Block Page,,live
https://www.mako.co.il/news-sport/israel_soccer-2024_q3/Article-28737791af9f191026.htm,Radware Block Page,,live
https://www.mako.co.il/news-sport/israel_soccer-2024_q3/Article-2742d3ca7231291026.htm,Radware Block Page,,live
https://www.mako.co.il/news-sport/israel_soccer-2024_q3/Article-270a422b7b3f191027.htm,Radware Block Page,,live
https://www.mako.co.il/news-sport/israel_soccer-2024_q3/Article-25b3288d7879191027.htm,Radware Block Page,,live
https://www.mako.co.il/news-sport/israel_soccer-2024_q3/Article-20daaf5032c3291027.htm,Radware Block Page,,live
https://www.mako.co.il/news-sport/israel_soccer-2024_q3/Article-208397f2b2ee091026.htm,Radware Block Page,,live
https://www.mako.co.il/news-sport/israel_soccer-2024_q3/Article-1fe7c9937690291027.htm,Radware Block Page,,live
https://www.mako.co.il/news-sport/israel_soccer-2024_q3/Article-1e4db1db81e1291027.htm,Radware Block Page,,live
https://www.mako.co.il/news-sport/israel_soccer-2024_q3/Article-1d09d8a9b091291027.htm,Radware Block Page,,live
https://www.mako.co.il/news-sport/israel_soccer-2024_q3/Article-1a2f06513ed3291026.htm,Radware Block Page,,live
https://www.mako.co.il/news-sport/israel_soccer-2024_q3/Article-19babc780aff191026.htm,Radware Block Page,,live
https://www.mako.co.il/news-sport/israel_soccer-2024_q3/Article-196b83a82e9e191026.htm,Radware Block Page,,live
https://www.mako.co.il/news-sport/israel_soccer-2024_q3/Article-194964a3c0ff191027.htm,Radware Block Page,,live
https://www.mako.co.il/news-sport/israel_soccer-2024_q3/Article-172a422b7b3f191027.htm,Radware Block Page,,live
https://www.mako.co.il/news-sport/israel_soccer-2024_q3/Article-14ceb8965273291026.htm,Radware Block Page,,live
https://www.mako.co.il/news-sport/israel_soccer-2024_q3/Article-14bdf4ceb2a0291027.htm,Radware Block Page,,live
https://www.mako.co.il/news-sport/israel_soccer-2024_q3/Article-147453d301c2291026.htm,Radware Block Page,,live
https://www.mako.co.il/news-sport/israel_soccer-2024_q3/Article-13175f2e6844291026.htm,Radware Block Page,,live
https://www.mako.co.il/news-sport/israel_soccer-2024_q3/Article-12df6d03ae1f191027.htm,Radware Block Page,,live
https://www.mako.co.il/news-sport/israel_soccer-2024_q3/Article-10724caf2e3f191026.htm,Radware Block Page,,live
https://www.mako.co.il/news-sport/israel_soccer-2024_q3/Article-0f6397454c89191026.htm,Radware Block Page,,live
https://www.mako.co.il/news-sport/israel_soccer-2024_q3/Article-0c1de9717132291027.htm,Radware Block Page,,live
https://www.mako.co.il/news-sport/israel_soccer-2024_q3/Article-0bfd019839f3291026.htm,Radware Block Page,,live
https://www.mako.co.il/news-sport/israel_soccer-2024_q3/Article-0bfab43834a3291026.htm,Radware Block Page,,live
https://www.mako.co.il/news-sport/israel_soccer-2024_q3/Article-08382cab47ba191026.htm,Radware Block Page,,live
https://www.mako.co.il/news-sport/israel_soccer-2024_q3/Article-052e019839f3291026.htm,Radware Block Page,,live
https://www.mako.co.il/news-sport/israel_soccer-2024_q3/Article-02eacc451f04291027.htm,Radware Block Page,,live
https://www.mako.co.il/news-sport/israel_soccer-2024_q3/Article-01dbe50e7e71291027.htm,Radware Block Page,,live
https://www.mako.co.il/news-sport/israel_soccer-2024_q3/Article-0012be0832c3291026.htm,Radware Block Page,,live
https://www.mako.co.il/news-sport/israel_soccer-2024_q2/Article-c7562eef67ddf81026.htm,Radware Block Page,,live
https://www.mako.co.il/news-sport/israel_soccer-2023_q3/Article-31652efc6669981027.htm,Radware Block Page,,live
https://www.mako.co.il/news-sport/euro-2024_q3/Article-4b5a09ffb4e1291026.htm,Radware Block Page,,live
https://www.mako.co.il/news-sport/basketball-2024_q4/Article-f619ffde30e4291026.htm,Radware Block Page,,live
https://www.mako.co.il/news-sport/basketball-2024_q4/Article-ee2bcda42c55291027.htm,Radware Block Page,,live
https://www.mako.co.il/news-sport/basketball-2024_q4/Article-e62a28b88237291027.htm,Radware Block Page,,live
https://www.mako.co.il/news-sport/basketball-2024_q4/Article-e0e1c18f4d65291027.htm,Radware Block Page,,live
https://www.mako.co.il/news-sport/basketball-2024_q4/Article-d6d7f3a3fcf6291026.htm,Radware Block Page,,live
https://www.mako.co.il/news-sport/basketball-2024_q4/Article-d5c075d6a747291026.htm,Radware Block Page,,live
https://www.mako.co.il/news-sport/basketball-2024_q4/Article-cd85dc1c7574291026.htm,Radware Block Page,,live
https://www.mako.co.il/news-sport/basketball-2024_q4/Article-b3bba4a663a6291027.htm,Radware Block Page,,live
https://www.mako.co.il/news-sport/basketball-2024_q4/Article-ab86a7ced566291026.htm,Radware Block Page,,live
https://www.mako.co.il/news-sport/basketball-2024_q4/Article-a8a213733856291027.htm,Radware Block Page,,live
https://www.mako.co.il/news-sport/basketball-2024_q4/Article-9bef9c8550b6291027.htm,Radware Block Page,,live
https://www.mako.co.il/news-sport/basketball-2024_q4/Article-8f6e31bfea85291026.htm,Radware Block Page,,live
https://www.mako.co.il/news-sport/basketball-2024_q4/Article-89e718e2de66291026.htm,Radware Block Page,,live
https://www.mako.co.il/news-sport/basketball-2024_q4/Article-88ea1d0e4284291027.htm,Radware Block Page,,live
https://www.mako.co.il/news-sport/basketball-2024_q4/Article-7d59e8f39b07291027.htm,Radware Block Page,,live
https://www.mako.co.il/news-sport/basketball-2024_q4/Article-7aa9962c8594291026.htm,Radware Block Page,,live
https://www.mako.co.il/news-sport/basketball-2024_q4/Article-79a430187ff5291026.htm,Radware Block Page,,live
https://www.mako.co.il/news-sport/basketball-2024_q4/Article-7182c6baa155291027.htm,Radware Block Page,,live
https://www.mako.co.il/news-sport/basketball-2024_q4/Article-6e64d3805166291026.htm,Radware Block Page,,live
https://www.mako.co.il/news-sport/basketball-2024_q4/Article-6b0bc6ec8e35291027.htm,Radware Block Page,,live
https://www.mako.co.il/news-sport/basketball-2024_q4/Article-697bc6ff0c44291027.htm,Radware Block Page,,live
https://www.mako.co.il/news-sport/basketball-2024_q4/Article-625615659e07291026.htm,Radware Block Page,,live
https://www.mako.co.il/news-sport/basketball-2024_q4/Article-619ecf300276291026.htm,Radware Block Page,,live
https://www.mako.co.il/news-sport/basketball-2024_q4/Article-5d1cf48929d4291026.htm,Radware Block Page,,live
https://www.mako.co.il/news-sport/basketball-2024_q4/Article-5a68271ac794291027.htm,Radware Block Page,,live
https://www.mako.co.il/news-sport/basketball-2024_q4/Article-59ebb4d17837291027.htm,Radware Block Page,,live
https://www.mako.co.il/news-sport/basketball-2024_q4/Article-58453f0ccf85291026.htm,Radware Block Page,,live
https://www.mako.co.il/news-sport/basketball-2024_q4/Article-56a543790fc6291026.htm,Radware Block Page,,live
https://www.mako.co.il/news-sport/basketball-2024_q4/Article-48ecc6ff0c44291027.htm,Radware Block Page,,live
https://www.mako.co.il/news-sport/basketball-2024_q4/Article-47997f14e975291027.htm,Radware Block Page,,live
https://www.mako.co.il/news-sport/basketball-2024_q4/Article-476d63a3a635291027.htm,Radware Block Page,,live
https://www.mako.co.il/news-sport/basketball-2024_q4/Article-46e5d0d9b416291027.htm,Radware Block Page,,live
https://www.mako.co.il/news-sport/basketball-2024_q4/Article-3eaa962c8594291026.htm,Radware Block Page,,live
https://www.mako.co.il/news-sport/basketball-2024_q4/Article-38cc8f26c864291027.htm,Radware Block Page,,live
https://www.mako.co.il/news-sport/basketball-2024_q4/Article-36b21a80bfc5291027.htm,Radware Block Page,,live
https://www.mako.co.il/news-sport/basketball-2024_q4/Article-32bdc593cbf6291027.htm,Radware Block Page,,live
https://www.mako.co.il/news-sport/basketball-2024_q4/Article-2e1e1b73e266291026.htm,Radware Block Page,,live
https://www.mako.co.il/news-sport/basketball-2024_q4/Article-2adf588c9d74291026.htm,Radware Block Page,,live
https://www.mako.co.il/news-sport/basketball-2024_q4/Article-25e938e40fd6291026.htm,Radware Block Page,,live
https://www.mako.co.il/news-sport/basketball-2024_q4/Article-2388ffde30e4291026.htm,Radware Block Page,,live
https://www.mako.co.il/news-sport/basketball-2024_q4/Article-2221cd0f5507291027.htm,Radware Block Page,,live
https://www.mako.co.il/news-sport/basketball-2024_q4/Article-1eeed23ee364291027.htm,Radware Block Page,,live
https://www.mako.co.il/news-sport/basketball-2024_q4/Article-1a0408e19794291026.htm,Radware Block Page,,live
https://www.mako.co.il/news-sport/basketball-2024_q4/Article-10a5fbd269e6291027.htm,Radware Block Page,,live
https://www.mako.co.il/news-sport/basketball-2024_q4/Article-0e583fb98866291027.htm,Radware Block Page,,live
https://www.mako.co.il/news-sport/basketball-2024_q4/Article-0b4d247fe9f6291027.htm,Radware Block Page,,live
https://www.mako.co.il/news-sport/basketball-2024_q4/Article-0a297e1aa6d5291026.htm,Radware Block Page,,live
https://www.mako.co.il/news-sport/basketball-2024_q4/Article-04fdc1fc98e4291026.htm,Radware Block Page,,live
https://www.mako.co.il/news-sport/basketball-2024_q4/Article-00c4caba0b47291027.htm,Radware Block Page,,live
https://www.mako.co.il/news-sport/basketball-2024_q4/Article-00b6f2e2b2b4291026.htm,Radware Block Page,,live
https://www.mako.co.il/news-sport/basketball-2024_q3/Article-fc919f657113291027.htm,Radware Block Page,,live
https://www.mako.co.il/news-sport/basketball-2024_q3/Article-fb1829d4879f191027.htm,Radware Block Page,,live
https://www.mako.co.il/news-sport/basketball-2024_q3/Article-fb1202838282291026.htm,Radware Block Page,,live
https://www.mako.co.il/news-sport/basketball-2024_q3/Article-fac48322806a191026.htm,Radware Block Page,,live
https://www.mako.co.il/news-sport/basketball-2024_q3/Article-ed523508fe9f191026.htm,Radware Block Page,,live
https://www.mako.co.il/news-sport/basketball-2024_q3/Article-e796901bf7e1291026.htm,Radware Block Page,,live
https://www.mako.co.il/news-sport/basketball-2024_q3/Article-e707f5f44141291027.htm,Radware Block Page,,live
https://www.mako.co.il/news-sport/basketball-2024_q3/Article-e5511aa852e1291027.htm,Radware Block Page,,live
https://www.mako.co.il/news-sport/basketball-2024_q3/Article-e1547e0eaabf191027.htm,Radware Block Page,,live
https://www.mako.co.il/news-sport/basketball-2024_q3/Article-dec0cc93d7cf191026.htm,Radware Block Page,,live
https://www.mako.co.il/news-sport/basketball-2024_q3/Article-ddec915f4c13291027.htm,Radware Block Page,,live
https://www.mako.co.il/news-sport/basketball-2024_q3/Article-d79150b62202291027.htm,Radware Block Page,,live
https://www.mako.co.il/news-sport/basketball-2024_q3/Article-d56dd3a49b33291027.htm,Radware Block Page,,live
https://www.mako.co.il/news-sport/basketball-2024_q3/Article-d2424d811514291026.htm,Radware Block Page,,live
https://www.mako.co.il/news-sport/basketball-2024_q3/Article-d1869d7849e1291027.htm,Radware Block Page,,live
https://www.mako.co.il/news-sport/basketball-2024_q3/Article-c4e7323eea00291027.htm,Radware Block Page,,live
https://www.mako.co.il/news-sport/basketball-2024_q3/Article-c2624f0dd9bf191026.htm,Radware Block Page,,live
https://www.mako.co.il/news-sport/basketball-2024_q3/Article-c19ae1eb0641291027.htm,Radware Block Page,,live
https://www.mako.co.il/news-sport/basketball-2024_q3/Article-bfa016e2a452291027.htm,Radware Block Page,,live
https://www.mako.co.il/news-sport/basketball-2024_q3/Article-bf78d17a6552291026.htm,Radware Block Page,,live
https://www.mako.co.il/news-sport/basketball-2024_q3/Article-b8d1c2e285e1291027.htm,Radware Block Page,,live
https://www.mako.co.il/news-sport/basketball-2024_q3/Article-ae5b52df7df1291026.htm,Radware Block Page,,live
https://www.mako.co.il/news-sport/basketball-2024_q3/Article-aa4b95ab0734291026.htm,Radware Block Page,,live
https://www.mako.co.il/news-sport/basketball-2024_q3/Article-aa1f1d05a0d2291026.htm,Radware Block Page,,live
https://www.mako.co.il/news-sport/basketball-2024_q3/Article-a98123f280cf191027.htm,Radware Block Page,,live
https://www.mako.co.il/news-sport/basketball-2024_q3/Article-a6090ce88e01291026.htm,Radware Block Page,,live
https://www.mako.co.il/news-sport/basketball-2024_q3/Article-a5051672cb33291026.htm,Radware Block Page,,live
https://www.mako.co.il/news-sport/basketball-2024_q3/Article-a4a060266ef2291027.htm,Radware Block Page,,live
https://www.mako.co.il/news-sport/basketball-2024_q3/Article-a38d03bf5a1f191027.htm,Radware Block Page,,live
https://www.mako.co.il/news-sport/basketball-2024_q3/Article-a08ba4ead1e1291026.htm,Radware Block Page,,live
