country,outlet,blog_url,kind,timestamp,source,http_status,bytes,final_url,raw_path,result,error,logged_at_utc,note
us,ap,https://apnews.com/live/lebanon-israel-strikes-hamas-war-updates,capture,20240923224720,fetch,200,743040,https://web.archive.org/web/20240923224720id_/https://apnews.com/live/lebanon-israel-strikes-hamas-war-updates,raw/ap/r2lb-c9296f651b0ad1a4-20240923224720.html.gz,ok,,2026-10-06T08:38:28Z,
us,ap,https://apnews.com/live/lebanon-israel-strikes-hamas-war-updates,capture,20240924235302,fetch,200,1322158,https://web.archive.org/web/20240924235302id_/https://apnews.com/live/lebanon-israel-strikes-hamas-war-updates,raw/ap/r2lb-c9296f651b0ad1a4-20240924235302.html.gz,ok,,2026-10-06T08:38:33Z,
us,ap,https://apnews.com/live/lebanon-syria-pagers-hezbollah-updates,capture,20240917235526,fetch,200,451761,https://web.archive.org/web/20240917235526id_/https://apnews.com/live/lebanon-syria-pagers-hezbollah-updates,raw/ap/r2lb-51b99a141ba8a100-20240917235526.html.gz,ok,,2026-10-06T08:38:39Z,
us,ap,https://apnews.com/live/lebanon-syria-pagers-hezbollah-updates,capture,20240918235909,fetch,200,977895,https://web.archive.org/web/20240918235909id_/https://apnews.com/live/lebanon-syria-pagers-hezbollah-updates,raw/ap/r2lb-51b99a141ba8a100-20240918235909.html.gz,ok,,2026-10-06T08:38:44Z,
us,ap,https://apnews.com/live/lebanon-syria-pagers-hezbollah-updates,capture,20240920230621,fetch,200,1105434,https://web.archive.org/web/20240920230621id_/https://apnews.com/live/lebanon-syria-pagers-hezbollah-updates,raw/ap/r2lb-51b99a141ba8a100-20240920230621.html.gz,ok,,2026-10-06T08:38:49Z,
us,ap,https://apnews.com/live/lebanon-syria-pagers-hezbollah-updates,capture,20240921195242,fetch,200,1105614,https://web.archive.org/web/20240921195242id_/https://apnews.com/live/lebanon-syria-pagers-hezbollah-updates,raw/ap/r2lb-51b99a141ba8a100-20240921195242.html.gz,ok,,2026-10-06T08:38:53Z,
us,ap,https://apnews.com/live/lebanon-syria-pagers-hezbollah-updates,capture,20240922043043,fetch,200,1105596,https://web.archive.org/web/20240922022037id_/https://apnews.com/live/lebanon-syria-pagers-hezbollah-updates,raw/ap/r2lb-51b99a141ba8a100-20240922022037.html.gz,ok,,2026-10-06T08:38:59Z,"requested capture not served; Wayback redirected to capture 20240922022037, stored under 20240922022037"
us,ap,https://apnews.com/live/lebanon-syria-pagers-hezbollah-updates,capture,20240923193547,fetch,200,1105949,https://web.archive.org/web/20240923193547id_/https://apnews.com/live/lebanon-syria-pagers-hezbollah-updates,raw/ap/r2lb-51b99a141ba8a100-20240923193547.html.gz,ok,,2026-10-06T08:39:05Z,
us,ap,https://apnews.com/live/lebanon-syria-pagers-hezbollah-updates,capture,20240924094645,fetch,200,1105245,https://web.archive.org/web/20240924094645id_/https://apnews.com/live/lebanon-syria-pagers-hezbollah-updates,raw/ap/r2lb-51b99a141ba8a100-20240924094645.html.gz,ok,,2026-10-06T08:39:10Z,
us,cnn,https://us.cnn.com/world/live-news/israel-lebanon-hezbollah-09-23-24-intl-hnk/,capture,20240923234034,fetch,200,3822900,https://web.archive.org/web/20240923065307id_/https://us.cnn.com/world/live-news/israel-lebanon-hezbollah-09-23-24-intl-hnk/,raw/cnn/r2lb-1ce16060514ab570-20240923065307.html.gz,ok,,2026-10-06T08:39:17Z,"requested capture not served; Wayback redirected to capture 20240923065307, stored under 20240923065307"
us,cnn,https://us.cnn.com/world/live-news/israel-lebanon-hezbollah-09-23-24-intl-hnk/,capture,20240924215457,fetch,200,3822900,https://web.archive.org/web/20240923065307id_/https://us.cnn.com/world/live-news/israel-lebanon-hezbollah-09-23-24-intl-hnk/,raw/cnn/r2lb-1ce16060514ab570-20240923065307.html.gz,ok,,2026-10-06T08:39:23Z,"requested capture not served; Wayback redirected to capture 20240923065307, stored under 20240923065307"
us,cnn,https://www.cnn.com/world/live-news/israel-lebanon-attacks-09-21-24/index.html,capture,20240921233844,fetch,200,4134039,https://web.archive.org/web/20240921225517id_/https://www.cnn.com/world/live-news/israel-lebanon-attacks-09-21-24/index.html,raw/cnn/r2lb-ebec23c1ab4d6eac-20240921225517.html.gz,ok,,2026-10-06T08:39:28Z,"requested capture not served; Wayback redirected to capture 20240921225517, stored under 20240921225517"
us,cnn,https://www.cnn.com/world/live-news/israel-lebanon-attacks-09-21-24/index.html,capture,20240922232712,fetch,200,4199569,https://web.archive.org/web/20240922232712id_/https://www.cnn.com/world/live-news/israel-lebanon-attacks-09-21-24/index.html,raw/cnn/r2lb-ebec23c1ab4d6eac-20240922232712.html.gz,ok,,2026-10-06T08:39:42Z,
us,cnn,https://www.cnn.com/world/live-news/israel-lebanon-attacks-09-21-24/index.html,capture,20240923213756,fetch,200,4183117,https://web.archive.org/web/20240924085550id_/https://www.cnn.com/world/live-news/israel-lebanon-attacks-09-21-24/index.html,raw/cnn/r2lb-ebec23c1ab4d6eac-20240924085550.html.gz,ok,,2026-10-06T08:39:48Z,"requested capture not served; Wayback redirected to capture 20240924085550, stored under 20240924085550"
us,cnn,https://www.cnn.com/world/live-news/israel-lebanon-attacks-09-21-24/index.html,capture,20240924215448,fetch,200,4204280,https://web.archive.org/web/20240924152531id_/https://www.cnn.com/world/live-news/israel-lebanon-attacks-09-21-24/index.html,raw/cnn/r2lb-ebec23c1ab4d6eac-20240924152531.html.gz,ok,,2026-10-06T08:39:55Z,"requested capture not served; Wayback redirected to capture 20240924152531, stored under 20240924152531"
us,cnn,https://www.cnn.com/world/live-news/israel-lebanon-attacks-09-22-24/index.html,capture,20240922233536,fetch,200,4275415,https://web.archive.org/web/20240922233529id_/https://www.cnn.com/world/live-news/israel-lebanon-attacks-09-22-24/index.html,raw/cnn/r2lb-09e1105bee5048b4-20240922233529.html.gz,ok,,2026-10-06T08:40:01Z,"requested capture not served; Wayback redirected to capture 20240922233529, stored under 20240922233529"
us,cnn,https://www.cnn.com/world/live-news/israel-lebanon-attacks-09-22-24/index.html,capture,20240923223921,fetch,200,4281585,https://web.archive.org/web/20240923223921id_/https://www.cnn.com/world/live-news/israel-lebanon-attacks-09-22-24/index.html,raw/cnn/r2lb-09e1105bee5048b4-20240923223921.html.gz,ok,,2026-10-06T08:40:06Z,
us,cnn,https://www.cnn.com/world/live-news/israel-lebanon-attacks-09-22-24/index.html,capture,20240924181253,fetch,200,4286530,https://web.archive.org/web/20240924165925id_/https://www.cnn.com/world/live-news/israel-lebanon-attacks-09-22-24/index.html,raw/cnn/r2lb-09e1105bee5048b4-20240924165925.html.gz,ok,,2026-10-06T08:40:12Z,"requested capture not served; Wayback redirected to capture 20240924165925, stored under 20240924165925"
us,cnn,https://www.cnn.com/world/live-news/israel-lebanon-hezbollah-09-24-24-intl-hnk/,capture,20240924224300,fetch,200,4415578,https://web.archive.org/web/20240924224300id_/https://www.cnn.com/world/live-news/israel-lebanon-hezbollah-09-24-24-intl-hnk/,raw/cnn/r2lb-5eb74ddca0be9517-20240924224300.html.gz,ok,,2026-10-06T08:40:18Z,
us,cnn,https://www.cnn.com/world/live-news/lebanon-explosions-hezbollah-israel-09-19-24-intl-hnk/index.html,capture,20240919235325,fetch,200,4362081,https://web.archive.org/web/20240920005617id_/https://www.cnn.com/world/live-news/lebanon-explosions-hezbollah-israel-09-19-24-intl-hnk/index.html,raw/cnn/r2lb-52baeab1efc6628c-20240920005617.html.gz,ok,,2026-10-06T08:40:24Z,"requested capture not served; Wayback redirected to capture 20240920005617, stored under 20240920005617"
us,cnn,https://www.cnn.com/world/live-news/lebanon-explosions-hezbollah-israel-09-19-24-intl-hnk/index.html,capture,20240920193905,fetch,200,4387065,https://web.archive.org/web/20240920193905id_/https://www.cnn.com/world/live-news/lebanon-explosions-hezbollah-israel-09-19-24-intl-hnk/index.html,raw/cnn/r2lb-52baeab1efc6628c-20240920193905.html.gz,ok,,2026-10-06T08:40:30Z,
us,cnn,https://www.cnn.com/world/live-news/lebanon-explosions-hezbollah-israel-09-19-24-intl-hnk/index.html,capture,20240921205955,fetch,200,4386998,https://web.archive.org/web/20240921150436id_/https://www.cnn.com/world/live-news/lebanon-explosions-hezbollah-israel-09-19-24-intl-hnk/index.html,raw/cnn/r2lb-52baeab1efc6628c-20240921150436.html.gz,ok,,2026-10-06T08:40:36Z,"requested capture not served; Wayback redirected to capture 20240921150436, stored under 20240921150436"
us,cnn,https://www.cnn.com/world/live-news/lebanon-explosions-hezbollah-israel-09-19-24-intl-hnk/index.html,capture,20240922230752,fetch,200,4386923,https://web.archive.org/web/20240923001904id_/https://www.cnn.com/world/live-news/lebanon-explosions-hezbollah-israel-09-19-24-intl-hnk/index.html,raw/cnn/r2lb-52baeab1efc6628c-20240923001904.html.gz,ok,,2026-10-06T08:40:43Z,"requested capture not served; Wayback redirected to capture 20240923001904, stored under 20240923001904"
us,cnn,https://www.cnn.com/world/live-news/lebanon-explosions-hezbollah-israel-09-19-24-intl-hnk/index.html,capture,20240923161041,fetch,200,4370395,https://web.archive.org/web/20240923161041id_/https://www.cnn.com/world/live-news/lebanon-explosions-hezbollah-israel-09-19-24-intl-hnk/index.html,raw/cnn/r2lb-52baeab1efc6628c-20240923161041.html.gz,ok,,2026-10-06T08:40:48Z,
us,cnn,https://www.cnn.com/world/live-news/lebanon-explosions-hezbollah-israel-09-19-24-intl-hnk/index.html,capture,20240924164314,fetch,200,4391634,https://web.archive.org/web/20240924164314id_/https://www.cnn.com/world/live-news/lebanon-explosions-hezbollah-israel-09-19-24-intl-hnk/index.html,raw/cnn/r2lb-52baeab1efc6628c-20240924164314.html.gz,ok,,2026-10-06T08:40:54Z,
us,cnn,https://www.cnn.com/world/live-news/lebanon-explosions-hezbollah-israel-09-20-24-intl-hnk/,capture,20240920235025,fetch,200,4334708,https://web.archive.org/web/20240920233803id_/https://www.cnn.com/world/live-news/lebanon-explosions-hezbollah-israel-09-20-24-intl-hnk/,raw/cnn/r2lb-7a7d9168f641525a-20240920233803.html.gz,ok,,2026-10-06T08:41:00Z,"requested capture not served; Wayback redirected to capture 20240920233803, stored under 20240920233803"
us,cnn,https://www.cnn.com/world/live-news/lebanon-explosions-hezbollah-israel-09-20-24-intl-hnk/,capture,20240921192753,fetch,200,4342086,https://web.archive.org/web/20240921173901id_/https://www.cnn.com/world/live-news/lebanon-explosions-hezbollah-israel-09-20-24-intl-hnk,raw/cnn/r2lb-7a7d9168f641525a-20240921173901.html.gz,ok,,2026-10-06T08:41:06Z,"requested capture not served; Wayback redirected to capture 20240921173901, stored under 20240921173901"
us,cnn,https://www.cnn.com/world/live-news/lebanon-explosions-hezbollah-israel-09-20-24-intl-hnk/,capture,20240922225230,fetch,200,4342008,https://web.archive.org/web/20240922225230id_/https://www.cnn.com/world/live-news/lebanon-explosions-hezbollah-israel-09-20-24-intl-hnk/,raw/cnn/r2lb-7a7d9168f641525a-20240922225230.html.gz,ok,,2026-10-06T08:41:12Z,
us,cnn,https://www.cnn.com/world/live-news/lebanon-explosions-hezbollah-israel-09-20-24-intl-hnk/,capture,20240923212757,fetch,200,4341777,https://web.archive.org/web/20240923204620id_/https://www.cnn.com/world/live-news/lebanon-explosions-hezbollah-israel-09-20-24-intl-hnk,raw/cnn/r2lb-7a7d9168f641525a-20240923204620.html.gz,ok,,2026-10-06T08:41:17Z,"requested capture not served; Wayback redirected to capture 20240923204620, stored under 20240923204620"
us,cnn,https://www.cnn.com/world/live-news/lebanon-explosions-hezbollah-israel-09-20-24-intl-hnk/,capture,20240924184627,fetch,200,4346719,https://web.archive.org/web/20240924161211id_/https://www.cnn.com/world/live-news/lebanon-explosions-hezbollah-israel-09-20-24-intl-hnk,raw/cnn/r2lb-7a7d9168f641525a-20240924161211.html.gz,ok,,2026-10-06T08:41:23Z,"requested capture not served; Wayback redirected to capture 20240924161211, stored under 20240924161211"
us,cnn,https://www.cnn.com/world/live-news/lebanon-pagers-attack-hezbollah/index.html,capture,20240917235405,fetch,200,4158348,https://web.archive.org/web/20240917234258id_/https://www.cnn.com/world/live-news/lebanon-pagers-attack-hezbollah/index.html,raw/cnn/r2lb-1fed0a5fbbb25c50-20240917234258.html.gz,ok,,2026-10-06T08:41:29Z,"requested capture not served; Wayback redirected to capture 20240917234258, stored under 20240917234258"
us,cnn,https://www.cnn.com/world/live-news/lebanon-pagers-attack-hezbollah/index.html,capture,20240918233638,fetch,200,4214167,https://web.archive.org/web/20240918233638id_/https://www.cnn.com/world/live-news/lebanon-pagers-attack-hezbollah/index.html,raw/cnn/r2lb-1fed0a5fbbb25c50-20240918233638.html.gz,ok,,2026-10-06T08:41:34Z,
us,cnn,https://www.cnn.com/world/live-news/lebanon-pagers-attack-hezbollah/index.html,capture,20240920203228,fetch,200,4209818,https://web.archive.org/web/20240920203228id_/https://www.cnn.com/world/live-news/lebanon-pagers-attack-hezbollah/index.html,raw/cnn/r2lb-1fed0a5fbbb25c50-20240920203228.html.gz,ok,,2026-10-06T08:41:42Z,
us,cnn,https://www.cnn.com/world/live-news/lebanon-pagers-attack-hezbollah/index.html,capture,20240921095543,fetch,200,4188121,https://web.archive.org/web/20240921095535id_/https://www.cnn.com/world/live-news/lebanon-pagers-attack-hezbollah/index.html,raw/cnn/r2lb-1fed0a5fbbb25c50-20240921095535.html.gz,ok,,2026-10-06T08:41:48Z,"requested capture not served; Wayback redirected to capture 20240921095535, stored under 20240921095535"
us,cnn,https://www.cnn.com/world/live-news/lebanon-pagers-attack-hezbollah/index.html,capture,20240922123812,fetch,200,4188121,https://web.archive.org/web/20240921095535id_/https://www.cnn.com/world/live-news/lebanon-pagers-attack-hezbollah/index.html,raw/cnn/r2lb-1fed0a5fbbb25c50-20240921095535.html.gz,ok,,2026-10-06T08:41:54Z,"requested capture not served; Wayback redirected to capture 20240921095535, stored under 20240921095535"
us,cnn,https://www.cnn.com/world/live-news/lebanon-pagers-attack-hezbollah/index.html,capture,20240923204904,fetch,200,4209445,https://web.archive.org/web/20240923204904id_/https://www.cnn.com/world/live-news/lebanon-pagers-attack-hezbollah/index.html,raw/cnn/r2lb-1fed0a5fbbb25c50-20240923204904.html.gz,ok,,2026-10-06T08:41:59Z,
us,cnn,https://www.cnn.com/world/live-news/lebanon-pagers-attack-hezbollah/index.html,capture,20240924081025,fetch,200,4209445,https://web.archive.org/web/20240923204904id_/https://www.cnn.com/world/live-news/lebanon-pagers-attack-hezbollah/index.html,raw/cnn/r2lb-1fed0a5fbbb25c50-20240923204904.html.gz,ok,,2026-10-06T08:42:05Z,"requested capture not served; Wayback redirected to capture 20240923204904, stored under 20240923204904"
us,cnn,https://www.cnn.com/world/live-news/lebanon-pagers-explode-hezbollah-israel-09-18-24-intl-hnk/index.html,capture,20240918232359,fetch,200,4383293,https://web.archive.org/web/20240918224137id_/https://www.cnn.com/world/live-news/lebanon-pagers-explode-hezbollah-israel-09-18-24-intl-hnk/index.html,raw/cnn/r2lb-428b6082aab74271-20240918224137.html.gz,ok,,2026-10-06T08:42:12Z,"requested capture not served; Wayback redirected to capture 20240918224137, stored under 20240918224137"
us,cnn,https://www.cnn.com/world/live-news/lebanon-pagers-explode-hezbollah-israel-09-18-24-intl-hnk/index.html,capture,20240919223752,fetch,200,4539540,https://web.archive.org/web/20240919172942id_/https://www.cnn.com/world/live-news/lebanon-pagers-explode-hezbollah-israel-09-18-24-intl-hnk/index.html,raw/cnn/r2lb-428b6082aab74271-20240919172942.html.gz,ok,,2026-10-06T08:42:18Z,"requested capture not served; Wayback redirected to capture 20240919172942, stored under 20240919172942"
us,cnn,https://www.cnn.com/world/live-news/lebanon-pagers-explode-hezbollah-israel-09-18-24-intl-hnk/index.html,capture,20240920202502,fetch,200,4523329,https://web.archive.org/web/20240920122100id_/https://www.cnn.com/world/live-news/lebanon-pagers-explode-hezbollah-israel-09-18-24-intl-hnk/index.html,raw/cnn/r2lb-428b6082aab74271-20240920122100.html.gz,ok,,2026-10-06T08:42:24Z,"requested capture not served; Wayback redirected to capture 20240920122100, stored under 20240920122100"
us,cnn,https://www.cnn.com/world/live-news/lebanon-pagers-explode-hezbollah-israel-09-18-24-intl-hnk/index.html,capture,20240921165732,fetch,200,4518143,https://web.archive.org/web/20240921094049id_/https://www.cnn.com/world/live-news/lebanon-pagers-explode-hezbollah-israel-09-18-24-intl-hnk/index.html,raw/cnn/r2lb-428b6082aab74271-20240921094049.html.gz,ok,,2026-10-06T08:42:31Z,"requested capture not served; Wayback redirected to capture 20240921094049, stored under 20240921094049"
us,cnn,https://www.cnn.com/world/live-news/lebanon-pagers-explode-hezbollah-israel-09-18-24-intl-hnk/index.html,capture,20240922230813,fetch,200,4534682,https://web.archive.org/web/20240922151942id_/https://www.cnn.com/world/live-news/lebanon-pagers-explode-hezbollah-israel-09-18-24-intl-hnk/index.html,raw/cnn/r2lb-428b6082aab74271-20240922151942.html.gz,ok,,2026-10-06T08:42:37Z,"requested capture not served; Wayback redirected to capture 20240922151942, stored under 20240922151942"
us,cnn,https://www.cnn.com/world/live-news/lebanon-pagers-explode-hezbollah-israel-09-18-24-intl-hnk/index.html,capture,20240923224127,fetch,200,4539620,https://web.archive.org/web/20240923224127id_/https://www.cnn.com/world/live-news/lebanon-pagers-explode-hezbollah-israel-09-18-24-intl-hnk/index.html,raw/cnn/r2lb-428b6082aab74271-20240923224127.html.gz,ok,,2026-10-06T08:42:42Z,
us,cnn,https://www.cnn.com/world/live-news/lebanon-pagers-explode-hezbollah-israel-09-18-24-intl-hnk/index.html,capture,20240924181244,fetch,200,4539620,https://web.archive.org/web/20240923224127id_/https://www.cnn.com/world/live-news/lebanon-pagers-explode-hezbollah-israel-09-18-24-intl-hnk/index.html,raw/cnn/r2lb-428b6082aab74271-20240923224127.html.gz,ok,,2026-10-06T08:42:48Z,"requested capture not served; Wayback redirected to capture 20240923224127, stored under 20240923224127"
us,nyt,https://www.nytimes.com/live/2024/09/17/opinion/thepoint/hezbollah-israel-pagers-assassinations,capture,20240918224656,fetch,200,702833,https://web.archive.org/web/20240918224656id_/https://www.nytimes.com/live/2024/09/17/opinion/thepoint/hezbollah-israel-pagers-assassinations,raw/nyt/r2lb-ff1736ad2998ceb5-20240918224656.html.gz,ok,,2026-10-06T08:43:00Z,
us,nyt,https://www.nytimes.com/live/2024/09/17/opinion/thepoint/hezbollah-israel-pagers-assassinations,capture,20240921021558,fetch,200,1015634,https://web.archive.org/web/20240921021558id_/https://www.nytimes.com/live/2024/09/17/opinion/thepoint/hezbollah-israel-pagers-assassinations,raw/nyt/r2lb-ff1736ad2998ceb5-20240921021558.html.gz,ok,,2026-10-06T08:43:05Z,
us,nyt,https://www.nytimes.com/live/2024/09/17/opinion/thepoint/hezbollah-israel-pagers-assassinations,capture,20240922060309,fetch,200,1015053,https://web.archive.org/web/20240922060309id_/https://www.nytimes.com/live/2024/09/17/opinion/thepoint/hezbollah-israel-pagers-assassinations,raw/nyt/r2lb-ff1736ad2998ceb5-20240922060309.html.gz,ok,,2026-10-06T08:43:10Z,
us,nyt,https://www.nytimes.com/live/2024/09/17/opinion/thepoint/hezbollah-israel-pagers-assassinations,capture,20240924054124,fetch,200,1129487,https://web.archive.org/web/20240924054124id_/https://www.nytimes.com/live/2024/09/17/opinion/thepoint/hezbollah-israel-pagers-assassinations,raw/nyt/r2lb-ff1736ad2998ceb5-20240924054124.html.gz,ok,,2026-10-06T08:43:15Z,
us,nyt,https://www.nytimes.com/live/2024/09/17/world/israel-hamas-war-news,capture,20240917234632,fetch,200,1270402,https://web.archive.org/web/20240917234632id_/https://www.nytimes.com/live/2024/09/17/world/israel-hamas-war-news,raw/nyt/r2lb-896aeec0f4ca59c2-20240917234632.html.gz,ok,,2026-10-06T08:43:27Z,
us,nyt,https://www.nytimes.com/live/2024/09/17/world/israel-hamas-war-news,capture,20240918230351,fetch,200,1275815,https://web.archive.org/web/20240918230351id_/https://www.nytimes.com/live/2024/09/17/world/israel-hamas-war-news,raw/nyt/r2lb-896aeec0f4ca59c2-20240918230351.html.gz,ok,,2026-10-06T08:43:32Z,
us,nyt,https://www.nytimes.com/live/2024/09/17/world/israel-hamas-war-news,capture,20240919003915,fetch,200,1275459,https://web.archive.org/web/20240919003915id_/https://www.nytimes.com/live/2024/09/17/world/israel-hamas-war-news,raw/nyt/r2lb-896aeec0f4ca59c2-20240919003915.html.gz,ok,,2026-10-06T08:43:38Z,
us,nyt,https://www.nytimes.com/live/2024/09/17/world/israel-hamas-war-news,capture,20240920153207,fetch,200,1266362,https://web.archive.org/web/20240920153207id_/https://www.nytimes.com/live/2024/09/17/world/israel-hamas-war-news,raw/nyt/r2lb-896aeec0f4ca59c2-20240920153207.html.gz,ok,,2026-10-06T08:43:43Z,
us,nyt,https://www.nytimes.com/live/2024/09/17/world/israel-hamas-war-news,capture,20240921063209,fetch,200,1227011,https://web.archive.org/web/20240921063209id_/https://www.nytimes.com/live/2024/09/17/world/israel-hamas-war-news,raw/nyt/r2lb-896aeec0f4ca59c2-20240921063209.html.gz,ok,,2026-10-06T08:43:49Z,
us,nyt,https://www.nytimes.com/live/2024/09/17/world/israel-hamas-war-news,capture,20240922232121,fetch,200,1208075,https://web.archive.org/web/20240922232121id_/https://www.nytimes.com/live/2024/09/17/world/israel-hamas-war-news,raw/nyt/r2lb-896aeec0f4ca59c2-20240922232121.html.gz,ok,,2026-10-06T08:43:55Z,
us,nyt,https://www.nytimes.com/live/2024/09/17/world/israel-hamas-war-news,capture,20240923230717,fetch,200,1243741,https://web.archive.org/web/20240923230717id_/https://www.nytimes.com/live/2024/09/17/world/israel-hamas-war-news,raw/nyt/r2lb-896aeec0f4ca59c2-20240923230717.html.gz,ok,,2026-10-06T08:44:00Z,
us,nyt,https://www.nytimes.com/live/2024/09/17/world/israel-hamas-war-news,capture,20240924215937,fetch,200,1279967,https://web.archive.org/web/20240924215937id_/https://www.nytimes.com/live/2024/09/17/world/israel-hamas-war-news,raw/nyt/r2lb-896aeec0f4ca59c2-20240924215937.html.gz,ok,,2026-10-06T08:44:04Z,
us,nyt,https://www.nytimes.com/live/2024/09/18/world/israel-hezbollah-gaza-hamas,capture,20240918224547,fetch,200,1871550,https://web.archive.org/web/20240918224547id_/https://www.nytimes.com/live/2024/09/18/world/israel-hezbollah-gaza-hamas,raw/nyt/r2lb-c23c61a6b83dc0f5-20240918224547.html.gz,ok,,2026-10-06T08:44:22Z,
us,nyt,https://www.nytimes.com/live/2024/09/18/world/israel-hezbollah-gaza-hamas,capture,20240919153000,fetch,200,1708571,https://web.archive.org/web/20240919153000id_/https://www.nytimes.com/live/2024/09/18/world/israel-hezbollah-gaza-hamas,raw/nyt/r2lb-c23c61a6b83dc0f5-20240919153000.html.gz,ok,,2026-10-06T08:44:26Z,
us,nyt,https://www.nytimes.com/live/2024/09/18/world/israel-hezbollah-gaza-hamas,capture,20240920061852,fetch,200,1670288,https://web.archive.org/web/20240920061852id_/https://www.nytimes.com/live/2024/09/18/world/israel-hezbollah-gaza-hamas,raw/nyt/r2lb-c23c61a6b83dc0f5-20240920061852.html.gz,ok,,2026-10-06T08:44:31Z,
us,nyt,https://www.nytimes.com/live/2024/09/18/world/israel-hezbollah-gaza-hamas,capture,20240921011722,fetch,200,1679934,https://web.archive.org/web/20240921011722id_/https://www.nytimes.com/live/2024/09/18/world/israel-hezbollah-gaza-hamas,raw/nyt/r2lb-c23c61a6b83dc0f5-20240921011722.html.gz,ok,,2026-10-06T08:44:36Z,
us,nyt,https://www.nytimes.com/live/2024/09/18/world/israel-hezbollah-gaza-hamas,capture,20240924173757,fetch,200,1811966,https://web.archive.org/web/20240924173757id_/https://www.nytimes.com/live/2024/09/18/world/israel-hezbollah-gaza-hamas,raw/nyt/r2lb-c23c61a6b83dc0f5-20240924173757.html.gz,ok,,2026-10-06T08:44:41Z,
us,nyt,https://www.nytimes.com/live/2024/09/20/world/gaza-israel-hamas-hezbollah,capture,20240920233253,fetch,200,1658592,https://web.archive.org/web/20240920233253id_/https://www.nytimes.com/live/2024/09/20/world/gaza-israel-hamas-hezbollah,raw/nyt/r2lb-9be35dfdab8b5aeb-20240920233253.html.gz,ok,,2026-10-06T08:44:53Z,
us,nyt,https://www.nytimes.com/live/2024/09/20/world/gaza-israel-hamas-hezbollah,capture,20240921164909,fetch,200,1556989,https://web.archive.org/web/20240921164909id_/https://www.nytimes.com/live/2024/09/20/world/gaza-israel-hamas-hezbollah,raw/nyt/r2lb-9be35dfdab8b5aeb-20240921164909.html.gz,ok,,2026-10-06T08:44:58Z,
us,nyt,https://www.nytimes.com/live/2024/09/20/world/gaza-israel-hamas-hezbollah,capture,20240922165220,fetch,200,1556985,https://web.archive.org/web/20240922165220id_/https://www.nytimes.com/live/2024/09/20/world/gaza-israel-hamas-hezbollah,raw/nyt/r2lb-9be35dfdab8b5aeb-20240922165220.html.gz,ok,,2026-10-06T08:45:04Z,
us,nyt,https://www.nytimes.com/live/2024/09/20/world/gaza-israel-hamas-hezbollah,capture,20240923221051,fetch,200,1540002,https://web.archive.org/web/20240923221051id_/https://www.nytimes.com/live/2024/09/20/world/gaza-israel-hamas-hezbollah,raw/nyt/r2lb-9be35dfdab8b5aeb-20240923221051.html.gz,ok,,2026-10-06T08:45:09Z,
us,nyt,https://www.nytimes.com/live/2024/09/20/world/gaza-israel-hamas-hezbollah,capture,20240924174117,fetch,200,1609426,https://web.archive.org/web/20240924174117id_/https://www.nytimes.com/live/2024/09/20/world/gaza-israel-hamas-hezbollah,raw/nyt/r2lb-9be35dfdab8b5aeb-20240924174117.html.gz,ok,,2026-10-06T08:45:17Z,
us,nyt,https://www.nytimes.com/live/2024/09/21/world/gaza-israel-hamas-hezbollah,capture,20240921233431,fetch,200,1585832,https://web.archive.org/web/20240921233431id_/https://www.nytimes.com/live/2024/09/21/world/gaza-israel-hamas-hezbollah,raw/nyt/r2lb-bf551f023f6ce3ea-20240921233431.html.gz,ok,,2026-10-06T08:45:39Z,
us,nyt,https://www.nytimes.com/live/2024/09/21/world/gaza-israel-hamas-hezbollah,capture,20240922044601,fetch,200,1619847,https://web.archive.org/web/20240922044601id_/https://www.nytimes.com/live/2024/09/21/world/gaza-israel-hamas-hezbollah,raw/nyt/r2lb-bf551f023f6ce3ea-20240922044601.html.gz,ok,,2026-10-06T08:45:45Z,
us,nyt,https://www.nytimes.com/live/2024/09/21/world/gaza-israel-hamas-hezbollah,capture,20240923202916,fetch,200,1511966,https://web.archive.org/web/20240923202916id_/https://www.nytimes.com/live/2024/09/21/world/gaza-israel-hamas-hezbollah,raw/nyt/r2lb-bf551f023f6ce3ea-20240923202916.html.gz,ok,,2026-10-06T08:45:49Z,
us,nyt,https://www.nytimes.com/live/2024/09/21/world/gaza-israel-hamas-hezbollah,capture,20240924041735,fetch,200,1512092,https://web.archive.org/web/20240924041735id_/https://www.nytimes.com/live/2024/09/21/world/gaza-israel-hamas-hezbollah,raw/nyt/r2lb-bf551f023f6ce3ea-20240924041735.html.gz,ok,,2026-10-06T08:45:54Z,
us,nyt,https://www.nytimes.com/live/2024/09/22/world/gaza-israel-hamas-hezbollah,capture,20240922153056,fetch,200,1195996,https://web.archive.org/web/20240922153056id_/https://www.nytimes.com/live/2024/09/22/world/gaza-israel-hamas-hezbollah,raw/nyt/r2lb-82c6883e31543bd5-20240922153056.html.gz,ok,,2026-10-06T08:46:22Z,
us,nyt,https://www.nytimes.com/live/2024/09/22/world/gaza-israel-hamas-hezbollah,capture,20240923203508,fetch,200,1495843,https://web.archive.org/web/20240923203508id_/https://www.nytimes.com/live/2024/09/22/world/gaza-israel-hamas-hezbollah,raw/nyt/r2lb-82c6883e31543bd5-20240923203508.html.gz,ok,,2026-10-06T08:46:26Z,
us,wapo,https://www.washingtonpost.com/world/2024/09/21/israel-lebanon-hezbollah-hamas-war-news-gaza-ibrahim-aqil/,capture,20240921090135,fetch,200,582937,https://web.archive.org/web/20240921090135id_/https://www.washingtonpost.com/world/2024/09/21/israel-lebanon-hezbollah-hamas-war-news-gaza-ibrahim-aqil/,raw/wapo/r2lb-31e43ceb97789de3-20240921090135.html.gz,ok,,2026-10-06T08:46:48Z,
us,wapo,https://www.washingtonpost.com/world/2024/09/22/israel-lebanon-hezbollah-hamas-war-news-gaza/,capture,20240922053953,fetch,200,610379,https://web.archive.org/web/20240922053953id_/https://www.washingtonpost.com/world/2024/09/22/israel-lebanon-hezbollah-hamas-war-news-gaza/,raw/wapo/r2lb-3c21627c13fa03f9-20240922053953.html.gz,ok,,2026-10-06T08:46:57Z,
us,wapo,https://www.washingtonpost.com/world/2024/09/23/israel-lebanon-hezbollah-hamas-war-news-gaza/,capture,20240923175715,fetch,200,830138,https://web.archive.org/web/20240923175715id_/https://www.washingtonpost.com/world/2024/09/23/israel-lebanon-hezbollah-hamas-war-news-gaza/,raw/wapo/r2lb-be071fc07e629a37-20240923175715.html.gz,ok,,2026-10-06T08:47:50Z,
us,wapo,https://www.washingtonpost.com/world/2024/09/24/israel-lebanon-hezbollah-hamas-war-news-gaza/,capture,20240924063800,fetch,200,623984,https://web.archive.org/web/20240924063800id_/https://www.washingtonpost.com/world/2024/09/24/israel-lebanon-hezbollah-hamas-war-news-gaza/,raw/wapo/r2lb-c735aadfdd2d4494-20240924063800.html.gz,ok,,2026-10-06T08:48:40Z,
us,abc,https://abcnews.go.com/International/live-updates/israel-gaza-egypt-russia-airport/,capture,20240923090657,fetch,200,97770,https://web.archive.org/web/20240913180249id_/https://abcnews.go.com/International/live-updates/israel-gaza-egypt-russia-airport/,,error,redirected to capture 20240913180249 outside window; discarded,2026-10-06T08:48:46Z,
us,abc,https://abcnews.go.com/International/live-updates/israel-gaza-hamas-war-updates/,capture,20240923053618,fetch,200,97831,https://web.archive.org/web/20240901153134id_/https://abcnews.go.com/International/live-updates/israel-gaza-hamas-war-updates/,,error,redirected to capture 20240901153134 outside window; discarded,2026-10-06T08:48:51Z,
us,abc,https://abcnews.go.com/International/live-updates/israel-hamas-war-cease-fire-talks,capture,20240920141950,fetch,200,97856,https://web.archive.org/web/20240811122416id_/https://abcnews.go.com/International/live-updates/israel-hamas-war-cease-fire-talks/,,error,redirected to capture 20240811122416 outside window; discarded,2026-10-06T08:48:55Z,
us,abc,https://abcnews.go.com/International/live-updates/israel-war-hamas-gaza-latest/,capture,20240921193038,fetch,200,98072,https://web.archive.org/web/20240808123400id_/https://abcnews.go.com/International/live-updates/israel-war-hamas-gaza-latest/,,error,redirected to capture 20240808123400 outside window; discarded,2026-10-06T08:49:01Z,
us,abc,https://abcnews.go.com/International/live-updates/us-airstrikes-iran-militias/,capture,20240919073336,fetch,200,97589,https://web.archive.org/web/20240909175430id_/https://abcnews.go.com/International/live-updates/us-airstrikes-iran-militias/,,error,redirected to capture 20240909175430 outside window; discarded,2026-10-06T08:49:06Z,
us,cnn,https://www.cnn.com/world/live-news/lebanon-explosions-hezbollah-israel-09-19-24-intl-hnk/index.html,capture,20240919190130,fetch,200,4296174,https://web.archive.org/web/20240919190130id_/https://www.cnn.com/world/live-news/lebanon-explosions-hezbollah-israel-09-19-24-intl-hnk/index.html,raw/cnn/r2lb-52baeab1efc6628c-20240919190130.html.gz,ok,,2026-10-06T08:55:15Z,
us,cnn,https://www.cnn.com/world/live-news/lebanon-explosions-hezbollah-israel-09-19-24-intl-hnk/index.html,capture,20240922145747,fetch,200,4386934,https://web.archive.org/web/20240922145747id_/https://www.cnn.com/world/live-news/lebanon-explosions-hezbollah-israel-09-19-24-intl-hnk/index.html,raw/cnn/r2lb-52baeab1efc6628c-20240922145747.html.gz,ok,,2026-10-06T08:55:21Z,
us,abc,https://abcnews.go.com/International/live-updates/israel-gaza-egypt-russia-airport/,capture,20240923090657,fetch,200,97770,https://web.archive.org/web/20240913180249id_/https://abcnews.go.com/International/live-updates/israel-gaza-egypt-russia-airport/,,error,redirected to capture 20240913180249 outside window; discarded,2026-10-06T08:56:22Z,
us,abc,https://abcnews.go.com/International/live-updates/israel-gaza-egypt-russia-airport/,capture,20240923090651,fetch,200,97770,https://web.archive.org/web/20240913180249id_/https://abcnews.go.com/International/live-updates/israel-gaza-egypt-russia-airport/,,error,redirected to capture 20240913180249 outside window; discarded,2026-10-06T08:56:27Z,
us,abc,https://abcnews.go.com/International/live-updates/israel-gaza-egypt-russia-airport/,capture,20240923090650,fetch,200,97770,https://web.archive.org/web/20240913180249id_/https://abcnews.go.com/International/live-updates/israel-gaza-egypt-russia-airport/,,error,redirected to capture 20240913180249 outside window; discarded,2026-10-06T08:56:33Z,
us,abc,https://abcnews.go.com/International/live-updates/israel-gaza-hamas-war-updates/,capture,20240923053618,fetch,200,97831,https://web.archive.org/web/20240901153134id_/https://abcnews.go.com/International/live-updates/israel-gaza-hamas-war-updates/,,error,redirected to capture 20240901153134 outside window; discarded,2026-10-06T08:56:38Z,
us,abc,https://abcnews.go.com/International/live-updates/israel-gaza-hamas-war-updates/,capture,20240922033412,fetch,200,97831,https://web.archive.org/web/20240901153134id_/https://abcnews.go.com/International/live-updates/israel-gaza-hamas-war-updates/,,error,redirected to capture 20240901153134 outside window; discarded,2026-10-06T08:56:44Z,
us,abc,https://abcnews.go.com/International/live-updates/israel-gaza-hamas-war-updates/,capture,20240921071647,fetch,200,97831,https://web.archive.org/web/20240901153134id_/https://abcnews.go.com/International/live-updates/israel-gaza-hamas-war-updates/,,error,redirected to capture 20240901153134 outside window; discarded,2026-10-06T08:56:49Z,
us,abc,https://abcnews.go.com/International/live-updates/israel-hamas-war-cease-fire-talks,capture,20240920141950,fetch,200,97856,https://web.archive.org/web/20240811122416id_/https://abcnews.go.com/International/live-updates/israel-hamas-war-cease-fire-talks/,,error,redirected to capture 20240811122416 outside window; discarded,2026-10-06T08:56:54Z,
us,abc,https://abcnews.go.com/International/live-updates/israel-hamas-war-cease-fire-talks,capture,20240920135648,fetch,200,97856,https://web.archive.org/web/20240811122416id_/https://abcnews.go.com/International/live-updates/israel-hamas-war-cease-fire-talks/,,error,redirected to capture 20240811122416 outside window; discarded,2026-10-06T08:57:02Z,
us,abc,https://abcnews.go.com/International/live-updates/israel-hamas-war-cease-fire-talks,capture,20240920134655,fetch,200,97856,https://web.archive.org/web/20240811122416id_/https://abcnews.go.com/International/live-updates/israel-hamas-war-cease-fire-talks/,,error,redirected to capture 20240811122416 outside window; discarded,2026-10-06T08:57:08Z,
us,abc,https://abcnews.go.com/International/live-updates/israel-war-hamas-gaza-latest/,capture,20240921193038,fetch,200,98072,https://web.archive.org/web/20240808123400id_/https://abcnews.go.com/International/live-updates/israel-war-hamas-gaza-latest/,,error,redirected to capture 20240808123400 outside window; discarded,2026-10-06T08:57:24Z,
us,abc,https://abcnews.go.com/International/live-updates/us-airstrikes-iran-militias/,capture,20240919073336,fetch,200,97589,https://web.archive.org/web/20240909175430id_/https://abcnews.go.com/International/live-updates/us-airstrikes-iran-militias/,,error,redirected to capture 20240909175430 outside window; discarded,2026-10-06T08:57:29Z,
us,abc,https://abcnews.go.com/International/live-updates/us-airstrikes-iran-militias/,capture,20240917210551,fetch,200,97589,https://web.archive.org/web/20240909175430id_/https://abcnews.go.com/International/live-updates/us-airstrikes-iran-militias/,,error,redirected to capture 20240909175430 outside window; discarded,2026-10-06T08:57:34Z,
us,ap,https://apnews.com/live/lebanon-israel-strikes-hamas-war-updates,cdx,,cdx-fetch,200,,https://apnews.com/live/lebanon-israel-strikes-hamas-war-updates,,ok,,2026-10-06T09:00:44Z,20240923144452@https://apnews.com/live/lebanon-israel-strikes-hamas-war-updates 20240923162342@https://apnews.com/live/lebanon-israel-strikes-hamas-war-updates 20240923164936@https://apnews.com/live/lebanon-israel-strikes-hamas-war-updates 20240923172042@https://apnews.com/live/lebanon-israel-strikes-hamas-war-updates 20240923195802@https://apnews.com/live/lebanon-israel-strikes-hamas-war-updates 20240923224720@https://apnews.com/live/lebanon-israel-strikes-hamas-war-updates 20240924014756@https://apnews.com/live/lebanon-israel-strikes-hamas-war-updates 20240924054943@https://apnews.com/live/lebanon-israel-strikes-hamas-war-updates 20240924061038@https://apnews.com/live/lebanon-israel-strikes-hamas-war-updates 20240924062852@https://apnews.com/live/lebanon-israel-strikes-hamas-war-updates 20240924063133@https://apnews.com/live/lebanon-israel-strikes-hamas-war-updates 20240924063319@https://apnews.com/live/lebanon-israel-strikes-hamas-war-updates 20240924063331@https://apnews.com/live/lebanon-israel-strikes-hamas-war-updates 20240924073346@https://apnews.com/live/lebanon-israel-strikes-hamas-war-updates 20240924073522@https://apnews.com/live/lebanon-israel-strikes-hamas-war-updates 20240924075153@https://apnews.com/live/lebanon-israel-strikes-hamas-war-updates 20240924075340@https://apnews.com/live/lebanon-israel-strikes-hamas-war-updates 20240924075701@https://apnews.com/live/lebanon-israel-strikes-hamas-war-updates 20240924081329@https://apnews.com/live/lebanon-israel-strikes-hamas-war-updates 20240924084914@https://apnews.com/live/lebanon-israel-strikes-hamas-war-updates 20240924095012@https://apnews.com/live/lebanon-israel-strikes-hamas-war-updates 20240924104047@https://apnews.com/live/lebanon-israel-strikes-hamas-war-updates 20240924122144@https://apnews.com/live/lebanon-israel-strikes-hamas-war-updates 20240924131458@https://apnews.com/live/lebanon-israel-strikes-hamas-war-updates 20240924131637@https://apnews.com/live/lebanon-israel-strikes-hamas-war-updates 20240924131831@https://apnews.com/live/lebanon-israel-strikes-hamas-war-updates 20240924132618@https://apnews.com/live/lebanon-israel-strikes-hamas-war-updates 20240924134316@https://apnews.com/live/lebanon-israel-strikes-hamas-war-updates 20240924135147@https://apnews.com/live/lebanon-israel-strikes-hamas-war-updates 20240924144155@https://apnews.com/live/lebanon-israel-strikes-hamas-war-updates 20240924144747@https://apnews.com/live/lebanon-israel-strikes-hamas-war-updates 20240924144821@https://apnews.com/live/lebanon-israel-strikes-hamas-war-updates 20240924145122@https://apnews.com/live/lebanon-israel-strikes-hamas-war-updates 20240924150822@https://apnews.com/live/lebanon-israel-strikes-hamas-war-updates 20240924150853@https://apnews.com/live/lebanon-israel-strikes-hamas-war-updates 20240924155442@https://apnews.com/live/lebanon-israel-strikes-hamas-war-updates 20240924155542@https://apnews.com/live/lebanon-israel-strikes-hamas-war-updates 20240924165812@https://apnews.com/live/lebanon-israel-strikes-hamas-war-updates 20240924174044@https://apnews.com/live/lebanon-israel-strikes-hamas-war-updates 20240924180146@https://apnews.com/live/lebanon-israel-strikes-hamas-war-updates 20240924183237@https://apnews.com/live/lebanon-israel-strikes-hamas-war-updates 20240924183439@https://apnews.com/live/lebanon-israel-strikes-hamas-war-updates 20240924183928@https://apnews.com/live/lebanon-israel-strikes-hamas-war-updates 20240924191313@https://apnews.com/live/lebanon-israel-strikes-hamas-war-updates 20240924200132@https://apnews.com/live/lebanon-israel-strikes-hamas-war-updates 20240924200303@https://apnews.com/live/lebanon-israel-strikes-hamas-war-updates 20240924200330@https://apnews.com/live/lebanon-israel-strikes-hamas-war-updates 20240924203934@https://apnews.com/live/lebanon-israel-strikes-hamas-war-updates 20240924204008@https://apnews.com/live/lebanon-israel-strikes-hamas-war-updates 20240924204132@https://apnews.com/live/lebanon-israel-strikes-hamas-war-updates 20240924204251@https://apnews.com/live/lebanon-israel-strikes-hamas-war-updates 20240924212912@https://apnews.com/live/lebanon-israel-strikes-hamas-war-updates 20240924212937@https://apnews.com/live/lebanon-israel-strikes-hamas-war-updates 20240924224804@https://apnews.com/live/lebanon-israel-strikes-hamas-war-updates 20240924225840@https://apnews.com/live/lebanon-israel-strikes-hamas-war-updates 20240924232035@https://apnews.com/live/lebanon-israel-strikes-hamas-war-updates 20240924235302@https://apnews.com/live/lebanon-israel-strikes-hamas-war-updates
us,ap,https://apnews.com/live/lebanon-syria-pagers-hezbollah-updates,cdx,,cdx-fetch,200,,https://apnews.com/live/lebanon-syria-pagers-hezbollah-updates,,ok,,2026-10-06T09:00:48Z,20240917171509@https://apnews.com/live/lebanon-syria-pagers-hezbollah-updates 20240917172709@https://apnews.com/live/lebanon-syria-pagers-hezbollah-updates 20240917172713@https://apnews.com/live/lebanon-syria-pagers-hezbollah-updates 20240917185648@https://apnews.com/live/lebanon-syria-pagers-hezbollah-updates 20240917192357@https://apnews.com/live/lebanon-syria-pagers-hezbollah-updates 20240917195227@https://apnews.com/live/lebanon-syria-pagers-hezbollah-updates 20240917195321@https://apnews.com/live/lebanon-syria-pagers-hezbollah-updates 20240917200852@https://apnews.com/live/lebanon-syria-pagers-hezbollah-updates 20240917202252@https://apnews.com/live/lebanon-syria-pagers-hezbollah-updates 20240917204133@https://apnews.com/live/lebanon-syria-pagers-hezbollah-updates 20240917205434@https://apnews.com/live/lebanon-syria-pagers-hezbollah-updates 20240917205748@https://apnews.com/live/lebanon-syria-pagers-hezbollah-updates 20240917211223@https://apnews.com/live/lebanon-syria-pagers-hezbollah-updates 20240917212432@https://apnews.com/live/lebanon-syria-pagers-hezbollah-updates 20240917214038@https://apnews.com/live/lebanon-syria-pagers-hezbollah-updates 20240917215809@https://apnews.com/live/lebanon-syria-pagers-hezbollah-updates 20240917221204@https://apnews.com/live/lebanon-syria-pagers-hezbollah-updates 20240917222332@https://apnews.com/live/lebanon-syria-pagers-hezbollah-updates 20240917223949@https://apnews.com/live/lebanon-syria-pagers-hezbollah-updates 20240917225652@https://apnews.com/live/lebanon-syria-pagers-hezbollah-updates 20240917231338@https://apnews.com/live/lebanon-syria-pagers-hezbollah-updates 20240917232810@https://apnews.com/live/lebanon-syria-pagers-hezbollah-updates 20240917233656@https://apnews.com/live/lebanon-syria-pagers-hezbollah-updates 20240917234037@https://apnews.com/live/lebanon-syria-pagers-hezbollah-updates 20240917234805@https://apnews.com/live/lebanon-syria-pagers-hezbollah-updates 20240917235511@https://apnews.com/live/lebanon-syria-pagers-hezbollah-updates 20240917235526@https://apnews.com/live/lebanon-syria-pagers-hezbollah-updates 20240918002707@https://apnews.com/live/lebanon-syria-pagers-hezbollah-updates 20240918003629@https://apnews.com/live/lebanon-syria-pagers-hezbollah-updates 20240918004104@https://apnews.com/live/lebanon-syria-pagers-hezbollah-updates 20240918004337@https://apnews.com/live/lebanon-syria-pagers-hezbollah-updates 20240918005325@https://apnews.com/live/lebanon-syria-pagers-hezbollah-updates 20240918012530@https://apnews.com/live/lebanon-syria-pagers-hezbollah-updates 20240918013512@https://apnews.com/live/lebanon-syria-pagers-hezbollah-updates 20240918014103@https://apnews.com/live/lebanon-syria-pagers-hezbollah-updates 20240918015122@https://apnews.com/live/lebanon-syria-pagers-hezbollah-updates 20240918015423@https://apnews.com/live/lebanon-syria-pagers-hezbollah-updates 20240918020808@https://apnews.com/live/lebanon-syria-pagers-hezbollah-updates 20240918023937@https://apnews.com/live/lebanon-syria-pagers-hezbollah-updates 20240918032122@https://apnews.com/live/lebanon-syria-pagers-hezbollah-updates 20240918032215@https://apnews.com/live/lebanon-syria-pagers-hezbollah-updates 20240918032442@https://apnews.com/live/lebanon-syria-pagers-hezbollah-updates 20240918033810@https://apnews.com/live/lebanon-syria-pagers-hezbollah-updates 20240918035316@https://apnews.com/live/lebanon-syria-pagers-hezbollah-updates 20240918040941@https://apnews.com/live/lebanon-syria-pagers-hezbollah-updates 20240918040950@https://apnews.com/live/lebanon-syria-pagers-hezbollah-updates 20240918042343@https://apnews.com/live/lebanon-syria-pagers-hezbollah-updates 20240918042540@https://apnews.com/live/lebanon-syria-pagers-hezbollah-updates 20240918043742@https://apnews.com/live/lebanon-syria-pagers-hezbollah-updates 20240918045243@https://apnews.com/live/lebanon-syria-pagers-hezbollah-updates 20240918050953@https://apnews.com/live/lebanon-syria-pagers-hezbollah-updates 20240918052516@https://apnews.com/live/lebanon-syria-pagers-hezbollah-updates 20240918054031@https://apnews.com/live/lebanon-syria-pagers-hezbollah-updates 20240918054044@https://apnews.com/live/lebanon-syria-pagers-hezbollah-updates 20240918055207@https://apnews.com/live/lebanon-syria-pagers-hezbollah-updates 20240918063610@https://apnews.com/live/lebanon-syria-pagers-hezbollah-updates 20240918063840@https://apnews.com/live/lebanon-syria-pagers-hezbollah-updates 20240918072203@https://apnews.com/live/lebanon-syria-pagers-hezbollah-updates 20240918072508@https://apnews.com/live/lebanon-syria-pagers-hezbollah-updates 20240918075722@https://apnews.com/live/lebanon-syria-pagers-hezbollah-updates 20240918085704@https://apnews.com/live/lebanon-syria-pagers-hezbollah-updates 20240918094423@https://apnews.com/live/lebanon-syria-pagers-hezbollah-updates 20240918095626@https://apnews.com/live/lebanon-syria-pagers-hezbollah-updates 20240918095634@https://apnews.com/live/lebanon-syria-pagers-hezbollah-updates 20240918100540@https://apnews.com/live/lebanon-syria-pagers-hezbollah-updates 20240918101249@https://apnews.com/live/lebanon-syria-pagers-hezbollah-updates 20240918112244@https://apnews.com/live/lebanon-syria-pagers-hezbollah-updates 20240918112510@https://apnews.com/live/lebanon-syria-pagers-hezbollah-updates 20240918114429@https://apnews.com/live/lebanon-syria-pagers-hezbollah-updates 20240918120033@https://apnews.com/live/lebanon-syria-pagers-hezbollah-updates 20240918122836@https://apnews.com/live/lebanon-syria-pagers-hezbollah-updates 20240918123823@https://apnews.com/live/lebanon-syria-pagers-hezbollah-updates 20240918124107@https://apnews.com/live/lebanon-syria-pagers-hezbollah-updates 20240918130010@https://apnews.com/live/lebanon-syria-pagers-hezbollah-updates 20240918131422@https://apnews.com/live/lebanon-syria-pagers-hezbollah-updates 20240918134012@https://apnews.com/live/lebanon-syria-pagers-hezbollah-updates 20240918134959@https://apnews.com/live/lebanon-syria-pagers-hezbollah-updates 20240918140723@https://apnews.com/live/lebanon-syria-pagers-hezbollah-updates 20240918141155@https://apnews.com/live/lebanon-syria-pagers-hezbollah-updates 20240918142855@https://apnews.com/live/lebanon-syria-pagers-hezbollah-updates 20240918142931@https://apnews.com/live/lebanon-syria-pagers-hezbollah-updates 20240918143229@https://apnews.com/live/lebanon-syria-pagers-hezbollah-updates 20240918144920@https://apnews.com/live/lebanon-syria-pagers-hezbollah-updates 20240918145123@https://apnews.com/live/lebanon-syria-pagers-hezbollah-updates 20240918145500@https://apnews.com/live/lebanon-syria-pagers-hezbollah-updates 20240918152440@https://apnews.com/live/lebanon-syria-pagers-hezbollah-updates 20240918152559@https://apnews.com/live/lebanon-syria-pagers-hezbollah-updates 20240918153723@https://apnews.com/live/lebanon-syria-pagers-hezbollah-updates 20240918154026@https://apnews.com/live/lebanon-syria-pagers-hezbollah-updates 20240918155028@https://apnews.com/live/lebanon-syria-pagers-hezbollah-updates 20240918155613@https://apnews.com/live/lebanon-syria-pagers-hezbollah-updates 20240918155854@https://apnews.com/live/lebanon-syria-pagers-hezbollah-updates 20240918160922@https://apnews.com/live/lebanon-syria-pagers-hezbollah-updates 20240918161006@https://apnews.com/live/lebanon-syria-pagers-hezbollah-updates 20240918162717@https://apnews.com/live/lebanon-syria-pagers-hezbollah-updates 20240918162835@https://apnews.com/live/lebanon-syria-pagers-hezbollah-updates 20240918164510@https://apnews.com/live/lebanon-syria-pagers-hezbollah-updates 20240918165754@https://apnews.com/live/lebanon-syria-pagers-hezbollah-updates 20240918171518@https://apnews.com/live/lebanon-syria-pagers-hezbollah-updates 20240918172745@https://apnews.com/live/lebanon-syria-pagers-hezbollah-updates 20240918172828@https://apnews.com/live/lebanon-syria-pagers-hezbollah-updates 20240918173015@https://apnews.com/live/lebanon-syria-pagers-hezbollah-updates 20240918174038@https://apnews.com/live/lebanon-syria-pagers-hezbollah-updates 20240918175758@https://apnews.com/live/lebanon-syria-pagers-hezbollah-updates 20240918181524@https://apnews.com/live/lebanon-syria-pagers-hezbollah-updates 20240918181621@https://apnews.com/live/lebanon-syria-pagers-hezbollah-updates 20240918182723@https://apnews.com/live/lebanon-syria-pagers-hezbollah-updates 20240918184133@https://apnews.com/live/lebanon-syria-pagers-hezbollah-updates 20240918184222@https://apnews.com/live/lebanon-syria-pagers-hezbollah-updates 20240918191427@https://apnews.com/live/lebanon-syria-pagers-hezbollah-updates 20240918193108@https://apnews.com/live/lebanon-syria-pagers-hezbollah-updates 20240918193309@https://apnews.com/live/lebanon-syria-pagers-hezbollah-updates 20240918193312@https://apnews.com/live/lebanon-syria-pagers-hezbollah-updates 20240918194240@https://apnews.com/live/lebanon-syria-pagers-hezbollah-updates 20240918195804@https://apnews.com/live/lebanon-syria-pagers-hezbollah-updates 20240918201422@https://apnews.com/live/lebanon-syria-pagers-hezbollah-updates 20240918204644@https://apnews.com/live/lebanon-syria-pagers-hezbollah-updates 20240918204742@https://apnews.com/live/lebanon-syria-pagers-hezbollah-updates 20240918205212@https://apnews.com/live/lebanon-syria-pagers-hezbollah-updates 20240918205250@https://apnews.com/live/lebanon-syria-pagers-hezbollah-updates 20240918205443@https://apnews.com/live/lebanon-syria-pagers-hezbollah-updates 20240918210945@https://apnews.com/live/lebanon-syria-pagers-hezbollah-updates 20240918211046@https://apnews.com/live/lebanon-syria-pagers-hezbollah-updates 20240918211131@https://apnews.com/live/lebanon-syria-pagers-hezbollah-updates 20240918212529@https://apnews.com/live/lebanon-syria-pagers-hezbollah-updates 20240918215100@https://apnews.com/live/lebanon-syria-pagers-hezbollah-updates 20240918215716@https://apnews.com/live/lebanon-syria-pagers-hezbollah-updates 20240918220111@https://apnews.com/live/lebanon-syria-pagers-hezbollah-updates 20240918220908@https://apnews.com/live/lebanon-syria-pagers-hezbollah-updates 20240918220915@https://apnews.com/live/lebanon-syria-pagers-hezbollah-updates 20240918222341@https://apnews.com/live/lebanon-syria-pagers-hezbollah-updates 20240918224220@https://apnews.com/live/lebanon-syria-pagers-hezbollah-updates 20240918230913@https://apnews.com/live/lebanon-syria-pagers-hezbollah-updates 20240918230922@https://apnews.com/live/lebanon-syria-pagers-hezbollah-updates 20240918232302@https://apnews.com/live/lebanon-syria-pagers-hezbollah-updates 20240918235618@https://apnews.com/live/lebanon-syria-pagers-hezbollah-updates 20240918235909@https://apnews.com/live/lebanon-syria-pagers-hezbollah-updates 20240919000443@https://apnews.com/live/lebanon-syria-pagers-hezbollah-updates 20240919001115@https://apnews.com/live/lebanon-syria-pagers-hezbollah-updates 20240919001328@https://apnews.com/live/lebanon-syria-pagers-hezbollah-updates 20240919002113@https://apnews.com/live/lebanon-syria-pagers-hezbollah-updates 20240919002428@https://apnews.com/live/lebanon-syria-pagers-hezbollah-updates 20240919004409@https://apnews.com/live/lebanon-syria-pagers-hezbollah-updates 20240919005512@https://apnews.com/live/lebanon-syria-pagers-hezbollah-updates 20240919011038@https://apnews.com/live/lebanon-syria-pagers-hezbollah-updates 20240919012118@https://apnews.com/live/lebanon-syria-pagers-hezbollah-updates 20240919013922@https://apnews.com/live/lebanon-syria-pagers-hezbollah-updates 20240919015238@https://apnews.com/live/lebanon-syria-pagers-hezbollah-updates 20240919022407@https://apnews.com/live/lebanon-syria-pagers-hezbollah-updates 20240919025318@https://apnews.com/live/lebanon-syria-pagers-hezbollah-updates 20240919030025@https://apnews.com/live/lebanon-syria-pagers-hezbollah-updates 20240919032452@https://apnews.com/live/lebanon-syria-pagers-hezbollah-updates 20240919033419@https://apnews.com/live/lebanon-syria-pagers-hezbollah-updates 20240919034032@https://apnews.com/live/lebanon-syria-pagers-hezbollah-updates 20240919035137@https://apnews.com/live/lebanon-syria-pagers-hezbollah-updates 20240919040805@https://apnews.com/live/lebanon-syria-pagers-hezbollah-updates 20240919043301@https://apnews.com/live/lebanon-syria-pagers-hezbollah-updates 20240919043352@https://apnews.com/live/lebanon-syria-pagers-hezbollah-updates 20240919043855@https://apnews.com/live/lebanon-syria-pagers-hezbollah-updates 20240919051419@https://apnews.com/live/lebanon-syria-pagers-hezbollah-updates 20240919053034@https://apnews.com/live/lebanon-syria-pagers-hezbollah-updates 20240919053817@https://apnews.com/live/lebanon-syria-pagers-hezbollah-updates 20240919053943@https://apnews.com/live/lebanon-syria-pagers-hezbollah-updates 20240919055518@https://apnews.com/live/lebanon-syria-pagers-hezbollah-updates 20240919055548@https://apnews.com/live/lebanon-syria-pagers-hezbollah-updates 20240919060627@https://apnews.com/live/lebanon-syria-pagers-hezbollah-updates 20240919061734@https://apnews.com/live/lebanon-syria-pagers-hezbollah-updates 20240919062328@https://apnews.com/live/lebanon-syria-pagers-hezbollah-updates 20240919080458@https://apnews.com/live/lebanon-syria-pagers-hezbollah-updates 20240919082301@https://apnews.com/live/lebanon-syria-pagers-hezbollah-updates 20240919082310@https://apnews.com/live/lebanon-syria-pagers-hezbollah-updates 20240919083932@https://apnews.com/live/lebanon-syria-pagers-hezbollah-updates 20240919085358@https://apnews.com/live/lebanon-syria-pagers-hezbollah-updates 20240919092937@https://apnews.com/live/lebanon-syria-pagers-hezbollah-updates 20240919094247@https://apnews.com/live/lebanon-syria-pagers-hezbollah-updates 20240919104025@https://apnews.com/live/lebanon-syria-pagers-hezbollah-updates 20240919112458@https://apnews.com/live/lebanon-syria-pagers-hezbollah-updates 20240919113945@https://apnews.com/live/lebanon-syria-pagers-hezbollah-updates 20240919115624@https://apnews.com/live/lebanon-syria-pagers-hezbollah-updates 20240919124422@https://apnews.com/live/lebanon-syria-pagers-hezbollah-updates 20240919125312@https://apnews.com/live/lebanon-syria-pagers-hezbollah-updates 20240919132535@https://apnews.com/live/lebanon-syria-pagers-hezbollah-updates 20240919133150@https://apnews.com/live/lebanon-syria-pagers-hezbollah-updates 20240919135650@https://apnews.com/live/lebanon-syria-pagers-hezbollah-updates 20240919135828@https://apnews.com/live/lebanon-syria-pagers-hezbollah-updates 20240919153705@https://apnews.com/live/lebanon-syria-pagers-hezbollah-updates 20240919154103@https://apnews.com/live/lebanon-syria-pagers-hezbollah-updates 20240919165439@https://apnews.com/live/lebanon-syria-pagers-hezbollah-updates 20240919182044@https://apnews.com/live/lebanon-syria-pagers-hezbollah-updates 20240919182616@https://apnews.com/live/lebanon-syria-pagers-hezbollah-updates 20240919221619@https://apnews.com/live/lebanon-syria-pagers-hezbollah-updates 20240919230429@https://apnews.com/live/lebanon-syria-pagers-hezbollah-updates 20240920005916@https://apnews.com/live/lebanon-syria-pagers-hezbollah-updates 20240920133659@https://apnews.com/live/lebanon-syria-pagers-hezbollah-updates 20240920142050@https://apnews.com/live/lebanon-syria-pagers-hezbollah-updates 20240920223131@https://apnews.com/live/lebanon-syria-pagers-hezbollah-updates 20240920230621@https://apnews.com/live/lebanon-syria-pagers-hezbollah-updates 20240921030619@https://apnews.com/live/lebanon-syria-pagers-hezbollah-updates 20240921054412@https://apnews.com/live/lebanon-syria-pagers-hezbollah-updates 20240921071129@https://apnews.com/live/lebanon-syria-pagers-hezbollah-updates 20240921195242@https://apnews.com/live/lebanon-syria-pagers-hezbollah-updates 20240922002743@https://apnews.com/live/lebanon-syria-pagers-hezbollah-updates 20240922022037@https://apnews.com/live/lebanon-syria-pagers-hezbollah-updates 20240923004457@https://apnews.com/live/lebanon-syria-pagers-hezbollah-updates 20240923015408@https://apnews.com/live/lebanon-syria-pagers-hezbollah-updates 20240923193547@https://apnews.com/live/lebanon-syria-pagers-hezbollah-updates 20240924021446@https://apnews.com/live/lebanon-syria-pagers-hezbollah-updates 20240924023557@https://apnews.com/live/lebanon-syria-pagers-hezbollah-updates 20240924042359@https://apnews.com/live/lebanon-syria-pagers-hezbollah-updates 20240924094645@https://apnews.com/live/lebanon-syria-pagers-hezbollah-updates
us,cnn,https://us.cnn.com/world/live-news/israel-lebanon-hezbollah-09-23-24-intl-hnk/,cdx,,cdx-fetch,200,,https://us.cnn.com/world/live-news/israel-lebanon-hezbollah-09-23-24-intl-hnk https://www.cnn.com/world/live-news/israel-lebanon-hezbollah-09-23-24-intl-hnk,,ok,,2026-10-06T09:00:55Z,20240923060438@https://us.cnn.com/world/live-news/israel-lebanon-hezbollah-09-23-24-intl-hnk/index.html 20240923060910@https://www.cnn.com/world/live-news/israel-lebanon-hezbollah-09-23-24-intl-hnk/index.html 20240923060915@https://www.cnn.com/world/live-news/israel-lebanon-hezbollah-09-23-24-intl-hnk 20240923063436@https://us.cnn.com/world/live-news/israel-lebanon-hezbollah-09-23-24-intl-hnk/ 20240923064029@https://us.cnn.com/world/live-news/israel-lebanon-hezbollah-09-23-24-intl-hnk/ 20240923064233@https://us.cnn.com/world/live-news/israel-lebanon-hezbollah-09-23-24-intl-hnk/ 20240923065307@https://us.cnn.com/world/live-news/israel-lebanon-hezbollah-09-23-24-intl-hnk/ 20240923070642@https://www.cnn.com/world/live-news/israel-lebanon-hezbollah-09-23-24-intl-hnk/ 20240923080949@https://us.cnn.com/world/live-news/israel-lebanon-hezbollah-09-23-24-intl-hnk/index.html 20240923081915@https://us.cnn.com/world/live-news/israel-lebanon-hezbollah-09-23-24-intl-hnk/index.html 20240923091344@https://www.cnn.com/world/live-news/israel-lebanon-hezbollah-09-23-24-intl-hnk 20240923092454@https://www.cnn.com/world/live-news/israel-lebanon-hezbollah-09-23-24-intl-hnk 20240923131518@https://www.cnn.com/world/live-news/israel-lebanon-hezbollah-09-23-24-intl-hnk/index.html 20240923132402@https://www.cnn.com/world/live-news/israel-lebanon-hezbollah-09-23-24-intl-hnk/index.html 20240923142439@https://www.cnn.com/world/live-news/israel-lebanon-hezbollah-09-23-24-intl-hnk 20240923143450@https://www.cnn.com/world/live-news/israel-lebanon-hezbollah-09-23-24-intl-hnk 20240923143452@https://www.cnn.com/world/live-news/israel-lebanon-hezbollah-09-23-24-intl-hnk/index.html 20240923143456@https://www.cnn.com/world/live-news/israel-lebanon-hezbollah-09-23-24-intl-hnk 20240923151453@https://www.cnn.com/world/live-news/israel-lebanon-hezbollah-09-23-24-intl-hnk/index.html 20240923155658@https://www.cnn.com/world/live-news/israel-lebanon-hezbollah-09-23-24-intl-hnk 20240923161345@https://www.cnn.com/world/live-news/israel-lebanon-hezbollah-09-23-24-intl-hnk 20240923170728@https://www.cnn.com/world/live-news/israel-lebanon-hezbollah-09-23-24-intl-hnk/index.html 20240923172636@https://www.cnn.com/world/live-news/israel-lebanon-hezbollah-09-23-24-intl-hnk/ 20240923175337@https://www.cnn.com/world/live-news/israel-lebanon-hezbollah-09-23-24-intl-hnk 20240923182039@https://www.cnn.com/world/live-news/israel-lebanon-hezbollah-09-23-24-intl-hnk/ 20240923182846@https://www.cnn.com/world/live-news/israel-lebanon-hezbollah-09-23-24-intl-hnk/ 20240923183624@https://www.cnn.com/world/live-news/israel-lebanon-hezbollah-09-23-24-intl-hnk 20240923185450@https://www.cnn.com/world/live-news/israel-lebanon-hezbollah-09-23-24-intl-hnk 20240923194015@https://www.cnn.com/world/live-news/israel-lebanon-hezbollah-09-23-24-intl-hnk/index.html 20240923201209@https://www.cnn.com/world/live-news/israel-lebanon-hezbollah-09-23-24-intl-hnk 20240923202245@https://www.cnn.com/world/live-news/israel-lebanon-hezbollah-09-23-24-intl-hnk/ 20240923204620@https://www.cnn.com/world/live-news/israel-lebanon-hezbollah-09-23-24-intl-hnk/index.html 20240923205341@https://www.cnn.com/world/live-news/israel-lebanon-hezbollah-09-23-24-intl-hnk 20240923210109@https://www.cnn.com/world/live-news/israel-lebanon-hezbollah-09-23-24-intl-hnk 20240923210930@https://www.cnn.com/world/live-news/israel-lebanon-hezbollah-09-23-24-intl-hnk 20240923220232@https://us.cnn.com/world/live-news/israel-lebanon-hezbollah-09-23-24-intl-hnk/index.html 20240923220236@https://www.cnn.com/world/live-news/israel-lebanon-hezbollah-09-23-24-intl-hnk/index.html 20240923220250@https://www.cnn.com/world/live-news/israel-lebanon-hezbollah-09-23-24-intl-hnk 20240923225143@https://www.cnn.com/world/live-news/israel-lebanon-hezbollah-09-23-24-intl-hnk/ 20240923230743@https://www.cnn.com/world/live-news/israel-lebanon-hezbollah-09-23-24-intl-hnk/ 20240923234034@https://www.cnn.com/world/live-news/israel-lebanon-hezbollah-09-23-24-intl-hnk/ 20240924000758@https://www.cnn.com/world/live-news/israel-lebanon-hezbollah-09-23-24-intl-hnk 20240924001540@https://www.cnn.com/world/live-news/israel-lebanon-hezbollah-09-23-24-intl-hnk 20240924010222@https://www.cnn.com/world/live-news/israel-lebanon-hezbollah-09-23-24-intl-hnk/index.html 20240924013726@https://www.cnn.com/world/live-news/israel-lebanon-hezbollah-09-23-24-intl-hnk/ 20240924015638@https://www.cnn.com/world/live-news/israel-lebanon-hezbollah-09-23-24-intl-hnk 20240924015702@https://www.cnn.com/world/live-news/israel-lebanon-hezbollah-09-23-24-intl-hnk/index.html 20240924020715@https://www.cnn.com/world/live-news/israel-lebanon-hezbollah-09-23-24-intl-hnk/ 20240924022357@https://www.cnn.com/world/live-news/israel-lebanon-hezbollah-09-23-24-intl-hnk 20240924024009@https://www.cnn.com/world/live-news/israel-lebanon-hezbollah-09-23-24-intl-hnk/index.html 20240924030712@https://www.cnn.com/world/live-news/israel-lebanon-hezbollah-09-23-24-intl-hnk 20240924032215@https://www.cnn.com/world/live-news/israel-lebanon-hezbollah-09-23-24-intl-hnk 20240924032358@https://www.cnn.com/world/live-news/israel-lebanon-hezbollah-09-23-24-intl-hnk 20240924035516@https://www.cnn.com/world/live-news/israel-lebanon-hezbollah-09-23-24-intl-hnk/ 20240924035540@https://www.cnn.com/world/live-news/israel-lebanon-hezbollah-09-23-24-intl-hnk 20240924035609@https://www.cnn.com/world/live-news/israel-lebanon-hezbollah-09-23-24-intl-hnk 20240924035627@https://www.cnn.com/world/live-news/israel-lebanon-hezbollah-09-23-24-intl-hnk/ 20240924042435@https://www.cnn.com/world/live-news/israel-lebanon-hezbollah-09-23-24-intl-hnk/index.html 20240924042451@https://www.cnn.com/world/live-news/israel-lebanon-hezbollah-09-23-24-intl-hnk 20240924042606@https://www.cnn.com/world/live-news/israel-lebanon-hezbollah-09-23-24-intl-hnk 20240924043815@https://www.cnn.com/world/live-news/israel-lebanon-hezbollah-09-23-24-intl-hnk 20240924045406@https://www.cnn.com/world/live-news/israel-lebanon-hezbollah-09-23-24-intl-hnk 20240924052002@https://www.cnn.com/world/live-news/israel-lebanon-hezbollah-09-23-24-intl-hnk 20240924053708@https://www.cnn.com/world/live-news/israel-lebanon-hezbollah-09-23-24-intl-hnk/ 20240924062302@https://www.cnn.com/world/live-news/israel-lebanon-hezbollah-09-23-24-intl-hnk/index.html 20240924062353@https://www.cnn.com/world/live-news/israel-lebanon-hezbollah-09-23-24-intl-hnk 20240924063910@https://www.cnn.com/world/live-news/israel-lebanon-hezbollah-09-23-24-intl-hnk/ 20240924063923@https://www.cnn.com/world/live-news/israel-lebanon-hezbollah-09-23-24-intl-hnk 20240924065445@https://www.cnn.com/world/live-news/israel-lebanon-hezbollah-09-23-24-intl-hnk 20240924072415@https://www.cnn.com/world/live-news/israel-lebanon-hezbollah-09-23-24-intl-hnk 20240924073904@https://www.cnn.com/world/live-news/israel-lebanon-hezbollah-09-23-24-intl-hnk 20240924080724@https://www.cnn.com/world/live-news/israel-lebanon-hezbollah-09-23-24-intl-hnk 20240924080819@https://www.cnn.com/world/live-news/israel-lebanon-hezbollah-09-23-24-intl-hnk/index.html 20240924082510@https://www.cnn.com/world/live-news/israel-lebanon-hezbollah-09-23-24-intl-hnk 20240924112503@https://www.cnn.com/world/live-news/israel-lebanon-hezbollah-09-23-24-intl-hnk 20240924112740@https://www.cnn.com/world/live-news/israel-lebanon-hezbollah-09-23-24-intl-hnk 20240924114840@https://www.cnn.com/world/live-news/israel-lebanon-hezbollah-09-23-24-intl-hnk 20240924122408@https://www.cnn.com/world/live-news/israel-lebanon-hezbollah-09-23-24-intl-hnk 20240924123921@https://www.cnn.com/world/live-news/israel-lebanon-hezbollah-09-23-24-intl-hnk 20240924153940@https://www.cnn.com/world/live-news/israel-lebanon-hezbollah-09-23-24-intl-hnk 20240924154919@https://www.cnn.com/world/live-news/israel-lebanon-hezbollah-09-23-24-intl-hnk 20240924155603@https://www.cnn.com/world/live-news/israel-lebanon-hezbollah-09-23-24-intl-hnk 20240924165852@https://www.cnn.com/world/live-news/israel-lebanon-hezbollah-09-23-24-intl-hnk/index.html 20240924175218@https://www.cnn.com/world/live-news/israel-lebanon-hezbollah-09-23-24-intl-hnk/index.html 20240924181231@https://www.cnn.com/world/live-news/israel-lebanon-hezbollah-09-23-24-intl-hnk 20240924215457@https://www.cnn.com/world/live-news/israel-lebanon-hezbollah-09-23-24-intl-hnk
us,cnn,https://www.cnn.com/world/live-news/israel-lebanon-attacks-09-21-24/index.html,cdx,,cdx-fetch,200,,https://www.cnn.com/world/live-news/israel-lebanon-attacks-09-21-24 https://us.cnn.com/world/live-news/israel-lebanon-attacks-09-21-24,,ok,,2026-10-06T09:01:04Z,20240921084444@https://www.cnn.com/world/live-news/israel-lebanon-attacks-09-21-24/ 20240921090306@https://www.cnn.com/world/live-news/israel-lebanon-attacks-09-21-24/index.html 20240921093414@https://www.cnn.com/world/live-news/israel-lebanon-attacks-09-21-24/ 20240921094039@https://www.cnn.com/world/live-news/israel-lebanon-attacks-09-21-24/ 20240921120544@https://www.cnn.com/world/live-news/israel-lebanon-attacks-09-21-24 20240921120613@https://us.cnn.com/world/live-news/israel-lebanon-attacks-09-21-24/ 20240921130230@https://us.cnn.com/world/live-news/israel-lebanon-attacks-09-21-24/index.html 20240921130514@https://us.cnn.com/world/live-news/israel-lebanon-attacks-09-21-24/ 20240921164005@https://www.cnn.com/world/live-news/israel-lebanon-attacks-09-21-24 20240921165723@https://www.cnn.com/world/live-news/israel-lebanon-attacks-09-21-24 20240921171104@https://www.cnn.com/world/live-news/israel-lebanon-attacks-09-21-24 20240921174712@https://www.cnn.com/world/live-news/israel-lebanon-attacks-09-21-24/index.html 20240921175412@https://www.cnn.com/world/live-news/israel-lebanon-attacks-09-21-24 20240921181319@https://www.cnn.com/world/live-news/israel-lebanon-attacks-09-21-24/index.html 20240921181326@https://www.cnn.com/world/live-news/israel-lebanon-attacks-09-21-24/index.html 20240921193821@https://www.cnn.com/world/live-news/israel-lebanon-attacks-09-21-24 20240921194157@https://us.cnn.com/world/live-news/israel-lebanon-attacks-09-21-24/index.html 20240921194159@https://www.cnn.com/world/live-news/israel-lebanon-attacks-09-21-24/index.html 20240921194209@https://www.cnn.com/world/live-news/israel-lebanon-attacks-09-21-24 20240921200733@https://www.cnn.com/world/live-news/israel-lebanon-attacks-09-21-24 20240921202425@https://www.cnn.com/world/live-news/israel-lebanon-attacks-09-21-24 20240921214007@https://www.cnn.com/world/live-news/israel-lebanon-attacks-09-21-24 20240921214023@https://www.cnn.com/world/live-news/israel-lebanon-attacks-09-21-24 20240921220534@https://www.cnn.com/world/live-news/israel-lebanon-attacks-09-21-24 20240921222110@https://www.cnn.com/world/live-news/israel-lebanon-attacks-09-21-24 20240921225517@https://www.cnn.com/world/live-news/israel-lebanon-attacks-09-21-24/index.html 20240921232354@https://www.cnn.com/world/live-news/israel-lebanon-attacks-09-21-24 20240921233844@https://www.cnn.com/world/live-news/israel-lebanon-attacks-09-21-24 20240922010707@https://us.cnn.com/world/live-news/israel-lebanon-attacks-09-21-24/index.html 20240922012029@https://www.cnn.com/world/live-news/israel-lebanon-attacks-09-21-24/index.html 20240922012041@https://www.cnn.com/world/live-news/israel-lebanon-attacks-09-21-24 20240922012350@https://www.cnn.com/world/live-news/israel-lebanon-attacks-09-21-24 20240922014945@https://www.cnn.com/world/live-news/israel-lebanon-attacks-09-21-24/index.html 20240922022111@https://www.cnn.com/world/live-news/israel-lebanon-attacks-09-21-24 20240922023641@https://www.cnn.com/world/live-news/israel-lebanon-attacks-09-21-24 20240922031748@https://us.cnn.com/world/live-news/israel-lebanon-attacks-09-21-24/index.html 20240922032226@https://www.cnn.com/world/live-news/israel-lebanon-attacks-09-21-24 20240922043403@https://www.cnn.com/world/live-news/israel-lebanon-attacks-09-21-24/index.html 20240922044456@https://www.cnn.com/world/live-news/israel-lebanon-attacks-09-21-24 20240922045202@https://www.cnn.com/world/live-news/israel-lebanon-attacks-09-21-24/ 20240922065457@https://www.cnn.com/world/live-news/israel-lebanon-attacks-09-21-24 20240922070832@https://www.cnn.com/world/live-news/israel-lebanon-attacks-09-21-24/index.html 20240922075226@https://www.cnn.com/world/live-news/israel-lebanon-attacks-09-21-24/ 20240922075302@https://www.cnn.com/world/live-news/israel-lebanon-attacks-09-21-24 20240922085527@https://www.cnn.com/world/live-news/israel-lebanon-attacks-09-21-24 20240922111426@https://www.cnn.com/world/live-news/israel-lebanon-attacks-09-21-24/index.html 20240922143540@https://www.cnn.com/world/live-news/israel-lebanon-attacks-09-21-24 20240922144119@https://www.cnn.com/world/live-news/israel-lebanon-attacks-09-21-24 20240922144133@https://www.cnn.com/world/live-news/israel-lebanon-attacks-09-21-24 20240922145123@https://www.cnn.com/world/live-news/israel-lebanon-attacks-09-21-24 20240922150643@https://www.cnn.com/world/live-news/israel-lebanon-attacks-09-21-24 20240922153906@https://www.cnn.com/world/live-news/israel-lebanon-attacks-09-21-24 20240922170519@https://www.cnn.com/world/live-news/israel-lebanon-attacks-09-21-24 20240922171225@https://www.cnn.com/world/live-news/israel-lebanon-attacks-09-21-24 20240922232712@https://www.cnn.com/world/live-news/israel-lebanon-attacks-09-21-24/index.html 20240923020719@https://www.cnn.com/world/live-news/israel-lebanon-attacks-09-21-24 20240923122555@https://www.cnn.com/world/live-news/israel-lebanon-attacks-09-21-24 20240923202036@https://www.cnn.com/world/live-news/israel-lebanon-attacks-09-21-24/ 20240923213640@https://www.cnn.com/world/live-news/israel-lebanon-attacks-09-21-24/ 20240923213756@https://www.cnn.com/world/live-news/israel-lebanon-attacks-09-21-24/ 20240924023948@https://www.cnn.com/world/live-news/israel-lebanon-attacks-09-21-24 20240924085550@https://www.cnn.com/world/live-news/israel-lebanon-attacks-09-21-24/index.html 20240924152531@https://www.cnn.com/world/live-news/israel-lebanon-attacks-09-21-24/index.html 20240924152540@https://www.cnn.com/world/live-news/israel-lebanon-attacks-09-21-24 20240924215448@https://www.cnn.com/world/live-news/israel-lebanon-attacks-09-21-24/
us,cnn,https://www.cnn.com/world/live-news/israel-lebanon-attacks-09-22-24/index.html,cdx,,cdx-fetch,200,,https://www.cnn.com/world/live-news/israel-lebanon-attacks-09-22-24 https://us.cnn.com/world/live-news/israel-lebanon-attacks-09-22-24,,ok,,2026-10-06T09:01:13Z,20240922050118@https://us.cnn.com/world/live-news/israel-lebanon-attacks-09-22-24/index.html 20240922050243@https://us.cnn.com/world/live-news/israel-lebanon-attacks-09-22-24/ 20240922050517@https://us.cnn.com/world/live-news/israel-lebanon-attacks-09-22-24/index.html 20240922052642@https://www.cnn.com/world/live-news/israel-lebanon-attacks-09-22-24/ 20240922055045@https://www.cnn.com/world/live-news/israel-lebanon-attacks-09-22-24/ 20240922055103@https://www.cnn.com/world/live-news/israel-lebanon-attacks-09-22-24 20240922063742@https://us.cnn.com/world/live-news/israel-lebanon-attacks-09-22-24/ 20240922123333@https://www.cnn.com/world/live-news/israel-lebanon-attacks-09-22-24 20240922140859@https://www.cnn.com/world/live-news/israel-lebanon-attacks-09-22-24/ 20240922142634@https://www.cnn.com/world/live-news/israel-lebanon-attacks-09-22-24/ 20240922143547@https://www.cnn.com/world/live-news/israel-lebanon-attacks-09-22-24 20240922144211@https://www.cnn.com/world/live-news/israel-lebanon-attacks-09-22-24 20240922145318@https://www.cnn.com/world/live-news/israel-lebanon-attacks-09-22-24/ 20240922150610@https://www.cnn.com/world/live-news/israel-lebanon-attacks-09-22-24/index.html 20240922152404@https://www.cnn.com/world/live-news/israel-lebanon-attacks-09-22-24 20240922152419@https://www.cnn.com/world/live-news/israel-lebanon-attacks-09-22-24/ 20240922162339@https://www.cnn.com/world/live-news/israel-lebanon-attacks-09-22-24/ 20240922170506@https://www.cnn.com/world/live-news/israel-lebanon-attacks-09-22-24 20240922171201@https://www.cnn.com/world/live-news/israel-lebanon-attacks-09-22-24 20240922171211@https://www.cnn.com/world/live-news/israel-lebanon-attacks-09-22-24 20240922171216@https://www.cnn.com/world/live-news/israel-lebanon-attacks-09-22-24/ 20240922173830@https://www.cnn.com/world/live-news/israel-lebanon-attacks-09-22-24/ 20240922181511@https://www.cnn.com/world/live-news/israel-lebanon-attacks-09-22-24/index.html 20240922181602@https://www.cnn.com/world/live-news/israel-lebanon-attacks-09-22-24 20240922183734@https://www.cnn.com/world/live-news/israel-lebanon-attacks-09-22-24/ 20240922183745@https://www.cnn.com/world/live-news/israel-lebanon-attacks-09-22-24/ 20240922183823@https://www.cnn.com/world/live-news/israel-lebanon-attacks-09-22-24 20240922192412@https://www.cnn.com/world/live-news/israel-lebanon-attacks-09-22-24/ 20240922193940@https://us.cnn.com/world/live-news/israel-lebanon-attacks-09-22-24/index.html 20240922193941@https://www.cnn.com/world/live-news/israel-lebanon-attacks-09-22-24/index.html 20240922193949@https://www.cnn.com/world/live-news/israel-lebanon-attacks-09-22-24 20240922205217@https://www.cnn.com/world/live-news/israel-lebanon-attacks-09-22-24/ 20240922214148@https://www.cnn.com/world/live-news/israel-lebanon-attacks-09-22-24/ 20240922230823@https://www.cnn.com/world/live-news/israel-lebanon-attacks-09-22-24/ 20240922233529@https://www.cnn.com/world/live-news/israel-lebanon-attacks-09-22-24/index.html 20240922233536@https://www.cnn.com/world/live-news/israel-lebanon-attacks-09-22-24 20240923010435@https://www.cnn.com/world/live-news/israel-lebanon-attacks-09-22-24 20240923010447@https://www.cnn.com/world/live-news/israel-lebanon-attacks-09-22-24/index.html 20240923015053@https://www.cnn.com/world/live-news/israel-lebanon-attacks-09-22-24 20240923015136@https://www.cnn.com/world/live-news/israel-lebanon-attacks-09-22-24/ 20240923022755@https://www.cnn.com/world/live-news/israel-lebanon-attacks-09-22-24/index.html 20240923022759@https://www.cnn.com/world/live-news/israel-lebanon-attacks-09-22-24 20240923025919@https://www.cnn.com/world/live-news/israel-lebanon-attacks-09-22-24/index.html 20240923031712@https://www.cnn.com/world/live-news/israel-lebanon-attacks-09-22-24/index.html 20240923073429@https://www.cnn.com/world/live-news/israel-lebanon-attacks-09-22-24/index.html 20240923170739@https://www.cnn.com/world/live-news/israel-lebanon-attacks-09-22-24 20240923182055@https://www.cnn.com/world/live-news/israel-lebanon-attacks-09-22-24 20240923182711@https://www.cnn.com/world/live-news/israel-lebanon-attacks-09-22-24 20240923205542@https://www.cnn.com/world/live-news/israel-lebanon-attacks-09-22-24/ 20240923211146@https://www.cnn.com/world/live-news/israel-lebanon-attacks-09-22-24/ 20240923211157@https://www.cnn.com/world/live-news/israel-lebanon-attacks-09-22-24/ 20240923212550@https://www.cnn.com/world/live-news/israel-lebanon-attacks-09-22-24 20240923223921@https://www.cnn.com/world/live-news/israel-lebanon-attacks-09-22-24/index.html 20240924010123@https://www.cnn.com/world/live-news/israel-lebanon-attacks-09-22-24/index.html 20240924024011@https://www.cnn.com/world/live-news/israel-lebanon-attacks-09-22-24 20240924063946@https://www.cnn.com/world/live-news/israel-lebanon-attacks-09-22-24/ 20240924072403@https://www.cnn.com/world/live-news/israel-lebanon-attacks-09-22-24/ 20240924080627@https://www.cnn.com/world/live-news/israel-lebanon-attacks-09-22-24/ 20240924112719@https://www.cnn.com/world/live-news/israel-lebanon-attacks-09-22-24/ 20240924112724@https://www.cnn.com/world/live-news/israel-lebanon-attacks-09-22-24/ 20240924124153@https://www.cnn.com/world/live-news/israel-lebanon-attacks-09-22-24 20240924124203@https://www.cnn.com/world/live-news/israel-lebanon-attacks-09-22-24/ 20240924144301@https://www.cnn.com/world/live-news/israel-lebanon-attacks-09-22-24 20240924152503@https://www.cnn.com/world/live-news/israel-lebanon-attacks-09-22-24 20240924154154@https://www.cnn.com/world/live-news/israel-lebanon-attacks-09-22-24/ 20240924154205@https://www.cnn.com/world/live-news/israel-lebanon-attacks-09-22-24 20240924154921@https://www.cnn.com/world/live-news/israel-lebanon-attacks-09-22-24/ 20240924155620@https://www.cnn.com/world/live-news/israel-lebanon-attacks-09-22-24/ 20240924160732@https://www.cnn.com/world/live-news/israel-lebanon-attacks-09-22-24 20240924161057@https://www.cnn.com/world/live-news/israel-lebanon-attacks-09-22-24 20240924165903@https://www.cnn.com/world/live-news/israel-lebanon-attacks-09-22-24 20240924165925@https://www.cnn.com/world/live-news/israel-lebanon-attacks-09-22-24/index.html 20240924173458@https://www.cnn.com/world/live-news/israel-lebanon-attacks-09-22-24 20240924174134@https://www.cnn.com/world/live-news/israel-lebanon-attacks-09-22-24 20240924181203@https://www.cnn.com/world/live-news/israel-lebanon-attacks-09-22-24 20240924181253@https://www.cnn.com/world/live-news/israel-lebanon-attacks-09-22-24/
us,cnn,https://www.cnn.com/world/live-news/israel-lebanon-hezbollah-09-24-24-intl-hnk/,cdx,,cdx-fetch,200,,https://www.cnn.com/world/live-news/israel-lebanon-hezbollah-09-24-24-intl-hnk https://us.cnn.com/world/live-news/israel-lebanon-hezbollah-09-24-24-intl-hnk,,ok,,2026-10-06T09:01:22Z,20240924043229@https://us.cnn.com/world/live-news/israel-lebanon-hezbollah-09-24-24-intl-hnk/index.html 20240924043346@https://us.cnn.com/world/live-news/israel-lebanon-hezbollah-09-24-24-intl-hnk/ 20240924043359@https://us.cnn.com/world/live-news/israel-lebanon-hezbollah-09-24-24-intl-hnk/index.html 20240924062052@https://www.cnn.com/world/live-news/israel-lebanon-hezbollah-09-24-24-intl-hnk/ 20240924063949@https://www.cnn.com/world/live-news/israel-lebanon-hezbollah-09-24-24-intl-hnk 20240924072222@https://us.cnn.com/world/live-news/israel-lebanon-hezbollah-09-24-24-intl-hnk/ 20240924072341@https://www.cnn.com/world/live-news/israel-lebanon-hezbollah-09-24-24-intl-hnk 20240924072358@https://www.cnn.com/world/live-news/israel-lebanon-hezbollah-09-24-24-intl-hnk/ 20240924080704@https://www.cnn.com/world/live-news/israel-lebanon-hezbollah-09-24-24-intl-hnk/ 20240924080739@https://www.cnn.com/world/live-news/israel-lebanon-hezbollah-09-24-24-intl-hnk 20240924102623@https://www.cnn.com/world/live-news/israel-lebanon-hezbollah-09-24-24-intl-hnk 20240924102735@https://us.cnn.com/world/live-news/israel-lebanon-hezbollah-09-24-24-intl-hnk/index.html 20240924102823@https://www.cnn.com/world/live-news/israel-lebanon-hezbollah-09-24-24-intl-hnk 20240924103338@https://www.cnn.com/world/live-news/israel-lebanon-hezbollah-09-24-24-intl-hnk 20240924104002@https://www.cnn.com/world/live-news/israel-lebanon-hezbollah-09-24-24-intl-hnk 20240924105616@https://www.cnn.com/world/live-news/israel-lebanon-hezbollah-09-24-24-intl-hnk 20240924110701@https://www.cnn.com/world/live-news/israel-lebanon-hezbollah-09-24-24-intl-hnk 20240924110842@https://www.cnn.com/world/live-news/israel-lebanon-hezbollah-09-24-24-intl-hnk 20240924112409@https://www.cnn.com/world/live-news/israel-lebanon-hezbollah-09-24-24-intl-hnk 20240924112600@https://www.cnn.com/world/live-news/israel-lebanon-hezbollah-09-24-24-intl-hnk/ 20240924112721@https://www.cnn.com/world/live-news/israel-lebanon-hezbollah-09-24-24-intl-hnk 20240924112745@https://www.cnn.com/world/live-news/israel-lebanon-hezbollah-09-24-24-intl-hnk/ 20240924114227@https://www.cnn.com/world/live-news/israel-lebanon-hezbollah-09-24-24-intl-hnk 20240924114350@https://www.cnn.com/world/live-news/israel-lebanon-hezbollah-09-24-24-intl-hnk 20240924115151@https://www.cnn.com/world/live-news/israel-lebanon-hezbollah-09-24-24-intl-hnk 20240924115431@https://www.cnn.com/world/live-news/israel-lebanon-hezbollah-09-24-24-intl-hnk 20240924121050@https://www.cnn.com/world/live-news/israel-lebanon-hezbollah-09-24-24-intl-hnk 20240924122019@https://www.cnn.com/world/live-news/israel-lebanon-hezbollah-09-24-24-intl-hnk 20240924122315@https://www.cnn.com/world/live-news/israel-lebanon-hezbollah-09-24-24-intl-hnk 20240924122653@https://www.cnn.com/world/live-news/israel-lebanon-hezbollah-09-24-24-intl-hnk 20240924124113@https://www.cnn.com/world/live-news/israel-lebanon-hezbollah-09-24-24-intl-hnk/ 20240924124139@https://www.cnn.com/world/live-news/israel-lebanon-hezbollah-09-24-24-intl-hnk 20240924124208@https://www.cnn.com/world/live-news/israel-lebanon-hezbollah-09-24-24-intl-hnk 20240924124915@https://www.cnn.com/world/live-news/israel-lebanon-hezbollah-09-24-24-intl-hnk 20240924125823@https://www.cnn.com/world/live-news/israel-lebanon-hezbollah-09-24-24-intl-hnk 20240924125839@https://www.cnn.com/world/live-news/israel-lebanon-hezbollah-09-24-24-intl-hnk 20240924130920@https://www.cnn.com/world/live-news/israel-lebanon-hezbollah-09-24-24-intl-hnk 20240924132616@https://www.cnn.com/world/live-news/israel-lebanon-hezbollah-09-24-24-intl-hnk 20240924134119@https://www.cnn.com/world/live-news/israel-lebanon-hezbollah-09-24-24-intl-hnk 20240924135820@https://www.cnn.com/world/live-news/israel-lebanon-hezbollah-09-24-24-intl-hnk 20240924140641@https://www.cnn.com/world/live-news/israel-lebanon-hezbollah-09-24-24-intl-hnk 20240924140944@https://www.cnn.com/world/live-news/israel-lebanon-hezbollah-09-24-24-intl-hnk 20240924142200@https://www.cnn.com/world/live-news/israel-lebanon-hezbollah-09-24-24-intl-hnk/index.html 20240924142650@https://www.cnn.com/world/live-news/israel-lebanon-hezbollah-09-24-24-intl-hnk 20240924143454@https://www.cnn.com/world/live-news/israel-lebanon-hezbollah-09-24-24-intl-hnk 20240924144305@https://www.cnn.com/world/live-news/israel-lebanon-hezbollah-09-24-24-intl-hnk/ 20240924144315@https://www.cnn.com/world/live-news/israel-lebanon-hezbollah-09-24-24-intl-hnk 20240924144344@https://www.cnn.com/world/live-news/israel-lebanon-hezbollah-09-24-24-intl-hnk 20240924152327@https://www.cnn.com/world/live-news/israel-lebanon-hezbollah-09-24-24-intl-hnk/ 20240924153930@https://www.cnn.com/world/live-news/israel-lebanon-hezbollah-09-24-24-intl-hnk 20240924154306@https://www.cnn.com/world/live-news/israel-lebanon-hezbollah-09-24-24-intl-hnk 20240924154842@https://www.cnn.com/world/live-news/israel-lebanon-hezbollah-09-24-24-intl-hnk/ 20240924154910@https://www.cnn.com/world/live-news/israel-lebanon-hezbollah-09-24-24-intl-hnk 20240924155528@https://www.cnn.com/world/live-news/israel-lebanon-hezbollah-09-24-24-intl-hnk/ 20240924155617@https://www.cnn.com/world/live-news/israel-lebanon-hezbollah-09-24-24-intl-hnk 20240924161014@https://www.cnn.com/world/live-news/israel-lebanon-hezbollah-09-24-24-intl-hnk/ 20240924161327@https://www.cnn.com/world/live-news/israel-lebanon-hezbollah-09-24-24-intl-hnk/ 20240924165421@https://www.cnn.com/world/live-news/israel-lebanon-hezbollah-09-24-24-intl-hnk/index.html 20240924170853@https://www.cnn.com/world/live-news/israel-lebanon-hezbollah-09-24-24-intl-hnk 20240924173503@https://www.cnn.com/world/live-news/israel-lebanon-hezbollah-09-24-24-intl-hnk/ 20240924174210@https://www.cnn.com/world/live-news/israel-lebanon-hezbollah-09-24-24-intl-hnk/ 20240924181116@https://www.cnn.com/world/live-news/israel-lebanon-hezbollah-09-24-24-intl-hnk/ 20240924181225@https://www.cnn.com/world/live-news/israel-lebanon-hezbollah-09-24-24-intl-hnk 20240924183836@https://www.cnn.com/world/live-news/israel-lebanon-hezbollah-09-24-24-intl-hnk 20240924190939@https://www.cnn.com/world/live-news/israel-lebanon-hezbollah-09-24-24-intl-hnk 20240924195459@https://www.cnn.com/world/live-news/israel-lebanon-hezbollah-09-24-24-intl-hnk/ 20240924205517@https://www.cnn.com/world/live-news/israel-lebanon-hezbollah-09-24-24-intl-hnk 20240924205541@https://www.cnn.com/world/live-news/israel-lebanon-hezbollah-09-24-24-intl-hnk/ 20240924211623@https://www.cnn.com/world/live-news/israel-lebanon-hezbollah-09-24-24-intl-hnk/index.html 20240924211741@https://www.cnn.com/world/live-news/israel-lebanon-hezbollah-09-24-24-intl-hnk 20240924213811@https://www.cnn.com/world/live-news/israel-lebanon-hezbollah-09-24-24-intl-hnk/ 20240924222543@https://www.cnn.com/world/live-news/israel-lebanon-hezbollah-09-24-24-intl-hnk 20240924222736@https://www.cnn.com/world/live-news/israel-lebanon-hezbollah-09-24-24-intl-hnk/ 20240924224221@https://us.cnn.com/world/live-news/israel-lebanon-hezbollah-09-24-24-intl-hnk/index.html 20240924224223@https://www.cnn.com/world/live-news/israel-lebanon-hezbollah-09-24-24-intl-hnk/index.html 20240924224300@https://www.cnn.com/world/live-news/israel-lebanon-hezbollah-09-24-24-intl-hnk
us,cnn,https://www.cnn.com/world/live-news/lebanon-explosions-hezbollah-israel-09-19-24-intl-hnk/index.html,cdx,,cdx-fetch,200,,https://www.cnn.com/world/live-news/lebanon-explosions-hezbollah-israel-09-19-24-intl-hnk https://us.cnn.com/world/live-news/lebanon-explosions-hezbollah-israel-09-19-24-intl-hnk,,ok,,2026-10-06T09:01:30Z,20240919052654@https://us.cnn.com/world/live-news/lebanon-explosions-hezbollah-israel-09-19-24-intl-hnk/index.html 20240919054045@https://us.cnn.com/world/live-news/lebanon-explosions-hezbollah-israel-09-19-24-intl-hnk/index.html 20240919063752@https://www.cnn.com/world/live-news/lebanon-explosions-hezbollah-israel-09-19-24-intl-hnk/ 20240919071003@https://us.cnn.com/world/live-news/lebanon-explosions-hezbollah-israel-09-19-24-intl-hnk/ 20240919082635@https://us.cnn.com/world/live-news/lebanon-explosions-hezbollah-israel-09-19-24-intl-hnk/index.html 20240919085420@https://www.cnn.com/world/live-news/lebanon-explosions-hezbollah-israel-09-19-24-intl-hnk 20240919103737@https://www.cnn.com/world/live-news/lebanon-explosions-hezbollah-israel-09-19-24-intl-hnk 20240919131129@https://www.cnn.com/world/live-news/lebanon-explosions-hezbollah-israel-09-19-24-intl-hnk/ 20240919131711@https://www.cnn.com/world/live-news/lebanon-explosions-hezbollah-israel-09-19-24-intl-hnk/index.html 20240919131746@https://www.cnn.com/world/live-news/lebanon-explosions-hezbollah-israel-09-19-24-intl-hnk 20240919131822@https://www.cnn.com/world/live-news/lebanon-explosions-hezbollah-israel-09-19-24-intl-hnk/index.html 20240919133837@https://www.cnn.com/world/live-news/lebanon-explosions-hezbollah-israel-09-19-24-intl-hnk 20240919134954@https://www.cnn.com/world/live-news/lebanon-explosions-hezbollah-israel-09-19-24-intl-hnk/ 20240919155740@https://www.cnn.com/world/live-news/lebanon-explosions-hezbollah-israel-09-19-24-intl-hnk 20240919160529@https://www.cnn.com/world/live-news/lebanon-explosions-hezbollah-israel-09-19-24-intl-hnk 20240919160826@https://www.cnn.com/world/live-news/lebanon-explosions-hezbollah-israel-09-19-24-intl-hnk/ 20240919160856@https://www.cnn.com/world/live-news/lebanon-explosions-hezbollah-israel-09-19-24-intl-hnk/ 20240919162525@https://www.cnn.com/world/live-news/lebanon-explosions-hezbollah-israel-09-19-24-intl-hnk/ 20240919162609@https://www.cnn.com/world/live-news/lebanon-explosions-hezbollah-israel-09-19-24-intl-hnk/ 20240919163917@https://www.cnn.com/world/live-news/lebanon-explosions-hezbollah-israel-09-19-24-intl-hnk/ 20240919164051@https://www.cnn.com/world/live-news/lebanon-explosions-hezbollah-israel-09-19-24-intl-hnk/ 20240919165456@https://www.cnn.com/world/live-news/lebanon-explosions-hezbollah-israel-09-19-24-intl-hnk/ 20240919165520@https://www.cnn.com/world/live-news/lebanon-explosions-hezbollah-israel-09-19-24-intl-hnk/ 20240919170058@https://us.cnn.com/world/live-news/lebanon-explosions-hezbollah-israel-09-19-24-intl-hnk/index.html 20240919170100@https://www.cnn.com/world/live-news/lebanon-explosions-hezbollah-israel-09-19-24-intl-hnk/index.html 20240919170123@https://www.cnn.com/world/live-news/lebanon-explosions-hezbollah-israel-09-19-24-intl-hnk 20240919171005@https://www.cnn.com/world/live-news/lebanon-explosions-hezbollah-israel-09-19-24-intl-hnk/ 20240919171030@https://www.cnn.com/world/live-news/lebanon-explosions-hezbollah-israel-09-19-24-intl-hnk/ 20240919172704@https://www.cnn.com/world/live-news/lebanon-explosions-hezbollah-israel-09-19-24-intl-hnk/ 20240919172719@https://www.cnn.com/world/live-news/lebanon-explosions-hezbollah-israel-09-19-24-intl-hnk/ 20240919173510@https://www.cnn.com/world/live-news/lebanon-explosions-hezbollah-israel-09-19-24-intl-hnk/ 20240919173842@https://www.cnn.com/world/live-news/lebanon-explosions-hezbollah-israel-09-19-24-intl-hnk/ 20240919175203@https://www.cnn.com/world/live-news/lebanon-explosions-hezbollah-israel-09-19-24-intl-hnk/ 20240919175513@https://www.cnn.com/world/live-news/lebanon-explosions-hezbollah-israel-09-19-24-intl-hnk/ 20240919175628@https://www.cnn.com/world/live-news/lebanon-explosions-hezbollah-israel-09-19-24-intl-hnk/index.html 20240919175723@https://www.cnn.com/world/live-news/lebanon-explosions-hezbollah-israel-09-19-24-intl-hnk 20240919181047@https://www.cnn.com/world/live-news/lebanon-explosions-hezbollah-israel-09-19-24-intl-hnk/ 20240919181050@https://www.cnn.com/world/live-news/lebanon-explosions-hezbollah-israel-09-19-24-intl-hnk/ 20240919182055@https://www.cnn.com/world/live-news/lebanon-explosions-hezbollah-israel-09-19-24-intl-hnk/ 20240919182600@https://www.cnn.com/world/live-news/lebanon-explosions-hezbollah-israel-09-19-24-intl-hnk/ 20240919182944@https://www.cnn.com/world/live-news/lebanon-explosions-hezbollah-israel-09-19-24-intl-hnk/ 20240919183925@https://www.cnn.com/world/live-news/lebanon-explosions-hezbollah-israel-09-19-24-intl-hnk/ 20240919183938@https://www.cnn.com/world/live-news/lebanon-explosions-hezbollah-israel-09-19-24-intl-hnk/ 20240919185349@https://www.cnn.com/world/live-news/lebanon-explosions-hezbollah-israel-09-19-24-intl-hnk/ 20240919190130@https://www.cnn.com/world/live-news/lebanon-explosions-hezbollah-israel-09-19-24-intl-hnk/index.html 20240919191035@https://www.cnn.com/world/live-news/lebanon-explosions-hezbollah-israel-09-19-24-intl-hnk/ 20240919191209@https://www.cnn.com/world/live-news/lebanon-explosions-hezbollah-israel-09-19-24-intl-hnk 20240919192111@https://www.cnn.com/world/live-news/lebanon-explosions-hezbollah-israel-09-19-24-intl-hnk/ 20240919192133@https://www.cnn.com/world/live-news/lebanon-explosions-hezbollah-israel-09-19-24-intl-hnk 20240919192234@https://www.cnn.com/world/live-news/lebanon-explosions-hezbollah-israel-09-19-24-intl-hnk/ 20240919193848@https://www.cnn.com/world/live-news/lebanon-explosions-hezbollah-israel-09-19-24-intl-hnk/ 20240919193908@https://www.cnn.com/world/live-news/lebanon-explosions-hezbollah-israel-09-19-24-intl-hnk/ 20240919195305@https://www.cnn.com/world/live-news/lebanon-explosions-hezbollah-israel-09-19-24-intl-hnk/ 20240919195437@https://www.cnn.com/world/live-news/lebanon-explosions-hezbollah-israel-09-19-24-intl-hnk/ 20240919200929@https://www.cnn.com/world/live-news/lebanon-explosions-hezbollah-israel-09-19-24-intl-hnk/ 20240919201252@https://www.cnn.com/world/live-news/lebanon-explosions-hezbollah-israel-09-19-24-intl-hnk/ 20240919202151@https://www.cnn.com/world/live-news/lebanon-explosions-hezbollah-israel-09-19-24-intl-hnk/ 20240919202221@https://www.cnn.com/world/live-news/lebanon-explosions-hezbollah-israel-09-19-24-intl-hnk/ 20240919203721@https://www.cnn.com/world/live-news/lebanon-explosions-hezbollah-israel-09-19-24-intl-hnk/ 20240919203847@https://www.cnn.com/world/live-news/lebanon-explosions-hezbollah-israel-09-19-24-intl-hnk/ 20240919205443@https://www.cnn.com/world/live-news/lebanon-explosions-hezbollah-israel-09-19-24-intl-hnk 20240919223827@https://www.cnn.com/world/live-news/lebanon-explosions-hezbollah-israel-09-19-24-intl-hnk 20240919223909@https://www.cnn.com/world/live-news/lebanon-explosions-hezbollah-israel-09-19-24-intl-hnk/ 20240919225416@https://www.cnn.com/world/live-news/lebanon-explosions-hezbollah-israel-09-19-24-intl-hnk 20240919231008@https://www.cnn.com/world/live-news/lebanon-explosions-hezbollah-israel-09-19-24-intl-hnk/ 20240919231015@https://www.cnn.com/world/live-news/lebanon-explosions-hezbollah-israel-09-19-24-intl-hnk/ 20240919235251@https://www.cnn.com/world/live-news/lebanon-explosions-hezbollah-israel-09-19-24-intl-hnk 20240919235325@https://www.cnn.com/world/live-news/lebanon-explosions-hezbollah-israel-09-19-24-intl-hnk/ 20240920003523@https://www.cnn.com/world/live-news/lebanon-explosions-hezbollah-israel-09-19-24-intl-hnk 20240920004114@https://www.cnn.com/world/live-news/lebanon-explosions-hezbollah-israel-09-19-24-intl-hnk 20240920005617@https://www.cnn.com/world/live-news/lebanon-explosions-hezbollah-israel-09-19-24-intl-hnk/index.html 20240920010710@https://us.cnn.com/world/live-news/lebanon-explosions-hezbollah-israel-09-19-24-intl-hnk/index.html 20240920012408@https://www.cnn.com/world/live-news/lebanon-explosions-hezbollah-israel-09-19-24-intl-hnk/index.html 20240920012843@https://www.cnn.com/world/live-news/lebanon-explosions-hezbollah-israel-09-19-24-intl-hnk/index.html 20240920015149@https://www.cnn.com/world/live-news/lebanon-explosions-hezbollah-israel-09-19-24-intl-hnk 20240920015153@https://www.cnn.com/world/live-news/lebanon-explosions-hezbollah-israel-09-19-24-intl-hnk/index.html 20240920022021@https://www.cnn.com/world/live-news/lebanon-explosions-hezbollah-israel-09-19-24-intl-hnk 20240920022121@https://www.cnn.com/world/live-news/lebanon-explosions-hezbollah-israel-09-19-24-intl-hnk/ 20240920031324@https://www.cnn.com/world/live-news/lebanon-explosions-hezbollah-israel-09-19-24-intl-hnk/index.html 20240920033451@https://www.cnn.com/world/live-news/lebanon-explosions-hezbollah-israel-09-19-24-intl-hnk/ 20240920034108@https://www.cnn.com/world/live-news/lebanon-explosions-hezbollah-israel-09-19-24-intl-hnk/ 20240920061131@https://www.cnn.com/world/live-news/lebanon-explosions-hezbollah-israel-09-19-24-intl-hnk/ 20240920081058@https://www.cnn.com/world/live-news/lebanon-explosions-hezbollah-israel-09-19-24-intl-hnk 20240920082341@https://www.cnn.com/world/live-news/lebanon-explosions-hezbollah-israel-09-19-24-intl-hnk 20240920083227@https://www.cnn.com/world/live-news/lebanon-explosions-hezbollah-israel-09-19-24-intl-hnk 20240920083834@https://www.cnn.com/world/live-news/lebanon-explosions-hezbollah-israel-09-19-24-intl-hnk 20240920085633@https://www.cnn.com/world/live-news/lebanon-explosions-hezbollah-israel-09-19-24-intl-hnk 20240920104034@https://www.cnn.com/world/live-news/lebanon-explosions-hezbollah-israel-09-19-24-intl-hnk 20240920114335@https://www.cnn.com/world/live-news/lebanon-explosions-hezbollah-israel-09-19-24-intl-hnk/index.html 20240920115429@https://www.cnn.com/world/live-news/lebanon-explosions-hezbollah-israel-09-19-24-intl-hnk 20240920124142@https://www.cnn.com/world/live-news/lebanon-explosions-hezbollah-israel-09-19-24-intl-hnk 20240920125841@https://www.cnn.com/world/live-news/lebanon-explosions-hezbollah-israel-09-19-24-intl-hnk 20240920135909@https://www.cnn.com/world/live-news/lebanon-explosions-hezbollah-israel-09-19-24-intl-hnk 20240920141840@https://www.cnn.com/world/live-news/lebanon-explosions-hezbollah-israel-09-19-24-intl-hnk 20240920141841@https://www.cnn.com/world/live-news/lebanon-explosions-hezbollah-israel-09-19-24-intl-hnk/index.html 20240920141843@https://www.cnn.com/world/live-news/lebanon-explosions-hezbollah-israel-09-19-24-intl-hnk/index.html 20240920154547@https://www.cnn.com/world/live-news/lebanon-explosions-hezbollah-israel-09-19-24-intl-hnk/index.html 20240920160306@https://www.cnn.com/world/live-news/lebanon-explosions-hezbollah-israel-09-19-24-intl-hnk/index.html 20240920164523@https://www.cnn.com/world/live-news/lebanon-explosions-hezbollah-israel-09-19-24-intl-hnk 20240920192348@https://www.cnn.com/world/live-news/lebanon-explosions-hezbollah-israel-09-19-24-intl-hnk 20240920193905@https://www.cnn.com/world/live-news/lebanon-explosions-hezbollah-israel-09-19-24-intl-hnk/index.html 20240921004138@https://www.cnn.com/world/live-news/lebanon-explosions-hezbollah-israel-09-19-24-intl-hnk 20240921004156@https://www.cnn.com/world/live-news/lebanon-explosions-hezbollah-israel-09-19-24-intl-hnk/index.html 20240921055120@https://www.cnn.com/world/live-news/lebanon-explosions-hezbollah-israel-09-19-24-intl-hnk 20240921060854@https://www.cnn.com/world/live-news/lebanon-explosions-hezbollah-israel-09-19-24-intl-hnk 20240921064605@https://www.cnn.com/world/live-news/lebanon-explosions-hezbollah-israel-09-19-24-intl-hnk/index.html 20240921065254@https://www.cnn.com/world/live-news/lebanon-explosions-hezbollah-israel-09-19-24-intl-hnk/index.html 20240921075442@https://www.cnn.com/world/live-news/lebanon-explosions-hezbollah-israel-09-19-24-intl-hnk 20240921150436@https://www.cnn.com/world/live-news/lebanon-explosions-hezbollah-israel-09-19-24-intl-hnk/index.html 20240921205955@https://www.cnn.com/world/live-news/lebanon-explosions-hezbollah-israel-09-19-24-intl-hnk 20240922090711@https://www.cnn.com/world/live-news/lebanon-explosions-hezbollah-israel-09-19-24-intl-hnk/ 20240922091556@https://www.cnn.com/world/live-news/lebanon-explosions-hezbollah-israel-09-19-24-intl-hnk 20240922091608@https://www.cnn.com/world/live-news/lebanon-explosions-hezbollah-israel-09-19-24-intl-hnk/index.html 20240922115118@https://www.cnn.com/world/live-news/lebanon-explosions-hezbollah-israel-09-19-24-intl-hnk/index.html 20240922145747@https://www.cnn.com/world/live-news/lebanon-explosions-hezbollah-israel-09-19-24-intl-hnk/index.html 20240922162327@https://www.cnn.com/world/live-news/lebanon-explosions-hezbollah-israel-09-19-24-intl-hnk/ 20240922162408@https://www.cnn.com/world/live-news/lebanon-explosions-hezbollah-israel-09-19-24-intl-hnk 20240922170453@https://www.cnn.com/world/live-news/lebanon-explosions-hezbollah-israel-09-19-24-intl-hnk 20240922171017@https://www.cnn.com/world/live-news/lebanon-explosions-hezbollah-israel-09-19-24-intl-hnk/ 20240922171154@https://www.cnn.com/world/live-news/lebanon-explosions-hezbollah-israel-09-19-24-intl-hnk 20240922171156@https://www.cnn.com/world/live-news/lebanon-explosions-hezbollah-israel-09-19-24-intl-hnk 20240922173914@https://www.cnn.com/world/live-news/lebanon-explosions-hezbollah-israel-09-19-24-intl-hnk 20240922173925@https://www.cnn.com/world/live-news/lebanon-explosions-hezbollah-israel-09-19-24-intl-hnk/ 20240922192418@https://www.cnn.com/world/live-news/lebanon-explosions-hezbollah-israel-09-19-24-intl-hnk/ 20240922192451@https://www.cnn.com/world/live-news/lebanon-explosions-hezbollah-israel-09-19-24-intl-hnk 20240922205215@https://www.cnn.com/world/live-news/lebanon-explosions-hezbollah-israel-09-19-24-intl-hnk/ 20240922205401@https://www.cnn.com/world/live-news/lebanon-explosions-hezbollah-israel-09-19-24-intl-hnk 20240922214037@https://www.cnn.com/world/live-news/lebanon-explosions-hezbollah-israel-09-19-24-intl-hnk/ 20240922214134@https://www.cnn.com/world/live-news/lebanon-explosions-hezbollah-israel-09-19-24-intl-hnk 20240922230726@https://www.cnn.com/world/live-news/lebanon-explosions-hezbollah-israel-09-19-24-intl-hnk 20240922230752@https://www.cnn.com/world/live-news/lebanon-explosions-hezbollah-israel-09-19-24-intl-hnk/ 20240923001904@https://www.cnn.com/world/live-news/lebanon-explosions-hezbollah-israel-09-19-24-intl-hnk/index.html 20240923015953@https://us.cnn.com/world/live-news/lebanon-explosions-hezbollah-israel-09-19-24-intl-hnk 20240923082049@https://www.cnn.com/world/live-news/lebanon-explosions-hezbollah-israel-09-19-24-intl-hnk 20240923082104@https://www.cnn.com/world/live-news/lebanon-explosions-hezbollah-israel-09-19-24-intl-hnk/index.html 20240923161041@https://www.cnn.com/world/live-news/lebanon-explosions-hezbollah-israel-09-19-24-intl-hnk/index.html 20240924133027@https://www.cnn.com/world/live-news/lebanon-explosions-hezbollah-israel-09-19-24-intl-hnk/index.html 20240924135222@https://www.cnn.com/world/live-news/lebanon-explosions-hezbollah-israel-09-19-24-intl-hnk 20240924135233@https://www.cnn.com/world/live-news/lebanon-explosions-hezbollah-israel-09-19-24-intl-hnk/index.html 20240924144316@https://www.cnn.com/world/live-news/lebanon-explosions-hezbollah-israel-09-19-24-intl-hnk 20240924164314@https://www.cnn.com/world/live-news/lebanon-explosions-hezbollah-israel-09-19-24-intl-hnk/index.html
us,cnn,https://www.cnn.com/world/live-news/lebanon-explosions-hezbollah-israel-09-20-24-intl-hnk/,cdx,,cdx-fetch,200,,https://www.cnn.com/world/live-news/lebanon-explosions-hezbollah-israel-09-20-24-intl-hnk https://us.cnn.com/world/live-news/lebanon-explosions-hezbollah-israel-09-20-24-intl-hnk,,ok,,2026-10-06T09:01:37Z,20240920062027@https://us.cnn.com/world/live-news/lebanon-explosions-hezbollah-israel-09-20-24-intl-hnk/index.html 20240920062202@https://www.cnn.com/world/live-news/lebanon-explosions-hezbollah-israel-09-20-24-intl-hnk/ 20240920070938@https://us.cnn.com/world/live-news/lebanon-explosions-hezbollah-israel-09-20-24-intl-hnk/ 20240920081229@https://www.cnn.com/world/live-news/lebanon-explosions-hezbollah-israel-09-20-24-intl-hnk 20240920082345@https://www.cnn.com/world/live-news/lebanon-explosions-hezbollah-israel-09-20-24-intl-hnk 20240920083933@https://www.cnn.com/world/live-news/lebanon-explosions-hezbollah-israel-09-20-24-intl-hnk 20240920085410@https://www.cnn.com/world/live-news/lebanon-explosions-hezbollah-israel-09-20-24-intl-hnk 20240920104029@https://www.cnn.com/world/live-news/lebanon-explosions-hezbollah-israel-09-20-24-intl-hnk 20240920115506@https://www.cnn.com/world/live-news/lebanon-explosions-hezbollah-israel-09-20-24-intl-hnk 20240920124200@https://www.cnn.com/world/live-news/lebanon-explosions-hezbollah-israel-09-20-24-intl-hnk 20240920125740@https://www.cnn.com/world/live-news/lebanon-explosions-hezbollah-israel-09-20-24-intl-hnk 20240920132405@https://www.cnn.com/world/live-news/lebanon-explosions-hezbollah-israel-09-20-24-intl-hnk 20240920135639@https://www.cnn.com/world/live-news/lebanon-explosions-hezbollah-israel-09-20-24-intl-hnk 20240920135824@https://www.cnn.com/world/live-news/lebanon-explosions-hezbollah-israel-09-20-24-intl-hnk/index.html 20240920135906@https://www.cnn.com/world/live-news/lebanon-explosions-hezbollah-israel-09-20-24-intl-hnk 20240920155301@https://www.cnn.com/world/live-news/lebanon-explosions-hezbollah-israel-09-20-24-intl-hnk 20240920155302@https://www.cnn.com/world/live-news/lebanon-explosions-hezbollah-israel-09-20-24-intl-hnk/index.html 20240920155729@https://www.cnn.com/world/live-news/lebanon-explosions-hezbollah-israel-09-20-24-intl-hnk 20240920155944@https://www.cnn.com/world/live-news/lebanon-explosions-hezbollah-israel-09-20-24-intl-hnk 20240920164442@https://www.cnn.com/world/live-news/lebanon-explosions-hezbollah-israel-09-20-24-intl-hnk/index.html 20240920164523@https://www.cnn.com/world/live-news/lebanon-explosions-hezbollah-israel-09-20-24-intl-hnk 20240920173059@https://us.cnn.com/world/live-news/lebanon-explosions-hezbollah-israel-09-20-24-intl-hnk/index.html 20240920173103@https://www.cnn.com/world/live-news/lebanon-explosions-hezbollah-israel-09-20-24-intl-hnk/index.html 20240920173126@https://www.cnn.com/world/live-news/lebanon-explosions-hezbollah-israel-09-20-24-intl-hnk 20240920174141@https://www.cnn.com/world/live-news/lebanon-explosions-hezbollah-israel-09-20-24-intl-hnk/ 20240920180700@https://www.cnn.com/world/live-news/lebanon-explosions-hezbollah-israel-09-20-24-intl-hnk/ 20240920192312@https://www.cnn.com/world/live-news/lebanon-explosions-hezbollah-israel-09-20-24-intl-hnk/index.html 20240920195142@https://www.cnn.com/world/live-news/lebanon-explosions-hezbollah-israel-09-20-24-intl-hnk/ 20240920195248@https://www.cnn.com/world/live-news/lebanon-explosions-hezbollah-israel-09-20-24-intl-hnk/ 20240920204040@https://www.cnn.com/world/live-news/lebanon-explosions-hezbollah-israel-09-20-24-intl-hnk/ 20240920204657@https://us.cnn.com/world/live-news/lebanon-explosions-hezbollah-israel-09-20-24-intl-hnk/index.html 20240920213913@https://www.cnn.com/world/live-news/lebanon-explosions-hezbollah-israel-09-20-24-intl-hnk/ 20240920220831@https://www.cnn.com/world/live-news/lebanon-explosions-hezbollah-israel-09-20-24-intl-hnk/ 20240920222256@https://www.cnn.com/world/live-news/lebanon-explosions-hezbollah-israel-09-20-24-intl-hnk/ 20240920233803@https://www.cnn.com/world/live-news/lebanon-explosions-hezbollah-israel-09-20-24-intl-hnk/ 20240921002756@https://www.cnn.com/world/live-news/lebanon-explosions-hezbollah-israel-09-20-24-intl-hnk/index.html 20240921002836@https://www.cnn.com/world/live-news/lebanon-explosions-hezbollah-israel-09-20-24-intl-hnk 20240921003601@https://www.cnn.com/world/live-news/lebanon-explosions-hezbollah-israel-09-20-24-intl-hnk/ 20240921005401@https://www.cnn.com/world/live-news/lebanon-explosions-hezbollah-israel-09-20-24-intl-hnk 20240921014032@https://www.cnn.com/world/live-news/lebanon-explosions-hezbollah-israel-09-20-24-intl-hnk/index.html 20240921020413@https://www.cnn.com/world/live-news/lebanon-explosions-hezbollah-israel-09-20-24-intl-hnk/ 20240921021045@https://www.cnn.com/world/live-news/lebanon-explosions-hezbollah-israel-09-20-24-intl-hnk/ 20240921023431@https://www.cnn.com/world/live-news/lebanon-explosions-hezbollah-israel-09-20-24-intl-hnk 20240921024118@https://www.cnn.com/world/live-news/lebanon-explosions-hezbollah-israel-09-20-24-intl-hnk/index.html 20240921025204@https://www.cnn.com/world/live-news/lebanon-explosions-hezbollah-israel-09-20-24-intl-hnk/ 20240921025949@https://us.cnn.com/world/live-news/lebanon-explosions-hezbollah-israel-09-20-24-intl-hnk/index.html 20240921030807@https://www.cnn.com/world/live-news/lebanon-explosions-hezbollah-israel-09-20-24-intl-hnk/ 20240921035923@https://www.cnn.com/world/live-news/lebanon-explosions-hezbollah-israel-09-20-24-intl-hnk/index.html 20240921052449@https://www.cnn.com/world/live-news/lebanon-explosions-hezbollah-israel-09-20-24-intl-hnk/ 20240921062645@https://www.cnn.com/world/live-news/lebanon-explosions-hezbollah-israel-09-20-24-intl-hnk/index.html 20240921073721@https://www.cnn.com/world/live-news/lebanon-explosions-hezbollah-israel-09-20-24-intl-hnk/ 20240921075412@https://www.cnn.com/world/live-news/lebanon-explosions-hezbollah-israel-09-20-24-intl-hnk/ 20240921075423@https://www.cnn.com/world/live-news/lebanon-explosions-hezbollah-israel-09-20-24-intl-hnk/ 20240921075430@https://www.cnn.com/world/live-news/lebanon-explosions-hezbollah-israel-09-20-24-intl-hnk/ 20240921093458@https://www.cnn.com/world/live-news/lebanon-explosions-hezbollah-israel-09-20-24-intl-hnk 20240921120731@https://www.cnn.com/world/live-news/lebanon-explosions-hezbollah-israel-09-20-24-intl-hnk 20240921165312@https://www.cnn.com/world/live-news/lebanon-explosions-hezbollah-israel-09-20-24-intl-hnk/index.html 20240921165801@https://www.cnn.com/world/live-news/lebanon-explosions-hezbollah-israel-09-20-24-intl-hnk 20240921173901@https://www.cnn.com/world/live-news/lebanon-explosions-hezbollah-israel-09-20-24-intl-hnk 20240921192753@https://www.cnn.com/world/live-news/lebanon-explosions-hezbollah-israel-09-20-24-intl-hnk/index.html 20240921235207@https://us.cnn.com/world/live-news/lebanon-explosions-hezbollah-israel-09-20-24-intl-hnk/ 20240922114917@https://www.cnn.com/world/live-news/lebanon-explosions-hezbollah-israel-09-20-24-intl-hnk/index.html 20240922165319@https://www.cnn.com/world/live-news/lebanon-explosions-hezbollah-israel-09-20-24-intl-hnk/index.html 20240922225230@https://www.cnn.com/world/live-news/lebanon-explosions-hezbollah-israel-09-20-24-intl-hnk/ 20240923005410@https://www.cnn.com/world/live-news/lebanon-explosions-hezbollah-israel-09-20-24-intl-hnk/ 20240923010717@https://www.cnn.com/world/live-news/lebanon-explosions-hezbollah-israel-09-20-24-intl-hnk/index.html 20240923071341@https://www.cnn.com/world/live-news/lebanon-explosions-hezbollah-israel-09-20-24-intl-hnk/index.html 20240923095305@https://www.cnn.com/world/live-news/lebanon-explosions-hezbollah-israel-09-20-24-intl-hnk/index.html 20240923095319@https://www.cnn.com/world/live-news/lebanon-explosions-hezbollah-israel-09-20-24-intl-hnk 20240923142447@https://www.cnn.com/world/live-news/lebanon-explosions-hezbollah-israel-09-20-24-intl-hnk 20240923155601@https://www.cnn.com/world/live-news/lebanon-explosions-hezbollah-israel-09-20-24-intl-hnk 20240923161358@https://www.cnn.com/world/live-news/lebanon-explosions-hezbollah-israel-09-20-24-intl-hnk 20240923171541@https://www.cnn.com/world/live-news/lebanon-explosions-hezbollah-israel-09-20-24-intl-hnk/index.html 20240923204620@https://www.cnn.com/world/live-news/lebanon-explosions-hezbollah-israel-09-20-24-intl-hnk 20240923212757@https://www.cnn.com/world/live-news/lebanon-explosions-hezbollah-israel-09-20-24-intl-hnk/index.html 20240924005304@https://www.cnn.com/world/live-news/lebanon-explosions-hezbollah-israel-09-20-24-intl-hnk/ 20240924020717@https://www.cnn.com/world/live-news/lebanon-explosions-hezbollah-israel-09-20-24-intl-hnk/ 20240924032048@https://www.cnn.com/world/live-news/lebanon-explosions-hezbollah-israel-09-20-24-intl-hnk/index.html 20240924161211@https://www.cnn.com/world/live-news/lebanon-explosions-hezbollah-israel-09-20-24-intl-hnk 20240924184627@https://www.cnn.com/world/live-news/lebanon-explosions-hezbollah-israel-09-20-24-intl-hnk/index.html
us,cnn,https://www.cnn.com/world/live-news/lebanon-explosions-hezbollah-israel-09-20-24-intl-hnk/,capture,20240921235207,fetch,200,4342086,https://web.archive.org/web/20240921235207id_/https://us.cnn.com/world/live-news/lebanon-explosions-hezbollah-israel-09-20-24-intl-hnk/,raw/cnn/r2lb-7a7d9168f641525a-20240921235207.html.gz,ok,,2026-10-06T09:01:44Z,
us,cnn,https://www.cnn.com/world/live-news/lebanon-pagers-attack-hezbollah/index.html,cdx,,cdx-fetch,200,,https://www.cnn.com/world/live-news/lebanon-pagers-attack-hezbollah https://us.cnn.com/world/live-news/lebanon-pagers-attack-hezbollah,,ok,,2026-10-06T09:01:52Z,20240917152441@https://www.cnn.com/world/live-news/lebanon-pagers-attack-hezbollah 20240917155945@https://www.cnn.com/world/live-news/lebanon-pagers-attack-hezbollah/index.html 20240917160236@https://www.cnn.com/world/live-news/lebanon-pagers-attack-hezbollah/ 20240917160432@https://us.cnn.com/world/live-news/lebanon-pagers-attack-hezbollah/index.html 20240917162221@https://www.cnn.com/world/live-news/lebanon-pagers-attack-hezbollah/index.html 20240917165142@https://www.cnn.com/world/live-news/lebanon-pagers-attack-hezbollah/ 20240917171025@https://www.cnn.com/world/live-news/lebanon-pagers-attack-hezbollah/ 20240917171032@https://www.cnn.com/world/live-news/lebanon-pagers-attack-hezbollah/ 20240917171148@https://www.cnn.com/world/live-news/lebanon-pagers-attack-hezbollah 20240917171354@https://www.cnn.com/world/live-news/lebanon-pagers-attack-hezbollah/index.html 20240917171355@https://www.cnn.com/world/live-news/lebanon-pagers-attack-hezbollah 20240917172032@https://us.cnn.com/world/live-news/lebanon-pagers-attack-hezbollah/index.html 20240917172034@https://www.cnn.com/world/live-news/lebanon-pagers-attack-hezbollah/index.html 20240917172046@https://www.cnn.com/world/live-news/lebanon-pagers-attack-hezbollah 20240917172527@https://www.cnn.com/world/live-news/lebanon-pagers-attack-hezbollah/ 20240917172801@https://www.cnn.com/world/live-news/lebanon-pagers-attack-hezbollah/ 20240917175120@https://www.cnn.com/world/live-news/lebanon-pagers-attack-hezbollah/ 20240917175257@https://www.cnn.com/world/live-news/lebanon-pagers-attack-hezbollah 20240917175517@https://www.cnn.com/world/live-news/lebanon-pagers-attack-hezbollah/ 20240917175613@https://www.cnn.com/world/live-news/lebanon-pagers-attack-hezbollah/ 20240917180528@https://www.cnn.com/world/live-news/lebanon-pagers-attack-hezbollah 20240917181141@https://www.cnn.com/world/live-news/lebanon-pagers-attack-hezbollah/ 20240917181221@https://www.cnn.com/world/live-news/lebanon-pagers-attack-hezbollah/index.html 20240917181734@https://www.cnn.com/world/live-news/lebanon-pagers-attack-hezbollah/index.html 20240917182314@https://www.cnn.com/world/live-news/lebanon-pagers-attack-hezbollah/ 20240917183858@https://www.cnn.com/world/live-news/lebanon-pagers-attack-hezbollah/ 20240917183904@https://www.cnn.com/world/live-news/lebanon-pagers-attack-hezbollah/ 20240917184156@https://us.cnn.com/world/live-news/lebanon-pagers-attack-hezbollah/ 20240917184207@https://us.cnn.com/world/live-news/lebanon-pagers-attack-hezbollah/ 20240917184222@https://us.cnn.com/world/live-news/lebanon-pagers-attack-hezbollah/ 20240917184905@https://us.cnn.com/world/live-news/lebanon-pagers-attack-hezbollah/index.html 20240917185316@https://www.cnn.com/world/live-news/lebanon-pagers-attack-hezbollah/ 20240917185607@https://www.cnn.com/world/live-news/lebanon-pagers-attack-hezbollah/ 20240917194332@https://www.cnn.com/world/live-news/lebanon-pagers-attack-hezbollah 20240917195131@https://www.cnn.com/world/live-news/lebanon-pagers-attack-hezbollah 20240917195142@https://www.cnn.com/world/live-news/lebanon-pagers-attack-hezbollah/ 20240917195206@https://www.cnn.com/world/live-news/lebanon-pagers-attack-hezbollah/ 20240917195454@https://www.cnn.com/world/live-news/lebanon-pagers-attack-hezbollah/ 20240917200758@https://www.cnn.com/world/live-news/lebanon-pagers-attack-hezbollah/ 20240917200834@https://www.cnn.com/world/live-news/lebanon-pagers-attack-hezbollah 20240917202430@https://www.cnn.com/world/live-news/lebanon-pagers-attack-hezbollah/ 20240917202447@https://www.cnn.com/world/live-news/lebanon-pagers-attack-hezbollah 20240917202514@https://www.cnn.com/world/live-news/lebanon-pagers-attack-hezbollah/ 20240917204013@https://www.cnn.com/world/live-news/lebanon-pagers-attack-hezbollah/ 20240917205448@https://www.cnn.com/world/live-news/lebanon-pagers-attack-hezbollah/ 20240917205604@https://www.cnn.com/world/live-news/lebanon-pagers-attack-hezbollah 20240917211119@https://www.cnn.com/world/live-news/lebanon-pagers-attack-hezbollah 20240917211225@https://www.cnn.com/world/live-news/lebanon-pagers-attack-hezbollah/ 20240917212057@https://www.cnn.com/world/live-news/lebanon-pagers-attack-hezbollah 20240917212407@https://www.cnn.com/world/live-news/lebanon-pagers-attack-hezbollah/ 20240917212939@https://www.cnn.com/world/live-news/lebanon-pagers-attack-hezbollah 20240917213716@https://us.cnn.com/world/live-news/lebanon-pagers-attack-hezbollah/index.html 20240917213845@https://www.cnn.com/world/live-news/lebanon-pagers-attack-hezbollah 20240917213917@https://www.cnn.com/world/live-news/lebanon-pagers-attack-hezbollah 20240917214005@https://www.cnn.com/world/live-news/lebanon-pagers-attack-hezbollah 20240917214010@https://www.cnn.com/world/live-news/lebanon-pagers-attack-hezbollah/ 20240917214040@https://www.cnn.com/world/live-news/lebanon-pagers-attack-hezbollah 20240917214058@https://www.cnn.com/world/live-news/lebanon-pagers-attack-hezbollah/ 20240917215352@https://www.cnn.com/world/live-news/lebanon-pagers-attack-hezbollah 20240917215402@https://www.cnn.com/world/live-news/lebanon-pagers-attack-hezbollah/ 20240917215511@https://www.cnn.com/world/live-news/lebanon-pagers-attack-hezbollah/ 20240917221154@https://www.cnn.com/world/live-news/lebanon-pagers-attack-hezbollah 20240917221214@https://www.cnn.com/world/live-news/lebanon-pagers-attack-hezbollah/index.html 20240917221221@https://www.cnn.com/world/live-news/lebanon-pagers-attack-hezbollah 20240917222255@https://www.cnn.com/world/live-news/lebanon-pagers-attack-hezbollah/ 20240917222301@https://www.cnn.com/world/live-news/lebanon-pagers-attack-hezbollah 20240917222304@https://www.cnn.com/world/live-news/lebanon-pagers-attack-hezbollah 20240917223950@https://www.cnn.com/world/live-news/lebanon-pagers-attack-hezbollah/ 20240917225602@https://www.cnn.com/world/live-news/lebanon-pagers-attack-hezbollah/index.html 20240917225736@https://www.cnn.com/world/live-news/lebanon-pagers-attack-hezbollah 20240917225737@https://www.cnn.com/world/live-news/lebanon-pagers-attack-hezbollah 20240917231022@https://www.cnn.com/world/live-news/lebanon-pagers-attack-hezbollah/ 20240917231320@https://www.cnn.com/world/live-news/lebanon-pagers-attack-hezbollah/index.html 20240917231346@https://www.cnn.com/world/live-news/lebanon-pagers-attack-hezbollah 20240917231351@https://us.cnn.com/world/live-news/lebanon-pagers-attack-hezbollah/ 20240917234258@https://www.cnn.com/world/live-news/lebanon-pagers-attack-hezbollah/index.html 20240917235405@https://www.cnn.com/world/live-news/lebanon-pagers-attack-hezbollah 20240918000222@https://www.cnn.com/world/live-news/lebanon-pagers-attack-hezbollah 20240918002512@https://www.cnn.com/world/live-news/lebanon-pagers-attack-hezbollah/ 20240918003443@https://www.cnn.com/world/live-news/lebanon-pagers-attack-hezbollah 20240918004053@https://www.cnn.com/world/live-news/lebanon-pagers-attack-hezbollah 20240918004334@https://www.cnn.com/world/live-news/lebanon-pagers-attack-hezbollah 20240918010305@https://www.cnn.com/world/live-news/lebanon-pagers-attack-hezbollah/index.html 20240918010829@https://www.cnn.com/world/live-news/lebanon-pagers-attack-hezbollah/index.html 20240918014616@https://www.cnn.com/world/live-news/lebanon-pagers-attack-hezbollah 20240918015150@https://www.cnn.com/world/live-news/lebanon-pagers-attack-hezbollah/ 20240918015304@https://www.cnn.com/world/live-news/lebanon-pagers-attack-hezbollah/ 20240918015446@https://www.cnn.com/world/live-news/lebanon-pagers-attack-hezbollah 20240918015450@https://www.cnn.com/world/live-news/lebanon-pagers-attack-hezbollah/index.html 20240918022253@https://www.cnn.com/world/live-news/lebanon-pagers-attack-hezbollah 20240918025207@https://www.cnn.com/world/live-news/lebanon-pagers-attack-hezbollah 20240918025305@https://www.cnn.com/world/live-news/lebanon-pagers-attack-hezbollah 20240918025536@https://www.cnn.com/world/live-news/lebanon-pagers-attack-hezbollah 20240918025637@https://www.cnn.com/world/live-news/lebanon-pagers-attack-hezbollah/ 20240918030357@https://www.cnn.com/world/live-news/lebanon-pagers-attack-hezbollah 20240918030955@https://www.cnn.com/world/live-news/lebanon-pagers-attack-hezbollah 20240918032326@https://www.cnn.com/world/live-news/lebanon-pagers-attack-hezbollah 20240918032404@https://www.cnn.com/world/live-news/lebanon-pagers-attack-hezbollah 20240918033311@https://www.cnn.com/world/live-news/lebanon-pagers-attack-hezbollah/index.html 20240918040208@https://us.cnn.com/world/live-news/lebanon-pagers-attack-hezbollah 20240918042416@https://www.cnn.com/world/live-news/lebanon-pagers-attack-hezbollah 20240918042424@https://www.cnn.com/world/live-news/lebanon-pagers-attack-hezbollah/index.html 20240918042528@https://www.cnn.com/world/live-news/lebanon-pagers-attack-hezbollah 20240918043546@https://www.cnn.com/world/live-news/lebanon-pagers-attack-hezbollah 20240918044223@https://www.cnn.com/world/live-news/lebanon-pagers-attack-hezbollah 20240918045212@https://www.cnn.com/world/live-news/lebanon-pagers-attack-hezbollah 20240918050123@https://www.cnn.com/world/live-news/lebanon-pagers-attack-hezbollah/index.html 20240918050911@https://www.cnn.com/world/live-news/lebanon-pagers-attack-hezbollah 20240918054021@https://www.cnn.com/world/live-news/lebanon-pagers-attack-hezbollah/ 20240918055127@https://www.cnn.com/world/live-news/lebanon-pagers-attack-hezbollah 20240918055129@https://www.cnn.com/world/live-news/lebanon-pagers-attack-hezbollah/ 20240918060651@https://www.cnn.com/world/live-news/lebanon-pagers-attack-hezbollah 20240918060922@https://www.cnn.com/world/live-news/lebanon-pagers-attack-hezbollah 20240918063957@https://www.cnn.com/world/live-news/lebanon-pagers-attack-hezbollah 20240918064018@https://www.cnn.com/world/live-news/lebanon-pagers-attack-hezbollah/ 20240918065617@https://www.cnn.com/world/live-news/lebanon-pagers-attack-hezbollah 20240918065635@https://www.cnn.com/world/live-news/lebanon-pagers-attack-hezbollah/ 20240918070635@https://www.cnn.com/world/live-news/lebanon-pagers-attack-hezbollah 20240918071443@https://www.cnn.com/world/live-news/lebanon-pagers-attack-hezbollah 20240918072428@https://www.cnn.com/world/live-news/lebanon-pagers-attack-hezbollah 20240918075428@https://www.cnn.com/world/live-news/lebanon-pagers-attack-hezbollah 20240918075447@https://www.cnn.com/world/live-news/lebanon-pagers-attack-hezbollah/ 20240918080540@https://www.cnn.com/world/live-news/lebanon-pagers-attack-hezbollah 20240918082251@https://www.cnn.com/world/live-news/lebanon-pagers-attack-hezbollah 20240918085445@https://www.cnn.com/world/live-news/lebanon-pagers-attack-hezbollah 20240918085628@https://www.cnn.com/world/live-news/lebanon-pagers-attack-hezbollah 20240918090554@https://www.cnn.com/world/live-news/lebanon-pagers-attack-hezbollah 20240918091202@https://www.cnn.com/world/live-news/lebanon-pagers-attack-hezbollah 20240918091310@https://www.cnn.com/world/live-news/lebanon-pagers-attack-hezbollah 20240918092201@https://www.cnn.com/world/live-news/lebanon-pagers-attack-hezbollah 20240918092217@https://www.cnn.com/world/live-news/lebanon-pagers-attack-hezbollah/ 20240918094026@https://www.cnn.com/world/live-news/lebanon-pagers-attack-hezbollah 20240918094105@https://www.cnn.com/world/live-news/lebanon-pagers-attack-hezbollah/ 20240918094326@https://www.cnn.com/world/live-news/lebanon-pagers-attack-hezbollah/index.html 20240918094454@https://www.cnn.com/world/live-news/lebanon-pagers-attack-hezbollah 20240918102437@https://www.cnn.com/world/live-news/lebanon-pagers-attack-hezbollah 20240918103838@https://www.cnn.com/world/live-news/lebanon-pagers-attack-hezbollah 20240918104101@https://www.cnn.com/world/live-news/lebanon-pagers-attack-hezbollah 20240918105646@https://www.cnn.com/world/live-news/lebanon-pagers-attack-hezbollah 20240918110912@https://www.cnn.com/world/live-news/lebanon-pagers-attack-hezbollah 20240918123801@https://www.cnn.com/world/live-news/lebanon-pagers-attack-hezbollah 20240918124040@https://www.cnn.com/world/live-news/lebanon-pagers-attack-hezbollah 20240918125547@https://www.cnn.com/world/live-news/lebanon-pagers-attack-hezbollah 20240918132547@https://www.cnn.com/world/live-news/lebanon-pagers-attack-hezbollah 20240918133425@https://www.cnn.com/world/live-news/lebanon-pagers-attack-hezbollah 20240918134035@https://www.cnn.com/world/live-news/lebanon-pagers-attack-hezbollah 20240918135119@https://www.cnn.com/world/live-news/lebanon-pagers-attack-hezbollah 20240918135925@https://www.cnn.com/world/live-news/lebanon-pagers-attack-hezbollah 20240918141152@https://www.cnn.com/world/live-news/lebanon-pagers-attack-hezbollah 20240918144008@https://www.cnn.com/world/live-news/lebanon-pagers-attack-hezbollah 20240918145628@https://www.cnn.com/world/live-news/lebanon-pagers-attack-hezbollah 20240918152133@https://www.cnn.com/world/live-news/lebanon-pagers-attack-hezbollah/ 20240918154047@https://www.cnn.com/world/live-news/lebanon-pagers-attack-hezbollah 20240918155918@https://www.cnn.com/world/live-news/lebanon-pagers-attack-hezbollah 20240918160844@https://www.cnn.com/world/live-news/lebanon-pagers-attack-hezbollah 20240918162423@https://www.cnn.com/world/live-news/lebanon-pagers-attack-hezbollah 20240918162744@https://www.cnn.com/world/live-news/lebanon-pagers-attack-hezbollah 20240918165544@https://www.cnn.com/world/live-news/lebanon-pagers-attack-hezbollah 20240918165624@https://www.cnn.com/world/live-news/lebanon-pagers-attack-hezbollah 20240918174025@https://www.cnn.com/world/live-news/lebanon-pagers-attack-hezbollah 20240918175641@https://www.cnn.com/world/live-news/lebanon-pagers-attack-hezbollah 20240918175704@https://www.cnn.com/world/live-news/lebanon-pagers-attack-hezbollah 20240918181135@https://www.cnn.com/world/live-news/lebanon-pagers-attack-hezbollah 20240918193459@https://www.cnn.com/world/live-news/lebanon-pagers-attack-hezbollah/ 20240918202803@https://www.cnn.com/world/live-news/lebanon-pagers-attack-hezbollah 20240918222510@https://www.cnn.com/world/live-news/lebanon-pagers-attack-hezbollah 20240918232503@https://www.cnn.com/world/live-news/lebanon-pagers-attack-hezbollah 20240918233638@https://www.cnn.com/world/live-news/lebanon-pagers-attack-hezbollah/index.html 20240919010939@https://www.cnn.com/world/live-news/lebanon-pagers-attack-hezbollah 20240919020628@https://www.cnn.com/world/live-news/lebanon-pagers-attack-hezbollah/index.html 20240919020733@https://www.cnn.com/world/live-news/lebanon-pagers-attack-hezbollah 20240919025403@https://www.cnn.com/world/live-news/lebanon-pagers-attack-hezbollah 20240919042940@https://www.cnn.com/world/live-news/lebanon-pagers-attack-hezbollah 20240919043050@https://www.cnn.com/world/live-news/lebanon-pagers-attack-hezbollah/index.html 20240919044350@https://www.cnn.com/world/live-news/lebanon-pagers-attack-hezbollah 20240919044428@https://www.cnn.com/world/live-news/lebanon-pagers-attack-hezbollah/index.html 20240919063928@https://www.cnn.com/world/live-news/lebanon-pagers-attack-hezbollah 20240919064055@https://www.cnn.com/world/live-news/lebanon-pagers-attack-hezbollah/index.html 20240920025726@https://www.cnn.com/world/live-news/lebanon-pagers-attack-hezbollah/ 20240920122052@https://www.cnn.com/world/live-news/lebanon-pagers-attack-hezbollah/index.html 20240920122054@https://www.cnn.com/world/live-news/lebanon-pagers-attack-hezbollah 20240920203228@https://www.cnn.com/world/live-news/lebanon-pagers-attack-hezbollah/index.html 20240921092621@https://www.cnn.com/world/live-news/lebanon-pagers-attack-hezbollah 20240921095535@https://www.cnn.com/world/live-news/lebanon-pagers-attack-hezbollah/index.html 20240921095543@https://www.cnn.com/world/live-news/lebanon-pagers-attack-hezbollah 20240922123812@https://www.cnn.com/world/live-news/lebanon-pagers-attack-hezbollah/ 20240923021309@https://www.cnn.com/world/live-news/lebanon-pagers-attack-hezbollah 20240923023413@https://www.cnn.com/world/live-news/lebanon-pagers-attack-hezbollah 20240923201730@https://www.cnn.com/world/live-news/lebanon-pagers-attack-hezbollah 20240923204904@https://www.cnn.com/world/live-news/lebanon-pagers-attack-hezbollah/index.html 20240924044418@https://www.cnn.com/world/live-news/lebanon-pagers-attack-hezbollah 20240924081025@https://www.cnn.com/world/live-news/lebanon-pagers-attack-hezbollah
us,cnn,https://www.cnn.com/world/live-news/lebanon-pagers-explode-hezbollah-israel-09-18-24-intl-hnk/index.html,cdx,,cdx-fetch,200,,https://www.cnn.com/world/live-news/lebanon-pagers-explode-hezbollah-israel-09-18-24-intl-hnk https://us.cnn.com/world/live-news/lebanon-pagers-explode-hezbollah-israel-09-18-24-intl-hnk,,ok,,2026-10-06T09:02:10Z,20240918052929@https://www.cnn.com/world/live-news/lebanon-pagers-explode-hezbollah-israel-09-18-24-intl-hnk/index.html 20240918053824@https://us.cnn.com/world/live-news/lebanon-pagers-explode-hezbollah-israel-09-18-24-intl-hnk/ 20240918054918@https://www.cnn.com/world/live-news/lebanon-pagers-explode-hezbollah-israel-09-18-24-intl-hnk/ 20240918055547@https://www.cnn.com/world/live-news/lebanon-pagers-explode-hezbollah-israel-09-18-24-intl-hnk/ 20240918055630@https://www.cnn.com/world/live-news/lebanon-pagers-explode-hezbollah-israel-09-18-24-intl-hnk/ 20240918060922@https://www.cnn.com/world/live-news/lebanon-pagers-explode-hezbollah-israel-09-18-24-intl-hnk/ 20240918061941@https://us.cnn.com/world/live-news/lebanon-pagers-explode-hezbollah-israel-09-18-24-intl-hnk/ 20240918064955@https://www.cnn.com/world/live-news/lebanon-pagers-explode-hezbollah-israel-09-18-24-intl-hnk/index.html 20240918064956@https://www.cnn.com/world/live-news/lebanon-pagers-explode-hezbollah-israel-09-18-24-intl-hnk/index.html 20240918065004@https://www.cnn.com/world/live-news/lebanon-pagers-explode-hezbollah-israel-09-18-24-intl-hnk 20240918090551@https://www.cnn.com/world/live-news/lebanon-pagers-explode-hezbollah-israel-09-18-24-intl-hnk/ 20240918091254@https://www.cnn.com/world/live-news/lebanon-pagers-explode-hezbollah-israel-09-18-24-intl-hnk/ 20240918091859@https://us.cnn.com/world/live-news/lebanon-pagers-explode-hezbollah-israel-09-18-24-intl-hnk/index.html 20240918093835@https://www.cnn.com/world/live-news/lebanon-pagers-explode-hezbollah-israel-09-18-24-intl-hnk/ 20240918100623@https://www.cnn.com/world/live-news/lebanon-pagers-explode-hezbollah-israel-09-18-24-intl-hnk/ 20240918101402@https://www.cnn.com/world/live-news/lebanon-pagers-explode-hezbollah-israel-09-18-24-intl-hnk/ 20240918103700@https://us.cnn.com/world/live-news/lebanon-pagers-explode-hezbollah-israel-09-18-24-intl-hnk/index.html 20240918105600@https://www.cnn.com/world/live-news/lebanon-pagers-explode-hezbollah-israel-09-18-24-intl-hnk/ 20240918114336@https://www.cnn.com/world/live-news/lebanon-pagers-explode-hezbollah-israel-09-18-24-intl-hnk/ 20240918120810@https://www.cnn.com/world/live-news/lebanon-pagers-explode-hezbollah-israel-09-18-24-intl-hnk 20240918121039@https://www.cnn.com/world/live-news/lebanon-pagers-explode-hezbollah-israel-09-18-24-intl-hnk/ 20240918123726@https://www.cnn.com/world/live-news/lebanon-pagers-explode-hezbollah-israel-09-18-24-intl-hnk/ 20240918125248@https://www.cnn.com/world/live-news/lebanon-pagers-explode-hezbollah-israel-09-18-24-intl-hnk/index.html 20240918125351@https://www.cnn.com/world/live-news/lebanon-pagers-explode-hezbollah-israel-09-18-24-intl-hnk 20240918135304@https://www.cnn.com/world/live-news/lebanon-pagers-explode-hezbollah-israel-09-18-24-intl-hnk/ 20240918135945@https://www.cnn.com/world/live-news/lebanon-pagers-explode-hezbollah-israel-09-18-24-intl-hnk/ 20240918141235@https://www.cnn.com/world/live-news/lebanon-pagers-explode-hezbollah-israel-09-18-24-intl-hnk 20240918145624@https://www.cnn.com/world/live-news/lebanon-pagers-explode-hezbollah-israel-09-18-24-intl-hnk 20240918154127@https://www.cnn.com/world/live-news/lebanon-pagers-explode-hezbollah-israel-09-18-24-intl-hnk/index.html 20240918154135@https://www.cnn.com/world/live-news/lebanon-pagers-explode-hezbollah-israel-09-18-24-intl-hnk 20240918155108@https://www.cnn.com/world/live-news/lebanon-pagers-explode-hezbollah-israel-09-18-24-intl-hnk/ 20240918155308@https://www.cnn.com/world/live-news/lebanon-pagers-explode-hezbollah-israel-09-18-24-intl-hnk 20240918155855@https://www.cnn.com/world/live-news/lebanon-pagers-explode-hezbollah-israel-09-18-24-intl-hnk/ 20240918155931@https://www.cnn.com/world/live-news/lebanon-pagers-explode-hezbollah-israel-09-18-24-intl-hnk 20240918155951@https://www.cnn.com/world/live-news/lebanon-pagers-explode-hezbollah-israel-09-18-24-intl-hnk/ 20240918160511@https://www.cnn.com/world/live-news/lebanon-pagers-explode-hezbollah-israel-09-18-24-intl-hnk 20240918160705@https://www.cnn.com/world/live-news/lebanon-pagers-explode-hezbollah-israel-09-18-24-intl-hnk/ 20240918160823@https://www.cnn.com/world/live-news/lebanon-pagers-explode-hezbollah-israel-09-18-24-intl-hnk/ 20240918162657@https://www.cnn.com/world/live-news/lebanon-pagers-explode-hezbollah-israel-09-18-24-intl-hnk/ 20240918162700@https://www.cnn.com/world/live-news/lebanon-pagers-explode-hezbollah-israel-09-18-24-intl-hnk/ 20240918162725@https://www.cnn.com/world/live-news/lebanon-pagers-explode-hezbollah-israel-09-18-24-intl-hnk 20240918164044@https://www.cnn.com/world/live-news/lebanon-pagers-explode-hezbollah-israel-09-18-24-intl-hnk/ 20240918164124@https://www.cnn.com/world/live-news/lebanon-pagers-explode-hezbollah-israel-09-18-24-intl-hnk 20240918164423@https://www.cnn.com/world/live-news/lebanon-pagers-explode-hezbollah-israel-09-18-24-intl-hnk 20240918165201@https://www.cnn.com/world/live-news/lebanon-pagers-explode-hezbollah-israel-09-18-24-intl-hnk 20240918165530@https://www.cnn.com/world/live-news/lebanon-pagers-explode-hezbollah-israel-09-18-24-intl-hnk/index.html 20240918165554@https://www.cnn.com/world/live-news/lebanon-pagers-explode-hezbollah-israel-09-18-24-intl-hnk/ 20240918165603@https://www.cnn.com/world/live-news/lebanon-pagers-explode-hezbollah-israel-09-18-24-intl-hnk 20240918165613@https://www.cnn.com/world/live-news/lebanon-pagers-explode-hezbollah-israel-09-18-24-intl-hnk/ 20240918170847@https://www.cnn.com/world/live-news/lebanon-pagers-explode-hezbollah-israel-09-18-24-intl-hnk 20240918171050@https://www.cnn.com/world/live-news/lebanon-pagers-explode-hezbollah-israel-09-18-24-intl-hnk/ 20240918171144@https://www.cnn.com/world/live-news/lebanon-pagers-explode-hezbollah-israel-09-18-24-intl-hnk/ 20240918171220@https://www.cnn.com/world/live-news/lebanon-pagers-explode-hezbollah-israel-09-18-24-intl-hnk 20240918172035@https://www.cnn.com/world/live-news/lebanon-pagers-explode-hezbollah-israel-09-18-24-intl-hnk/ 20240918173759@https://www.cnn.com/world/live-news/lebanon-pagers-explode-hezbollah-israel-09-18-24-intl-hnk/ 20240918174100@https://www.cnn.com/world/live-news/lebanon-pagers-explode-hezbollah-israel-09-18-24-intl-hnk/ 20240918175524@https://www.cnn.com/world/live-news/lebanon-pagers-explode-hezbollah-israel-09-18-24-intl-hnk 20240918175619@https://www.cnn.com/world/live-news/lebanon-pagers-explode-hezbollah-israel-09-18-24-intl-hnk/ 20240918175656@https://www.cnn.com/world/live-news/lebanon-pagers-explode-hezbollah-israel-09-18-24-intl-hnk/ 20240918175936@https://www.cnn.com/world/live-news/lebanon-pagers-explode-hezbollah-israel-09-18-24-intl-hnk/index.html 20240918180015@https://www.cnn.com/world/live-news/lebanon-pagers-explode-hezbollah-israel-09-18-24-intl-hnk/index.html 20240918180510@https://www.cnn.com/world/live-news/lebanon-pagers-explode-hezbollah-israel-09-18-24-intl-hnk/ 20240918181351@https://www.cnn.com/world/live-news/lebanon-pagers-explode-hezbollah-israel-09-18-24-intl-hnk/ 20240918181353@https://www.cnn.com/world/live-news/lebanon-pagers-explode-hezbollah-israel-09-18-24-intl-hnk/ 20240918182009@https://us.cnn.com/world/live-news/lebanon-pagers-explode-hezbollah-israel-09-18-24-intl-hnk/index.html 20240918182013@https://www.cnn.com/world/live-news/lebanon-pagers-explode-hezbollah-israel-09-18-24-intl-hnk/index.html 20240918182043@https://www.cnn.com/world/live-news/lebanon-pagers-explode-hezbollah-israel-09-18-24-intl-hnk 20240918182510@https://www.cnn.com/world/live-news/lebanon-pagers-explode-hezbollah-israel-09-18-24-intl-hnk/ 20240918182520@https://www.cnn.com/world/live-news/lebanon-pagers-explode-hezbollah-israel-09-18-24-intl-hnk 20240918182528@https://www.cnn.com/world/live-news/lebanon-pagers-explode-hezbollah-israel-09-18-24-intl-hnk/ 20240918182928@https://www.cnn.com/world/live-news/lebanon-pagers-explode-hezbollah-israel-09-18-24-intl-hnk 20240918183908@https://www.cnn.com/world/live-news/lebanon-pagers-explode-hezbollah-israel-09-18-24-intl-hnk/ 20240918184110@https://www.cnn.com/world/live-news/lebanon-pagers-explode-hezbollah-israel-09-18-24-intl-hnk/ 20240918185725@https://www.cnn.com/world/live-news/lebanon-pagers-explode-hezbollah-israel-09-18-24-intl-hnk/ 20240918190858@https://www.cnn.com/world/live-news/lebanon-pagers-explode-hezbollah-israel-09-18-24-intl-hnk/ 20240918191239@https://www.cnn.com/world/live-news/lebanon-pagers-explode-hezbollah-israel-09-18-24-intl-hnk/ 20240918191439@https://www.cnn.com/world/live-news/lebanon-pagers-explode-hezbollah-israel-09-18-24-intl-hnk/ 20240918192340@https://www.cnn.com/world/live-news/lebanon-pagers-explode-hezbollah-israel-09-18-24-intl-hnk/ 20240918194009@https://www.cnn.com/world/live-news/lebanon-pagers-explode-hezbollah-israel-09-18-24-intl-hnk/ 20240918195129@https://www.cnn.com/world/live-news/lebanon-pagers-explode-hezbollah-israel-09-18-24-intl-hnk/index.html 20240918195820@https://www.cnn.com/world/live-news/lebanon-pagers-explode-hezbollah-israel-09-18-24-intl-hnk/ 20240918195856@https://www.cnn.com/world/live-news/lebanon-pagers-explode-hezbollah-israel-09-18-24-intl-hnk/ 20240918195947@https://www.cnn.com/world/live-news/lebanon-pagers-explode-hezbollah-israel-09-18-24-intl-hnk/ 20240918200952@https://www.cnn.com/world/live-news/lebanon-pagers-explode-hezbollah-israel-09-18-24-intl-hnk/ 20240918202346@https://www.cnn.com/world/live-news/lebanon-pagers-explode-hezbollah-israel-09-18-24-intl-hnk/ 20240918202516@https://www.cnn.com/world/live-news/lebanon-pagers-explode-hezbollah-israel-09-18-24-intl-hnk/ 20240918202803@https://www.cnn.com/world/live-news/lebanon-pagers-explode-hezbollah-israel-09-18-24-intl-hnk 20240918204136@https://www.cnn.com/world/live-news/lebanon-pagers-explode-hezbollah-israel-09-18-24-intl-hnk/ 20240918210833@https://www.cnn.com/world/live-news/lebanon-pagers-explode-hezbollah-israel-09-18-24-intl-hnk 20240918213755@https://www.cnn.com/world/live-news/lebanon-pagers-explode-hezbollah-israel-09-18-24-intl-hnk/ 20240918213854@https://www.cnn.com/world/live-news/lebanon-pagers-explode-hezbollah-israel-09-18-24-intl-hnk/index.html 20240918220810@https://www.cnn.com/world/live-news/lebanon-pagers-explode-hezbollah-israel-09-18-24-intl-hnk 20240918222552@https://www.cnn.com/world/live-news/lebanon-pagers-explode-hezbollah-israel-09-18-24-intl-hnk/ 20240918222631@https://www.cnn.com/world/live-news/lebanon-pagers-explode-hezbollah-israel-09-18-24-intl-hnk 20240918224137@https://www.cnn.com/world/live-news/lebanon-pagers-explode-hezbollah-israel-09-18-24-intl-hnk/index.html 20240918224242@https://www.cnn.com/world/live-news/lebanon-pagers-explode-hezbollah-israel-09-18-24-intl-hnk 20240918224858@https://us.cnn.com/world/live-news/lebanon-pagers-explode-hezbollah-israel-09-18-24-intl-hnk/index.html 20240918230725@https://www.cnn.com/world/live-news/lebanon-pagers-explode-hezbollah-israel-09-18-24-intl-hnk 20240918232359@https://www.cnn.com/world/live-news/lebanon-pagers-explode-hezbollah-israel-09-18-24-intl-hnk/ 20240919002705@https://www.cnn.com/world/live-news/lebanon-pagers-explode-hezbollah-israel-09-18-24-intl-hnk/index.html 20240919011102@https://www.cnn.com/world/live-news/lebanon-pagers-explode-hezbollah-israel-09-18-24-intl-hnk/ 20240919011436@https://www.cnn.com/world/live-news/lebanon-pagers-explode-hezbollah-israel-09-18-24-intl-hnk/index.html 20240919013412@https://www.cnn.com/world/live-news/lebanon-pagers-explode-hezbollah-israel-09-18-24-intl-hnk 20240919015625@https://www.cnn.com/world/live-news/lebanon-pagers-explode-hezbollah-israel-09-18-24-intl-hnk/index.html 20240919020857@https://www.cnn.com/world/live-news/lebanon-pagers-explode-hezbollah-israel-09-18-24-intl-hnk/ 20240919025343@https://www.cnn.com/world/live-news/lebanon-pagers-explode-hezbollah-israel-09-18-24-intl-hnk/ 20240919041842@https://www.cnn.com/world/live-news/lebanon-pagers-explode-hezbollah-israel-09-18-24-intl-hnk 20240919044343@https://www.cnn.com/world/live-news/lebanon-pagers-explode-hezbollah-israel-09-18-24-intl-hnk 20240919044348@https://www.cnn.com/world/live-news/lebanon-pagers-explode-hezbollah-israel-09-18-24-intl-hnk/index.html 20240919063933@https://www.cnn.com/world/live-news/lebanon-pagers-explode-hezbollah-israel-09-18-24-intl-hnk 20240919063936@https://www.cnn.com/world/live-news/lebanon-pagers-explode-hezbollah-israel-09-18-24-intl-hnk/index.html 20240919072342@https://www.cnn.com/world/live-news/lebanon-pagers-explode-hezbollah-israel-09-18-24-intl-hnk 20240919091251@https://www.cnn.com/world/live-news/lebanon-pagers-explode-hezbollah-israel-09-18-24-intl-hnk 20240919093358@https://www.cnn.com/world/live-news/lebanon-pagers-explode-hezbollah-israel-09-18-24-intl-hnk 20240919105623@https://www.cnn.com/world/live-news/lebanon-pagers-explode-hezbollah-israel-09-18-24-intl-hnk/ 20240919105845@https://www.cnn.com/world/live-news/lebanon-pagers-explode-hezbollah-israel-09-18-24-intl-hnk 20240919114057@https://www.cnn.com/world/live-news/lebanon-pagers-explode-hezbollah-israel-09-18-24-intl-hnk/ 20240919114233@https://www.cnn.com/world/live-news/lebanon-pagers-explode-hezbollah-israel-09-18-24-intl-hnk/ 20240919115629@https://www.cnn.com/world/live-news/lebanon-pagers-explode-hezbollah-israel-09-18-24-intl-hnk/ 20240919115821@https://www.cnn.com/world/live-news/lebanon-pagers-explode-hezbollah-israel-09-18-24-intl-hnk 20240919122515@https://www.cnn.com/world/live-news/lebanon-pagers-explode-hezbollah-israel-09-18-24-intl-hnk 20240919162618@https://www.cnn.com/world/live-news/lebanon-pagers-explode-hezbollah-israel-09-18-24-intl-hnk 20240919164206@https://www.cnn.com/world/live-news/lebanon-pagers-explode-hezbollah-israel-09-18-24-intl-hnk/ 20240919172942@https://www.cnn.com/world/live-news/lebanon-pagers-explode-hezbollah-israel-09-18-24-intl-hnk/index.html 20240919173027@https://www.cnn.com/world/live-news/lebanon-pagers-explode-hezbollah-israel-09-18-24-intl-hnk 20240919175320@https://www.cnn.com/world/live-news/lebanon-pagers-explode-hezbollah-israel-09-18-24-intl-hnk 20240919191146@https://www.cnn.com/world/live-news/lebanon-pagers-explode-hezbollah-israel-09-18-24-intl-hnk/ 20240919192214@https://www.cnn.com/world/live-news/lebanon-pagers-explode-hezbollah-israel-09-18-24-intl-hnk 20240919193957@https://www.cnn.com/world/live-news/lebanon-pagers-explode-hezbollah-israel-09-18-24-intl-hnk/ 20240919213737@https://www.cnn.com/world/live-news/lebanon-pagers-explode-hezbollah-israel-09-18-24-intl-hnk/ 20240919223752@https://www.cnn.com/world/live-news/lebanon-pagers-explode-hezbollah-israel-09-18-24-intl-hnk/ 20240920044839@https://www.cnn.com/world/live-news/lebanon-pagers-explode-hezbollah-israel-09-18-24-intl-hnk/ 20240920045507@https://www.cnn.com/world/live-news/lebanon-pagers-explode-hezbollah-israel-09-18-24-intl-hnk/ 20240920062221@https://www.cnn.com/world/live-news/lebanon-pagers-explode-hezbollah-israel-09-18-24-intl-hnk/ 20240920081037@https://www.cnn.com/world/live-news/lebanon-pagers-explode-hezbollah-israel-09-18-24-intl-hnk 20240920082316@https://www.cnn.com/world/live-news/lebanon-pagers-explode-hezbollah-israel-09-18-24-intl-hnk 20240920083852@https://www.cnn.com/world/live-news/lebanon-pagers-explode-hezbollah-israel-09-18-24-intl-hnk 20240920084951@https://www.cnn.com/world/live-news/lebanon-pagers-explode-hezbollah-israel-09-18-24-intl-hnk 20240920084955@https://www.cnn.com/world/live-news/lebanon-pagers-explode-hezbollah-israel-09-18-24-intl-hnk/index.html 20240920085535@https://www.cnn.com/world/live-news/lebanon-pagers-explode-hezbollah-israel-09-18-24-intl-hnk 20240920104137@https://www.cnn.com/world/live-news/lebanon-pagers-explode-hezbollah-israel-09-18-24-intl-hnk 20240920115409@https://www.cnn.com/world/live-news/lebanon-pagers-explode-hezbollah-israel-09-18-24-intl-hnk 20240920122036@https://www.cnn.com/world/live-news/lebanon-pagers-explode-hezbollah-israel-09-18-24-intl-hnk 20240920122100@https://www.cnn.com/world/live-news/lebanon-pagers-explode-hezbollah-israel-09-18-24-intl-hnk/index.html 20240920124136@https://www.cnn.com/world/live-news/lebanon-pagers-explode-hezbollah-israel-09-18-24-intl-hnk 20240920125838@https://www.cnn.com/world/live-news/lebanon-pagers-explode-hezbollah-israel-09-18-24-intl-hnk 20240920142611@https://www.cnn.com/world/live-news/lebanon-pagers-explode-hezbollah-israel-09-18-24-intl-hnk 20240920195259@https://www.cnn.com/world/live-news/lebanon-pagers-explode-hezbollah-israel-09-18-24-intl-hnk/ 20240920202502@https://www.cnn.com/world/live-news/lebanon-pagers-explode-hezbollah-israel-09-18-24-intl-hnk/ 20240921054615@https://www.cnn.com/world/live-news/lebanon-pagers-explode-hezbollah-israel-09-18-24-intl-hnk/index.html 20240921093453@https://www.cnn.com/world/live-news/lebanon-pagers-explode-hezbollah-israel-09-18-24-intl-hnk 20240921094049@https://www.cnn.com/world/live-news/lebanon-pagers-explode-hezbollah-israel-09-18-24-intl-hnk/index.html 20240921094512@https://www.cnn.com/world/live-news/lebanon-pagers-explode-hezbollah-israel-09-18-24-intl-hnk 20240921120820@https://www.cnn.com/world/live-news/lebanon-pagers-explode-hezbollah-israel-09-18-24-intl-hnk 20240921165732@https://www.cnn.com/world/live-news/lebanon-pagers-explode-hezbollah-israel-09-18-24-intl-hnk 20240922060422@https://www.cnn.com/world/live-news/lebanon-pagers-explode-hezbollah-israel-09-18-24-intl-hnk/index.html 20240922151942@https://www.cnn.com/world/live-news/lebanon-pagers-explode-hezbollah-israel-09-18-24-intl-hnk/index.html 20240922162254@https://www.cnn.com/world/live-news/lebanon-pagers-explode-hezbollah-israel-09-18-24-intl-hnk 20240922170500@https://www.cnn.com/world/live-news/lebanon-pagers-explode-hezbollah-israel-09-18-24-intl-hnk 20240922171147@https://www.cnn.com/world/live-news/lebanon-pagers-explode-hezbollah-israel-09-18-24-intl-hnk 20240922171214@https://www.cnn.com/world/live-news/lebanon-pagers-explode-hezbollah-israel-09-18-24-intl-hnk 20240922173920@https://www.cnn.com/world/live-news/lebanon-pagers-explode-hezbollah-israel-09-18-24-intl-hnk 20240922194034@https://www.cnn.com/world/live-news/lebanon-pagers-explode-hezbollah-israel-09-18-24-intl-hnk 20240922205412@https://www.cnn.com/world/live-news/lebanon-pagers-explode-hezbollah-israel-09-18-24-intl-hnk 20240922213903@https://www.cnn.com/world/live-news/lebanon-pagers-explode-hezbollah-israel-09-18-24-intl-hnk 20240922230813@https://www.cnn.com/world/live-news/lebanon-pagers-explode-hezbollah-israel-09-18-24-intl-hnk 20240923023448@https://www.cnn.com/world/live-news/lebanon-pagers-explode-hezbollah-israel-09-18-24-intl-hnk/ 20240923151017@https://www.cnn.com/world/live-news/lebanon-pagers-explode-hezbollah-israel-09-18-24-intl-hnk 20240923151023@https://www.cnn.com/world/live-news/lebanon-pagers-explode-hezbollah-israel-09-18-24-intl-hnk/index.html 20240923185721@https://www.cnn.com/world/live-news/lebanon-pagers-explode-hezbollah-israel-09-18-24-intl-hnk 20240923205334@https://www.cnn.com/world/live-news/lebanon-pagers-explode-hezbollah-israel-09-18-24-intl-hnk 20240923224127@https://www.cnn.com/world/live-news/lebanon-pagers-explode-hezbollah-israel-09-18-24-intl-hnk/index.html 20240924012410@https://www.cnn.com/world/live-news/lebanon-pagers-explode-hezbollah-israel-09-18-24-intl-hnk/ 20240924044420@https://www.cnn.com/world/live-news/lebanon-pagers-explode-hezbollah-israel-09-18-24-intl-hnk/ 20240924062358@https://www.cnn.com/world/live-news/lebanon-pagers-explode-hezbollah-israel-09-18-24-intl-hnk 20240924063821@https://www.cnn.com/world/live-news/lebanon-pagers-explode-hezbollah-israel-09-18-24-intl-hnk 20240924063951@https://www.cnn.com/world/live-news/lebanon-pagers-explode-hezbollah-israel-09-18-24-intl-hnk 20240924072138@https://www.cnn.com/world/live-news/lebanon-pagers-explode-hezbollah-israel-09-18-24-intl-hnk 20240924080735@https://www.cnn.com/world/live-news/lebanon-pagers-explode-hezbollah-israel-09-18-24-intl-hnk 20240924112703@https://www.cnn.com/world/live-news/lebanon-pagers-explode-hezbollah-israel-09-18-24-intl-hnk 20240924112759@https://www.cnn.com/world/live-news/lebanon-pagers-explode-hezbollah-israel-09-18-24-intl-hnk 20240924124157@https://www.cnn.com/world/live-news/lebanon-pagers-explode-hezbollah-israel-09-18-24-intl-hnk 20240924154146@https://www.cnn.com/world/live-news/lebanon-pagers-explode-hezbollah-israel-09-18-24-intl-hnk 20240924154912@https://www.cnn.com/world/live-news/lebanon-pagers-explode-hezbollah-israel-09-18-24-intl-hnk 20240924155607@https://www.cnn.com/world/live-news/lebanon-pagers-explode-hezbollah-israel-09-18-24-intl-hnk 20240924181244@https://www.cnn.com/world/live-news/lebanon-pagers-explode-hezbollah-israel-09-18-24-intl-hnk
us,nyt,https://www.nytimes.com/live/2024/09/17/opinion/thepoint/hezbollah-israel-pagers-assassinations,cdx-part,,cdx-fetch,403,,"https://web.archive.org/cdx/search/cdx?url=https%3A%2F%2Fwww.nytimes.com%2Flive%2F2024%2F09%2F17%2Fopinion%2Fthepoint%2Fhezbollah-israel-pagers-assassinations&matchType=prefix&from=20240917&to=20240924235959&output=json&fl=timestamp,original,statuscode&filter=statuscode:200&limit=5000",,error,HTTP 403,2026-10-06T09:02:14Z,
us,nyt,https://www.nytimes.com/live/2024/09/17/world/israel-hamas-war-news,cdx-part,,cdx-fetch,403,,"https://web.archive.org/cdx/search/cdx?url=https%3A%2F%2Fwww.nytimes.com%2Flive%2F2024%2F09%2F17%2Fworld%2Fisrael-hamas-war-news&matchType=prefix&from=20240917&to=20240924235959&output=json&fl=timestamp,original,statuscode&filter=statuscode:200&limit=5000",,error,HTTP 403,2026-10-06T09:02:17Z,
us,nyt,https://www.nytimes.com/live/2024/09/18/world/israel-hezbollah-gaza-hamas,cdx-part,,cdx-fetch,403,,"https://web.archive.org/cdx/search/cdx?url=https%3A%2F%2Fwww.nytimes.com%2Flive%2F2024%2F09%2F18%2Fworld%2Fisrael-hezbollah-gaza-hamas&matchType=prefix&from=20240917&to=20240924235959&output=json&fl=timestamp,original,statuscode&filter=statuscode:200&limit=5000",,error,HTTP 403,2026-10-06T09:02:21Z,
us,nyt,https://www.nytimes.com/live/2024/09/20/world/gaza-israel-hamas-hezbollah,cdx-part,,cdx-fetch,403,,"https://web.archive.org/cdx/search/cdx?url=https%3A%2F%2Fwww.nytimes.com%2Flive%2F2024%2F09%2F20%2Fworld%2Fgaza-israel-hamas-hezbollah&matchType=prefix&from=20240917&to=20240924235959&output=json&fl=timestamp,original,statuscode&filter=statuscode:200&limit=5000",,error,HTTP 403,2026-10-06T09:02:25Z,
us,nyt,https://www.nytimes.com/live/2024/09/21/world/gaza-israel-hamas-hezbollah,cdx-part,,cdx-fetch,403,,"https://web.archive.org/cdx/search/cdx?url=https%3A%2F%2Fwww.nytimes.com%2Flive%2F2024%2F09%2F21%2Fworld%2Fgaza-israel-hamas-hezbollah&matchType=prefix&from=20240917&to=20240924235959&output=json&fl=timestamp,original,statuscode&filter=statuscode:200&limit=5000",,error,HTTP 403,2026-10-06T09:02:28Z,
us,nyt,https://www.nytimes.com/live/2024/09/22/world/gaza-israel-hamas-hezbollah,cdx-part,,cdx-fetch,403,,"https://web.archive.org/cdx/search/cdx?url=https%3A%2F%2Fwww.nytimes.com%2Flive%2F2024%2F09%2F22%2Fworld%2Fgaza-israel-hamas-hezbollah&matchType=prefix&from=20240917&to=20240924235959&output=json&fl=timestamp,original,statuscode&filter=statuscode:200&limit=5000",,error,HTTP 403,2026-10-06T09:02:32Z,
us,wapo,https://www.washingtonpost.com/world/2024/09/20/israel-lebanon-hezbollah-hamas-war-news-gaza-palestine/,cdx,,cdx-fetch,200,,https://www.washingtonpost.com/world/2024/09/20/israel-lebanon-hezbollah-hamas-war-news-gaza-palestine,,ok,,2026-10-06T09:02:38Z,20240921005341@https://www.washingtonpost.com/world/2024/09/20/israel-lebanon-hezbollah-hamas-war-news-gaza-palestine/
us,wapo,https://www.washingtonpost.com/world/2024/09/21/israel-lebanon-hezbollah-hamas-war-news-gaza-ibrahim-aqil/,cdx,,cdx-fetch,200,,https://www.washingtonpost.com/world/2024/09/21/israel-lebanon-hezbollah-hamas-war-news-gaza-ibrahim-aqil,,ok,,2026-10-06T09:02:43Z,20240921090121@https://www.washingtonpost.com/world/2024/09/21/israel-lebanon-hezbollah-hamas-war-news-gaza-ibrahim-aqil/ 20240921090135@https://www.washingtonpost.com/world/2024/09/21/israel-lebanon-hezbollah-hamas-war-news-gaza-ibrahim-aqil/
us,wapo,https://www.washingtonpost.com/world/2024/09/22/israel-lebanon-hezbollah-hamas-war-news-gaza/,cdx,,cdx-fetch,200,,https://www.washingtonpost.com/world/2024/09/22/israel-lebanon-hezbollah-hamas-war-news-gaza,,ok,,2026-10-06T09:02:54Z,20240922053223@https://www.washingtonpost.com/world/2024/09/22/israel-lebanon-hezbollah-hamas-war-news-gaza/ 20240922053953@https://www.washingtonpost.com/world/2024/09/22/israel-lebanon-hezbollah-hamas-war-news-gaza/
us,wapo,https://www.washingtonpost.com/world/2024/09/23/israel-lebanon-hezbollah-hamas-war-news-gaza/,cdx,,cdx-fetch,200,,https://www.washingtonpost.com/world/2024/09/23/israel-lebanon-hezbollah-hamas-war-news-gaza,,ok,,2026-10-06T09:02:58Z,20240923070133@https://www.washingtonpost.com/world/2024/09/23/israel-lebanon-hezbollah-hamas-war-news-gaza/ 20240923175715@https://www.washingtonpost.com/world/2024/09/23/israel-lebanon-hezbollah-hamas-war-news-gaza/
us,wapo,https://www.washingtonpost.com/world/2024/09/24/israel-lebanon-hezbollah-hamas-war-news-gaza/,cdx,,cdx-fetch,200,,https://www.washingtonpost.com/world/2024/09/24/israel-lebanon-hezbollah-hamas-war-news-gaza,,ok,,2026-10-06T09:03:03Z,20240924063717@https://www.washingtonpost.com/world/2024/09/24/israel-lebanon-hezbollah-hamas-war-news-gaza/ 20240924063800@https://www.washingtonpost.com/world/2024/09/24/israel-lebanon-hezbollah-hamas-war-news-gaza/
us,cnn,https://us.cnn.com/world/live-news/israel-lebanon-hezbollah-09-23-24-intl-hnk/,capture,20240923234034,fetch,200,4547805,https://web.archive.org/web/20240923234034id_/https://www.cnn.com/world/live-news/israel-lebanon-hezbollah-09-23-24-intl-hnk/,raw/cnn/r2lb-1ce16060514ab570-20240923234034.html.gz,ok,,2026-10-06T09:06:39Z,
us,cnn,https://us.cnn.com/world/live-news/israel-lebanon-hezbollah-09-23-24-intl-hnk/,capture,20240924215457,fetch,200,4704369,https://web.archive.org/web/20240924215457id_/https://www.cnn.com/world/live-news/israel-lebanon-hezbollah-09-23-24-intl-hnk,raw/cnn/r2lb-1ce16060514ab570-20240924215457.html.gz,ok,,2026-10-06T09:06:45Z,
us,cnn,https://www.cnn.com/world/live-news/lebanon-explosions-hezbollah-israel-09-20-24-intl-hnk/,capture,20240923212757,fetch,200,4341777,https://web.archive.org/web/20240923212757id_/https://www.cnn.com/world/live-news/lebanon-explosions-hezbollah-israel-09-20-24-intl-hnk/index.html,raw/cnn/r2lb-7a7d9168f641525a-20240923212757.html.gz,ok,,2026-10-06T09:06:50Z,
us,cnn,https://www.cnn.com/world/live-news/lebanon-explosions-hezbollah-israel-09-20-24-intl-hnk/,capture,20240924184627,fetch,200,4346719,https://web.archive.org/web/20240924184627id_/https://www.cnn.com/world/live-news/lebanon-explosions-hezbollah-israel-09-20-24-intl-hnk/index.html,raw/cnn/r2lb-7a7d9168f641525a-20240924184627.html.gz,ok,,2026-10-06T09:06:56Z,
us,nyt,https://www.nytimes.com/live/2024/09/17/opinion/thepoint/hezbollah-israel-pagers-assassinations,cdx,,cdx-fetch,200,,https://www.nytimes.com/live/2024/09/17/opinion/thepoint/hezbollah-israel-pagers-assassinations,,ok,,2026-10-06T09:07:54Z,20240918181045@https://www.nytimes.com/live/2024/09/17/opinion/thepoint/hezbollah-israel-pagers-assassinations 20240918201756@https://www.nytimes.com/live/2024/09/17/opinion/thepoint/hezbollah-israel-pagers-assassinations 20240918212313@https://www.nytimes.com/live/2024/09/17/opinion/thepoint/hezbollah-israel-pagers-assassinations 20240918222748@https://www.nytimes.com/live/2024/09/17/opinion/thepoint/hezbollah-israel-pagers-assassinations 20240918224656@https://www.nytimes.com/live/2024/09/17/opinion/thepoint/hezbollah-israel-pagers-assassinations 20240919091905@https://www.nytimes.com/live/2024/09/17/opinion/thepoint/hezbollah-israel-pagers-assassinations 20240921012034@https://www.nytimes.com/live/2024/09/17/opinion/thepoint/hezbollah-israel-pagers-assassinations 20240921021558@https://www.nytimes.com/live/2024/09/17/opinion/thepoint/hezbollah-israel-pagers-assassinations 20240922055917@https://www.nytimes.com/live/2024/09/17/opinion/thepoint/hezbollah-israel-pagers-assassinations 20240922060309@https://www.nytimes.com/live/2024/09/17/opinion/thepoint/hezbollah-israel-pagers-assassinations 20240924041750@https://www.nytimes.com/live/2024/09/17/opinion/thepoint/hezbollah-israel-pagers-assassinations 20240924054124@https://www.nytimes.com/live/2024/09/17/opinion/thepoint/hezbollah-israel-pagers-assassinations
us,nyt,https://www.nytimes.com/live/2024/09/17/world/israel-hamas-war-news,cdx,,cdx-fetch,200,,https://www.nytimes.com/live/2024/09/17/world/israel-hamas-war-news,,ok,,2026-10-06T09:09:19Z,20240917144130@https://www.nytimes.com/live/2024/09/17/world/israel-hamas-war-news 20240917153326@https://www.nytimes.com/live/2024/09/17/world/israel-hamas-war-news 20240917155134@https://www.nytimes.com/live/2024/09/17/world/israel-hamas-war-news 20240917160451@https://www.nytimes.com/live/2024/09/17/world/israel-hamas-war-news 20240917171153@https://www.nytimes.com/live/2024/09/17/world/israel-hamas-war-news 20240917172053@https://www.nytimes.com/live/2024/09/17/world/israel-hamas-war-news 20240917172054@https://www.nytimes.com/live/2024/09/17/world/israel-hamas-war-news 20240917172056@https://www.nytimes.com/live/2024/09/17/world/israel-hamas-war-news 20240917173634@https://www.nytimes.com/live/2024/09/17/world/israel-hamas-war-news 20240917182225@https://www.nytimes.com/live/2024/09/17/world/israel-hamas-war-news 20240917193740@https://www.nytimes.com/live/2024/09/17/world/israel-hamas-war-news 20240917202311@https://www.nytimes.com/live/2024/09/17/world/israel-hamas-war-news 20240917211548@https://www.nytimes.com/live/2024/09/17/world/israel-hamas-war-news 20240917213157@https://www.nytimes.com/live/2024/09/17/world/israel-hamas-war-news 20240917222813@https://www.nytimes.com/live/2024/09/17/world/israel-hamas-war-news 20240917233921@https://www.nytimes.com/live/2024/09/17/world/israel-hamas-war-news 20240917233946@https://www.nytimes.com/live/2024/09/17/world/israel-hamas-war-news 20240917234632@https://www.nytimes.com/live/2024/09/17/world/israel-hamas-war-news 20240918013037@https://www.nytimes.com/live/2024/09/17/world/israel-hamas-war-news 20240918021235@https://www.nytimes.com/live/2024/09/17/world/israel-hamas-war-news 20240918021318@https://www.nytimes.com/live/2024/09/17/world/israel-hamas-war-news 20240918040115@https://www.nytimes.com/live/2024/09/17/world/israel-hamas-war-news 20240918041559@https://www.nytimes.com/live/2024/09/17/world/israel-hamas-war-news 20240918083303@https://www.nytimes.com/live/2024/09/17/world/israel-hamas-war-news 20240918103757@https://www.nytimes.com/live/2024/09/17/world/israel-hamas-war-news 20240918130638@https://www.nytimes.com/live/2024/09/17/world/israel-hamas-war-news 20240918173356@https://www.nytimes.com/live/2024/09/17/world/israel-hamas-war-news 20240918192119@https://www.nytimes.com/live/2024/09/17/world/israel-hamas-war-news 20240918215452@https://www.nytimes.com/live/2024/09/17/world/israel-hamas-war-news 20240918230351@https://www.nytimes.com/live/2024/09/17/world/israel-hamas-war-news 20240919003915@https://www.nytimes.com/live/2024/09/17/world/israel-hamas-war-news 20240920061204@https://www.nytimes.com/live/2024/09/17/world/israel-hamas-war-news 20240920061904@https://www.nytimes.com/live/2024/09/17/world/israel-hamas-war-news 20240920063319@https://www.nytimes.com/live/2024/09/17/world/israel-hamas-war-news 20240920075024@https://www.nytimes.com/live/2024/09/17/world/israel-hamas-war-news 20240920153207@https://www.nytimes.com/live/2024/09/17/world/israel-hamas-war-news 20240921000858@https://www.nytimes.com/live/2024/09/17/world/israel-hamas-war-news 20240921025556@https://www.nytimes.com/live/2024/09/17/world/israel-hamas-war-news 20240921063209@https://www.nytimes.com/live/2024/09/17/world/israel-hamas-war-news 20240922071317@https://www.nytimes.com/live/2024/09/17/world/israel-hamas-war-news 20240922232121@https://www.nytimes.com/live/2024/09/17/world/israel-hamas-war-news 20240923075229@https://www.nytimes.com/live/2024/09/17/world/israel-hamas-war-news 20240923195152@https://www.nytimes.com/live/2024/09/17/world/israel-hamas-war-news 20240923195517@https://www.nytimes.com/live/2024/09/17/world/israel-hamas-war-news 20240923195545@https://www.nytimes.com/live/2024/09/17/world/israel-hamas-war-news 20240923195617@https://www.nytimes.com/live/2024/09/17/world/israel-hamas-war-news 20240923200042@https://www.nytimes.com/live/2024/09/17/world/israel-hamas-war-news 20240923204300@https://www.nytimes.com/live/2024/09/17/world/israel-hamas-war-news 20240923204424@https://www.nytimes.com/live/2024/09/17/world/israel-hamas-war-news 20240923204445@https://www.nytimes.com/live/2024/09/17/world/israel-hamas-war-news 20240923204503@https://www.nytimes.com/live/2024/09/17/world/israel-hamas-war-news 20240923204527@https://www.nytimes.com/live/2024/09/17/world/israel-hamas-war-news 20240923211649@https://www.nytimes.com/live/2024/09/17/world/israel-hamas-war-news 20240923211658@https://www.nytimes.com/live/2024/09/17/world/israel-hamas-war-news 20240923211737@https://www.nytimes.com/live/2024/09/17/world/israel-hamas-war-news 20240923230419@https://www.nytimes.com/live/2024/09/17/world/israel-hamas-war-news 20240923230428@https://www.nytimes.com/live/2024/09/17/world/israel-hamas-war-news 20240923230518@https://www.nytimes.com/live/2024/09/17/world/israel-hamas-war-news 20240923230717@https://www.nytimes.com/live/2024/09/17/world/israel-hamas-war-news 20240924000632@https://www.nytimes.com/live/2024/09/17/world/israel-hamas-war-news 20240924003958@https://www.nytimes.com/live/2024/09/17/world/israel-hamas-war-news 20240924004015@https://www.nytimes.com/live/2024/09/17/world/israel-hamas-war-news 20240924004022@https://www.nytimes.com/live/2024/09/17/world/israel-hamas-war-news 20240924005530@https://www.nytimes.com/live/2024/09/17/world/israel-hamas-war-news 20240924011047@https://www.nytimes.com/live/2024/09/17/world/israel-hamas-war-news 20240924022740@https://www.nytimes.com/live/2024/09/17/world/israel-hamas-war-news 20240924022754@https://www.nytimes.com/live/2024/09/17/world/israel-hamas-war-news 20240924024714@https://www.nytimes.com/live/2024/09/17/world/israel-hamas-war-news 20240924025853@https://www.nytimes.com/live/2024/09/17/world/israel-hamas-war-news 20240924041819@https://www.nytimes.com/live/2024/09/17/world/israel-hamas-war-news 20240924042921@https://www.nytimes.com/live/2024/09/17/world/israel-hamas-war-news 20240924042936@https://www.nytimes.com/live/2024/09/17/world/israel-hamas-war-news 20240924042939@https://www.nytimes.com/live/2024/09/17/world/israel-hamas-war-news 20240924042942@https://www.nytimes.com/live/2024/09/17/world/israel-hamas-war-news 20240924042949@https://www.nytimes.com/live/2024/09/17/world/israel-hamas-war-news 20240924042955@https://www.nytimes.com/live/2024/09/17/world/israel-hamas-war-news 20240924042957@https://www.nytimes.com/live/2024/09/17/world/israel-hamas-war-news 20240924051526@https://www.nytimes.com/live/2024/09/17/world/israel-hamas-war-news 20240924054643@https://www.nytimes.com/live/2024/09/17/world/israel-hamas-war-news 20240924093301@https://www.nytimes.com/live/2024/09/17/world/israel-hamas-war-news 20240924093333@https://www.nytimes.com/live/2024/09/17/world/israel-hamas-war-news 20240924093348@https://www.nytimes.com/live/2024/09/17/world/israel-hamas-war-news 20240924093421@https://www.nytimes.com/live/2024/09/17/world/israel-hamas-war-news 20240924093432@https://www.nytimes.com/live/2024/09/17/world/israel-hamas-war-news 20240924093506@https://www.nytimes.com/live/2024/09/17/world/israel-hamas-war-news 20240924131226@https://www.nytimes.com/live/2024/09/17/world/israel-hamas-war-news 20240924132839@https://www.nytimes.com/live/2024/09/17/world/israel-hamas-war-news 20240924135902@https://www.nytimes.com/live/2024/09/17/world/israel-hamas-war-news 20240924173658@https://www.nytimes.com/live/2024/09/17/world/israel-hamas-war-news 20240924215937@https://www.nytimes.com/live/2024/09/17/world/israel-hamas-war-news
us,nyt,https://www.nytimes.com/live/2024/09/17/world/israel-hamas-war-news,capture,20240917144130,fetch,200,573922,https://web.archive.org/web/20240917144130id_/https://www.nytimes.com/live/2024/09/17/world/israel-hamas-war-news,raw/nyt/r2lb-896aeec0f4ca59c2-20240917144130.html.gz,ok,,2026-10-06T09:09:24Z,
us,nyt,https://www.nytimes.com/live/2024/09/18/world/israel-hezbollah-gaza-hamas,cdx,,cdx-fetch,200,,https://www.nytimes.com/live/2024/09/18/world/israel-hezbollah-gaza-hamas,,ok,,2026-10-06T09:09:41Z,20240918092332@https://www.nytimes.com/live/2024/09/18/world/israel-hezbollah-gaza-hamas 20240918102018@https://www.nytimes.com/live/2024/09/18/world/israel-hezbollah-gaza-hamas 20240918111602@https://www.nytimes.com/live/2024/09/18/world/israel-hezbollah-gaza-hamas 20240918121550@https://www.nytimes.com/live/2024/09/18/world/israel-hezbollah-gaza-hamas 20240918153836@https://www.nytimes.com/live/2024/09/18/world/israel-hezbollah-gaza-hamas 20240918155330@https://www.nytimes.com/live/2024/09/18/world/israel-hezbollah-gaza-hamas 20240918155342@https://www.nytimes.com/live/2024/09/18/world/israel-hezbollah-gaza-hamas 20240918170451@https://www.nytimes.com/live/2024/09/18/world/israel-hezbollah-gaza-hamas 20240918184207@https://www.nytimes.com/live/2024/09/18/world/israel-hezbollah-gaza-hamas 20240918200528@https://www.nytimes.com/live/2024/09/18/world/israel-hezbollah-gaza-hamas 20240918201654@https://www.nytimes.com/live/2024/09/18/world/israel-hezbollah-gaza-hamas 20240918212201@https://www.nytimes.com/live/2024/09/18/world/israel-hezbollah-gaza-hamas 20240918212957@https://www.nytimes.com/live/2024/09/18/world/israel-hezbollah-gaza-hamas 20240918214229@https://www.nytimes.com/live/2024/09/18/world/israel-hezbollah-gaza-hamas 20240918224547@https://www.nytimes.com/live/2024/09/18/world/israel-hezbollah-gaza-hamas 20240919012054@https://www.nytimes.com/live/2024/09/18/world/israel-hezbollah-gaza-hamas 20240919020155@https://www.nytimes.com/live/2024/09/18/world/israel-hezbollah-gaza-hamas 20240919035824@https://www.nytimes.com/live/2024/09/18/world/israel-hezbollah-gaza-hamas 20240919045435@https://www.nytimes.com/live/2024/09/18/world/israel-hezbollah-gaza-hamas 20240919052728@https://www.nytimes.com/live/2024/09/18/world/israel-hezbollah-gaza-hamas 20240919063416@https://www.nytimes.com/live/2024/09/18/world/israel-hezbollah-gaza-hamas 20240919063835@https://www.nytimes.com/live/2024/09/18/world/israel-hezbollah-gaza-hamas 20240919064011@https://www.nytimes.com/live/2024/09/18/world/israel-hezbollah-gaza-hamas 20240919080611@https://www.nytimes.com/live/2024/09/18/world/israel-hezbollah-gaza-hamas 20240919083817@https://www.nytimes.com/live/2024/09/18/world/israel-hezbollah-gaza-hamas 20240919091408@https://www.nytimes.com/live/2024/09/18/world/israel-hezbollah-gaza-hamas 20240919110326@https://www.nytimes.com/live/2024/09/18/world/israel-hezbollah-gaza-hamas 20240919114120@https://www.nytimes.com/live/2024/09/18/world/israel-hezbollah-gaza-hamas 20240919114536@https://www.nytimes.com/live/2024/09/18/world/israel-hezbollah-gaza-hamas 20240919153000@https://www.nytimes.com/live/2024/09/18/world/israel-hezbollah-gaza-hamas 20240920013016@https://www.nytimes.com/live/2024/09/18/world/israel-hezbollah-gaza-hamas 20240920061852@https://www.nytimes.com/live/2024/09/18/world/israel-hezbollah-gaza-hamas 20240921011722@https://www.nytimes.com/live/2024/09/18/world/israel-hezbollah-gaza-hamas 20240924030203@https://www.nytimes.com/live/2024/09/18/world/israel-hezbollah-gaza-hamas 20240924042121@https://www.nytimes.com/live/2024/09/18/world/israel-hezbollah-gaza-hamas 20240924131136@https://www.nytimes.com/live/2024/09/18/world/israel-hezbollah-gaza-hamas 20240924131233@https://www.nytimes.com/live/2024/09/18/world/israel-hezbollah-gaza-hamas 20240924132807@https://www.nytimes.com/live/2024/09/18/world/israel-hezbollah-gaza-hamas 20240924132819@https://www.nytimes.com/live/2024/09/18/world/israel-hezbollah-gaza-hamas 20240924132830@https://www.nytimes.com/live/2024/09/18/world/israel-hezbollah-gaza-hamas 20240924163132@https://www.nytimes.com/live/2024/09/18/world/israel-hezbollah-gaza-hamas 20240924170154@https://www.nytimes.com/live/2024/09/18/world/israel-hezbollah-gaza-hamas 20240924170233@https://www.nytimes.com/live/2024/09/18/world/israel-hezbollah-gaza-hamas 20240924170254@https://www.nytimes.com/live/2024/09/18/world/israel-hezbollah-gaza-hamas 20240924170417@https://www.nytimes.com/live/2024/09/18/world/israel-hezbollah-gaza-hamas 20240924173601@https://www.nytimes.com/live/2024/09/18/world/israel-hezbollah-gaza-hamas 20240924173644@https://www.nytimes.com/live/2024/09/18/world/israel-hezbollah-gaza-hamas 20240924173757@https://www.nytimes.com/live/2024/09/18/world/israel-hezbollah-gaza-hamas
us,nyt,https://www.nytimes.com/live/2024/09/18/world/israel-hezbollah-gaza-hamas,capture,20240918092332,fetch,200,815005,https://web.archive.org/web/20240918092332id_/https://www.nytimes.com/live/2024/09/18/world/israel-hezbollah-gaza-hamas,raw/nyt/r2lb-c23c61a6b83dc0f5-20240918092332.html.gz,ok,,2026-10-06T09:09:45Z,
us,nyt,https://www.nytimes.com/live/2024/09/18/world/israel-hezbollah-gaza-hamas,capture,20240918155342,fetch,200,1646524,https://web.archive.org/web/20240918155342id_/https://www.nytimes.com/live/2024/09/18/world/israel-hezbollah-gaza-hamas,raw/nyt/r2lb-c23c61a6b83dc0f5-20240918155342.html.gz,ok,,2026-10-06T09:09:50Z,
us,nyt,https://www.nytimes.com/live/2024/09/20/world/gaza-israel-hamas-hezbollah,cdx,,cdx-fetch,200,,https://www.nytimes.com/live/2024/09/20/world/gaza-israel-hamas-hezbollah,,ok,,2026-10-06T09:10:16Z,20240920092457@https://www.nytimes.com/live/2024/09/20/world/gaza-israel-hamas-hezbollah 20240920095557@https://www.nytimes.com/live/2024/09/20/world/gaza-israel-hamas-hezbollah 20240920141619@https://www.nytimes.com/live/2024/09/20/world/gaza-israel-hamas-hezbollah 20240920141657@https://www.nytimes.com/live/2024/09/20/world/gaza-israel-hamas-hezbollah 20240920143014@https://www.nytimes.com/live/2024/09/20/world/gaza-israel-hamas-hezbollah 20240920162341@https://www.nytimes.com/live/2024/09/20/world/gaza-israel-hamas-hezbollah 20240920175812@https://www.nytimes.com/live/2024/09/20/world/gaza-israel-hamas-hezbollah 20240920223804@https://www.nytimes.com/live/2024/09/20/world/gaza-israel-hamas-hezbollah 20240920233253@https://www.nytimes.com/live/2024/09/20/world/gaza-israel-hamas-hezbollah 20240921010640@https://www.nytimes.com/live/2024/09/20/world/gaza-israel-hamas-hezbollah 20240921011202@https://www.nytimes.com/live/2024/09/20/world/gaza-israel-hamas-hezbollah 20240921013914@https://www.nytimes.com/live/2024/09/20/world/gaza-israel-hamas-hezbollah 20240921024101@https://www.nytimes.com/live/2024/09/20/world/gaza-israel-hamas-hezbollah 20240921042212@https://www.nytimes.com/live/2024/09/20/world/gaza-israel-hamas-hezbollah 20240921164909@https://www.nytimes.com/live/2024/09/20/world/gaza-israel-hamas-hezbollah 20240922012052@https://www.nytimes.com/live/2024/09/20/world/gaza-israel-hamas-hezbollah 20240922013915@https://www.nytimes.com/live/2024/09/20/world/gaza-israel-hamas-hezbollah 20240922035009@https://www.nytimes.com/live/2024/09/20/world/gaza-israel-hamas-hezbollah 20240922101805@https://www.nytimes.com/live/2024/09/20/world/gaza-israel-hamas-hezbollah 20240922153029@https://www.nytimes.com/live/2024/09/20/world/gaza-israel-hamas-hezbollah 20240922165220@https://www.nytimes.com/live/2024/09/20/world/gaza-israel-hamas-hezbollah 20240923014917@https://www.nytimes.com/live/2024/09/20/world/gaza-israel-hamas-hezbollah 20240923023854@https://www.nytimes.com/live/2024/09/20/world/gaza-israel-hamas-hezbollah 20240923110453@https://www.nytimes.com/live/2024/09/20/world/gaza-israel-hamas-hezbollah 20240923155847@https://www.nytimes.com/live/2024/09/20/world/gaza-israel-hamas-hezbollah 20240923170844@https://www.nytimes.com/live/2024/09/20/world/gaza-israel-hamas-hezbollah 20240923200547@https://www.nytimes.com/live/2024/09/20/world/gaza-israel-hamas-hezbollah 20240923221051@https://www.nytimes.com/live/2024/09/20/world/gaza-israel-hamas-hezbollah 20240924022001@https://www.nytimes.com/live/2024/09/20/world/gaza-israel-hamas-hezbollah 20240924024750@https://www.nytimes.com/live/2024/09/20/world/gaza-israel-hamas-hezbollah 20240924030617@https://www.nytimes.com/live/2024/09/20/world/gaza-israel-hamas-hezbollah 20240924042805@https://www.nytimes.com/live/2024/09/20/world/gaza-israel-hamas-hezbollah 20240924054703@https://www.nytimes.com/live/2024/09/20/world/gaza-israel-hamas-hezbollah 20240924174117@https://www.nytimes.com/live/2024/09/20/world/gaza-israel-hamas-hezbollah
us,nyt,https://www.nytimes.com/live/2024/09/20/world/gaza-israel-hamas-hezbollah,capture,20240920162341,fetch,200,1393579,https://web.archive.org/web/20240920162341id_/https://www.nytimes.com/live/2024/09/20/world/gaza-israel-hamas-hezbollah,raw/nyt/r2lb-9be35dfdab8b5aeb-20240920162341.html.gz,ok,,2026-10-06T09:10:21Z,
us,nyt,https://www.nytimes.com/live/2024/09/20/world/gaza-israel-hamas-hezbollah,capture,20240920141619,fetch,200,1165950,https://web.archive.org/web/20240920141619id_/https://www.nytimes.com/live/2024/09/20/world/gaza-israel-hamas-hezbollah,raw/nyt/r2lb-9be35dfdab8b5aeb-20240920141619.html.gz,ok,,2026-10-06T09:10:25Z,
us,nyt,https://www.nytimes.com/live/2024/09/21/world/gaza-israel-hamas-hezbollah,cdx,,cdx-fetch,200,,https://www.nytimes.com/live/2024/09/21/world/gaza-israel-hamas-hezbollah,,ok,,2026-10-06T09:10:58Z,20240921091608@https://www.nytimes.com/live/2024/09/21/world/gaza-israel-hamas-hezbollah 20240921092207@https://www.nytimes.com/live/2024/09/21/world/gaza-israel-hamas-hezbollah 20240921092239@https://www.nytimes.com/live/2024/09/21/world/gaza-israel-hamas-hezbollah 20240921094641@https://www.nytimes.com/live/2024/09/21/world/gaza-israel-hamas-hezbollah 20240921100333@https://www.nytimes.com/live/2024/09/21/world/gaza-israel-hamas-hezbollah 20240921112004@https://www.nytimes.com/live/2024/09/21/world/gaza-israel-hamas-hezbollah 20240921123005@https://www.nytimes.com/live/2024/09/21/world/gaza-israel-hamas-hezbollah 20240921140031@https://www.nytimes.com/live/2024/09/21/world/gaza-israel-hamas-hezbollah 20240921180119@https://www.nytimes.com/live/2024/09/21/world/gaza-israel-hamas-hezbollah 20240921180739@https://www.nytimes.com/live/2024/09/21/world/gaza-israel-hamas-hezbollah 20240921220534@https://www.nytimes.com/live/2024/09/21/world/gaza-israel-hamas-hezbollah 20240921223222@https://www.nytimes.com/live/2024/09/21/world/gaza-israel-hamas-hezbollah 20240921233431@https://www.nytimes.com/live/2024/09/21/world/gaza-israel-hamas-hezbollah 20240922001433@https://www.nytimes.com/live/2024/09/21/world/gaza-israel-hamas-hezbollah 20240922014808@https://www.nytimes.com/live/2024/09/21/world/gaza-israel-hamas-hezbollah 20240922015326@https://www.nytimes.com/live/2024/09/21/world/gaza-israel-hamas-hezbollah 20240922044601@https://www.nytimes.com/live/2024/09/21/world/gaza-israel-hamas-hezbollah 20240923202916@https://www.nytimes.com/live/2024/09/21/world/gaza-israel-hamas-hezbollah 20240924025813@https://www.nytimes.com/live/2024/09/21/world/gaza-israel-hamas-hezbollah 20240924035634@https://www.nytimes.com/live/2024/09/21/world/gaza-israel-hamas-hezbollah 20240924041735@https://www.nytimes.com/live/2024/09/21/world/gaza-israel-hamas-hezbollah
us,nyt,https://www.nytimes.com/live/2024/09/21/world/gaza-israel-hamas-hezbollah,capture,20240921180119,fetch,200,1409186,https://web.archive.org/web/20240921180119id_/https://www.nytimes.com/live/2024/09/21/world/gaza-israel-hamas-hezbollah,raw/nyt/r2lb-bf551f023f6ce3ea-20240921180119.html.gz,ok,,2026-10-06T09:11:03Z,
us,nyt,https://www.nytimes.com/live/2024/09/22/world/gaza-israel-hamas-hezbollah,cdx,,cdx-fetch,200,,https://www.nytimes.com/live/2024/09/22/world/gaza-israel-hamas-hezbollah,,ok,,2026-10-06T09:11:25Z,20240922052539@https://www.nytimes.com/live/2024/09/22/world/gaza-israel-hamas-hezbollah 20240922054027@https://www.nytimes.com/live/2024/09/22/world/gaza-israel-hamas-hezbollah 20240922054029@https://www.nytimes.com/live/2024/09/22/world/gaza-israel-hamas-hezbollah 20240922070355@https://www.nytimes.com/live/2024/09/22/world/gaza-israel-hamas-hezbollah 20240922072714@https://www.nytimes.com/live/2024/09/22/world/gaza-israel-hamas-hezbollah 20240922090305@https://www.nytimes.com/live/2024/09/22/world/gaza-israel-hamas-hezbollah 20240922092115@https://www.nytimes.com/live/2024/09/22/world/gaza-israel-hamas-hezbollah 20240922093605@https://www.nytimes.com/live/2024/09/22/world/gaza-israel-hamas-hezbollah 20240922104458@https://www.nytimes.com/live/2024/09/22/world/gaza-israel-hamas-hezbollah 20240922142308@https://www.nytimes.com/live/2024/09/22/world/gaza-israel-hamas-hezbollah 20240922153056@https://www.nytimes.com/live/2024/09/22/world/gaza-israel-hamas-hezbollah 20240923005418@https://www.nytimes.com/live/2024/09/22/world/gaza-israel-hamas-hezbollah 20240923010315@https://www.nytimes.com/live/2024/09/22/world/gaza-israel-hamas-hezbollah 20240923043626@https://www.nytimes.com/live/2024/09/22/world/gaza-israel-hamas-hezbollah 20240923045754@https://www.nytimes.com/live/2024/09/22/world/gaza-israel-hamas-hezbollah 20240923063052@https://www.nytimes.com/live/2024/09/22/world/gaza-israel-hamas-hezbollah 20240923065735@https://www.nytimes.com/live/2024/09/22/world/gaza-israel-hamas-hezbollah 20240923094203@https://www.nytimes.com/live/2024/09/22/world/gaza-israel-hamas-hezbollah 20240923203508@https://www.nytimes.com/live/2024/09/22/world/gaza-israel-hamas-hezbollah
us,cnn,https://www.cnn.com/world/live-news/israel-lebanon-attacks-09-21-24/index.html,capture,20240921233844,fetch,200,4152094,https://web.archive.org/web/20240921233844id_/https://www.cnn.com/world/live-news/israel-lebanon-attacks-09-21-24,raw/cnn/r2lb-ebec23c1ab4d6eac-20240921233844.html.gz,ok,,2026-10-06T09:12:30Z,
us,cnn,https://www.cnn.com/world/live-news/israel-lebanon-attacks-09-21-24/index.html,capture,20240923213756,fetch,200,4199338,https://web.archive.org/web/20240923213756id_/https://www.cnn.com/world/live-news/israel-lebanon-attacks-09-21-24/,raw/cnn/r2lb-ebec23c1ab4d6eac-20240923213756.html.gz,ok,,2026-10-06T09:12:36Z,
us,cnn,https://www.cnn.com/world/live-news/israel-lebanon-attacks-09-21-24/index.html,capture,20240924215448,fetch,200,4204280,https://web.archive.org/web/20240924215448id_/https://www.cnn.com/world/live-news/israel-lebanon-attacks-09-21-24/,raw/cnn/r2lb-ebec23c1ab4d6eac-20240924215448.html.gz,ok,,2026-10-06T09:12:41Z,
us,cnn,https://www.cnn.com/world/live-news/israel-lebanon-attacks-09-22-24/index.html,capture,20240922233536,fetch,200,4270388,https://web.archive.org/web/20240922233536id_/https://www.cnn.com/world/live-news/israel-lebanon-attacks-09-22-24,raw/cnn/r2lb-09e1105bee5048b4-20240922233536.html.gz,ok,,2026-10-06T09:12:47Z,
us,cnn,https://www.cnn.com/world/live-news/israel-lebanon-attacks-09-22-24/index.html,capture,20240924181253,fetch,200,4286527,https://web.archive.org/web/20240924181253id_/https://www.cnn.com/world/live-news/israel-lebanon-attacks-09-22-24/,raw/cnn/r2lb-09e1105bee5048b4-20240924181253.html.gz,ok,,2026-10-06T09:12:52Z,
us,cnn,https://www.cnn.com/world/live-news/lebanon-explosions-hezbollah-israel-09-19-24-intl-hnk/index.html,capture,20240919235325,fetch,200,4362652,https://web.archive.org/web/20240919235325id_/https://www.cnn.com/world/live-news/lebanon-explosions-hezbollah-israel-09-19-24-intl-hnk/,raw/cnn/r2lb-52baeab1efc6628c-20240919235325.html.gz,ok,,2026-10-06T09:12:57Z,
us,cnn,https://www.cnn.com/world/live-news/lebanon-explosions-hezbollah-israel-09-19-24-intl-hnk/index.html,capture,20240921205955,fetch,200,4387001,https://web.archive.org/web/20240921205955id_/https://www.cnn.com/world/live-news/lebanon-explosions-hezbollah-israel-09-19-24-intl-hnk,raw/cnn/r2lb-52baeab1efc6628c-20240921205955.html.gz,ok,,2026-10-06T09:13:05Z,
us,cnn,https://www.cnn.com/world/live-news/lebanon-explosions-hezbollah-israel-09-19-24-intl-hnk/index.html,capture,20240922230752,fetch,200,4386923,https://web.archive.org/web/20240922230752id_/https://www.cnn.com/world/live-news/lebanon-explosions-hezbollah-israel-09-19-24-intl-hnk/,raw/cnn/r2lb-52baeab1efc6628c-20240922230752.html.gz,ok,,2026-10-06T09:13:10Z,
us,cnn,https://www.cnn.com/world/live-news/lebanon-pagers-attack-hezbollah/index.html,capture,20240917235405,fetch,200,4173014,https://web.archive.org/web/20240917235405id_/https://www.cnn.com/world/live-news/lebanon-pagers-attack-hezbollah,raw/cnn/r2lb-1fed0a5fbbb25c50-20240917235405.html.gz,ok,,2026-10-06T09:13:17Z,
us,cnn,https://www.cnn.com/world/live-news/lebanon-pagers-attack-hezbollah/index.html,capture,20240921095543,fetch,200,4188121,https://web.archive.org/web/20240921095543id_/https://www.cnn.com/world/live-news/lebanon-pagers-attack-hezbollah,raw/cnn/r2lb-1fed0a5fbbb25c50-20240921095543.html.gz,ok,,2026-10-06T09:13:23Z,
us,cnn,https://www.cnn.com/world/live-news/lebanon-pagers-attack-hezbollah/index.html,capture,20240922123812,fetch,200,4193151,https://web.archive.org/web/20240922123812id_/https://www.cnn.com/world/live-news/lebanon-pagers-attack-hezbollah/,raw/cnn/r2lb-1fed0a5fbbb25c50-20240922123812.html.gz,ok,,2026-10-06T09:13:28Z,
us,cnn,https://www.cnn.com/world/live-news/lebanon-pagers-attack-hezbollah/index.html,capture,20240924081025,fetch,200,4193224,https://web.archive.org/web/20240924081025id_/https://www.cnn.com/world/live-news/lebanon-pagers-attack-hezbollah,raw/cnn/r2lb-1fed0a5fbbb25c50-20240924081025.html.gz,ok,,2026-10-06T09:13:35Z,
us,cnn,https://www.cnn.com/world/live-news/lebanon-pagers-explode-hezbollah-israel-09-18-24-intl-hnk/index.html,capture,20240918232359,fetch,200,4383649,https://web.archive.org/web/20240918232359id_/https://www.cnn.com/world/live-news/lebanon-pagers-explode-hezbollah-israel-09-18-24-intl-hnk/,raw/cnn/r2lb-428b6082aab74271-20240918232359.html.gz,ok,,2026-10-06T09:13:41Z,
us,cnn,https://www.cnn.com/world/live-news/lebanon-pagers-explode-hezbollah-israel-09-18-24-intl-hnk/index.html,capture,20240919223752,fetch,200,4547482,https://web.archive.org/web/20240919223752id_/https://www.cnn.com/world/live-news/lebanon-pagers-explode-hezbollah-israel-09-18-24-intl-hnk/,raw/cnn/r2lb-428b6082aab74271-20240919223752.html.gz,ok,,2026-10-06T09:13:46Z,
us,cnn,https://www.cnn.com/world/live-news/lebanon-pagers-explode-hezbollah-israel-09-18-24-intl-hnk/index.html,capture,20240920202502,fetch,200,4539996,https://web.archive.org/web/20240920202502id_/https://www.cnn.com/world/live-news/lebanon-pagers-explode-hezbollah-israel-09-18-24-intl-hnk/,raw/cnn/r2lb-428b6082aab74271-20240920202502.html.gz,ok,,2026-10-06T09:13:52Z,
us,cnn,https://www.cnn.com/world/live-news/lebanon-pagers-explode-hezbollah-israel-09-18-24-intl-hnk/index.html,capture,20240921165732,fetch,200,4539929,https://web.archive.org/web/20240921165732id_/https://www.cnn.com/world/live-news/lebanon-pagers-explode-hezbollah-israel-09-18-24-intl-hnk,raw/cnn/r2lb-428b6082aab74271-20240921165732.html.gz,ok,,2026-10-06T09:13:57Z,
us,cnn,https://www.cnn.com/world/live-news/lebanon-pagers-explode-hezbollah-israel-09-18-24-intl-hnk/index.html,capture,20240922230813,fetch,200,4534671,https://web.archive.org/web/20240922230813id_/https://www.cnn.com/world/live-news/lebanon-pagers-explode-hezbollah-israel-09-18-24-intl-hnk,raw/cnn/r2lb-428b6082aab74271-20240922230813.html.gz,ok,,2026-10-06T09:14:03Z,
us,cnn,https://www.cnn.com/world/live-news/lebanon-pagers-explode-hezbollah-israel-09-18-24-intl-hnk/index.html,capture,20240924181244,fetch,200,4539379,https://web.archive.org/web/20240924181244id_/https://www.cnn.com/world/live-news/lebanon-pagers-explode-hezbollah-israel-09-18-24-intl-hnk,raw/cnn/r2lb-428b6082aab74271-20240924181244.html.gz,ok,,2026-10-06T09:14:08Z,
us,nbc,https://www.nbcnews.com/news/world/live-blog/israel-hezbollah-live-updates-lebanon-gaza-war-rcna172605,cdx,,cdx-fetch,200,,https://www.nbcnews.com/news/world/live-blog/israel-hezbollah-live-updates-lebanon-gaza-war-rcna172605,,ok,,2026-10-06T09:20:39Z,(none)
us,abc,https://abcnews.go.com/International/live-updates/israel-gaza-egypt-russia-airport/,cdx,,cdx-fetch,200,,https://abcnews.go.com/International/live-updates/israel-gaza-egypt-russia-airport,,ok,,2026-10-06T09:20:43Z,(none)
us,abc,https://abcnews.go.com/International/live-updates/israel-gaza-hamas-war-updates/,cdx,,cdx-fetch,200,,https://abcnews.go.com/International/live-updates/israel-gaza-hamas-war-updates,,ok,,2026-10-06T09:20:46Z,(none)
us,abc,https://abcnews.go.com/International/live-updates/israel-hamas-war-cease-fire-talks,cdx,,cdx-fetch,200,,https://abcnews.go.com/International/live-updates/israel-hamas-war-cease-fire-talks,,ok,,2026-10-06T09:20:50Z,(none)
us,abc,https://abcnews.go.com/International/live-updates/israel-war-hamas-gaza-latest/,cdx,,cdx-fetch,200,,https://abcnews.go.com/International/live-updates/israel-war-hamas-gaza-latest,,ok,,2026-10-06T09:20:54Z,(none)
us,abc,https://abcnews.go.com/International/live-updates/us-airstrikes-iran-militias/,cdx,,cdx-fetch,200,,https://abcnews.go.com/International/live-updates/us-airstrikes-iran-militias,,ok,,2026-10-06T09:20:58Z,(none)
us,ap,https://apnews.com/live/lebanon-israel-strikes-hamas-war-updates,capture,20240923224720,local,,743040,,raw/ap/r2lb-c9296f651b0ad1a4-20240923224720.html.gz,ok,,2026-10-06T09:21:21Z,
us,ap,https://apnews.com/live/lebanon-israel-strikes-hamas-war-updates,capture,20240924235302,local,,1322158,,raw/ap/r2lb-c9296f651b0ad1a4-20240924235302.html.gz,ok,,2026-10-06T09:21:21Z,
us,ap,https://apnews.com/live/lebanon-syria-pagers-hezbollah-updates,capture,20240917235526,local,,451761,,raw/ap/r2lb-51b99a141ba8a100-20240917235526.html.gz,ok,,2026-10-06T09:21:21Z,
us,ap,https://apnews.com/live/lebanon-syria-pagers-hezbollah-updates,capture,20240918235909,local,,977895,,raw/ap/r2lb-51b99a141ba8a100-20240918235909.html.gz,ok,,2026-10-06T09:21:21Z,
us,ap,https://apnews.com/live/lebanon-syria-pagers-hezbollah-updates,capture,20240919230429,local,,1107716,,raw/ap/r2lb-51b99a141ba8a100-20240919230429.html.gz,ok,,2026-10-06T09:21:21Z,
us,ap,https://apnews.com/live/lebanon-syria-pagers-hezbollah-updates,capture,20240920230621,local,,1105434,,raw/ap/r2lb-51b99a141ba8a100-20240920230621.html.gz,ok,,2026-10-06T09:21:21Z,
us,ap,https://apnews.com/live/lebanon-syria-pagers-hezbollah-updates,capture,20240921195242,local,,1105614,,raw/ap/r2lb-51b99a141ba8a100-20240921195242.html.gz,ok,,2026-10-06T09:21:21Z,
us,ap,https://apnews.com/live/lebanon-syria-pagers-hezbollah-updates,capture,20240922022037,local,,1105596,,raw/ap/r2lb-51b99a141ba8a100-20240922022037.html.gz,ok,,2026-10-06T09:21:21Z,
us,ap,https://apnews.com/live/lebanon-syria-pagers-hezbollah-updates,capture,20240923193547,local,,1105949,,raw/ap/r2lb-51b99a141ba8a100-20240923193547.html.gz,ok,,2026-10-06T09:21:22Z,
us,ap,https://apnews.com/live/lebanon-syria-pagers-hezbollah-updates,capture,20240924094645,local,,1105245,,raw/ap/r2lb-51b99a141ba8a100-20240924094645.html.gz,ok,,2026-10-06T09:21:22Z,
us,cnn,https://us.cnn.com/world/live-news/israel-lebanon-hezbollah-09-23-24-intl-hnk/,capture,20240923234034,local,,4547805,,raw/cnn/r2lb-1ce16060514ab570-20240923234034.html.gz,ok,,2026-10-06T09:21:22Z,
us,cnn,https://us.cnn.com/world/live-news/israel-lebanon-hezbollah-09-23-24-intl-hnk/,capture,20240924215457,local,,4704369,,raw/cnn/r2lb-1ce16060514ab570-20240924215457.html.gz,ok,,2026-10-06T09:21:22Z,
us,cnn,https://www.cnn.com/world/live-news/israel-lebanon-attacks-09-21-24/index.html,capture,20240921233844,local,,4152094,,raw/cnn/r2lb-ebec23c1ab4d6eac-20240921233844.html.gz,ok,,2026-10-06T09:21:22Z,
us,cnn,https://www.cnn.com/world/live-news/israel-lebanon-attacks-09-21-24/index.html,capture,20240922232712,local,,4199569,,raw/cnn/r2lb-ebec23c1ab4d6eac-20240922232712.html.gz,ok,,2026-10-06T09:21:22Z,
us,cnn,https://www.cnn.com/world/live-news/israel-lebanon-attacks-09-21-24/index.html,capture,20240923213756,local,,4199338,,raw/cnn/r2lb-ebec23c1ab4d6eac-20240923213756.html.gz,ok,,2026-10-06T09:21:22Z,
us,cnn,https://www.cnn.com/world/live-news/israel-lebanon-attacks-09-21-24/index.html,capture,20240924215448,local,,4204280,,raw/cnn/r2lb-ebec23c1ab4d6eac-20240924215448.html.gz,ok,,2026-10-06T09:21:22Z,
us,cnn,https://www.cnn.com/world/live-news/israel-lebanon-attacks-09-22-24/index.html,capture,20240922233536,local,,4270388,,raw/cnn/r2lb-09e1105bee5048b4-20240922233536.html.gz,ok,,2026-10-06T09:21:22Z,
us,cnn,https://www.cnn.com/world/live-news/israel-lebanon-attacks-09-22-24/index.html,capture,20240923223921,local,,4281585,,raw/cnn/r2lb-09e1105bee5048b4-20240923223921.html.gz,ok,,2026-10-06T09:21:22Z,
us,cnn,https://www.cnn.com/world/live-news/israel-lebanon-attacks-09-22-24/index.html,capture,20240924181253,local,,4286527,,raw/cnn/r2lb-09e1105bee5048b4-20240924181253.html.gz,ok,,2026-10-06T09:21:22Z,
us,cnn,https://www.cnn.com/world/live-news/israel-lebanon-hezbollah-09-24-24-intl-hnk/,capture,20240924224300,local,,4415578,,raw/cnn/r2lb-5eb74ddca0be9517-20240924224300.html.gz,ok,,2026-10-06T09:21:22Z,
us,cnn,https://www.cnn.com/world/live-news/lebanon-explosions-hezbollah-israel-09-19-24-intl-hnk/index.html,capture,20240919235325,local,,4362652,,raw/cnn/r2lb-52baeab1efc6628c-20240919235325.html.gz,ok,,2026-10-06T09:21:22Z,
us,cnn,https://www.cnn.com/world/live-news/lebanon-explosions-hezbollah-israel-09-19-24-intl-hnk/index.html,capture,20240920193905,local,,4387065,,raw/cnn/r2lb-52baeab1efc6628c-20240920193905.html.gz,ok,,2026-10-06T09:21:22Z,
us,cnn,https://www.cnn.com/world/live-news/lebanon-explosions-hezbollah-israel-09-19-24-intl-hnk/index.html,capture,20240921205955,local,,4387001,,raw/cnn/r2lb-52baeab1efc6628c-20240921205955.html.gz,ok,,2026-10-06T09:21:22Z,
us,cnn,https://www.cnn.com/world/live-news/lebanon-explosions-hezbollah-israel-09-19-24-intl-hnk/index.html,capture,20240922230752,local,,4386923,,raw/cnn/r2lb-52baeab1efc6628c-20240922230752.html.gz,ok,,2026-10-06T09:21:22Z,
us,cnn,https://www.cnn.com/world/live-news/lebanon-explosions-hezbollah-israel-09-19-24-intl-hnk/index.html,capture,20240923161041,local,,4370395,,raw/cnn/r2lb-52baeab1efc6628c-20240923161041.html.gz,ok,,2026-10-06T09:21:22Z,
us,cnn,https://www.cnn.com/world/live-news/lebanon-explosions-hezbollah-israel-09-19-24-intl-hnk/index.html,capture,20240924164314,local,,4391634,,raw/cnn/r2lb-52baeab1efc6628c-20240924164314.html.gz,ok,,2026-10-06T09:21:22Z,
us,cnn,https://www.cnn.com/world/live-news/lebanon-explosions-hezbollah-israel-09-20-24-intl-hnk/,capture,20240920233803,local,,4334708,,raw/cnn/r2lb-7a7d9168f641525a-20240920233803.html.gz,ok,,2026-10-06T09:21:22Z,
us,cnn,https://www.cnn.com/world/live-news/lebanon-explosions-hezbollah-israel-09-20-24-intl-hnk/,capture,20240921235207,local,,4342086,,raw/cnn/r2lb-7a7d9168f641525a-20240921235207.html.gz,ok,,2026-10-06T09:21:22Z,
us,cnn,https://www.cnn.com/world/live-news/lebanon-explosions-hezbollah-israel-09-20-24-intl-hnk/,capture,20240922225230,local,,4342008,,raw/cnn/r2lb-7a7d9168f641525a-20240922225230.html.gz,ok,,2026-10-06T09:21:22Z,
us,cnn,https://www.cnn.com/world/live-news/lebanon-explosions-hezbollah-israel-09-20-24-intl-hnk/,capture,20240923212757,local,,4341777,,raw/cnn/r2lb-7a7d9168f641525a-20240923212757.html.gz,ok,,2026-10-06T09:21:22Z,
us,cnn,https://www.cnn.com/world/live-news/lebanon-explosions-hezbollah-israel-09-20-24-intl-hnk/,capture,20240924184627,local,,4346719,,raw/cnn/r2lb-7a7d9168f641525a-20240924184627.html.gz,ok,,2026-10-06T09:21:22Z,
us,cnn,https://www.cnn.com/world/live-news/lebanon-pagers-attack-hezbollah/index.html,capture,20240917235405,local,,4173014,,raw/cnn/r2lb-1fed0a5fbbb25c50-20240917235405.html.gz,ok,,2026-10-06T09:21:22Z,
us,cnn,https://www.cnn.com/world/live-news/lebanon-pagers-attack-hezbollah/index.html,capture,20240918233638,local,,4214167,,raw/cnn/r2lb-1fed0a5fbbb25c50-20240918233638.html.gz,ok,,2026-10-06T09:21:22Z,
us,cnn,https://www.cnn.com/world/live-news/lebanon-pagers-attack-hezbollah/index.html,capture,20240919064055,local,,4193142,,raw/cnn/r2lb-1fed0a5fbbb25c50-20240919064055.html.gz,ok,,2026-10-06T09:21:22Z,
us,cnn,https://www.cnn.com/world/live-news/lebanon-pagers-attack-hezbollah/index.html,capture,20240920203228,local,,4209818,,raw/cnn/r2lb-1fed0a5fbbb25c50-20240920203228.html.gz,ok,,2026-10-06T09:21:22Z,
us,cnn,https://www.cnn.com/world/live-news/lebanon-pagers-attack-hezbollah/index.html,capture,20240921095543,local,,4188121,,raw/cnn/r2lb-1fed0a5fbbb25c50-20240921095543.html.gz,ok,,2026-10-06T09:21:22Z,
us,cnn,https://www.cnn.com/world/live-news/lebanon-pagers-attack-hezbollah/index.html,capture,20240922123812,local,,4193151,,raw/cnn/r2lb-1fed0a5fbbb25c50-20240922123812.html.gz,ok,,2026-10-06T09:21:22Z,
us,cnn,https://www.cnn.com/world/live-news/lebanon-pagers-attack-hezbollah/index.html,capture,20240923204904,local,,4209445,,raw/cnn/r2lb-1fed0a5fbbb25c50-20240923204904.html.gz,ok,,2026-10-06T09:21:23Z,
us,cnn,https://www.cnn.com/world/live-news/lebanon-pagers-attack-hezbollah/index.html,capture,20240924081025,local,,4193224,,raw/cnn/r2lb-1fed0a5fbbb25c50-20240924081025.html.gz,ok,,2026-10-06T09:21:23Z,
us,cnn,https://www.cnn.com/world/live-news/lebanon-pagers-explode-hezbollah-israel-09-18-24-intl-hnk/index.html,capture,20240918232359,local,,4383649,,raw/cnn/r2lb-428b6082aab74271-20240918232359.html.gz,ok,,2026-10-06T09:21:23Z,
us,cnn,https://www.cnn.com/world/live-news/lebanon-pagers-explode-hezbollah-israel-09-18-24-intl-hnk/index.html,capture,20240919223752,local,,4547482,,raw/cnn/r2lb-428b6082aab74271-20240919223752.html.gz,ok,,2026-10-06T09:21:23Z,
us,cnn,https://www.cnn.com/world/live-news/lebanon-pagers-explode-hezbollah-israel-09-18-24-intl-hnk/index.html,capture,20240920202502,local,,4539996,,raw/cnn/r2lb-428b6082aab74271-20240920202502.html.gz,ok,,2026-10-06T09:21:23Z,
us,cnn,https://www.cnn.com/world/live-news/lebanon-pagers-explode-hezbollah-israel-09-18-24-intl-hnk/index.html,capture,20240921165732,local,,4539929,,raw/cnn/r2lb-428b6082aab74271-20240921165732.html.gz,ok,,2026-10-06T09:21:23Z,
us,cnn,https://www.cnn.com/world/live-news/lebanon-pagers-explode-hezbollah-israel-09-18-24-intl-hnk/index.html,capture,20240922230813,local,,4534671,,raw/cnn/r2lb-428b6082aab74271-20240922230813.html.gz,ok,,2026-10-06T09:21:23Z,
us,cnn,https://www.cnn.com/world/live-news/lebanon-pagers-explode-hezbollah-israel-09-18-24-intl-hnk/index.html,capture,20240923224127,local,,4539620,,raw/cnn/r2lb-428b6082aab74271-20240923224127.html.gz,ok,,2026-10-06T09:21:23Z,
us,cnn,https://www.cnn.com/world/live-news/lebanon-pagers-explode-hezbollah-israel-09-18-24-intl-hnk/index.html,capture,20240924181244,local,,4539379,,raw/cnn/r2lb-428b6082aab74271-20240924181244.html.gz,ok,,2026-10-06T09:21:23Z,
us,nyt,https://www.nytimes.com/live/2024/09/17/opinion/thepoint/hezbollah-israel-pagers-assassinations,capture,20240918224656,local,,702833,,raw/nyt/r2lb-ff1736ad2998ceb5-20240918224656.html.gz,ok,,2026-10-06T09:21:23Z,
us,nyt,https://www.nytimes.com/live/2024/09/17/opinion/thepoint/hezbollah-israel-pagers-assassinations,capture,20240919091905,local,,756816,,raw/nyt/r2lb-ff1736ad2998ceb5-20240919091905.html.gz,ok,,2026-10-06T09:21:23Z,
us,nyt,https://www.nytimes.com/live/2024/09/17/opinion/thepoint/hezbollah-israel-pagers-assassinations,capture,20240921021558,local,,1015634,,raw/nyt/r2lb-ff1736ad2998ceb5-20240921021558.html.gz,ok,,2026-10-06T09:21:23Z,
us,nyt,https://www.nytimes.com/live/2024/09/17/opinion/thepoint/hezbollah-israel-pagers-assassinations,capture,20240922060309,local,,1015053,,raw/nyt/r2lb-ff1736ad2998ceb5-20240922060309.html.gz,ok,,2026-10-06T09:21:23Z,
us,nyt,https://www.nytimes.com/live/2024/09/17/opinion/thepoint/hezbollah-israel-pagers-assassinations,capture,20240924054124,local,,1129487,,raw/nyt/r2lb-ff1736ad2998ceb5-20240924054124.html.gz,ok,,2026-10-06T09:21:23Z,
us,nyt,https://www.nytimes.com/live/2024/09/17/world/israel-hamas-war-news,capture,20240917234632,local,,1270402,,raw/nyt/r2lb-896aeec0f4ca59c2-20240917234632.html.gz,ok,,2026-10-06T09:21:23Z,
us,nyt,https://www.nytimes.com/live/2024/09/17/world/israel-hamas-war-news,capture,20240918230351,local,,1275815,,raw/nyt/r2lb-896aeec0f4ca59c2-20240918230351.html.gz,ok,,2026-10-06T09:21:23Z,
us,nyt,https://www.nytimes.com/live/2024/09/17/world/israel-hamas-war-news,capture,20240919003915,local,,1275459,,raw/nyt/r2lb-896aeec0f4ca59c2-20240919003915.html.gz,ok,,2026-10-06T09:21:23Z,
us,nyt,https://www.nytimes.com/live/2024/09/17/world/israel-hamas-war-news,capture,20240920153207,local,,1266362,,raw/nyt/r2lb-896aeec0f4ca59c2-20240920153207.html.gz,ok,,2026-10-06T09:21:23Z,
us,nyt,https://www.nytimes.com/live/2024/09/17/world/israel-hamas-war-news,capture,20240921063209,local,,1227011,,raw/nyt/r2lb-896aeec0f4ca59c2-20240921063209.html.gz,ok,,2026-10-06T09:21:23Z,
us,nyt,https://www.nytimes.com/live/2024/09/17/world/israel-hamas-war-news,capture,20240922232121,local,,1208075,,raw/nyt/r2lb-896aeec0f4ca59c2-20240922232121.html.gz,ok,,2026-10-06T09:21:23Z,
us,nyt,https://www.nytimes.com/live/2024/09/17/world/israel-hamas-war-news,capture,20240923230717,local,,1243741,,raw/nyt/r2lb-896aeec0f4ca59c2-20240923230717.html.gz,ok,,2026-10-06T09:21:23Z,
us,nyt,https://www.nytimes.com/live/2024/09/17/world/israel-hamas-war-news,capture,20240924215937,local,,1279967,,raw/nyt/r2lb-896aeec0f4ca59c2-20240924215937.html.gz,ok,,2026-10-06T09:21:23Z,
us,nyt,https://www.nytimes.com/live/2024/09/17/world/israel-hamas-war-news,capture,20240917144130,local,,573922,,raw/nyt/r2lb-896aeec0f4ca59c2-20240917144130.html.gz,ok,,2026-10-06T09:21:23Z,
us,nyt,https://www.nytimes.com/live/2024/09/18/world/israel-hezbollah-gaza-hamas,capture,20240918224547,local,,1871550,,raw/nyt/r2lb-c23c61a6b83dc0f5-20240918224547.html.gz,ok,,2026-10-06T09:21:23Z,
us,nyt,https://www.nytimes.com/live/2024/09/18/world/israel-hezbollah-gaza-hamas,capture,20240919153000,local,,1708571,,raw/nyt/r2lb-c23c61a6b83dc0f5-20240919153000.html.gz,ok,,2026-10-06T09:21:23Z,
us,nyt,https://www.nytimes.com/live/2024/09/18/world/israel-hezbollah-gaza-hamas,capture,20240920061852,local,,1670288,,raw/nyt/r2lb-c23c61a6b83dc0f5-20240920061852.html.gz,ok,,2026-10-06T09:21:23Z,
us,nyt,https://www.nytimes.com/live/2024/09/18/world/israel-hezbollah-gaza-hamas,capture,20240921011722,local,,1679934,,raw/nyt/r2lb-c23c61a6b83dc0f5-20240921011722.html.gz,ok,,2026-10-06T09:21:23Z,
us,nyt,https://www.nytimes.com/live/2024/09/18/world/israel-hezbollah-gaza-hamas,capture,20240924173757,local,,1811966,,raw/nyt/r2lb-c23c61a6b83dc0f5-20240924173757.html.gz,ok,,2026-10-06T09:21:23Z,
us,nyt,https://www.nytimes.com/live/2024/09/18/world/israel-hezbollah-gaza-hamas,capture,20240918092332,local,,815005,,raw/nyt/r2lb-c23c61a6b83dc0f5-20240918092332.html.gz,ok,,2026-10-06T09:21:23Z,
us,nyt,https://www.nytimes.com/live/2024/09/18/world/israel-hezbollah-gaza-hamas,capture,20240918155342,local,,1646524,,raw/nyt/r2lb-c23c61a6b83dc0f5-20240918155342.html.gz,ok,,2026-10-06T09:21:23Z,
us,nyt,https://www.nytimes.com/live/2024/09/20/world/gaza-israel-hamas-hezbollah,capture,20240920233253,local,,1658592,,raw/nyt/r2lb-9be35dfdab8b5aeb-20240920233253.html.gz,ok,,2026-10-06T09:21:23Z,
us,nyt,https://www.nytimes.com/live/2024/09/20/world/gaza-israel-hamas-hezbollah,capture,20240921164909,local,,1556989,,raw/nyt/r2lb-9be35dfdab8b5aeb-20240921164909.html.gz,ok,,2026-10-06T09:21:23Z,
us,nyt,https://www.nytimes.com/live/2024/09/20/world/gaza-israel-hamas-hezbollah,capture,20240922165220,local,,1556985,,raw/nyt/r2lb-9be35dfdab8b5aeb-20240922165220.html.gz,ok,,2026-10-06T09:21:23Z,
us,nyt,https://www.nytimes.com/live/2024/09/20/world/gaza-israel-hamas-hezbollah,capture,20240923221051,local,,1540002,,raw/nyt/r2lb-9be35dfdab8b5aeb-20240923221051.html.gz,ok,,2026-10-06T09:21:23Z,
us,nyt,https://www.nytimes.com/live/2024/09/20/world/gaza-israel-hamas-hezbollah,capture,20240924174117,local,,1609426,,raw/nyt/r2lb-9be35dfdab8b5aeb-20240924174117.html.gz,ok,,2026-10-06T09:21:23Z,
us,nyt,https://www.nytimes.com/live/2024/09/20/world/gaza-israel-hamas-hezbollah,capture,20240920092457,local,,642024,,raw/nyt/r2lb-9be35dfdab8b5aeb-20240920092457.html.gz,ok,,2026-10-06T09:21:23Z,
us,nyt,https://www.nytimes.com/live/2024/09/21/world/gaza-israel-hamas-hezbollah,capture,20240921233431,local,,1585832,,raw/nyt/r2lb-bf551f023f6ce3ea-20240921233431.html.gz,ok,,2026-10-06T09:21:23Z,
us,nyt,https://www.nytimes.com/live/2024/09/21/world/gaza-israel-hamas-hezbollah,capture,20240922044601,local,,1619847,,raw/nyt/r2lb-bf551f023f6ce3ea-20240922044601.html.gz,ok,,2026-10-06T09:21:23Z,
us,nyt,https://www.nytimes.com/live/2024/09/21/world/gaza-israel-hamas-hezbollah,capture,20240923202916,local,,1511966,,raw/nyt/r2lb-bf551f023f6ce3ea-20240923202916.html.gz,ok,,2026-10-06T09:21:23Z,
us,nyt,https://www.nytimes.com/live/2024/09/21/world/gaza-israel-hamas-hezbollah,capture,20240924041735,local,,1512092,,raw/nyt/r2lb-bf551f023f6ce3ea-20240924041735.html.gz,ok,,2026-10-06T09:21:23Z,
us,nyt,https://www.nytimes.com/live/2024/09/21/world/gaza-israel-hamas-hezbollah,capture,20240921091608,local,,590633,,raw/nyt/r2lb-bf551f023f6ce3ea-20240921091608.html.gz,ok,,2026-10-06T09:21:23Z,
us,nyt,https://www.nytimes.com/live/2024/09/22/world/gaza-israel-hamas-hezbollah,capture,20240922153056,local,,1195996,,raw/nyt/r2lb-82c6883e31543bd5-20240922153056.html.gz,ok,,2026-10-06T09:21:23Z,
us,nyt,https://www.nytimes.com/live/2024/09/22/world/gaza-israel-hamas-hezbollah,capture,20240923203508,local,,1495843,,raw/nyt/r2lb-82c6883e31543bd5-20240923203508.html.gz,ok,,2026-10-06T09:21:23Z,
us,wapo,https://www.washingtonpost.com/world/2024/09/20/israel-lebanon-hezbollah-hamas-war-news-gaza-palestine/,capture,20240921005341,local,,856929,,raw/wapo/r2lb-2269a273927121a2-20240921005341.html.gz,ok,,2026-10-06T09:21:23Z,
us,wapo,https://www.washingtonpost.com/world/2024/09/21/israel-lebanon-hezbollah-hamas-war-news-gaza-ibrahim-aqil/,capture,20240921090135,local,,582937,,raw/wapo/r2lb-31e43ceb97789de3-20240921090135.html.gz,ok,,2026-10-06T09:21:23Z,
us,wapo,https://www.washingtonpost.com/world/2024/09/22/israel-lebanon-hezbollah-hamas-war-news-gaza/,capture,20240922053953,local,,610379,,raw/wapo/r2lb-3c21627c13fa03f9-20240922053953.html.gz,ok,,2026-10-06T09:21:23Z,
us,wapo,https://www.washingtonpost.com/world/2024/09/23/israel-lebanon-hezbollah-hamas-war-news-gaza/,capture,20240923175715,local,,830138,,raw/wapo/r2lb-be071fc07e629a37-20240923175715.html.gz,ok,,2026-10-06T09:21:23Z,
us,wapo,https://www.washingtonpost.com/world/2024/09/24/israel-lebanon-hezbollah-hamas-war-news-gaza/,capture,20240924063800,local,,623984,,raw/wapo/r2lb-c735aadfdd2d4494-20240924063800.html.gz,ok,,2026-10-06T09:21:23Z,
us,fox,https://www.foxnews.com/video/6362120447112,capture,20240918200103,local,,60822,,raw/fox/r2lb-188d4368ac922bec-20240918200103.html.gz,ok,,2026-10-06T09:21:23Z,
us,abc,https://abcnews.go.com/International/live-updates/israel-gaza-hamas-health-catastrophe/,capture,20240919073819,local,,97838,,raw/abc/r2lb-16b46bca52c26547-20240919073819.html.gz,ok,,2026-10-06T09:21:23Z,
us,abc,https://abcnews.go.com/International/live-updates/israel-gaza-hamas-hezbollah-war,capture,20240924104433,local,,98142,,raw/abc/r2lb-76788b60f5b868d1-20240924104433.html.gz,ok,,2026-10-06T09:21:24Z,
us,abc,https://abcnews.go.com/International/live-updates/israel-gaza-hamas-war-proposed-hostage-deal/,capture,20240918010726,local,,97908,,raw/abc/r2lb-815aaab4cae3b9be-20240918010726.html.gz,ok,,2026-10-06T09:21:24Z,
us,abc,https://abcnews.go.com/International/live-updates/israel-gaza-hamas-war/,capture,20240924033716,local,,97884,,raw/abc/r2lb-da54ff044f887803-20240924033716.html.gz,ok,,2026-10-06T09:21:24Z,
us,abc,https://abcnews.go.com/International/live-updates/israel-gaza-hamas/,capture,20240920093609,local,,97549,,raw/abc/r2lb-41b521b0ba5e3504-20240920093609.html.gz,ok,,2026-10-06T09:21:24Z,
us,abc,https://abcnews.go.com/International/live-updates/israel-gaza-live-updates/,capture,20240920064246,local,,97796,,raw/abc/r2lb-5844a6f93117b0f1-20240920064246.html.gz,ok,,2026-10-06T09:21:24Z,
us,abc,https://abcnews.go.com/International/live-updates/israel-gaza-war-hamas-hezbollah/,capture,20240920034602,local,,97832,,raw/abc/r2lb-56257e396ea9e14e-20240920034602.html.gz,ok,,2026-10-06T09:21:24Z,
us,abc,https://abcnews.go.com/International/live-updates/israel-gaza-war-hostages/,capture,20240920011608,local,,97892,,raw/abc/r2lb-f5887d201d0f350c-20240920011608.html.gz,ok,,2026-10-06T09:21:24Z,
us,abc,https://abcnews.go.com/International/live-updates/israel-hamas-cease-fire-talks-hostages-war/,capture,20240921023502,local,,97901,,raw/abc/r2lb-549b5ccffc1e622f-20240921023502.html.gz,ok,,2026-10-06T09:21:24Z,
us,abc,https://abcnews.go.com/International/live-updates/israel-hamas-cease-fire-war-talks/,capture,20240918003407,local,,97849,,raw/abc/r2lb-41c1dfa42a9bdf30-20240918003407.html.gz,ok,,2026-10-06T09:21:24Z,
us,abc,https://abcnews.go.com/International/live-updates/israel-hamas-hostages-cease-fire-middle-east/,capture,20240920034658,local,,97910,,raw/abc/r2lb-29fe4576a87884e3-20240920034658.html.gz,ok,,2026-10-06T09:21:24Z,
us,abc,https://abcnews.go.com/International/live-updates/israel-hamas-war-cease-fire-hostages-latest/,capture,20240924033452,local,,98016,,raw/abc/r2lb-d6e45380c14e0778-20240924033452.html.gz,ok,,2026-10-06T09:21:24Z,
us,abc,https://abcnews.go.com/International/live-updates/israel-hamas-war-latest/?id=113717834,capture,20240920011922,local,,97886,,raw/abc/r2lb-61792504be76ec22-20240920011922.html.gz,ok,,2026-10-06T09:21:24Z,
us,abc,https://abcnews.go.com/International/live-updates/israel-hamas-war-netanyahu/,capture,20240920022422,local,,97949,,raw/abc/r2lb-e12c248f1408ff40-20240920022422.html.gz,ok,,2026-10-06T09:21:24Z,
us,abc,https://abcnews.go.com/International/live-updates/israel-hamas-war/,capture,20240920051124,local,,97741,,raw/abc/r2lb-315d94a8e69114a0-20240920051124.html.gz,ok,,2026-10-06T09:21:24Z,
