url,first_capture,source,event_candidate
https://www.cnn.com/2024/09/01/business/boeing-strike-threat/index.html,20240915005857,cdx,
https://www.cnn.com/2024/09/01/entertainment/adele-extended-break/index.html,20240915004748,cdx,
https://www.cnn.com/2024/09/01/health/emotional-eating-wellness/,20240915185914,cdx,
https://www.cnn.com/2024/09/01/health/emotional-eating-wellness/index.html,20240915133242,cdx,
https://www.cnn.com/2024/09/01/middleeast/helicopter-crash-iran-president-report-intl-latam/index.html,20240915035955,cdx,
https://www.cnn.com/2024/09/01/middleeast/israel-gaza-hostage-polin-goldberg-profile-intl-hnk/,20240915162320,cdx,
https://www.cnn.com/2024/09/01/middleeast/israel-gaza-wwk-hostages-killed-intl-hnk/,20240915193745,cdx,
https://www.cnn.com/2024/09/01/sport/jodie-grinham-paralympic-medal-pregnant-spt-intl/,20240915220758,cdx,
https://www.cnn.com/2024/09/01/sport/jodie-grinham-paralympic-medal-pregnant-spt-intl/index.html,20240915041112,cdx,
https://www.cnn.com/2024/09/01/style/crop-tops-middle-age-essay/,20240915193644,cdx,
https://www.cnn.com/2024/09/01/style/crop-tops-middle-age-essay/index.html,20240916125518,cdx,
https://www.cnn.com/2024/09/01/us/johnny-gaudreau-nhl-matthew-gaudreau-deaths,20240915135112,cdx,
https://www.cnn.com/2024/09/01/us/pinnacle-man-identified-five-decades/,20240915123125,cdx,
https://www.cnn.com/2024/09/01/us/timeline-sean-grayson-sonya-massey-dg/index.html?iid=cnn_buildContentRecirc_end_recirc,20240915121918,cdx,
https://www.cnn.com/2024/09/01/world/video/myanmar-extreme-poverty-selling-organs-digvid,20240915015425,cdx,
https://www.cnn.com/2024/09/02/americas/venezuela-seeks-arrest-opposition-gonzalez-intl-latam/,20240915022235,cdx,
https://www.cnn.com/2024/09/02/asia/camp-humphreys-us-south-korea-dst-intl-hnk/,20240916113909,cdx,
https://www.cnn.com/2024/09/02/asia/camp-humphreys-us-south-korea-dst-intl-hnk/index.html,20240915022630,cdx,
https://www.cnn.com/2024/09/02/entertainment/ian-mckellen-lord-rings-gandalf/index.html,20240916040541,cdx,
https://www.cnn.com/2024/09/02/health/phones-allowed-school-children-wellness/index.html,20240915051541,cdx,
https://www.cnn.com/2024/09/02/health/phones-allowed-school-children-wellness/index.html?iid=cnn_buildContentRecirc_end_recirc,20240915131613,cdx,
https://www.cnn.com/2024/09/02/investing/volkswagen-factory-closure-germany/index.html,20240915015021,cdx,
https://www.cnn.com/2024/09/02/middleeast/analysis-israel-hostage-killings-netanyahu-intl-latam/,20240915223312,cdx,
https://www.cnn.com/2024/09/02/middleeast/israel-general-strike-hostage-deal-intl-hnk/,20240915193745,cdx,
https://www.cnn.com/2024/09/02/politics/biden-reemerges-as-top-surrogate-for-harris-campaign/,20240916230702,cdx,
https://www.cnn.com/2024/09/02/politics/us-seizes-venezuela-president-maduros-airplane/,20240915022231,cdx,
https://www.cnn.com/2024/09/02/politics/us-seizes-venezuela-president-maduros-airplane/index.html,20240915191321,cdx,
https://www.cnn.com/2024/09/02/science/titanic-photos-show-major-decay-intl-scli/,20240915223454,cdx,
https://www.cnn.com/2024/09/02/science/titanic-photos-show-major-decay-intl-scli/index.html,20240916045939,cdx,
https://www.cnn.com/2024/09/02/sport/mohamed-salah-future-liverpool-manchester-united-spt-intl/index.html,20240915040927,cdx,
https://www.cnn.com/2024/09/02/sport/valentina-petrillo-transgender-paralympics-runner-spt-intl/,20240915025725,cdx,
https://www.cnn.com/2024/09/02/sport/valentina-petrillo-transgender-paralympics-runner-spt-intl/index.html,20240915025731,cdx,
https://www.cnn.com/2024/09/02/style/chidimma-adetshina-wins-nigeria-intl-scli/,20240915220835,cdx,
https://www.cnn.com/2024/09/02/style/chidimma-adetshina-wins-nigeria-intl-scli/index.html,20240916143640,cdx,
https://www.cnn.com/2024/09/02/style/israel-haifa-museum-boy-broken-jar-returns-intl-hnk/index.html,20240916033241,cdx,
https://www.cnn.com/2024/09/02/us/rancho-palos-verdes-power-outages/index.html,20240915160557,cdx,
https://www.cnn.com/2024/09/02/world/mbitu-killing-suspect-extradited-kenya-boston-cec/index.html,20240915013527,cdx,
https://www.cnn.com/2024/09/02/world/video/camp-humphreys-military-base-south-korea-ldn-digvid,20240915022704,cdx,
https://www.cnn.com/2024/09/02/world/video/ukraine-incursion-russia-mines-drones-pleitgen-ebof-digvid,20240916055118,cdx,
https://www.cnn.com/2024/09/02/world/video/ukraine-russia-unmanned-weapons-factory-amanpour-digvid,20240916055552,cdx,
https://www.cnn.com/2024/09/03/africa/dr-congo-prison-break-intl/index.html,20240915013339,cdx,
https://www.cnn.com/2024/09/03/americas/christmas-venezuela-october-maduro-intl-latam,20240915162921,cdx,
https://www.cnn.com/2024/09/03/americas/christmas-venezuela-october-maduro-intl-latam/index.html,20240915014039,cdx,
https://www.cnn.com/2024/09/03/business/hewlett-packard-uk-claim-mike-lynch/,20240915193707,cdx,
https://www.cnn.com/2024/09/03/cars/global-automakers-china-retreat-hnk-intl/,20240915203817,cdx,
https://www.cnn.com/2024/09/03/cars/global-automakers-china-retreat-hnk-intl/index.html,20240915033913,cdx,
https://www.cnn.com/2024/09/03/economy/us-supply-chains-holiday-inflation/index.html?utm_content=307062436&utm_medium=social&utm_source=twitter&hss_channel=tw-17214865,20240915233407,cdx,
https://www.cnn.com/2024/09/03/entertainment/matthew-perry-doctor-ketamine-queen/,20240916204206,cdx,
https://www.cnn.com/2024/09/03/entertainment/winona-ryder-catherine-ohara-beetlejuice-sequel-jenna-ortega/index.html,20240916125329,cdx,
https://www.cnn.com/2024/09/03/europe/english-channel-migrant-boat-deaths-intl/,20240915220758,cdx,
https://www.cnn.com/2024/09/03/health/chair-yoga-flexibility-stress-relief-wellness/,20240915193724,cdx,
https://www.cnn.com/2024/09/03/health/chair-yoga-flexibility-stress-relief-wellness/index.html,20240915133636,cdx,
https://www.cnn.com/2024/09/03/health/mobile-phones-brain-cancer-review-the-conversation-partner/index.html?iid=cnn_buildContentRecirc_end_recirc,20240915140141,cdx,
https://www.cnn.com/2024/09/03/investing/us-stocks-first-day-september/index.html,20240915014539,cdx,
https://www.cnn.com/2024/09/03/media/elon-musk-x-kamala-harris-trump-misinformation/,20240916145558,cdx,
https://www.cnn.com/2024/09/03/media/elon-musk-x-kamala-harris-trump-misinformation/index.html,20240915045350,cdx,
https://www.cnn.com/2024/09/03/politics/harris-economic-proposals,20240915163937,cdx,
https://www.cnn.com/2024/09/03/politics/jimmy-mccain-decries-trump-arlington-appearance/index.html,20240915004322,cdx,
https://www.cnn.com/2024/09/03/politics/trump-fact-checking-analysis/,20240915165552,cdx,
https://www.cnn.com/2024/09/03/style/china-detains-artist-gao-brothers-mao-intl-hnk/index.html,20240916125854,cdx,
https://www.cnn.com/2024/09/03/style/jennifer-garner-home-ad/,20240915222056,cdx,
https://www.cnn.com/2024/09/03/style/jennifer-garner-home-ad/index.html,20240915052734,cdx,
https://www.cnn.com/2024/09/03/style/video/new-york-moma-quest-qmb-digvid,20240915185920,cdx,
https://www.cnn.com/2024/09/03/travel/swiss-airline-first-class-seats-too-heavy/,20240915143652,cdx,
https://www.cnn.com/2024/09/03/travel/swiss-airline-first-class-seats-too-heavy/index.html,20240916042636,cdx,
https://www.cnn.com/2024/09/03/world/video/amanpour-dmytro-kuleba-ukraine-poltava,20240916055113,cdx,
https://www.cnn.com/2024/09/03/world/video/handguns-heist-australia-museum-digvid,20240915032702,cdx,
https://www.cnn.com/2024/09/03/world/video/russian-strike-facility-ukraine-pleitgen-digvid,20240915142815,cdx,
https://www.cnn.com/2024/09/03/world/video/video-us-marines-turkey-assaulted-digvid,20240915124822,cdx,
https://www.cnn.com/2024/09/03/world/video/yacht-rescue-australia-digvid,20240915222101,cdx,
https://www.cnn.com/2024/09/04/africa/boko-haram-nigeria-attack-intl/index.html,20240915013155,cdx,
https://www.cnn.com/2024/09/04/entertainment/glenn-close-deliverance/,20240915185908,cdx,
https://www.cnn.com/2024/09/04/entertainment/winona-ryder-keanu-reeves-husband-wife/index.html,20240916125003,cdx,
https://www.cnn.com/2024/09/04/europe/ukraine-safe-haven-city-family-killed-intl/index.html,20240915173647,cdx,
https://www.cnn.com/2024/09/04/food/mcdonalds-mcflurry-new-packaging-size/,20240916002853,cdx,
https://www.cnn.com/2024/09/04/health/suicide-prevention-month-important-facts-wellness/index.html,20240915140505,cdx,
https://www.cnn.com/2024/09/04/media/rupert-murdoch-lachlan-succession-court-news-outlets/index.html,20240915045158,cdx,
https://www.cnn.com/2024/09/04/middleeast/netanyahu-derailed-hostage-deal-in-july-intl/index.html,20240915035759,cdx,
https://www.cnn.com/2024/09/04/politics/cnn-polls-battleground-states/,20240915172054,cdx,
https://www.cnn.com/2024/09/04/politics/cnn-polls-battleground-states/index.html,20240915033736,cdx,
https://www.cnn.com/2024/09/04/politics/doj-alleges-russia-funded-company-linked-social-media-stars,20240915095530,cdx,
https://www.cnn.com/2024/09/04/politics/doj-alleges-russia-funded-company-linked-social-media-stars/index.html,20240915040816,cdx,
https://www.cnn.com/2024/09/04/politics/donald-trump-fact-check-children-gender-affirming-surgery/,20240915183820,cdx,
https://www.cnn.com/2024/09/04/politics/donald-trump-fact-check-children-gender-affirming-surgery/index.html,20240916180518,cdx,
https://www.cnn.com/2024/09/04/politics/harris-separate-biden-economy-trump/,20240916230738,cdx,
https://www.cnn.com/2024/09/04/politics/harris-trump-abc-debate-rules-microphones/index.html,20240915123433,cdx,
https://www.cnn.com/2024/09/04/politics/harris-trump-debate-prep/index.html,20240916042253,cdx,
https://www.cnn.com/2024/09/04/politics/kamala-harris-capital-gains-tax/,20240915125628,cdx,
https://www.cnn.com/2024/09/04/politics/ken-paxton-bexar-county-voter-registration/,20240916210836,cdx,
https://www.cnn.com/2024/09/04/politics/kfile-harris-border-wall-asylum-contradicts-progressive-immigration-positions/,20240915193704,cdx,
https://www.cnn.com/2024/09/04/politics/kfile-harris-border-wall-asylum-contradicts-progressive-immigration-positions/index.html,20240915062536,cdx,
https://www.cnn.com/2024/09/04/politics/nebraska-2nd-district-electoral-vote/,20240915162904,cdx,
https://www.cnn.com/2024/09/04/politics/nebraska-2nd-district-electoral-vote/index.html,20240915211131,cdx,
https://www.cnn.com/2024/09/04/politics/us-service-member-detained-venezuela/,20240915132228,cdx,
https://www.cnn.com/2024/09/04/politics/video/liz-cheney-kamala-harris-endorsement-digvid,20240916062038,cdx,
https://www.cnn.com/2024/09/04/politics/video/trump-debate-prep-harris-sot-cnc-digvid,20240916054346,cdx,
https://www.cnn.com/2024/09/04/science/asteroid-strike-philippines-luzon-island/index.html,20240916203626,cdx,
https://www.cnn.com/2024/09/04/science/pictish-ring-scotland-intl-scli/,20240915193707,cdx,
https://www.cnn.com/2024/09/04/sport/ezra-frech-paralympics-gold-double-intl-spt/,20240915222100,cdx,
https://www.cnn.com/2024/09/04/sport/uganda-olympian-rebecca-cheptegei-intl-hnk/index.html,20240915013710,cdx,
https://www.cnn.com/2024/09/04/tech/brazil-lula-elon-musk-x-suspension-hnk-intl/,20240916152747,cdx,
https://www.cnn.com/2024/09/04/tech/nvidia-is-in-trouble/,20240915203822,cdx,
https://www.cnn.com/2024/09/04/travel/southwest-airlines-companion-pass-promotion/,20240915203818,cdx,
https://www.cnn.com/2024/09/04/us/china-consul-general-ny-expelled/index.html,20240915142032,cdx,
https://www.cnn.com/2024/09/04/weather/china-typhoon-yagi-enteng-update-intl-hnk/,20240915185908,cdx,
https://www.cnn.com/2024/09/04/weather/china-typhoon-yagi-enteng-update-intl-hnk/index.html,20240915000911,cdx,
https://www.cnn.com/2024/09/05/americas/indigenous-tribe-kills-loggers-peru-intl-scli/,20240915123359,cdx,
https://www.cnn.com/2024/09/05/americas/indigenous-tribe-kills-loggers-peru-intl-scli/index.html,20240915013857,cdx,
https://www.cnn.com/2024/09/05/business/trump-economy-tariffs/,20240915162219,cdx,
https://www.cnn.com/2024/09/05/business/trump-economy-tariffs/index.html,20240915075227,cdx,
https://www.cnn.com/2024/09/05/business/trump-economy-tariffs/index.html?iid=cnn_buildContentRecirc_end_recirc,20240915203833,cdx,
https://www.cnn.com/2024/09/05/china/china-africa-forum-xi-speech-aid-pledge-intl-hnk/index.html,20240916061017,cdx,
https://www.cnn.com/2024/09/05/climate/hottest-summer-record-copernicus/,20240915185942,cdx,
https://www.cnn.com/2024/09/05/climate/hottest-summer-record-copernicus/index.html,20240915000128,cdx,
https://www.cnn.com/2024/09/05/europe/france-prime-minister-michel-barnier-intl/index.html,20240915033401,cdx,
https://www.cnn.com/2024/09/05/europe/italy-luxury-yacht-victims-autopsies-intl/,20240915222056,cdx,
https://www.cnn.com/2024/09/05/europe/italy-luxury-yacht-victims-autopsies-intl/index.html,20240916010426,cdx,
https://www.cnn.com/2024/09/05/europe/munich-police-shoot-armed-suspect-intl/index.html,20240915033652,cdx,
https://www.cnn.com/2024/09/05/europe/pope-francis-remarks-pets-children-intl,20240915105551,cdx,
https://www.cnn.com/2024/09/05/europe/pope-francis-remarks-pets-children-intl/index.html,20240915033939,cdx,
https://www.cnn.com/2024/09/05/europe/ukraine-army-chief-kursk-incursion-exclusive-intl/index.html,20240916072114,cdx,
https://www.cnn.com/2024/09/05/europe/vladimir-putin-kamala-harris-endorsement-intl/index.html,20240915032807,cdx,
https://www.cnn.com/2024/09/05/health/anti-racism-daily-practice-jennifer-harvey-wellness/,20240915193641,cdx,
https://www.cnn.com/2024/09/05/health/anti-racism-daily-practice-jennifer-harvey-wellness/index.html,20240915132712,cdx,
https://www.cnn.com/2024/09/05/health/covid-vaccine-cost-pharmacies,20240916113849,cdx,
https://www.cnn.com/2024/09/05/investing/opec-extend-oil-output-cuts/index.html,20240915014105,cdx,
https://www.cnn.com/2024/09/05/investing/stocks-jobs-report/index.html,20240915013621,cdx,
https://www.cnn.com/2024/09/05/media/white-house-condemns-tucker-carlson-nazi-propaganda-interview/,20240915152100,cdx,
https://www.cnn.com/2024/09/05/media/white-house-condemns-tucker-carlson-nazi-propaganda-interview/index.html,20240915045006,cdx,
https://www.cnn.com/2024/09/05/politics/investigators-seized-phones-top-nyc-officials-homes/,20240916111925,cdx,
https://www.cnn.com/2024/09/05/sport/ugandan-olympian-rebecca-cheptegei-dies-intl/index.html,20240915012957,cdx,
https://www.cnn.com/2024/09/05/style/burj-azizi-dubai-second-tallest-building-hnk-spc-intl/index.html,20240915052310,cdx,
https://www.cnn.com/2024/09/05/style/konstantin-chaykin-thinking-worlds-thinnest-watch/,20240915225918,cdx,
https://www.cnn.com/2024/09/05/style/konstantin-chaykin-thinking-worlds-thinnest-watch/index.html,20240915162938,cdx,
https://www.cnn.com/2024/09/05/style/plaid-school-uniforms-dress-codes/index.html,20240916125700,cdx,
https://www.cnn.com/2024/09/05/us/china-new-york-envoy-intl-hnk/index.html?iid=cnn_buildContentRecirc_end_recirc,20240915141612,cdx,
https://www.cnn.com/2024/09/05/us/victims-apalachee-high-school-shooting/,20240915133649,cdx,
https://www.cnn.com/2024/09/05/us/video/california-murder-confession-investigation-prokupecz-ac360-pkg,20240915142127,cdx,
https://www.cnn.com/2024/09/05/us/winder-georgia-shooting-apalachee-high-school/,20240916171258,cdx,
https://www.cnn.com/2024/09/05/us/winder-georgia-shooting-apalachee-high-school/index.html,20240915025455,cdx,
https://www.cnn.com/2024/09/05/world/video/pope-children-pets-indonesia-ldn-digvid,20240915014612,cdx,
https://www.cnn.com/2024/09/05/world/video/ukraine-russia-war-syrskyi-amanpour-ldn-digvid,20240916003847,cdx,
https://www.cnn.com/2024/09/05/world/video/ukrainian-soldiers-executed-russia-ebof-digvid,20240915032511,cdx,
https://www.cnn.com/2024/09/06/business/ceos-support-kamala-harris/,20240916132049,cdx,
https://www.cnn.com/2024/09/06/business/cleveland-cliffs-us-steel-offer/index.html,20240915021358,cdx,
https://www.cnn.com/2024/09/06/business/japan-7-eleven-rejects-merger-offer-intl-hnk,20240915022623,cdx,
https://www.cnn.com/2024/09/06/business/japan-7-eleven-rejects-merger-offer-intl-hnk/index.html,20240915022137,cdx,
https://www.cnn.com/2024/09/06/business/pwc-tracking-employees-office-gbr-scli-intl/,20240915193939,cdx,
https://www.cnn.com/2024/09/06/china/china-africa-us-xi-jinping-intl-hnk/,20240915222055,cdx,
https://www.cnn.com/2024/09/06/economy/us-jobs-report-august-final/,20240915142458,cdx,
https://www.cnn.com/2024/09/06/entertainment/catherine-ohara-bizarre-movie-moms-beetlejuice/index.html,20240916124813,cdx,
https://www.cnn.com/2024/09/06/entertainment/secret-lives-of-mormon-wives-show/index.html,20240916014242,cdx,
https://www.cnn.com/2024/09/06/europe/video-russia-surrendering-ukrainian-soldiers-killed-intl-cmd/index.html,20240916005554,cdx,
https://www.cnn.com/2024/09/06/health/parents-phone-addiction-wellness/index.html,20240915132218,cdx,
https://www.cnn.com/2024/09/06/health/valley-fever-lightning-in-a-bottle-california/index.html,20240916234546,cdx,
https://www.cnn.com/2024/09/06/middleeast/american-activist-killed-west-bank-intl/,20240915193745,cdx,
https://www.cnn.com/2024/09/06/middleeast/american-activist-killed-west-bank-intl/index.html,20240915005327,cdx,
https://www.cnn.com/2024/09/06/politics/child-care-trump-what-matters/,20240915042013,cdx,
https://www.cnn.com/2024/09/06/politics/dick-cheney-kamala-harris-president/,20240915132109,cdx,
https://www.cnn.com/2024/09/06/politics/dick-cheney-kamala-harris-president/index.html,20240916082009,cdx,
https://www.cnn.com/2024/09/06/politics/gaza-ceasefire-talks-roadblocks-white-house/,20240916220742,cdx,
https://www.cnn.com/2024/09/06/politics/jd-vance-school-shootings-security/index.html,20240915113827,cdx,
https://www.cnn.com/2024/09/06/politics/judge-delays-trumps-sentencing/,20240916162339,cdx,
https://www.cnn.com/2024/09/06/politics/justice-alito-financial-disclosure/,20240915220803,cdx,
https://www.cnn.com/2024/09/06/politics/justice-alito-financial-disclosure/index.html,20240915004605,cdx,
https://www.cnn.com/2024/09/06/politics/kamala-harris-august-fundraising/,20240915121412,cdx,
https://www.cnn.com/2024/09/06/politics/kamala-harris-august-fundraising/index.html,20240915043049,cdx,
https://www.cnn.com/2024/09/06/politics/trump-battleground-spending/index.html,20240916042316,cdx,
https://www.cnn.com/2024/09/06/politics/video/childcare-trump-vance-policy-reshma-saujani-lead-digvid,20240915065903,cdx,
https://www.cnn.com/2024/09/06/politics/video/the-lead-donald-trump-2024-campaign-election-child-care-jake-tapper,20240915145016,cdx,
https://www.cnn.com/2024/09/06/science/boeing-starliner-return-without-astronauts/index.html,20240916142833,cdx,
https://www.cnn.com/2024/09/06/science/pregnant-porbeagle-shark-eaten/,20240915192740,cdx,
https://www.cnn.com/2024/09/06/science/pregnant-porbeagle-shark-eaten/index.html,20240915145936,cdx,
https://www.cnn.com/2024/09/06/science/video/nasa-boeing-starliner-capsule-fisher-sitroom-digvid,20240916142833,cdx,
https://www.cnn.com/2024/09/06/sport/ali-truwit-swimming-shark-paralympics-spt-intl/,20240915125958,cdx,
https://www.cnn.com/2024/09/06/sport/china-japan-world-cup-qualifier-backlash-intl-hnk-spt/index.html,20240915021751,cdx,
https://www.cnn.com/2024/09/06/sport/chuck-aoki-paralympics-silver-japan-spt-intl/,20240915142717,cdx,
https://www.cnn.com/2024/09/06/sport/michael-palfrey-australia-swimming-olympics-spt-intl/index.html,20240915025330,cdx,
https://www.cnn.com/2024/09/06/sport/nfl-season-opener-chiefs-ravens-spt-intl/,20240915112257,cdx,
https://www.cnn.com/2024/09/06/sport/video/olympian-murder-rebecca-cheptegei-athlete-femicide-problem-kenya-davies-pkg-digvid,20240916033532,cdx,
https://www.cnn.com/2024/09/06/style/video/pharrell-g-dragon-private-collection-digvid,20240915220835,cdx,
https://www.cnn.com/2024/09/06/style/worlds-most-iconic-tennis-courts/,20240915220835,cdx,
https://www.cnn.com/2024/09/06/style/worlds-most-iconic-tennis-courts/index.html,20240915052037,cdx,
https://www.cnn.com/2024/09/06/us/colin-gray-georgia-shooting-suspect-father-charges/,20240916142523,cdx,
https://www.cnn.com/2024/09/06/us/death-penalty-challenged-by-kohberger-idaho-quadruple-murder-case/,20240916215440,cdx,
https://www.cnn.com/2024/09/06/us/video/veterans-housing-los-angeles-judge-ruling-va-watt-dnt-digvid,20240915152946,cdx,
https://www.cnn.com/2024/09/06/weather/hurricane-season-atlantic-storms-climate/index.html,20240915001626,cdx,
https://www.cnn.com/2024/09/06/world/rebecca-cheptegei-killed-female-runners-kenya-cec/,20240915203824,cdx,
https://www.cnn.com/2024/09/07/africa/girls-school-fire-kenya-intl-latam/,20240915220803,cdx,
https://www.cnn.com/2024/09/07/africa/girls-school-fire-kenya-intl-latam/index.html,20240915041721,cdx,
https://www.cnn.com/2024/09/07/americas/venezuelan-security-forces-surround-argentine-embassy-intl/index.html,20240915162920,cdx,
https://www.cnn.com/2024/09/07/asia/pope-francis-papua-new-guinea-intl/,20240915055229,cdx,
https://www.cnn.com/2024/09/07/business/video/anna-delvey-sorokin-dancing-with-the-starts-the-view-digvid,20240915134511,cdx,
https://www.cnn.com/2024/09/07/europe/germany-train-disruptions-intl-latam/,20240915220803,cdx,
https://www.cnn.com/2024/09/07/europe/germany-train-disruptions-intl-latam/index.html,20240916005113,cdx,
https://www.cnn.com/2024/09/07/europe/ukraine-thermite-dragon-drones-intl-hnk-ml/index.html,20240915002557,cdx,
https://www.cnn.com/2024/09/07/media/tenet-media-russia-rt-tim-pool-dave-rubin-lauren-chen/index.html,20240915102645,cdx,
https://www.cnn.com/2024/09/07/media/tenet-media-russia-rt-tim-pool-dave-rubin-lauren-chen?cid=ios_app,20240916091902,cdx,
https://www.cnn.com/2024/09/07/middleeast/israel-bedouins-arabs-unrecognized-villages-neglected-hamas-war-mime-intl/,20240915193745,cdx,
https://www.cnn.com/2024/09/07/politics/elections-voting-security-what-matters/,20240915223729,cdx,
https://www.cnn.com/2024/09/07/politics/elections-voting-security-what-matters/index.html,20240915025226,cdx,
https://www.cnn.com/2024/09/07/politics/video/axelrod-harris-trump-debate-smr-digvid,20240916122946,cdx,
https://www.cnn.com/2024/09/07/sport/team-usa-paralympics-spt-intl/,20240915220758,cdx,
https://www.cnn.com/2024/09/07/travel/video/most-romantic-destinations-women-travelers-digvid-cprog,20240915040340,cdx,
https://www.cnn.com/2024/09/07/uk/cia-mi6-heads-appearance-london-intl-gbr/,20240915220758,cdx,
https://www.cnn.com/2024/09/07/us/kentucky-interstate-75-shooting/,20240915193707,cdx,
https://www.cnn.com/2024/09/07/world/video/ukraine-dragon-drones-pleitgen-nr-digvid,20240915002617,cdx,
https://www.cnn.com/2024/09/08/africa/fuel-tanker-explosion-nigeria-intl-latam/,20240915220803,cdx,
https://www.cnn.com/2024/09/08/africa/fuel-tanker-explosion-nigeria-intl-latam/index.html,20240915041427,cdx,
https://www.cnn.com/2024/09/08/americas/venezuela-opposition-candidate-gonzalez-spain-intl-hnk/,20240915023715,cdx,
https://www.cnn.com/2024/09/08/asia/fugitive-preacher-quiboloy-arrested-philippines-intl/index.html,20240915030421,cdx,
https://www.cnn.com/2024/09/08/asia/typhoon-yagi-vietnam-china-philippines-intl/index.html,20240915030740,cdx,
https://www.cnn.com/2024/09/08/climate/regreen-desert-sinai-egypt/,20240915220803,cdx,
https://www.cnn.com/2024/09/08/climate/regreen-desert-sinai-egypt/index.html,20240915183409,cdx,
https://www.cnn.com/2024/09/08/entertainment/dont-tell-comedy-stand-up-cec/index.html,20240916124300,cdx,
https://www.cnn.com/2024/09/08/europe/amanpour-general-oleksandr-syrskyi-interview-read-transcript-intl/,20240915202117,cdx,
https://www.cnn.com/2024/09/08/europe/amanpour-general-oleksandr-syrskyi-interview-read-transcript-intl/index.html,20240915002409,cdx,
https://www.cnn.com/2024/09/08/europe/ukraine-military-morale-desertion-intl-cmd/index.html,20240916052843,cdx,
https://www.cnn.com/2024/09/08/media/directv-disney-nfl-fcc/,20240915032353,cdx,
https://www.cnn.com/2024/09/08/middleeast/israeli-airstrikes-syria-intl-latam/,20240915193653,cdx,
https://www.cnn.com/2024/09/08/politics/kamala-harris-donald-trump-debate/index.html?iid=cnn_buildContentRecirc_end_recirc,20240915220806,cdx,
https://www.cnn.com/2024/09/08/politics/trump-threatens-prosecution-2024-election-officials/,20240915220807,cdx,
https://www.cnn.com/2024/09/08/politics/video/fareeds-take-us-election-economy-populism-digvid,20240915004415,cdx,
https://www.cnn.com/2024/09/08/politics/video/pete-buttigieg-harris-trump-debate-sotu-digvid,20240916151033,cdx,
https://www.cnn.com/2024/09/08/politics/video/sotu-fetterman-pennsylvania-voters-full,20240916133438,cdx,
https://www.cnn.com/2024/09/08/sport/lyudmyla-kichenok-wedding-us-open-doubles-spt-intl/,20240915115723,cdx,
https://www.cnn.com/2024/09/08/sport/rebecca-cheptegei-tribute-paris-olympian-uganda-spt-intl/index.html,20240915011237,cdx,
https://www.cnn.com/2024/09/08/sport/video/aryna-sabalenka-us-open-scholes-intv-digvid,20240915130809,cdx,
https://www.cnn.com/2024/09/08/sport/video/jannik-sinner-us-open-win-scholes-digvid,20240915222054,cdx,
https://www.cnn.com/2024/09/08/style/maine-auction-attic-portrait-rembrandt/,20240915220835,cdx,
https://www.cnn.com/2024/09/08/style/maine-auction-attic-portrait-rembrandt/index.html,20240915160503,cdx,
https://www.cnn.com/2024/09/08/style/pharrell-williams-joopiter-g-dragon-k-pop-seoul-auction-hnk-intl/,20240915225854,cdx,
https://www.cnn.com/2024/09/08/style/pharrell-williams-joopiter-g-dragon-k-pop-seoul-auction-hnk-intl/index.html,20240915162247,cdx,
https://www.cnn.com/2024/09/08/travel/video/krispy-kreme-donuts-south-korea-camp-humphreys-digvid,20240915222100,cdx,
https://www.cnn.com/2024/09/08/travel/why-people-are-making-videos-of-their-airport-trays-now/,20240916000725,cdx,
https://www.cnn.com/2024/09/08/travel/why-people-are-making-videos-of-their-airport-trays-now/index.html,20240915182821,cdx,
https://www.cnn.com/2024/09/08/us/linda-sun-new-york-china-investigation/,20240915222100,cdx,
https://www.cnn.com/2024/09/08/us/linda-sun-new-york-china-investigation/index.html,20240915014428,cdx,
https://www.cnn.com/2024/09/08/us/linda-sun-new-york-china-investigation/index.html?iid=cnn_buildContentRecirc_end_recirc,20240916000632,cdx,
https://www.cnn.com/2024/09/08/weather/line-fire-california-and-nevada-wildfires-heat/index.html,20240915001246,cdx,
https://www.cnn.com/2024/09/09/africa/sudan-airstrike-market-intl/,20240915220803,cdx,
https://www.cnn.com/2024/09/09/africa/sudan-airstrike-market-intl/index.html,20240915041154,cdx,
https://www.cnn.com/2024/09/09/australia/australia-man-wanted-baby-coffee-attack-hnk-intl/,20240915185941,cdx,
https://www.cnn.com/2024/09/09/australia/australia-man-wanted-baby-coffee-attack-hnk-intl/index.html,20240915031533,cdx,
https://www.cnn.com/2024/09/09/australia/australia-man-wanted-baby-coffee-attack-hnk-intl/index.html?iid=cnn_buildContentRecirc_end_recirc,20240915214550,cdx,
https://www.cnn.com/2024/09/09/business/directv-switch-sling-fubo/,20240915032351,cdx,
https://www.cnn.com/2024/09/09/business/googles-search-business-was-declared-to-be-a-monopoly-now-its-ad-business-is-on-trial/index.html,20240915085453,cdx,
https://www.cnn.com/2024/09/09/business/trump-stock-truth-social/index.html,20240915093609,cdx,
https://www.cnn.com/2024/09/09/business/uk-local-government-financial-collapse/,20240915193707,cdx,
https://www.cnn.com/2024/09/09/business/uk-local-government-financial-collapse/index.html,20240915040731,cdx,
https://www.cnn.com/2024/09/09/business/video/iphone-16-apple-event-ai-release-event-digvid,20240915095234,cdx,
https://www.cnn.com/2024/09/09/business/video/new-apple-watch-10-ultra-2-release-digvid,20240915095225,cdx,
https://www.cnn.com/2024/09/09/business/video/saudi-arabia-esports-economy-spc,20240915094134,cdx,
https://www.cnn.com/2024/09/09/china/china-mars-mission-tianwen-3-intl-hnk/,20240915130646,cdx,
https://www.cnn.com/2024/09/09/entertainment/bruce-springsteen-patti-scialfa-cancer/index.html,20240916040350,cdx,
https://www.cnn.com/2024/09/09/entertainment/jack-white-meg-white-trump-seven-nation-army/index.html,20240916123937,cdx,
https://www.cnn.com/2024/09/09/entertainment/james-earl-jones-death/,20240915113812,cdx,
https://www.cnn.com/2024/09/09/entertainment/james-earl-jones-death/index.html,20240916012922,cdx,
https://www.cnn.com/2024/09/09/entertainment/kendrick-lamar-compton-to-super-bowl/index.html,20240916121701,cdx,
https://www.cnn.com/2024/09/09/entertainment/video/hollywood-entertainment-movies-venice-film-festival-nicole-kidman-wolf-man-trailer-jamie-foxx-comedy-special,20240915133105,cdx,
https://www.cnn.com/2024/09/09/entertainment/video/james-earl-jones-dead-obituary-lead-digvid,20240916123756,cdx,
https://www.cnn.com/2024/09/09/health/apple-juice-recall-arsenic/index.html,20240916012935,cdx,
https://www.cnn.com/2024/09/09/health/energy-drinks-caffeine-dangers-wellness/index.html,20240915011958,cdx,
https://www.cnn.com/2024/09/09/health/mammogram-breast-density-fda-wellness/,20240915223401,cdx,
https://www.cnn.com/2024/09/09/health/mammogram-breast-density-fda-wellness/index.html,20240915122505,cdx,
https://www.cnn.com/2024/09/09/health/mental-health-parity-rule/,20240915132044,cdx,
https://www.cnn.com/2024/09/09/health/pandemic-teen-brain-aging-study-wellness/,20240916155638,cdx,
https://www.cnn.com/2024/09/09/health/pfas-explainer-wellness/,20240915193641,cdx,
https://www.cnn.com/2024/09/09/health/pfas-explainer-wellness/index.html,20240915131753,cdx,
https://www.cnn.com/2024/09/09/homepage/video/airpods-pro-2-apple-event-hearing-loss-digvid,20240915002032,cdx,
https://www.cnn.com/2024/09/09/investing/dow-gains-600-points-as/,20240915223336,cdx,
https://www.cnn.com/2024/09/09/investing/dow-gains-600-points-as/index.html,20240915013107,cdx,
https://www.cnn.com/2024/09/09/media/washington-post-homepage-redesign-will-lewis/index.html,20240915044812,cdx,
https://www.cnn.com/2024/09/09/middleeast/gaza-humanitarian-crisis-sanitation-mime-intl/,20240916124400,cdx,
https://www.cnn.com/2024/09/09/middleeast/gaza-khan-younis-israel-strike-intl-latam/,20240915223312,cdx,
https://www.cnn.com/2024/09/09/middleeast/gaza-khan-younis-israel-strike-intl-latam/index.html,20240916011117,cdx,
https://www.cnn.com/2024/09/09/middleeast/israel-gaza-united-nations-convoy-intl-latam/,20240915223312,cdx,
https://www.cnn.com/2024/09/09/middleeast/israel-gaza-united-nations-convoy-intl-latam/index.html,20240915035604,cdx,
https://www.cnn.com/2024/09/09/politics/fact-check-trump-vance-tariffs/,20240915042003,cdx,
https://www.cnn.com/2024/09/09/politics/fact-check-trump-vance-tariffs/index.html,20240915061951,cdx,
https://www.cnn.com/2024/09/09/politics/georgia-election-board-rules/,20240915220755,cdx,
https://www.cnn.com/2024/09/09/politics/harris-trump-immigration-crime-analysis/index.html,20240915063041,cdx,
https://www.cnn.com/2024/09/09/politics/harris-trump-immigration-crime-analysis/index.html?iid=cnn_buildContentRecirc_end_recirc,20240915220806,cdx,
https://www.cnn.com/2024/09/09/politics/kfile-harris-pledged-support-in-2019-to-cut-ice-funding-and-provide-transgender-surgery-to-detained-migrants/,20240915085158,cdx,
https://www.cnn.com/2024/09/09/politics/kfile-harris-pledged-support-in-2019-to-cut-ice-funding-and-provide-transgender-surgery-to-detained-migrants/index.html,20240915020844,cdx,
https://www.cnn.com/2024/09/09/politics/kfile-harris-pledged-support-in-2019-to-cut-ice-funding-and-provide-transgender-surgery-to-detained-migrants/index.html?utm_medium=email&utm_source=ncl_amplify&utm_campaign=240910-keep_these_facts_in_mind_tonight&utm_content=ncl-EUNgD9DCdB&_nlid=EUNgD9DCdB&_nhids=ZZR5ilgP,20240916040437,cdx,
https://www.cnn.com/2024/09/09/politics/republicans-vance-hatian-immigrants-pets-rumors/,20240915133820,cdx,
https://www.cnn.com/2024/09/09/politics/rfk-jr-removed-ballots-north-carolina-supreme-court/,20240915141934,cdx,
https://www.cnn.com/2024/09/09/politics/tuberville-hold-promotion-top-austin-aide/index.html,20240915034742,cdx,
https://www.cnn.com/2024/09/09/politics/video/liz-cheney-nikki-haley-trump-digvid,20240915023819,cdx,
https://www.cnn.com/2024/09/09/science/polaris-dawn-launch-attempt-weather/index.html?iid=cnn_buildContentRecirc_end_recirc,20240915140930,cdx,
https://www.cnn.com/2024/09/09/science/pterosaur-flight-flapping-soaring/,20240915190024,cdx,
https://www.cnn.com/2024/09/09/science/pterosaur-flight-flapping-soaring/index.html,20240916045400,cdx,
https://www.cnn.com/2024/09/09/sport/gallery/nfl-2024-season/index.html,20240915183936,cdx,
https://www.cnn.com/2024/09/09/sport/joint-funeral-johnny-matthew-gaudreau-spt-intl/index.html,20240916004207,cdx,
https://www.cnn.com/2024/09/09/sport/nations-league-sunday-review-ronaldo-spt-intl/,20240915193707,cdx,
https://www.cnn.com/2024/09/09/sport/tyreek-hill-detaining-drew-rosenhaus-dolphins-spt-intl,20240915041950,cdx,
https://www.cnn.com/2024/09/09/style/north-carolina-us-constitution-auction/,20240915220835,cdx,
https://www.cnn.com/2024/09/09/style/north-carolina-us-constitution-auction/index.html,20240915134444,cdx,
https://www.cnn.com/2024/09/09/style/nyfw-ss25-highlights/,20240915222056,cdx,
https://www.cnn.com/2024/09/09/style/nyfw-ss25-highlights/index.html,20240915043642,cdx,
https://www.cnn.com/2024/09/09/tech/china-huawei-max-xt-launch-intl-hnk/,20240915203820,cdx,
https://www.cnn.com/2024/09/09/tech/china-huawei-max-xt-launch-intl-hnk/index.html,20240915033513,cdx,
https://www.cnn.com/2024/09/09/tech/new-iphone-16-apple-release/,20240915192121,cdx,
https://www.cnn.com/2024/09/09/travel/hikers-arrested-hawaii-haiku-stairs-intl-hnk/,20240915203810,cdx,
https://www.cnn.com/2024/09/09/travel/hikers-arrested-hawaii-haiku-stairs-intl-hnk/index.html,20240915154713,cdx,
https://www.cnn.com/2024/09/09/travel/madrid-electric-scooter-ban-scli-intl/,20240915223311,cdx,
https://www.cnn.com/2024/09/09/travel/madrid-electric-scooter-ban-scli-intl/index.html,20240916043202,cdx,
https://www.cnn.com/2024/09/09/travel/national-park-rangers-call-out-world-changing-impact-of-dropped-cheetos-bag/,20240915223311,cdx,
https://www.cnn.com/2024/09/09/us/apalachee-school-shooting-unfolded/,20240916170424,cdx,
https://www.cnn.com/2024/09/09/us/apalachee-school-shooting-unfolded/index.html,20240916133438,cdx,
https://www.cnn.com/2024/09/09/us/bryan-kohberger-idaho-murders-trial-venue-change/,20240916215457,cdx,
https://www.cnn.com/2024/09/09/us/kentucky-i-75-shooting-suspect-search-monday/index.html?iid=cnn_buildContentRecirc_end_recirc,20240915222044,cdx,
https://www.cnn.com/2024/09/09/us/video/nypd-buglary-suspect-police-rescue-digvid,20240916223059,cdx,
https://www.cnn.com/2024/09/09/us/wildfires-spread-california-nevada-monday/index.html,20240916235645,cdx,
https://www.cnn.com/2024/09/09/weather/tropical-storm-francine-hurricane-forecast-climate/index.html,20240915001100,cdx,
https://www.cnn.com/2024/09/09/weather/typhoon-yagi-vietnam-floods-deaths-intl/,20240915185908,cdx,
https://www.cnn.com/2024/09/09/weather/typhoon-yagi-vietnam-floods-deaths-intl/index.html,20240915001443,cdx,
https://www.cnn.com/2024/09/09/world/video/africas-alternative-music-scene-african-voices-spc,20240915011438,cdx,
https://www.cnn.com/2024/09/09/world/video/australia-manhunt-burn-baby-coffee-digvid,20240915032650,cdx,
https://www.cnn.com/2024/09/09/world/video/ukrainian-prisoners-forces-russia-war-pleitgen-dnt-digvid,20240915050741,cdx,
https://www.cnn.com/2024/09/10/africa/ugandan-olympian-alleged-killer-dies-intl/index.html,20240915040902,cdx,
https://www.cnn.com/2024/09/10/americas/free-kshamenk-last-captive-orca-latin-america-intl-latam/index.html,20240915042823,cdx,
https://www.cnn.com/2024/09/10/americas/mexico-judicial-reform-debate-senate-intl-latam/index.html,20240915042546,cdx,
https://www.cnn.com/2024/09/10/asia/singapore-debt-australia-casino-hnk-intl/,20240915222101,cdx,
https://www.cnn.com/2024/09/10/business/abc-news-presidential-debate-trump-harris,20240915190114,cdx,
https://www.cnn.com/2024/09/10/business/abc-news-presidential-debate-trump-harris/index.html,20240915091814,cdx,
https://www.cnn.com/2024/09/10/business/bmw-outlook-brake-issues-china-demand/index.html,20240915091254,cdx,
https://www.cnn.com/2024/09/10/business/campbell-soup-company-name/,20240915040400,cdx,
https://www.cnn.com/2024/09/10/business/campbell-soup-company-name/index.html,20240915113005,cdx,
https://www.cnn.com/2024/09/10/business/starbucks-ceo-brian-niccol/index.html,20240915090036,cdx,
https://www.cnn.com/2024/09/10/business/video/polaris-dawn-spacex-mission-launch-digvid,20240915094732,cdx,
https://www.cnn.com/2024/09/10/economy/economy-plans-trump-harris/,20240915162920,cdx,
https://www.cnn.com/2024/09/10/economy/economy-plans-trump-harris/index.html,20240916084154,cdx,
https://www.cnn.com/2024/09/10/entertainment/beyonce-gq-cover-story/index.html,20240916123602,cdx,
https://www.cnn.com/2024/09/10/entertainment/dave-grohl-daughter-outside-marriage/,20240915190002,cdx,
https://www.cnn.com/2024/09/10/entertainment/joe-biden-james-earl-jones-stutter/,20240915222050,cdx,
https://www.cnn.com/2024/09/10/entertainment/taylor-swift-endorsement-kamala-harris/,20240915215131,cdx,
https://www.cnn.com/2024/09/10/entertainment/travis-kelce-aaron-eanes-hollywood/index.html,20240916124630,cdx,
https://www.cnn.com/2024/09/10/europe/ukraine-drone-strikes-moscow-intl/index.html,20240916052647,cdx,
https://www.cnn.com/2024/09/10/food/amazon-saver-launch-prices/index.html,20240915093029,cdx,
https://www.cnn.com/2024/09/10/health/college-student-mental-health-wellness/,20240915193724,cdx,
https://www.cnn.com/2024/09/10/health/college-student-mental-health-wellness/index.html,20240915130622,cdx,
https://www.cnn.com/2024/09/10/health/exercise-fat-storage-wellness/,20240915134405,cdx,
https://www.cnn.com/2024/09/10/health/exercise-fat-storage-wellness/index.html,20240915131216,cdx,
https://www.cnn.com/2024/09/10/health/fda-tampons-heavy-metals-wellness/,20240915223401,cdx,
https://www.cnn.com/2024/09/10/health/fda-tampons-heavy-metals-wellness/index.html,20240915130141,cdx,
https://www.cnn.com/2024/09/10/health/liraglutide-weight-loss-younger-children/,20240915193641,cdx,
https://www.cnn.com/2024/09/10/health/liraglutide-weight-loss-younger-children/index.html,20240915135945,cdx,
https://www.cnn.com/2024/09/10/middleeast/hezbollah-commander-killed-israeli-airstrike-intl-latam/index.html,20240915034743,cdx,
https://www.cnn.com/2024/09/10/middleeast/israel-military-american-activist-west-bank-intl/,20240915193745,cdx,
https://www.cnn.com/2024/09/10/middleeast/israel-military-american-activist-west-bank-intl/index.html,20240915042441,cdx,
https://www.cnn.com/2024/09/10/middleeast/yahya-sinwar-safe-passage-israel-intl-latam/index.html?iid=cnn_buildContentRecirc_end_recirc,20240915115342,cdx,
https://www.cnn.com/2024/09/10/politics/andrew-cuomo-house-panel-pandemic-response/,20240915121214,cdx,
https://www.cnn.com/2024/09/10/politics/andrew-cuomo-house-panel-pandemic-response/index.html?iid=cnn_buildContentRecirc_end_recirc,20240915140026,cdx,
https://www.cnn.com/2024/09/10/politics/biden-israeli-killing-of-american-activist/,20240915020716,cdx,
https://www.cnn.com/2024/09/10/politics/debate-takeaways-trump-harris/,20240915133815,cdx,
https://www.cnn.com/2024/09/10/politics/debate-takeaways-trump-harris/index.html,20240916052431,cdx,
https://www.cnn.com/2024/09/10/politics/fact-check-debate-trump-harris/,20240915033844,cdx,
https://www.cnn.com/2024/09/10/politics/fact-check-debate-trump-harris/index.html,20240915061702,cdx,
https://www.cnn.com/2024/09/10/politics/iran-sanctions-ukraine-russia-blinken/index.html,20240915002218,cdx,
https://www.cnn.com/2024/09/10/politics/jd-vance-haitian-immigrants/,20240915164003,cdx,
https://www.cnn.com/2024/09/10/politics/mike-johnson-donald-trump-daylight-intv/,20240916113726,cdx,
https://www.cnn.com/2024/09/10/politics/mike-johnson-donald-trump-daylight-intv/index.html?iid=cnn_buildContentRecirc_end_recirc,20240915131317,cdx,
https://www.cnn.com/2024/09/10/politics/new-hampshire-election-kelly-ayotte-sununu/,20240915185920,cdx,
https://www.cnn.com/2024/09/10/politics/preview-debate-trump-harris/index.html,20240915061704,cdx,
https://www.cnn.com/2024/09/10/politics/republicans-urge-biden-lift-restrictions-ukraine-targets-inside-russia/index.html,20240915002017,cdx,
https://www.cnn.com/2024/09/10/politics/speaking-times-harris-trump-debate-dg/index.html,20240916234116,cdx,
https://www.cnn.com/2024/09/10/politics/video/abortion-trump-harris-debate-abc-news-digvid,20240915061709,cdx,
https://www.cnn.com/2024/09/10/politics/video/chris-wallace-reaction-performance-trump-harris-debate-abc-news-digvid,20240915144855,cdx,
https://www.cnn.com/2024/09/10/politics/video/economy-handshake-trump-harris-debate-abc-news-digvid,20240915082547,cdx,
https://www.cnn.com/2024/09/10/politics/video/immigrants-eating-pets-trump-harris-debate-abc-news-digvid,20240915180206,cdx,
https://www.cnn.com/2024/09/10/politics/video/maga-hat-policy-trump-harris-debate-abc-news-digvid,20240915061706,cdx,
https://www.cnn.com/2024/09/10/politics/video/van-jones-reaction-trump-harris-debate-abc-news-digvid,20240916010617,cdx,
https://www.cnn.com/2024/09/10/science/nuclear-clocks-timekeeping-precision/,20240916000725,cdx,
https://www.cnn.com/2024/09/10/science/nuclear-clocks-timekeeping-precision/index.html,20240915145419,cdx,
https://www.cnn.com/2024/09/10/science/polaris-dawn-mission-spacex-launch/index.html,20240915094736,cdx,
https://www.cnn.com/2024/09/10/science/spacex-polaris-dawn-mission-height-apogee/,20240915065414,cdx,
https://www.cnn.com/2024/09/10/sport/djokovic-nadal-federer-mens-tennis-change-impact-spt-intl/,20240915222054,cdx,
https://www.cnn.com/2024/09/10/sport/raygun-ranked-number-one-breaker-spt-intl/,20240915185940,cdx,
https://www.cnn.com/2024/09/10/sport/raygun-ranked-number-one-breaker-spt-intl/index.html,20240915004036,cdx,
https://www.cnn.com/2024/09/10/sport/tyreek-hill-what-we-know-miami-dolphins-detainment-spt/,20240916204236,cdx,
https://www.cnn.com/2024/09/10/sport/tyreek-hill-what-we-know-miami-dolphins-detainment-spt/index.html,20240916133438,cdx,
https://www.cnn.com/2024/09/10/style/lady-gaga-blood-performance-2009-vmas/index.html,20240916134733,cdx,
https://www.cnn.com/2024/09/10/style/tennis-balls-furniture-style-design/index.html,20240915000454,cdx,
https://www.cnn.com/2024/09/10/tech/apple-airpods-pro-hearing-aids/index.html,20240915013006,cdx,
https://www.cnn.com/2024/09/10/tech/australia-minimum-age-limit-social-media/,20240915203826,cdx,
https://www.cnn.com/2024/09/10/tech/australia-minimum-age-limit-social-media/index.html,20240916083812,cdx,
https://www.cnn.com/2024/09/10/tech/europe-ruling-apple-tax-google-fine/,20240915213400,cdx,
https://www.cnn.com/2024/09/10/tech/europe-ruling-apple-tax-google-fine/index.html,20240916084534,cdx,
https://www.cnn.com/2024/09/10/tech/india-samsung-strike-intl-hnk/,20240915185950,cdx,
https://www.cnn.com/2024/09/10/tech/india-samsung-strike-intl-hnk/index.html,20240915014559,cdx,
https://www.cnn.com/2024/09/10/tech/surgeon-general-warning-social-media/index.html,20240915025906,cdx,
https://www.cnn.com/2024/09/10/travel/bali-considering-ban-new-hotels-intl-hnk/,20240915222100,cdx,
https://www.cnn.com/2024/09/10/travel/china-travel-tips-visas-mobile-payments-intl-hnk/index.html,20240915225034,cdx,
https://www.cnn.com/2024/09/10/travel/delta-planes-collide-taxiing-atlanta-airport/index.html,20240916012931,cdx,
https://www.cnn.com/2024/09/10/travel/european-travelers-uk-entry-fee-eta,20240915154727,cdx,
https://www.cnn.com/2024/09/10/weather/tropical-storm-francine-hurricane-forecast-climate-tuesday/index.html,20240915000719,cdx,
https://www.cnn.com/2024/09/10/weather/video/tropical-storm-francine-hurricane-forecast-louisiana-digvid,20240915185908,cdx,
https://www.cnn.com/2024/09/10/world/video/gaza-humanitarian-zone-strike-chance-pkg-digvid,20240915035313,cdx,
https://www.cnn.com/2024/09/10/world/video/idf-tunnel-hostages-killed-digvid,20240915051838,cdx,
https://www.cnn.com/2024/09/10/world/video/moscow-drone-attack-ukraine-ldn-digvid,20240915135559,cdx,
https://www.cnn.com/2024/09/10/world/video/tourism-africa-trade-intl-spc,20240916045008,cdx,
https://www.cnn.com/2024/09/10/world/video/vietnam-bridge-collapse-typhoon-yagi-digvid,20240915051259,cdx,
https://www.cnn.com/2024/09/11/americas/peru-former-president-alberto-fujimori-dead-intl-latam/,20240915222100,cdx,
https://www.cnn.com/2024/09/11/americas/peru-former-president-alberto-fujimori-dead-intl-latam/index.html,20240915042259,cdx,
https://www.cnn.com/2024/09/11/asia/malaysia-sex-abuse-allegations-islamic-welfare-homes-intl-latam/index.html,20240915050212,cdx,
https://www.cnn.com/2024/09/11/australia/anti-war-protesters-clash-police-australia-intl-hnk/index.html,20240915051545,cdx,
https://www.cnn.com/2024/09/11/business/burgerfi-files-for-chapter-11-bankruptcy/,20240915123552,cdx,
https://www.cnn.com/2024/09/11/business/burgerfi-files-for-chapter-11-bankruptcy/index.html?utm_term=172613792073319ad45536042,20240915232114,cdx,
https://www.cnn.com/2024/09/11/business/founder-mode-meaning-vs-manager-nightcap/index.html,20240916082112,cdx,
https://www.cnn.com/2024/09/11/business/norfolk-southern-ceo-fired/,20240915132833,cdx,
https://www.cnn.com/2024/09/11/economy/us-cpi-consumer-price-index-inflation-august/,20240915142514,cdx,
https://www.cnn.com/2024/09/11/entertainment/chappell-roan-who-is-cec/index.html,20240916122905,cdx,
https://www.cnn.com/2024/09/11/entertainment/jon-bon-jovi-nashville-bridge/index.html,20240915144119,cdx,
https://www.cnn.com/2024/09/11/entertainment/mtv-vmas-2024-see-who-won/index.html,20240916035816,cdx,
https://www.cnn.com/2024/09/11/entertainment/nikki-bella-divorce-artem-chigvintsev/,20240915063737,cdx,
https://www.cnn.com/2024/09/11/entertainment/nikki-bella-divorce-artem-chigvintsev/index.html,20240916122032,cdx,
https://www.cnn.com/2024/09/11/entertainment/nikki-bella-divorce-artem-chigvintsev/?dicbo=v2-bV4f3vH&hpt=ob_blogfooterold,20240916183526,cdx,
https://www.cnn.com/2024/09/11/entertainment/sean-combs-danity-kane-dawn-richard-lawsuit/index.html,20240916122357,cdx,
https://www.cnn.com/2024/09/11/entertainment/taylor-swift-the-man-kamala-harris/,20240915191555,cdx,
https://www.cnn.com/2024/09/11/entertainment/taylor-swift-the-man-kamala-harris/index.html,20240916040002,cdx,
https://www.cnn.com/2024/09/11/entertainment/tom-cruises-olympics-stunt/,20240915142011,cdx,
https://www.cnn.com/2024/09/11/entertainment/tom-cruises-olympics-stunt/index.html,20240915142034,cdx,
https://www.cnn.com/2024/09/11/entertainment/vmas-taylor-chappell-sabrina-katy/index.html,20240916012927,cdx,
https://www.cnn.com/2024/09/11/europe/pokrovsk-ukraine-prisoners-enlist-soldiers-intl-cmd/,20240915223341,cdx,
https://www.cnn.com/2024/09/11/europe/pokrovsk-ukraine-prisoners-enlist-soldiers-intl-cmd/index.html,20240915050735,cdx,
https://www.cnn.com/2024/09/11/europe/russia-iran-ballistic-missiles-satellite-intl/,20240916124333,cdx,
https://www.cnn.com/2024/09/11/europe/russia-iran-ballistic-missiles-satellite-intl/index.html,20240915050454,cdx,
https://www.cnn.com/2024/09/11/health/apocalypse-disasters-teamwork-athena-aktipis-wellness/,20240915223401,cdx,
https://www.cnn.com/2024/09/11/health/apocalypse-disasters-teamwork-athena-aktipis-wellness/index.html,20240915135441,cdx,
https://www.cnn.com/2024/09/11/health/boars-head-recall-virginia-plant/,20240915223402,cdx,
https://www.cnn.com/2024/09/11/health/boars-head-recall-virginia-plant/index.html,20240915121502,cdx,
https://www.cnn.com/2024/09/11/health/football-kickoff-head-injuries/,20240915193641,cdx,
https://www.cnn.com/2024/09/11/health/football-kickoff-head-injuries/index.html,20240915122003,cdx,
https://www.cnn.com/2024/09/11/health/global-nutrient-intake-study-wellness/,20240915193641,cdx,
https://www.cnn.com/2024/09/11/health/global-nutrient-intake-study-wellness/index.html,20240915011432,cdx,
https://www.cnn.com/2024/09/11/health/homeless-encampments-sweeps-san-francisco-kff-health-news-partner/index.html,20240915125544,cdx,
https://www.cnn.com/2024/09/11/health/video/eliminating-kickoff-nfl-head-injuries-gupta,20240915122014,cdx,
https://www.cnn.com/2024/09/11/investing/boeing-dow-jones-stock/index.html,20240915012617,cdx,
https://www.cnn.com/2024/09/11/investing/cpi-stock-market-reaction/,20240915163954,cdx,
https://www.cnn.com/2024/09/11/investing/cpi-stock-market-reaction/index.html,20240915011601,cdx,
https://www.cnn.com/2024/09/11/investing/oil-fracking-trump-harris-debate/,20240915185951,cdx,
https://www.cnn.com/2024/09/11/investing/oil-fracking-trump-harris-debate/index.html,20240915012110,cdx,
https://www.cnn.com/2024/09/11/investing/trump-stock-debate-truth-social/,20240915185951,cdx,
https://www.cnn.com/2024/09/11/investing/trump-stock-debate-truth-social/index.html,20240915011136,cdx,
https://www.cnn.com/2024/09/11/media/abc-moderators-debate-fact-check-trump-harris-false-claims/index.html,20240915043003,cdx,
https://www.cnn.com/2024/09/11/media/debate-ratings-abc-trump-harris-2024-election/index.html,20240915103225,cdx,
https://www.cnn.com/2024/09/11/media/will-trump-and-harris-debate-again-abc-moderators/index.html,20240915103740,cdx,
https://www.cnn.com/2024/09/11/politics/9-11-political-legacy-2024-election-analysis/,20240915185920,cdx,
https://www.cnn.com/2024/09/11/politics/9-11-political-legacy-2024-election-analysis/index.html,20240915022634,cdx,
https://www.cnn.com/2024/09/11/politics/colorado-apartment-complex-battleground-immigration/,20240915032355,cdx,
https://www.cnn.com/2024/09/11/politics/colorado-apartment-complex-battleground-immigration/index.html,20240915042904,cdx,
https://www.cnn.com/2024/09/11/politics/debate-reaction-persuadable-voters/,20240915193707,cdx,
https://www.cnn.com/2024/09/11/politics/debate-reaction-persuadable-voters/index.html,20240915061115,cdx,
https://www.cnn.com/2024/09/11/politics/debate-reaction-persuadable-voters/index.html?iid=cnn_buildContentRecirc_end_recirc,20240915143921,cdx,
https://www.cnn.com/2024/09/11/politics/early-voting-election-what-matters/,20240916000725,cdx,
https://www.cnn.com/2024/09/11/politics/early-voting-election-what-matters/index.html,20240915052140,cdx,
https://www.cnn.com/2024/09/11/politics/election-poll-trump-harris-debate/,20240915032359,cdx,
https://www.cnn.com/2024/09/11/politics/election-poll-trump-harris-debate/index.html,20240915042512,cdx,
https://www.cnn.com/2024/09/11/politics/gop-funding-push-house-vote/,20240915113759,cdx,
https://www.cnn.com/2024/09/11/politics/heres-how-biden-harris-trump-and-vance-will-commemorate-9-11/,20240915045102,cdx,
https://www.cnn.com/2024/09/11/politics/presidential-debate-trump-harris-what-matters/,20240916184132,cdx,
https://www.cnn.com/2024/09/11/politics/presidential-debate-trump-harris-what-matters/index.html,20240915060731,cdx,
https://www.cnn.com/2024/09/11/politics/presidential-debate-trump-harris-what-matters/index.html?iid=cnn_buildContentRecirc_end_recirc,20240915130023,cdx,
https://www.cnn.com/2024/09/11/politics/taylor-swift-kamala-harris-endorsement/,20240915191555,cdx,
https://www.cnn.com/2024/09/11/politics/taylor-swift-kamala-harris-endorsement/index.html,20240915055943,cdx,
https://www.cnn.com/2024/09/11/politics/ukraine-strike-restrictions-biden-blinken/index.html,20240915004946,cdx,
https://www.cnn.com/2024/09/11/politics/video/jd-vance-cat-haitian-immigrants-trump-harris-debate-abc-news-digvid,20240915171625,cdx,
https://www.cnn.com/2024/09/11/politics/video/jeff-zeleny-debate-reaction-sot-ip-digvid,20240915123455,cdx,
https://www.cnn.com/2024/09/11/politics/video/maggie-haberman-abc-news-debate-trump-harris-tsr-digvid,20240915055429,cdx,
https://www.cnn.com/2024/09/11/politics/video/springfield-ohio-haitian-immigrants-pets-jimenez-pkg-ac360-digvid,20240915111257,cdx,
https://www.cnn.com/2024/09/11/politics/video/trump-debate-performance-spin-room-collins-digvid,20240915133247,cdx,
https://www.cnn.com/2024/09/11/politics/video/trump-fact-check-debate-cnn-daniel-dale-digvid,20240915003338,cdx,
https://www.cnn.com/2024/09/11/politics/video/undecided-voters-trump-harris-debate-abc-news-digvid,20240916103924,cdx,
https://www.cnn.com/2024/09/11/science/giant-star-bubbles-convection/,20240915223454,cdx,
https://www.cnn.com/2024/09/11/science/giant-star-bubbles-convection/index.html,20240916045022,cdx,
https://www.cnn.com/2024/09/11/sport/australia-drew-ginn-olympic-medals-stolen-intl-hnk/,20240915185940,cdx,
https://www.cnn.com/2024/09/11/sport/australia-drew-ginn-olympic-medals-stolen-intl-hnk/index.html,20240915031126,cdx,
https://www.cnn.com/2024/09/11/sport/tadej-pogacar-cycling-profile-spt-intl/index.html,20240915001440,cdx,
https://www.cnn.com/2024/09/11/sport/tom-craig-australia-hockey-suspension-spt-intl/,20240915185940,cdx,
https://www.cnn.com/2024/09/11/sport/tom-craig-australia-hockey-suspension-spt-intl/index.html,20240915003853,cdx,
https://www.cnn.com/2024/09/11/style/glenn-lowry-moma-steps-down/index.html,20240916130113,cdx,
https://www.cnn.com/2024/09/11/style/new-statues-queen-elizabeth-ii-reaction-intl-scli-gbr/index.html,20240915133359,cdx,
https://www.cnn.com/2024/09/11/style/red-carpet-looks-mtv-vmas-2024/,20240915220835,cdx,
https://www.cnn.com/2024/09/11/style/red-carpet-looks-mtv-vmas-2024/index.html,20240915152257,cdx,
https://www.cnn.com/2024/09/11/style/video/lg-display-stretchable-screens-digvid,20240915185920,cdx,
https://www.cnn.com/2024/09/11/tech/sony-ps-pro-5-playstation-announcement-intl-hnk/index.html,20240915014131,cdx,
https://www.cnn.com/2024/09/11/travel/carnival-cruise-ship-collides-with-iceberg/,20240915153622,cdx,
https://www.cnn.com/2024/09/11/travel/carnival-cruise-ship-collides-with-iceberg/index.html,20240916043008,cdx,
https://www.cnn.com/2024/09/11/travel/malaga-billboards-tourism-campaign-scli-intl/,20240915193707,cdx,
https://www.cnn.com/2024/09/11/travel/malaga-billboards-tourism-campaign-scli-intl/index.html,20240915224632,cdx,
https://www.cnn.com/2024/09/11/us/apalachee-high-school-suspect-mother-letter/index.html,20240915114110,cdx,
https://www.cnn.com/2024/09/11/us/apalachee-high-school-suspect-mother-letter?cid=ios_app,20240915114105,cdx,
https://www.cnn.com/2024/09/11/us/dc-police-shooting-justin-robinson/index.html,20240915023121,cdx,
https://www.cnn.com/2024/09/11/us/dc-police-shooting-justin-robinson/index.html?iid=cnn_buildContentRecirc_end_recirc,20240915041123,cdx,
https://www.cnn.com/2024/09/11/us/tyreek-hill-detainment-attorney/,20240915041938,cdx,
https://www.cnn.com/2024/09/11/us/tyreek-hill-detainment-traffic-stops/,20240915041921,cdx,
https://www.cnn.com/2024/09/11/us/video/bon-jovi-nashville-bridge-rescue-digvid,20240915144132,cdx,
https://www.cnn.com/2024/09/11/us/video/georgia-school-shooting-suspect-father-grandfather-interview-digvid,20240916014844,cdx,
https://www.cnn.com/2024/09/11/us/video/the-lead-kirsten-gillibrand-911-victims-ground-zero-attack-new-york-fire-department-jake-tapper,20240915213356,cdx,
https://www.cnn.com/2024/09/11/us/western-wildfires-wednesday/,20240915103634,cdx,
https://www.cnn.com/2024/09/11/us/western-wildfires-wednesday/index.html,20240915223612,cdx,
https://www.cnn.com/2024/09/11/weather/flood-hits-nigeria-zoo-intl-scli/,20240915220803,cdx,
https://www.cnn.com/2024/09/11/weather/flood-hits-nigeria-zoo-intl-scli/index.html,20240915044722,cdx,
https://www.cnn.com/2024/09/11/weather/video/airport-fire-southern-california-timelapse-video-contd-digvid,20240916051114,cdx,
https://www.cnn.com/2024/09/11/weather/video/hurricane-francine-forecast-chinchair-cnntm-ldn-digvid,20240915134458,cdx,
https://www.cnn.com/2024/09/11/world/israeli-airstrike-un-nuseirat-intl-latam/,20240915112259,cdx,
https://www.cnn.com/2024/09/11/world/israeli-airstrike-un-nuseirat-intl-latam/index.html,20240915233726,cdx,
https://www.cnn.com/2024/09/11/world/video/mexico-senate-protest-digvid,20240915051017,cdx,
https://www.cnn.com/2024/09/11/world/video/netanyahu-israel-hostage-family-exchange-robertson-digvid,20240915005708,cdx,
https://www.cnn.com/2024/09/12/americas/el-salvador-returners-bukele-crackdown/,20240915193741,cdx,
https://www.cnn.com/2024/09/12/americas/el-salvador-returners-bukele-crackdown/index.html,20240915042003,cdx,
https://www.cnn.com/2024/09/12/americas/israeli-commander-resigns-october-7-intl-latam/index.html,20240916011830,cdx,
https://www.cnn.com/2024/09/12/asia/escapee-penguin-japan-typhoon-hnk-intl/index.html,20240915045240,cdx,
https://www.cnn.com/2024/09/12/asia/north-korea-uranium-enrichment-intl-hnk/,20240915222100,cdx,
https://www.cnn.com/2024/09/12/asia/north-korea-uranium-enrichment-intl-hnk/index.html,20240915021143,cdx,
https://www.cnn.com/2024/09/12/asia/south-korea-forced-adoption-overseas-intl-hnk/,20240915222056,cdx,
https://www.cnn.com/2024/09/12/asia/south-korea-forced-adoption-overseas-intl-hnk/index.html,20240915043330,cdx,
https://www.cnn.com/2024/09/12/asia/vietnam-typhoon-yagi-aftermath-intl-hhk/,20240915222100,cdx,
https://www.cnn.com/2024/09/12/asia/vietnam-typhoon-yagi-aftermath-intl-hhk/index.html,20240915045857,cdx,
https://www.cnn.com/2024/09/12/business/china-pets-over-toddlers-aging-population-intl-hnk/index.html,20240915144112,cdx,
https://www.cnn.com/2024/09/12/business/china-pets-over-toddlers-aging-population-intl-hnk/index.html?iid=cnn_buildContentRecirc_end_recirc,20240916123418,cdx,
https://www.cnn.com/2024/09/12/business/kalshi-political-betting-prediction-market/,20240915191653,cdx,
https://www.cnn.com/2024/09/12/business/kalshi-political-betting-prediction-market/index.html,20240915000615,cdx,
https://www.cnn.com/2024/09/12/business/murdoch-succession-family-trust-court-nevada-fox/index.html,20240915231319,cdx,
https://www.cnn.com/2024/09/12/business/trump-economy-tariffs-dollar/,20240915162209,cdx,
https://www.cnn.com/2024/09/12/business/trump-economy-tariffs-dollar/index.html,20240915211132,cdx,
https://www.cnn.com/2024/09/12/business/video/alef-education-ipo-spc,20240915001557,cdx,
https://www.cnn.com/2024/09/12/cars/south-korea-us-hyundai-gm-partnership-intl-hnk/,20240915213108,cdx,
https://www.cnn.com/2024/09/12/cars/south-korea-us-hyundai-gm-partnership-intl-hnk/index.html,20240915083119,cdx,
https://www.cnn.com/2024/09/12/economy/housing-elections-callout/index.html,20240915005051,cdx,
https://www.cnn.com/2024/09/12/economy/mortgage-rates-september-12/,20240916104048,cdx,
https://www.cnn.com/2024/09/12/economy/mortgage-rates-september-12/index.html,20240916123301,cdx,
https://www.cnn.com/2024/09/12/economy/retail-cards-interest-rates-study/index.html,20240915005944,cdx,
https://www.cnn.com/2024/09/12/economy/us-housing-costs-survey/,20240915223324,cdx,
https://www.cnn.com/2024/09/12/economy/us-housing-costs-survey/index.html,20240915004554,cdx,
https://www.cnn.com/2024/09/12/economy/us-ppi-wholesale-inflation-august/,20240915141930,cdx,
https://www.cnn.com/2024/09/12/economy/us-ppi-wholesale-inflation-august/index.html,20240915121840,cdx,
https://www.cnn.com/2024/09/12/economy/us-ppi-wholesale-inflation-august/index.html?cid=external-feeds_iluminar_yahoo,20240915184626,cdx,
https://www.cnn.com/2024/09/12/economy/us-ppi-wholesale-inflation-august?Date=20240912&Profile=cnnbrk&utm_content=1726144791&utm_medium=social&utm_source=twitter,20240915121802,cdx,
https://www.cnn.com/2024/09/12/economy/wells-fargo-enforcement-action-money-laundering/index.html,20240915005516,cdx,
https://www.cnn.com/2024/09/12/entertainment/harvey-weinstein-new-indictment/index.html,20240916122540,cdx,
https://www.cnn.com/2024/09/12/entertainment/janet-jackson-wardrobe-malfunction-queen-elizabeth/index.html,20240916121331,cdx,
https://www.cnn.com/2024/09/12/europe/putin-warns-nato-missiles-hnk-latam-intl/,20240915130450,cdx,
https://www.cnn.com/2024/09/12/europe/putin-warns-nato-missiles-hnk-latam-intl/index.html,20240916001634,cdx,
https://www.cnn.com/2024/09/12/europe/russia-launches-kursk-counteroffensive-intl/index.html,20240915160303,cdx,
https://www.cnn.com/2024/09/12/europe/ukraine-hospital-train-wounded-soldiers-intl/,20240915121714,cdx,
https://www.cnn.com/2024/09/12/europe/ukraine-hospital-train-wounded-soldiers-intl/index.html,20240915045610,cdx,
https://www.cnn.com/2024/09/12/health/bird-flu-h5n1-fall/index.html,20240915115929,cdx,
https://www.cnn.com/2024/09/12/health/gilead-hiv-prep-lenacapavir/,20240915193641,cdx,
https://www.cnn.com/2024/09/12/health/gilead-hiv-prep-lenacapavir/index.html,20240915120904,cdx,
https://www.cnn.com/2024/09/12/health/lead-cinnamon-powder-spices-wellness/,20240915183924,cdx,
https://www.cnn.com/2024/09/12/health/lead-cinnamon-powder-spices-wellness/index.html,20240915010430,cdx,
https://www.cnn.com/2024/09/12/health/lead-cinnamon-powder-spices-wellness/index.html?utm_term=1726178393584bcc4c6fe02d2,20240916201154,cdx,
https://www.cnn.com/2024/09/12/health/phones-screens-kids-language-development/,20240915225842,cdx,
https://www.cnn.com/2024/09/12/health/phones-screens-kids-language-development/index.html,20240915010939,cdx,
https://www.cnn.com/2024/09/12/health/trump-abortion-after-birth/,20240915033832,cdx,
https://www.cnn.com/2024/09/12/health/trump-abortion-after-birth/index.html,20240915125008,cdx,
https://www.cnn.com/2024/09/12/health/us-abortion-decline-florida-ban-guttmacher/index.html,20240915120411,cdx,
https://www.cnn.com/2024/09/12/homepage/video/wildfire-flames-woman-rescued-digvid,20240915044440,cdx,
https://www.cnn.com/2024/09/12/politics/appeals-court-denies-delay-trump-sentencing-hush-money/,20240915220755,cdx,
https://www.cnn.com/2024/09/12/politics/buttigieg-trump-migrant-claims-distraction-cnntv/index.html,20240915065546,cdx,
https://www.cnn.com/2024/09/12/politics/charges-expected-hackers-trump-campaign/index.html,20240915070928,cdx,
https://www.cnn.com/2024/09/12/politics/charges-expected-hackers-trump-campaign/index.html?iid=cnn_buildContentRecirc_end_recirc,20240915222044,cdx,
https://www.cnn.com/2024/09/12/politics/cia-officer-china-spy-case-sentenced/,20240915134520,cdx,
https://www.cnn.com/2024/09/12/politics/cia-officer-china-spy-case-sentenced/index.html,20240915203350,cdx,
https://www.cnn.com/2024/09/12/politics/donald-trump-no-third-debate/,20240915195009,cdx,
https://www.cnn.com/2024/09/12/politics/donald-trump-no-third-debate/index.html,20240915065818,cdx,
https://www.cnn.com/2024/09/12/politics/fact-check-trump-claims-won-debate/,20240915185920,cdx,
https://www.cnn.com/2024/09/12/politics/garland-condemn-attacks-on-justice-department-speech/index.html,20240915070625,cdx,
https://www.cnn.com/2024/09/12/politics/harris-campaign-seizes-abortion-ad-debate/,20240915220755,cdx,
https://www.cnn.com/2024/09/12/politics/harris-campaign-seizes-abortion-ad-debate/index.html,20240915042710,cdx,
https://www.cnn.com/2024/09/12/politics/joe-biden-quad-leaders-meeting-wilmington-delaware/,20240915142527,cdx,
https://www.cnn.com/2024/09/12/politics/joe-biden-violence-against-women-act/index.html,20240915070346,cdx,
https://www.cnn.com/2024/09/12/politics/kamala-harris-campaign-overconfidence/,20240915220755,cdx,
https://www.cnn.com/2024/09/12/politics/laura-loomer-donald-trump-influence/,20240915114847,cdx,
https://www.cnn.com/2024/09/12/politics/laura-loomer-donald-trump-influence/index.html,20240915191913,cdx,
https://www.cnn.com/2024/09/12/politics/laura-loomer-donald-trump-influence/index.html?iid=cnn_buildContentRecirc_end_recirc,20240915220806,cdx,
https://www.cnn.com/2024/09/12/politics/marjorie-taylor-greene-laura-loomer-rhetoric-maga/,20240915220755,cdx,
https://www.cnn.com/2024/09/12/politics/marjorie-taylor-greene-laura-loomer-rhetoric-maga/index.html,20240915064914,cdx,
https://www.cnn.com/2024/09/12/politics/mike-johnson-next-steps-government-funding-fight/,20240915113838,cdx,
https://www.cnn.com/2024/09/12/politics/north-carolina-governor-election-robinson-stein/,20240915220755,cdx,
https://www.cnn.com/2024/09/12/politics/springfield-ohio-migrants-jd-vance/,20240915032347,cdx,
https://www.cnn.com/2024/09/12/politics/springfield-ohio-migrants-jd-vance/index.html,20240915025121,cdx,
https://www.cnn.com/2024/09/12/politics/trump-georgia-election-subversion-charges/,20240916121018,cdx,
https://www.cnn.com/2024/09/12/politics/trump-georgia-election-subversion-charges/index.html,20240916091248,cdx,
https://www.cnn.com/2024/09/12/politics/trump-harris-debate-fallout-analysis/,20240915193703,cdx,
https://www.cnn.com/2024/09/12/politics/trump-harris-debate-fallout-analysis/index.html,20240915055424,cdx,
https://www.cnn.com/2024/09/12/politics/trump-overtime-pay-taxes/,20240915120204,cdx,
https://www.cnn.com/2024/09/12/politics/trump-overtime-pay-taxes/index.html,20240915070109,cdx,
https://www.cnn.com/2024/09/12/politics/undocumented-immigrants-voting-what-matters/,20240915185920,cdx,
https://www.cnn.com/2024/09/12/politics/undocumented-immigrants-voting-what-matters/index.html,20240915055144,cdx,
https://www.cnn.com/2024/09/12/politics/us-venezuela-sanctions/index.html,20240915071202,cdx,
https://www.cnn.com/2024/09/12/politics/video/attorney-general-warns-against-political-attacks-on-doj,20240915070630,cdx,
https://www.cnn.com/2024/09/12/politics/video/gen-z-tiktok-politics-influencers-digvid,20240915163256,cdx,
https://www.cnn.com/2024/09/12/politics/video/marjorie-taylor-greene-laura-loomer-raju-digvid,20240915065011,cdx,
https://www.cnn.com/2024/09/12/politics/video/scaramucci-trump-debate-harris-ac360-digvid,20240915054900,cdx,
https://www.cnn.com/2024/09/12/politics/video/taylor-swift-impact-endorsement-harris-enten-lcl-digvid,20240915152219,cdx,
https://www.cnn.com/2024/09/12/science/astronomy-photographer-year-2024-scli-intl/,20240916145614,cdx,
https://www.cnn.com/2024/09/12/science/china-space-plane-intl-hnk/,20240915222100,cdx,
https://www.cnn.com/2024/09/12/science/china-space-plane-intl-hnk/index.html,20240916044122,cdx,
https://www.cnn.com/2024/09/12/science/limbs-horses-battle-waterloo-scli-intl/,20240916132242,cdx,
https://www.cnn.com/2024/09/12/science/limbs-horses-battle-waterloo-scli-intl/index.html,20240916210255,cdx,
https://www.cnn.com/2024/09/12/science/mass-extinction-permian-el-nino/,20240915223455,cdx,
https://www.cnn.com/2024/09/12/science/mass-extinction-permian-el-nino/index.html,20240915143813,cdx,
https://www.cnn.com/2024/09/12/science/neanderthal-fossil-extinction-grotte-mandrin-france/,20240915223454,cdx,
https://www.cnn.com/2024/09/12/science/neanderthal-fossil-extinction-grotte-mandrin-france/index.html,20240915152644,cdx,
https://www.cnn.com/2024/09/12/science/spacewalk-polaris-dawn-mission-spacex/,20240915190024,cdx,
https://www.cnn.com/2024/09/12/science/spacewalk-polaris-dawn-mission-spacex/index.html,20240916012909,cdx,
https://www.cnn.com/2024/09/12/science/video/spacewalk-spacex-polaris-dawn-digvid,20240915025817,cdx,
https://www.cnn.com/2024/09/12/sport/aja-wilson-las-vegas-aces-scoring-record-spt-intl/,20240916144248,cdx,
https://www.cnn.com/2024/09/12/sport/cristiano-ronaldo-manchester-united-rebuild-spt-intl/index.html,20240915002448,cdx,
https://www.cnn.com/2024/09/12/sport/cristiano-ronaldo-manchester-united-rebuild-spt-intl/index.html?iid=cnn_buildContentRecirc_end_recirc,20240915121510,cdx,
https://www.cnn.com/2024/09/12/sport/joe-burrow-wrist-injury-bottle-bengals-spt-intl/,20240915112315,cdx,
https://www.cnn.com/2024/09/12/sport/joe-burrow-wrist-injury-bottle-bengals-spt-intl/index.html,20240915002937,cdx,
https://www.cnn.com/2024/09/12/sport/joe-burrow-wrist-injury-bottle-bengals-spt-intl/index.html?cid=external-feeds_iluminar_yahoo,20240916001028,cdx,
https://www.cnn.com/2024/09/12/sport/jon-rahm-ryder-cup-fines-spt-intl/index.html,20240915000935,cdx,
https://www.cnn.com/2024/09/12/sport/jordan-chiles-olympic-bronze-reaction-spt-intl/,20240915203821,cdx,
https://www.cnn.com/2024/09/12/sport/jordan-chiles-olympic-bronze-reaction-spt-intl/index.html,20240915003150,cdx,
https://www.cnn.com/2024/09/12/sport/lael-wilcox-cycle-around-world-record-spt-intl/index.html?utm_term=1726178393584bcc4c6fe02d2,20240916194519,cdx,
https://www.cnn.com/2024/09/12/sport/pac-12-rebuild-ncaa-spt-intl/index.html,20240915002000,cdx,
https://www.cnn.com/2024/09/12/sport/rafael-nadal-withdraws-from-laver-cup/,20240915125013,cdx,
https://www.cnn.com/2024/09/12/sport/rafael-nadal-withdraws-from-laver-cup/index.html,20240915003005,cdx,
https://www.cnn.com/2024/09/12/style/chappell-roan-vma-andrew-dahling/,20240915193731,cdx,
https://www.cnn.com/2024/09/12/style/chappell-roan-vma-andrew-dahling/index.html,20240915043922,cdx,
https://www.cnn.com/2024/09/12/style/sabrina-carpenter-madonna-gown-vmas/,20240915225900,cdx,
https://www.cnn.com/2024/09/12/style/sabrina-carpenter-madonna-gown-vmas/index.html,20240915151654,cdx,
https://www.cnn.com/2024/09/12/style/taylor-swifts-dior-vmas-red-carpet/,20240915193644,cdx,
https://www.cnn.com/2024/09/12/style/taylor-swifts-dior-vmas-red-carpet/index.html,20240915020343,cdx,
https://www.cnn.com/2024/09/12/tech/ai-chatgpt-white-house-power-energy/,20240915141556,cdx,
https://www.cnn.com/2024/09/12/tech/ai-chatgpt-white-house-power-energy/index.html,20240915013538,cdx,
https://www.cnn.com/2024/09/12/tech/china-bao-fan-missing-mystery-bill-hnk-intl/,20240915203822,cdx,
https://www.cnn.com/2024/09/12/tech/china-bao-fan-missing-mystery-bill-hnk-intl/index.html,20240915102139,cdx,
https://www.cnn.com/2024/09/12/travel/best-airline-rewards-programs-pointme,20240915154722,cdx,
https://www.cnn.com/2024/09/12/travel/best-airline-rewards-programs-pointme/index.html,20240915224206,cdx,
https://www.cnn.com/2024/09/12/us/5-things-pm-september-12-trnd/index.html,20240915222918,cdx,
https://www.cnn.com/2024/09/12/us/broomfield-colorado-active-shooting/index.html?iid=cnn_buildContentRecirc_end_recirc,20240915184027,cdx,
https://www.cnn.com/2024/09/12/us/bryan-kohberger-trial-new-venue/,20240916215319,cdx,
https://www.cnn.com/2024/09/12/us/bryan-kohberger-trial-new-venue/index.html,20240915224829,cdx,
https://www.cnn.com/2024/09/12/us/california-earthquake-ventura-county/,20240915125155,cdx,
https://www.cnn.com/2024/09/12/us/california-earthquake-ventura-county/index.html,20240916015749,cdx,
https://www.cnn.com/2024/09/12/us/california-prison-strip-search-settlement/index.html,20240915230202,cdx,
https://www.cnn.com/2024/09/12/us/georgia-school-shooting-colt-gray-ar-15/,20240915113748,cdx,
https://www.cnn.com/2024/09/12/us/georgia-school-shooting-colt-gray-ar-15/index.html,20240916014835,cdx,
https://www.cnn.com/2024/09/12/us/marcellus-williams-missouri-innocence-claim-ruling/index.html,20240916015931,cdx,
https://www.cnn.com/2024/09/12/us/north-dakota-judge-abortion-ban/index.html,20240915225535,cdx,
https://www.cnn.com/2024/09/12/us/nypd-commissioner-edward-caban-resignation-investigation/,20240916112610,cdx,
https://www.cnn.com/2024/09/12/us/nypd-commissioner-edward-caban-resignation-investigation/index.html,20240915222324,cdx,
https://www.cnn.com/2024/09/12/us/schools-after-mass-shootings/index.html,20240915230739,cdx,
https://www.cnn.com/2024/09/12/us/tropical-storm-francine-louisiana-new-orleans-thursday/index.html,20240915030116,cdx,
https://www.cnn.com/2024/09/12/us/uvalde-response-homeland-security-report/index.html,20240915224245,cdx,
https://www.cnn.com/2024/09/12/us/uvalde-response-homeland-security-report/index.html?iid=cnn_buildContentRecirc_end_recirc,20240915185905,cdx,
https://www.cnn.com/2024/09/12/us/video/lego-dot-in-nose-arizona-digvid,20240915030638,cdx,
https://www.cnn.com/2024/09/12/us/video/semi-truck-smashes-armored-vehicle-south-carolina-digvid,20240915233912,cdx,
https://www.cnn.com/2024/09/12/us/video/three-precious-miracles-elisia-manuel-jaycob-cnnheroes,20240916014126,cdx,
https://www.cnn.com/2024/09/12/weather/california-line-fire-clouds/,20240915130812,cdx,
https://www.cnn.com/2024/09/12/weather/california-line-fire-clouds/index.html,20240915044438,cdx,
https://www.cnn.com/2024/09/12/weather/video/new-orleans-truck-flood-rescue-ldn-digvid,20240915000524,cdx,
https://www.cnn.com/2024/09/12/weather/video/tropical-storm-francine-flood-threat-southeastern-us-digvid,20240915211037,cdx,
https://www.cnn.com/2024/09/12/world/gallery/photos-this-week-september-5-september-12/,20240915124115,cdx,
https://www.cnn.com/2024/09/12/world/gallery/photos-this-week-september-5-september-12/index.html,20240915040118,cdx,
https://www.cnn.com/2024/09/12/world/video/gangs-el-salvador-ms13-cemetery-bukele-digvid-culver,20240915042010,cdx,
https://www.cnn.com/2024/09/12/world/video/hospital-trains-ukraine-russia-war-digvid,20240915044954,cdx,
https://www.cnn.com/2024/09/12/world/video/king-charles-hug-nz-rugby-team-digvid,20240916013810,cdx,
https://www.cnn.com/2024/09/13/africa/congo-court-sentences-3-americans-and-34-others-to-death-on-coup-charges/,20240915220803,cdx,
https://www.cnn.com/2024/09/13/africa/congo-court-sentences-3-americans-and-34-others-to-death-on-coup-charges/index.html,20240916011637,cdx,
https://www.cnn.com/2024/09/13/asia/same-sex-marriage-in-asia-intl-hnk/,20240915003436,cdx,
https://www.cnn.com/2024/09/13/asia/same-sex-marriage-in-asia-intl-hnk/index.html,20240915013824,cdx,
https://www.cnn.com/2024/09/13/asia/typhoon-yagi-most-powerful-storm-photos-intl-hnk/,20240915222056,cdx,
https://www.cnn.com/2024/09/13/asia/typhoon-yagi-most-powerful-storm-photos-intl-hnk/index.html,20240915043057,cdx,
https://www.cnn.com/2024/09/13/business/china-fines-pwc-evergrande-collapse/index.html,20240915075830,cdx,
https://www.cnn.com/2024/09/13/business/sam-bankman-fried-appeal-ftx-fraud/index.html,20240915230835,cdx,
https://www.cnn.com/2024/09/13/business/strike-boeing-vote-iam-751-hnk-intl/,20240916202640,cdx,
https://www.cnn.com/2024/09/13/business/strike-boeing-vote-iam-751-hnk-intl/index.html,20240915001106,cdx,
https://www.cnn.com/2024/09/13/business/theft-retail-shrink-stores/,20240915202115,cdx,
https://www.cnn.com/2024/09/13/business/theft-retail-shrink-stores/index.html,20240915082558,cdx,
https://www.cnn.com/2024/09/13/business/us-steel-merger-biden-white-house/index.html,20240915220916,cdx,
https://www.cnn.com/2024/09/13/business/video/boeing-strike-union-contract-cnc-digvid,20240915001113,cdx,
https://www.cnn.com/2024/09/13/business/video/jason-kander-fireworks-interview-nc-digvid,20240915083647,cdx,
https://www.cnn.com/2024/09/13/china/china-raises-retirement-age-intl-hnk/,20240915113709,cdx,
https://www.cnn.com/2024/09/13/china/china-raises-retirement-age-intl-hnk/index.html,20240915032224,cdx,
https://www.cnn.com/2024/09/13/climate/mega-tsunami-landslide-greenland-seismic-signal/,20240915185942,cdx,
https://www.cnn.com/2024/09/13/climate/mega-tsunami-landslide-greenland-seismic-signal/index.html,20240915022345,cdx,
https://www.cnn.com/2024/09/13/climate/uk-coal-mine-court-ruling/,20240915185942,cdx,
https://www.cnn.com/2024/09/13/economy/consumer-sentiment-september-inflation/,20240916113733,cdx,
https://www.cnn.com/2024/09/13/economy/consumer-sentiment-september-inflation/index.html,20240915003627,cdx,
https://www.cnn.com/2024/09/13/economy/inverted-treasury-yield-recession-indicator/index.html,20240915004056,cdx,
https://www.cnn.com/2024/09/13/entertainment/chad-mcqueen-dead-63-scli-intl/,20240915113751,cdx,
https://www.cnn.com/2024/09/13/entertainment/chad-mcqueen-dead-63-scli-intl/index.html,20240915143203,cdx,
https://www.cnn.com/2024/09/13/entertainment/chad-mcqueen-dead-63-scli-intl/index.html?iid=cnn_buildContentRecirc_end_recirc,20240915140452,cdx,
https://www.cnn.com/2024/09/13/entertainment/how-to-watch-emmy-nominated-shows/index.html,20240915013738,cdx,
https://www.cnn.com/2024/09/13/entertainment/jennifer-hudson-christmas-album-talk-show/index.html,20240915142728,cdx,
https://www.cnn.com/2024/09/13/entertainment/justin-timberlake-plea-hearing/,20240915142433,cdx,
https://www.cnn.com/2024/09/13/entertainment/justin-timberlake-plea-hearing/index.html,20240915142146,cdx,
https://www.cnn.com/2024/09/13/entertainment/justin-timberlake-plea-hearing/index.html?iid=cnn_buildContentRecirc_end_recirc,20240915214409,cdx,
https://www.cnn.com/2024/09/13/entertainment/kate-winslet-lee-movie-brave/,20240916145130,cdx,
https://www.cnn.com/2024/09/13/entertainment/kate-winslet-lee-movie-brave/index.html,20240915143736,cdx,
https://www.cnn.com/2024/09/13/entertainment/terry-crews-hearing-impairment-physical-comedy/index.html,20240915145036,cdx,
https://www.cnn.com/2024/09/13/entertainment/video/hollywood-entertainment-video-games-marvel-capcom-fighting-collection-arcade-classics-twitch-streamer-maximilian-dood,20240915185347,cdx,
https://www.cnn.com/2024/09/13/entertainment/video/justin-timberlake-guilty-driving-impaired-sag-harbor-digvid,20240915142200,cdx,
https://www.cnn.com/2024/09/13/europe/pro-russian-posters-italy-intl-scli/,20240915220803,cdx,
https://www.cnn.com/2024/09/13/europe/pro-russian-posters-italy-intl-scli/index.html,20240915030756,cdx,
https://www.cnn.com/2024/09/13/europe/russia-expels-diplomats-intl-hnk/,20240915043545,cdx,
https://www.cnn.com/2024/09/13/europe/russia-expels-diplomats-intl-hnk/index.html,20240915001833,cdx,
https://www.cnn.com/2024/09/13/health/boars-head-virginia-plant-closure-recall/,20240915142505,cdx,
https://www.cnn.com/2024/09/13/health/boars-head-virginia-plant-closure-recall/index.html,20240915115639,cdx,
https://www.cnn.com/2024/09/13/health/boars-head-virginia-plant-closure-recall/index.html?cid=ios_app,20240915172356,cdx,
https://www.cnn.com/2024/09/13/health/mental-health-georgia-school-shooting/,20240915193641,cdx,
https://www.cnn.com/2024/09/13/health/mental-health-georgia-school-shooting/index.html,20240915124435,cdx,
https://www.cnn.com/2024/09/13/health/missouri-bird-flu-h5n1/,20240915225910,cdx,
https://www.cnn.com/2024/09/13/health/missouri-bird-flu-h5n1/index.html,20240915013541,cdx,
https://www.cnn.com/2024/09/13/health/mpox-vaccine-booster-shots-debate/,20240915180318,cdx,
https://www.cnn.com/2024/09/13/health/mpox-vaccine-booster-shots-debate/index.html,20240915123952,cdx,
https://www.cnn.com/2024/09/13/health/special-needs-trust-disabled-children-wellness,20240915082311,cdx,
https://www.cnn.com/2024/09/13/health/special-needs-trust-disabled-children-wellness/index.html,20240915005858,cdx,
https://www.cnn.com/2024/09/13/homepage/video/cnn-reporter-rare-access-israel-hamas-ceasefire-digvid,20240915005512,cdx,
https://www.cnn.com/2024/09/13/investing/trump-social-media-stock/,20240915203806,cdx,
https://www.cnn.com/2024/09/13/investing/trump-social-media-stock/index.html,20240915073450,cdx,
https://www.cnn.com/2024/09/13/investing/trump-social-media-stock?cid=external-feeds_iluminar_yahoo,20240916062958,cdx,
https://www.cnn.com/2024/09/13/media/fox-news-right-wing-media-trump-laura-loomer/,20240915232201,cdx,
https://www.cnn.com/2024/09/13/media/fox-news-right-wing-media-trump-laura-loomer/index.html,20240915000146,cdx,
https://www.cnn.com/2024/09/13/media/fox-news-right-wing-media-trump-laura-loomer/index.html?iid=cnn_buildContentRecirc_end_recirc,20240915220744,cdx,
https://www.cnn.com/2024/09/13/media/right-wing-media-influencers-tenet-russian-money/,20240916215523,cdx,
https://www.cnn.com/2024/09/13/media/right-wing-media-influencers-tenet-russian-money/index.html,20240915081615,cdx,
https://www.cnn.com/2024/09/13/media/secret-murdoch-succession-fight-seal-media-nevada/index.html,20240915080431,cdx,
https://www.cnn.com/2024/09/13/middleeast/hamas-leader-sends-letters-from-hiding-after-almost-a-year-of-silence/,20240915193653,cdx,
https://www.cnn.com/2024/09/13/middleeast/hamas-leader-sends-letters-from-hiding-after-almost-a-year-of-silence/index.html,20240916010910,cdx,
https://www.cnn.com/2024/09/13/middleeast/idf-says-a-unrwa-staff-member-among-ten-terrorists-killed-in-military-ops-in-the-west-bank-over-the-past-48-hours/index.html,20240915013819,cdx,
https://www.cnn.com/2024/09/13/middleeast/polio-vaccination-campaign-gaza-intl/,20240915193654,cdx,
https://www.cnn.com/2024/09/13/middleeast/polio-vaccination-campaign-gaza-intl/index.html,20240916002915,cdx,
https://www.cnn.com/2024/09/13/politics/abortion-supreme-court-oconnor-scalia-rehnquist/index.html,20240915004921,cdx,
https://www.cnn.com/2024/09/13/politics/biden-administration-rt-russian-intelligence/,20240915112302,cdx,
https://www.cnn.com/2024/09/13/politics/biden-administration-rt-russian-intelligence/index.html,20240916021105,cdx,
https://www.cnn.com/2024/09/13/politics/biden-starmer-meeting-ukraine-missiles/,20240915093915,cdx,
https://www.cnn.com/2024/09/13/politics/biden-starmer-meeting-ukraine-missiles/index.html,20240915064425,cdx,
https://www.cnn.com/2024/09/13/politics/burt-jones-georgia-2020-election/,20240915193703,cdx,
https://www.cnn.com/2024/09/13/politics/burt-jones-georgia-2020-election/index.html,20240915004436,cdx,
https://www.cnn.com/2024/09/13/politics/china-tariffs-biden-trump/index.html,20240915004010,cdx,
https://www.cnn.com/2024/09/13/politics/cnn-poll-confidence-election-process-trump/,20240915220755,cdx,
https://www.cnn.com/2024/09/13/politics/cnn-poll-confidence-election-process-trump/index.html,20240915064718,cdx,
https://www.cnn.com/2024/09/13/politics/donald-trump-laura-loomer/,20240915032345,cdx,
https://www.cnn.com/2024/09/13/politics/donald-trump-laura-loomer/index.html,20240915054316,cdx,
https://www.cnn.com/2024/09/13/politics/green-party-jill-stein-supreme-court-nevada/index.html,20240915013733,cdx,
https://www.cnn.com/2024/09/13/politics/how-the-new-hampshire-national-guard-failed-to-protect-women/,20240915133258,cdx,
https://www.cnn.com/2024/09/13/politics/how-the-new-hampshire-national-guard-failed-to-protect-women/index.html,20240915065006,cdx,
https://www.cnn.com/2024/09/13/politics/isis-leaders-killed-raid-centcom/,20240915123906,cdx,
https://www.cnn.com/2024/09/13/politics/isis-leaders-killed-raid-centcom/index.html,20240915013815,cdx,
https://www.cnn.com/2024/09/13/politics/kamala-harris-campaign-momentum/,20240915115433,cdx,
https://www.cnn.com/2024/09/13/politics/kamala-harris-campaign-momentum/index.html,20240915065303,cdx,
https://www.cnn.com/2024/09/13/politics/ketanji-brown-jackson-abby-phillip-cnn-interview/index.html,20240915003501,cdx,
https://www.cnn.com/2024/09/13/politics/nebraska-ballot-abortion/index.html,20240915064132,cdx,
https://www.cnn.com/2024/09/13/politics/pennsylvania-mail-in-ballots-flawed-dates/,20240915193703,cdx,
https://www.cnn.com/2024/09/13/politics/pennsylvania-mail-in-ballots-flawed-dates/index.html,20240915013801,cdx,
https://www.cnn.com/2024/09/13/politics/pope-francis-trump-harris-abortion/,20240915141235,cdx,
https://www.cnn.com/2024/09/13/politics/pope-francis-trump-harris-abortion/index.html,20240915195418,cdx,
https://www.cnn.com/2024/09/13/politics/state-department-diplomatic-security-officer-pleads-guilty-to-storming-capitol/,20240915192649,cdx,
https://www.cnn.com/2024/09/13/politics/state-department-diplomatic-security-officer-pleads-guilty-to-storming-capitol/index.html,20240915013616,cdx,
https://www.cnn.com/2024/09/13/politics/super-pac-michigan-kamala-harris-doug-emhoff/,20240915193654,cdx,
https://www.cnn.com/2024/09/13/politics/super-pac-michigan-kamala-harris-doug-emhoff/index.html,20240915005401,cdx,
https://www.cnn.com/2024/09/13/politics/trump-no-debate-rematch-analysis/,20240915193703,cdx,
https://www.cnn.com/2024/09/13/politics/trump-no-debate-rematch-analysis/index.html,20240915041329,cdx,
https://www.cnn.com/2024/09/13/politics/video/bill-oreilly-trump-harris-debate-lcl-digvid,20240915042502,cdx,
https://www.cnn.com/2024/09/13/politics/video/britzky-nhng,20240915013758,cdx,
https://www.cnn.com/2024/09/13/politics/video/ketanji-brown-jackson-daughter-autism-sot-phillip-intv-digvid,20240915003522,cdx,
https://www.cnn.com/2024/09/13/politics/video/ketanji-brown-jackson-jan-6-fischer-lead-digvid,20240915003519,cdx,
https://www.cnn.com/2024/09/13/politics/video/laura-loomer-comments-trump-relationship-digvid,20240915054328,cdx,
https://www.cnn.com/2024/09/13/politics/video/pope-francis-trump-harris-digvid,20240915195426,cdx,
https://www.cnn.com/2024/09/13/politics/video/pope-francis-u-s-election-a-choice-of-lesser-of-two-evils,20240915013813,cdx,
https://www.cnn.com/2024/09/13/politics/video/the-lead-2024-gop-donald-trump-laura-loomer-republican-kamala-harris-walz-election-campaign-conspiracy,20240915013837,cdx,
https://www.cnn.com/2024/09/13/politics/video/the-lead-election-bipartisan-vote-interference-jan-6,20240915013913,cdx,
https://www.cnn.com/2024/09/13/politics/video/the-lead-pope-francis-abortion-2024-election-catholic-voters,20240915013531,cdx,
https://www.cnn.com/2024/09/13/politics/video/trump-defends-far-right-conspiracist-laura-loomer,20240915013529,cdx,
https://www.cnn.com/2024/09/13/politics/video/trump-harris-post-debate-rallies-digvid,20240915130358,cdx,
https://www.cnn.com/2024/09/13/politics/video/trump-laura-loomer-relationship-campaign-caputo-ebof-digvid,20240915013609,cdx,
https://www.cnn.com/2024/09/13/politics/video/zelensky-trump-ukraine-war-zakaria-gps-intv-sot-digvid,20240915073521,cdx,
https://www.cnn.com/2024/09/13/science/boeing-starliner-astronauts-suni-williams-butch-wilmore/,20240915190024,cdx,
https://www.cnn.com/2024/09/13/science/boeing-starliner-astronauts-suni-williams-butch-wilmore/index.html,20240915013911,cdx,
https://www.cnn.com/2024/09/13/science/ig-nobel-prize-ceremony-2024-intl-scli/,20240915223454,cdx,
https://www.cnn.com/2024/09/13/science/ig-nobel-prize-ceremony-2024-intl-scli/index.html,20240915024823,cdx,
https://www.cnn.com/2024/09/13/science/japanese-eel-escape-fish-stomach/,20240915223454,cdx,
https://www.cnn.com/2024/09/13/science/japanese-eel-escape-fish-stomach/index.html,20240915024810,cdx,
https://www.cnn.com/2024/09/13/science/stonehenge-altar-stone-orkney/,20240915121013,cdx,
https://www.cnn.com/2024/09/13/science/stonehenge-altar-stone-orkney/index.html,20240915024751,cdx,
https://www.cnn.com/2024/09/13/sport/benni-mccarthy-manchester-united-spt-intl/,20240915193707,cdx,
https://www.cnn.com/2024/09/13/sport/caitlin-clark-single-season-assists-record-spt-intl/index.html,20240915013638,cdx,
https://www.cnn.com/2024/09/13/sport/caitlin-clark-single-season-assists-record-spt-intl/index.html?cid=external-feeds_iluminar_yahoo,20240916123638,cdx,
https://www.cnn.com/2024/09/13/sport/joan-chelimo-rebecca-cheptegei-death-spt-intl/index.html,20240915103359,cdx,
https://www.cnn.com/2024/09/13/sport/mauricio-pochettino-cnn-interview-spt-intl/index.html,20240915021336,cdx,
https://www.cnn.com/2024/09/13/sport/pep-guardiola-man-city-premier-league-charges-spt-intl/,20240916144205,cdx,
https://www.cnn.com/2024/09/13/sport/south-alabama-northwestern-state-ncaa-spt-intl/,20240915171128,cdx,
https://www.cnn.com/2024/09/13/sport/tua-tagovailoa-concussion-miami-dolphins-spt/,20240916150748,cdx,
https://www.cnn.com/2024/09/13/style/video/engagement-ring-advice-jewelry-brand-kimai-digvid,20240915123200,cdx,
https://www.cnn.com/2024/09/13/tech/chatgpt-openai-o1-human-reasoning/index.html,20240915081037,cdx,
https://www.cnn.com/2024/09/13/tech/sam-altmans-worldcoin-crypto-nightcap/index.html,20240915012423,cdx,
https://www.cnn.com/2024/09/13/travel/australian-airline-passenger-fine-cost-fuel-intl-hnk/,20240915173442,cdx,
https://www.cnn.com/2024/09/13/travel/australian-airline-passenger-fine-cost-fuel-intl-hnk/index.html,20240916042827,cdx,
https://www.cnn.com/2024/09/13/travel/fedex-pilots-interview-near-collision-austin/index.html,20240915152848,cdx,
https://www.cnn.com/2024/09/13/travel/southwest-alaska-near-collision-nashville-runway/index.html,20240915024953,cdx,
https://www.cnn.com/2024/09/13/travel/video/bear-strolls-down-california-beach-digvid,20240915013906,cdx,
https://www.cnn.com/2024/09/13/us/boulder-supermarket-shooting-trial-gunman-comments/,20240915143353,cdx,
https://www.cnn.com/2024/09/13/us/boulder-supermarket-shooting-trial-gunman-comments/index.html,20240915232712,cdx,
https://www.cnn.com/2024/09/13/us/confrontation-pro-israeli-rally-shooting-massachusetts/index.html,20240915013755,cdx,
https://www.cnn.com/2024/09/13/us/el-mayo-zambada-sinaloa-cartel-arraignment/,20240915190023,cdx,
https://www.cnn.com/2024/09/13/us/el-mayo-zambada-sinaloa-cartel-arraignment/index.html,20240915232046,cdx,
https://www.cnn.com/2024/09/13/us/el-mayo-zambada-sinaloa-cartel-arraignment/index.html?iid=cnn_buildContentRecirc_end_recirc,20240915185916,cdx,
https://www.cnn.com/2024/09/13/us/elijah-vue-remains-found-wisconsin/,20240916003827,cdx,
https://www.cnn.com/2024/09/13/us/elijah-vue-remains-found-wisconsin/index.html,20240915013700,cdx,
https://www.cnn.com/2024/09/13/us/gaudreau-brothers-death-court-hearing/,20240915203807,cdx,
https://www.cnn.com/2024/09/13/us/gaudreau-brothers-death-court-hearing/index.html,20240915013613,cdx,
https://www.cnn.com/2024/09/13/us/georgia-school-shooting-911-calls/,20240915173634,cdx,
https://www.cnn.com/2024/09/13/us/georgia-school-shooting-911-calls/index.html,20240915013729,cdx,
https://www.cnn.com/2024/09/13/us/kentucky-i-75-shooting-suspect-friday/index.html,20240915173329,cdx,
https://www.cnn.com/2024/09/13/us/kentucky-i-75-shooting-suspect-friday/index.html?iid=cnn_buildContentRecirc_end_recirc,20240915184031,cdx,
https://www.cnn.com/2024/09/13/us/peter-cichuniec-elijah-mcclain-prison-sentence-vacated/,20240915203813,cdx,
https://www.cnn.com/2024/09/13/us/peter-cichuniec-elijah-mcclain-prison-sentence-vacated/index.html,20240915013903,cdx,
https://www.cnn.com/2024/09/13/us/three-precious-miracles-elisia-manuel-cnnheroes/,20240915142501,cdx,
https://www.cnn.com/2024/09/13/us/three-precious-miracles-elisia-manuel-cnnheroes/index.html,20240915100550,cdx,
https://www.cnn.com/2024/09/13/us/video/dispatch-calls-georgia-school-shooting-digvid,20240915013549,cdx,
https://www.cnn.com/2024/09/13/us/video/fedex-pilots-southwest-airlines-near-collision-digvid,20240915220245,cdx,
https://www.cnn.com/2024/09/13/us/video/human-factor-sam-rhodes-veteran-horse-therapy,20240915190023,cdx,
https://www.cnn.com/2024/09/13/us/video/police-rescue-two-children-from-burning-house-vidor-texas-digvid,20240915123535,cdx,
https://www.cnn.com/2024/09/13/us/video/th-lead-kentaji-brown-jackson-justice-supreme-court,20240915013828,cdx,
https://www.cnn.com/2024/09/13/weather/sahara-desert-green-climate/,20240915185908,cdx,
https://www.cnn.com/2024/09/13/weather/sahara-desert-green-climate/index.html,20240915022047,cdx,
https://www.cnn.com/2024/09/13/world/ukraine-kursk-offensive-cost/,20240915124727,cdx,
https://www.cnn.com/2024/09/13/world/ukraine-kursk-offensive-cost/index.html,20240915031642,cdx,
https://www.cnn.com/2024/09/13/world/video/brazil-amazon-drought-raffa-pkg-091301aseg2-cnni-world-fast,20240915033348,cdx,
https://www.cnn.com/2024/09/13/world/video/el-salvador-bukele-prison-gangs-arrested-digvid-culver,20240916043144,cdx,
https://www.cnn.com/2024/09/13/world/video/mega-tsunami-mystery-weir-live-ctw-091309aseg3-cnni-world-fast,20240915022531,cdx,
https://www.cnn.com/2024/09/13/world/video/north-korea-nuclear-program-kim-jong-un-tsr-digvid-todd,20240915013624,cdx,
https://www.cnn.com/2024/09/13/world/video/pope-francis-plane-digvid,20240915222056,cdx,
https://www.cnn.com/2024/09/13/world/video/putin-warns-nato-russia-ukraine-war-missiles-digvid,20240915032502,cdx,
https://www.cnn.com/2024/09/13/world/video/ukraine-missiles-russian-targets-ldn-digvid,20240915220803,cdx,
https://www.cnn.com/2024/09/14/africa/nigeria-boat-accident-64-dead-intl-latam/,20240915220803,cdx,
https://www.cnn.com/2024/09/14/africa/nigeria-boat-accident-64-dead-intl-latam/index.html,20240915001152,cdx,
https://www.cnn.com/2024/09/14/americas/venezuela-arrests-americans-seizes-rifles-intl-latam/,20240915063401,cdx,
https://www.cnn.com/2024/09/14/americas/venezuela-arrests-americans-seizes-rifles-intl-latam/index.html,20240915005245,cdx,
https://www.cnn.com/2024/09/14/americas/venezuela-arrests-americans-seizes-rifles-intl-latam?cid=ios_app,20240915122103,cdx,
https://www.cnn.com/2024/09/14/americas/venezuela-arrests-americans-seizes-rifles-intl-latam?Date=20240914&Profile=cnnbrk&utm_content=1726354923&utm_medium=social&utm_source=twitter,20240915051840,cdx,
https://www.cnn.com/2024/09/14/asia/india-nuclear-ballistic-missile-submarine-intl-hnk-ml/,20240915185950,cdx,
https://www.cnn.com/2024/09/14/asia/india-nuclear-ballistic-missile-submarine-intl-hnk-ml/index.html,20240915022216,cdx,
https://www.cnn.com/2024/09/14/business/boeing-workers-strike/index.html,20240915013748,cdx,
https://www.cnn.com/2024/09/14/business/curious-consumer/,20240915223311,cdx,
https://www.cnn.com/2024/09/14/business/curious-consumer/index.html,20240915013925,cdx,
https://www.cnn.com/2024/09/14/business/disney-directv-deal-abc-espn/,20240915142529,cdx,
https://www.cnn.com/2024/09/14/business/disney-directv-deal-abc-espn/index.html,20240915013930,cdx,
https://www.cnn.com/2024/09/14/business/home-depot-to-pay-usd2-million-settlement-for-overcharging-customers-and-false-advertising/,20240916111007,cdx,
https://www.cnn.com/2024/09/14/business/home-depot-to-pay-usd2-million-settlement-for-overcharging-customers-and-false-advertising/index.html,20240915013935,cdx,
https://www.cnn.com/2024/09/14/business/home-depot-to-pay-usd2-million-settlement-for-overcharging-customers-and-false-advertising?cid=external-feeds_iluminar_yahoo,20240916211559,cdx,
https://www.cnn.com/2024/09/14/climate/uk-climate-protests-policing-laws-prison-intl/,20240915105033,cdx,
https://www.cnn.com/2024/09/14/climate/uk-climate-protests-policing-laws-prison-intl/index.html,20240915013655,cdx,
https://www.cnn.com/2024/09/14/climate/uk-climate-protests-policing-laws-prison-intl/index.html?iid=cnn_buildContentRecirc_end_recirc,20240915185905,cdx,
https://www.cnn.com/2024/09/14/entertainment/emmy-awards-how-to-watch/index.html,20240915014208,cdx,
https://www.cnn.com/2024/09/14/entertainment/have-i-got-news-for-you-stars/index.html,20240915014110,cdx,
https://www.cnn.com/2024/09/14/entertainment/video/hollywood-minute-entertainment-movies-music-streaming-television-the-crow-star-trek-lower-decks-bon-jovi-greatest-hits-vinyl,20240915014456,cdx,
https://www.cnn.com/2024/09/14/europe/deadly-rains-flooding-europe-central-eastern-intl,20240915173950,cdx,
https://www.cnn.com/2024/09/14/europe/deadly-rains-flooding-europe-central-eastern-intl/index.html,20240915210120,cdx,
https://www.cnn.com/2024/09/14/europe/four-killed-as-heavy-rain-hits-central-europe/index.html,20240915013923,cdx,
https://www.cnn.com/2024/09/14/europe/germany-kenyan-workers-migration-deal-intl/index.html,20240915014211,cdx,
https://www.cnn.com/2024/09/14/europe/hundreds-gather-france-giselle-pelicot-rape-victims-intl/,20240915214255,cdx,
https://www.cnn.com/2024/09/14/europe/hundreds-gather-france-giselle-pelicot-rape-victims-intl/index.html,20240915013920,cdx,
https://www.cnn.com/2024/09/14/europe/hundreds-gather-france-giselle-pelicot-rape-victims-intl/index.html?utm_medium=social&utm_source=whatsappCNN&utm_content=2024-09-14T17:09:57,20240916115617,cdx,
https://www.cnn.com/2024/09/14/europe/russia-begins-ukraine-counter-attack-kursk-intl/,20240915223341,cdx,
https://www.cnn.com/2024/09/14/europe/russia-begins-ukraine-counter-attack-kursk-intl/index.html,20240915014328,cdx,
https://www.cnn.com/2024/09/14/health/video/wdjt-trombone-brain-surgery-affil-dnt-digvid,20240915014348,cdx,
https://www.cnn.com/2024/09/14/media/truth-social-trump-nasdaq/,20240915203823,cdx,
https://www.cnn.com/2024/09/14/media/truth-social-trump-nasdaq/index.html,20240915010053,cdx,
https://www.cnn.com/2024/09/14/middleeast/aysenur-ezgi-eygi-funeral-procession-intl/index.html,20240915014324,cdx,
https://www.cnn.com/2024/09/14/middleeast/egypt-train-collision-intl-latam/index.html,20240915014046,cdx,
https://www.cnn.com/2024/09/14/middleeast/israeli-airstrikes-lebanon-hezbollah-weapons-facilities-intl-latam/,20240915180211,cdx,
https://www.cnn.com/2024/09/14/middleeast/israeli-airstrikes-lebanon-hezbollah-weapons-facilities-intl-latam/index.html,20240915013945,cdx,
https://www.cnn.com/2024/09/14/middleeast/israeli-airstrikes-lebanon-hezbollah-weapons-facilities-intl-latam?cid=ios_app,20240915095052,cdx,
https://www.cnn.com/2024/09/14/politics/donald-trump-kamala-harris-laura-loomer/,20240915164016,cdx,
https://www.cnn.com/2024/09/14/politics/donald-trump-kamala-harris-laura-loomer/index.html,20240915013704,cdx,
https://www.cnn.com/2024/09/14/politics/fact-check-harris-campaign-social-media/,20240915000953,cdx,
https://www.cnn.com/2024/09/14/politics/fact-check-harris-campaign-social-media/index.html,20240915014249,cdx,
https://www.cnn.com/2024/09/14/politics/fact-check-harris-campaign-social-media/index.html?iid=cnn_buildContentRecirc_end_recirc,20240915184024,cdx,
https://www.cnn.com/2024/09/14/politics/fact-check-harris-campaign-social-media/index.html?sp_amp_linker=1*1le5e54*amp_id*Ung1WE9EMWZ4YWQyN2EydGdaUVNXSzEtcTE2dEE2WnlIcW9PYnRhVk5Ta3RUbDVERV9mMEVId3pKSE9nMWlrXw,20240915142256,cdx,
https://www.cnn.com/2024/09/14/politics/fact-check-harris-campaign-social-media/index.html?utm_source=perplexity,20240915015833,cdx,
https://www.cnn.com/2024/09/14/politics/navajo-voters-arizona-election/,20240915193703,cdx,
https://www.cnn.com/2024/09/14/politics/navajo-voters-arizona-election/index.html,20240915014159,cdx,
https://www.cnn.com/2024/09/14/politics/tariffs-trump-mckinley-what-matters/,20240915185919,cdx,
https://www.cnn.com/2024/09/14/politics/tariffs-trump-mckinley-what-matters/index.html,20240915014453,cdx,
https://www.cnn.com/2024/09/14/politics/tariffs-trump-mckinley-what-matters/index.html?iid=cnn_buildContentRecirc_end_recirc,20240915203749,cdx,
https://www.cnn.com/2024/09/14/politics/video/abdul-trump-taliban-roy-wood-hignfy-digvid,20240915013942,cdx,
https://www.cnn.com/2024/09/14/politics/video/enten-harris-trump-poll-debate-digvid,20240915125906,cdx,
https://www.cnn.com/2024/09/14/politics/video/enten-harris-trump-poll-debate-digvid?utm_source=dlvr.it&utm_medium=twitter,20240915224957,cdx,
https://www.cnn.com/2024/09/14/politics/video/haitian-migrants-donald-trump-claim-cherfilus-mccormick-reaction-digvid,20240915014459,cdx,
https://www.cnn.com/2024/09/14/politics/video/harris-running-like-mayor-manchester-foa-digvid,20240915014332,cdx,
https://www.cnn.com/2024/09/14/politics/video/kamala-harris-sit-down-interview-affil-dnt-digvid,20240915013915,cdx,
https://www.cnn.com/2024/09/14/politics/video/rfk-jr-roy-wood-hignfy-digvid,20240915115735,cdx,
https://www.cnn.com/2024/09/14/politics/video/smerconish-commentary-debate-trump-harris-digvid,20240915014134,cdx,
https://www.cnn.com/2024/09/14/politics/video/smerconish-commentary-debate-trump-harris-digvid?cid=ios_app,20240916202131,cdx,
https://www.cnn.com/2024/09/14/politics/video/smr-election-officials-warn-u-s-postal-service-may-delay-mail-in-voting,20240915014117,cdx,
https://www.cnn.com/2024/09/14/politics/video/smr-election-officials-warn-u-s-postal-service-may-delay-mail-in-voting?cid=ios_app,20240916223228,cdx,
https://www.cnn.com/2024/09/14/politics/video/smrbakari-sellers-trump-is-a-diminished-man-not-the-same-since-2016,20240915014319,cdx,
https://www.cnn.com/2024/09/14/politics/video/smrreagan-his-life-and-legend,20240915014353,cdx,
https://www.cnn.com/2024/09/14/politics/video/trump-springfield-haitian-immigrants-sabato-digvid-nr,20240915014156,cdx,
https://www.cnn.com/2024/09/14/science/ancient-dna-easter-island-collapse/,20240915225847,cdx,
https://www.cnn.com/2024/09/14/science/ancient-dna-easter-island-collapse/index.html,20240915014221,cdx,
https://www.cnn.com/2024/09/14/science/neanderthal-discovery-science-newsletter-wt/,20240915193641,cdx,
https://www.cnn.com/2024/09/14/science/neanderthal-discovery-science-newsletter-wt/index.html,20240915013952,cdx,
https://www.cnn.com/2024/09/14/science/spacex-polaris-dawn-spacewalk-historic-milestone/,20240915065411,cdx,
https://www.cnn.com/2024/09/14/science/spacex-polaris-dawn-spacewalk-historic-milestone/index.html,20240915013629,cdx,
https://www.cnn.com/2024/09/14/sport/canelo-alvarez-edgar-berlanga-preview-spt-intl/,20240916111001,cdx,
https://www.cnn.com/2024/09/14/sport/canelo-alvarez-edgar-berlanga-preview-spt-intl/index.html,20240915013601,cdx,
https://www.cnn.com/2024/09/14/sport/erling-haaland-goalscoring-record-manchester-city-brentford-spt-intl/index.html,20240915014317,cdx,
https://www.cnn.com/2024/09/14/sport/erling-haaland-goalscoring-record-manchester-city-brentford-spt-intl/index.html?utm_medium=social&utm_source=whatsappCNN&utm_content=2024-09-14T17:12:50,20240915093653,cdx,
https://www.cnn.com/2024/09/14/sport/erling-haaland-goalscoring-record-manchester-city-brentford-spt-intl?cid=external-feeds_iluminar_cnn-brasil,20240916133913,cdx,
https://www.cnn.com/2024/09/14/sport/raiders-coach-tua-tagovailoa-retire-concussion-spt-intl/,20240915171055,cdx,
https://www.cnn.com/2024/09/14/sport/raiders-coach-tua-tagovailoa-retire-concussion-spt-intl/index.html,20240915014252,cdx,
https://www.cnn.com/2024/09/14/sport/raiders-coach-tua-tagovailoa-retire-concussion-spt-intl?cid=external-feeds_iluminar_cnn-brasil,20240915162105,cdx,
https://www.cnn.com/2024/09/14/sport/rebecca-cheptegei-military-funeral-spt-intl/,20240915203823,cdx,
https://www.cnn.com/2024/09/14/sport/rebecca-cheptegei-military-funeral-spt-intl/index.html,20240915014203,cdx,
https://www.cnn.com/2024/09/14/sport/sean-omalley-suga-ufc-profile-spt-intl/index.html,20240915014020,cdx,
https://www.cnn.com/2024/09/14/sport/tiger-woods-successful-back-surgery-spt-intl/index.html,20240915014121,cdx,
https://www.cnn.com/2024/09/14/sport/tiger-woods-successful-back-surgery-spt-intl?cid=ios_app,20240915003337,cdx,
https://www.cnn.com/2024/09/14/style/video/alicia-keys-swizz-beatz-art-collection-giants-blackwell-digvid,20240915014401,cdx,
https://www.cnn.com/2024/09/14/travel/pigmy-hippo-thailand-latest-online-sensation-intl-hnk/,20240915222056,cdx,
https://www.cnn.com/2024/09/14/travel/pigmy-hippo-thailand-latest-online-sensation-intl-hnk/index.html,20240915013900,cdx,
https://www.cnn.com/2024/09/14/travel/strange-room-service-orders/,20240915203810,cdx,
https://www.cnn.com/2024/09/14/travel/strange-room-service-orders/index.html,20240915010102,cdx,
https://www.cnn.com/2024/09/14/us/authorities-actively-looking-georgia-shooting-suspect-warning-call-mom-morning/index.html,20240915013831,cdx,
https://www.cnn.com/2024/09/14/us/authorities-actively-looking-georgia-shooting-suspect-warning-call-mom-morning/index.html?iid=cnn_buildContentRecirc_end_recirc,20240915222041,cdx,
https://www.cnn.com/2024/09/14/us/disneyland-half-marathon-death-heat,20240915080527,cdx,
https://www.cnn.com/2024/09/14/us/disneyland-half-marathon-death-heat/index.html,20240915013949,cdx,
https://www.cnn.com/2024/09/14/us/diversity-post-affirmative-action-unc-harvard/,20240915225837,cdx,
https://www.cnn.com/2024/09/14/us/diversity-post-affirmative-action-unc-harvard/index.html,20240915014322,cdx,
https://www.cnn.com/2024/09/14/us/hawaii-maui-wildfire-report/index.html,20240915013539,cdx,
https://www.cnn.com/2024/09/14/us/tyreek-hill-miami-dade-police/,20240915160721,cdx,
https://www.cnn.com/2024/09/14/us/tyreek-hill-miami-dade-police/index.html,20240915013955,cdx,
https://www.cnn.com/2024/09/14/us/video/raffa-endangered-sea-turtles-dnt-ctw-digvid,20240915014049,cdx,
https://www.cnn.com/2024/09/14/us/video/smr-trump-may-soon-have-access-to-usd2-billion,20240915014224,cdx,
https://www.cnn.com/2024/09/14/us/washington-marina-river-otter-attack/,20240915002016,cdx,
https://www.cnn.com/2024/09/14/us/washington-marina-river-otter-attack/index.html,20240915014113,cdx,
https://www.cnn.com/2024/09/14/us/washington-marina-river-otter-attack/index.html?iid=cnn_buildContentRecirc_end_recirc,20240915185825,cdx,
https://www.cnn.com/2024/09/14/us/washington-marina-river-otter-attack/index.html?utm_medium=social&utm_source=whatsappCNN&utm_content=2024-09-14T18:09:54,20240915043925,cdx,
https://www.cnn.com/2024/09/14/weather/deadly-rains-flooding-europe-central-eastern-intl/,20240916113749,cdx,
https://www.cnn.com/2024/09/14/weather/deadly-rains-flooding-europe-central-eastern-intl/index.html,20240916100608,cdx,
https://www.cnn.com/2024/09/14/weather/deadly-rains-flooding-europe-central-eastern-intl/index.html?iid=cnn_buildContentRecirc_end_recirc,20240916125814,cdx,
https://www.cnn.com/2024/09/14/world/michaela-mabinty-deprince-ballerina-dies-intl-scli/index.html,20240915013939,cdx,
https://www.cnn.com/2024/09/14/world/video/aysenur-ezgi-eygi-idf-death-friend-majid-foa-digvid,20240915014356,cdx,
https://www.cnn.com/2024/09/14/world/video/baby-pygmy-hippo-thailand-zoo-moo-deng-vo-091405aseg3-cnni-world-fast,20240915014022,cdx,
https://www.cnn.com/2024/09/14/world/video/penguin-japan-typhoon-digvid,20240915014017,cdx,
https://www.cnn.com/2024/09/15/africa/prison-escape-nigeria-floods-intl-latam/index.html,20240915222400,cdx,
https://www.cnn.com/2024/09/15/americas/honduran-anti-mining-activist-killed-intl-latam/,20240915220827,cdx,
https://www.cnn.com/2024/09/15/americas/honduran-anti-mining-activist-killed-intl-latam/index.html,20240916015010,cdx,
https://www.cnn.com/2024/09/15/asia/typhoon-yagi-myanmar-deaths-intl-hnk/,20240915065254,cdx,
https://www.cnn.com/2024/09/15/asia/typhoon-yagi-myanmar-deaths-intl-hnk/index.html,20240915234513,cdx,
https://www.cnn.com/2024/09/15/business/air-canada-deal-pilots-union/,20240915163758,cdx,
https://www.cnn.com/2024/09/15/business/air-canada-deal-pilots-union/index.html,20240915125030,cdx,
https://www.cnn.com/2024/09/15/business/video/polaris-dawn-return-to-earth-splash-down-civilians-digvid,20240915133309,cdx,
https://www.cnn.com/2024/09/15/china/china-shanghai-typhoon-bebinca-intl-hnk/,20240916025040,cdx,
https://www.cnn.com/2024/09/15/china/china-shanghai-typhoon-bebinca-intl-hnk/index.html,20240916024118,cdx,
https://www.cnn.com/2024/09/15/economy/federal-reserve-concerns-about-trump/,20240915163131,cdx,
https://www.cnn.com/2024/09/15/economy/federal-reserve-concerns-about-trump/index.html,20240915152242,cdx,
https://www.cnn.com/2024/09/15/economy/salary-increases-next-year/,20240915223324,cdx,
https://www.cnn.com/2024/09/15/economy/salary-increases-next-year/index.html,20240915133312,cdx,
https://www.cnn.com/2024/09/15/entertainment/award-winners-emmys/,20240916113743,cdx,
https://www.cnn.com/2024/09/15/entertainment/award-winners-emmys/index.html,20240916120848,cdx,
https://www.cnn.com/2024/09/15/entertainment/gallery/76th-emmy-awards-photos/index.html,20240916122101,cdx,
https://www.cnn.com/2024/09/15/entertainment/janes-addiction-perry-farrell-dave-navarro/,20240916000725,cdx,
https://www.cnn.com/2024/09/15/entertainment/janes-addiction-perry-farrell-dave-navarro/index.html,20240915210306,cdx,
https://www.cnn.com/2024/09/15/europe/english-channel-eight-dead-intl-latam/,20240915220758,cdx,
https://www.cnn.com/2024/09/15/europe/english-channel-eight-dead-intl-latam/index.html,20240915211242,cdx,
https://www.cnn.com/2024/09/15/europe/russian-strike-kharkiv-ukraine-apartment-block-intl/,20240915163836,cdx,
https://www.cnn.com/2024/09/15/europe/russian-strike-kharkiv-ukraine-apartment-block-intl/index.html,20240915172759,cdx,
https://www.cnn.com/2024/09/15/health/arts-and-crafts-increase-mental-health-wellness/,20240915162221,cdx,
https://www.cnn.com/2024/09/15/health/arts-and-crafts-increase-mental-health-wellness/index.html,20240915163907,cdx,
https://www.cnn.com/2024/09/15/health/arts-and-crafts-increase-mental-health-wellness?cid=external-feeds_iluminar_cnn-brasil,20240916174240,cdx,
https://www.cnn.com/2024/09/15/middleeast/gaza-israel-schools-education-crisis-intl/,20240915113727,cdx,
https://www.cnn.com/2024/09/15/middleeast/gaza-israel-schools-education-crisis-intl/index.html,20240915114256,cdx,
https://www.cnn.com/2024/09/15/middleeast/israel-military-strike-hostages-killed-intl/,20240915162152,cdx,
https://www.cnn.com/2024/09/15/middleeast/israel-military-strike-hostages-killed-intl/index.html,20240915210141,cdx,
https://www.cnn.com/2024/09/15/middleeast/israel-military-strike-hostages-killed-intl?cid=ios_app,20240916034645,cdx,
https://www.cnn.com/2024/09/15/middleeast/israel-missile-yemen-gaza-intl-hnk/,20240915073405,cdx,
https://www.cnn.com/2024/09/15/middleeast/israel-missile-yemen-gaza-intl-hnk/index.html,20240915120417,cdx,
https://www.cnn.com/2024/09/15/politics/donald-trump-safe-shots/,20240915193353,cdx,
https://www.cnn.com/2024/09/15/politics/donald-trump-safe-shots/index.html,20240915183926,cdx,
https://www.cnn.com/2024/09/15/politics/donald-trump-safe-shots/index.html?iid=cnn_buildContentRecirc_end_recirc,20240915220806,cdx,
https://www.cnn.com/2024/09/15/politics/fact-check-trump-harris-military-draft/,20240915163742,cdx,
https://www.cnn.com/2024/09/15/politics/fact-check-trump-harris-military-draft/index.html,20240915162739,cdx,
https://www.cnn.com/2024/09/15/politics/fact-check-trump-harris-military-draft/index.html?iid=cnn_buildContentRecirc_end_recirc,20240915222119,cdx,
https://www.cnn.com/2024/09/15/politics/house-republican-ivf-fight/,20240915113700,cdx,
https://www.cnn.com/2024/09/15/politics/house-republican-ivf-fight/index.html,20240915202155,cdx,
https://www.cnn.com/2024/09/15/politics/joe-manchin-mitt-romney-intv/,20240915140722,cdx,
https://www.cnn.com/2024/09/15/politics/joe-manchin-mitt-romney-intv/index.html,20240915161620,cdx,
https://www.cnn.com/2024/09/15/politics/joe-manchin-mitt-romney-intv?cid=external-feeds_iluminar_msn,20240915165123,cdx,
https://www.cnn.com/2024/09/15/politics/kamala-harris-bidenomics-trump-advertisements/,20240915163828,cdx,
https://www.cnn.com/2024/09/15/politics/kamala-harris-bidenomics-trump-advertisements/index.html,20240915211133,cdx,
https://www.cnn.com/2024/09/15/politics/kamala-harris-mentor-women/,20240915115225,cdx,
https://www.cnn.com/2024/09/15/politics/kamala-harris-mentor-women/index.html,20240915162154,cdx,
https://www.cnn.com/2024/09/15/politics/russia-alaska-norad-aircraft/,20240915183648,cdx,
https://www.cnn.com/2024/09/15/politics/russia-alaska-norad-aircraft/index.html,20240915210453,cdx,
https://www.cnn.com/2024/09/15/politics/trump-attempted-assassination-man-detained/,20240916025014,cdx,
https://www.cnn.com/2024/09/15/politics/trump-attempted-assassination-man-detained/index.html,20240916022903,cdx,
https://www.cnn.com/2024/09/15/politics/trump-golf-course-security-challenges,20240916032151,cdx,
https://www.cnn.com/2024/09/15/politics/trump-golf-course-security-challenges/index.html,20240916000456,cdx,
https://www.cnn.com/2024/09/15/politics/vance-immigrants-pets-springfield-ohio-cnntv/,20240915163825,cdx,
https://www.cnn.com/2024/09/15/politics/vance-immigrants-pets-springfield-ohio-cnntv/index.html,20240915194744,cdx,
https://www.cnn.com/2024/09/15/politics/video/jd-vance-aidan-clark-springfield-boy-death-haitian-immigrants-sotu-digvid,20240915161109,cdx,
https://www.cnn.com/2024/09/15/politics/video/jd-vance-aidan-clark-springfield-boy-death-haitian-immigrants-sotu-digvid?cid=ios_app,20240915154521,cdx,
https://www.cnn.com/2024/09/15/politics/video/jd-vance-haitian-immigrants-baseless-pet-eating-claims-bash-sotu-digvid,20240915155238,cdx,
https://www.cnn.com/2024/09/15/politics/video/jd-vance-haitian-immigrants-baseless-pet-eating-claims-bash-sotu-digvid.html,20240915164718,cdx,
https://www.cnn.com/2024/09/15/politics/video/sotu-bash-vance-haitian-immigrants-full-interview,20240916003857,cdx,
https://www.cnn.com/2024/09/15/politics/video/sotu-gov-shapiro-full-interview,20240915184448,cdx,
https://www.cnn.com/2024/09/15/politics/video/sotu-gov-shapiro-full-interview?cid=ios_app,20240915204432,cdx,
https://www.cnn.com/2024/09/15/politics/video/sotu-ro-khanna-panel-full,20240916015021,cdx,
https://www.cnn.com/2024/09/15/politics/video/sotu-shapiro-says-vance-should-be-ashamed,20240915201438,cdx,
https://www.cnn.com/2024/09/15/politics/video/sotu-springfield-ohio-mayor-full-interview,20240916014712,cdx,
https://www.cnn.com/2024/09/15/politics/video/springfield-ohio-mayor-rob-rue-haitian-immigrants-sotu-digvid,20240915185129,cdx,
https://www.cnn.com/2024/09/15/politics/video/trump-gunshots-vicinity-florida-digvid-nr,20240915221441,cdx,
https://www.cnn.com/2024/09/15/science/spacex-polaris-dawn-splashdown-landing/,20240915064620,cdx,
https://www.cnn.com/2024/09/15/science/spacex-polaris-dawn-splashdown-landing/index.html,20240915060958,cdx,
https://www.cnn.com/2024/09/15/science/video/polaris-dawn-return-to-earth-splash-down-civilians-digvid,20240915191915,cdx,
https://www.cnn.com/2024/09/15/sport/aja-wilson-caitlin-clark-wnba-records/,20240916124410,cdx,
https://www.cnn.com/2024/09/15/sport/aja-wilson-caitlin-clark-wnba-records/index.html,20240916024344,cdx,
https://www.cnn.com/2024/09/15/sport/arch-manning-five-touchdown-win-spt-intl/,20240915225956,cdx,
https://www.cnn.com/2024/09/15/sport/arch-manning-five-touchdown-win-spt-intl/index.html,20240915184003,cdx,
https://www.cnn.com/2024/09/15/sport/lionel-messi-inter-miami-philadelphia-union-spt-intl/index.html,20240915184859,cdx,
https://www.cnn.com/2024/09/15/sport/nfl-week-2-sunday-how-to-watch-spt-intl/,20240915171016,cdx,
https://www.cnn.com/2024/09/15/sport/nfl-week-2-sunday-how-to-watch-spt-intl/index.html,20240915185315,cdx,
https://www.cnn.com/2024/09/15/sport/oscar-piastri-azerbaijan-grand-prix-spt-intl/,20240916230718,cdx,
https://www.cnn.com/2024/09/15/sport/oscar-piastri-azerbaijan-grand-prix-spt-intl/index.html,20240915184417,cdx,
https://www.cnn.com/2024/09/15/sport/oscar-piastri-azerbaijan-grand-prix-spt-intl?cid=external-feeds_iluminar_yahoo,20240916201401,cdx,
https://www.cnn.com/2024/09/15/sport/team-usa-wins-solheim-cup-spt-intl/,20240915220803,cdx,
https://www.cnn.com/2024/09/15/sport/team-usa-wins-solheim-cup-spt-intl/index.html,20240916014616,cdx,
https://www.cnn.com/2024/09/15/style/queen-victoria-tuscan-villa-intl-scli/,20240915113746,cdx,
https://www.cnn.com/2024/09/15/style/queen-victoria-tuscan-villa-intl-scli/index.html,20240915173540,cdx,
https://www.cnn.com/2024/09/15/style/red-carpet-looks-emmy-awards/,20240916000724,cdx,
https://www.cnn.com/2024/09/15/style/red-carpet-looks-emmy-awards/index.html,20240916015202,cdx,
https://www.cnn.com/2024/09/15/travel/california-man-frontier-flight-arrest/,20240915073425,cdx,
https://www.cnn.com/2024/09/15/travel/california-man-frontier-flight-arrest/index.html,20240915082123,cdx,
https://www.cnn.com/2024/09/15/travel/new-zealand-bird-of-the-year-winner-intl-hnk/,20240916040815,cdx,
https://www.cnn.com/2024/09/15/travel/new-zealand-bird-of-the-year-winner-intl-hnk/index.html,20240916131139,cdx,
https://www.cnn.com/2024/09/15/uk/harry-royals-birthday-message-intl/,20240915162201,cdx,
https://www.cnn.com/2024/09/15/uk/harry-royals-birthday-message-intl/index.html,20240915140858,cdx,
https://www.cnn.com/2024/09/15/us/5-things-sunday-september-15-trnd/,20240915143815,cdx,
https://www.cnn.com/2024/09/15/us/5-things-sunday-september-15-trnd/index.html,20240916014119,cdx,
https://www.cnn.com/2024/09/15/us/apalachee-high-school-shooting-timeline/,20240915113652,cdx,
https://www.cnn.com/2024/09/15/us/apalachee-high-school-shooting-timeline/index.html,20240915170253,cdx,
https://www.cnn.com/2024/09/15/us/apalachee-high-school-shooting-timeline?cid=ios_app,20240915180930,cdx,
https://www.cnn.com/2024/09/15/us/georgia-school-shooting-funerals/index.html,20240915170743,cdx,
https://www.cnn.com/2024/09/15/us/jimmie-wade-martin-missouri-murder-podcast-cec/,20240915071828,cdx,
https://www.cnn.com/2024/09/15/us/jimmie-wade-martin-missouri-murder-podcast-cec/index.html,20240915130401,cdx,
https://www.cnn.com/2024/09/15/us/jimmie-wade-martin-missouri-murder-podcast-cec?cid=ios_app,20240915180812,cdx,
https://www.cnn.com/2024/09/15/us/mary-robin-walter-kansas-cold-case/,20240915223332,cdx,
https://www.cnn.com/2024/09/15/us/mary-robin-walter-kansas-cold-case/index.html,20240915210819,cdx,
https://www.cnn.com/2024/09/15/us/massachusetts-recruit-sworn-in-before-death/,20240916042229,cdx,
https://www.cnn.com/2024/09/15/us/massachusetts-recruit-sworn-in-before-death/index.html,20240916132341,cdx,
https://www.cnn.com/2024/09/15/us/oregon-doctor-survivors-abuse-claims/,20240915123417,cdx,
https://www.cnn.com/2024/09/15/us/oregon-doctor-survivors-abuse-claims/index.html,20240915164624,cdx,
https://www.cnn.com/2024/09/15/us/oregon-doctor-survivors-abuse-claims/index.html?iid=cnn_buildContentRecirc_end_recirc,20240915203755,cdx,
https://www.cnn.com/2024/09/15/us/oregon-doctor-survivors-abuse-claims?cid=ios_app,20240915133334,cdx,
https://www.cnn.com/2024/09/15/us/video/man-flees-courthouse-maine-ctm-cprog-digvid,20240915172628,cdx,
https://www.cnn.com/2024/09/15/us/video/man-flees-courthouse-maine-ctm-cprog-digvid?cid=ios_app,20240915183425,cdx,
https://www.cnn.com/2024/09/15/us/video/miller-trump-fbi-apparent-assassination-attempt-digvid,20240916023714,cdx,
https://www.cnn.com/2024/09/15/us/video/miller-trump-fbi-apparent-assassination-attempt-digvid?cid=ios_app,20240916010208,cdx,
https://www.cnn.com/2024/09/15/us/video/person-detained-details-images-trump-fbi-apparent-assassination-attempt-lah-digvid,20240916055502,cdx,
https://www.cnn.com/2024/09/15/us/video/suspect-evidence-police-recovered-donald-trump-gunshot-florida-mccabe-digvid,20240916000725,cdx,
https://www.cnn.com/2024/09/15/us/video/suspect-evidence-police-recovered-donald-trump-gunshot-florida-mccabe-digvid?cid=ios_app,20240916000319,cdx,
https://www.cnn.com/2024/09/15/us/video/trump-golf-course-florida-gunshots-moments-suspect-holmes-nr-digvid,20240915220843,cdx,
https://www.cnn.com/2024/09/15/us/video/trump-gunshots-florida-ric-bradshaw-digvid,20240915223332,cdx,
https://www.cnn.com/2024/09/15/us/waffle-house-employee-killed-after-customer-becomes-irate-police-say/,20240915201158,cdx,
https://www.cnn.com/2024/09/15/us/waffle-house-employee-killed-after-customer-becomes-irate-police-say/index.html,20240915214033,cdx,
https://www.cnn.com/2024/09/15/us/waffle-house-employee-killed-after-customer-becomes-irate-police-say?cid=ios_app,20240916191214,cdx,
https://www.cnn.com/2024/09/15/weather/california-early-snow-advisory-rain/,20240915163815,cdx,
https://www.cnn.com/2024/09/15/weather/california-early-snow-advisory-rain/index.html,20240915211810,cdx,
https://www.cnn.com/2024/09/15/weather/california-early-snow-advisory-rain/index.html?utm_medium=email&utm_source=govdelivery,20240916225017,cdx,
https://www.cnn.com/2024/09/15/weather/china-shanghai-typhoon-bebinca-intl-hnk,20240916124024,cdx,
https://www.cnn.com/2024/09/15/weather/china-shanghai-typhoon-bebinca-intl-hnk/index.html,20240916135016,cdx,
https://www.cnn.com/2024/09/15/weather/tropical-system-rain-carolinas/,20240916025023,cdx,
https://www.cnn.com/2024/09/15/weather/tropical-system-rain-carolinas/index.html,20240916022159,cdx,
https://www.cnn.com/2024/09/15/world/video/fareeds-take-ukraine-war-gps-digvid,20240915212959,cdx,
https://www.cnn.com/2024/09/15/world/video/gps0915-fighting-on-ukraines-eastern-front,20240916014842,cdx,
https://www.cnn.com/2024/09/15/world/video/gps0915-the-impact-of-the-ukraine-war,20240915220803,cdx,
https://www.cnn.com/2024/09/15/world/video/gps0915-ukrainian-teen-on-war-and-loss,20240915223341,cdx,
https://www.cnn.com/2024/09/15/world/video/gps0915-what-ukraine-wants-in-peace-negotiations,20240916014556,cdx,
https://www.cnn.com/2024/09/15/world/video/gps0915-zelensky-on-what-ukraine-needs-to-win,20240915211432,cdx,
https://www.cnn.com/2024/09/15/world/video/houthi-fired-missile-attack-central-israel-robertson-digvid,20240915181401,cdx,
https://www.cnn.com/2024/09/15/world/video/volodymyr-zelensky-vladimir-putin-ukraine-russia-war-gps-digvid,20240915175956,cdx,
https://www.cnn.com/2024/09/16/americas/sao-paulo-mayoral-debate-chair-attack-intl-latam/,20240916232127,cdx,
https://www.cnn.com/2024/09/16/business/amazon-return-to-work/,20240916192316,cdx,
https://www.cnn.com/2024/09/16/business/amazon-return-to-work/index.html,20240916194924,cdx,
https://www.cnn.com/2024/09/16/business/amazon-return-to-work?cid=external-feeds_iluminar_yahoo,20240916193316,cdx,
https://www.cnn.com/2024/09/16/business/boeing-hiring-freeze/,20240916192056,cdx,
https://www.cnn.com/2024/09/16/business/boeing-hiring-freeze/index.html,20240916193141,cdx,
https://www.cnn.com/2024/09/16/business/boeing-hiring-freeze?cid=external-feeds_iluminar_yahoo,20240916193331,cdx,
https://www.cnn.com/2024/09/16/business/boeing-strike-cost/,20240916145200,cdx,
https://www.cnn.com/2024/09/16/business/boeing-strike-cost/index.html,20240916175020,cdx,
https://www.cnn.com/2024/09/16/business/harland-wolff-titanic-shipbuilder-insolvent/,20240916145304,cdx,
https://www.cnn.com/2024/09/16/business/harland-wolff-titanic-shipbuilder-insolvent/index.html,20240916194058,cdx,
https://www.cnn.com/2024/09/16/business/harland-wolff-titanic-shipbuilder-insolvent?cid=external-feeds_iluminar_yahoo,20240916193244,cdx,
https://www.cnn.com/2024/09/16/business/home-interest-rate-cut-mortgage/,20240916113548,cdx,
https://www.cnn.com/2024/09/16/business/home-interest-rate-cut-mortgage?cid=ios_app,20240916132253,cdx,
https://www.cnn.com/2024/09/16/business/trump-stock-security-incident-truth-social/,20240916163741,cdx,
https://www.cnn.com/2024/09/16/business/trump-stock-security-incident-truth-social/index.html,20240916171721,cdx,
https://www.cnn.com/2024/09/16/business/trump-stock-security-incident-truth-social?cid=external-feeds_iluminar_yahoo,20240916193444,cdx,
https://www.cnn.com/2024/09/16/china/china-frees-jailed-american-pastor-intl-hnk/,20240916112449,cdx,
https://www.cnn.com/2024/09/16/china/china-frees-jailed-american-pastor-intl-hnk/index.html,20240916123640,cdx,
https://www.cnn.com/2024/09/16/climate/coal-to-solar-minnesota/,20240916082107,cdx,
https://www.cnn.com/2024/09/16/climate/coal-to-solar-minnesota/index.html,20240916102926,cdx,
https://www.cnn.com/2024/09/16/climate/zimbabwe-cull-elephants-intl-scli/,20240916165315,cdx,
https://www.cnn.com/2024/09/16/climate/zimbabwe-cull-elephants-intl-scli/index.html,20240916200002,cdx,
https://www.cnn.com/2024/09/16/climate/zimbabwe-cull-elephants-intl-scli/index.html?utm_medium=social&utm_source=whatsappCNN&utm_content=2024-09-16T16:31:33,20240916192129,cdx,
https://www.cnn.com/2024/09/16/climate/zimbabwe-cull-elephants-intl-scli?cid=ios_app,20240916210402,cdx,
https://www.cnn.com/2024/09/16/economy/interest-rate-cut/,20240916113905,cdx,
https://www.cnn.com/2024/09/16/economy/interest-rate-cut/index.html,20240916121143,cdx,
https://www.cnn.com/2024/09/16/entertainment/heather-locklear-melrose-place-reunion/,20240916165330,cdx,
https://www.cnn.com/2024/09/16/entertainment/janes-addiction-cancels-tour-perry-farrell/,20240916192121,cdx,
https://www.cnn.com/2024/09/16/entertainment/janes-addiction-cancels-tour-perry-farrell/index.html,20240916192958,cdx,
https://www.cnn.com/2024/09/16/entertainment/shogun-baby-reindeer-candace-bergen-emmy-highlights/,20240916110957,cdx,
https://www.cnn.com/2024/09/16/entertainment/shogun-baby-reindeer-candace-bergen-emmy-highlights/index.html,20240916105803,cdx,
https://www.cnn.com/2024/09/16/entertainment/video/tito-jackson-jackson-5-dead-at-70-ovn-ldn-digvid,20240916110636,cdx,
https://www.cnn.com/2024/09/16/europe/germany-land-border-control-schengen-intl/index.html,20240916140351,cdx,
https://www.cnn.com/2024/09/16/europe/putin-russia-ukraine-troop-boost-intl/,20240916163700,cdx,
https://www.cnn.com/2024/09/16/europe/putin-russia-ukraine-troop-boost-intl/index.html,20240916174236,cdx,
https://www.cnn.com/2024/09/16/health/antibiotic-resistant-superbug-infections-2050-wellness/,20240916232001,cdx,
https://www.cnn.com/2024/09/16/health/covid-19-flu-rsv-vaccines/,20240916113704,cdx,
https://www.cnn.com/2024/09/16/health/covid-19-flu-rsv-vaccines/index.html,20240916164824,cdx,
https://www.cnn.com/2024/09/16/health/how-pregnancy-changes-brain-study-wellness/,20240916165308,cdx,
https://www.cnn.com/2024/09/16/health/how-pregnancy-changes-brain-study-wellness/index.html,20240916175221,cdx,
https://www.cnn.com/2024/09/16/health/microplastics-nose-wellness/,20240916165329,cdx,
https://www.cnn.com/2024/09/16/health/microplastics-nose-wellness/index.html,20240916175828,cdx,
https://www.cnn.com/2024/09/16/health/microplastics-nose-wellness?cid=ios_app,20240916213406,cdx,
https://www.cnn.com/2024/09/16/media/huw-edwards-bbc-presenter-sentencing-intl/,20240916122409,cdx,
https://www.cnn.com/2024/09/16/media/huw-edwards-bbc-presenter-sentencing-intl/index.html,20240916121141,cdx,
https://www.cnn.com/2024/09/16/middleeast/middle-east-artificial-intelligence-spc/,20240916122204,cdx,
https://www.cnn.com/2024/09/16/middleeast/middle-east-artificial-intelligence-spc/index.html,20240916185132,cdx,
https://www.cnn.com/2024/09/16/politics/biden-harris-campaign-trail/,20240916232049,cdx,
https://www.cnn.com/2024/09/16/politics/blinken-egypt-trip/,20240916223904,cdx,
https://www.cnn.com/2024/09/16/politics/blinken-egypt-trip/index.html,20240916223352,cdx,
https://www.cnn.com/2024/09/16/politics/border-crossings-immigration-biden-harris-trump/,20240916232115,cdx,
https://www.cnn.com/2024/09/16/politics/criminal-complaint-apparent-trump-assassination-attempt/,20240916163710,cdx,
https://www.cnn.com/2024/09/16/politics/criminal-complaint-apparent-trump-assassination-attempt/index.html,20240916165214,cdx,
https://www.cnn.com/2024/09/16/politics/eric-adams-new-york-mayor-chief-counsel/,20240916111904,cdx,
https://www.cnn.com/2024/09/16/politics/eric-adams-new-york-mayor-chief-counsel/index.html,20240916174620,cdx,
https://www.cnn.com/2024/09/16/politics/government-funding-johnson-trump-narrow-majority/,20240916113722,cdx,
https://www.cnn.com/2024/09/16/politics/government-funding-johnson-trump-narrow-majority/index.html,20240916185000,cdx,
https://www.cnn.com/2024/09/16/politics/ken-paxton-bexar-county-texas-voter-registration/,20240916210512,cdx,
https://www.cnn.com/2024/09/16/politics/political-consequences-trump-assassination-attempt-analysis/index.html,20240916042535,cdx,
https://www.cnn.com/2024/09/16/politics/political-consequences-trump-assassination-attempt-analysis/index.html?Date=20240916&Profile=CNN+Politics&utm_content=1726480740&utm_medium=social&utm_source=facebook&fbclid=IwZXh0bgNhZW0CMTEAAR2UMZBJA4EVZwQX6MEi_OWaJVBEkgDjJmbvu97DlD8A_4BhIHNtnsUXRjY_aem_0D4DY_kwMo5zkfV0ejM5Sg&sfnsn=mo,20240916233411,cdx,
https://www.cnn.com/2024/09/16/politics/political-consequences-trump-assassination-attempt-analysis/?dicbo=v2-q8DGtqM&obInternalId=71118,20240916122706,cdx,
https://www.cnn.com/2024/09/16/politics/rfk-jr-dead-whale-investigation/,20240916192030,cdx,
https://www.cnn.com/2024/09/16/politics/rfk-jr-dead-whale-investigation/index.html,20240916190932,cdx,
https://www.cnn.com/2024/09/16/politics/ryan-routh-trump-suspect-invs/,20240916210658,cdx,
https://www.cnn.com/2024/09/16/politics/ryan-routh-trump-suspect-invs?cid=ios_app,20240916220958,cdx,
https://www.cnn.com/2024/09/16/politics/secret-service-history-what-matters/,20240916185402,cdx,
https://www.cnn.com/2024/09/16/politics/secret-service-history-what-matters/index.html,20240916192642,cdx,
https://www.cnn.com/2024/09/16/politics/secret-service-trump-second-assassination-attempt/,20240916210502,cdx,
https://www.cnn.com/2024/09/16/politics/secret-service-trump-second-assassination-attempt/index.html,20240916202142,cdx,
https://www.cnn.com/2024/09/16/politics/trump-assassination-court-developments/,20240916142633,cdx,
https://www.cnn.com/2024/09/16/politics/trump-assassination-court-developments/index.html,20240916184047,cdx,
https://www.cnn.com/2024/09/16/politics/trump-cryptocurrency-business/,20240916192129,cdx,
https://www.cnn.com/2024/09/16/politics/trump-cryptocurrency-business/index.html,20240916194002,cdx,
https://www.cnn.com/2024/09/16/politics/trump-cryptocurrency-business?cid=ios_app,20240916210014,cdx,
https://www.cnn.com/2024/09/16/politics/us-military-niger-withdrawal/,20240916172429,cdx,
https://www.cnn.com/2024/09/16/politics/us-military-niger-withdrawal/index.html,20240916193722,cdx,
https://www.cnn.com/2024/09/16/politics/us-south-korea-forces-new-deal/index.html,20240916122623,cdx,
https://www.cnn.com/2024/09/16/politics/us-south-korea-forces-new-deal/index.html?utm_source=fark&utm_medium=website&utm_content=link&ICID=ref_fark,20240916155028,cdx,
https://www.cnn.com/2024/09/16/politics/video/ryan-routh-interviews-ukraine-digvid,20240916194257,cdx,
https://www.cnn.com/2024/09/16/politics/video/trump-assassination-attempt-reporter-interviewed-suspect-ryan-wesley-routh-digvid,20240916170427,cdx,
https://www.cnn.com/2024/09/16/science/voyager-1-thruster-issue/,20240916232033,cdx,
https://www.cnn.com/2024/09/16/science/voyager-1-thruster-issue/index.html,20240916231424,cdx,
https://www.cnn.com/2024/09/16/sport/daniel-ricciardo-profile-formula-one-spt-intl/index.html,20240916164636,cdx,
https://www.cnn.com/2024/09/16/sport/daniel-ricciardo-profile-formula-one-spt-intl?cid=external-feeds_iluminar_yahoo,20240916201339,cdx,
https://www.cnn.com/2024/09/16/sport/lamine-yamal-european-soccer-wrap-spt-intl/index.html,20240916192612,cdx,
https://www.cnn.com/2024/09/16/sport/malik-willis-josh-myers-packers-vomit-spt-intl,20240916150953,cdx,
https://www.cnn.com/2024/09/16/sport/malik-willis-josh-myers-packers-vomit-spt-intl/index.html,20240916133042,cdx,
https://www.cnn.com/2024/09/16/sport/malik-willis-josh-myers-packers-vomit-spt-intl?cid=external-feeds_iluminar_yahoo,20240916191301,cdx,
https://www.cnn.com/2024/09/16/sport/tua-tagovailoa-dolphins-concussion-nfl-spt-intl/,20240916224904,cdx,
https://www.cnn.com/2024/09/16/sport/tua-tagovailoa-dolphins-concussion-nfl-spt-intl/index.html,20240916125327,cdx,
https://www.cnn.com/2024/09/16/sport/tua-tagovailoa-dolphins-concussion-nfl-spt-intl?cid=external-feeds_iluminar_cnn-brasil,20240916125325,cdx,
https://www.cnn.com/2024/09/16/style/anna-sawai-shogun-emmys-red-carpet-hnk-intl/,20240916113742,cdx,
https://www.cnn.com/2024/09/16/style/anna-sawai-shogun-emmys-red-carpet-hnk-intl/index.html,20240916163445,cdx,
https://www.cnn.com/2024/09/16/style/dpharaoh-red-face-paint-emmys-intl-scli/,20240916113510,cdx,
https://www.cnn.com/2024/09/16/style/dpharaoh-red-face-paint-emmys-intl-scli/index.html,20240916130324,cdx,
https://www.cnn.com/2024/09/16/style/mens-fashion-emmys-red-carpet/,20240916065211,cdx,
https://www.cnn.com/2024/09/16/style/mens-fashion-emmys-red-carpet/index.html,20240916121445,cdx,
https://www.cnn.com/2024/09/16/tech/elon-musk-biden-trump-assassination-attempt,20240916143852,cdx,
https://www.cnn.com/2024/09/16/tech/elon-musk-biden-trump-assassination-attempt/index.html,20240916135948,cdx,
https://www.cnn.com/2024/09/16/tech/tiktok-has-15-minutes-to-fight-for-its-life/,20240916112509,cdx,
https://www.cnn.com/2024/09/16/tech/tiktok-has-15-minutes-to-fight-for-its-life/index.html,20240916121142,cdx,
https://www.cnn.com/2024/09/16/tech/tiktok-has-15-minutes-to-fight-for-its-life?cid=external-feeds_iluminar_yahoo,20240916193328,cdx,
https://www.cnn.com/2024/09/16/us/5-things-pm-september-16-trnd/,20240916232013,cdx,
https://www.cnn.com/2024/09/16/us/5-things-pm-september-16-trnd/index.html,20240916224235,cdx,
https://www.cnn.com/2024/09/16/us/5-things-to-know-for-sept-16-trump-emmy-awards-severe-weather-middle-east-spacex/,20240916122549,cdx,
https://www.cnn.com/2024/09/16/us/apalachee-high-school-teacher-georgia-shooting/,20240916165333,cdx,
https://www.cnn.com/2024/09/16/us/apalachee-high-school-teacher-georgia-shooting/index.html,20240916174435,cdx,
https://www.cnn.com/2024/09/16/us/florida-11-year-old-arrested-school-shooting-threat/,20240916210653,cdx,
https://www.cnn.com/2024/09/16/us/florida-11-year-old-arrested-school-shooting-threat/index.html,20240916211905,cdx,
https://www.cnn.com/2024/09/16/us/gilgo-beach-killings-asian-doe/,20240916113528,cdx,
https://www.cnn.com/2024/09/16/us/gilgo-beach-killings-asian-doe/index.html,20240916101815,cdx,
https://www.cnn.com/2024/09/16/us/ryan-routh-trump-what-we-know-intl-hnk/,20240916122220,cdx,
https://www.cnn.com/2024/09/16/us/ryan-routh-trump-what-we-know-intl-hnk/index.html,20240916125608,cdx,
https://www.cnn.com/2024/09/16/us/springfield-ohio-closures-threats/,20240916170930,cdx,
https://www.cnn.com/2024/09/16/us/springfield-ohio-closures-threats/index.html,20240916191500,cdx,
https://www.cnn.com/2024/09/16/us/texas-pipeline-fire/,20240916210532,cdx,
https://www.cnn.com/2024/09/16/us/titan-submersible-implosion-coast-guard-hearing/,20240916113554,cdx,
https://www.cnn.com/2024/09/16/us/titan-submersible-implosion-coast-guard-hearing/index.html,20240916203438,cdx,
https://www.cnn.com/2024/09/16/us/tito-jackson-death/,20240916075425,cdx,
https://www.cnn.com/2024/09/16/us/tito-jackson-death/index.html,20240916073531,cdx,
https://www.cnn.com/2024/09/16/us/video/arizona-election-security-digvid,20240916174957,cdx,
https://www.cnn.com/2024/09/16/us/video/emmy-awards-2024-cat-ladies-digvid,20240916094047,cdx,
https://www.cnn.com/2024/09/16/us/video/emmy-awards-2024-cat-ladies-digvid?dicbo=v2-wVptcId&hpt=ob_blogfooterold,20240916183616,cdx,
https://www.cnn.com/2024/09/16/us/video/martin-county-sheriff-william-snyder-ryan-wesley-routh-digvid,20240916162422,cdx,
https://www.cnn.com/2024/09/16/us/video/ryan-wesley-routh-arrest-video-donald-trump-digvid,20240916171845,cdx,
https://www.cnn.com/2024/09/16/weather/storm-boris-floods-europe-intl/,20240916122212,cdx,
https://www.cnn.com/2024/09/16/weather/storm-boris-floods-europe-intl/index.html,20240916125354,cdx,
https://www.cnn.com/2024/09/16/weather/tropical-storm-helene-south-north-carolina-climate/,20240916143951,cdx,
https://www.cnn.com/2024/09/16/weather/tropical-storm-helene-south-north-carolina-climate/index.html,20240916183940,cdx,
https://www.cnn.com/2024/09/16/world/video/central-europe-flood-heavy-rain-digvid,20240916213551,cdx,
https://www.cnn.com/2024/09/01/business/boeing-strike-threat/index.html?cid=ios_app,20240920111938,cdx,
https://www.cnn.com/2024/09/01/business/boeing-strike-threat?cid=external-feeds_iluminar_yahoo,20240920152707,cdx,
https://www.cnn.com/2024/09/01/sport/karolina-muchova-us-open-run-jasmine-paolini-spt-intl?cid=external-feeds_iluminar_yahoo,20240920130551,cdx,
https://www.cnn.com/2024/09/01/style/crop-tops-middle-age-essay,20240920073156,cdx,
https://www.cnn.com/2024/09/02/business/hong-kong-cathay-pacific-a350-hnk-intl?cid=external-feeds_iluminar_yahoo,20240920153843,cdx,
https://www.cnn.com/2024/09/02/business/hotel-strike?cid=external-feeds_iluminar_yahoo,20240920104137,cdx,
https://www.cnn.com/2024/09/02/entertainment/bond-slow-horses-spy-movies-cec/,20240920124239,cdx,
https://www.cnn.com/2024/09/02/entertainment/ian-mckellen-lord-rings-gandalf/,20240919195304,cdx,
https://www.cnn.com/2024/09/02/politics/2024-harris-trump-labor-day/index.html?cid=external-feeds_iluminar_yahoo,20240920094222,cdx,
https://www.cnn.com/2024/09/02/politics/kamala-harris-us-steel/index.html?utm_source=fark&utm_medium=website&utm_content=link&ICID=ref_fark,20240920131840,cdx,
https://www.cnn.com/2024/09/02/politics/video/trump-every-right-election-interference-fox-intvu-digvid,20240919011804,cdx,
https://www.cnn.com/2024/09/02/science/titanic-photos-show-major-decay-intl-scli?cid=external-feeds_iluminar_yahoo,20240920093257,cdx,
https://www.cnn.com/2024/09/02/sport/angel-reese-wnba-rebound-record-spt-intl/index.html?cid=external-feeds_iluminar_yahoo,20240920110644,cdx,
https://www.cnn.com/2024/09/02/sport/hunter-woodhall-paralympics-paris-spt-intl/,20240919020929,cdx,
https://www.cnn.com/2024/09/02/sport/hunter-woodhall-paralympics-paris-spt-intl/index.html,20240919021218,cdx,
https://www.cnn.com/2024/09/02/sport/hunter-woodhall-paralympics-paris-spt-intl/index.html?cid=external-feeds_iluminar_yahoo,20240919005205,cdx,
https://www.cnn.com/2024/09/02/sport/hunter-woodhall-paralympics-paris-spt-intl?cid=external-feeds_iluminar_yahoo,20240920104101,cdx,
https://www.cnn.com/2024/09/02/sport/joey-chestnut-world-record-hot-dog-spt-intl/index.html?utm_source=fark&utm_medium=website&utm_content=link&ICID=ref_fark,20240920133850,cdx,
https://www.cnn.com/2024/09/02/sport/joey-chestnut-world-record-hot-dog-spt-intl?cid=external-feeds_iluminar_yahoo,20240920144112,cdx,
https://www.cnn.com/2024/09/02/sport/kylian-mbappe-real-madrid-real-betis-spt-intl/index.html?cid=external-feeds_iluminar_yahoo,20240919223412,cdx,
https://www.cnn.com/2024/09/02/sport/mohamed-salah-future-liverpool-manchester-united-spt-intl/,20240919020902,cdx,
https://www.cnn.com/2024/09/02/us/rancho-palos-verdes-power-outages,20240919025752,cdx,
https://www.cnn.com/2024/09/02/us/rancho-palos-verdes-power-outages/index.html?utm_source=fark&utm_medium=website&utm_content=link&ICID=ref_fark,20240920193504,cdx,
https://www.cnn.com/2024/09/03/australia/yacht-rescue-off-nsw-coast-intl-hnk,20240919084454,cdx,
https://www.cnn.com/2024/09/03/business/chase-tiktok-trend/index.html,20240920015056,cdx,
https://www.cnn.com/2024/09/03/business/chase-tiktok-trend?cid=external-feeds_iluminar_yahoo,20240920144021,cdx,
https://www.cnn.com/2024/09/03/business/costco-membership-fee-price-increase/index.html,20240919034322,cdx,
https://www.cnn.com/2024/09/03/climate/video/nasa-sea-robot-climate-change-antarctic-ice-weir-digvid,20240919064727,cdx,
https://www.cnn.com/2024/09/03/food/honey-deuce-us-open-cocktail-popularity?cid=external-feeds_iluminar_yahoo,20240920160601,cdx,
https://www.cnn.com/2024/09/03/investing/us-stocks-first-day-september/,20240919184657,cdx,
https://www.cnn.com/2024/09/03/investing/us-stocks-first-day-september?Date=20240903&Profile=CNN,20240920074617,cdx,
https://www.cnn.com/2024/09/03/politics/harris-economic-proposals/,20240920160132,cdx,
https://www.cnn.com/2024/09/03/politics/harris-trump-2024-campaign/index.html?cid=external-feeds_iluminar_yahoo,20240920094206,cdx,
https://www.cnn.com/2024/09/03/politics/video/david-axelrod-harris-trump-presidential-race-sot-cnc-digvid,20240919135608,cdx,
https://www.cnn.com/2024/09/03/sport/armless-archers-viral-paralympics-spt-intl,20240919085101,cdx,
https://www.cnn.com/2024/09/03/sport/ricky-pearsall-miss-four-games-49ers-spt-intl?cid=external-feeds_iluminar_yahoo,20240920154635,cdx,
https://www.cnn.com/2024/09/03/tech/facebook-spam-ai-meta/index.html?utm_source=fark&utm_medium=website&utm_content=link&ICID=ref_fark,20240920153253,cdx,
https://www.cnn.com/2024/09/03/us/king-county-washington-interstate-shooting/,20240919025300,cdx,
https://www.cnn.com/2024/09/04/americas/mexico-judicial-reform-amlo-intl-latam/,20240919012721,cdx,
https://www.cnn.com/2024/09/04/business/dollar-stores-walmart-low-income-consumers/index.html,20240920172652,cdx,
https://www.cnn.com/2024/09/04/business/us-steel-nippon-steel-chances?cid=external-feeds_iluminar_yahoo,20240920172109,cdx,
https://www.cnn.com/2024/09/04/entertainment/winona-ryder-keanu-reeves-husband-wife/,20240919022033,cdx,
https://www.cnn.com/2024/09/04/health/suicide-prevention-month-important-facts-wellness/,20240919132710,cdx,
https://www.cnn.com/2024/09/04/media/rupert-murdoch-lachlan-succession-court-news-outlets/,20240919160645,cdx,
https://www.cnn.com/2024/09/04/media/rupert-murdoch-lachlan-succession-court-news-outlets/index.html?utm_term=1725885459989eee2cfddef3c&utm_source=cnn_Reliable+Sources+relaunch+Sept+9&utm_medium=email&bt_ee=qo5wrozS5b3FD52eu%2BQVU8ElzYvtdCzEZ1grZbE1E%2BGx%2BpBnqQlnowu6XDGeSnwG&bt_ts=1725885459992,20240920162514,cdx,
https://www.cnn.com/2024/09/04/politics/cnn-polls-battleground-states/index.html?iid=cnn_buildContentRecirc_end_recirc,20240920164909,cdx,
https://www.cnn.com/2024/09/04/politics/doj-alleges-russia-funded-company-linked-social-media-stars/,20240919225033,cdx,
https://www.cnn.com/2024/09/04/politics/donald-trump-fact-check-children-gender-affirming-surgery/index.html?cid=external-feeds_iluminar_yahoo,20240919214401,cdx,
https://www.cnn.com/2024/09/04/politics/kamala-harris-capital-gains-tax/index.html,20240920213651,cdx,
https://www.cnn.com/2024/09/04/politics/liz-cheney-voting-kamala-harris/,20240919223813,cdx,
https://www.cnn.com/2024/09/04/politics/liz-cheney-voting-kamala-harris/index.html?cid=external-feeds_iluminar_yahoo,20240919020155,cdx,
https://www.cnn.com/2024/09/04/politics/video/liz-cheney-kamala-harris-endorsement-digvid?cid=external-feeds_iluminar_yahoo,20240919013641,cdx,
https://www.cnn.com/2024/09/04/politics/video/trump-harris-2024-election-poll-cnn-digvid,20240919043709,cdx,
https://www.cnn.com/2024/09/04/science/asteroid-strike-philippines-luzon-island/,20240919020831,cdx,
https://www.cnn.com/2024/09/04/science/asteroid-strike-philippines-luzon-island?cid=external-feeds_iluminar_yahoo,20240919010655,cdx,
https://www.cnn.com/2024/09/04/science/fungus-robot-mushroom-biohybrid/index.html?cid=external-feeds_iluminar_yahoo,20240920093311,cdx,
https://www.cnn.com/2024/09/04/science/pictish-ring-scotland-intl-scli/index.html,20240919051132,cdx,
https://www.cnn.com/2024/09/04/science/pictish-ring-scotland-intl-scli?cid=external-feeds_iluminar_yahoo,20240920093800,cdx,
https://www.cnn.com/2024/09/04/sport/olympics-breaker-raygun-apologizes-intl-scli-spt/,20240920220014,cdx,
https://www.cnn.com/2024/09/04/travel/arch-of-constantine-rome-lightning-damage/,20240920072026,cdx,
https://www.cnn.com/2024/09/04/us/video/georgia-shooting-apalachee-high-school-student-lead-digvid,20240920172850,cdx,
https://www.cnn.com/2024/09/04/world/video/french-rape-trail-man-accused-of-drugging-and-raping-wife-digvid,20240919013143,cdx,
https://www.cnn.com/2024/09/05/business/advertisers-x-withdrawal/index.html,20240920005829,cdx,
https://www.cnn.com/2024/09/05/business/burberry-ftse-100-drop/,20240919160845,cdx,
https://www.cnn.com/2024/09/05/business/trump-economy-tariffs?cid=external-feeds_iluminar_yahoo,20240920154608,cdx,
https://www.cnn.com/2024/09/05/europe/ukraine-army-chief-kursk-incursion-exclusive-intl/index.html?cid=external-feeds_iluminar_yahoo,20240919004006,cdx,
https://www.cnn.com/2024/09/05/health/youth-vaping-decline-e-cigarette-nicotine-pouches,20240920160434,cdx,
https://www.cnn.com/2024/09/05/investing/opec-extend-oil-output-cuts/,20240919184657,cdx,
https://www.cnn.com/2024/09/05/politics/dimitri-simes-criminal-charges-russia/,20240920220122,cdx,
https://www.cnn.com/2024/09/05/politics/fact-check-donald-trump-kamala-harris/,20240919142522,cdx,
https://www.cnn.com/2024/09/05/politics/hunter-biden-case/index.html,20240920040216,cdx,
https://www.cnn.com/2024/09/05/politics/melania-trump-memoir-video/,20240919055459,cdx,
https://www.cnn.com/2024/09/05/politics/russian-trolling-2-0-how-the-kremlin-shifted-tactics-from-its-2016-election-strategy/,20240919011045,cdx,
https://www.cnn.com/2024/09/05/politics/trump-claims-boosting-tariffs-pay-for-child-care/,20240919025329,cdx,
https://www.cnn.com/2024/09/05/politics/trump-economic-plans-musk-government-commission/,20240919235140,cdx,
https://www.cnn.com/2024/09/05/politics/trump-economic-plans-musk-government-commission/index.html,20240920012836,cdx,
https://www.cnn.com/2024/09/05/politics/trump-economic-plans-musk-government-commission/index.html?cid=external-feeds_iluminar_yahoo,20240919032639,cdx,
https://www.cnn.com/2024/09/05/politics/video/elie-honig-paula-reid-hunter-biden-guilty-plea-lead-digvid,20240920040231,cdx,
https://www.cnn.com/2024/09/05/science/food-dye-transparent-mice-skin/index.html,20240919050048,cdx,
https://www.cnn.com/2024/09/05/science/food-dye-transparent-mice-skin?cid=external-feeds_iluminar_yahoo,20240920093311,cdx,
https://www.cnn.com/2024/09/05/science/ganymede-asteroid-impact/,20240919020831,cdx,
https://www.cnn.com/2024/09/05/science/ganymede-asteroid-impact/index.html,20240919040747,cdx,
https://www.cnn.com/2024/09/05/science/ganymede-asteroid-impact?cid=external-feeds_iluminar_yahoo,20240919010758,cdx,
https://www.cnn.com/2024/09/05/sport/caitlin-clark-triple-double-wnba-spt-intl/index.html?cid=external-feeds_iluminar_yahoo,20240919050803,cdx,
https://www.cnn.com/2024/09/05/travel/video/turkey-troy-arrow-spc,20240919020856,cdx,
https://www.cnn.com/2024/09/05/us/colt-gray-suspect-georgia-shooter?cid=external-feeds_iluminar_yahoo,20240919052526,cdx,
https://www.cnn.com/2024/09/05/us/victims-apalachee-high-school-shooting/index.html,20240920034428,cdx,
https://www.cnn.com/2024/09/05/world/gallery/photos-this-week-august-29-september-5/index.html,20240920111906,cdx,
https://www.cnn.com/2024/09/06/business/judge-ncaa-nil-settlement-hold/,20240919022414,cdx,
https://www.cnn.com/2024/09/06/business/pwc-tracking-employees-office-gbr-scli-intl/index.html,20240919144745,cdx,
https://www.cnn.com/2024/09/06/business/undocumented-immigrants-trump-mortgage-ban/,20240919192403,cdx,
https://www.cnn.com/2024/09/06/business/us-open-fritz-tiafoe-ticket-prices,20240920165734,cdx,
https://www.cnn.com/2024/09/06/china/china-africa-us-xi-jinping-intl-hnk/index.html,20240919005757,cdx,
https://www.cnn.com/2024/09/06/entertainment/catherine-ohara-bizarre-movie-moms-beetlejuice/,20240919022033,cdx,
https://www.cnn.com/2024/09/06/entertainment/video/hollywood-entertainment-video-games-harry-potter-quidditch-champions-verne-shape-of-fantasy-imagine-dragons-starfield-song,20240919001136,cdx,
https://www.cnn.com/2024/09/06/health/first-human-case-of-bird-flu-not-linked-to-animals/index.html,20240919001312,cdx,
https://www.cnn.com/2024/09/06/politics/iran-transfers-ballistic-missiles-russia/index.html?cid=external-feeds_iluminar_yahoo,20240920180148,cdx,
https://www.cnn.com/2024/09/06/politics/jd-vance-school-shootings-security/,20240919042204,cdx,
https://www.cnn.com/2024/09/06/politics/pakistani-man-charged-plotting-terrorist-october-7-anniversary/,20240919201155,cdx,
https://www.cnn.com/2024/09/06/politics/us-sees-increasing-risk-of-russian-sabotage-undersea-cables/index.html?email=467cb6399cb7df64551775e431052b43a775c749&emaila=12a6d4d069cd56cfddaa391c24eb7042&emailb=054528e7403871c79f668e49dd3c44b1ec00c7f611bf9388f76bb2324d6ca5f3&utm_source=Sailthru&utm_medium=email&utm_campaign=09.06.24%20Defense%20%26%20National%20Security%20JB,20240919001916,cdx,
https://www.cnn.com/2024/09/06/politics/video/enten-2024-election-trump-harris-closest-in-generation-digvid,20240919001433,cdx,
https://www.cnn.com/2024/09/06/science/boeing-starliner-return-without-astronauts/,20240919020831,cdx,
https://www.cnn.com/2024/09/06/science/boeing-starliner-return-without-astronauts/index.html?cid=external-feeds_iluminar_yahoo,20240920093340,cdx,
https://www.cnn.com/2024/09/06/sport/jessica-pegula-us-open-womens-semifinals-spt-intl/index.html,20240920184909,cdx,
https://www.cnn.com/2024/09/06/sport/paralympics-hunter-woodhall-paris-gold-spt-intl/index.html,20240919025555,cdx,
https://www.cnn.com/2024/09/06/sport/sara-errani-us-open-mixed-doubles-tennis-spt-intl/,20240920220014,cdx,
https://www.cnn.com/2024/09/06/us/apalachee-school-shooting-georgia-friday,20240919001537,cdx,
https://www.cnn.com/2024/09/06/us/apalachee-school-shooting-georgia-friday/index.html,20240919212023,cdx,
https://www.cnn.com/2024/09/06/us/apalachee-school-shooting-georgia-friday/index.html?cid=external-feeds_iluminar_yahoo,20240919052009,cdx,
https://www.cnn.com/2024/09/06/us/colin-gray-georgia-shooting-suspect-father-charges,20240919025543,cdx,
https://www.cnn.com/2024/09/06/us/va-housing-west-los-angeles/index.html,20240919001852,cdx,
https://www.cnn.com/2024/09/06/us/video/georgia-school-shooting-suspect-and-father-first-court-appearance-digvid,20240919212037,cdx,
https://www.cnn.com/2024/09/06/us/video/teen-face-to-face-georgia-school-shooting-suspect-rosales-ebof-digvid,20240919012735,cdx,
https://www.cnn.com/2024/09/06/weather/hurricane-season-atlantic-storms-climate/,20240919075506,cdx,
https://www.cnn.com/2024/09/06/world/rebecca-cheptegei-killed-female-runners-kenya-cec,20240919091304,cdx,
https://www.cnn.com/2024/09/07/asia/older-medical-school-graduate-intl-hnk/index.html,20240920095503,cdx,
https://www.cnn.com/2024/09/07/asia/pope-francis-papua-new-guinea-intl/index.html,20240919005655,cdx,
https://www.cnn.com/2024/09/07/climate/rancho-palos-verdes-landslide-rainfall/,20240920220049,cdx,
https://www.cnn.com/2024/09/07/health/egg-recall-salmonella-outbreak,20240920171925,cdx,
https://www.cnn.com/2024/09/07/health/empathize-inanimate-objects-anthropomorphize-wellness/index.html,20240919001454,cdx,
https://www.cnn.com/2024/09/07/health/guns-death-us-children-teens-dg/,20240920213125,cdx,
https://www.cnn.com/2024/09/07/health/guns-death-us-children-teens-dg/index.html,20240919002816,cdx,
https://www.cnn.com/2024/09/07/health/mental-health-jobs-projections-dg,20240919025214,cdx,
https://www.cnn.com/2024/09/07/middleeast/israel-bedouins-arabs-unrecognized-villages-neglected-hamas-war-mime-intl/index.html,20240919004504,cdx,
https://www.cnn.com/2024/09/07/politics/trump-modify-25th-amendment-harris-biden,20240919024010,cdx,
https://www.cnn.com/2024/09/07/politics/video/smerconish-commentary-harris-trump-election-polls-pennsylvania-digvid,20240919004244,cdx,
https://www.cnn.com/2024/09/07/science/video/boeing-starliner-landing-returns-earth-fisher-lcl-digvid,20240919001814,cdx,
https://www.cnn.com/2024/09/07/science/video/lessons-learned-boeing-starliner-landing-miles-obrien-sot-digvid,20240919002716,cdx,
https://www.cnn.com/2024/09/07/sport/angel-reese-out-rest-of-wnba-season-spt-intl,20240919091922,cdx,
https://www.cnn.com/2024/09/07/sport/angel-reese-out-rest-of-wnba-season-spt-intl?cid=external-feeds_iluminar_yahoo,20240920102603,cdx,
https://www.cnn.com/2024/09/07/sport/carlsen-niemann-chess-first-match-scandal-spt-intl?cid=external-feeds_iluminar_cnn-brasil,20240919015345,cdx,
https://www.cnn.com/2024/09/07/sport/nfl-in-brazil-eagles-packers-spt-intl/index.html?cid=external-feeds_iluminar_yahoo,20240920095331,cdx,
https://www.cnn.com/2024/09/07/sport/us-open-final-pegula-sabalenka-spt-intl?cid=external-feeds_iluminar_cnn-brasil,20240920111906,cdx,
https://www.cnn.com/2024/09/07/us/apalachee-school-shooting-georgia-saturday,20240919025648,cdx,
https://www.cnn.com/2024/09/07/us/apalachee-school-shooting-georgia-saturday/index.html,20240919202011,cdx,
https://www.cnn.com/2024/09/07/us/kentucky-interstate-75-shooting?Date=20240907&Profile=CNN&utm_content=1725752245&utm_medium=social&utm_source=facebook&fbclid=IwZXh0bgNhZW0CMTEAAR0t1wURjjUjWNpdMf8Iu_-hKDVE97uAXPrsCB-FVBhrx4u1ajhmt4Dfb4g_aem_ilz9hgwEpRY9ZhQGH5I0Hg&ai=,20240920084358,cdx,
https://www.cnn.com/2024/09/07/us/missing-washington-hiker-found/index.html,20240919091314,cdx,
https://www.cnn.com/2024/09/07/us/san-bernardino-california-wildfire/index.html?cid=external-feeds_iluminar_yahoo,20240920110722,cdx,
https://www.cnn.com/2024/09/07/us/video/kentucky-shooting-beshear-highway-i75-digvid,20240919090926,cdx,
https://www.cnn.com/2024/09/08/americas/venezuela-opposition-candidate-gonzalez-spain-intl-hnk/index.html,20240920111236,cdx,
https://www.cnn.com/2024/09/08/business/frequent-flyer-programs-airlines,20240920160102,cdx,
https://www.cnn.com/2024/09/08/business/hiring-election-interest-rates/index.html,20240920111612,cdx,
https://www.cnn.com/2024/09/08/entertainment/kendrick-lamar-2025-super-bowl-halftime-show/index.html,20240919025101,cdx,
https://www.cnn.com/2024/09/08/entertainment/taylor-swift-travis-kelce-us-open/index.html,20240920095436,cdx,
https://www.cnn.com/2024/09/08/health/video/gps-0908-the-resurgence-of-diseases,20240919085829,cdx,
https://www.cnn.com/2024/09/08/middleeast/israeli-airstrikes-syria-intl-latam/index.html,20240920193252,cdx,
https://www.cnn.com/2024/09/08/politics/afghanistan-withdrawal-house-reports-mccaul-meeks/index.html,20240919025229,cdx,
https://www.cnn.com/2024/09/08/politics/house-investigations-congress-return/index.html,20240919092423,cdx,
https://www.cnn.com/2024/09/08/politics/kamala-harris-donald-trump-debate/index.html,20240919024644,cdx,
https://www.cnn.com/2024/09/08/politics/kamala-harris-foreign-diplomacy,20240919024302,cdx,
https://www.cnn.com/2024/09/08/politics/kamala-harris-foreign-diplomacy/index.html,20240919023950,cdx,
https://www.cnn.com/2024/09/08/politics/trump-threatens-prosecution-2024-election-officials,20240919024010,cdx,
https://www.cnn.com/2024/09/08/politics/video/harris-embraces-tearful-voter-pittsburgh-digvid,20240920095828,cdx,
https://www.cnn.com/2024/09/08/politics/video/john-fetterman-pennsylvania-voters-biden-harris-trump-sotu-digvid,20240919090621,cdx,
https://www.cnn.com/2024/09/08/politics/video/sotu-bash-presses-buttigieg-on-afghanistan,20240920112223,cdx,
https://www.cnn.com/2024/09/08/politics/video/sotu-bash-presses-cotton-on-georgia-school-shooting-repsonse,20240919091330,cdx,
https://www.cnn.com/2024/09/08/politics/video/sotu-buttigieg-rips-trump-full,20240920110308,cdx,
https://www.cnn.com/2024/09/08/politics/video/sotu-cotton-on-cheney-endorsement-full,20240920113045,cdx,
https://www.cnn.com/2024/09/08/politics/video/sotu-pre-debate-panel-full,20240919090103,cdx,
https://www.cnn.com/2024/09/08/sport/dak-prescott-dallas-cowboys-contract/,20240919151829,cdx,
https://www.cnn.com/2024/09/08/sport/dak-prescott-dallas-cowboys-contract/index.html,20240919024641,cdx,
https://www.cnn.com/2024/09/08/sport/jessica-pegula-us-open-final-spt-intl/index.html,20240919093733,cdx,
https://www.cnn.com/2024/09/08/sport/lyudmyla-kichenok-wedding-us-open-doubles-spt-intl/index.html,20240920110641,cdx,
https://www.cnn.com/2024/09/08/sport/rebecca-cheptegei-tribute-paris-olympian-uganda-spt-intl/,20240920220054,cdx,
https://www.cnn.com/2024/09/08/sport/tyreek-hill-detained-miami-dolphins-nfl-spt-intl,20240920155510,cdx,
https://www.cnn.com/2024/09/08/sport/tyreek-hill-detained-miami-dolphins-nfl-spt-intl/index.html,20240920154424,cdx,
https://www.cnn.com/2024/09/08/sport/tyreek-hill-detained-miami-dolphins-nfl-spt-intl?cid=external-feeds_iluminar_cnn-brasil,20240920102210,cdx,
https://www.cnn.com/2024/09/08/sport/tyreek-hill-detained-miami-dolphins-nfl-spt-intl?cid=external-feeds_iluminar_google,20240920172320,cdx,
https://www.cnn.com/2024/09/08/sport/us-open-mens-final-sinner-fritz-spt-intl,20240920141642,cdx,
https://www.cnn.com/2024/09/08/sport/video/tyreek-hill-detained-miami-dolphins-nfl-riddell-digvid,20240920112642,cdx,
https://www.cnn.com/2024/09/08/us/5-things-sunday-september-8-trnd/index.html,20240920103326,cdx,
https://www.cnn.com/2024/09/08/us/kentucky-interstate-75-shooting-sunday,20240919025349,cdx,
https://www.cnn.com/2024/09/08/us/kentucky-interstate-75-shooting-sunday/index.html,20240919024754,cdx,
https://www.cnn.com/2024/09/08/us/video/apalachee-high-school-shooting-community-digvid,20240919090310,cdx,
https://www.cnn.com/2024/09/08/us/video/kentucky-manhunt-interstate-75-shooting-digvid,20240919011031,cdx,
https://www.cnn.com/2024/09/08/weather/line-fire-california-and-nevada-wildfires-heat/,20240919020943,cdx,
https://www.cnn.com/2024/09/08/weather/tropical-storm-gulf-of-mexico/index.html,20240919022739,cdx,
https://www.cnn.com/2024/09/08/world/video/gps-0908-the-path-to-a-two-state-solution,20240920111800,cdx,
https://www.cnn.com/2024/09/08/world/video/pope-francis-vanimo-papua-new-guinea-lamb-digvid,20240919091453,cdx,
https://www.cnn.com/2024/09/09/asia/pope-francis-east-timor-intl-hnk/index.html,20240919023313,cdx,
https://www.cnn.com/2024/09/09/business/beetlejuice-beetlejuice-box-office-opening-weekend/index.html,20240919030755,cdx,
https://www.cnn.com/2024/09/09/business/big-lots-chapter-11-bankruptcy/index.html,20240919034313,cdx,
https://www.cnn.com/2024/09/09/business/canada-peter-nygard-sexual-assault-sentence-intl-hnk/index.html,20240920154921,cdx,
https://www.cnn.com/2024/09/09/business/directv-switch-sling-fubo/index.html,20240919031209,cdx,
https://www.cnn.com/2024/09/09/business/homeowners-financially-unprepared-extreme-weather/index.html,20240919025005,cdx,
https://www.cnn.com/2024/09/09/business/job-market-law-enforcement/index.html,20240919031435,cdx,
https://www.cnn.com/2024/09/09/business/many-pickup-trucks-must-be-redesigned-to-reduce-pedestrian-deaths-under-proposed-regulation/index.html,20240919024853,cdx,
https://www.cnn.com/2024/09/09/business/video/saudi-arabia-invest-sports-spc,20240919025059,cdx,
https://www.cnn.com/2024/09/09/china/china-mars-mission-tianwen-3-intl-hnk/index.html,20240920180409,cdx,
https://www.cnn.com/2024/09/09/climate/nuclear-warheads-haleu/index.html,20240919024429,cdx,
https://www.cnn.com/2024/09/09/entertainment/benj-pasek-justin-paul-egot-emmy/index.html,20240919030614,cdx,
https://www.cnn.com/2024/09/09/entertainment/cma-awards-2024-nominations/index.html,20240919025014,cdx,
https://www.cnn.com/2024/09/09/entertainment/harvey-weinstein-hospital/index.html,20240920172219,cdx,
https://www.cnn.com/2024/09/09/entertainment/selena-gomez-motherhood/index.html,20240919030109,cdx,
https://www.cnn.com/2024/09/09/entertainment/video/hollywood-entertainment-streaming-hallmark-plus-lea-thompson-wendie-malick-schuyler-fisk-genevieve-angelson-chicken-sisters,20240919025736,cdx,
https://www.cnn.com/2024/09/09/europe/norway-spy-whale-hvaldimir-death-stick-intl-scli/index.html,20240919060742,cdx,
https://www.cnn.com/2024/09/09/health/energy-drinks-caffeine-dangers-wellness?cid=external-feeds_iluminar_cnn-brasil,20240920160153,cdx,
https://www.cnn.com/2024/09/09/health/mammogram-breast-density-fda-wellness/index.html?email=467cb6399cb7df64551775e431052b43a775c749&emaila=12a6d4d069cd56cfddaa391c24eb7042&emailb=054528e7403871c79f668e49dd3c44b1ec00c7f611bf9388f76bb2324d6ca5f3&utm_source=Sailthru&utm_medium=email&utm_campaign=09.10.24%20Health%20Care%20AOD,20240920170816,cdx,
https://www.cnn.com/2024/09/09/health/mental-health-parity-rule/index.html,20240919000434,cdx,
https://www.cnn.com/2024/09/09/health/pandemic-teen-brain-aging-study-wellness/index.html,20240919025150,cdx,
https://www.cnn.com/2024/09/09/middleeast/gaza-hostage-families-presidential-debate-intl-latam/,20240919132727,cdx,
https://www.cnn.com/2024/09/09/middleeast/gaza-hostage-families-presidential-debate-intl-latam/index.html,20240920162238,cdx,
https://www.cnn.com/2024/09/09/middleeast/gaza-humanitarian-crisis-sanitation-mime-intl/index.html,20240919030842,cdx,
https://www.cnn.com/2024/09/09/politics/breakthrough-polling-project-harris-trump-august/index.html,20240920160533,cdx,
https://www.cnn.com/2024/09/09/politics/crypto-fraud-increase/index.html,20240919030427,cdx,
https://www.cnn.com/2024/09/09/politics/georgia-election-board-rules,20240919173615,cdx,
https://www.cnn.com/2024/09/09/politics/georgia-election-board-rules/index.html,20240919025103,cdx,
https://www.cnn.com/2024/09/09/politics/jessica-leeds-donald-trump-cnntv/index.html,20240920182314,cdx,
https://www.cnn.com/2024/09/09/politics/kamala-harris-afghanistan-withdrawal/index.html,20240919031014,cdx,
https://www.cnn.com/2024/09/09/politics/kamala-harris-debate-history-what-matters/index.html,20240920183420,cdx,
https://www.cnn.com/2024/09/09/politics/kamala-harris-debate-history-what-matters/index.html?cid=external-feeds_iluminar_yahoo,20240920193752,cdx,
https://www.cnn.com/2024/09/09/politics/kfile-harris-pledged-support-in-2019-to-cut-ice-funding-and-provide-transgender-surgery-to-detained-migrants/index.html?iid=cnn_buildContentRecirc_end_recirc,20240919022024,cdx,
https://www.cnn.com/2024/09/09/politics/paul-dans-project-2025-trump-cnntv/index.html,20240920155547,cdx,
https://www.cnn.com/2024/09/09/politics/police-questioning-florida-voters-abortion-rights-ballot-petition/index.html,20240920155331,cdx,
https://www.cnn.com/2024/09/09/politics/republicans-vance-hatian-immigrants-pets-rumors/index.html,20240919030835,cdx,
https://www.cnn.com/2024/09/09/politics/republicans-vance-hatian-immigrants-pets-rumors/index.html?cid=external-feeds_iluminar_yahoo,20240919183725,cdx,
https://www.cnn.com/2024/09/09/politics/rfk-jr-remain-michigan-ballot-state-supreme-court/index.html,20240920154718,cdx,
https://www.cnn.com/2024/09/09/politics/rfk-jr-removed-ballots-north-carolina-supreme-court,20240920154651,cdx,
https://www.cnn.com/2024/09/09/politics/rfk-jr-removed-ballots-north-carolina-supreme-court/index.html,20240919054458,cdx,
https://www.cnn.com/2024/09/09/politics/rfk-jr-removed-ballots-north-carolina-supreme-court/index.html?cid=external-feeds_iluminar_yahoo,20240920175435,cdx,
https://www.cnn.com/2024/09/09/politics/trump-debate-prep-analysis/index.html,20240920182249,cdx,
https://www.cnn.com/2024/09/09/politics/trump-marijuana-florida/index.html,20240919025831,cdx,
https://www.cnn.com/2024/09/09/politics/video/harris-trump-debate-prep-zeleny-pkg-ebof-digvid,20240920154652,cdx,
https://www.cnn.com/2024/09/09/politics/video/harry-enten-polling-trend-critical-pennsylvania-harris-trump-digvid,20240919025152,cdx,
https://www.cnn.com/2024/09/09/politics/video/jd-vance-conspiracy-immigrants-eating-pets-newsnight-digvid,20240920154732,cdx,
https://www.cnn.com/2024/09/09/politics/video/kamala-harris-debate-prep-donald-trump-radio-interview-digvid,20240919031203,cdx,
https://www.cnn.com/2024/09/09/politics/video/newsnight-caps-a-beyonce-cma-snub-and-an-nfl-arrest-hours-before-kickoff,20240920155338,cdx,
https://www.cnn.com/2024/09/09/politics/video/nikki-haley-trump-vance-comments-women-2024-debate-digvid,20240920171450,cdx,
https://www.cnn.com/2024/09/09/politics/video/presidential-historian-harris-trump-debate-2024-ac360-digvid,20240920154952,cdx,
https://www.cnn.com/2024/09/09/politics/video/project-2025-paul-dans-trump-src-digvid,20240920154923,cdx,
https://www.cnn.com/2024/09/09/politics/video/sununu-heimlich-maneuver-lobster-roll-competition-digvid,20240919032000,cdx,
https://www.cnn.com/2024/09/09/politics/video/trump-warning-jail-election-officials-adrian-fontes-arizona-intv-nr-digvid,20240919024223,cdx,
https://www.cnn.com/2024/09/09/politics/white-supremacist-terrorgram-indictment/,20240920220122,cdx,
https://www.cnn.com/2024/09/09/politics/white-supremacist-terrorgram-indictment/index.html,20240919025822,cdx,
https://www.cnn.com/2024/09/09/science/europa-clipper-launch-approved/index.html,20240920091216,cdx,
https://www.cnn.com/2024/09/09/science/polaris-dawn-launch-attempt-weather/,20240919195247,cdx,
https://www.cnn.com/2024/09/09/science/polaris-dawn-launch-attempt-weather/index.html,20240919031019,cdx,
https://www.cnn.com/2024/09/09/sport/alex-morgan-soccer-final-game-spt-intl/index.html,20240919024531,cdx,
https://www.cnn.com/2024/09/09/sport/dolphins-tyreek-hill-mike-mcdaniel-spt-intl/index.html,20240920171725,cdx,
https://www.cnn.com/2024/09/09/sport/gallery/nfl-2024-season/,20240919184724,cdx,
https://www.cnn.com/2024/09/09/sport/nations-league-sunday-review-ronaldo-spt-intl/index.html,20240919031010,cdx,
https://www.cnn.com/2024/09/09/sport/nfl-week-1-sunday-review-spt-intl,20240920160712,cdx,
https://www.cnn.com/2024/09/09/sport/nfl-week-1-sunday-review-spt-intl/index.html,20240919024548,cdx,
https://www.cnn.com/2024/09/09/sport/paralympics-closing-ceremony-paris-spt-intl/index.html,20240920154826,cdx,
https://www.cnn.com/2024/09/09/sport/shohei-ohtani-46-home-runs-50-50-spt-intl/index.html,20240919025627,cdx,
https://www.cnn.com/2024/09/09/sport/tyreek-hill-detaining-drew-rosenhaus-dolphins-spt-intl/index.html,20240919025721,cdx,
https://www.cnn.com/2024/09/09/sport/video/bodycam-footage-nfl-player-tyreek-hill-arrest-digvid,20240920154920,cdx,
https://www.cnn.com/2024/09/09/tech/new-iphone-16-apple-release/index.html,20240919024644,cdx,
https://www.cnn.com/2024/09/09/travel/national-park-rangers-call-out-world-changing-impact-of-dropped-cheetos-bag/index.html,20240920172533,cdx,
https://www.cnn.com/2024/09/09/uk/catherine-princess-of-wales-cancer-chemotherapy-gbr-intl/,20240919215401,cdx,
https://www.cnn.com/2024/09/09/uk/catherine-princess-of-wales-cancer-chemotherapy-gbr-intl/index.html,20240919060547,cdx,
https://www.cnn.com/2024/09/09/us/5-things-pm-september-9-trnd/index.html,20240920183436,cdx,
https://www.cnn.com/2024/09/09/us/5-things-to-know-for-sept-9-presidential-debate-wildfires-kentucky-shootings-pope-francis-apple/index.html,20240919030259,cdx,
https://www.cnn.com/2024/09/09/us/bryan-kohberger-idaho-murders-trial-venue-change/index.html,20240919025410,cdx,
https://www.cnn.com/2024/09/09/us/kentucky-i-75-shooting-suspect-search-monday/,20240919022506,cdx,
https://www.cnn.com/2024/09/09/us/kentucky-i-75-shooting-suspect-search-monday/index.html,20240919011016,cdx,
https://www.cnn.com/2024/09/09/us/rancho-palos-verdes-california-landslide/index.html,20240919024738,cdx,
https://www.cnn.com/2024/09/09/us/video/dog-surf-a-thon-california-cprog-digvid,20240919030143,cdx,
https://www.cnn.com/2024/09/09/us/video/police-interview-georgia-shooting-suspect-2023-digvid,20240920183143,cdx,
https://www.cnn.com/2024/09/09/us/video/tyreek-hill-police-detained-bodycam-miami-dolphins-nfl-src-digvid,20240920155819,cdx,
https://www.cnn.com/2024/09/09/world/video/catherine-princess-of-wales-health-update-cancer-digvid,20240919031600,cdx,
https://www.cnn.com/2024/09/09/world/video/the-lead-jonathan-pollak-west-bank-israel-middle-east-tension-american-killed-memorial-jake-tapper,20240920184346,cdx,
https://www.cnn.com/2024/09/10/africa/ugandan-olympian-alleged-killer-dies-intl/,20240920220054,cdx,
https://www.cnn.com/2024/09/10/business/apple-iphone-ai-nightcap/,20240919020932,cdx,
https://www.cnn.com/2024/09/10/business/apple-iphone-ai-nightcap/index.html,20240920173021,cdx,
https://www.cnn.com/2024/09/10/business/campbell-soup-company-name/index.html?cid=external-feeds_iluminar_yahoo,20240920155556,cdx,
https://www.cnn.com/2024/09/10/business/starbucks-ceo-brian-niccol/,20240919035111,cdx,
https://www.cnn.com/2024/09/10/entertainment/snl-chloe-troast-ashley-padilla-emil-wakim-jane-wickline/,20240919211130,cdx,
https://www.cnn.com/2024/09/10/entertainment/snl-chloe-troast-ashley-padilla-emil-wakim-jane-wickline/index.html,20240920193836,cdx,
https://www.cnn.com/2024/09/10/entertainment/video/hollywood-entertainment-movies-dave-bautista-sophia-boutella-assassins-hitmen-dancers-romance-action-jj-perry,20240920173305,cdx,
https://www.cnn.com/2024/09/10/entertainment/video/hollywood-entertainment-movies-music-sarah-paulson-donald-glover-childish-gambino-saturday-night-trailer,20240920160041,cdx,
https://www.cnn.com/2024/09/10/health/maternity-care-crisis-march-of-dimes/index.html,20240920172806,cdx,
https://www.cnn.com/2024/09/10/middleeast/yahya-sinwar-safe-passage-israel-intl-latam/index.html?cid=external-feeds_iluminar_yahoo,20240920154012,cdx,
https://www.cnn.com/2024/09/10/politics/2023-census-median-income-data/index.html,20240920190700,cdx,
https://www.cnn.com/2024/09/10/politics/andrew-cuomo-house-panel-pandemic-response/index.html,20240920173659,cdx,
https://www.cnn.com/2024/09/10/politics/fact-check-debate-trump-harris/index.html?cid=external-feeds_iluminar_yahoo,20240919183725,cdx,
https://www.cnn.com/2024/09/10/politics/harris-crucial-test-debate-analysis/index.html,20240920171334,cdx,
https://www.cnn.com/2024/09/10/politics/jd-vance-haitian-immigrants/index.html?ref=the-reframe.com,20240920234837,cdx,
https://www.cnn.com/2024/09/10/politics/melania-trump-ramps-up-campaign-presence/,20240919030418,cdx,
https://www.cnn.com/2024/09/10/politics/melania-trump-ramps-up-campaign-presence/index.html,20240919094905,cdx,
https://www.cnn.com/2024/09/10/politics/speaking-times-harris-trump-debate-dg/,20240920005645,cdx,
https://www.cnn.com/2024/09/10/politics/us-secret-service-official-who-oversees-protective-operations-plan-to-retire/index.html,20240920161500,cdx,
https://www.cnn.com/2024/09/10/politics/video/fact-check-trump-harris-debate-abc-news-digvid,20240919145340,cdx,
https://www.cnn.com/2024/09/10/politics/video/fact-check-trump-harris-debate-abc-news-digvid?bt_ee=fVYT1LyRSP4VnvAOrCs%2FfBqhjN1b8DI7Y0kqSuAlXPMmT5OO9nTz9lRhuBt2pO4A&bt_ts=1726058838319,20240920093157,cdx,
https://www.cnn.com/2024/09/10/politics/video/im-talking-trump-harris-debate-abc-news-digvid,20240919130939,cdx,
https://www.cnn.com/2024/09/10/science/close-supermassive-black-hole-pair/,20240919195247,cdx,
https://www.cnn.com/2024/09/10/science/close-supermassive-black-hole-pair/index.html,20240920173238,cdx,
https://www.cnn.com/2024/09/10/science/polaris-dawn-mission-spacex-launch/,20240919020831,cdx,
https://www.cnn.com/2024/09/10/sport/49ers-jets-aaron-rodgers-mnf-nfl-spt-intl/index.html,20240920155843,cdx,
https://www.cnn.com/2024/09/10/sport/adrian-newey-joins-aston-martin-spt-intl/index.html,20240920190213,cdx,
https://www.cnn.com/2024/09/10/sport/deshaun-watson-2020-sexual-assault-lawsuit-spt-intl/index.html,20240920161553,cdx,
https://www.cnn.com/2024/09/10/sport/djokovic-nadal-federer-mens-tennis-change-impact-spt-intl/index.html,20240920172133,cdx,
https://www.cnn.com/2024/09/10/sport/nfl-week-1-takeaways-2024-spt-intl/index.html,20240920160514,cdx,
https://www.cnn.com/2024/09/10/style/video/get-ready-with-me-videos-digvid,20240919171017,cdx,
https://www.cnn.com/2024/09/10/us/georgia-school-shooting-questions/index.html,20240920160504,cdx,
https://www.cnn.com/2024/09/10/us/joseph-couch-kentucky-search-difficulties/,20240919103822,cdx,
https://www.cnn.com/2024/09/10/us/joseph-couch-kentucky-search-difficulties/index.html,20240919010817,cdx,
https://www.cnn.com/2024/09/10/us/read-your-way-through-national-literacy-month,20240919223729,cdx,
https://www.cnn.com/2024/09/10/us/video/johnny-gaudreau-funeral-widow-pregnancy-reveal-digvid,20240920185416,cdx,
https://www.cnn.com/2024/09/10/us/video/minnesota-officer-bystander-drivers-rescue-digvid,20240919104354,cdx,
https://www.cnn.com/2024/09/10/us/video/planes-collide-delta-atlanta-digvid,20240919182611,cdx,
https://www.cnn.com/2024/09/10/us/video/princess-catherine-beyonce-5things-digvid,20240920155608,cdx,
https://www.cnn.com/2024/09/10/weather/tropical-storm-francine-hurricane-forecast-climate-tuesday/,20240919201122,cdx,
https://www.cnn.com/2024/09/11/business/founder-mode-meaning-vs-manager-nightcap/,20240919020932,cdx,
https://www.cnn.com/2024/09/11/climate/low-danube-sunken-world-war-two-ships-scli-intl/index.html,20240919055308,cdx,
https://www.cnn.com/2024/09/11/economy/us-cpi-consumer-price-index-inflation-august/index.html,20240919000126,cdx,
https://www.cnn.com/2024/09/11/entertainment/chappell-roan-who-is-cec/,20240919025331,cdx,
https://www.cnn.com/2024/09/11/entertainment/sean-combs-danity-kane-dawn-richard-lawsuit/,20240919003903,cdx,
https://www.cnn.com/2024/09/11/media/abc-moderators-debate-fact-check-trump-harris-false-claims/,20240919191015,cdx,
https://www.cnn.com/2024/09/11/media/debate-ratings-abc-trump-harris-2024-election/,20240919184616,cdx,
https://www.cnn.com/2024/09/11/politics/video/aiden-clark-father-trump-vance-digvid,20240920095744,cdx,
https://www.cnn.com/2024/09/11/politics/video/taylor-swift-endorses-kamala-harris-donald-trump-reaction-digvid,20240919133805,cdx,
https://www.cnn.com/2024/09/11/tech/sony-ps-pro-5-playstation-announcement-intl-hnk/,20240920204244,cdx,
https://www.cnn.com/2024/09/12/business/american-airlinesflight-attendants-ratify-new-contract/index.html,20240919005402,cdx,
https://www.cnn.com/2024/09/12/economy/retail-cards-interest-rates-study/,20240919003843,cdx,
https://www.cnn.com/2024/09/12/entertainment/harvey-weinstein-new-indictment/,20240919002112,cdx,
https://www.cnn.com/2024/09/12/politics/charges-expected-hackers-trump-campaign/,20240919011044,cdx,
https://www.cnn.com/2024/09/12/politics/garland-condemn-attacks-on-justice-department-speech?utm_content=2024-09-12T16%3A53%3A54&utm_medium=social&utm_source=blueskyCNN,20240919212657,cdx,
https://www.cnn.com/2024/09/12/politics/new-york-appeals-court-rejects-two-more-attempts-by-trump-to-lift-gag-order/index.html,20240919080532,cdx,
https://www.cnn.com/2024/09/12/politics/north-carolina-governor-election-robinson-stein/index.html,20240920185748,cdx,
https://www.cnn.com/2024/09/12/politics/north-carolina-governor-election-robinson-stein/index.html?iid=cnn_buildContentRecirc_end_recirc,20240919204826,cdx,
https://www.cnn.com/2024/09/12/politics/sleeper-case-rnc-trump-voter-intimidation/,20240919022529,cdx,
https://www.cnn.com/2024/09/12/politics/sleeper-case-rnc-trump-voter-intimidation/index.html,20240919023333,cdx,
https://www.cnn.com/2024/09/12/science/spacewalk-polaris-dawn-mission-spacex?utm_content=2024-09-12T17%3A30%3A43&utm_medium=social&utm_source=blueskyCNN,20240919212658,cdx,
https://www.cnn.com/2024/09/12/us/marcellus-williams-missouri-innocence-claim-ruling/,20240919000958,cdx,
https://www.cnn.com/2024/09/12/us/schools-after-mass-shootings/,20240919120936,cdx,
https://www.cnn.com/2024/09/12/us/video/wesleyan-michael-roth-college-protests-digvid,20240919195107,cdx,
https://www.cnn.com/2024/09/13/china/china-raises-retirement-age-intl-hnk/index.html?iid=cnn_buildContentRecirc_end_recirc,20240919091308,cdx,
https://www.cnn.com/2024/09/13/climate/uk-coal-mine-court-ruling/index.html,20240919054736,cdx,
https://www.cnn.com/2024/09/13/entertainment/terry-crews-hearing-impairment-physical-comedy/,20240919201033,cdx,
https://www.cnn.com/2024/09/13/entertainment/video/entertainment-showbiz-hollywood-minute-mark-hamill-lego-star-wars-killers-game-dave-bautista-pom-klementieff,20240919135220,cdx,
https://www.cnn.com/2024/09/13/media/secret-murdoch-succession-fight-seal-media-nevada/,20240919160525,cdx,
https://www.cnn.com/2024/09/13/politics/biden-administration-rt-russian-intelligence,20240919011110,cdx,
https://www.cnn.com/2024/09/13/politics/china-tariffs-biden-trump/,20240919190903,cdx,
https://www.cnn.com/2024/09/13/politics/china-tariffs-biden-trump/index.html?cid=ios_app,20240919193647,cdx,
https://www.cnn.com/2024/09/13/politics/green-party-jill-stein-supreme-court-nevada/,20240919021245,cdx,
https://www.cnn.com/2024/09/13/politics/video/harris-trump-debate-polling-enten-cnc-digvid,20240919002831,cdx,
https://www.cnn.com/2024/09/13/science/ig-nobel-prize-ceremony-2024-intl-scli/index.html?utm_campaign=mb&utm_medium=newsletter&utm_source=morning_brew,20240919071146,cdx,
https://www.cnn.com/2024/09/13/sport/caitlin-clark-single-season-assists-record-spt-intl/,20240919034939,cdx,
https://www.cnn.com/2024/09/13/sport/video/jemele-hill-tua-tagovailova-concussion-lcl-digvid,20240919184724,cdx,
https://www.cnn.com/2024/09/13/travel/video/blind-travel-joann-becker-cprog-digvid,20240919020856,cdx,
https://www.cnn.com/2024/09/13/us/el-mayo-zambada-sinaloa-cartel-arraignment/index.html?cid=external-feeds_iluminar_yahoo,20240920203755,cdx,
https://www.cnn.com/2024/09/13/us/kentucky-i-75-shooting-suspect-friday/,20240919022401,cdx,
https://www.cnn.com/2024/09/13/world/ukraine-kursk-offensive-cost,20240919031838,cdx,
https://www.cnn.com/2024/09/14/business/boeing-workers-strike/,20240920112503,cdx,
https://www.cnn.com/2024/09/14/business/disney-directv-deal-abc-espn/index.html?utm_campaign=mb&utm_medium=newsletter&utm_source=morning_brew,20240919073812,cdx,
https://www.cnn.com/2024/09/14/entertainment/have-i-got-news-for-you-stars?cid=external-feeds_iluminar_google,20240919220357,cdx,
https://www.cnn.com/2024/09/14/europe/hundreds-gather-france-giselle-pelicot-rape-victims-intl,20240920025322,cdx,
https://www.cnn.com/2024/09/14/politics/donald-trump-kamala-harris-laura-loomer/index.html?iid=cnn_buildContentRecirc_end_recirc,20240920150455,cdx,
https://www.cnn.com/2024/09/14/sport/erling-haaland-goalscoring-record-manchester-city-brentford-spt-intl/,20240919184724,cdx,
https://www.cnn.com/2024/09/14/world/michaela-mabinty-deprince-ballerina-dies-intl-scli/,20240920153937,cdx,
https://www.cnn.com/2024/09/15/africa/prison-escape-nigeria-floods-intl-latam/,20240919075454,cdx,
https://www.cnn.com/2024/09/15/politics/trump-attempted-assassination-man-detained/index.html?iid=cnn_buildContentRecirc_end_recirc,20240919021951,cdx,
https://www.cnn.com/2024/09/15/politics/vance-immigrants-pets-springfield-ohio-cnntv/index.html?cid=external-feeds_iluminar_yahoo,20240919183725,cdx,
https://www.cnn.com/2024/09/16/americas/sao-paulo-mayoral-debate-chair-attack-intl-latam/index.html,20240919005704,cdx,
https://www.cnn.com/2024/09/16/business/home-interest-rate-cut-mortgage/index.html,20240919084529,cdx,
https://www.cnn.com/2024/09/16/business/intel-amazon-chip-deal-shares-jump/index.html,20240919144049,cdx,
https://www.cnn.com/2024/09/16/entertainment/heather-locklear-melrose-place-reunion/index.html,20240919024921,cdx,
https://www.cnn.com/2024/09/16/entertainment/sean-diddy-combs-arrested-new-york/,20240919003934,cdx,
https://www.cnn.com/2024/09/16/entertainment/sean-diddy-combs-arrested-new-york/index.html,20240919024509,cdx,
https://www.cnn.com/2024/09/16/entertainment/video/sean-diddy-combs-arrested-new-york-manhattan-hotel-wagmeister-src-digvid,20240919024531,cdx,
https://www.cnn.com/2024/09/16/europe/germany-land-border-control-schengen-intl/,20240919172647,cdx,
https://www.cnn.com/2024/09/16/health/antibiotic-resistant-superbug-infections-2050-wellness/index.html,20240919021939,cdx,
https://www.cnn.com/2024/09/16/health/food-packaging-chemical-toxins-study-wellness/index.html,20240919001821,cdx,
https://www.cnn.com/2024/09/16/media/meta-bans-rt-russian-state-propaganda-outlets/index.html,20240919014128,cdx,
https://www.cnn.com/2024/09/16/politics/biden-harris-campaign-trail/index.html,20240919001039,cdx,
https://www.cnn.com/2024/09/16/politics/border-crossings-immigration-biden-harris-trump/index.html,20240919001601,cdx,
https://www.cnn.com/2024/09/16/politics/donald-trump-recounts-apparent-assassination-attempt/index.html?iid=cnn_buildContentRecirc_end_recirc,20240920220105,cdx,
https://www.cnn.com/2024/09/16/politics/ken-paxton-bexar-county-texas-voter-registration/index.html,20240919030638,cdx,
https://www.cnn.com/2024/09/16/politics/rfk-wisconsin-ballot/index.html,20240919000253,cdx,
https://www.cnn.com/2024/09/16/politics/ryan-routh-trump-suspect-invs/index.html,20240919035226,cdx,
https://www.cnn.com/2024/09/16/politics/trump-assassination-court-developments/index.html?utm_campaign=mb&utm_medium=newsletter&utm_source=morning_brew,20240919190053,cdx,
https://www.cnn.com/2024/09/16/politics/vance-rhetoric-trump-harris/,20240919132643,cdx,
https://www.cnn.com/2024/09/16/politics/video/newsnight-cap-trump-taylor-swift-martha-stewart-and-diddy,20240919044017,cdx,
https://www.cnn.com/2024/09/16/sport/jordan-chiles-appeals-olympic-bronze-medal-decision-spt-intl/,20240919020929,cdx,
https://www.cnn.com/2024/09/16/tech/elon-musk-biden-trump-assassination-attempt/,20240919002259,cdx,
https://www.cnn.com/2024/09/16/us/texas-pipeline-fire/index.html,20240919104824,cdx,
https://www.cnn.com/2024/09/16/us/tito-jackson-death,20240919133220,cdx,
https://www.cnn.com/2024/09/16/us/tito-jackson-death/index.html?utm_campaign=mb&utm_medium=newsletter&utm_source=morning_brew,20240919191457,cdx,
https://www.cnn.com/2024/09/16/us/video/elon-musk-tweet-trump-attempted-assasination-src-digvod,20240920132756,cdx,
https://www.cnn.com/2024/09/16/us/video/sen-jd-vance-trump-assassination-attempt-ebof-digvid,20240919070955,cdx,
https://www.cnn.com/2024/09/16/weather/tropical-storm-helene-south-north-carolina-climate/index.html?utm_campaign=mb&utm_medium=newsletter&utm_source=morning_brew,20240919192119,cdx,
https://www.cnn.com/2024/09/16/world/video/mayoral-debate-chair-hit-sao-paulo-brazil-digvid,20240919055822,cdx,
https://www.cnn.com/2024/09/17/business/alaska-airlines-hawaiian-can-close-merger-deal-dot-says/index.html,20240919010021,cdx,
https://www.cnn.com/2024/09/17/business/elon-musk-richest-person-trillionaire/,20240919233629,cdx,
https://www.cnn.com/2024/09/17/business/elon-musk-richest-person-trillionaire/index.html,20240919014520,cdx,
https://www.cnn.com/2024/09/17/business/pagers-cell-phones-batteries/,20240919020852,cdx,strong
https://www.cnn.com/2024/09/17/business/pagers-cell-phones-batteries/index.html,20240919004758,cdx,strong
https://www.cnn.com/2024/09/17/business/pagers-cell-phones-batteries?cid=external-feeds_iluminar_yahoo,20240919180249,cdx,strong
https://www.cnn.com/2024/09/17/business/sams-club-jobs-pay-costco/index.html,20240919005502,cdx,
https://www.cnn.com/2024/09/17/business/uaw-strike-stellantis/index.html,20240919010930,cdx,
https://www.cnn.com/2024/09/17/business/women-advancement-work-mckinsey-lean-in/index.html,20240919014909,cdx,
https://www.cnn.com/2024/09/17/business/women-advancement-work-mckinsey-lean-in/index.html?utm_campaign=mb&utm_medium=newsletter&utm_source=morning_brew,20240919235436,cdx,
https://www.cnn.com/2024/09/17/china/china-russia-military-drills-analysis-intl-hnk/index.html,20240919010831,cdx,
https://www.cnn.com/2024/09/17/economy/brexit-stifling-britain-trade-europe/index.html,20240919013201,cdx,
https://www.cnn.com/2024/09/17/economy/fed-rate-cut-elizabeth-warren/index.html,20240919013700,cdx,
https://www.cnn.com/2024/09/17/economy/interest-rate-cut-economic-impact/index.html,20240919010711,cdx,
https://www.cnn.com/2024/09/17/economy/us-retail-sales-august,20240919012610,cdx,
https://www.cnn.com/2024/09/17/economy/us-retail-sales-august/index.html,20240919012016,cdx,
https://www.cnn.com/2024/09/17/entertainment/full-indictment-sean-diddy-combs/,20240919003942,cdx,
https://www.cnn.com/2024/09/17/entertainment/mimi-haley-testfy-harvey-weinstein-retrial/index.html,20240919011014,cdx,
https://www.cnn.com/2024/09/17/entertainment/taylor-swift-politics-60-minutes-2011/index.html,20240919011215,cdx,
https://www.cnn.com/2024/09/17/entertainment/video/charges-sean-diddy-combs-possible-prison-time-elie-honig-sot-digvid,20240919044739,cdx,
https://www.cnn.com/2024/09/17/europe/dominique-pelicot-france-rape-charges-intl,20240919013149,cdx,
https://www.cnn.com/2024/09/17/europe/dominique-pelicot-france-rape-charges-intl/index.html,20240919013138,cdx,
https://www.cnn.com/2024/09/17/europe/europe-floods-evacuation-entire-city-wildfires-portugal-intl/index.html,20240919055107,cdx,
https://www.cnn.com/2024/09/17/europe/georgia-parliament-lgbtq-rights-intl/index.html,20240919055442,cdx,
https://www.cnn.com/2024/09/17/europe/ukraine-russia-pow-execution-sword-intl/index.html,20240919010947,cdx,
https://www.cnn.com/2024/09/17/food/lunchly-logan-paul-mrbeast/index.html,20240919012617,cdx,
https://www.cnn.com/2024/09/17/health/caffeine-heart-health-study-wellness/,20240919145703,cdx,
https://www.cnn.com/2024/09/17/health/caffeine-heart-health-study-wellness/index.html,20240919035606,cdx,
https://www.cnn.com/2024/09/17/health/glp-1-pills-weight-loss-treatment/,20240919193926,cdx,
https://www.cnn.com/2024/09/17/health/glp-1-pills-weight-loss-treatment/index.html,20240919021556,cdx,
https://www.cnn.com/2024/09/17/health/trampoline-safety-wellness/,20240919175724,cdx,
https://www.cnn.com/2024/09/17/health/trampoline-safety-wellness/index.html,20240919001155,cdx,
https://www.cnn.com/2024/09/17/media/murdoch-family-succession-fox-news-future/index.html,20240919010902,cdx,
https://www.cnn.com/2024/09/17/middleeast/israel-expands-war-objectives-tensions-with-hezbollah-intl/,20240919114231,cdx,
https://www.cnn.com/2024/09/17/middleeast/israel-expands-war-objectives-tensions-with-hezbollah-intl/index.html,20240920020154,cdx,
https://www.cnn.com/2024/09/17/middleeast/lebanon-hezbollah-pagers-explosions-intl/,20240919025352,cdx,strong
https://www.cnn.com/2024/09/17/middleeast/lebanon-hezbollah-pagers-explosions-intl/index.html,20240919060925,cdx,strong
https://www.cnn.com/2024/09/17/middleeast/lebanon-pager-attack-explosions-hezbollah-explainer-intl-latam/,20240919072401,cdx,strong
https://www.cnn.com/2024/09/17/middleeast/lebanon-pager-attack-explosions-hezbollah-explainer-intl-latam/index.html,20240919010957,cdx,strong
https://www.cnn.com/2024/09/17/politics/arizona-citizenship-voting/,20240919020902,cdx,
https://www.cnn.com/2024/09/17/politics/arizona-citizenship-voting/index.html,20240919011658,cdx,
https://www.cnn.com/2024/09/17/politics/biden-israel-hamas-ceasefire-talks/,20240920144001,cdx,
https://www.cnn.com/2024/09/17/politics/biden-israel-hamas-ceasefire-talks/index.html,20240920073940,cdx,
https://www.cnn.com/2024/09/17/politics/blue-wall-states-harris-trump-analysis/,20240920130947,cdx,
https://www.cnn.com/2024/09/17/politics/blue-wall-states-harris-trump-analysis/index.html,20240919042557,cdx,
https://www.cnn.com/2024/09/17/politics/donald-trump-kamala-harris-campaign-tuesday/index.html?iid=cnn_buildContentRecirc_end_recirc,20240919183949,cdx,
https://www.cnn.com/2024/09/17/politics/donald-trump-salt-tax/,20240919175528,cdx,
https://www.cnn.com/2024/09/17/politics/donald-trump-salt-tax/index.html,20240919010829,cdx,
https://www.cnn.com/2024/09/17/politics/haitian-immigrants-springfield-false-rumor-what-to-know/,20240919001114,cdx,
https://www.cnn.com/2024/09/17/politics/haitian-immigrants-springfield-false-rumor-what-to-know/index.html,20240919010923,cdx,
https://www.cnn.com/2024/09/17/politics/haitian-immigrants-springfield-false-rumor-what-to-know/index.html?cid=external-feeds_iluminar_yahoo,20240920105046,cdx,
https://www.cnn.com/2024/09/17/politics/harris-reproductive-rights-male-voters/,20240920214112,cdx,
https://www.cnn.com/2024/09/17/politics/harris-trump-iowa-poll-wisconsin/index.html,20240919010546,cdx,
https://www.cnn.com/2024/09/17/politics/inside-apparent-assassination-attempt-trump/,20240919010930,cdx,
https://www.cnn.com/2024/09/17/politics/jd-vance-delete-2012-blog-post-attacking-gop-anti-immigrant-rhetoric/,20240919105840,cdx,
https://www.cnn.com/2024/09/17/politics/jd-vance-delete-2012-blog-post-attacking-gop-anti-immigrant-rhetoric/index.html,20240919011658,cdx,
https://www.cnn.com/2024/09/17/politics/jd-vance-kamala-harris-fascist/index.html,20240919002924,cdx,
https://www.cnn.com/2024/09/17/politics/johnson-schedules-doomed-vote-on-funding-plan/index.html,20240919082308,cdx,
https://www.cnn.com/2024/09/17/politics/johnson-schedules-doomed-vote-on-funding-plan/index.html?iid=cnn_buildContentRecirc_end_recirc,20240919200245,cdx,
https://www.cnn.com/2024/09/17/politics/microsoft-russian-operatives-harris/index.html,20240919010955,cdx,
https://www.cnn.com/2024/09/17/politics/nevada-hispanic-voters-trump-harris/,20240919003832,cdx,
https://www.cnn.com/2024/09/17/politics/nevada-hispanic-voters-trump-harris/index.html,20240919042035,cdx,
https://www.cnn.com/2024/09/17/politics/paul-whelan-russia-solitary-confinement/index.html,20240919010928,cdx,
https://www.cnn.com/2024/09/17/politics/secret-service-budget-request/index.html,20240919011011,cdx,
https://www.cnn.com/2024/09/17/politics/senate-ivf-bill-vote/,20240919003957,cdx,
https://www.cnn.com/2024/09/17/politics/senate-ivf-bill-vote/index.html,20240920043908,cdx,
https://www.cnn.com/2024/09/17/politics/suspicious-packages-election-officials/index.html,20240919190138,cdx,
https://www.cnn.com/2024/09/17/politics/trump-incendiary-claims-analysis/index.html,20240919042740,cdx,
https://www.cnn.com/2024/09/17/politics/trump-michigan-economy/index.html,20240919011210,cdx,
https://www.cnn.com/2024/09/17/politics/us-reducing-military-aid-packages-ukraine/,20240920092513,cdx,
https://www.cnn.com/2024/09/17/politics/us-reducing-military-aid-packages-ukraine/index.html,20240919095550,cdx,
https://www.cnn.com/2024/09/17/politics/video/donald-trump-wealth-the-apprentice-behind-the-scenes-new-york-times-reporting-buettner-craig-ebof-digvid,20240919010834,cdx,
https://www.cnn.com/2024/09/17/politics/video/ivf-protection-bill-senator-tom-cotton-block-source-digvid,20240919011432,cdx,
https://www.cnn.com/2024/09/17/politics/video/kfile-vance-anti-gop-essay-ebof-digvid,20240919010944,cdx,
https://www.cnn.com/2024/09/17/politics/video/nevada-voters-trump-harris-john-king-aotm-digvid,20240919094008,cdx,
https://www.cnn.com/2024/09/17/politics/video/newsnight-can-america-have-an-honest-conversation-about-political-rhetoric,20240919011007,cdx,
https://www.cnn.com/2024/09/17/politics/video/newsnight-caps-is-calling-vp-harris-by-her-first-name-disrespectful,20240919011001,cdx,
https://www.cnn.com/2024/09/17/politics/video/sarah-huckabee-sanders-kamala-harris-kids-humble-comments-src-digvid,20240919010515,cdx,
https://www.cnn.com/2024/09/17/politics/video/springfield-false-rumors-immigrants-kamala-harris-nabj-philadelphia-digvid,20240919011712,cdx,
https://www.cnn.com/2024/09/17/politics/video/state-police-respond-to-address-fears-amid-ohio-threats,20240919011435,cdx,
https://www.cnn.com/2024/09/17/politics/video/the-lead-2024-election-donald-trump-kamala-harris-jake-tapper,20240919010859,cdx,
https://www.cnn.com/2024/09/17/politics/video/the-lead-2024-election-kamala-harris-donald-trump-jake-tapper,20240919010838,cdx,
https://www.cnn.com/2024/09/17/politics/video/trump-friend-assasination-attempt-steve-witkoff-src-digvid,20240919011309,cdx,
https://www.cnn.com/2024/09/17/science/diving-anole-lizard-breathing-underwater/index.html,20240919001946,cdx,
https://www.cnn.com/2024/09/17/science/egypt-army-barracks-sword-intl-scli/,20240919130453,cdx,
https://www.cnn.com/2024/09/17/science/egypt-army-barracks-sword-intl-scli/index.html,20240919022330,cdx,
https://www.cnn.com/2024/09/17/science/egypt-army-barracks-sword-intl-scli/index.html?utm_medium=social&utm_source=whatsappCNN&utm_content=2024-09-17T16:20:05,20240919154920,cdx,
https://www.cnn.com/2024/09/17/science/partial-lunar-eclipse-harvest-moon/index.html,20240919021632,cdx,
https://www.cnn.com/2024/09/17/science/partial-lunar-eclipse-harvest-moon/index.html?Date=20240917&Profile=CNN,20240920215012,cdx,
https://www.cnn.com/2024/09/17/sport/shohei-ohtani-xbh-steals-record-spt-intl/,20240919142243,cdx,
https://www.cnn.com/2024/09/17/sport/tua-tagovailoa-injured-reserve-concussion-spt-intl/index.html,20240919011705,cdx,
https://www.cnn.com/2024/09/17/sport/wrexham-birmingham-tom-brady-league-one-spt-intl/index.html,20240919070610,cdx,
https://www.cnn.com/2024/09/17/style/beetlejuice-beetlejuice-costumes/index.html,20240919175340,cdx,
https://www.cnn.com/2024/09/17/style/jet-black-jewels-gems-whitby/index.html,20240919023351,cdx,
https://www.cnn.com/2024/09/17/style/miss-america-pageant-ban-mothers/,20240919063809,cdx,
https://www.cnn.com/2024/09/17/style/miss-america-pageant-ban-mothers/index.html,20240919030951,cdx,
https://www.cnn.com/2024/09/17/style/video/on-shoe-spray-brand-robot-digvid,20240919165545,cdx,
https://www.cnn.com/2024/09/17/tech/instagram-teens-protected-accounts/,20240920204152,cdx,
https://www.cnn.com/2024/09/17/tech/instagram-teens-protected-accounts/index.html,20240919011338,cdx,
https://www.cnn.com/2024/09/17/travel/delta-flight-cabin-pressure-incident/,20240919002307,cdx,
https://www.cnn.com/2024/09/17/travel/delta-flight-cabin-pressure-incident/index.html,20240919021931,cdx,
https://www.cnn.com/2024/09/17/travel/london-oxford-street-pedestrianization-plan-scli-intl-gbr/index.html,20240919023920,cdx,
https://www.cnn.com/2024/09/17/us/5-things-pm-september-17-trnd/index.html,20240919010842,cdx,
https://www.cnn.com/2024/09/17/us/georgia-apalachee-high-school-shooting/,20240919120709,cdx,
https://www.cnn.com/2024/09/17/us/georgia-apalachee-high-school-shooting/index.html,20240919011658,cdx,
https://www.cnn.com/2024/09/17/us/ohio-girl-drives-suv-target/index.html,20240919053213,cdx,
https://www.cnn.com/2024/09/17/us/springfield-ohio-schools-haitian-immigrants/,20240919182052,cdx,
https://www.cnn.com/2024/09/17/us/springfield-ohio-schools-haitian-immigrants/index.html,20240919011409,cdx,
https://www.cnn.com/2024/09/17/us/takeaways-indictment-sean-diddy-combs,20240920164107,cdx,
https://www.cnn.com/2024/09/17/us/takeaways-indictment-sean-diddy-combs/index.html,20240919011405,cdx,
https://www.cnn.com/2024/09/17/us/titan-submersible-explosion-coast-guard-hearing-tuesday/index.html,20240919011338,cdx,
https://www.cnn.com/2024/09/17/us/tyre-nichols-trial-officers-case/index.html,20240919011314,cdx,
https://www.cnn.com/2024/09/17/us/video/donald-trump-x-live-assassination-attempt-ovn-ldn-digvid,20240920132805,cdx,
https://www.cnn.com/2024/09/17/us/video/little-league-baseball-game-tree-dugout-digvid,20240920011943,cdx,
https://www.cnn.com/2024/09/17/us/video/marc-agnifilo-diddy-sean-combs-src-digvid,20240919010941,cdx,
https://www.cnn.com/2024/09/17/us/video/masked-robbers-break-through-ceiling-atlanta-digvid,20240919014618,cdx,
https://www.cnn.com/2024/09/17/us/video/sean-diddy-combs-bail-appeal-honig-lead-digvid,20240919001349,cdx,
https://www.cnn.com/2024/09/17/us/video/sean-diddy-combs-indictment-us-attorney-southern-district-new-york-digvid,20240919223654,cdx,
https://www.cnn.com/2024/09/17/us/video/superbug-janes-addiction-5things-digvid,20240919010853,cdx,
https://www.cnn.com/2024/09/17/us/video/the-lead-sean-diddy-combs-federal-charges-assault-allegations-jake-tapper,20240919010836,cdx,
https://www.cnn.com/2024/09/17/us/what-is-racketeering-the-crime-explained/,20240919195455,cdx,
https://www.cnn.com/2024/09/17/us/what-is-racketeering-the-crime-explained/index.html,20240919053550,cdx,
https://www.cnn.com/2024/09/17/world/analysis-hezbollah-pager-explosions-israel-message-intl-latam/,20240919011042,cdx,strong
https://www.cnn.com/2024/09/17/world/analysis-hezbollah-pager-explosions-israel-message-intl-latam/index.html,20240919010952,cdx,strong
https://www.cnn.com/2024/09/17/world/analysis-ryan-routh-ukraine-propaganda-russia-intl-latam/index.html,20240919055627,cdx,
https://www.cnn.com/2024/09/17/world/video/cleveland-clinic-abu-dhabi-ai-cancer-treatment-spc,20240920035958,cdx,
https://www.cnn.com/2024/09/17/world/video/gaza-displaced-children-ldn-digvid,20240919152119,cdx,
https://www.cnn.com/2024/09/17/world/video/hezbollah-pagers-explosion-lebanon-ldn-digvid,20240919044548,cdx,strong
https://www.cnn.com/2024/09/17/world/video/john-miller-hezbollah-pager-explosions-israel-lebanon-ac360-digvid,20240919010908,cdx,strong
https://www.cnn.com/2024/09/17/world/video/the-lead-hezbollah-terrorist-attack-iran-lebanon-jake-tapper,20240919010914,cdx,related
https://www.cnn.com/2024/09/18/americas/venezuela-retweets-ai-news-maduro-intl-latam/,20240919144302,cdx,
https://www.cnn.com/2024/09/18/americas/venezuela-retweets-ai-news-maduro-intl-latam/index.html,20240919005859,cdx,
https://www.cnn.com/2024/09/18/asia/india-celebrates-hindu-festival-ganesh-chaturthi-intl-hnk/index.html,20240919011317,cdx,
https://www.cnn.com/2024/09/18/australia/australian-police-ghost-app-arrests-intl-hnk/,20240919025103,cdx,
https://www.cnn.com/2024/09/18/australia/australian-police-ghost-app-arrests-intl-hnk/index.html,20240919065328,cdx,
https://www.cnn.com/2024/09/18/business/alaska-airlines-completes-acquisition-of-hawaiian/,20240919003855,cdx,
https://www.cnn.com/2024/09/18/business/alaska-airlines-completes-acquisition-of-hawaiian/index.html,20240919011709,cdx,
https://www.cnn.com/2024/09/18/business/amazon-workers-pay-prime/,20240919181057,cdx,
https://www.cnn.com/2024/09/18/business/amazon-workers-pay-prime/index.html,20240919042806,cdx,
https://www.cnn.com/2024/09/18/business/amazon-workers-pay-prime?cid=external-feeds_iluminar_yahoo,20240919051237,cdx,
https://www.cnn.com/2024/09/18/business/boeing-strike-furloughs/,20240919002254,cdx,
https://www.cnn.com/2024/09/18/business/boeing-strike-furloughs/index.html,20240919011750,cdx,
https://www.cnn.com/2024/09/18/business/boeing-strike-furloughs?utm_medium=social&utm_source=whatsappCNN&utm_content=2024-09-18T16:49:21,20240919040544,cdx,
https://www.cnn.com/2024/09/18/business/gold-apollo-taiwan-lebanon-exploding-pagers-hnk-intl/,20240919025124,cdx,strong
https://www.cnn.com/2024/09/18/business/gold-apollo-taiwan-lebanon-exploding-pagers-hnk-intl/index.html,20240919004013,cdx,strong
https://www.cnn.com/2024/09/18/business/gold-apollo-taiwan-lebanon-exploding-pagers-hnk-intl/index.html?cid=external-feeds_iluminar_yahoo,20240919184513,cdx,strong
https://www.cnn.com/2024/09/18/business/hersheys-c4-workout-collaboration/,20240919003747,cdx,
https://www.cnn.com/2024/09/18/business/hersheys-c4-workout-collaboration/index.html,20240919011632,cdx,
https://www.cnn.com/2024/09/18/business/japan-nippon-steel-us-takeover-extended-hnk-intl/index.html,20240919004153,cdx,
https://www.cnn.com/2024/09/18/business/money-interest-rate-cash-inflation/,20240919223924,cdx,
https://www.cnn.com/2024/09/18/business/money-interest-rate-cash-inflation/index.html,20240919011200,cdx,
https://www.cnn.com/2024/09/18/business/mrbeast-amazon-beast-games-mistreatment-claims/,20240919185406,cdx,
https://www.cnn.com/2024/09/18/business/mrbeast-amazon-beast-games-mistreatment-claims/index.html,20240919011845,cdx,
https://www.cnn.com/2024/09/18/business/mrbeast-amazon-beast-games-mistreatment-claims?cid=ios_app,20240920032253,cdx,
https://www.cnn.com/2024/09/18/business/tupperware-files-bankruptcy/,20240919003900,cdx,
https://www.cnn.com/2024/09/18/business/tupperware-files-bankruptcy/index.html,20240919011651,cdx,
https://www.cnn.com/2024/09/18/business/tupperware-files-bankruptcy/index.html?fbclid=IwY2xjawFYSTxleHRuA2FlbQIxMQABHQbDjlS_iX5hsr0FwMAYyfr4dmT6OuX0LdwHyA65KWIPBd7HcZAiWHDj1A_aem_Fcjb9VH3TbuWxuXy560e9w,20240919074136,cdx,
https://www.cnn.com/2024/09/18/business/video/interest-rate-cut-decision-powell-digvid,20240919004836,cdx,
https://www.cnn.com/2024/09/18/business/video/million-dollar-listing-home-buyers-los-angeles-federal-interest-rate-cuts-cnc-digvid,20240919011755,cdx,
https://www.cnn.com/2024/09/18/business/video/mortgage-interest-fed-rate-cuts-digvid,20240919011844,cdx,
https://www.cnn.com/2024/09/18/business/video/thailand-retail-mall-mpa,20240919110948,cdx,
https://www.cnn.com/2024/09/18/economy/fed-rate-cut-housing-nightcap/index.html,20240919012053,cdx,
https://www.cnn.com/2024/09/18/economy/fed-rate-cut-housing-nightcap/index.html?iid=cnn_buildContentRecirc_end_recirc,20240919022008,cdx,
https://www.cnn.com/2024/09/18/economy/interest-rate-cut-decision/,20240919003907,cdx,
https://www.cnn.com/2024/09/18/economy/interest-rate-cut-decision/index.html,20240919011728,cdx,
https://www.cnn.com/2024/09/18/economy/interest-rate-cut-decision/index.html?cid=ios_app,20240919045438,cdx,
https://www.cnn.com/2024/09/18/entertainment/cassie-ventura-sean-diddy-combs/,20240919072434,cdx,
https://www.cnn.com/2024/09/18/entertainment/cassie-ventura-sean-diddy-combs/index.html,20240919010630,cdx,
https://www.cnn.com/2024/09/18/entertainment/chelsea-handler-connie-britton-letter-israeli-hostages/index.html,20240919011844,cdx,
https://www.cnn.com/2024/09/18/entertainment/demi-lovato-the-lead-child-star/,20240919022033,cdx,
https://www.cnn.com/2024/09/18/entertainment/demi-lovato-the-lead-child-star/index.html,20240919075535,cdx,
https://www.cnn.com/2024/09/18/entertainment/harvey-weinstein-new-indictment/,20240919195304,cdx,
https://www.cnn.com/2024/09/18/entertainment/harvey-weinstein-new-indictment/index.html,20240919011755,cdx,
https://www.cnn.com/2024/09/18/entertainment/harvey-weinstein-new-indictment?Date=20240918&Profile=cnni&utm_content=1726689387&utm_medium=social&utm_source=twitter,20240919031905,cdx,
https://www.cnn.com/2024/09/18/entertainment/sean-diddy-combs-appeal-bail-denial-wednesday/,20240919012657,cdx,
https://www.cnn.com/2024/09/18/entertainment/sean-diddy-combs-appeal-bail-denial-wednesday/index.html,20240919001341,cdx,
https://www.cnn.com/2024/09/18/entertainment/sean-diddy-combs-appeal-bail-denial-wednesday?Date=20240918&Profile=cnni,20240919023824,cdx,
https://www.cnn.com/2024/09/18/entertainment/sean-diddy-combs-legal-allegations-timeline/,20240919030523,cdx,
https://www.cnn.com/2024/09/18/entertainment/sean-diddy-combs-legal-allegations-timeline/index.html,20240919011703,cdx,
https://www.cnn.com/2024/09/18/entertainment/snl-season-50-ariana-grande-billie-eilish-chappell-roan/,20240919022033,cdx,
https://www.cnn.com/2024/09/18/entertainment/snl-season-50-ariana-grande-billie-eilish-chappell-roan/index.html,20240919173929,cdx,
https://www.cnn.com/2024/09/18/entertainment/video/demi-lovato-child-star-interview-childhood-fame-wagmeister-lead-digvid,20240919123750,cdx,
https://www.cnn.com/2024/09/18/entertainment/video/hollywood-entertainment-movies-his-three-daughters-natasha-lyonne-carrie-coon-elizabeth-olsen-netflix,20240919011850,cdx,
https://www.cnn.com/2024/09/18/entertainment/video/hollywood-entertainment-movies-jennifer-lopez-brett-goldstein-office-romance-peter-dinklage-josh-brolin-cillian-murphy,20240919011546,cdx,
https://www.cnn.com/2024/09/18/europe/shark-attack-death-canary-islands-scli-intl/,20240919020758,cdx,
https://www.cnn.com/2024/09/18/europe/shark-attack-death-canary-islands-scli-intl/index.html,20240919011546,cdx,
https://www.cnn.com/2024/09/18/europe/ukraine-russian-weapons-depot-drone-attack-intl/,20240919012727,cdx,
https://www.cnn.com/2024/09/18/europe/ukraine-russian-weapons-depot-drone-attack-intl/index.html,20240919000916,cdx,
https://www.cnn.com/2024/09/18/food/national-cheeseburger-day-deals-specials/index.html,20240919011640,cdx,
https://www.cnn.com/2024/09/18/health/glp-1-prevent-heart-attack-stroke/index.html,20240919011546,cdx,
https://www.cnn.com/2024/09/18/health/kids-cell-phones-sleep-study-wellness/,20240919020843,cdx,
https://www.cnn.com/2024/09/18/health/kids-cell-phones-sleep-study-wellness/index.html,20240919000635,cdx,
https://www.cnn.com/2024/09/18/health/mind-diet-cognitive-decline-wellness/,20240919020843,cdx,
https://www.cnn.com/2024/09/18/health/mind-diet-cognitive-decline-wellness/index.html,20240919011726,cdx,
https://www.cnn.com/2024/09/18/health/national-suicide-prevention-policies-kff-health-news-partner/index.html,20240919011713,cdx,
https://www.cnn.com/2024/09/18/health/national-suicide-prevention-policies-kff-health-news-partner/index.html?iid=cnn_buildContentRecirc_end_recirc,20240919103803,cdx,
https://www.cnn.com/2024/09/18/health/national-suicide-prevention-policies-kff-health-news-partner?cid=ios_app,20240920234020,cdx,
https://www.cnn.com/2024/09/18/health/video/the-lead-ziva-branstetter-georgia-women-killed-abortion-ban-medical-care-jake-tapper,20240920012803,cdx,
https://www.cnn.com/2024/09/18/media/elon-musk-trump-rally-bomb-election-misinformation/,20240919153908,cdx,
https://www.cnn.com/2024/09/18/media/elon-musk-trump-rally-bomb-election-misinformation/index.html,20240920012416,cdx,
https://www.cnn.com/2024/09/18/media/elon-musk-trump-rally-bomb-election-misinformation/index.html?cid=ios_app,20240919111316,cdx,
https://www.cnn.com/2024/09/18/media/haitian-times-springfield-ohio-immigrants-false-claim/,20240920012028,cdx,
https://www.cnn.com/2024/09/18/media/haitian-times-springfield-ohio-immigrants-false-claim/index.html,20240919011154,cdx,
https://www.cnn.com/2024/09/18/media/haitian-times-springfield-ohio-immigrants-false-claim?bt_ee=chdnqc+j5Ouzhtj5L4WlkZpSwpPv3oL11tci7BTKSwlnYwQiLtJRT+lp7GaJvNd3&bt_ts=1726663578254,20240919164014,cdx,
https://www.cnn.com/2024/09/18/middleeast/lebanon-explosions-intl/,20240919003736,cdx,related
https://www.cnn.com/2024/09/18/middleeast/lebanon-explosions-intl/index.html,20240919002927,cdx,related
https://www.cnn.com/2024/09/18/middleeast/un-israel-end-occupation-palestine-intl/,20240919102833,cdx,
https://www.cnn.com/2024/09/18/middleeast/un-israel-end-occupation-palestine-intl/index.html,20240919011656,cdx,
https://www.cnn.com/2024/09/18/politics/cat-memes-election-trump-what-matters/,20240920170410,cdx,
https://www.cnn.com/2024/09/18/politics/cat-memes-election-trump-what-matters/index.html,20240919011647,cdx,
https://www.cnn.com/2024/09/18/politics/child-care-harris-7-percent-cap/index.html,20240919051834,cdx,
https://www.cnn.com/2024/09/18/politics/fbi-chinese-hacking/index.html,20240919002917,cdx,
https://www.cnn.com/2024/09/18/politics/fbi-chinese-hacking/index.html?fbclid=IwY2xjawFaQ35leHRuA2FlbQIxMQABHbM86wRnFSzWJQRQtxeSIEQGPUK2Q_-em-7FOLwhHaylU8UMuo2fppwDkA_aem_C3zCBGgk7ro_tYAgWNDVkw&sfnsn=mo,20240920120312,cdx,
https://www.cnn.com/2024/09/18/politics/fbi-chinese-hacking/index.html?iid=cnn_buildContentRecirc_end_recirc,20240920220038,cdx,
https://www.cnn.com/2024/09/18/politics/fed-rate-cut-2024-election/,20240919063752,cdx,
https://www.cnn.com/2024/09/18/politics/fed-rate-cut-2024-election/index.html,20240919011631,cdx,
https://www.cnn.com/2024/09/18/politics/harris-policy-specifics-analysis/,20240919003924,cdx,
https://www.cnn.com/2024/09/18/politics/harris-policy-specifics-analysis/index.html,20240919010938,cdx,
https://www.cnn.com/2024/09/18/politics/harris-zelensky-meeting/,20240919020937,cdx,
https://www.cnn.com/2024/09/18/politics/harris-zelensky-meeting/index.html,20240919033746,cdx,
https://www.cnn.com/2024/09/18/politics/house-gop-funding-plan-vote/,20240919063926,cdx,
https://www.cnn.com/2024/09/18/politics/house-gop-funding-plan-vote/index.html,20240919003751,cdx,
https://www.cnn.com/2024/09/18/politics/house-gop-funding-plan-vote/index.html?iid=cnn_buildContentRecirc_end_recirc,20240919192000,cdx,
https://www.cnn.com/2024/09/18/politics/house-gop-funding-plan-vote?Date=20240918&Profile=CNN,20240919014837,cdx,
https://www.cnn.com/2024/09/18/politics/iranian-hackers-trump-biden-campaigns/,20240919020937,cdx,
https://www.cnn.com/2024/09/18/politics/iranian-hackers-trump-biden-campaigns/index.html,20240919005540,cdx,
https://www.cnn.com/2024/09/18/politics/iranian-hackers-trump-biden-campaigns/index.html?iid=cnn_buildContentRecirc_end_recirc,20240920215952,cdx,
https://www.cnn.com/2024/09/18/politics/iranian-hackers-trump-biden-campaigns/index.html?utm_medium=social&utm_source=whatsappCNN&utm_content=2024-09-19T00:21:35,20240919043549,cdx,
https://www.cnn.com/2024/09/18/politics/iranian-hackers-trump-biden-campaigns?Date=20240918&Profile=CNN,20240919025045,cdx,
https://www.cnn.com/2024/09/18/politics/iranian-hackers-trump-biden-campaigns?Date=20240918&Profile=cnni&utm_content=1726698789&utm_medium=social&utm_source=twitter,20240919040507,cdx,
https://www.cnn.com/2024/09/18/politics/israel-notified-us-lebanon-operation/,20240919050442,cdx,
https://www.cnn.com/2024/09/18/politics/israel-notified-us-lebanon-operation/index.html,20240919004443,cdx,
https://www.cnn.com/2024/09/18/politics/justice-department-francis-scott-key-bridge/,20240919003940,cdx,
https://www.cnn.com/2024/09/18/politics/justice-department-francis-scott-key-bridge/index.html,20240919004351,cdx,
https://www.cnn.com/2024/09/18/politics/kentucky-conversion-therapy-ban/index.html,20240919010833,cdx,
https://www.cnn.com/2024/09/18/politics/lamonica-mciver-new-jersey-special-election/,20240919025109,cdx,
https://www.cnn.com/2024/09/18/politics/lamonica-mciver-new-jersey-special-election/index.html,20240919141953,cdx,
https://www.cnn.com/2024/09/18/politics/lamonica-mciver-new-jersey-special-election?cid=ios_app,20240919100802,cdx,
https://www.cnn.com/2024/09/18/politics/melania-trump-nude-modeling/,20240919003936,cdx,
https://www.cnn.com/2024/09/18/politics/melania-trump-nude-modeling/index.html,20240919011655,cdx,
https://www.cnn.com/2024/09/18/politics/melania-trump-nude-modeling/index.html?iid=cnn_buildContentRecirc_end_recirc,20240919022036,cdx,
https://www.cnn.com/2024/09/18/politics/new-york-democrats-elections-trump,20240919192000,cdx,
https://www.cnn.com/2024/09/18/politics/new-york-democrats-elections-trump/index.html,20240919005608,cdx,
https://www.cnn.com/2024/09/18/politics/new-york-democrats-elections-trump/index.html?iid=cnn_buildContentRecirc_end_recirc,20240919192000,cdx,
https://www.cnn.com/2024/09/18/politics/ohio-republicans-haitian-migrants-trump-what-matters/,20240919020937,cdx,
https://www.cnn.com/2024/09/18/politics/ohio-republicans-haitian-migrants-trump-what-matters/index.html,20240919005028,cdx,
https://www.cnn.com/2024/09/18/politics/ohio-republicans-haitian-migrants-trump-what-matters/index.html?iid=cnn_buildContentRecirc_end_recirc,20240919091308,cdx,
https://www.cnn.com/2024/09/18/politics/sarah-huckabee-sanders-harris-kids/,20240919025322,cdx,
https://www.cnn.com/2024/09/18/politics/sarah-huckabee-sanders-harris-kids/index.html,20240919011822,cdx,
https://www.cnn.com/2024/09/18/politics/sarah-huckabee-sanders-harris-kids?cid=ios_app,20240919042808,cdx,
https://www.cnn.com/2024/09/18/politics/secret-service-resources-congress-trump/,20240920110927,cdx,
https://www.cnn.com/2024/09/18/politics/secret-service-resources-congress-trump/index.html,20240919005021,cdx,
https://www.cnn.com/2024/09/18/politics/teamsters-will-not-endorse-us-president/,20240919002115,cdx,
https://www.cnn.com/2024/09/18/politics/teamsters-will-not-endorse-us-president/index.html,20240919005425,cdx,
https://www.cnn.com/2024/09/18/politics/teamsters-will-not-endorse-us-president/index.html?utm_campaign=mb&utm_medium=newsletter&utm_source=morning_brew,20240919235030,cdx,
https://www.cnn.com/2024/09/18/politics/us-deploys-arctic-angels-soldiers-alaska/,20240919022040,cdx,
https://www.cnn.com/2024/09/18/politics/us-deploys-arctic-angels-soldiers-alaska/index.html,20240919011728,cdx,
https://www.cnn.com/2024/09/18/politics/us-imposes-sanctions-on-12-iranian-officials-for-human-rights-abuses/index.html,20240919011847,cdx,
https://www.cnn.com/2024/09/18/politics/us-launches-online-passport-renewal-service/,20240919003916,cdx,
https://www.cnn.com/2024/09/18/politics/us-launches-online-passport-renewal-service/index.html,20240919012053,cdx,
https://www.cnn.com/2024/09/18/politics/video/abby-phillip-jd-vance-trump-rhetoric-sot-nn-digvid,20240919004606,cdx,
https://www.cnn.com/2024/09/18/politics/video/harris-walz-trump-male-voters-zeleny-ebof-digvid,20240919020937,cdx,
https://www.cnn.com/2024/09/18/politics/video/hes-not-god-hes-a-loser-geoff-duncan-reacts-to-trump-calling-on-gop-to-shutdown-government,20240919052827,cdx,
https://www.cnn.com/2024/09/18/politics/video/israels-history-of-audacious-assassinations-and-secret-ops,20240920012544,cdx,
https://www.cnn.com/2024/09/18/politics/video/joe-rogan-praises-kamala-harris-cnc-digvid,20240919011802,cdx,
https://www.cnn.com/2024/09/18/politics/video/maga-boat-parade-donald-trump-supporters-florida-reeve-pkg-digvid,20240919020937,cdx,
https://www.cnn.com/2024/09/18/politics/video/maga-boat-parade-donald-trump-supporters-florida-reeve-pkg-digvid?cid=ios_app,20240919013110,cdx,
https://www.cnn.com/2024/09/18/politics/video/maga-boat-parade-donald-trump-supporters-florida-reeve-pkg-digvid?utm_campaign=operamini_feednews&utm_medium=feednews&utm_source=operamini,20240919014027,cdx,
https://www.cnn.com/2024/09/18/politics/video/maga-boat-parade-donald-trump-supporters-florida-reeve-pkg-digvid?utm_source=operamini%5Cu0026utm_medium%3Dfeednews%5Cu0026utm_campaign%3Doperamini_feednews,20240919014027,cdx,
https://www.cnn.com/2024/09/18/politics/video/melania-trump-new-book-nude-modeling-newsnight-digvid,20240919080519,cdx,
https://www.cnn.com/2024/09/18/politics/video/newsnight-are-americans-watching-the-same-thing-on-tv,20240920012703,cdx,
https://www.cnn.com/2024/09/18/politics/video/newsnight-geoff-duncan-heartbeat-bill-failed-to-account-for-all-scenarios,20240920012441,cdx,
https://www.cnn.com/2024/09/18/politics/video/paul-whelan-readjusting-to-life-and-technology-sot-digvid,20240919011629,cdx,
https://www.cnn.com/2024/09/18/politics/video/sarah-huckabee-sanders-kamala-harris-kids-gop-strategist-lead-digvid,20240919011651,cdx,
https://www.cnn.com/2024/09/18/politics/video/sarah-huckabee-sanders-kamala-harris-kids-gop-strategist-lead-digvid?utm_campaign=operamini_feednews&utm_medium=feednews&utm_source=operamini,20240919014027,cdx,
https://www.cnn.com/2024/09/18/politics/video/sarah-huckabee-sanders-kamala-harris-kids-gop-strategist-lead-digvid?utm_source=operamini%5Cu0026utm_medium%3Dfeednews%5Cu0026utm_campaign%3Doperamini_feednews,20240919014027,cdx,
https://www.cnn.com/2024/09/18/politics/video/the-lead-abigail-spanberger-democrats-trump-congress-ivf-hezbollah-lebanon-jake-tapper,20240920012448,cdx,
https://www.cnn.com/2024/09/18/politics/video/the-lead-harris-huckabee-sanders-children-campaign-trump-jake-tapper,20240920012452,cdx,
https://www.cnn.com/2024/09/18/politics/video/the-lead-jake-tapper-trump-jd-vance-cognitive-dissonance-democrats-gop-rhetoric,20240919020937,cdx,
https://www.cnn.com/2024/09/18/sport/adrian-wojnarowski-retires-espn-spt-intl/,20240919223749,cdx,
https://www.cnn.com/2024/09/18/sport/adrian-wojnarowski-retires-espn-spt-intl/index.html,20240919011802,cdx,
https://www.cnn.com/2024/09/18/sport/aja-wilson-record-wnba-roundup-spt-intl/,20240920140022,cdx,
https://www.cnn.com/2024/09/18/sport/aja-wilson-record-wnba-roundup-spt-intl/index.html,20240919012056,cdx,
https://www.cnn.com/2024/09/18/sport/champions-league-takeaways-bayern-endrick-spt-intl/index.html,20240919011939,cdx,
https://www.cnn.com/2024/09/18/sport/columbus-blue-jackets-remember-gaudreaus-spt-intl/,20240919020929,cdx,
https://www.cnn.com/2024/09/18/sport/columbus-blue-jackets-remember-gaudreaus-spt-intl/index.html,20240919011552,cdx,
https://www.cnn.com/2024/09/18/sport/oleksandr-usyk-ukraine-boxer-detention-release-spt-intl/,20240919022040,cdx,
https://www.cnn.com/2024/09/18/sport/oleksandr-usyk-ukraine-boxer-detention-release-spt-intl/index.html,20240919000513,cdx,
https://www.cnn.com/2024/09/18/sport/salvatore-toto-schillaci-death-italy-spt-intl/,20240919050806,cdx,
https://www.cnn.com/2024/09/18/sport/salvatore-toto-schillaci-death-italy-spt-intl/index.html,20240919011754,cdx,
https://www.cnn.com/2024/09/18/sport/shohei-ohtani-dodgers-marlins-intl-spt/index.html,20240919011816,cdx,
https://www.cnn.com/2024/09/18/sport/wnba-portland-expansion-2026-spt-intl/,20240919003847,cdx,
https://www.cnn.com/2024/09/18/sport/wnba-portland-expansion-2026-spt-intl/index.html,20240919011816,cdx,
https://www.cnn.com/2024/09/18/style/london-fashion-week-40th-anniversary/,20240919003913,cdx,
https://www.cnn.com/2024/09/18/style/london-fashion-week-40th-anniversary/index.html,20240919011149,cdx,
https://www.cnn.com/2024/09/18/tech/ai-voice-cloning-scam-warning/,20240919022118,cdx,
https://www.cnn.com/2024/09/18/tech/ai-voice-cloning-scam-warning/index.html,20240919000051,cdx,
https://www.cnn.com/2024/09/18/tech/google-wins-eu-antitrust-fine/,20240919115928,cdx,
https://www.cnn.com/2024/09/18/tech/google-wins-eu-antitrust-fine/index.html,20240919011608,cdx,
https://www.cnn.com/2024/09/18/travel/airport-satisfaction-2024-north-america-jdpower/,20240919003945,cdx,
https://www.cnn.com/2024/09/18/travel/airport-satisfaction-2024-north-america-jdpower/index.html,20240919002325,cdx,
https://www.cnn.com/2024/09/18/uk/kate-princess-of-wales-meeting-windsor-intl-scli-gbr/index.html,20240919011216,cdx,
https://www.cnn.com/2024/09/18/uk/kate-princess-of-wales-meeting-windsor-intl-scli-gbr/index.html?Date=20240918&Profile=CNN+International,20240919093600,cdx,
https://www.cnn.com/2024/09/18/us/5-things-pm-september-18-trnd/index.html,20240919011755,cdx,
https://www.cnn.com/2024/09/18/us/5-things-to-know-for-sept-18-middle-east-presidential-race-ivf-treatments-autoworkers-sean-diddy-combs/index.html,20240919011515,cdx,
https://www.cnn.com/2024/09/18/us/kentucky-i-75-shooting-suspect-body-found/,20240919025056,cdx,
https://www.cnn.com/2024/09/18/us/kentucky-i-75-shooting-suspect-body-found/index.html,20240919045004,cdx,
https://www.cnn.com/2024/09/18/us/kentucky-i-75-shooting-suspect-body-found?cid=ios_app,20240919054546,cdx,
https://www.cnn.com/2024/09/18/us/marcellus-williams-missouri-execution-delay-request,20240919044956,cdx,
https://www.cnn.com/2024/09/18/us/marcellus-williams-missouri-execution-delay-request/index.html,20240919011656,cdx,
https://www.cnn.com/2024/09/18/us/tyre-nichols-ex-officer-testimony/index.html,20240919010233,cdx,
https://www.cnn.com/2024/09/18/us/video/dashcam-child-drives-to-target-digvid,20240919011205,cdx,
https://www.cnn.com/2024/09/18/us/video/getty-museum-fireworks-usc-coliseum-affil-digvid,20240919011721,cdx,
https://www.cnn.com/2024/09/18/us/video/new-york-interest-5things-digvid,20240919195229,cdx,
https://www.cnn.com/2024/09/18/us/video/oceangate-titan-submersible-wreckage-footage-digvid,20240919011731,cdx,
https://www.cnn.com/2024/09/18/us/video/ryan-routh-history-of-odd-behavior,20240919011206,cdx,
https://www.cnn.com/2024/09/18/us/video/the-lead-cj-rice-jon-loevy-philadelphia-case-lawyers-conviction-prison-wrongful-jake-tapper,20240920005350,cdx,
https://www.cnn.com/2024/09/18/weather/video/kilauea-eruption-digvid,20240919014027,cdx,
https://www.cnn.com/2024/09/18/world/hezbollah-revenge-israel-weakness-analysis-intl,20240919024425,cdx,
https://www.cnn.com/2024/09/18/world/hezbollah-revenge-israel-weakness-analysis-intl/index.html,20240919003641,cdx,
https://www.cnn.com/2024/09/18/world/video/lebanese-foreign-minister-pagers-walkie-talkies-amanpour-sot-digvid,20240919003306,cdx,strong
https://www.cnn.com/2024/09/18/world/video/lebanon-pagers-attack-wedeman-digvid,20240919004021,cdx,strong
https://www.cnn.com/2024/09/18/world/video/more-explosions-lebanon-digvid,20240919011624,cdx,related
https://www.cnn.com/2024/09/18/world/video/the-lead-bernard-henri-levy-israel-france-antisemitism-hamas-october-7-violence-jake-tapper,20240920012522,cdx,
https://www.cnn.com/2024/09/18/world/video/tidal-bores-china-river-typhoon-bebinca-ldn-digvid,20240919003822,cdx,
https://www.cnn.com/2024/09/18/world/video/ukraine-drone-russian-ammunition-depot-digvid,20240919000918,cdx,
https://www.cnn.com/2024/09/18/world/video/ukraine-drone-russian-ammunition-depot-digvid?utm_campaign=operamini_feednews&utm_medium=feednews&utm_source=operamini,20240919014027,cdx,
https://www.cnn.com/2024/09/18/world/video/ukraine-drone-russian-ammunition-depot-digvid?utm_source=operamini%5Cu0026utm_medium%3Dfeednews%5Cu0026utm_campaign%3Doperamini_feednews,20240919014027,cdx,
https://www.cnn.com/2024/09/18/world/video/venezuela-journalists-ai-maduro-election-digvid,20240919005904,cdx,
https://www.cnn.com/2024/09/18/world/video/walkie-talkie-explosion-lebanon-digvid,20240919002715,cdx,strong
https://www.cnn.com/2024/09/19/asia/police-fatally-shoot-blasphemy-suspect-pakistan-intl-hnk/,20240920040614,cdx,
https://www.cnn.com/2024/09/19/asia/police-fatally-shoot-blasphemy-suspect-pakistan-intl-hnk/index.html,20240920033955,cdx,
https://www.cnn.com/2024/09/19/asia/thailand-woman-python-strangled-intl-hnk/,20240919123750,cdx,
https://www.cnn.com/2024/09/19/asia/thailand-woman-python-strangled-intl-hnk/index.html,20240919183421,cdx,
https://www.cnn.com/2024/09/19/business/boeing-strike-losses/,20240919113839,cdx,
https://www.cnn.com/2024/09/19/business/boeing-strike-losses/index.html,20240919110950,cdx,
https://www.cnn.com/2024/09/19/business/china-divorce-business-benefit-intl-hnk/,20240920000057,cdx,
https://www.cnn.com/2024/09/19/business/china-divorce-business-benefit-intl-hnk/index.html,20240920015059,cdx,
https://www.cnn.com/2024/09/19/business/fed-rate-cuts-politics-nightcap/,20240919063813,cdx,
https://www.cnn.com/2024/09/19/business/fed-rate-cuts-politics-nightcap/index.html,20240919144320,cdx,
https://www.cnn.com/2024/09/19/business/hong-kong-cathay-pacific-a350-engine-extensive-damage-intl-hnk/,20240919103648,cdx,
https://www.cnn.com/2024/09/19/business/hong-kong-cathay-pacific-a350-engine-extensive-damage-intl-hnk/index.html,20240919111253,cdx,
https://www.cnn.com/2024/09/19/business/nike-ceo-john-donahoe/,20240919210910,cdx,
https://www.cnn.com/2024/09/19/business/nike-ceo-john-donahoe/index.html,20240920011350,cdx,
https://www.cnn.com/2024/09/19/business/trump-stock-truth-social-lock-up/,20240919103701,cdx,
https://www.cnn.com/2024/09/19/business/trump-stock-truth-social-lock-up/index.html,20240919110950,cdx,
https://www.cnn.com/2024/09/19/business/video/alternative-coffee-mpa,20240919110949,cdx,
https://www.cnn.com/2024/09/19/business/youtube-ads-paused-screen/,20240919223516,cdx,
https://www.cnn.com/2024/09/19/business/youtube-ads-paused-screen/index.html,20240920013251,cdx,
https://www.cnn.com/2024/09/19/china/china-knife-attack-japanese-school-boy-dies-intl-hnk/,20240919063743,cdx,
https://www.cnn.com/2024/09/19/china/china-knife-attack-japanese-school-boy-dies-intl-hnk/index.html,20240919045705,cdx,
https://www.cnn.com/2024/09/19/climate/nuclear-fusion-clean-energy-china-us/,20240919103744,cdx,
https://www.cnn.com/2024/09/19/climate/nuclear-fusion-clean-energy-china-us/index.html,20240919125019,cdx,
https://www.cnn.com/2024/09/19/climate/nuclear-fusion-clean-energy-china-us/index.html?iid=cnn_buildContentRecirc_end_recirc,20240919210856,cdx,
https://www.cnn.com/2024/09/19/economy/us-existing-home-sales-august/,20240919145624,cdx,
https://www.cnn.com/2024/09/19/economy/us-existing-home-sales-august/index.html,20240919143212,cdx,
https://www.cnn.com/2024/09/19/economy/us-existing-home-sales-august/index.html?iid=cnn_buildContentRecirc_end_recirc,20240920092405,cdx,
https://www.cnn.com/2024/09/19/economy/us-existing-home-sales-august?Date=20240919&Profile=CNN&utm_content=1726762426&utm_medium=social&utm_source=twitter,20240920202219,cdx,
https://www.cnn.com/2024/09/19/entertainment/colin-farrell-penguin/,20240919144954,cdx,
https://www.cnn.com/2024/09/19/entertainment/colin-farrell-penguin/index.html,20240919222009,cdx,
https://www.cnn.com/2024/09/19/entertainment/florence-pugh-shaving-head-scli-intl/,20240919145617,cdx,
https://www.cnn.com/2024/09/19/entertainment/florence-pugh-shaving-head-scli-intl/index.html,20240919133532,cdx,
https://www.cnn.com/2024/09/19/entertainment/lady-gaga-rumors-she-is-a-man/,20240919164911,cdx,
https://www.cnn.com/2024/09/19/entertainment/lady-gaga-rumors-she-is-a-man/index.html,20240919221452,cdx,
https://www.cnn.com/2024/09/19/entertainment/ryan-reynolds-deadpool-and-wolverine-one-line-cut/,20240919201223,cdx,
https://www.cnn.com/2024/09/19/entertainment/ryan-reynolds-deadpool-and-wolverine-one-line-cut/index.html,20240920013406,cdx,
https://www.cnn.com/2024/09/19/entertainment/snl-lorne-michaels-election/,20240919210953,cdx,
https://www.cnn.com/2024/09/19/entertainment/snl-lorne-michaels-election/index.html,20240920013534,cdx,
https://www.cnn.com/2024/09/19/entertainment/video/hollywood-entertainment-music-visions-of-atlantis-pirates,20240920013215,cdx,
https://www.cnn.com/2024/09/19/entertainment/video/hollywood-entertainment-robert-pattinson-mickey-17-animated-dog-man-movie-the-piano-lesson-gotham-awards-ensemble-tribute,20240920013722,cdx,
https://www.cnn.com/2024/09/19/europe/russia-husband-richest-woman-murder-charge-intl/,20240919165541,cdx,
https://www.cnn.com/2024/09/19/europe/russia-husband-richest-woman-murder-charge-intl/index.html,20240919194420,cdx,
https://www.cnn.com/2024/09/19/europe/ukraine-energy-supply-winter/,20240919120652,cdx,
https://www.cnn.com/2024/09/19/europe/ukraine-energy-supply-winter/index.html,20240919114200,cdx,
https://www.cnn.com/2024/09/19/europe/ukraine-energy-supply-winter/index.html?cid=external-feeds_iluminar_yahoo,20240920153601,cdx,
https://www.cnn.com/2024/09/19/food/olive-garden-delivery-uber/,20240919145701,cdx,
https://www.cnn.com/2024/09/19/food/olive-garden-delivery-uber/index.html,20240919200916,cdx,
https://www.cnn.com/2024/09/19/health/childhood-sleep-problems-suicide-risk-wellness/,20240919123750,cdx,
https://www.cnn.com/2024/09/19/health/childhood-sleep-problems-suicide-risk-wellness/index.html,20240919123656,cdx,
https://www.cnn.com/2024/09/19/health/drug-overdoses-sharp-decline/,20240919113813,cdx,
https://www.cnn.com/2024/09/19/health/drug-overdoses-sharp-decline/index.html,20240919103713,cdx,
https://www.cnn.com/2024/09/19/health/glp-1-mood-weight-loss-wellness/,20240919223507,cdx,
https://www.cnn.com/2024/09/19/health/glp-1-mood-weight-loss-wellness/index.html,20240920013731,cdx,
https://www.cnn.com/2024/09/19/health/health-care-rankings-high-income-nations-commonwealth-report/,20240919063643,cdx,
https://www.cnn.com/2024/09/19/health/health-care-rankings-high-income-nations-commonwealth-report/index.html,20240919153932,cdx,
https://www.cnn.com/2024/09/19/health/health-care-rankings-high-income-nations-commonwealth-report/index.html?cid=ios_app,20240919130103,cdx,
https://www.cnn.com/2024/09/19/health/huanan-animal-market-analysis-covid-19/,20240919160435,cdx,
https://www.cnn.com/2024/09/19/health/huanan-animal-market-analysis-covid-19/index.html,20240919182736,cdx,
https://www.cnn.com/2024/09/19/homepage/video/roywood-hignfy-promo-diddy-comedy-digvid,20240919184012,cdx,
https://www.cnn.com/2024/09/19/investing/stocks-fed-rate-cut/,20240919145925,cdx,
https://www.cnn.com/2024/09/19/investing/stocks-fed-rate-cut/index.html,20240919154029,cdx,
https://www.cnn.com/2024/09/19/investing/stocks-fed-rate-cut?cid=external-feeds_iluminar_yahoo,20240919212207,cdx,
https://www.cnn.com/2024/09/19/media/kamala-harris-press-strategy-local-media,20240919145707,cdx,
https://www.cnn.com/2024/09/19/media/kamala-harris-press-strategy-local-media/index.html,20240920154132,cdx,
https://www.cnn.com/2024/09/19/media/kamala-harris-press-strategy-local-media/index.html?iid=cnn_buildContentRecirc_end_recirc,20240920140235,cdx,
https://www.cnn.com/2024/09/19/media/murdoch-succession-trial-fox-media-appeal-court/,20240919160422,cdx,
https://www.cnn.com/2024/09/19/media/murdoch-succession-trial-fox-media-appeal-court/index.html,20240919200102,cdx,
https://www.cnn.com/2024/09/19/media/olivia-nuzzi-rfk-relationship-new-york-magazine/,20240920040736,cdx,
https://www.cnn.com/2024/09/19/media/olivia-nuzzi-rfk-relationship-new-york-magazine/index.html,20240920044649,cdx,
https://www.cnn.com/2024/09/19/media/olivia-nuzzi-rfk-relationship-new-york-magazine/index.html?_bhlid=aa051de9db864de3ad6101397b470c0164c8b7e4,20240920200752,cdx,
https://www.cnn.com/2024/09/19/media/olivia-nuzzi-rfk-relationship-new-york-magazine/index.html?iid=cnn_buildContentRecirc_end_recirc,20240920142611,cdx,
https://www.cnn.com/2024/09/19/media/olivia-nuzzi-rfk-relationship-new-york-magazine?bt_ee=A0BEkT%2FG%2BT0juUYopH0%2FFdJCihHDex8XlQ1iCX%2FKylWQEuNes%2FZiW6Q0uvg%2BAj1t&bt_ts=1726836604777,20240920174156,cdx,
https://www.cnn.com/2024/09/19/media/olivia-nuzzi-rfk-relationship-new-york-magazine?cid,20240920050420,cdx,
https://www.cnn.com/2024/09/19/media/olivia-nuzzi-rfk-relationship-new-york-magazine?cid=external-feeds_iluminar_yahoo,20240920154910,cdx,
https://www.cnn.com/2024/09/19/middleeast/israel-sinwar-exile-proposal-biden-intl/,20240919161130,cdx,
https://www.cnn.com/2024/09/19/middleeast/israel-sinwar-exile-proposal-biden-intl/index.html,20240919173440,cdx,
https://www.cnn.com/2024/09/19/middleeast/lebanon-hezbollah-hassan-nasrallah-speech-analysis-intl-latam/,20240919223703,cdx,
https://www.cnn.com/2024/09/19/middleeast/lebanon-hezbollah-hassan-nasrallah-speech-analysis-intl-latam/index.html,20240920013646,cdx,
https://www.cnn.com/2024/09/19/middleeast/lebanon-hezbollah-hassan-nasrallah-speech-analysis-intl-latam/index.html?cid=external-feeds_iluminar_yahoo,20240920161007,cdx,
https://www.cnn.com/2024/09/19/middleeast/lebanon-pager-walkie-talkie-attacks-explainer-intl-hnk/,20240919192214,cdx,strong
https://www.cnn.com/2024/09/19/middleeast/lebanon-pager-walkie-talkie-attacks-explainer-intl-hnk/index.html,20240919161043,cdx,strong
https://www.cnn.com/2024/09/19/middleeast/pager-explosions-lebanon-israeli-black-ops-intl-cmd/,20240919114132,cdx,strong
https://www.cnn.com/2024/09/19/middleeast/pager-explosions-lebanon-israeli-black-ops-intl-cmd/index.html,20240919104019,cdx,strong
https://www.cnn.com/2024/09/19/politics/alaska-man-threatening-supreme-court-arrest/,20240919165029,cdx,
https://www.cnn.com/2024/09/19/politics/alaska-man-threatening-supreme-court-arrest/index.html,20240919202753,cdx,
https://www.cnn.com/2024/09/19/politics/black-women-oprah-kamala-harris/,20240919105342,cdx,
https://www.cnn.com/2024/09/19/politics/black-women-oprah-kamala-harris/index.html,20240919115032,cdx,
https://www.cnn.com/2024/09/19/politics/fact-check-donald-trump-fictional-stories/,20240919142123,cdx,
https://www.cnn.com/2024/09/19/politics/fact-check-donald-trump-fictional-stories/index.html,20240919192919,cdx,
https://www.cnn.com/2024/09/19/politics/fact-check-donald-trump-fictional-stories/index.html?s=09,20240919223539,cdx,
https://www.cnn.com/2024/09/19/politics/fact-check-donald-trump-fictional-stories/index.html?soc_src=aolapp,20240920152125,cdx,
https://www.cnn.com/2024/09/19/politics/fact-check-donald-trump-fictional-stories?cid=ios_app,20240919231650,cdx,
https://www.cnn.com/2024/09/19/politics/fact-check-donald-trump-fictional-stories?fbclid=IwY2xjawFZFBNleHRuA2FlbQIxMQABHdWmicgMADxdhjcZbB379jd76UlN9nF2-bnntbuNMqT1ki18RuFyD6_iXQ_aem_m68tO-QoQyywfAPT8UMWsQ,20240919194935,cdx,
https://www.cnn.com/2024/09/19/politics/fact-check-donald-trump-fictional-stories?fbclid=IwY2xjawFZnVdleHRuA2FlbQIxMQABHSNrM_lmB3hELWzoaSBJyubfDgvOL4yEEKqcD7cdrVnAnOuh9HcaNY7pPQ_aem_VYBNSQz_etD8dgPSeIJlVA,20240920052556,cdx,
https://www.cnn.com/2024/09/19/politics/father-of-israeli-hostage-cnn-interview/,20240919210853,cdx,
https://www.cnn.com/2024/09/19/politics/father-of-israeli-hostage-cnn-interview/index.html,20240920013359,cdx,
https://www.cnn.com/2024/09/19/politics/government-funding-effort-schumer-johnson/,20240919175723,cdx,
https://www.cnn.com/2024/09/19/politics/government-funding-effort-schumer-johnson/index.html,20240920013803,cdx,
https://www.cnn.com/2024/09/19/politics/government-funding-effort-schumer-johnson/index.html?iid=cnn_buildContentRecirc_end_recirc,20240919201604,cdx,
https://www.cnn.com/2024/09/19/politics/hillary-clinton-jd-vance-child-care/,20240919210802,cdx,
https://www.cnn.com/2024/09/19/politics/hillary-clinton-jd-vance-child-care/index.html,20240920013618,cdx,
https://www.cnn.com/2024/09/19/politics/kfile-mark-robinson-black-nazi-pro-slavery-porn-forum/,20240919193154,cdx,
https://www.cnn.com/2024/09/19/politics/kfile-mark-robinson-black-nazi-pro-slavery-porn-forum/index.html,20240919192834,cdx,
https://www.cnn.com/2024/09/19/politics/kfile-mark-robinson-black-nazi-pro-slavery-porn-forum/index.html?cid=ios_app,20240919223024,cdx,
https://www.cnn.com/2024/09/19/politics/kfile-mark-robinson-black-nazi-pro-slavery-porn-forum/index.html?ICID=ref_fark,20240919223201,cdx,
https://www.cnn.com/2024/09/19/politics/kfile-mark-robinson-black-nazi-pro-slavery-porn-forum/index.html?iid=cnn_buildContentRecirc_end_recirc,20240920220048,cdx,
https://www.cnn.com/2024/09/19/politics/kfile-mark-robinson-black-nazi-pro-slavery-porn-forum/index.html?os=avefgi&ref=app,20240920234625,cdx,
https://www.cnn.com/2024/09/19/politics/kfile-mark-robinson-black-nazi-pro-slavery-porn-forum/index.html?os=vbKn42TQHonRIPebn6&ref=app,20240920184905,cdx,
https://www.cnn.com/2024/09/19/politics/kfile-mark-robinson-black-nazi-pro-slavery-porn-forum?_kx=CzZZR8tUK1txh_-QK3DJSLxvae8naT-oggcPgJkzOQ6Au5j3x1IVDUrV61N1kEFn.VVEwpW&cid=external-feeds_iluminar_google,20240920005121,cdx,
https://www.cnn.com/2024/09/19/politics/kfile-mark-robinson-black-nazi-pro-slavery-porn-forum?cid=external-feeds_iluminar_google,20240919192932,cdx,
https://www.cnn.com/2024/09/19/politics/kfile-mark-robinson-black-nazi-pro-slavery-porn-forum?Date=20240919&Profile=CNN,20240920205037,cdx,
https://www.cnn.com/2024/09/19/politics/kfile-mark-robinson-black-nazi-pro-slavery-porn-forum?Date=20240919&Profile=CNN&utm_content=1726776499&utm_medium=social&utm_source=twitter,20240920020742,cdx,
https://www.cnn.com/2024/09/19/politics/kfile-mark-robinson-black-nazi-pro-slavery-porn-forum?utm_source=The+19th&utm_campaign=a89ae72107-19th-newsletters-daily-0920&utm_medium=email&utm_term=0_a35c3279be-a89ae72107-382899285,20240920193824,cdx,
https://www.cnn.com/2024/09/19/politics/kfile-mark-robinson-black-nazi-pro-slavery-porn-forum?utm_medium=social&utm_source=whatsappCNN&utm_content=2024-09-19T19:43:26,20240920162600,cdx,
https://www.cnn.com/2024/09/19/politics/male-voters-kamala-harris-tim-walz/,20240919103748,cdx,
https://www.cnn.com/2024/09/19/politics/male-voters-kamala-harris-tim-walz/index.html,20240919140036,cdx,
https://www.cnn.com/2024/09/19/politics/male-voters-kamala-harris-tim-walz?cid=ios_app,20240919232826,cdx,
https://www.cnn.com/2024/09/19/politics/medicare-part-d-biden-cost/,20240919113821,cdx,
https://www.cnn.com/2024/09/19/politics/medicare-part-d-biden-cost/index.html,20240919142420,cdx,
https://www.cnn.com/2024/09/19/politics/north-carolina-governor-mark-robinson/,20240920000057,cdx,
https://www.cnn.com/2024/09/19/politics/north-carolina-governor-mark-robinson/index.html,20240920013410,cdx,
https://www.cnn.com/2024/09/19/politics/north-carolina-governor-mark-robinson/index.html?iid=cnn_buildContentRecirc_end_recirc,20240920150455,cdx,
https://www.cnn.com/2024/09/19/politics/north-carolina-governor-mark-robinson/index.html?utm_content=bufferd6f33&utm_medium=social&utm_source=twitter.com&utm_campaign=buffer,20240920180202,cdx,
https://www.cnn.com/2024/09/19/politics/post-office-mail-in-voting-dejoy/,20240919184625,cdx,
https://www.cnn.com/2024/09/19/politics/post-office-mail-in-voting-dejoy/index.html,20240920013539,cdx,
https://www.cnn.com/2024/09/19/politics/routh-trump-golf-course-assassination-investigation/,20240920000057,cdx,
https://www.cnn.com/2024/09/19/politics/routh-trump-golf-course-assassination-investigation/index.html,20240920013613,cdx,
https://www.cnn.com/2024/09/19/politics/supreme-court-affordable-care-act-lawsuit/,20240920000057,cdx,
https://www.cnn.com/2024/09/19/politics/supreme-court-affordable-care-act-lawsuit/index.html,20240920021832,cdx,
https://www.cnn.com/2024/09/19/politics/trump-jewish-voters-antisemitism-event/,20240920040624,cdx,
https://www.cnn.com/2024/09/19/politics/trump-jewish-voters-antisemitism-event/index.html,20240920054922,cdx,
https://www.cnn.com/2024/09/19/politics/trump-new-york-republicans-analysis/,20240919063723,cdx,
https://www.cnn.com/2024/09/19/politics/trump-new-york-republicans-analysis/index.html,20240919045654,cdx,
https://www.cnn.com/2024/09/19/politics/trump-new-york-republicans-analysis/index.html?iid=cnn_buildContentRecirc_end_recirc,20240919143717,cdx,
https://www.cnn.com/2024/09/19/politics/uncommitted-movement-kamala-harris-trump/,20240919223555,cdx,
https://www.cnn.com/2024/09/19/politics/uncommitted-movement-kamala-harris-trump/index.html,20240919222959,cdx,
https://www.cnn.com/2024/09/19/politics/uncommitted-movement-kamala-harris-trump/index.html?cid=external-feeds_iluminar_yahoo,20240920233553,cdx,
https://www.cnn.com/2024/09/19/politics/video/comer-moskowitz-house-oversight-committee-hearing-digvid,20240919195059,cdx,
https://www.cnn.com/2024/09/19/politics/video/fivethirtyeight-nate-silver-2024-race-presidential-election-harris-trump-lead-digvid,20240920000057,cdx,
https://www.cnn.com/2024/09/19/politics/video/harris-oprah-virtual-meeting-interview-ac360-digvid,20240920144647,cdx,
https://www.cnn.com/2024/09/19/politics/video/harris-walz-sign-up-michigan-democrats-miguel-marquez-digvid,20240919201140,cdx,
https://www.cnn.com/2024/09/19/politics/video/hilary-clinton-intv-marriage-childcare-jd-vance-zakaria-gps-digvid,20240920013326,cdx,
https://www.cnn.com/2024/09/19/politics/video/house-funding-bill-fail-speaker-mike-johnson-donald-trump-lead-ldn-digvid,20240919115333,cdx,
https://www.cnn.com/2024/09/19/politics/video/kamala-harris-black-sororities-georgia-ac-digvid,20240919191209,cdx,
https://www.cnn.com/2024/09/19/politics/video/mark-robinson-porn-forum-comments-kfile-intv-lead-digvid,20240919212630,cdx,
https://www.cnn.com/2024/09/19/politics/video/mark-robinson-porn-forum-comments-kfile-intv-lead-digvid?cid=external-feeds_iluminar_yahoo,20240920043719,cdx,
https://www.cnn.com/2024/09/19/politics/video/nasa-astronauts-vote-from-space-fisher-digvid,20240919195543,cdx,
https://www.cnn.com/2024/09/19/politics/video/newsnight-trumps-past-comments-about-gops-mark-robinson,20240920223233,cdx,
https://www.cnn.com/2024/09/19/politics/video/the-lead-2024-election-electoral-vote-gop-kamala-harris-donald-trump-jake-tapper,20240919233123,cdx,
https://www.cnn.com/2024/09/19/politics/video/the-lead-2024-election-mark-robinsondonald-trump-kamala-harris-election-jake-tapper,20240920133935,cdx,
https://www.cnn.com/2024/09/19/politics/video/trump-rally-harris-sot-ac360-digvid,20240919123750,cdx,
https://www.cnn.com/2024/09/19/science/artemis-i-orion-capsule-radiation/,20240919201223,cdx,
https://www.cnn.com/2024/09/19/science/artemis-i-orion-capsule-radiation/index.html,20240919182720,cdx,
https://www.cnn.com/2024/09/19/science/boeing-starliner-astronauts-voting-from-space/,20240919144936,cdx,
https://www.cnn.com/2024/09/19/science/boeing-starliner-astronauts-voting-from-space/index.html,20240919195535,cdx,
https://www.cnn.com/2024/09/19/science/starry-night-van-gogh-hidden-math/,20240919113845,cdx,
https://www.cnn.com/2024/09/19/science/starry-night-van-gogh-hidden-math/index.html,20240919125300,cdx,
https://www.cnn.com/2024/09/19/science/video/giant-sable-antelope-angola-pedro-vaz-pinto-spc-c2e,20240920005755,cdx,
https://www.cnn.com/2024/09/19/science/video/nikon-small-world-in-motion-winners-digvid,20240919191209,cdx,
https://www.cnn.com/2024/09/19/sport/champions-league-takeaways-psg-man-city-inter-spt-intl/index.html,20240920013006,cdx,
https://www.cnn.com/2024/09/19/sport/coco-gauff-splits-brad-gilbert-intl-spt/,20240919123750,cdx,
https://www.cnn.com/2024/09/19/sport/coco-gauff-splits-brad-gilbert-intl-spt/index.html,20240919152421,cdx,
https://www.cnn.com/2024/09/19/sport/jay-emmanuel-thomas-arrested-cannabis-airport-spt-intl/,20240919184710,cdx,
https://www.cnn.com/2024/09/19/sport/jay-emmanuel-thomas-arrested-cannabis-airport-spt-intl/index.html,20240919202206,cdx,
https://www.cnn.com/2024/09/19/sport/nfl-week-3-preview-spt/index.html,20240919134553,cdx,
https://www.cnn.com/2024/09/19/sport/shohei-ohtani-50-50/,20240920124205,cdx,
https://www.cnn.com/2024/09/19/sport/shohei-ohtani-50-50-chase-marlins-spt/index.html,20240920013036,cdx,
https://www.cnn.com/2024/09/19/sport/shohei-ohtani-50-50/index.html,20240919232624,cdx,
https://www.cnn.com/2024/09/19/sport/shohei-ohtani-50-50/index.html?ICID=ref_fark,20240920131250,cdx,
https://www.cnn.com/2024/09/19/sport/shohei-ohtani-50-50/index.html?utm_source=dlvr.it&utm_medium=twitter,20240920001910,cdx,
https://www.cnn.com/2024/09/19/sport/video/stephen-a-smith-sports-fans-football-wallace-cprog-wtcw-digvid,20240920033746,cdx,
https://www.cnn.com/2024/09/19/style/rihanna-bathrobe-fenty-hair/,20240919103746,cdx,
https://www.cnn.com/2024/09/19/style/rihanna-bathrobe-fenty-hair/index.html,20240919151409,cdx,
https://www.cnn.com/2024/09/19/travel/influencer-couple-denies-leaving-kids-alone-on-cruise/,20240919161145,cdx,
https://www.cnn.com/2024/09/19/travel/influencer-couple-denies-leaving-kids-alone-on-cruise/index.html,20240919153131,cdx,
https://www.cnn.com/2024/09/19/travel/jetblue-first-airport-lounges-jfk-boston/,20240919160439,cdx,
https://www.cnn.com/2024/09/19/travel/jetblue-first-airport-lounges-jfk-boston/index.html,20240919191145,cdx,
https://www.cnn.com/2024/09/19/uk/harrods-mohamed-al-fayed-accused-sexual-assault-intl/,20240919113802,cdx,
https://www.cnn.com/2024/09/19/uk/harrods-mohamed-al-fayed-accused-sexual-assault-intl/index.html,20240919114201,cdx,
https://www.cnn.com/2024/09/19/us/5-things-pm-september-19-trnd/,20240919223547,cdx,
https://www.cnn.com/2024/09/19/us/5-things-pm-september-19-trnd/index.html,20240920013154,cdx,
https://www.cnn.com/2024/09/19/us/5-things-to-know-for-sept-19-economy-middle-east-teamsters-union-baltimore-bridge-collapse-severe-weather/,20240919143904,cdx,
https://www.cnn.com/2024/09/19/us/5-things-to-know-for-sept-19-economy-middle-east-teamsters-union-baltimore-bridge-collapse-severe-weather/index.html,20240919125025,cdx,
https://www.cnn.com/2024/09/19/us/fantasy-football-feud-fake-threat-charges-philadelphia/,20240919201140,cdx,
https://www.cnn.com/2024/09/19/us/fantasy-football-feud-fake-threat-charges-philadelphia/index.html,20240919165746,cdx,
https://www.cnn.com/2024/09/19/us/goon-squad-mississippi-police-officers/,20240920002316,cdx,
https://www.cnn.com/2024/09/19/us/goon-squad-mississippi-police-officers/index.html,20240920082518,cdx,
https://www.cnn.com/2024/09/19/us/houston-pipeline-fire-remains-found/,20240919183549,cdx,
https://www.cnn.com/2024/09/19/us/houston-pipeline-fire-remains-found/index.html,20240919234004,cdx,
https://www.cnn.com/2024/09/19/us/james-dolan-harvey-weinstein-lawsuit-dismissed/,20240919132722,cdx,
https://www.cnn.com/2024/09/19/us/james-dolan-harvey-weinstein-lawsuit-dismissed/index.html,20240919122507,cdx,
https://www.cnn.com/2024/09/19/us/joseph-couch-kentucky-shooting-suspect-body-found/,20240919103721,cdx,
https://www.cnn.com/2024/09/19/us/joseph-couch-kentucky-shooting-suspect-body-found/index.html,20240919133616,cdx,
https://www.cnn.com/2024/09/19/us/joseph-couch-kentucky-shooting-suspect-body-found/index.html?iid=cnn_buildContentRecirc_end_recirc,20240920092405,cdx,
https://www.cnn.com/2024/09/19/us/kentucky-judge-shot-chambers/,20240920002305,cdx,
https://www.cnn.com/2024/09/19/us/kentucky-judge-shot-chambers/index.html,20240920003530,cdx,
https://www.cnn.com/2024/09/19/us/kid-free-children-public-places-cec/,20240919161253,cdx,
https://www.cnn.com/2024/09/19/us/kid-free-children-public-places-cec/index.html,20240919183553,cdx,
https://www.cnn.com/2024/09/19/us/mansion-to-misery-a-glimpse-inside-the-prison-sean-diddy-combs-is-calling-home/,20240919200752,cdx,
https://www.cnn.com/2024/09/19/us/mansion-to-misery-a-glimpse-inside-the-prison-sean-diddy-combs-is-calling-home/index.html,20240919193249,cdx,
https://www.cnn.com/2024/09/19/us/nasa-hidden-figures-congressional-gold-medal/,20240919120835,cdx,
https://www.cnn.com/2024/09/19/us/nasa-hidden-figures-congressional-gold-medal/index.html,20240919234657,cdx,
https://www.cnn.com/2024/09/19/us/philadelphia-teen-weapons-mass-destruction-charges/,20240919103750,cdx,
https://www.cnn.com/2024/09/19/us/philadelphia-teen-weapons-mass-destruction-charges/index.html,20240919195238,cdx,
https://www.cnn.com/2024/09/19/us/springfield-mayor-emergency-powers-threats/,20240919175723,cdx,
https://www.cnn.com/2024/09/19/us/springfield-mayor-emergency-powers-threats/index.html,20240919175530,cdx,
https://www.cnn.com/2024/09/19/us/springfield-ohio-haitians-immigration-cec/,20240919105510,cdx,
https://www.cnn.com/2024/09/19/us/springfield-ohio-haitians-immigration-cec/index.html,20240919143333,cdx,
https://www.cnn.com/2024/09/19/us/springfield-ohio-haitians-immigration-cec?cid=ios_app,20240919140314,cdx,
https://www.cnn.com/2024/09/19/us/titan-submersible-oceangate-implosion-update/,20240919223714,cdx,
https://www.cnn.com/2024/09/19/us/titan-submersible-oceangate-implosion-update/index.html,20240920013651,cdx,
https://www.cnn.com/2024/09/19/us/titan-submersible-oceangate-implosion-update/index.html?iid=cnn_buildContentRecirc_end_recirc,20240920223526,cdx,
https://www.cnn.com/2024/09/19/us/video/bodycam-deputy-rescue-driver-affil-ldn-digvid,20240919185603,cdx,
https://www.cnn.com/2024/09/19/us/video/bodycam-deputy-rescue-driver-affil-ldn-digvid?cid=ios_app,20240919234101,cdx,
https://www.cnn.com/2024/09/19/us/video/joseph-couch-kentucky-highway-shooting-couple-found-body-digvid,20240919153431,cdx,
https://www.cnn.com/2024/09/19/us/video/moo-deng-oprah-5things-digvid,20240920091926,cdx,
https://www.cnn.com/2024/09/19/us/video/the-lead-naacp-north-carolina-gop-mark-robinson-governor-2024-election-jake-tapper,20240920091913,cdx,
https://www.cnn.com/2024/09/19/us/video/the-lead-springfield-ohio-pets-haitian-migrants-jd-vance-donald-trump-jake-tapper,20240920091916,cdx,
https://www.cnn.com/2024/09/19/us/video/yacht-marina-del-rey-fire-digvid,20240920013125,cdx,
https://www.cnn.com/2024/09/19/world/gallery/photos-this-week-september-12-september-19/,20240920220034,cdx,
https://www.cnn.com/2024/09/19/world/gallery/photos-this-week-september-12-september-19/index.html,20240920160852,cdx,
https://www.cnn.com/2024/09/19/world/video/american-hostages-gaza-hamas-israel-tapper-intv-lead-digvid,20240920013059,cdx,
https://www.cnn.com/2024/09/19/world/video/beirut-lebanon-israeli-jets-wedeman-live-shot-digvid,20240919160615,cdx,
https://www.cnn.com/2024/09/19/world/video/china-wedding-photo-shredding-ldn-digvid,20240919154416,cdx,
https://www.cnn.com/2024/09/19/world/video/gisele-pelicot-trial-journalist-punching-vandoorne-ldn-digvid,20240920013658,cdx,
https://www.cnn.com/2024/09/19/world/video/lebanon-attacks-injuries-digvid,20240919174753,cdx,related
https://www.cnn.com/2024/09/19/world/video/the-lead-israel-hostages-gaza-palestine-netanyahu-ceasefire-hamas-war-jake-tapper,20240920124215,cdx,
https://www.cnn.com/2024/09/19/world/video/the-lead-mike-turner-iran-biden-trump-hackers-jake-tapper,20240920102926,cdx,
https://www.cnn.com/2024/09/19/world/video/woman-trapped-python-thailand-digvid,20240919183428,cdx,
https://www.cnn.com/2024/09/20/asia/anhui-china-hiker-fall-video-intl-hnk/,20240920141447,cdx,
https://www.cnn.com/2024/09/20/business/23andme-board-resigns-nightcap/,20240920112331,cdx,
https://www.cnn.com/2024/09/20/business/23andme-board-resigns-nightcap/index.html,20240920121244,cdx,
https://www.cnn.com/2024/09/20/business/boeings-defense-ceo-ted-colbert/,20240920232054,cdx,
https://www.cnn.com/2024/09/20/business/boeings-defense-ceo-ted-colbert/index.html,20240920225305,cdx,
https://www.cnn.com/2024/09/20/business/chechnya-kadyrov-musk-tesla-cybertruck-disabled/,20240920140835,cdx,
https://www.cnn.com/2024/09/20/business/chechnya-kadyrov-musk-tesla-cybertruck-disabled/index.html,20240920161822,cdx,
https://www.cnn.com/2024/09/20/business/european-union-ukraine-35-billion-loan/,20240920112501,cdx,
https://www.cnn.com/2024/09/20/business/european-union-ukraine-35-billion-loan/index.html,20240920132653,cdx,
https://www.cnn.com/2024/09/20/business/european-union-ukraine-35-billion-loan?cid=external-feeds_iluminar_yahoo,20240920153521,cdx,
https://www.cnn.com/2024/09/20/business/fedex-economy/,20240920155801,cdx,
https://www.cnn.com/2024/09/20/business/fedex-economy/index.html,20240920235624,cdx,
https://www.cnn.com/2024/09/20/business/interest-rate-cut-homeowners-buyers/,20240920112508,cdx,
https://www.cnn.com/2024/09/20/business/interest-rate-cut-homeowners-buyers/index.html,20240920120731,cdx,
https://www.cnn.com/2024/09/20/business/johnson-and-johnson-bankruptcy-talc-settlement/,20240920213825,cdx,
https://www.cnn.com/2024/09/20/business/johnson-and-johnson-bankruptcy-talc-settlement/index.html,20240920220030,cdx,
https://www.cnn.com/2024/09/20/business/self-service-kiosks-mcdonalds-shake-shack/,20240920155953,cdx,
https://www.cnn.com/2024/09/20/business/self-service-kiosks-mcdonalds-shake-shack/index.html,20240920161805,cdx,
https://www.cnn.com/2024/09/20/business/self-service-kiosks-mcdonalds-shake-shack?cid=external-feeds_iluminar_yahoo,20240920154910,cdx,
https://www.cnn.com/2024/09/20/climate/doomsday-glacier-thwaites-melt-sea-level-rise/,20240920112406,cdx,
https://www.cnn.com/2024/09/20/climate/doomsday-glacier-thwaites-melt-sea-level-rise/index.html,20240920141535,cdx,
https://www.cnn.com/2024/09/20/economy/fed-rate-cut-uncertainty-wall-street/,20240920195031,cdx,
https://www.cnn.com/2024/09/20/economy/fed-rate-cut-uncertainty-wall-street/index.html,20240920184814,cdx,
https://www.cnn.com/2024/09/20/energy/three-mile-island-microsoft-ai/,20240920135833,cdx,
https://www.cnn.com/2024/09/20/energy/three-mile-island-microsoft-ai/index.html,20240920132649,cdx,
https://www.cnn.com/2024/09/20/energy/three-mile-island-microsoft-ai/index.html?_bhlid=9ed92076ac840fd3315e3e7e824180af731102b3,20240920200816,cdx,
https://www.cnn.com/2024/09/20/entertainment/monsters-what-to-watch/,20240920182202,cdx,
https://www.cnn.com/2024/09/20/entertainment/whats-next-sean-diddy-combs,20240920185458,cdx,
https://www.cnn.com/2024/09/20/entertainment/whats-next-sean-diddy-combs/index.html,20240920200036,cdx,
https://www.cnn.com/2024/09/20/health/age-restrictions-nonalcoholic-drinks-kids-wellness/index.html,20240920230006,cdx,
https://www.cnn.com/2024/09/20/health/flumist-flu-vaccine-approved-self-administration/index.html,20240920212320,cdx,
https://www.cnn.com/2024/09/20/health/heavy-metal-exposure-cardiovascular-disease-wellness/,20240920171240,cdx,
https://www.cnn.com/2024/09/20/health/heavy-metal-exposure-cardiovascular-disease-wellness/index.html,20240920185724,cdx,
https://www.cnn.com/2024/09/20/health/insulin-prices-federal-trade-commission-pbms/,20240920165600,cdx,
https://www.cnn.com/2024/09/20/health/insulin-prices-federal-trade-commission-pbms/index.html,20240920174947,cdx,
https://www.cnn.com/2024/09/20/health/insulin-prices-federal-trade-commission-pbms/index.html?utm_source=fark&utm_medium=website&utm_content=link&ICID=ref_fark,20240920183757,cdx,
https://www.cnn.com/2024/09/20/health/insulin-prices-federal-trade-commission-pbms?Date=20240920&Profile=cnnbrk,20240920174916,cdx,
https://www.cnn.com/2024/09/20/health/medication-abortion-safety/,20240920110657,cdx,
https://www.cnn.com/2024/09/20/health/medication-abortion-safety/index.html,20240920154743,cdx,
https://www.cnn.com/2024/09/20/health/picky-eating-genetic-study-intl-scli-wellness/,20240920165609,cdx,
https://www.cnn.com/2024/09/20/health/sober-drinks-questions/,20240920195010,cdx,
https://www.cnn.com/2024/09/20/health/ultraprocessed-foods-type-2-diabetes/,20240920124757,cdx,
https://www.cnn.com/2024/09/20/health/ultraprocessed-foods-type-2-diabetes/index.html,20240920124639,cdx,
https://www.cnn.com/2024/09/20/health/whooping-cough-cases-surging-human-challenge/,20240920232019,cdx,
https://www.cnn.com/2024/09/20/investing/lower-rates-stocks/index.html,20240920202852,cdx,
https://www.cnn.com/2024/09/20/middleeast/hezbollah-israel-attacks-fallout-explainer-intl-hnk/,20240920112659,cdx,related
https://www.cnn.com/2024/09/20/middleeast/hezbollah-israel-attacks-fallout-explainer-intl-hnk/index.html,20240920193647,cdx,related
https://www.cnn.com/2024/09/20/middleeast/hezbollah-israel-attacks-fallout-explainer-intl-hnk/index.html?cid=external-feeds_iluminar_yahoo,20240920160447,cdx,related
https://www.cnn.com/2024/09/20/middleeast/idf-investigating-soldiers-throwing-bodies-off-west-bank-roof-intl/,20240920112459,cdx,
https://www.cnn.com/2024/09/20/middleeast/idf-investigating-soldiers-throwing-bodies-off-west-bank-roof-intl/index.html,20240920145935,cdx,
https://www.cnn.com/2024/09/20/politics/abortion-rights-georgia-kamala-harris/,20240920164147,cdx,
https://www.cnn.com/2024/09/20/politics/abortion-rights-georgia-kamala-harris/index.html,20240920114638,cdx,
https://www.cnn.com/2024/09/20/politics/attempts-to-purge-voter-rolls-increase-as-election-nears/,20240920085316,cdx,
https://www.cnn.com/2024/09/20/politics/attempts-to-purge-voter-rolls-increase-as-election-nears/index.html,20240920154929,cdx,
https://www.cnn.com/2024/09/20/politics/department-of-education-shut-down-trump/,20240920112445,cdx,
https://www.cnn.com/2024/09/20/politics/department-of-education-shut-down-trump/index.html,20240920144655,cdx,
https://www.cnn.com/2024/09/20/politics/department-of-education-shut-down-trump/index.html?Date=20240920&Profile=CNN&utm_content=1726839007&utm_medium=social&utm_source=facebook&fbclid=IwY2xjawFaYuFleHRuA2FlbQIxMQABHTMAC5_SVxIYj2a08zPdpgUjLfCj-DeIgJYHOUKF8Qz3BjjMHB7isYaGLA_aem_YUZR73thSPvPncUaTy_QmA,20240920141744,cdx,
https://www.cnn.com/2024/09/20/politics/department-of-education-shut-down-trump/index.html?Date=20240920&Profile=CNN,20240920141923,cdx,
https://www.cnn.com/2024/09/20/politics/election-offices-suspicious-packages-fbi/,20240920155752,cdx,
https://www.cnn.com/2024/09/20/politics/election-offices-suspicious-packages-fbi/index.html,20240920174420,cdx,
https://www.cnn.com/2024/09/20/politics/election-offices-suspicious-packages-fbi/index.html?cid=ios_app,20240920204054,cdx,
https://www.cnn.com/2024/09/20/politics/election-offices-suspicious-packages-fbi?cid=ios_app,20240920151921,cdx,
https://www.cnn.com/2024/09/20/politics/fact-check-springfield-had-more-murders-under-trump-than-under-biden-harris,20240920174932,cdx,
https://www.cnn.com/2024/09/20/politics/fact-check-springfield-had-more-murders-under-trump-than-under-biden-harris/index.html,20240920174915,cdx,
https://www.cnn.com/2024/09/20/politics/georgia-republican-election-rules-hand-count/,20240920191935,cdx,
https://www.cnn.com/2024/09/20/politics/georgia-republican-election-rules-hand-count/index.html,20240920164827,cdx,
https://www.cnn.com/2024/09/20/politics/georgia-republican-election-rules-hand-count?Date=20240920&Profile=cnnbrk,20240920165208,cdx,
https://www.cnn.com/2024/09/20/politics/georgia-republican-election-rules-hand-count?Date=20240920&Profile=cnnbrk&utm_content=1726850940&utm_medium=social&utm_source=twitter,20240920165351,cdx,
https://www.cnn.com/2024/09/20/politics/gun-owner-kamala-harris/,20240920104954,cdx,
https://www.cnn.com/2024/09/20/politics/gun-owner-kamala-harris/index.html,20240920140042,cdx,
https://www.cnn.com/2024/09/20/politics/gun-owner-kamala-harris?cid=ios_app,20240920152517,cdx,
https://www.cnn.com/2024/09/20/politics/house-vote-bill-secret-service-protection/,20240920143810,cdx,
https://www.cnn.com/2024/09/20/politics/house-vote-bill-secret-service-protection/index.html,20240920204541,cdx,
https://www.cnn.com/2024/09/20/politics/house-vote-bill-secret-service-protection?cid=ios_app,20240920152430,cdx,
https://www.cnn.com/2024/09/20/politics/jill-stein-nevada-supreme-court-ballot/,20240920151126,cdx,
https://www.cnn.com/2024/09/20/politics/joe-biden-cabinet-meeting/,20240920155625,cdx,
https://www.cnn.com/2024/09/20/politics/kamala-harris-abortion-what-matters/,20240920213755,cdx,
https://www.cnn.com/2024/09/20/politics/kamala-harris-abortion-what-matters/index.html,20240920213136,cdx,
https://www.cnn.com/2024/09/20/politics/mark-robinson-donald-trump-kamala-harris-ad,20240920162933,cdx,
https://www.cnn.com/2024/09/20/politics/mark-robinson-donald-trump-kamala-harris-ad/index.html,20240920174421,cdx,
https://www.cnn.com/2024/09/20/politics/mike-johnson-trump-votes-save-act/,20240920154850,cdx,
https://www.cnn.com/2024/09/20/politics/mike-johnson-trump-votes-save-act/index.html,20240920195036,cdx,
https://www.cnn.com/2024/09/20/politics/oprah-kamala-harris-online-rally/,20240920062013,cdx,
https://www.cnn.com/2024/09/20/politics/oprah-kamala-harris-online-rally/index.html,20240920210431,cdx,
https://www.cnn.com/2024/09/20/politics/oprah-kamala-harris-online-rally/index.html?iid=cnn_buildContentRecirc_end_recirc,20240920140235,cdx,
https://www.cnn.com/2024/09/20/politics/quad-summit-joe-biden,20240920184127,cdx,
https://www.cnn.com/2024/09/20/politics/secret-service-trump-rally-complacency/,20240920195001,cdx,
https://www.cnn.com/2024/09/20/politics/secret-service-trump-rally-complacency/index.html,20240920193601,cdx,
https://www.cnn.com/2024/09/20/politics/secret-service-trump-rally-complacency?cid=ios_app,20240920183041,cdx,
https://www.cnn.com/2024/09/20/politics/secret-service-trump-rally-complacency?Date=20240920&Profile=CNN,20240920183310,cdx,
https://www.cnn.com/2024/09/20/politics/springfield-ohio-vance-campaign-wsj-report/,20240920122110,cdx,
https://www.cnn.com/2024/09/20/politics/springfield-ohio-vance-campaign-wsj-report/index.html,20240920145127,cdx,
https://www.cnn.com/2024/09/20/politics/trump-robinson-north-carolina-harris-analysis/,20240920062142,cdx,
https://www.cnn.com/2024/09/20/politics/trump-robinson-north-carolina-harris-analysis/index.html,20240920142855,cdx,
https://www.cnn.com/2024/09/20/politics/trump-robinson-north-carolina-harris-analysis/index.html?cid=ios_app,20240920152450,cdx,
https://www.cnn.com/2024/09/20/politics/trump-robinson-north-carolina-harris-analysis/index.html?iid=cnn_buildContentRecirc_end_recirc,20240920045707,cdx,
https://www.cnn.com/2024/09/20/politics/us-ukraine-military-aid/,20240920185533,cdx,
https://www.cnn.com/2024/09/20/politics/us-ukraine-military-aid/index.html,20240920193124,cdx,
https://www.cnn.com/2024/09/20/politics/video/chalian-hand-count-ballots-georgia-cnc-digvid,20240920183725,cdx,
https://www.cnn.com/2024/09/20/politics/video/kamala-harris-oprah-gun-ownership-bts-cnntm-ldn-digvid,20240920163426,cdx,
https://www.cnn.com/2024/09/20/politics/video/mark-robinson-mlk-jr-black-nazi-mlk-iii-responds-nr-digvid,20240920182712,cdx,
https://www.cnn.com/2024/09/20/politics/video/mark-robinson-north-carolina-donald-trump-past-comments-nn-digvid,20240920123704,cdx,
https://www.cnn.com/2024/09/20/politics/video/ohio-governor-mike-dewine-trump-springfield-haitian-migrants-digvid,20240920195519,cdx,
https://www.cnn.com/2024/09/20/politics/video/the-lead-donald-trump-kamala-harris-jake-paul-theo-von-2024-election-jake-tapper,20240920233728,cdx,
https://www.cnn.com/2024/09/20/politics/video/the-lead-georgia-election-voter-interference-ballot-security-2024-trump-harris-jake-tapper,20240920233934,cdx,
https://www.cnn.com/2024/09/20/politics/video/the-lead-kamala-harris-gun-owner-marc-robinson-2024-donald-trump-election-jake-tapper,20240920233952,cdx,
https://www.cnn.com/2024/09/20/politics/video/trump-criticizes-jewish-voters-ctm-digvid,20240920131139,cdx,
https://www.cnn.com/2024/09/20/science/earth-asteroid-mini-moon/,20240920151126,cdx,
https://www.cnn.com/2024/09/20/science/earth-asteroid-mini-moon/index.html,20240920163427,cdx,
https://www.cnn.com/2024/09/20/science/human-genome-crystal-intl-scli/,20240920122013,cdx,
https://www.cnn.com/2024/09/20/science/human-genome-crystal-intl-scli/index.html,20240920151152,cdx,
https://www.cnn.com/2024/09/20/science/human-genome-crystal-intl-scli?cid=ios_app,20240920172933,cdx,
https://www.cnn.com/2024/09/20/sport/dan-campbell-detroit-home-lions-spt-intl/index.html,20240920200040,cdx,
https://www.cnn.com/2024/09/20/sport/elena-congost-paralympics-marathon-disqualification-spt-intl/index.html,20240920155450,cdx,
https://www.cnn.com/2024/09/20/sport/hannah-hampton-goalkeeper-chelsea-spt-intl/index.html,20240920204147,cdx,
https://www.cnn.com/2024/09/20/sport/jets-patriots-aaron-rodgers-spt-intl/,20240920135326,cdx,
https://www.cnn.com/2024/09/20/sport/jets-patriots-aaron-rodgers-spt-intl/index.html,20240920152818,cdx,
https://www.cnn.com/2024/09/20/sport/wnba-regular-season-final-day-spt-intl/,20240920220034,cdx,
https://www.cnn.com/2024/09/20/style/blind-beauty-routine/,20240920155759,cdx,
https://www.cnn.com/2024/09/20/tech/sec-sanctions-elon-musk-testimony-twitter-probe/,20240920232027,cdx,
https://www.cnn.com/2024/09/20/tech/sec-sanctions-elon-musk-testimony-twitter-probe/index.html,20240920225311,cdx,
https://www.cnn.com/2024/09/20/tech/sec-sanctions-elon-musk-testimony-twitter-probe?Date=20240920&Profile=cnni&utm_content=1726871627&utm_medium=social&utm_source=twitter,20240920223656,cdx,
https://www.cnn.com/2024/09/20/travel/guangdong-china-panda-dog-zoo-intl-hnk/,20240920112626,cdx,
https://www.cnn.com/2024/09/20/travel/guangdong-china-panda-dog-zoo-intl-hnk/index.html,20240920083151,cdx,
https://www.cnn.com/2024/09/20/travel/video/flight-attendants-flying-advice-digvid,20240920160229,cdx,
https://www.cnn.com/2024/09/20/us/5-things-to-know-for-sept-20-middle-east-stock-market-political-scandal-mail-in-voting-covid-19-origins,20240920124451,cdx,
https://www.cnn.com/2024/09/20/us/5-things-to-know-for-sept-20-middle-east-stock-market-political-scandal-mail-in-voting-covid-19-origins/index.html,20240920150521,cdx,
https://www.cnn.com/2024/09/20/us/colorado-grocery-store-massacre-trial/,20240920213804,cdx,
https://www.cnn.com/2024/09/20/us/freddie-owens-south-carolina-execution/,20240920155710,cdx,
https://www.cnn.com/2024/09/20/us/freddie-owens-south-carolina-execution/index.html,20240920160257,cdx,
https://www.cnn.com/2024/09/20/us/haitian-immigrants-springfield-threats/,20240920112325,cdx,
https://www.cnn.com/2024/09/20/us/haitian-immigrants-springfield-threats/index.html,20240920154201,cdx,
https://www.cnn.com/2024/09/20/us/john-banuelos-jan-6-shooter-cec/,20240920112454,cdx,
https://www.cnn.com/2024/09/20/us/john-banuelos-jan-6-shooter-cec/index.html,20240920150802,cdx,
https://www.cnn.com/2024/09/20/us/kentucky-judge-mullins-shot-friday/,20240920132310,cdx,
https://www.cnn.com/2024/09/20/us/kentucky-judge-mullins-shot-friday/index.html,20240920141242,cdx,
https://www.cnn.com/2024/09/20/us/robert-hernandez-calfire-engineer-arrest-california,20240920212404,cdx,
https://www.cnn.com/2024/09/20/us/robert-hernandez-calfire-engineer-arrest-california/index.html,20240920212131,cdx,
https://www.cnn.com/2024/09/20/us/same-sex-marriage-bible-richard-hays-cec/,20240920122023,cdx,
https://www.cnn.com/2024/09/20/us/same-sex-marriage-bible-richard-hays-cec/index.html,20240920154600,cdx,
https://www.cnn.com/2024/09/20/us/same-sex-marriage-bible-richard-hays-cec?cid=ios_app,20240920174256,cdx,
https://www.cnn.com/2024/09/20/us/video/deadly-shooting-kentucky-courthouse-judge-sheriff-digvid,20240920174732,cdx,
https://www.cnn.com/2024/09/20/us/video/girl-lost-sleepwalking-woods-digvid,20240920211620,cdx,
https://www.cnn.com/2024/09/20/us/video/the-lead-connie-chung-journalism-history-memoir-jake-tapper,20240920232916,cdx,
https://www.cnn.com/2024/09/20/us/video/yacht-fire-assassination-5things-digvid,20240920135326,cdx,
https://www.cnn.com/2024/09/20/us/whats-next-sean-diddy-combs/,20240920165253,cdx,
https://www.cnn.com/2024/09/20/us/zoo-atlanta-bids-farewell-to-pandas-after-25-years-iyw,20240920233116,cdx,
https://www.cnn.com/2024/09/20/us/zoo-atlanta-bids-farewell-to-pandas-after-25-years-iyw/index.html,20240920232334,cdx,
https://www.cnn.com/2024/09/20/world/harrods-mohamed-al-fayed-monster-intl/,20240920151126,cdx,
https://www.cnn.com/2024/09/20/world/harrods-mohamed-al-fayed-monster-intl/index.html,20240920232523,cdx,
https://www.cnn.com/2024/09/20/world/israeli-strike-senior-hezbollah-official-beirut-intl/,20240920194930,cdx,
https://www.cnn.com/2024/09/20/world/israeli-strike-senior-hezbollah-official-beirut-intl/index.html,20240920211752,cdx,
https://www.cnn.com/2024/09/20/world/israeli-strike-senior-hezbollah-official-beirut-intl?cid=ios_app,20240920230403,cdx,
https://www.cnn.com/2024/09/20/world/video/hiker-survives-dramatic-fall-china-ldn-digvid,20240920191943,cdx,
https://www.cnn.com/2024/09/20/world/video/idf-soldiers-throwing-bodies-west-bank-digvid,20240920180720,cdx,
https://www.cnn.com/2024/09/20/world/video/lebanon-israel-wedeman-pkg-092012aseg1-cnni-world-fast,20240920180705,cdx,
https://www.cnn.com/2024/09/20/world/video/quantum-computing-spc,20240920171511,cdx,
https://www.cnn.com/2024/09/20/world/video/southern-beirut-israel-warplane-airstrike-hezbollah-senior-official-digvid,20240920173130,cdx,
https://www.cnn.com/2024/09/01/climate/klamath-dam-salmon/,20240922122824,cdx,
https://www.cnn.com/2024/09/02/americas/venezuela-seeks-arrest-opposition-gonzalez-intl-latam/index.html,20240921050149,cdx,
https://www.cnn.com/2024/09/02/europe/afd-germany-election-thuringia-saxony-intl/,20240921045251,cdx,
https://www.cnn.com/2024/09/02/health/phones-allowed-school-children-wellness/,20240921004006,cdx,
https://www.cnn.com/2024/09/02/sport/angel-reese-wnba-rebound-record-spt-intl/index.html,20240921162016,cdx,
https://www.cnn.com/2024/09/02/us/4-people-killed-on-train-near-chicago/index.html,20240921185219,cdx,
https://www.cnn.com/2024/09/02/world/video/maduro-venezuela-plane-in-us-nr-digvid,20240921045858,cdx,
https://www.cnn.com/2024/09/03/africa/bobi-wine-uganda-injured-police-intl-latam/index.html,20240921043743,cdx,
https://www.cnn.com/2024/09/03/china/china-africa-summit-intl-hnk/,20240922122750,cdx,
https://www.cnn.com/2024/09/03/china/china-africa-summit-intl-hnk/index.html,20240921043453,cdx,
https://www.cnn.com/2024/09/03/media/elon-musk-x-kamala-harris-trump-misinformation/index.html?iid=cnn_buildContentRecirc_end_recirc,20240921004028,cdx,
https://www.cnn.com/2024/09/03/politics/justice-department-indicts-hamas-leaders/index.html,20240922213932,cdx,
https://www.cnn.com/2024/09/03/politics/kamala-harris-new-economic-policy/,20240921112436,cdx,
https://www.cnn.com/2024/09/03/politics/trump-fact-checking-analysis/index.html,20240921094651,cdx,
https://www.cnn.com/2024/09/04/americas/venezuela-nicolas-maduro-plane-dominican-republic-intl-latam/,20240921094049,cdx,
https://www.cnn.com/2024/09/04/politics/biden-administration-accuse-russia-election-influence-efforts/index.html,20240922005941,cdx,
https://www.cnn.com/2024/09/04/politics/us-service-member-detained-venezuela/index.html,20240921145940,cdx,
https://www.cnn.com/2024/09/04/sport/aces-sky-aja-wilson-chelsea-gray-wnba-spt-intl/index.html,20240921162014,cdx,
https://www.cnn.com/2024/09/05/health/covid-vaccine-cost-pharmacies/index.html,20240921125253,cdx,
https://www.cnn.com/2024/09/05/middleeast/israel-netanyahu-hamas-agreement-intl/,20240922100926,cdx,
https://www.cnn.com/2024/09/05/us/colt-gray-suspect-georgia-shooter/index.html,20240921234837,cdx,
https://www.cnn.com/2024/09/05/us/king-soopers-mass-shooting-trial/,20240921045710,cdx,
https://www.cnn.com/2024/09/06/africa/kenya-elementary-school-fire-intl/index.html,20240921041839,cdx,
https://www.cnn.com/2024/09/06/americas/brazil-plane-crash-preliminary-report-intl-latam/index.html,20240921045534,cdx,
https://www.cnn.com/2024/09/06/middleeast/israeli-military-operation-jenin-west-bank-enters-second-week-intl/,20240921092953,cdx,
https://www.cnn.com/2024/09/06/politics/biden-remembers-beau-biden-while-criticizing-trump-veterans-comments/,20240921030020,cdx,
https://www.cnn.com/2024/09/06/politics/biden-remembers-beau-biden-while-criticizing-trump-veterans-comments/index.html,20240921081817,cdx,
https://www.cnn.com/2024/09/06/politics/child-care-trump-what-matters/index.html,20240921055223,cdx,
https://www.cnn.com/2024/09/06/politics/donald-trump-fact-check-carroll-photograph/,20240921024407,cdx,
https://www.cnn.com/2024/09/06/politics/iran-transfers-ballistic-missiles-russia/index.html,20240921063344,cdx,
https://www.cnn.com/2024/09/06/politics/ramstein-austin-zelensky-ukraine-intl/,20240921214039,cdx,
https://www.cnn.com/2024/09/06/science/pregnant-porbeagle-shark-eaten/index.html?iid=cnn_buildContentRecirc_end_recirc,20240921084337,cdx,
"https://www.cnn.com/2024/09/06/sport/ali-truwit-swimming-shark-paralympics-spt-intl/index.html?Date=20240906&amp;Profile=CNN,CNN+International&amp;utm_content=1725625428&amp;utm_medium=social&amp;utm_source=facebook&amp;fbclid=IwZXh0bgNhZW0CMTEAAR0wtnPnbI02FZf6qpxrrkBqJuvIwv_GToJEphjujId_TWsunETfStoHJZo_aem_z7jzA8HtSZso3DRtsFo4vg",20240921171249,cdx,
"https://www.cnn.com/2024/09/06/sport/ali-truwit-swimming-shark-paralympics-spt-intl/index.html?Date=20240906&Profile=CNN,CNN+International&utm_content=1725625428&utm_medium=social&utm_source=facebook&fbclid=IwZXh0bgNhZW0CMTEAAR0wtnPnbI02FZf6qpxrrkBqJuvIwv_GToJEphjujId_TWsunETfStoHJZo_aem_z7jzA8HtSZso3DRtsFo4vg",20240921225737,cdx,
https://www.cnn.com/2024/09/06/us/apalachee-school-shooting-georgia-friday/,20240922092130,cdx,
https://www.cnn.com/2024/09/06/us/colin-gray-georgia-shooting-suspect-father-charges/index.html,20240922233053,cdx,
https://www.cnn.com/2024/09/06/world/rebecca-cheptegei-killed-female-runners-kenya-cec/index.html,20240921042311,cdx,
https://www.cnn.com/2024/09/07/americas/brazil-almeida-accused-sexual-misconduct-intl-latam/,20240922122917,cdx,
https://www.cnn.com/2024/09/07/economy/underconsumption-tiktok-influencers/,20240921165600,cdx,
https://www.cnn.com/2024/09/07/health/guns-death-us-children-teens-dg,20240921080152,cdx,
https://www.cnn.com/2024/09/07/media/tenet-media-russia-rt-tim-pool-dave-rubin-lauren-chen,20240921182811,cdx,
https://www.cnn.com/2024/09/07/sport/team-usa-paralympics-spt-intl/index.html,20240921080641,cdx,
https://www.cnn.com/2024/09/07/uk/cia-mi6-heads-appearance-london-intl-gbr/index.html,20240921063328,cdx,
https://www.cnn.com/2024/09/07/us/melissa-jubane-missing-beaverton-oregon/index.html?iid=cnn_buildContentRecirc_end_recirc,20240921043041,cdx,
https://www.cnn.com/2024/09/08/middleeast/allenby-crossing-shooting-west-bank-jordan-intl/index.html,20240921075325,cdx,
https://www.cnn.com/2024/09/08/politics/video/sotu-cotton-brushes-off-doj-russia-report,20240921182810,cdx,
https://www.cnn.com/2024/09/08/sport/us-open-mens-final-sinner-fritz-spt-intl/,20240921084458,cdx,
https://www.cnn.com/2024/09/09/asia/north-korea-nuclear-weapons-intl-latam/index.html,20240921063144,cdx,
https://www.cnn.com/2024/09/09/business/trump-stock-truth-social/,20240922075258,cdx,
https://www.cnn.com/2024/09/09/entertainment/kathy-bates-matlock-retiring/,20240922140849,cdx,
https://www.cnn.com/2024/09/09/politics/breakthrough-polling-project-harris-trump-august/,20240921190857,cdx,
https://www.cnn.com/2024/09/09/science/europa-clipper-launch-approved/,20240922122748,cdx,
https://www.cnn.com/2024/09/09/us/wildfires-spread-california-nevada-monday/,20240922165336,cdx,
https://www.cnn.com/2024/09/10/entertainment/taylor-swift-endorsement-kamala-harris/index.html,20240921024439,cdx,
https://www.cnn.com/2024/09/10/middleeast/yahya-sinwar-safe-passage-israel-intl-latam/index.html,20240921074809,cdx,
https://www.cnn.com/2024/09/10/politics/fact-check-debate-trump-harris/index.html?iid=cnn_buildContentRecirc_end_recirc,20240921172654,cdx,
https://www.cnn.com/2024/09/10/politics/new-hampshire-election-kelly-ayotte-sununu/index.html,20240921100400,cdx,
https://www.cnn.com/2024/09/10/politics/republicans-urge-biden-lift-restrictions-ukraine-targets-inside-russia/,20240922043721,cdx,
https://www.cnn.com/2024/09/10/style/lady-gaga-blood-performance-2009-vmas/,20240921092938,cdx,
https://www.cnn.com/2024/09/11/entertainment/justin-timberlake-plea-dwi/,20240922132324,cdx,
https://www.cnn.com/2024/09/11/politics/early-voting-election-what-matters/index.html?iid=cnn_buildContentRecirc_end_recirc,20240921161800,cdx,
https://www.cnn.com/2024/09/11/politics/video/roy-wood-jr-reacts-to-debate-eating-pets-digvid,20240922163818,cdx,
https://www.cnn.com/2024/09/12/asia/escapee-penguin-japan-typhoon-hnk-intl/,20240921200659,cdx,
https://www.cnn.com/2024/09/12/business/murdoch-succession-family-trust-court-nevada-fox,20240921182810,cdx,
https://www.cnn.com/2024/09/12/politics/joe-biden-quad-leaders-meeting-wilmington-delaware/index.html,20240921062614,cdx,
https://www.cnn.com/2024/09/12/politics/undocumented-immigrants-voting-what-matters,20240921024238,cdx,
https://www.cnn.com/2024/09/12/sport/south-korea-soccer-player-china-spt-intl-hnk/index.html,20240921064055,cdx,
https://www.cnn.com/2024/09/13/sport/benni-mccarthy-manchester-united-spt-intl/index.html,20240921075515,cdx,
https://www.cnn.com/2024/09/14/europe/germany-kenyan-workers-migration-deal-intl/,20240921110835,cdx,
https://www.cnn.com/2024/09/14/science/ancient-dna-easter-island-collapse,20240921170213,cdx,
https://www.cnn.com/2024/09/14/weather/deadly-rains-flooding-europe-central-eastern-intl,20240921004052,cdx,
https://www.cnn.com/2024/09/15/entertainment/gallery/76th-emmy-awards-photos,20240922081528,cdx,
https://www.cnn.com/2024/09/15/health/arts-and-crafts-increase-mental-health-wellness/index.html?utm_term=1726920161786b53a15fa6baa&utm_source=cnn_LBB+(automated)+content+resource+group&utm_medium=email&bt_ee=apZ%2BrFAZ3G4W0lBVdhHvedSMRx1CUEglxjVCVnTUa6F72y6O5%2FIs8IrGsLCS8Mnr&bt_ts=1726920161789,20240921192144,cdx,
https://www.cnn.com/2024/09/15/travel/california-man-frontier-flight-arrest/index.html?iid=cnn_buildContentRecirc_end_recirc,20240921092939,cdx,
https://www.cnn.com/2024/09/15/weather/china-shanghai-typhoon-bebinca-intl-hnk/,20240921015504,cdx,
https://www.cnn.com/2024/09/16/europe/germany-land-border-control-schengen-intl/index.html?cid=external-feeds_iluminar_yahoo,20240921163728,cdx,
https://www.cnn.com/2024/09/16/politics/rfk-jr-dead-whale-investigation,20240921092613,cdx,
https://www.cnn.com/2024/09/16/science/voyager-1-thruster-issue,20240921154842,cdx,
https://www.cnn.com/2024/09/16/sport/daniel-ricciardo-profile-formula-one-spt-intl/,20240921004003,cdx,
https://www.cnn.com/2024/09/16/sport/tua-tagovailoa-dolphins-concussion-nfl-spt-intl/index.html?utm_content=2024-09-16T23%3A55%3A55&utm_medium=social&utm_source=blueskyCNN,20240922223059,cdx,
https://www.cnn.com/2024/09/16/sport/video/formula-1-driver-daniel-ricciardo-ldn-digvid,20240921065314,cdx,
https://www.cnn.com/2024/09/16/us/texas-pipeline-fire/index.html?cid=external-feeds_iluminar_yahoo,20240921023400,cdx,
https://www.cnn.com/2024/09/16/us/titan-submersible-photo-hearing-intl-hnk/,20240922140904,cdx,
https://www.cnn.com/2024/09/17/business/elon-musk-richest-person-trillionaire?cid=external-feeds_iluminar_yahoo,20240921152004,cdx,
https://www.cnn.com/2024/09/17/media/murdoch-family-succession-fox-news-future/index.html?iid=cnn_buildContentRecirc_end_recirc,20240921090542,cdx,
https://www.cnn.com/2024/09/17/politics/arizona-citizenship-voting,20240921024238,cdx,
https://www.cnn.com/2024/09/17/politics/harris-reproductive-rights-male-voters/index.html?cid=ios_app,20240921144605,cdx,
https://www.cnn.com/2024/09/17/politics/secret-service-budget-request/,20240921112339,cdx,
https://www.cnn.com/2024/09/17/politics/suspicious-packages-election-officials/index.html?iid=cnn_buildContentRecirc_end_recirc,20240921024238,cdx,
https://www.cnn.com/2024/09/17/politics/video/kfile-vance-anti-gop-essay-ebof-digvid?fbclid=IwY2xjawFZAdlleHRuA2FlbQIxMQABHVp5BTQLGGBB2JhMo6h2e2YnIw4Z4yOdTO_3NfKc-mlK5jvQrtEFxDBKzg_aem_cIJR7ooL_TnrFlCPbdUoTA&sfnsn=mo,20240921035403,cdx,
https://www.cnn.com/2024/09/17/science/diving-anole-lizard-breathing-underwater,20240921154845,cdx,
https://www.cnn.com/2024/09/17/science/partial-lunar-eclipse-harvest-moon/,20240921154851,cdx,
https://www.cnn.com/2024/09/17/sport/wrexham-birmingham-tom-brady-league-one-spt-intl/,20240921084458,cdx,
https://www.cnn.com/2024/09/17/style/jet-black-jewels-gems-whitby/index.html?utm_campaign=mb&utm_medium=newsletter&utm_source=morning_brew,20240922122002,cdx,
https://www.cnn.com/2024/09/17/travel/london-oxford-street-pedestrianization-plan-scli-intl-gbr/,20240921200650,cdx,
https://www.cnn.com/2024/09/17/travel/london-oxford-street-pedestrianization-plan-scli-intl-gbr/index.html?cid=external-feeds_iluminar_yahoo,20240922003017,cdx,
https://www.cnn.com/2024/09/17/us/takeaways-indictment-sean-diddy-combs/,20240921150611,cdx,
https://www.cnn.com/2024/09/17/us/titan-submersible-explosion-coast-guard-hearing-tuesday/,20240922152349,cdx,
https://www.cnn.com/2024/09/18/asia/india-celebrates-hindu-festival-ganesh-chaturthi-intl-hnk/,20240921084441,cdx,
https://www.cnn.com/2024/09/18/business/boeing-strike-furloughs/index.html?iid=cnn_buildContentRecirc_end_recirc,20240922163819,cdx,
https://www.cnn.com/2024/09/18/economy/interest-rate-cut-decision?fbclid=IwY2xjawFa6ftleHRuA2FlbQIxMQABHb3BXzqbZPXKqABrG7gEWpr2ggGApIRJwKxF0zdHpm1ja5gbrwHbmQB89A_aem_QVI3Epm3PHGh9sgWJ-D6TA,20240921011138,cdx,
https://www.cnn.com/2024/09/18/entertainment/chelsea-handler-connie-britton-letter-israeli-hostages/,20240921004101,cdx,
https://www.cnn.com/2024/09/18/entertainment/snl-season-50-ariana-grande-billie-eilish-chappell-roan/index.html?iid=cnn_buildContentRecirc_end_recirc,20240921090542,cdx,
https://www.cnn.com/2024/09/18/media/elon-musk-trump-rally-bomb-election-misinformation/index.html?iid=cnn_buildContentRecirc_end_recirc,20240921004030,cdx,
https://www.cnn.com/2024/09/18/politics/israel-notified-us-lebanon-operation/index.html?cid=external-feeds_iluminar_yahoo,20240921133609,cdx,
https://www.cnn.com/2024/09/18/politics/melania-trump-nude-modeling/index.html?cid=ios_app,20240921145819,cdx,
https://www.cnn.com/2024/09/18/us/kentucky-i-75-shooting-suspect-body-found,20240921032259,cdx,
https://www.cnn.com/2024/09/18/us/kentucky-i-75-shooting-suspect-body-found/index.html?iid=cnn_buildContentRecirc_end_recirc,20240922115235,cdx,
https://www.cnn.com/2024/09/18/us/marcellus-williams-missouri-execution-delay-request/,20240921162248,cdx,
https://www.cnn.com/2024/09/18/world/hezbollah-revenge-israel-weakness-analysis-intl/index.html?iid=cnn_buildContentRecirc_end_recirc,20240921065256,cdx,
https://www.cnn.com/2024/09/19/business/boeing-strike-losses/index.html?iid=cnn_buildContentRecirc_end_recirc,20240922163819,cdx,
https://www.cnn.com/2024/09/19/business/nike-ceo-john-donahoe?cid=external-feeds_iluminar_yahoo,20240921181855,cdx,
https://www.cnn.com/2024/09/19/media/murdoch-succession-trial-fox-media-appeal-court?cid=external-feeds_iluminar_yahoo,20240921043440,cdx,
https://www.cnn.com/2024/09/19/media/olivia-nuzzi-rfk-relationship-new-york-magazine,20240921000916,cdx,
https://www.cnn.com/2024/09/19/media/olivia-nuzzi-rfk-relationship-new-york-magazine/index.html?utm_campaign=mb&utm_medium=newsletter&utm_source=morning_brew,20240921113648,cdx,
https://www.cnn.com/2024/09/19/middleeast/israel-sinwar-exile-proposal-biden-intl,20240921065255,cdx,
https://www.cnn.com/2024/09/19/politics/hillary-clinton-jd-vance-child-care/index.html?cid=external-feeds_iluminar_yahoo,20240921202412,cdx,
https://www.cnn.com/2024/09/19/politics/kfile-mark-robinson-black-nazi-pro-slavery-porn-forum/index.html?_kx=CzZZR8tUK1txh_-QK3DJSLxvae8naT-oggcPgJkzOQ6Au5j3x1IVDUrV61N1kEFn.VVEwpW,20240921005453,cdx,
https://www.cnn.com/2024/09/19/politics/kfile-mark-robinson-black-nazi-pro-slavery-porn-forum/index.html?utm_term=1726798215012192ce6ab64a1&utm_source=cnn_Meanwhile+in+America+September+20&utm_medium=email&bt_ee=2brDx9G74PARE1Qu1LMQlTgz%2BFVW8M5sIgn6gYiJEgMke07XKx4n6EUZH8IFeBYP&bt_ts=1726798215022,20240921205345,cdx,
https://www.cnn.com/2024/09/19/politics/kfile-mark-robinson-black-nazi-pro-slavery-porn-forum/index.html?link_id=3&can_id=0a88901babcfafdc3f8095d3cfff7432&source=email-huckabee-sanders-bombs-on-stage-in-sad-attack-on-kamala-2&email_referrer=email_2459223&email_subject=key-trump-gov-nom-hit-with-stunning-new-scandal,20240921054426,cdx,
https://www.cnn.com/2024/09/19/politics/kfile-mark-robinson-black-nazi-pro-slavery-porn-forum/index.html?fbclid=IwZXh0bgNhZW0CMTEAAR3rBkZ61x9L_AHMvAHB0M12Z6a5yS9d4j6JEDSeoOtdDIP1QkiLeIk8Umo_aem_hPrUbtND7fSiEhcgS9nmrQ,20240921105410,cdx,
https://www.cnn.com/2024/09/19/politics/kfile-mark-robinson-black-nazi-pro-slavery-porn-forum/index.html?iid=cnn-mobile-app,20240921045506,cdx,
https://www.cnn.com/2024/09/19/politics/kfile-mark-robinson-black-nazi-pro-slavery-porn-forum/index.html?os=av,20240921233918,cdx,
https://www.cnn.com/2024/09/19/politics/kfile-mark-robinson-black-nazi-pro-slavery-porn-forum/index.html?os=firetv,20240922031758,cdx,
https://www.cnn.com/2024/09/19/politics/kfile-mark-robinson-black-nazi-pro-slavery-porn-forum/index.html?os=icxa75gdubbewzke8c&ref=app,20240921001503,cdx,
https://www.cnn.com/2024/09/19/politics/kfile-mark-robinson-black-nazi-pro-slavery-porn-forum/index.html?os=io..,20240922051304,cdx,
https://www.cnn.com/2024/09/19/politics/kfile-mark-robinson-black-nazi-pro-slavery-porn-forum/index.html?os=io....,20240921220149,cdx,
https://www.cnn.com/2024/09/19/politics/kfile-mark-robinson-black-nazi-pro-slavery-porn-forum/index.html?os=vb,20240922024318,cdx,
https://www.cnn.com/2024/09/19/politics/kfile-mark-robinson-black-nazi-pro-slavery-porn-forum/index.html?os=vbKn42TQHoorjMXr5B&ref=app,20240921084848,cdx,
https://www.cnn.com/2024/09/19/politics/kfile-mark-robinson-black-nazi-pro-slavery-porn-forum/index.html?os=win&ref=app,20240921030700,cdx,
https://www.cnn.com/2024/09/19/politics/kfile-mark-robinson-black-nazi-pro-slavery-porn-forum/index.html?ref=am-quickie.ghost.io,20240921120011,cdx,
https://www.cnn.com/2024/09/19/politics/kfile-mark-robinson-black-nazi-pro-slavery-porn-forum/index.html?ref=skh.news,20240921021423,cdx,
https://www.cnn.com/2024/09/19/politics/kfile-mark-robinson-black-nazi-pro-slavery-porn-forum/index.html?sp_amp_linker=1*6e1klt*amp_id*SnJqNXl1YngxdGs2V1I1V2JEbGJCTWN0Zk0xZ056cnhnUmlXQTQ1eFY5d3lYMVJMa2NfcHVTQnVFOWFObzYtMw,20240922003203,cdx,
https://www.cnn.com/2024/09/19/politics/supreme-court-affordable-care-act-lawsuit/index.html?cid=external-feeds_iluminar_yahoo,20240921045401,cdx,
https://www.cnn.com/2024/09/19/politics/uncommitted-movement-kamala-harris-trump/index.html?iid=cnn_buildContentRecirc_end_recirc,20240922171627,cdx,
https://www.cnn.com/2024/09/19/politics/video/newsnight-caps-florida-a-swing-state-consverative-movies-taking-over-hollywood,20240921014322,cdx,
https://www.cnn.com/2024/09/19/politics/video/the-lead-north-carolina-gop-mark-robinson-governor-race-2024-election-jake-tapper,20240921013546,cdx,
https://www.cnn.com/2024/09/19/politics/video/van-lathan-trump-only-interested-in-scaring-the-hell-out-of-people,20240921014327,cdx,
https://www.cnn.com/2024/09/19/science/artemis-i-orion-capsule-radiation?cid=external-feeds_iluminar_yahoo,20240922050917,cdx,
https://www.cnn.com/2024/09/19/science/boeing-starliner-astronauts-voting-from-space,20240921154848,cdx,
https://www.cnn.com/2024/09/19/science/starry-night-van-gogh-hidden-math,20240921154841,cdx,
https://www.cnn.com/2024/09/19/science/starry-night-van-gogh-hidden-math/index.html?cid=ios_app,20240922063437,cdx,
https://www.cnn.com/2024/09/19/science/starry-night-van-gogh-hidden-math?cid=external-feeds_iluminar_yahoo,20240922050917,cdx,
https://www.cnn.com/2024/09/19/sport/video/hampton-riddell-chelsea-soccer-cnni-sports-fast,20240921031912,cdx,
https://www.cnn.com/2024/09/19/sport/video/lewis-snell-solheimcup-golf-cnni-sports-fast,20240921213117,cdx,
https://www.cnn.com/2024/09/19/style/rihanna-bathrobe-fenty-hair/index.html?ICID=ref_fark,20240922064225,cdx,
https://www.cnn.com/2024/09/19/us/5-things-pm-september-19-trnd/index.html?iid=cnn_buildContentRecirc_end_recirc,20240921124957,cdx,
https://www.cnn.com/2024/09/19/us/fantasy-football-feud-fake-threat-charges-philadelphia/index.html?utm_source=fark&utm_medium=website&utm_content=link&ICID=ref_fark,20240921160410,cdx,
https://www.cnn.com/2024/09/19/us/goon-squad-mississippi-police-officers?cid=external-feeds_iluminar_msn,20240921024050,cdx,
https://www.cnn.com/2024/09/19/us/houston-pipeline-fire-remains-found/index.html?iid=cnn_buildContentRecirc_end_recirc,20240921175718,cdx,
https://www.cnn.com/2024/09/19/us/joseph-couch-kentucky-shooting-suspect-body-found/index.html?cid=external-feeds_iluminar_yahoo,20240921140538,cdx,
https://www.cnn.com/2024/09/19/us/kentucky-judge-shot-chambers?Date=20240920&Profile=cnnbrk&utm_content=1726791823&utm_medium=social&utm_source=twitter,20240921135709,cdx,
https://www.cnn.com/2024/09/19/us/springfield-mayor-emergency-powers-threats/index.html?cid=external-feeds_iluminar_yahoo,20240921041406,cdx,
https://www.cnn.com/2024/09/20/americas/mexico-president-us-sinaloa-violence-intl-latam/,20240921013808,cdx,
https://www.cnn.com/2024/09/20/americas/mexico-president-us-sinaloa-violence-intl-latam/index.html,20240921072611,cdx,
https://www.cnn.com/2024/09/20/asia/anhui-china-hiker-fall-video-intl-hnk/index.html,20240921014013,cdx,
https://www.cnn.com/2024/09/20/asia/anhui-china-hiker-fall-video-intl-hnk?utm_medium=social&utm_source=whatsappCNN&utm_content=2024-09-20T15:44:40,20240921022155,cdx,
https://www.cnn.com/2024/09/20/asia/south-korea-abortion-youtube-video-intl-hnk/,20240921072503,cdx,
https://www.cnn.com/2024/09/20/asia/south-korea-abortion-youtube-video-intl-hnk/index.html,20240921060936,cdx,
https://www.cnn.com/2024/09/20/business/chechnya-kadyrov-musk-tesla-cybertruck-disabled/index.html?iid=cnn_buildContentRecirc_end_recirc,20240921003929,cdx,
https://www.cnn.com/2024/09/20/business/chechnya-kadyrov-musk-tesla-cybertruck-disabled/index.html?utm_content=2024-09-20T17%3A42%3A39&utm_medium=social&utm_source=blueskyCNN,20240921090414,cdx,
https://www.cnn.com/2024/09/20/business/fedex-economy?cid=external-feeds_iluminar_yahoo,20240921173249,cdx,
https://www.cnn.com/2024/09/20/business/self-service-kiosks-mcdonalds-shake-shack/index.html?iid=cnn_buildContentRecirc_end_recirc,20240921060837,cdx,
https://www.cnn.com/2024/09/20/business/self-service-kiosks-mcdonalds-shake-shack?cid=ios_app,20240921080810,cdx,
https://www.cnn.com/2024/09/20/business/self-service-kiosks-mcdonalds-shake-shack?Date=20240920&Profile=cnn,20240922163104,cdx,
https://www.cnn.com/2024/09/20/climate/doomsday-glacier-thwaites-melt-sea-level-rise/index.html?iid=cnn_buildContentRecirc_end_recirc,20240921005000,cdx,
https://www.cnn.com/2024/09/20/energy/three-mile-island-microsoft-ai,20240921002350,cdx,
https://www.cnn.com/2024/09/20/entertainment/monsters-what-to-watch/index.html,20240921014251,cdx,
https://www.cnn.com/2024/09/20/entertainment/video/hollywood-entertainment-streaming-frasier-kelsey-grammer-saoirse-ronan-movie-blitz-caligula-bluray-malcolm-mcdowell,20240921014545,cdx,
https://www.cnn.com/2024/09/20/entertainment/video/hollywood-entertainment-video-games-karate-kid-street-rumble-hello-kitty-island-adventure-update-orange-season-cozy-game,20240921014223,cdx,
https://www.cnn.com/2024/09/20/entertainment/whats-next-sean-diddy-combs/,20240921004022,cdx,
https://www.cnn.com/2024/09/20/health/age-restrictions-nonalcoholic-drinks-kids-wellness/,20240921090534,cdx,
https://www.cnn.com/2024/09/20/health/flumist-flu-vaccine-approved-self-administration,20240921051731,cdx,
https://www.cnn.com/2024/09/20/health/flumist-flu-vaccine-approved-self-administration?utm_content=user%2FCNN&utm_source=flipboard,20240921051731,cdx,
https://www.cnn.com/2024/09/20/health/galaxy-gas-trend-nitrous-oxide-risks-wellness/,20240921001830,cdx,
https://www.cnn.com/2024/09/20/health/galaxy-gas-trend-nitrous-oxide-risks-wellness/index.html,20240921040249,cdx,
https://www.cnn.com/2024/09/20/health/insulin-prices-federal-trade-commission-pbms?Date=20240920&Profile=CNN&utm_content=1726850356&utm_medium=social&utm_source=twitter,20240921021746,cdx,
https://www.cnn.com/2024/09/20/health/missouri-bird-flu-contacts/,20240921013740,cdx,
https://www.cnn.com/2024/09/20/health/missouri-bird-flu-contacts/index.html,20240921212437,cdx,
https://www.cnn.com/2024/09/20/health/picky-eating-genetic-study-intl-scli-wellness/index.html,20240921014504,cdx,
https://www.cnn.com/2024/09/20/health/sober-drinks-questions/index.html,20240921171223,cdx,
https://www.cnn.com/2024/09/20/health/whooping-cough-cases-surging-human-challenge/index.html,20240921073017,cdx,
https://www.cnn.com/2024/09/20/investing/lower-rates-stocks/,20240921004029,cdx,
https://www.cnn.com/2024/09/20/middleeast/israel-hamas-eden-yerushalmi-sisters-interview-intl/,20240921030707,cdx,
https://www.cnn.com/2024/09/20/middleeast/israel-hamas-eden-yerushalmi-sisters-interview-intl/index.html,20240921175942,cdx,
https://www.cnn.com/2024/09/20/middleeast/israel-hamas-eden-yerushalmi-sisters-interview-intl/index.html?utm_medium=social&utm_source=whatsappCNN&utm_content=2024-09-21T02:45:45,20240921112724,cdx,
https://www.cnn.com/2024/09/20/middleeast/israel-hamas-eden-yerushalmi-sisters-interview-intl/?dicbo=v2-PvQ9lLm&obInternalId=71118,20240921040223,cdx,
https://www.cnn.com/2024/09/20/politics/arizona-supreme-court-citizenship-voting/,20240921040429,cdx,
https://www.cnn.com/2024/09/20/politics/arizona-supreme-court-citizenship-voting/index.html,20240921225518,cdx,
https://www.cnn.com/2024/09/20/politics/arizona-supreme-court-citizenship-voting?adobe_mc=TS%3D1726926896%7CMCMID%3D06632574636887069017508623506833762496%7CMCAID%3D30D688B39A7A2B05-40001CE6079F96E5%7CMCORGID%3D7FF852E2556756057F000101%40AdobeOrg&iid=cnn-mobile-app,20240921140501,cdx,
https://www.cnn.com/2024/09/20/politics/attempts-to-purge-voter-rolls-increase-as-election-nears?cid=ios_app,20240922010737,cdx,
https://www.cnn.com/2024/09/20/politics/fact-check-springfield-had-more-murders-under-trump-than-under-biden-harris/,20240922135212,cdx,
https://www.cnn.com/2024/09/20/politics/georgia-republican-election-rules-hand-count/index.html?cid=ios_app,20240921043231,cdx,
https://www.cnn.com/2024/09/20/politics/georgia-republican-election-rules-hand-count/index.html?iid=cnn_buildContentRecirc_end_recirc,20240921124957,cdx,
https://www.cnn.com/2024/09/20/politics/georgia-republican-election-rules-hand-count?Date=20240920&Profile=CNN&utm_content=1726851153&utm_medium=social&utm_source=twitter,20240921020913,cdx,
https://www.cnn.com/2024/09/20/politics/jill-stein-nevada-supreme-court-ballot/index.html,20240921014340,cdx,
https://www.cnn.com/2024/09/20/politics/joe-biden-cabinet-meeting/index.html,20240921000649,cdx,
https://www.cnn.com/2024/09/20/politics/mark-robinson-donald-trump-kamala-harris-ad/,20240921110857,cdx,
https://www.cnn.com/2024/09/20/politics/mark-robinson-donald-trump-kamala-harris-ad/index.html?cid=external-feeds_iluminar_yahoo,20240921130151,cdx,
https://www.cnn.com/2024/09/20/politics/mark-robinson-donald-trump-kamala-harris-ad?cid=ios_app,20240921051348,cdx,
https://www.cnn.com/2024/09/20/politics/nebraska-trump-harris-republicans-electoral-vote/,20240921013751,cdx,
https://www.cnn.com/2024/09/20/politics/nebraska-trump-harris-republicans-electoral-vote/index.html,20240921015824,cdx,
https://www.cnn.com/2024/09/20/politics/posts-removed-porn-forum-mark-robinson-north-carolina-kfile/,20240921001839,cdx,
https://www.cnn.com/2024/09/20/politics/posts-removed-porn-forum-mark-robinson-north-carolina-kfile/index.html,20240921035626,cdx,
https://www.cnn.com/2024/09/20/politics/posts-removed-porn-forum-mark-robinson-north-carolina-kfile/index.html?Date=20240921&Profile=cnnpolitics,20240922030937,cdx,
https://www.cnn.com/2024/09/20/politics/posts-removed-porn-forum-mark-robinson-north-carolina-kfile/index.html?iid=cnn_buildContentRecirc_end_recirc,20240921060837,cdx,
https://www.cnn.com/2024/09/20/politics/quad-summit-joe-biden/,20240921090640,cdx,
https://www.cnn.com/2024/09/20/politics/quad-summit-joe-biden/index.html,20240921014332,cdx,
https://www.cnn.com/2024/09/20/politics/travis-king-sentenced-desertion-north-korea,20240921001428,cdx,
https://www.cnn.com/2024/09/20/politics/travis-king-sentenced-desertion-north-korea/index.html,20240921001240,cdx,
https://www.cnn.com/2024/09/20/politics/travis-king-sentenced-desertion-north-korea?cid=ios_app,20240921001239,cdx,
https://www.cnn.com/2024/09/20/politics/travis-king-sentenced-desertion-north-korea?Date=20240921&Profile=cnnbrk,20240921001511,cdx,
https://www.cnn.com/2024/09/20/politics/video/kamala-harris-oprah-gun-ownership-bts-cnntm-ldn-digvid?cid=ios_app,20240921072851,cdx,
https://www.cnn.com/2024/09/20/politics/video/new-threats-to-election-workers,20240921013833,cdx,
https://www.cnn.com/2024/09/20/politics/video/teamsters-union-vicepresident-harris-endorsement-john-palmer-trump-musk-ebof-digvid,20240921204827,cdx,
https://www.cnn.com/2024/09/20/science/earth-asteroid-mini-moon,20240921154850,cdx,
https://www.cnn.com/2024/09/20/science/earth-asteroid-mini-moon/index.html?utm_content=2024-09-21T02%3A40%3A12&utm_medium=social&utm_source=blueskyCNN,20240921025204,cdx,
https://www.cnn.com/2024/09/20/sport/champions-league-takeaways-barcelona-wirtz-raya-spt-intl/index.html,20240921014548,cdx,
https://www.cnn.com/2024/09/20/sport/dan-campbell-detroit-home-lions-spt-intl/,20240921004044,cdx,
https://www.cnn.com/2024/09/20/sport/elena-congost-paralympics-marathon-disqualification-spt-intl/,20240921004044,cdx,
https://www.cnn.com/2024/09/20/sport/hannah-hampton-goalkeeper-chelsea-spt-intl/,20240922122834,cdx,
https://www.cnn.com/2024/09/20/sport/joel-embiid-philadelphia-76ers-contract-extension/,20240921004044,cdx,
https://www.cnn.com/2024/09/20/sport/joel-embiid-philadelphia-76ers-contract-extension/index.html,20240921012150,cdx,
https://www.cnn.com/2024/09/20/sport/wnba-regular-season-final-day-spt-intl/index.html,20240921014149,cdx,
https://www.cnn.com/2024/09/20/style/blind-beauty-routine/index.html,20240921013836,cdx,
https://www.cnn.com/2024/09/20/style/blind-beauty-routine?cid=ios_app,20240921135724,cdx,
https://www.cnn.com/2024/09/20/tech/sec-sanctions-elon-musk-testimony-twitter-probe/index.html?iid=cnn_buildContentRecirc_end_recirc,20240922022456,cdx,
https://www.cnn.com/2024/09/20/us/colorado-grocery-store-massacre-trial/index.html,20240921063712,cdx,
https://www.cnn.com/2024/09/20/us/john-banuelos-jan-6-shooter-cec,20240921195140,cdx,
https://www.cnn.com/2024/09/20/us/oceangate-mission-specialist-testimony/index.html,20240922045128,cdx,
https://www.cnn.com/2024/09/20/us/oceangate-mission-specialist-testimony/index.html?iid=cnn_buildContentRecirc_end_recirc,20240921043041,cdx,
https://www.cnn.com/2024/09/20/us/robert-hernandez-calfire-engineer-arrest-california/,20240921110724,cdx,
https://www.cnn.com/2024/09/20/us/video/oregon-doctor-abuse-claims-duerson-pkg-lead-digvid,20240921075733,cdx,
https://www.cnn.com/2024/09/20/us/video/student-surprise-chappaqua-cnnheroes,20240921014048,cdx,
https://www.cnn.com/2024/09/20/us/video/the-lead-antisemitism-donald-trump-gop-2024-voters-election-jake-tapper,20240922020419,cdx,
https://www.cnn.com/2024/09/20/world/video/hiker-survives-dramatic-fall-china-ldn-digvid?cid=ios_app,20240921115504,cdx,
https://www.cnn.com/2024/09/20/world/video/how-powerful-can-a-pager-bomb-be-an-expert-shows-us,20240921080048,cdx,strong
https://www.cnn.com/2024/09/20/world/video/israeli-hostage-killed-sisters-interview-digvid,20240921110949,cdx,
https://www.cnn.com/2024/09/20/world/video/north-korea-floods-kim-jong-un-ripley-dnt-digvid,20240921201750,cdx,
https://www.cnn.com/2024/09/20/world/video/pager-explosion-demonstration-digvid,20240921003007,cdx,strong
https://www.cnn.com/2024/09/21/africa/chimpanzee-center-ransacked-guinea-infant-killed-intl/,20240921165340,cdx,
https://www.cnn.com/2024/09/21/africa/chimpanzee-center-ransacked-guinea-infant-killed-intl/index.html,20240921222719,cdx,
https://www.cnn.com/2024/09/21/africa/chimpanzee-center-ransacked-guinea-infant-killed-intl/index.html?utm_medium=social&utm_source=whatsappCNN&utm_content=2024-09-21T18:01:12,20240922020542,cdx,
https://www.cnn.com/2024/09/21/asia/new-zealand-pilot-indonesia-intl-hnk/,20240921084441,cdx,
https://www.cnn.com/2024/09/21/asia/new-zealand-pilot-indonesia-intl-hnk/index.html,20240922012853,cdx,
https://www.cnn.com/2024/09/21/asia/new-zealand-pilot-indonesia-intl-hnk/index.html?iid=cnn_buildContentRecirc_end_recirc,20240921093011,cdx,
https://www.cnn.com/2024/09/21/business/amc-regal-cinemark-movie-theater-makeover-plan/,20240921150416,cdx,
https://www.cnn.com/2024/09/21/business/amc-regal-cinemark-movie-theater-makeover-plan/index.html,20240921131607,cdx,
https://www.cnn.com/2024/09/21/business/gm-layoffs-kansas,20240921201723,cdx,
https://www.cnn.com/2024/09/21/business/gm-layoffs-kansas/index.html,20240922014854,cdx,
https://www.cnn.com/2024/09/21/business/why-is-everything-mini-these-days/,20240921165403,cdx,
https://www.cnn.com/2024/09/21/business/why-is-everything-mini-these-days/index.html,20240921182809,cdx,
https://www.cnn.com/2024/09/21/climate/glaciers-last-chance-tourism-ice-cave/,20240921095159,cdx,
https://www.cnn.com/2024/09/21/climate/glaciers-last-chance-tourism-ice-cave/index.html,20240921081319,cdx,
https://www.cnn.com/2024/09/21/entertainment/demi-moore-the-substance/,20240921203436,cdx,
https://www.cnn.com/2024/09/21/entertainment/demi-moore-the-substance/index.html,20240922173308,cdx,
https://www.cnn.com/2024/09/21/entertainment/video/rapper-eve-music-business-lcl-digvid,20240921043331,cdx,
https://www.cnn.com/2024/09/21/europe/bayesian-yacht-watertight-safes-intl/,20240921112217,cdx,
https://www.cnn.com/2024/09/21/europe/bayesian-yacht-watertight-safes-intl/index.html,20240921154335,cdx,
https://www.cnn.com/2024/09/21/europe/bayesian-yacht-watertight-safes-intl/index.html?iid=cnn_buildContentRecirc_end_recirc,20240921230302,cdx,
https://www.cnn.com/2024/09/21/europe/germany-borders-poland-scholz-intl/,20240921054945,cdx,
https://www.cnn.com/2024/09/21/europe/germany-borders-poland-scholz-intl/index.html,20240921201754,cdx,
https://www.cnn.com/2024/09/21/europe/zelensky-weapons-victory-plan-intl/,20240921155349,cdx,
https://www.cnn.com/2024/09/21/europe/zelensky-weapons-victory-plan-intl/index.html,20240921220037,cdx,
https://www.cnn.com/2024/09/21/europe/zelensky-weapons-victory-plan-intl/index.html?utm_medium=social&utm_source=whatsappCNN&utm_content=2024-09-21T16:11:00,20240921200248,cdx,
https://www.cnn.com/2024/09/21/media/trump-second-debate-harris-vp-october-analysis/,20240921203412,cdx,
https://www.cnn.com/2024/09/21/media/trump-second-debate-harris-vp-october-analysis/index.html,20240921225517,cdx,
https://www.cnn.com/2024/09/21/media/trump-second-debate-harris-vp-october-analysis/index.html?iid=cnn_buildContentRecirc_end_recirc,20240921230302,cdx,
https://www.cnn.com/2024/09/21/media/trump-second-debate-harris-vp-october-analysis?cid=external-feeds_iluminar_yahoo&soc_src=social-sh&soc_trk=tw&tsrc=twtr,20240922014115,cdx,
https://www.cnn.com/2024/09/21/middleeast/israeli-strike-gaza-school-intl/,20240921165312,cdx,
https://www.cnn.com/2024/09/21/middleeast/israeli-strike-gaza-school-intl/index.html,20240921194745,cdx,
https://www.cnn.com/2024/09/21/politics/al-smith-dinner-kamala-harris-catholic/,20240921203439,cdx,
https://www.cnn.com/2024/09/21/politics/al-smith-dinner-kamala-harris-catholic/index.html,20240921203547,cdx,
https://www.cnn.com/2024/09/21/politics/al-smith-dinner-kamala-harris-catholic/index.html?cid=ios_app,20240921193732,cdx,
https://www.cnn.com/2024/09/21/politics/breakthrough-polling-project-trump-harris-migrants/index.html,20240921175904,cdx,
https://www.cnn.com/2024/09/21/politics/california-social-media-bill-gavin-newsom/,20240921150949,cdx,
https://www.cnn.com/2024/09/21/politics/california-social-media-bill-gavin-newsom/index.html,20240921200037,cdx,
https://www.cnn.com/2024/09/21/politics/california-social-media-bill-gavin-newsom/index.html?iid=cnn_buildContentRecirc_end_recirc,20240922220335,cdx,
https://www.cnn.com/2024/09/21/politics/dan-evans-senator-governor-washington/,20240922013329,cdx,
https://www.cnn.com/2024/09/21/politics/dan-evans-senator-governor-washington/index.html,20240922015718,cdx,
https://www.cnn.com/2024/09/21/politics/donald-trump-north-carolina-mark-robinson/,20240921122159,cdx,
https://www.cnn.com/2024/09/21/politics/donald-trump-north-carolina-mark-robinson/index.html,20240921181651,cdx,
https://www.cnn.com/2024/09/21/politics/donald-trump-north-carolina-mark-robinson/index.html?cid=external-feeds_iluminar_yahoo,20240921202407,cdx,
https://www.cnn.com/2024/09/21/politics/donald-trump-north-carolina-mark-robinson/index.html?iid=cnn_buildContentRecirc_end_recirc,20240922115235,cdx,
https://www.cnn.com/2024/09/21/politics/donald-trump-north-carolina-mark-robinson?cid=ios_app,20240921161740,cdx,
https://www.cnn.com/2024/09/21/politics/election-security-funds-decline-threats-grow-invs,20240921110657,cdx,
https://www.cnn.com/2024/09/21/politics/election-security-funds-decline-threats-grow-invs/index.html,20240921193943,cdx,
https://www.cnn.com/2024/09/21/politics/election-security-funds-decline-threats-grow-invs?cid=ios_app,20240921114810,cdx,
https://www.cnn.com/2024/09/21/politics/fundraising-harris-trump-elon-musk/,20240921075733,cdx,
https://www.cnn.com/2024/09/21/politics/fundraising-harris-trump-elon-musk/index.html,20240921055242,cdx,
https://www.cnn.com/2024/09/21/politics/fundraising-harris-trump-elon-musk/?dicbo=v2-yVqr0iS&obInternalId=71118,20240921094156,cdx,
https://www.cnn.com/2024/09/21/politics/presidential-debate-harris-trump-cnn/,20240921165321,cdx,
https://www.cnn.com/2024/09/21/politics/presidential-debate-harris-trump-cnn/index.html,20240921163252,cdx,
https://www.cnn.com/2024/09/21/politics/presidential-debate-harris-trump-cnn/index.html?cid=external-feeds_iluminar_yahoo,20240921202408,cdx,
https://www.cnn.com/2024/09/21/politics/presidential-debate-harris-trump-cnn?cid=ios_app,20240921230223,cdx,
https://www.cnn.com/2024/09/21/politics/tax-cuts-donald-trump-election/,20240921112240,cdx,
https://www.cnn.com/2024/09/21/politics/tax-cuts-donald-trump-election/index.html,20240921204905,cdx,
https://www.cnn.com/2024/09/21/politics/video/north-carolina-election-polling-enten-nr-digvid,20240922031444,cdx,
https://www.cnn.com/2024/09/21/politics/video/sarah-huckabee-sanders-kids-hignfy-digvid,20240921212247,cdx,
https://www.cnn.com/2024/09/21/politics/video/smerconish-commentary-2024-election-wwiii-digvid,20240921200549,cdx,
https://www.cnn.com/2024/09/21/politics/video/smr-national-campaign-pushing-for-mobile-voting,20240922122903,cdx,
https://www.cnn.com/2024/09/21/politics/video/trump-harris-cnn-debate-charlie-dent-analysis-digvid,20240922022349,cdx,
https://www.cnn.com/2024/09/21/politics/video/trump-harris-cnn-debate-charlie-dent-analysis-digvid?cid=ios_app,20240922013747,cdx,
https://www.cnn.com/2024/09/21/politics/video/trump-harris-presidential-cnn-debate-digvid,20240921194828,cdx,
https://www.cnn.com/2024/09/21/science/diving-anole-lizard-science-newsletter-wt/,20240921154839,cdx,
https://www.cnn.com/2024/09/21/science/diving-anole-lizard-science-newsletter-wt/index.html,20240921213716,cdx,
https://www.cnn.com/2024/09/21/science/kaspar-hauser-new-dna-analysis/,20240921084434,cdx,
https://www.cnn.com/2024/09/21/science/kaspar-hauser-new-dna-analysis/index.html,20240921095240,cdx,
https://www.cnn.com/2024/09/21/science/kaspar-hauser-new-dna-analysis/index.html?cid=external-feeds_iluminar_yahoo,20240922050917,cdx,
https://www.cnn.com/2024/09/21/science/kaspar-hauser-new-dna-analysis/index.html?iid=cnn_buildContentRecirc_end_recirc,20240921204505,cdx,
https://www.cnn.com/2024/09/21/science/kaspar-hauser-new-dna-analysis/index.html?utm_medium=social&utm_source=whatsappCNN&utm_content=2024-09-21T11:21:09,20240922020538,cdx,
https://www.cnn.com/2024/09/21/science/kaspar-hauser-new-dna-analysis?cid=ios_app,20240922094924,cdx,
https://www.cnn.com/2024/09/21/sport/eddie-hearn-joshua-dubois-tyson-fury-spt-intl/index.html,20240921141816,cdx,
https://www.cnn.com/2024/09/21/sport/edwin-moses-olympics-hurdles-documentary-spt-intl/,20240922020416,cdx,
https://www.cnn.com/2024/09/21/sport/edwin-moses-olympics-hurdles-documentary-spt-intl/index.html,20240921195054,cdx,
https://www.cnn.com/2024/09/21/sport/edwin-moses-olympics-hurdles-documentary-spt-intl?Date=20240921&Profile=CNN+Sports&utm_content=1726927103&utm_medium=social&utm_source=twitter,20240921140112,cdx,
https://www.cnn.com/2024/09/21/sport/f1-lizard-practice-singapore-spt-intl,20240921105120,cdx,
https://www.cnn.com/2024/09/21/sport/f1-lizard-practice-singapore-spt-intl/index.html,20240921192941,cdx,
https://www.cnn.com/2024/09/21/sport/f1-lizard-practice-singapore-spt-intl?Date=20240921&Profile=CNN+Sports,20240921105146,cdx,
https://www.cnn.com/2024/09/21/sport/shohei-ohtani-50-50-dodgers-history-spt-intl,20240921115938,cdx,
https://www.cnn.com/2024/09/21/sport/shohei-ohtani-50-50-dodgers-history-spt-intl/index.html,20240922013411,cdx,
https://www.cnn.com/2024/09/21/sport/simone-biles-gold-over-america-tour-spt-intl/index.html,20240921193936,cdx,
https://www.cnn.com/2024/09/21/sport/stacy-lewis-solheim-cup-barack-obama-spt-intl/index.html,20240921213109,cdx,
https://www.cnn.com/2024/09/21/sport/stacy-lewis-solheim-cup-barack-obama-spt-intl/index.html?Date=20240922&Profile=CNN+Sports&utm_content=1726994088&utm_medium=social&utm_source=twitter,20240922122225,cdx,
https://www.cnn.com/2024/09/21/us/california-cat-found-yellowstone-national-park/,20240922005156,cdx,
https://www.cnn.com/2024/09/21/us/california-cat-found-yellowstone-national-park/index.html,20240922021050,cdx,
https://www.cnn.com/2024/09/21/us/california-cat-found-yellowstone-national-park?cid=ios_app,20240922023223,cdx,
https://www.cnn.com/2024/09/21/us/kentucky-community-struggles-sheriff-charged-judge-killing/,20240921102244,cdx,
https://www.cnn.com/2024/09/21/us/kentucky-community-struggles-sheriff-charged-judge-killing/index.html,20240921101610,cdx,
https://www.cnn.com/2024/09/21/us/maersk-saltoro-federal-investigation/,20240921165359,cdx,
https://www.cnn.com/2024/09/21/us/maersk-saltoro-federal-investigation/index.html,20240921221624,cdx,
https://www.cnn.com/2024/09/21/us/mamta-kafle-bhatt-missing-husband-bond-denied/,20240922013344,cdx,
https://www.cnn.com/2024/09/21/us/mamta-kafle-bhatt-missing-husband-bond-denied/index.html,20240922011832,cdx,
https://www.cnn.com/2024/09/21/us/nyc-asylum-seekers-soccer-team,20240921214055,cdx,
https://www.cnn.com/2024/09/21/us/nyc-asylum-seekers-soccer-team/index.html,20240921232418,cdx,
https://www.cnn.com/2024/09/21/us/nyc-asylum-seekers-soccer-team/index.html?utm_medium=social&utm_source=whatsappCNN&utm_content=2024-09-21T21:24:07,20240922020627,cdx,
https://www.cnn.com/2024/09/21/us/nypd-brooklyn-subway-shooting/,20240921215002,cdx,
https://www.cnn.com/2024/09/21/us/nypd-brooklyn-subway-shooting/index.html,20240921214836,cdx,
https://www.cnn.com/2024/09/21/us/sean-diddy-combs-vs-r-kelly-cases/,20240921150956,cdx,
https://www.cnn.com/2024/09/21/us/sean-diddy-combs-vs-r-kelly-cases/index.html,20240921194734,cdx,
https://www.cnn.com/2024/09/21/us/springfield-ohio-financial-fallout/,20240921154932,cdx,
https://www.cnn.com/2024/09/21/us/springfield-ohio-financial-fallout/index.html,20240921154757,cdx,
https://www.cnn.com/2024/09/21/us/thousands-of-bees-removed-maine-farmhouse/,20240921204021,cdx,
https://www.cnn.com/2024/09/21/us/thousands-of-bees-removed-maine-farmhouse/index.html,20240922030841,cdx,
https://www.cnn.com/2024/09/21/us/thousands-of-bees-removed-maine-farmhouse?cid=ios_app,20240922105705,cdx,
https://www.cnn.com/2024/09/21/us/video/wanted-man-police-robot-standoff-digvid,20240921123335,cdx,
https://www.cnn.com/2024/09/21/us/video/wanted-man-police-robot-standoff-digvid?cid=ios_app,20240922233128,cdx,
https://www.cnn.com/2024/09/21/world/unga-general-assembly-world-leaders-intl-latam/,20240921052321,cdx,
https://www.cnn.com/2024/09/21/world/unga-general-assembly-world-leaders-intl-latam/index.html,20240922011519,cdx,
https://www.cnn.com/2024/09/21/world/video/cnn-smr-israel-invasion-us-elections,20240922020433,cdx,
https://www.cnn.com/2024/09/21/world/video/hezbollah-attack-difficulty-israel-lebanon-border-commanders-pittard-nr-digvid,20240922014612,cdx,related
https://www.cnn.com/2024/09/21/world/video/hezbollah-israeli-strike-beirut-wedeman-dnt-digvid,20240921221811,cdx,
https://www.cnn.com/2024/09/21/world/video/israel-hezbollah-lebanon-border-wedeman-digvid,20240921174816,cdx,
https://www.cnn.com/2024/09/22/asia/flooding-earthquake-ishikawa-japan-itnl-hnk/,20240922100902,cdx,
https://www.cnn.com/2024/09/22/asia/flooding-earthquake-ishikawa-japan-itnl-hnk/index.html,20240922113503,cdx,
https://www.cnn.com/2024/09/22/asia/sri-lanka-elects-marxist-dissanayake-intl-latam/,20240922192225,cdx,
https://www.cnn.com/2024/09/22/asia/sri-lanka-elects-marxist-dissanayake-intl-latam/index.html,20240922203230,cdx,
https://www.cnn.com/2024/09/22/business/boeing-strike-pensions/,20240922112230,cdx,
https://www.cnn.com/2024/09/22/business/boeing-strike-pensions/index.html,20240922122856,cdx,
https://www.cnn.com/2024/09/22/business/boeing-strike-pensions?cid=external-feeds_iluminar_yahoo,20240922122803,cdx,
https://www.cnn.com/2024/09/22/business/california-plastic-shopping-bag-ban/index.html,20240922215324,cdx,
https://www.cnn.com/2024/09/22/business/investment-advice-wellness-roboadvisor/,20240922143404,cdx,
https://www.cnn.com/2024/09/22/business/investment-advice-wellness-roboadvisor/index.html,20240922180141,cdx,
https://www.cnn.com/2024/09/22/business/video/fareeds-take-election-inflation-fed-gps-digvid,20240922180141,cdx,
https://www.cnn.com/2024/09/22/climate/biden-climate-week-new-york/,20240922175205,cdx,
https://www.cnn.com/2024/09/22/climate/biden-climate-week-new-york/index.html,20240922170515,cdx,
https://www.cnn.com/2024/09/22/entertainment/dan-quayle-murphy-brown-cat-ladies-cec/,20240922143357,cdx,
https://www.cnn.com/2024/09/22/entertainment/dan-quayle-murphy-brown-cat-ladies-cec/index.html,20240922192956,cdx,
https://www.cnn.com/2024/09/22/entertainment/dwayne-johnson-the-rock-apalachee-high-school/,20240922214913,cdx,
https://www.cnn.com/2024/09/22/entertainment/john-mulaney-olivia-munn-baby-girl/,20240922214921,cdx,
https://www.cnn.com/2024/09/22/entertainment/john-mulaney-olivia-munn-baby-girl/index.html,20240922211510,cdx,
https://www.cnn.com/2024/09/22/entertainment/tia-mowry-famous-duos/index.html,20240922214715,cdx,
https://www.cnn.com/2024/09/22/europe/germany-scholz-far-right-state-poll-intl-latam/,20240922192314,cdx,
https://www.cnn.com/2024/09/22/europe/germany-scholz-far-right-state-poll-intl-latam/index.html,20240922203047,cdx,
https://www.cnn.com/2024/09/22/europe/ukraine-western-long-range-weapons-russia-intl/,20240922043605,cdx,
https://www.cnn.com/2024/09/22/europe/ukraine-western-long-range-weapons-russia-intl/index.html,20240922185518,cdx,
https://www.cnn.com/2024/09/22/middleeast/al-jazeera-ramallah-israel-raid-intl/,20240922112242,cdx,
https://www.cnn.com/2024/09/22/middleeast/al-jazeera-ramallah-israel-raid-intl/index.html,20240922183227,cdx,
https://www.cnn.com/2024/09/22/middleeast/al-jazeera-ramallah-israel-raid-intl?cid=ios_app,20240922144730,cdx,
https://www.cnn.com/2024/09/22/middleeast/iran-coal-mine-blast-killed-intl/,20240922112301,cdx,
https://www.cnn.com/2024/09/22/middleeast/iran-coal-mine-blast-killed-intl/index.html,20240922184715,cdx,
https://www.cnn.com/2024/09/22/middleeast/iran-coal-mine-blast-killed-intl/index.html?Date=20240922&Profile=cnnbrk&utm_content=1727000021&utm_medium=social&utm_source=twitter,20240922145718,cdx,
https://www.cnn.com/2024/09/22/middleeast/israel-hezbollah-cross-border-fire-explainer-intl/,20240922192315,cdx,
https://www.cnn.com/2024/09/22/middleeast/israel-hezbollah-cross-border-fire-explainer-intl/index.html,20240922194643,cdx,
https://www.cnn.com/2024/09/22/middleeast/israel-strikes-hezbollah-weakened-analysis-intl/,20240922153840,cdx,
https://www.cnn.com/2024/09/22/middleeast/israel-strikes-hezbollah-weakened-analysis-intl/index.html,20240922182052,cdx,
https://www.cnn.com/2024/09/22/middleeast/netanyahu-gaza-hamas-expulsions-plan-intl/,20240922182326,cdx,
https://www.cnn.com/2024/09/22/middleeast/netanyahu-gaza-hamas-expulsions-plan-intl/index.html,20240922170743,cdx,
https://www.cnn.com/2024/09/22/politics/abortion-dobbs-promises-republicans/,20240922114857,cdx,
https://www.cnn.com/2024/09/22/politics/abortion-dobbs-promises-republicans/index.html,20240922194446,cdx,
https://www.cnn.com/2024/09/22/politics/angela-alsobrooks-improper-tax-deductions,20240922123507,cdx,
https://www.cnn.com/2024/09/22/politics/angela-alsobrooks-improper-tax-deductions/index.html,20240922132759,cdx,
https://www.cnn.com/2024/09/22/politics/closest-presidential-race-harris-trump/,20240922214930,cdx,
https://www.cnn.com/2024/09/22/politics/closest-presidential-race-harris-trump/index.html,20240922211322,cdx,
https://www.cnn.com/2024/09/22/politics/donald-trump-oprah-winfrey-fact-check/,20240922200452,cdx,
https://www.cnn.com/2024/09/22/politics/donald-trump-oprah-winfrey-fact-check/index.html,20240922220036,cdx,
https://www.cnn.com/2024/09/22/politics/fed-inflation-soft-landing-analysis,20240922090644,cdx,
https://www.cnn.com/2024/09/22/politics/fed-inflation-soft-landing-analysis/index.html,20240922103618,cdx,
https://www.cnn.com/2024/09/22/politics/government-funding-bill-unveiled-johnson/,20240922234046,cdx,
https://www.cnn.com/2024/09/22/politics/mark-robinson-campaign-resignations/index.html,20240922215409,cdx,
https://www.cnn.com/2024/09/22/politics/mark-robinson-campaign-resignations/index.html?Date=20240922&Profile=cnnbrk,20240922215553,cdx,
https://www.cnn.com/2024/09/22/politics/unga-kamala-harris-donald-trump/,20240922103510,cdx,
https://www.cnn.com/2024/09/22/politics/unga-kamala-harris-donald-trump/index.html,20240922171621,cdx,
https://www.cnn.com/2024/09/22/politics/us-government-funding-shutdown-what-matters/,20240922055036,cdx,
https://www.cnn.com/2024/09/22/politics/us-government-funding-shutdown-what-matters/index.html,20240922050913,cdx,
https://www.cnn.com/2024/09/22/politics/video/cotton-trump-jewish-voters-sot-reax-sotu-digvid,20240922145325,cdx,
https://www.cnn.com/2024/09/22/politics/video/gps0922-clinton-on-campus-protests,20240922212403,cdx,
https://www.cnn.com/2024/09/22/politics/video/gps0922-hillary-clinton-on-marriage-in-the-spotlight,20240922212401,cdx,
https://www.cnn.com/2024/09/22/politics/video/josh-stein-north-carolina-gov-candidate-sotu-digvid,20240922145218,cdx,
https://www.cnn.com/2024/09/22/politics/video/sotu-panel-reacts-new-harris-trump-favorability-polling?cid=ios_app,20240922221652,cdx,
https://www.cnn.com/2024/09/22/politics/video/sotu-whitmer-tapper-tlaib-accused-of-antisemitic-remark-by-michigan-ag,20240922164523,cdx,
https://www.cnn.com/2024/09/22/politics/video/trump-abortion-whitmer-reacts-sotu-digvid,20240922191802,cdx,
https://www.cnn.com/2024/09/22/politics/vote-counting-delays-election-states/,20240922192258,cdx,
https://www.cnn.com/2024/09/22/politics/vote-counting-delays-election-states/index.html,20240922195702,cdx,
https://www.cnn.com/2024/09/22/politics/young-voters-election-issues/,20240922143909,cdx,
https://www.cnn.com/2024/09/22/politics/young-voters-election-issues/index.html,20240922191045,cdx,
https://www.cnn.com/2024/09/22/sport/aja-wilson-third-wnba-mvp-spt-intl/index.html,20240922203940,cdx,
https://www.cnn.com/2024/09/22/sport/colorado-buffaloes-baylor-bears-overtime-hail-mary-spt-intl/,20240922122834,cdx,
https://www.cnn.com/2024/09/22/sport/daniel-dubois-anthony-joshua-ibf-heavyweight-spt-intl/,20240922122924,cdx,
https://www.cnn.com/2024/09/22/sport/daniel-dubois-anthony-joshua-ibf-heavyweight-spt-intl/index.html,20240922204129,cdx,
https://www.cnn.com/2024/09/22/sport/lando-norris-wins-singapore-grand-prix-spt-intl/,20240922182326,cdx,
https://www.cnn.com/2024/09/22/sport/lando-norris-wins-singapore-grand-prix-spt-intl/index.html,20240922152656,cdx,
https://www.cnn.com/2024/09/22/sport/mercury-morris-super-bowl-champion-miami-dolphins-dies-spt-intl/,20240922223624,cdx,
https://www.cnn.com/2024/09/22/sport/mercury-morris-super-bowl-champion-miami-dolphins-dies-spt-intl/index.html,20240922200448,cdx,
https://www.cnn.com/2024/09/22/sport/wnba-playoffs-first-round-what-to-watch-spt-intl/,20240922122924,cdx,
https://www.cnn.com/2024/09/22/style/magritte-christies-new-york-auction-tan/,20240922182326,cdx,
https://www.cnn.com/2024/09/22/style/magritte-christies-new-york-auction-tan/index.html,20240922200107,cdx,
https://www.cnn.com/2024/09/22/us/5-things-sunday-september-22-trnd/,20240922133655,cdx,
https://www.cnn.com/2024/09/22/us/5-things-sunday-september-22-trnd/index.html,20240922194826,cdx,
https://www.cnn.com/2024/09/22/us/birmingham-alabama-shooting-five-points-south/,20240922070416,cdx,
https://www.cnn.com/2024/09/22/us/birmingham-alabama-shooting-five-points-south/index.html,20240922071428,cdx,
https://www.cnn.com/2024/09/22/us/birmingham-alabama-shooting-five-points-south/index.html?Date=20240922&Profile=CNN,20240922211557,cdx,
https://www.cnn.com/2024/09/22/us/birmingham-alabama-shooting-five-points-south/index.html?iid=cnn_buildContentRecirc_end_recirc,20240922220041,cdx,
https://www.cnn.com/2024/09/22/us/florida-sheriff-school-shooting-threats/,20240922100804,cdx,
https://www.cnn.com/2024/09/22/us/florida-sheriff-school-shooting-threats/index.html,20240922194629,cdx,
https://www.cnn.com/2024/09/22/us/kentucky-judge-mullins-shot-sunday/index.html,20240922085805,cdx,
https://www.cnn.com/2024/09/22/us/nypd-police-commissioner-thomas-donlon-new-york/,20240922055027,cdx,
https://www.cnn.com/2024/09/22/us/nypd-police-commissioner-thomas-donlon-new-york/index.html,20240922174805,cdx,
https://www.cnn.com/2024/09/22/us/titan-submersible-hearing-takeaways/,20240922180759,cdx,
https://www.cnn.com/2024/09/22/us/titan-submersible-hearing-takeaways/index.html,20240922224244,cdx,
https://www.cnn.com/2024/09/22/us/video/birmingham-alabama-shooting-aftermath-romo-digvid,20240922204733,cdx,
https://www.cnn.com/2024/09/22/us/video/birmingham-alabama-shooting-officer-sot-digvid,20240922231641,cdx,
https://www.cnn.com/2024/09/22/weather/california-wildfire-outlook/,20240922165302,cdx,
https://www.cnn.com/2024/09/22/weather/california-wildfire-outlook/index.html,20240922201028,cdx,
https://www.cnn.com/2024/09/22/world/video/gps0922-guterres-on-middle-east-escalations,20240922211706,cdx,
https://www.cnn.com/2024/09/22/world/video/gps0922-guterres-on-unrwa-allegations,20240922233803,cdx,
https://www.cnn.com/2024/09/22/world/video/hezbollah-lebanon-projectiles-israel-wedeman-cnntm-digvid,20240922182605,cdx,
https://www.cnn.com/2024/09/22/world/video/israel-hezbollah-attacks-beirut-former-cia-baer-nr-digvid,20240922211125,cdx,related
https://www.cnn.com/2024/09/01/middleeast/israel-gaza-hostage-polin-goldberg-profile-intl-hnk/index.html,20240923235153,cdx,
https://www.cnn.com/2024/09/01/middleeast/israel-gaza-wwk-hostages-killed-intl-hnk/index.html,20240924195234,cdx,
https://www.cnn.com/2024/09/01/politics/ahmad-massoud-afghanistan-resistance-interview/index.html,20240924212007,cdx,
https://www.cnn.com/2024/09/01/politics/ketanji-brown-jackson-scotus-ethics-code,20240924232536,cdx,
https://www.cnn.com/2024/09/01/world/video/six-hostages-killed-hamas-netanyahu-sot-intl-digvid,20240923080126,cdx,
https://www.cnn.com/2024/09/02/europe/afd-germany-election-thuringia-saxony-intl/index.html,20240924011255,cdx,
https://www.cnn.com/2024/09/02/investing/volkswagen-factory-closure-germany,20240923160332,cdx,
https://www.cnn.com/2024/09/02/politics/biden-netanyahu-ceasefire-hostage-deal/,20240923133753,cdx,
https://www.cnn.com/2024/09/02/politics/biden-netanyahu-ceasefire-hostage-deal/index.html,20240924041728,cdx,
https://www.cnn.com/2024/09/02/politics/us-seizes-venezuela-president-maduros-airplane?utm_source=fark&utm_medium=website&utm_content=link&ICID=ref_fark,20240923191333,cdx,
https://www.cnn.com/2024/09/03/cars/global-automakers-china-retreat-hnk-intl,20240924220835,cdx,
https://www.cnn.com/2024/09/03/food/honey-deuce-us-open-cocktail-popularity/index.html?utm_source=fark&utm_medium=website&utm_content=link&ICID=ref_fark,20240923081858,cdx,
https://www.cnn.com/2024/09/03/politics/harris-economic-proposals/index.html,20240924111741,cdx,
https://www.cnn.com/2024/09/03/politics/rfk-jr-michigan-ballot-removal-request-denied/index.html?cid=external-feeds_iluminar_yahoo,20240924212951,cdx,
https://www.cnn.com/2024/09/03/politics/video/blue-dots-omaha-nebraska-democrats-election-zeleny-ac360-digvid,20240923230823,cdx,
https://www.cnn.com/2024/09/03/science/video/gps-0901-reengineering-life-part-1,20240923161143,cdx,
https://www.cnn.com/2024/09/03/science/video/gps-0901-reengineering-life-part-2,20240923161140,cdx,
https://www.cnn.com/2024/09/03/science/video/gps-0901-reengineering-life-part-3,20240923161145,cdx,
https://www.cnn.com/2024/09/03/science/video/gps-0901-reengineering-life-part-4,20240923161138,cdx,
https://www.cnn.com/2024/09/03/science/video/gps-0901-reengineering-life-part-5,20240923161139,cdx,
https://www.cnn.com/2024/09/03/sport/armless-archers-viral-paralympics-spt-intl/index.html,20240924003523,cdx,
https://www.cnn.com/2024/09/03/us/back-to-school-bans-cell-phones-hoodies-mirrors?utm_source=fark&utm_medium=website&utm_content=link&ICID=ref_fark,20240924230251,cdx,
https://www.cnn.com/2024/09/04/business/chipotle-spirit-halloween-costume/index.html,20240924084458,cdx,
https://www.cnn.com/2024/09/04/economy/us-jolts-job-openings-hires-layoffs-july/,20240924161129,cdx,
https://www.cnn.com/2024/09/04/europe/norway-beluga-spy-whale-shot-hvaldimir-intl-latam,20240923074116,cdx,
https://www.cnn.com/2024/09/04/middleeast/journalists-injured-israeli-fire-west-bank-intl-latam/index.html,20240924211412,cdx,
https://www.cnn.com/2024/09/04/politics/biden-administration-accuse-russia-election-influence-efforts/,20240924124205,cdx,
https://www.cnn.com/2024/09/04/politics/harris-trump-abc-debate-rules-microphones/index.html?cid=external-feeds_iluminar_yahoo,20240923100938,cdx,
https://www.cnn.com/2024/09/04/science/fungus-robot-mushroom-biohybrid/index.html,20240924001034,cdx,
https://www.cnn.com/2024/09/05/business/telegram-ceo-posts-pavel-durov/,20240923215304,cdx,
https://www.cnn.com/2024/09/05/business/telegram-ceo-posts-pavel-durov?cid=external-feeds_iluminar_yahoo,20240923182758,cdx,
https://www.cnn.com/2024/09/05/europe/france-prime-minister-michel-barnier-intl/,20240924144048,cdx,
https://www.cnn.com/2024/09/05/europe/ukraine-army-chief-kursk-incursion-exclusive-intl/,20240923115550,cdx,
https://www.cnn.com/2024/09/05/europe/vladimir-putin-kamala-harris-endorsement-intl/,20240924042219,cdx,
https://www.cnn.com/2024/09/05/politics/takeaways-trump-jan-6-election-hearing/index.html?cid=external-feeds_iluminar_yahoo,20240923121332,cdx,
https://www.cnn.com/2024/09/05/politics/trump-claims-boosting-tariffs-pay-for-child-care/index.html?cid=external-feeds_iluminar_yahoo,20240923100937,cdx,
https://www.cnn.com/2024/09/05/sport/caitlin-clark-triple-double-wnba-spt-intl/,20240923132730,cdx,
https://www.cnn.com/2024/09/05/us/fontana-pressured-murder-confession/,20240923094241,cdx,
https://www.cnn.com/2024/09/05/us/king-soopers-mass-shooting-trial/index.html,20240924085805,cdx,
https://www.cnn.com/2024/09/05/us/timeline-georgia-high-school-shooting,20240924100949,cdx,
https://www.cnn.com/2024/09/05/us/victims-apalachee-high-school-shooting/index.html?cid=external-feeds_iluminar_yahoo,20240923124957,cdx,
https://www.cnn.com/2024/09/05/us/video/california-murder-confession-investigation-prokupecz-ac360-pkg?cid=external-feeds_iluminar_yahoo,20240923113428,cdx,
https://www.cnn.com/2024/09/06/business/ceos-support-kamala-harris/index.html,20240924211802,cdx,
https://www.cnn.com/2024/09/06/business/gas-prices-opec-trump-harris/,20240923095517,cdx,
https://www.cnn.com/2024/09/06/business/tim-walz-financial-disclosure?cid=external-feeds_iluminar_yahoo,20240923090729,cdx,
https://www.cnn.com/2024/09/06/economy/us-jobs-report-august-final/index.html,20240924190758,cdx,
https://www.cnn.com/2024/09/06/economy/us-jobs-report-august-final?cid=external-feeds_iluminar_yahoo,20240924190708,cdx,
https://www.cnn.com/2024/09/06/middleeast/israeli-military-operation-jenin-west-bank-enters-second-week-intl/index.html,20240924193727,cdx,
https://www.cnn.com/2024/09/06/politics/dick-cheney-kamala-harris-president/index.html?cid=external-feeds_iluminar_yahoo,20240923091311,cdx,
https://www.cnn.com/2024/09/06/politics/gaza-ceasefire-talks-roadblocks-white-house/index.html,20240923235153,cdx,
https://www.cnn.com/2024/09/06/politics/judge-delays-trumps-sentencing/index.html,20240924003450,cdx,
https://www.cnn.com/2024/09/06/science/boeing-starliner-return-without-astronauts,20240924215605,cdx,
https://www.cnn.com/2024/09/07/climate/rancho-palos-verdes-landslide-rainfall,20240923095127,cdx,
https://www.cnn.com/2024/09/07/climate/rancho-palos-verdes-landslide-rainfall/index.html,20240924005635,cdx,
https://www.cnn.com/2024/09/07/middleeast/american-killed-west-bank-family-intl-hnk/index.html,20240924045905,cdx,
https://www.cnn.com/2024/09/07/sport/angel-reese-out-rest-of-wnba-season-spt-intl/index.html?cid=external-feeds_iluminar_yahoo,20240923113008,cdx,
https://www.cnn.com/2024/09/07/sport/team-usa-paralympics-spt-intl,20240923083843,cdx,
https://www.cnn.com/2024/09/07/sport/team-usa-paralympics-spt-intl/index.html?cid=external-feeds_iluminar_yahoo,20240923014136,cdx,
https://www.cnn.com/2024/09/07/us/florida-high-school-football-death,20240923103657,cdx,
https://www.cnn.com/2024/09/08/business/hiring-election-interest-rates/,20240923112527,cdx,
https://www.cnn.com/2024/09/08/business/hiring-election-interest-rates/index.html?cid=external-feeds_iluminar_yahoo,20240923131436,cdx,
https://www.cnn.com/2024/09/08/politics/afghanistan-withdrawal-house-reports-mccaul-meeks/,20240924132628,cdx,
https://www.cnn.com/2024/09/08/politics/kamala-harris-donald-trump-debate,20240923093252,cdx,
https://www.cnn.com/2024/09/08/politics/kamala-harris-donald-trump-debate?cid=ios_app,20240924224111,cdx,
https://www.cnn.com/2024/09/08/politics/pennsylvania-senate-race-bob-casey/index.html,20240923113058,cdx,
https://www.cnn.com/2024/09/08/politics/video/gps-0908-lessons-from-americas-most-violent-election,20240923161140,cdx,
https://www.cnn.com/2024/09/08/politics/video/gps-0908-the-ai-revolution,20240923161139,cdx,
https://www.cnn.com/2024/09/08/sport/ali-truwit-interview-swimming-paris-paralympics-spt-intl/index.html?cid=external-feeds_iluminar_yahoo,20240923014136,cdx,
https://www.cnn.com/2024/09/08/sport/dak-prescott-dallas-cowboys-contract,20240923084124,cdx,
https://www.cnn.com/2024/09/08/sport/rebecca-cheptegei-tribute-paris-olympian-uganda-spt-intl,20240924215414,cdx,
https://www.cnn.com/2024/09/08/us/video/california-wildfires-containment-evacuations-bernal-digvid,20240924115956,cdx,
https://www.cnn.com/2024/09/08/world/video/gps-0908-a-new-vision-for-peace-in-the-middle-east,20240923161140,cdx,
https://www.cnn.com/2024/09/09/business/big-lots-chapter-11-bankruptcy,20240923105007,cdx,
https://www.cnn.com/2024/09/09/business/trump-stock-truth-social/index.html?email=467cb6399cb7df64551775e431052b43a775c749&emaila=12a6d4d069cd56cfddaa391c24eb7042&emailb=054528e7403871c79f668e49dd3c44b1ec00c7f611bf9388f76bb2324d6ca5f3&utm_source=Sailthru&utm_medium=email&utm_campaign=09.09.24%20Business%20and%20Economy%20-%20AF,20240923121158,cdx,
https://www.cnn.com/2024/09/09/entertainment/donald-glover-childish-gamino-tour-postponed/index.html,20240923192417,cdx,
https://www.cnn.com/2024/09/09/entertainment/jack-white-meg-white-trump-seven-nation-army/,20240923000731,cdx,
https://www.cnn.com/2024/09/09/entertainment/kathy-bates-matlock-retiring/index.html,20240923081915,cdx,
https://www.cnn.com/2024/09/09/entertainment/kathy-bates-matlock-retiring?cid=external-feeds_iluminar_cnn-brasil,20240923144435,cdx,
https://www.cnn.com/2024/09/09/health/mental-health-parity-rule,20240923103550,cdx,
https://www.cnn.com/2024/09/09/health/pandemic-teen-brain-aging-study-wellness?cid=external-feeds_iluminar_cnn-brasil,20240924233148,cdx,
https://www.cnn.com/2024/09/09/middleeast/gaza-humanitarian-crisis-sanitation-mime-intl,20240924214739,cdx,
https://www.cnn.com/2024/09/09/politics/elena-kagan-supreme-court-ethics-code-nyu/index.html,20240924215849,cdx,
https://www.cnn.com/2024/09/09/politics/fact-check-trump-vance-tariffs,20240924041651,cdx,
https://www.cnn.com/2024/09/09/politics/kamala-harris-afghanistan-withdrawal/,20240924132615,cdx,
https://www.cnn.com/2024/09/09/politics/rfk-jr-remain-michigan-ballot-state-supreme-court,20240924233802,cdx,
https://www.cnn.com/2024/09/09/politics/video/ana-navarro-trump-cant-stop-himself-from-making-debate-personal,20240924205818,cdx,
https://www.cnn.com/2024/09/09/politics/video/the-lead-brad-wenstrup-andrew-cuomo-new-yoek-covid-nursing-homes-congress-testify-jake-tapper,20240924232509,cdx,
https://www.cnn.com/2024/09/09/politics/video/the-lead-larry-hogan-maryland-senate-trump-harris-debate-january-6-election-jake-tapper,20240924232045,cdx,
https://www.cnn.com/2024/09/09/politics/video/trump-accuser-jessica-leeds-intv-ac360-digvid,20240923191539,cdx,
https://www.cnn.com/2024/09/09/politics/video/voters-door-county-wisconsin-history-backed-presidential-pick-tuchman-ac360-digvid,20240923191229,cdx,
https://www.cnn.com/2024/09/09/science/europa-clipper-launch-approved,20240923161547,cdx,
https://www.cnn.com/2024/09/09/science/polaris-dawn-launch-attempt-weather/index.html?cid=external-feeds_iluminar_yahoo,20240924205136,cdx,
https://www.cnn.com/2024/09/09/science/pterosaur-flight-flapping-soaring?cid=external-feeds_iluminar_cnn-brasil,20240923081408,cdx,
https://www.cnn.com/2024/09/09/sport/caitlin-clark-300-assists-indiana-fever-spt-intl/index.html,20240923072419,cdx,
https://www.cnn.com/2024/09/09/sport/dolphins-tyreek-hill-mike-mcdaniel-spt-intl,20240923100554,cdx,
https://www.cnn.com/2024/09/09/sport/shohei-ohtani-46-home-runs-50-50-spt-intl,20240924215628,cdx,
https://www.cnn.com/2024/09/09/tech/new-iphone-16-apple-release,20240923084914,cdx,
https://www.cnn.com/2024/09/09/travel/hikers-arrested-hawaii-haiku-stairs-intl-hnk,20240923191137,cdx,
https://www.cnn.com/2024/09/09/us/apalachee-school-shooting-unfolded,20240923103155,cdx,
https://www.cnn.com/2024/09/09/world/video/the-lead-gregory-meeks-afghanistan-withdrawal-american-troops-gold-star-families-tapper,20240924214750,cdx,
https://www.cnn.com/2024/09/09/world/video/the-lead-michael-mccaul-afghanistan-withdrawal-report-government-troops-american-tapper,20240924214747,cdx,
https://www.cnn.com/2024/09/10/asia/singapore-debt-australia-casino-hnk-intl/index.html,20240924215244,cdx,
https://www.cnn.com/2024/09/10/business/campbell-soup-company-name,20240923125203,cdx,
https://www.cnn.com/2024/09/10/china/us-china-military-talks-commanders-intl-hnk/index.html,20240924215313,cdx,
https://www.cnn.com/2024/09/10/economy/economy-plans-trump-harris,20240923101942,cdx,
https://www.cnn.com/2024/09/10/entertainment/dave-grohl-daughter-outside-marriage/index.html,20240923101543,cdx,
https://www.cnn.com/2024/09/10/entertainment/gemma-arterton-director-pressure-intl-scli/index.html,20240924205901,cdx,
https://www.cnn.com/2024/09/10/entertainment/joe-biden-james-earl-jones-stutter/index.html,20240923101205,cdx,
https://www.cnn.com/2024/09/10/entertainment/taylor-swift-endorsement-kamala-harris/index.html?cid=external-feeds_iluminar_yahoo,20240923132742,cdx,
https://www.cnn.com/2024/09/10/health/exercise-fat-storage-wellness?cid=external-feeds_iluminar_cnn-brasil,20240924205858,cdx,
https://www.cnn.com/2024/09/10/homepage/video/apalachee-shooter-ar15-deer-hunt-colt-gray-digvid,20240923100911,cdx,
https://www.cnn.com/2024/09/10/middleeast/yahya-sinwar-safe-passage-israel-intl-latam/,20240924193920,cdx,
https://www.cnn.com/2024/09/10/politics/biden-israeli-killing-of-american-activist/index.html,20240923102905,cdx,
https://www.cnn.com/2024/09/10/politics/debate-takeaways-trump-harris/index.html?cid=external-feeds_iluminar_yahoo,20240923114952,cdx,
https://www.cnn.com/2024/09/10/politics/fact-check-debate-trump-harris,20240923160136,cdx,
https://www.cnn.com/2024/09/10/politics/fact-check-debate-trump-harris?cid=ios_app,20240923121026,cdx,
https://www.cnn.com/2024/09/10/politics/house-funding-plan-clears-hurdle-risks-failing/index.html,20240923114353,cdx,
https://www.cnn.com/2024/09/10/politics/iran-sanctions-ukraine-russia-blinken,20240923102346,cdx,
https://www.cnn.com/2024/09/10/politics/mike-johnson-donald-trump-daylight-intv/index.html,20240923103340,cdx,
https://www.cnn.com/2024/09/10/politics/sarah-mcbride-delaware-transgender-congress/index.html,20240923100405,cdx,
https://www.cnn.com/2024/09/10/politics/speaking-times-harris-trump-debate-dg/index.html?fbclid=IwY2xjawFOiyJleHRuA2FlbQIxMAABHUdJOCFaLXvJ0RdvXWwfu6hPE5DSJjSZigB4Ptw5Uq2vJ2gdjjsU8YDC1A_aem_m08pYLBsFxZJFWaSirKOdA,20240923160113,cdx,
https://www.cnn.com/2024/09/10/politics/video/2020-election-fired-trump-harris-debate-abc-news-digvid,20240923113251,cdx,
https://www.cnn.com/2024/09/10/politics/video/byron-donalds-trump-harris-race-comments-sanchez-digvid,20240923100431,cdx,
https://www.cnn.com/2024/09/10/politics/video/jd-vance-2020-electors-response-tapper-raju-lead-digvid,20240923102035,cdx,
https://www.cnn.com/2024/09/10/politics/video/kamala-harris-mention-house-report-us-withdrawal-afghanistan-donald-trump-johnson-lead-digvid,20240923101041,cdx,
https://www.cnn.com/2024/09/10/politics/video/lara-trump-donald-trump-mail-in-ballot-truth-social-cnntm-ldn-digvid,20240923171602,cdx,
https://www.cnn.com/2024/09/10/politics/video/legal-cases-trump-felonies-immigration-trump-harris-debate-abc-news-digvid,20240923101348,cdx,
https://www.cnn.com/2024/09/10/politics/video/race-trump-harris-debate-abc-news-digvid,20240923081246,cdx,
https://www.cnn.com/2024/09/10/politics/video/the-lead-cherelle-parker-trump-harris-presidential-debate-philadelphia-jake-tapper,20240923101728,cdx,
https://www.cnn.com/2024/09/10/politics/video/the-lead-mike-johnson-trump-harris-presidenial-race-debate-congress-abbey-gate-jake-tapper,20240923102556,cdx,
https://www.cnn.com/2024/09/10/science/polaris-dawn-mission-spacex-launch/index.html?cid=external-feeds_iluminar_yahoo,20240923170122,cdx,
https://www.cnn.com/2024/09/10/science/spacex-polaris-dawn-mission-height-apogee/index.html,20240923101518,cdx,
https://www.cnn.com/2024/09/10/science/spacex-polaris-dawn-mission-height-apogee/index.html?cid=external-feeds_iluminar_yahoo,20240923170221,cdx,
https://www.cnn.com/2024/09/10/sport/49ers-jets-aaron-rodgers-mnf-nfl-spt-intl,20240924204139,cdx,
https://www.cnn.com/2024/09/10/sport/china-soccer-match-fixing-intl-hnk/index.html,20240923101838,cdx,
https://www.cnn.com/2024/09/10/sport/dolphins-tua-tagovailoa-tyreek-hill-spt-intl/index.html,20240923101033,cdx,
https://www.cnn.com/2024/09/10/sport/mauricio-pochettino-us-soccer-spt-intl/index.html,20240923102422,cdx,
https://www.cnn.com/2024/09/10/sport/national-championship-basketball-teams-white-house-visit-spt-intl/,20240924171151,cdx,
https://www.cnn.com/2024/09/10/sport/national-championship-basketball-teams-white-house-visit-spt-intl/index.html,20240923101235,cdx,
https://www.cnn.com/2024/09/10/sport/tyreek-hill-what-we-know-miami-dolphins-detainment-spt,20240923103314,cdx,
https://www.cnn.com/2024/09/10/style/lady-gaga-blood-performance-2009-vmas/index.html?iid=cnn_buildContentRecirc_end_recirc,20240924002825,cdx,
https://www.cnn.com/2024/09/10/style/tennis-balls-furniture-style-design?cid=external-feeds_iluminar_cnn-brasil,20240924215915,cdx,
https://www.cnn.com/2024/09/10/tech/apple-airpods-pro-hearing-aids/,20240923152542,cdx,
https://www.cnn.com/2024/09/10/travel/bali-considering-ban-new-hotels-intl-hnk/index.html,20240924214714,cdx,
https://www.cnn.com/2024/09/10/travel/european-travelers-uk-entry-fee-eta/index.html,20240924112740,cdx,
https://www.cnn.com/2024/09/10/us/georgia-school-shooting-questions,20240924230818,cdx,
https://www.cnn.com/2024/09/10/us/video/colt-gray-mother-apalachee-school-shooting-georgia-cnc-ldn-digvid,20240923075918,cdx,
https://www.cnn.com/2024/09/10/us/video/new-mexico-cave-ecosystem-cheetos-bag-talat-digvid,20240924233723,cdx,
https://www.cnn.com/2024/09/10/us/video/police-tyreek-hill-arrest-key-moments-digvid,20240923100507,cdx,
https://www.cnn.com/2024/09/10/world/video/israeli-strikes-gaza-humanitarian-zone-digvid,20240924205821,cdx,
https://www.cnn.com/2024/09/11/business/burgerfi-files-for-chapter-11-bankruptcy/index.html,20240923155432,cdx,
https://www.cnn.com/2024/09/11/business/norfolk-southern-ceo-fired/index.html,20240923102439,cdx,
https://www.cnn.com/2024/09/11/entertainment/chappell-roan-who-is-cec?cid=external-feeds_iluminar_cnn-brasil,20240923122221,cdx,
https://www.cnn.com/2024/09/11/entertainment/frankie-beverly-maze-death/index.html,20240923103943,cdx,
https://www.cnn.com/2024/09/11/entertainment/jon-bon-jovi-nashville-bridge/,20240923120745,cdx,
https://www.cnn.com/2024/09/11/entertainment/justin-timberlake-plea-dwi/index.html,20240923102740,cdx,
https://www.cnn.com/2024/09/11/entertainment/mtv-vmas-2024-see-who-won,20240923160220,cdx,
https://www.cnn.com/2024/09/11/entertainment/video/hollywood-entertainment-movie-james-mcavoy-scoot-mcnairy-mackenzie-davis-speak-no-evil,20240923103621,cdx,
https://www.cnn.com/2024/09/11/entertainment/video/hollywood-entertainment-movies-music-shailene-woodley-janis-joplin-sir-ian-mckellen-the-critic-larry-david,20240923103908,cdx,
https://www.cnn.com/2024/09/11/health/global-nutrient-intake-study-wellness?cid=external-feeds_iluminar_cnn-brasil,20240923173713,cdx,
https://www.cnn.com/2024/09/11/health/video/the-lead-brad-wenstrup-cuomo-hill-testimony-covid-nursing-home-coronavirus-committee-jake-tapper,20240923155811,cdx,
https://www.cnn.com/2024/09/11/media/will-trump-and-harris-debate-again-abc-moderators,20240923155446,cdx,
https://www.cnn.com/2024/09/11/politics/gop-funding-push-house-vote/index.html,20240923160259,cdx,
https://www.cnn.com/2024/09/11/politics/harris-trump-debate-analysis/index.html,20240923101457,cdx,
https://www.cnn.com/2024/09/11/politics/heres-how-biden-harris-trump-and-vance-will-commemorate-9-11,20240923155251,cdx,
https://www.cnn.com/2024/09/11/politics/heres-how-biden-harris-trump-and-vance-will-commemorate-9-11/index.html,20240923103625,cdx,
https://www.cnn.com/2024/09/11/politics/increased-federal-security-january-6-election-certification/,20240924182815,cdx,
https://www.cnn.com/2024/09/11/politics/increased-federal-security-january-6-election-certification/index.html,20240923155437,cdx,
https://www.cnn.com/2024/09/11/politics/us-will-not-will-not-restrict-military-funding-egypt/index.html,20240923103034,cdx,
https://www.cnn.com/2024/09/11/politics/video/olivia-troye-ukraine-trump-harris-debate-digvid,20240923102848,cdx,
https://www.cnn.com/2024/09/11/politics/video/september-11-harris-trump-handshake-digvid,20240923102429,cdx,
https://www.cnn.com/2024/09/11/politics/video/should-trump-debate-harris-again,20240923155445,cdx,
https://www.cnn.com/2024/09/11/politics/video/taylor-swift-endorsement-kamala-harris-digvid,20240923102552,cdx,
https://www.cnn.com/2024/09/11/politics/video/the-lead-bernie-sanders-harris-trump-presidential-debate-voters-policies-jake-tapper,20240923160953,cdx,
https://www.cnn.com/2024/09/11/politics/video/the-lead-jake-tapper-harris-trump-debate-voting-presidential-race-election,20240923160345,cdx,
https://www.cnn.com/2024/09/11/politics/video/the-lead-jake-tapper-harris-trump-debate-voting-presidential-race-election?bt_ee=VH5oEOxGJ3zOOKOSArgu58oZgnpwIeuuB8xy9qKUCreSgBln30rUCz9YNjy%2BShZk&bt_ts=1726144920449,20240923181716,cdx,
https://www.cnn.com/2024/09/11/politics/video/the-lead-james-clyburn-harris-trump-debate-presidential-race-election-jake-tapper,20240923155848,cdx,
https://www.cnn.com/2024/09/11/sport/brazil-argentina-world-cup-qualifying-spt-intl/index.html,20240923104013,cdx,
https://www.cnn.com/2024/09/11/sport/cleveland-browns-deshaun-watson-surprised-lawsuit-spt-intl/index.html,20240923155821,cdx,
https://www.cnn.com/2024/09/11/sport/patrick-mahomes-trump-harris-spt-intl/index.html,20240923155610,cdx,
https://www.cnn.com/2024/09/11/us/9-11-families-saudi-arabia-lawsuit/index.html,20240923114029,cdx,
https://www.cnn.com/2024/09/11/us/apalachee-high-school-suspect-mother-letter,20240923100738,cdx,
https://www.cnn.com/2024/09/11/us/apalachee-high-school-suspect-mother-letter/index.html?utm_term=1726067573356a6676397bebc&utm_source=cnn_Breaking+News&utm_medium=email&bt_ee=4KvLimGT7M23fNIri57V7BcJHoY8j0OwsB5WluNH9tWfWMX7AM81q6QJjk%2BjKO1B&bt_ts=1726067573358,20240923103256,cdx,
https://www.cnn.com/2024/09/11/us/tyre-nichols-officers-trial-opening-statements/index.html,20240923102819,cdx,
https://www.cnn.com/2024/09/11/us/tyreek-hill-detainment-traffic-stops/index.html,20240923103832,cdx,
https://www.cnn.com/2024/09/11/us/video/car-crash-elks-lodge-apache-junction-arizona-digvid,20240923155214,cdx,
https://www.cnn.com/2024/09/11/us/video/delta-plane-collision-atlanta-hartsfield-jackson-airport-contd-digvid,20240923101521,cdx,
https://www.cnn.com/2024/09/11/us/video/the-lead-brett-eagleson-911-victims-ground-zero-pga-saudi-arabia-trump-liv-golf-jake-tapper,20240923160528,cdx,
https://www.cnn.com/2024/09/12/business/boeing-strike-vote/index.html,20240923155858,cdx,
https://www.cnn.com/2024/09/12/business/general-mills-yogurt-lactalis/index.html,20240923161231,cdx,
https://www.cnn.com/2024/09/12/business/mcdonalds-5-dollar-value-meal-december/index.html,20240923161447,cdx,
https://www.cnn.com/2024/09/12/business/trump-economy-tariffs-dollar/index.html?email=467cb6399cb7df64551775e431052b43a775c749&emaila=12a6d4d069cd56cfddaa391c24eb7042&emailb=054528e7403871c79f668e49dd3c44b1ec00c7f611bf9388f76bb2324d6ca5f3&utm_source=Sailthru&utm_medium=email&utm_campaign=09.12.24%20Business%20and%20Economy%20AF%20JB,20240923184142,cdx,
https://www.cnn.com/2024/09/12/business/trump-misinformation-social-media-moderation/index.html,20240923161110,cdx,
https://www.cnn.com/2024/09/12/economy/ecb-interest-rate-cut/,20240923092154,cdx,
https://www.cnn.com/2024/09/12/economy/ecb-interest-rate-cut/index.html,20240923161127,cdx,
https://www.cnn.com/2024/09/12/entertainment/video/entertainment-showbiz-hollywood-minute-beyonce-cma-nominations-morgan-wallen-post-malone-blazing-saddles-50th-anniversary,20240923161409,cdx,
https://www.cnn.com/2024/09/12/entertainment/video/entertainment-showbiz-streaming-series-peacock-atlanta-muhammad-ali-kevin-hart-taraji-p-henson-samuel-l-jackson-don-cheadle,20240923160634,cdx,
https://www.cnn.com/2024/09/12/politics/fact-check-trump-claims-won-debate/index.html,20240923163013,cdx,
https://www.cnn.com/2024/09/12/politics/kamala-harris-campaign-overconfidence/index.html,20240923160624,cdx,
https://www.cnn.com/2024/09/12/politics/mike-johnson-next-steps-government-funding-fight/index.html,20240923161931,cdx,
https://www.cnn.com/2024/09/12/politics/video/debbie-dingell-debate-trump-harris-michigan-digvid,20240923160141,cdx,
https://www.cnn.com/2024/09/12/science/astronomy-photographer-year-2024-scli-intl/index.html,20240923162254,cdx,
https://www.cnn.com/2024/09/12/science/spacewalk-polaris-dawn-mission-spacex,20240923154919,cdx,
https://www.cnn.com/2024/09/12/sport/aja-wilson-las-vegas-aces-scoring-record-spt-intl/index.html,20240923161540,cdx,
https://www.cnn.com/2024/09/12/sport/caitlin-clark-taylor-swift-kamala-harris-spt-intl/index.html,20240923163700,cdx,
https://www.cnn.com/2024/09/12/sport/nfl-week-two-five-things-spt-intl/index.html,20240923160244,cdx,
https://www.cnn.com/2024/09/12/sport/pac-12-rebuild-ncaa-spt-intl?cid=external-feeds_iluminar_yahoo,20240923185727,cdx,
https://www.cnn.com/2024/09/12/sport/shohei-ohtani-50-50-chase-cubs-spt-intl/index.html,20240923160401,cdx,
https://www.cnn.com/2024/09/12/us/5-things-to-know-for-sept-12-spacex-tropical-storm-francine-debate-reaction-ukraine-deli-meat-recall/index.html,20240923160131,cdx,
https://www.cnn.com/2024/09/12/us/nypd-commissioner-edward-caban-resignation-investigation,20240923053252,cdx,
https://www.cnn.com/2024/09/12/us/tropical-storm-francine-louisiana-new-orleans-thursday/,20240924152458,cdx,
https://www.cnn.com/2024/09/13/business/sam-bankman-fried-appeal-ftx-fraud/,20240924102723,cdx,
https://www.cnn.com/2024/09/13/economy/inverted-treasury-yield-recession-indicator/,20240923114123,cdx,
https://www.cnn.com/2024/09/13/sport/pep-guardiola-man-city-premier-league-charges-spt-intl/index.html?cid=external-feeds_iluminar_yahoo,20240923153022,cdx,
https://www.cnn.com/2024/09/13/tech/chatgpt-openai-o1-human-reasoning/,20240924161046,cdx,
https://www.cnn.com/2024/09/14/politics/fact-check-harris-campaign-social-media/index.html?cid=external-feeds_iluminar_yahoo,20240924182828,cdx,
https://www.cnn.com/2024/09/15/politics/trump-attempted-assassination-man-detained/index.html?utm_source=The+Trace+mailing+list&utm_campaign=bcf6826640-trace_bulletin_sept_16_2024&utm_medium=email&utm_term=0_-bcf6826640-%5BLIST_EMAIL_ID%5D,20240923155745,cdx,
https://www.cnn.com/2024/09/16/health/food-packaging-chemical-toxins-study-wellness/,20240924055555,cdx,
https://www.cnn.com/2024/09/16/health/food-packaging-chemical-toxins-study-wellness/index.html?cid=external-feeds_iluminar_yahoo,20240924064656,cdx,
https://www.cnn.com/2024/09/16/media/meta-bans-rt-russian-state-propaganda-outlets/,20240924124122,cdx,
https://www.cnn.com/2024/09/16/politics/eric-adams-new-york-mayor-chief-counsel/index.html?sp_amp_linker=1*ucz08z*amp_id*NTRHNTFRWm9UeDVxeVIzanp0bkg0X3ZhTWcwZ3h1UzhHQUJoTFROVXYyVUMwT0xTa2p1OU9oUkMwbC1rcS1HSQ..,20240923100126,cdx,
https://www.cnn.com/2024/09/16/tech/tiktok-has-15-minutes-to-fight-for-its-life/index.html?iid=cnn_buildContentRecirc_end_recirc,20240923222107,cdx,
https://www.cnn.com/2024/09/17/economy/us-retail-sales-august/,20240924235328,cdx,
https://www.cnn.com/2024/09/17/entertainment/full-indictment-sean-diddy-combs,20240924091147,cdx,
https://www.cnn.com/2024/09/17/entertainment/full-indictment-sean-diddy-combs/index.html,20240924153837,cdx,
https://www.cnn.com/2024/09/17/entertainment/full-indictment-sean-diddy-combs/index.html?iid=cnn_buildContentRecirc_end_recirc,20240923002441,cdx,
https://www.cnn.com/2024/09/17/europe/ukraine-russia-pow-execution-sword-intl/index.html?iid=cnn_buildContentRecirc_end_recirc,20240923032308,cdx,
https://www.cnn.com/2024/09/17/middleeast/israel-expands-war-objectives-tensions-with-hezbollah-intl,20240923205704,cdx,
https://www.cnn.com/2024/09/17/middleeast/lebanon-pager-attack-explosions-hezbollah-explainer-intl-latam,20240924044510,cdx,strong
https://www.cnn.com/2024/09/17/politics/microsoft-russian-operatives-harris/,20240923230600,cdx,
https://www.cnn.com/2024/09/17/politics/paul-whelan-russia-solitary-confinement/,20240923102327,cdx,
https://www.cnn.com/2024/09/17/politics/trump-incendiary-claims-analysis/,20240923042435,cdx,
https://www.cnn.com/2024/09/17/politics/us-reducing-military-aid-packages-ukraine/index.html?utm_campaign=dfn-ebb&utm_medium=email&utm_source=sailthru,20240923161527,cdx,
https://www.cnn.com/2024/09/17/sport/shohei-ohtani-xbh-steals-record-spt-intl/index.html,20240924205459,cdx,
https://www.cnn.com/2024/09/17/sport/shohei-ohtani-xbh-steals-record-spt-intl?cid=external-feeds_iluminar_yahoo,20240924205008,cdx,
https://www.cnn.com/2024/09/17/style/jet-black-jewels-gems-whitby/,20240924144346,cdx,
https://www.cnn.com/2024/09/18/business/hersheys-c4-workout-collaboration/index.html?utm_term=1726695834754779090c196b3,20240923175816,cdx,
https://www.cnn.com/2024/09/18/economy/fed-rate-cut-housing-nightcap/,20240923112332,cdx,
https://www.cnn.com/2024/09/18/health/kids-cell-phones-sleep-study-wellness,20240924101744,cdx,
https://www.cnn.com/2024/09/18/politics/child-care-harris-7-percent-cap/,20240923105405,cdx,
https://www.cnn.com/2024/09/18/tech/ai-voice-cloning-scam-warning/index.html?iid=cnn_buildContentRecirc_end_recirc,20240923101828,cdx,
https://www.cnn.com/2024/09/18/us/video/ryan-routh-history-of-odd-behavior?cid=ios_app,20240923182416,cdx,
https://www.cnn.com/2024/09/19/entertainment/lady-gaga-rumors-she-is-a-man?cid=ios_app,20240923035726,cdx,
https://www.cnn.com/2024/09/19/politics/fact-check-donald-trump-fictional-stories/index.html?iid=cnn_buildContentRecirc_end_recirc,20240923121951,cdx,
https://www.cnn.com/2024/09/19/politics/kfile-mark-robinson-black-nazi-pro-slavery-porn-forum/index.html?os=io&ref=app,20240923203831,cdx,
https://www.cnn.com/2024/09/19/politics/kfile-mark-robinson-black-nazi-pro-slavery-porn-forum/index.html?utm_source=substack&utm_medium=email,20240924084155,cdx,
https://www.cnn.com/2024/09/19/politics/kfile-mark-robinson-black-nazi-pro-slavery-porn-forum/index.html?utm_source=fbia,20240924214412,cdx,
https://www.cnn.com/2024/09/19/politics/kfile-mark-robinson-black-nazi-pro-slavery-porn-forum?utm_source=fbia,20240924214411,cdx,
https://www.cnn.com/2024/09/19/politics/routh-trump-golf-course-assassination-investigation/index.html?cid=external-feeds_iluminar_yahoo,20240924001356,cdx,
https://www.cnn.com/2024/09/19/science/artemis-i-orion-capsule-radiation,20240923045211,cdx,
https://www.cnn.com/2024/09/19/travel/jetblue-first-airport-lounges-jfk-boston/index.html?utm_term=1726782828871c12aec28460e,20240924125956,cdx,
https://www.cnn.com/2024/09/19/us/springfield-mayor-emergency-powers-threats/index.html?iid=cnn_buildContentRecirc_end_recirc,20240923173213,cdx,
https://www.cnn.com/2024/09/19/world/gallery/photos-this-week-september-12-september-19/index.html?cid=external-feeds_iluminar_yahoo,20240924005301,cdx,
https://www.cnn.com/2024/09/20/economy/fed-rate-cut-uncertainty-wall-street/index.html?cid=external-feeds_iluminar_yahoo,20240923134142,cdx,
https://www.cnn.com/2024/09/20/energy/three-mile-island-microsoft-ai/index.html?utm_source=substack&utm_medium=email,20240924001829,cdx,
https://www.cnn.com/2024/09/20/health/picky-eating-genetic-study-intl-scli-wellness/index.html?fbclid=IwZXh0bgNhZW0CMTEAAR04hrhwUcOjOVR4kyjemGSUWj9O6aMxTmnPrJ27R3Poe7-5zmw4bhBRgDo_aem_IO2rDUyLX2AS6IY4TbOY-w,20240923035233,cdx,
https://www.cnn.com/2024/09/20/politics/nebraska-trump-harris-republicans-electoral-vote/index.html?utm_content=308895875&utm_medium=social&utm_source=twitter&hss_channel=tw-752608758476468224,20240923134950,cdx,
https://www.cnn.com/2024/09/20/politics/nebraska-trump-harris-republicans-electoral-vote/index.html?iid=cnn_buildContentRecirc_end_recirc,20240923092625,cdx,
https://www.cnn.com/2024/09/20/politics/springfield-ohio-vance-campaign-wsj-report/index.html?iid=cnn_buildContentRecirc_end_recirc,20240923173227,cdx,
https://www.cnn.com/2024/09/21/business/gm-layoffs-kansas?cid=external-feeds_iluminar_yahoo,20240923151758,cdx,
https://www.cnn.com/2024/09/21/europe/germany-borders-poland-scholz-intl/index.html?iid=cnn_buildContentRecirc_end_recirc,20240924183645,cdx,
https://www.cnn.com/2024/09/21/politics/presidential-debate-harris-trump-cnn/index.html?bt_ee=FBBhfXALacrgbRFmrfN1ksEioabILKRuq0mffPvbZ%2FryA0hL2PwLP9cZ3gqdyMpz&bt_ts=1727088047029,20240923140151,cdx,
https://www.cnn.com/2024/09/21/politics/presidential-debate-harris-trump-cnn/index.html?utm_term=1727088047026561dc7714486&utm_source=cnn_Five+Things+for+Monday%2C+September+23%2C+2024&utm_medium=email&bt_ee=FBBhfXALacrgbRFmrfN1ksEioabILKRuq0mffPvbZ%2FryA0hL2PwLP9cZ3gqdyMpz&bt_ts=1727088047029,20240923135514,cdx,
https://www.cnn.com/2024/09/21/politics/presidential-debate-harris-trump-cnn/index.html?utm_term=17270956959837386b3622154&utm_source=cnn_Reliable+Sources+%E2%80%93+Sept.+23%2C+2024&utm_medium=email&bt_ee=g6R%2BwmDcGIGN36sF7mTtbM7TlNE7lI%2FMS%2FYIRn88FNPofxVdnoSsadxKktky7p8W&bt_ts=1727095695985,20240924181816,cdx,
https://www.cnn.com/2024/09/21/politics/tax-cuts-donald-trump-election/index.html?cid=external-feeds_iluminar_yahoo,20240924113547,cdx,
https://www.cnn.com/2024/09/21/sport/simone-biles-gold-over-america-tour-spt-intl/,20240923112439,cdx,
https://www.cnn.com/2024/09/21/sport/stacy-lewis-solheim-cup-barack-obama-spt-intl/,20240923033442,cdx,
https://www.cnn.com/2024/09/21/us/nyc-asylum-seekers-soccer-team/,20240923225020,cdx,
https://www.cnn.com/2024/09/21/us/nyc-asylum-seekers-soccer-team/index.html?bt_ee=EJFkzBV70ierZhSoF%2B7UhdKmjTYotzAMKTeVg7J9Dcqx88pdo1sFuyMajzcjID8I&bt_ts=1727129214287,20240923223442,cdx,
https://www.cnn.com/2024/09/21/us/nyc-asylum-seekers-soccer-team/index.html?utm_term=172712921428567c14b51a7ce&utm_source=cnn_Evening+Newsletter+-+Monday%2C+September+23+2024&utm_medium=email&bt_ee=EJFkzBV70ierZhSoF%2B7UhdKmjTYotzAMKTeVg7J9Dcqx88pdo1sFuyMajzcjID8I&bt_ts=1727129214287,20240923223233,cdx,
https://www.cnn.com/2024/09/21/us/nypd-brooklyn-subway-shooting?cid=ios_app,20240923120249,cdx,
https://www.cnn.com/2024/09/22/asia/sri-lanka-elects-marxist-dissanayake-intl-latam,20240923061037,cdx,
https://www.cnn.com/2024/09/22/business/boeing-strike-pensions,20240923054202,cdx,
https://www.cnn.com/2024/09/22/business/california-plastic-shopping-bag-ban/,20240923112425,cdx,
https://www.cnn.com/2024/09/22/entertainment/dan-quayle-murphy-brown-cat-ladies-cec/index.html?bt_ee=z2Cxcx1Xj2pVi7gfBoL7wClhysNgyKJSaNgEjqREEpFgw%2B3Xf9M%2FEElMM1qz%2BUsu&bt_ts=1727129509875,20240923223828,cdx,
https://www.cnn.com/2024/09/22/entertainment/dwayne-johnson-the-rock-apalachee-high-school/index.html,20240923232256,cdx,
https://www.cnn.com/2024/09/22/entertainment/tia-mowry-famous-duos/,20240923112204,cdx,
https://www.cnn.com/2024/09/22/europe/ukraine-western-long-range-weapons-russia-intl/index.html?utm_medium=social&utm_source=whatsappCNN&utm_content=2024-09-22T09:24:00,20240923012144,cdx,
https://www.cnn.com/2024/09/22/middleeast/iran-coal-mine-blast-killed-intl/index.html?Date=20240922&Profile=cnn,20240923023139,cdx,
https://www.cnn.com/2024/09/22/middleeast/israel-strikes-hezbollah-weakened-analysis-intl,20240923143501,cdx,
https://www.cnn.com/2024/09/22/middleeast/israel-strikes-hezbollah-weakened-analysis-intl/index.html?iid=cnn_buildContentRecirc_end_recirc,20240923173219,cdx,
https://www.cnn.com/2024/09/22/middleeast/netanyahu-gaza-hamas-expulsions-plan-intl,20240923000811,cdx,
https://www.cnn.com/2024/09/22/middleeast/netanyahu-gaza-hamas-expulsions-plan-intl/index.html?sp_amp_linker=1*1vrr8d7*amp_id*TkN0UHB1Z2FzbUR0dUpFQ2hXbzNoNlVzWEFnMTdVWFFrLUNZaVZQVm1oVWhtMU54TlVpT082WFhIS1pUcWU4LQ,20240923045841,cdx,
https://www.cnn.com/2024/09/22/politics/angela-alsobrooks-improper-tax-deductions/,20240923000800,cdx,
https://www.cnn.com/2024/09/22/politics/angela-alsobrooks-improper-tax-deductions/index.html?iid=cnn_buildContentRecirc_end_recirc,20240923094157,cdx,
https://www.cnn.com/2024/09/22/politics/government-funding-bill-unveiled-johnson/index.html,20240923003426,cdx,
https://www.cnn.com/2024/09/22/politics/government-funding-bill-unveiled-johnson/index.html?cid=external-feeds_iluminar_yahoo,20240923083841,cdx,
https://www.cnn.com/2024/09/22/politics/government-funding-continuing-resolution/,20240923112511,cdx,
https://www.cnn.com/2024/09/22/politics/government-funding-continuing-resolution/index.html,20240923014621,cdx,
https://www.cnn.com/2024/09/22/politics/mark-robinson-campaign-resignations/,20240923001254,cdx,
https://www.cnn.com/2024/09/22/politics/mark-robinson-campaign-resignations/index.html?ICID=ref_fark,20240923034510,cdx,
https://www.cnn.com/2024/09/22/politics/us-government-funding-shutdown-what-matters/index.html?cid=external-feeds_iluminar_yahoo,20240923083336,cdx,
https://www.cnn.com/2024/09/22/politics/video/cotton-trump-jewish-voters-sot-reax-sotu-digvid?cid=ios_app,20240923095953,cdx,
https://www.cnn.com/2024/09/22/politics/video/gps0922-clinton-on-being-first-lady,20240923003544,cdx,
https://www.cnn.com/2024/09/22/politics/video/gps0922-hillary-clinton-on-endorsing-harris,20240923161141,cdx,
https://www.cnn.com/2024/09/22/politics/video/nc-mark-robinson-campaign-shakeup-nr-heye-intv-digvid,20240923024906,cdx,
https://www.cnn.com/2024/09/22/politics/video/sotu-cotton-israel-has-every-right-to-go-after-hezbollah,20240924010152,cdx,
https://www.cnn.com/2024/09/22/politics/video/sotu-cotton-on-vulgar-robinson-comments,20240923143828,cdx,
https://www.cnn.com/2024/09/22/politics/video/sotu-panel-reacts-new-harris-trump-favorability-polling,20240923111608,cdx,
https://www.cnn.com/2024/09/22/politics/video/sotu-stein-north-carolina-gubenatorial-candidate-reacts-robinson-disturbing-comments,20240924010213,cdx,
https://www.cnn.com/2024/09/22/politics/video/sotu-whitmer-does-trump-guts-second-presidential-debate,20240923003536,cdx,
https://www.cnn.com/2024/09/22/politics/video/trump-2028-if-loses-2024-election-brownstein-digvid,20240923120257,cdx,
https://www.cnn.com/2024/09/22/sport/aja-wilson-third-wnba-mvp-spt-intl/,20240923093726,cdx,
https://www.cnn.com/2024/09/22/sport/colorado-buffaloes-baylor-bears-overtime-hail-mary-spt-intl/index.html,20240923005723,cdx,
https://www.cnn.com/2024/09/22/sport/nfl-week-3-sunday-how-to-watch-spt-intl/index.html,20240923005327,cdx,
https://www.cnn.com/2024/09/22/sport/wnba-playoffs-first-round-what-to-watch-spt-intl/index.html,20240923002339,cdx,
https://www.cnn.com/2024/09/22/us/florida-sheriff-school-shooting-threats?cid=ios_app,20240923013452,cdx,
https://www.cnn.com/2024/09/22/world/video/gps0922-guterres-on-the-role-of-the-un,20240923161144,cdx,
https://www.cnn.com/2024/09/23/africa/american-hiker-dead-south-africa-table-mountain-intl-latam/,20240923230550,cdx,
https://www.cnn.com/2024/09/23/africa/american-hiker-dead-south-africa-table-mountain-intl-latam/index.html,20240923225302,cdx,
https://www.cnn.com/2024/09/23/asia/japan-flares-russia-plane-airspace-intl-hnk/,20240924062112,cdx,
https://www.cnn.com/2024/09/23/asia/japan-flares-russia-plane-airspace-intl-hnk/index.html,20240924030717,cdx,
https://www.cnn.com/2024/09/23/business/boeing-raises-offer-strike,20240923185704,cdx,
https://www.cnn.com/2024/09/23/business/boeing-raises-offer-strike/index.html,20240923190738,cdx,
https://www.cnn.com/2024/09/23/business/boeing-raises-offer-strike/index.html?Date=20240923&Profile=CNN,20240923190510,cdx,
https://www.cnn.com/2024/09/23/business/boeing-raises-offer-strike?cid=external-feeds_iluminar_yahoo,20240924215713,cdx,
https://www.cnn.com/2024/09/23/business/cards-against-humanity-musk-texas-land/,20240923200828,cdx,
https://www.cnn.com/2024/09/23/business/cards-against-humanity-musk-texas-land/index.html,20240923191854,cdx,
https://www.cnn.com/2024/09/23/business/cards-against-humanity-musk-texas-land/index.html?utm_source=fark&utm_medium=website&utm_content=link&ICID=ref_fark,20240924061541,cdx,
https://www.cnn.com/2024/09/23/business/china-dupe-economy-hnk-intl/,20240924020929,cdx,
https://www.cnn.com/2024/09/23/business/china-dupe-economy-hnk-intl/index.html,20240924045013,cdx,
https://www.cnn.com/2024/09/23/business/china-dupe-economy-hnk-intl?cid=external-feeds_iluminar_yahoo,20240924225127,cdx,
https://www.cnn.com/2024/09/23/business/housing-market-interest-rates-other-problems/,20240923120633,cdx,
https://www.cnn.com/2024/09/23/business/housing-market-interest-rates-other-problems/index.html,20240923221108,cdx,
https://www.cnn.com/2024/09/23/business/kmart-closing-last-store-us,20240923155615,cdx,
https://www.cnn.com/2024/09/23/business/kmart-closing-last-store-us/index.html,20240923161734,cdx,
https://www.cnn.com/2024/09/23/business/kmart-closing-last-store-us?cid=ios_app,20240923224225,cdx,
https://www.cnn.com/2024/09/23/business/pennsylvania-health-system-settlement-hackers-nude-photos-cancer-patients/,20240923230633,cdx,
https://www.cnn.com/2024/09/23/business/pennsylvania-health-system-settlement-hackers-nude-photos-cancer-patients/index.html,20240923211452,cdx,
https://www.cnn.com/2024/09/23/business/pennsylvania-health-system-settlement-hackers-nude-photos-cancer-patients?cid=ios_app,20240923232352,cdx,
https://www.cnn.com/2024/09/23/business/video/enrico-letta-eu-single-market,20240923134833,cdx,
https://www.cnn.com/2024/09/23/business/video/eu-us-president-trade-battles-spc,20240923134832,cdx,
https://www.cnn.com/2024/09/23/business/video/hospital-of-the-future-spc,20240923134834,cdx,
https://www.cnn.com/2024/09/23/business/video/mit-wearable-breast-cancer-monitor-spc,20240923134840,cdx,
https://www.cnn.com/2024/09/23/climate/california-sues-exxonmobil-plastic-recycling/,20240924002633,cdx,
https://www.cnn.com/2024/09/23/climate/california-sues-exxonmobil-plastic-recycling/index.html,20240923204555,cdx,
https://www.cnn.com/2024/09/23/climate/california-sues-exxonmobil-plastic-recycling?Date=20240923&Profile=cnnbrk&utm_content=1727109247&utm_medium=social&utm_source=twitter,20240923163842,cdx,
https://www.cnn.com/2024/09/23/climate/polar-bear-shot-iceland-intl-scli/,20240923120634,cdx,
https://www.cnn.com/2024/09/23/climate/polar-bear-shot-iceland-intl-scli/index.html,20240923212405,cdx,
https://www.cnn.com/2024/09/23/climate/polar-bear-shot-iceland-intl-scli?cid=ios_app,20240923120914,cdx,
https://www.cnn.com/2024/09/23/economy/rate-cut-what-next/,20240923120530,cdx,
https://www.cnn.com/2024/09/23/economy/rate-cut-what-next/index.html,20240923134839,cdx,
https://www.cnn.com/2024/09/23/economy/rate-cut-what-next?cid=external-feeds_iluminar_yahoo,20240923134520,cdx,
https://www.cnn.com/2024/09/23/economy/rate-cut-what-next?utm_source=flipboard&utm_content=topic%2Ffinance,20240924010508,cdx,
https://www.cnn.com/2024/09/23/entertainment/abba-bjorn-ulvaeus-marries-christina-sas-intl-scli/,20240923120629,cdx,
https://www.cnn.com/2024/09/23/entertainment/abba-bjorn-ulvaeus-marries-christina-sas-intl-scli/index.html,20240923213924,cdx,
https://www.cnn.com/2024/09/23/entertainment/eric-stonestreet-modern-family-spinoff/,20240923143936,cdx,
https://www.cnn.com/2024/09/23/entertainment/eric-stonestreet-modern-family-spinoff/index.html,20240923212019,cdx,
https://www.cnn.com/2024/09/23/entertainment/erik-lyle-menendez-monsters/,20240923162235,cdx,
https://www.cnn.com/2024/09/23/entertainment/erik-lyle-menendez-monsters/index.html,20240923160417,cdx,
https://www.cnn.com/2024/09/23/entertainment/friends-game-show-max/,20240923200818,cdx,
https://www.cnn.com/2024/09/23/entertainment/friends-game-show-max/index.html,20240924010935,cdx,
https://www.cnn.com/2024/09/23/entertainment/jamie-foxx-daughter-corrine-wedding/,20240923142413,cdx,
https://www.cnn.com/2024/09/23/entertainment/jamie-foxx-daughter-corrine-wedding/index.html,20240923212751,cdx,
https://www.cnn.com/2024/09/23/entertainment/miley-cyrus-dolly-parton-related-ancestry/,20240924030608,cdx,
https://www.cnn.com/2024/09/23/entertainment/miley-cyrus-dolly-parton-related-ancestry/index.html,20240924134821,cdx,
https://www.cnn.com/2024/09/23/entertainment/video/cnn-screen-time-megalopolis,20240924011044,cdx,
https://www.cnn.com/2024/09/23/entertainment/video/entertainment-showbiz-hollywood-minute-dazed-and-confused-30th-anniversary-questlove-documentary-earth-wind-and-fire,20240924010903,cdx,
https://www.cnn.com/2024/09/23/entertainment/video/hollywood-entertainment-streaming-television-zachary-quinto-tamberla-perry-brilliant-minds,20240924011002,cdx,
https://www.cnn.com/2024/09/23/europe/ukraine-zelensky-pennsylvania-us-visit-intl-hnk/,20240923045144,cdx,
https://www.cnn.com/2024/09/23/europe/ukraine-zelensky-pennsylvania-us-visit-intl-hnk/index.html,20240923072230,cdx,
https://www.cnn.com/2024/09/23/health/enterovirus-d68-paralysis-children-virus-wellness/,20240923142107,cdx,
https://www.cnn.com/2024/09/23/health/enterovirus-d68-paralysis-children-virus-wellness/index.html,20240923214128,cdx,
https://www.cnn.com/2024/09/23/health/five-tuftsuniversity-students-remain-hospitalized-afternavy-seal-style-workout/,20240923201149,cdx,
https://www.cnn.com/2024/09/23/health/five-tuftsuniversity-students-remain-hospitalized-afternavy-seal-style-workout/index.html,20240923193520,cdx,
https://www.cnn.com/2024/09/23/health/five-tuftsuniversity-students-remain-hospitalized-afternavy-seal-style-workout/index.html?iid=cnn_buildContentRecirc_end_recirc,20240924222100,cdx,
https://www.cnn.com/2024/09/23/health/free-government-covid-tests-september/,20240923190827,cdx,
https://www.cnn.com/2024/09/23/health/free-government-covid-tests-september/index.html,20240924011325,cdx,
https://www.cnn.com/2024/09/23/health/south-carolina-abortion-kff-health-news-partner/,20240923120632,cdx,
https://www.cnn.com/2024/09/23/health/south-carolina-abortion-kff-health-news-partner/index.html,20240923201141,cdx,
https://www.cnn.com/2024/09/23/health/south-carolina-abortion-kff-health-news-partner/index.html?cid=ios_app,20240923181756,cdx,
https://www.cnn.com/2024/09/23/health/video/family-connects-baby-newborn-home-nurse-program-digvid,20240923223438,cdx,
https://www.cnn.com/2024/09/23/middleeast/iran-shervin-hajipour-pardon-intl-scli/index.html,20240924010746,cdx,
https://www.cnn.com/2024/09/23/middleeast/israel-tactics-hezbollah-analysis-intl/,20240923142057,cdx,
https://www.cnn.com/2024/09/23/middleeast/israel-tactics-hezbollah-analysis-intl/index.html,20240923140012,cdx,
https://www.cnn.com/2024/09/23/middleeast/israel-tactics-hezbollah-analysis-intl/index.html?utm_medium=social&utm_source=whatsappCNN&utm_content=2024-09-23T13:56:50,20240924011443,cdx,
https://www.cnn.com/2024/09/23/politics/2023-crime-report,20240923154853,cdx,
https://www.cnn.com/2024/09/23/politics/2023-crime-report/index.html,20240923154457,cdx,
https://www.cnn.com/2024/09/23/politics/2023-crime-report/index.html?bt_ee=htNDT117t01KJ6sZIGWI4KksTZ23wyE4hyC15%2FLRyzds4X%2Fz%2BV554nGXt9bcNMaO&bt_ts=1727129336117,20240924150642,cdx,
https://www.cnn.com/2024/09/23/politics/2023-crime-report/index.html?utm_source=fark&utm_medium=website&utm_content=link&ICID=ref_fark,20240923214327,cdx,
https://www.cnn.com/2024/09/23/politics/georgia-election-board-sparring/,20240923230629,cdx,
https://www.cnn.com/2024/09/23/politics/georgia-election-board-sparring/index.html,20240923203113,cdx,
https://www.cnn.com/2024/09/23/politics/government-shutdown-preparations/,20240923093947,cdx,
https://www.cnn.com/2024/09/23/politics/government-shutdown-preparations/index.html,20240924003012,cdx,
https://www.cnn.com/2024/09/23/politics/harris-campaign-possible-southern-border-trip/,20240923230612,cdx,
https://www.cnn.com/2024/09/23/politics/harris-campaign-possible-southern-border-trip/index.html,20240923220802,cdx,
https://www.cnn.com/2024/09/23/politics/harris-campaign-possible-southern-border-trip?cid=external-feeds_iluminar_msn,20240924223810,cdx,
https://www.cnn.com/2024/09/23/politics/house-gop-democratic-votes-cr/,20240924023821,cdx,
https://www.cnn.com/2024/09/23/politics/house-gop-democratic-votes-cr/index.html,20240924120220,cdx,
https://www.cnn.com/2024/09/23/politics/jd-vance-debate-prep/,20240923183706,cdx,
https://www.cnn.com/2024/09/23/politics/jd-vance-debate-prep/index.html,20240923210505,cdx,
https://www.cnn.com/2024/09/23/politics/joe-biden-israel-lebanon/,20240923142130,cdx,
https://www.cnn.com/2024/09/23/politics/joe-biden-israel-lebanon/index.html,20240923202619,cdx,
https://www.cnn.com/2024/09/23/politics/mark-robinson-support/,20240923183724,cdx,
https://www.cnn.com/2024/09/23/politics/mark-robinson-support/index.html,20240924005414,cdx,
https://www.cnn.com/2024/09/23/politics/melania-trump-speaking-engagements/,20240923162153,cdx,
https://www.cnn.com/2024/09/23/politics/melania-trump-speaking-engagements/index.html,20240923151713,cdx,
https://www.cnn.com/2024/09/23/politics/melania-trump-speaking-engagements/index.html?iid=cnn_buildContentRecirc_end_recirc&cid=ios_app,20240923214736,cdx,
https://www.cnn.com/2024/09/23/politics/melania-trump-speaking-engagements/index.html?iid=cnn_buildContentRecirc_end_recirc,20240924002754,cdx,
https://www.cnn.com/2024/09/23/politics/melania-trump-speaking-engagements?cid=ios_app,20240923153855,cdx,
https://www.cnn.com/2024/09/23/politics/melania-trump-speaking-engagements/?dicbo=v2-a01D21g&obInternalId=71118,20240923171833,cdx,
https://www.cnn.com/2024/09/23/politics/nebraska-election-law-trump/,20240923190922,cdx,
https://www.cnn.com/2024/09/23/politics/nebraska-election-law-trump/index.html,20240923204153,cdx,
https://www.cnn.com/2024/09/23/politics/nebraska-election-law-trump?Date=20240923&Profile=cnnbrk,20240923190919,cdx,
https://www.cnn.com/2024/09/23/politics/norad-detects-russia-aircraft-alaska,20240924040631,cdx,
https://www.cnn.com/2024/09/23/politics/norad-detects-russia-aircraft-alaska/index.html,20240924105742,cdx,
https://www.cnn.com/2024/09/23/politics/palm-beach-county-tim-walz-misspelled/,20240923162523,cdx,
https://www.cnn.com/2024/09/23/politics/palm-beach-county-tim-walz-misspelled/index.html,20240923214858,cdx,
https://www.cnn.com/2024/09/23/politics/rfk-jr-asks-supreme-court-to-keep-his-name-on-new-york-ballot/,20240923173958,cdx,
https://www.cnn.com/2024/09/23/politics/rfk-jr-asks-supreme-court-to-keep-his-name-on-new-york-ballot/index.html,20240923204542,cdx,
https://www.cnn.com/2024/09/23/politics/ryan-wesley-routh-trump-assassination-attempt-letter/,20240923133745,cdx,
https://www.cnn.com/2024/09/23/politics/ryan-wesley-routh-trump-assassination-attempt-letter/index.html,20240923141805,cdx,
https://www.cnn.com/2024/09/23/politics/ryan-wesley-routh-trump-assassination-attempt-letter?Date=20240923&Profile=cnnbrk,20240923200954,cdx,
https://www.cnn.com/2024/09/23/politics/ryan-wesley-routh-trump-assassination-attempt-letter?Date=20240923&Profile=cnnbrk&utm_content=1727115691&utm_medium=social&utm_source=twitter,20240923182922,cdx,
https://www.cnn.com/2024/09/23/politics/ryan-wesley-routh-trump-assassination-attempt-letter?utm_medium=social&utm_source=whatsappCNN&utm_content=2024-09-23T18:29:15,20240924011222,cdx,
https://www.cnn.com/2024/09/23/politics/trump-harris-tight-race-analysis/,20240923045111,cdx,
https://www.cnn.com/2024/09/23/politics/trump-harris-tight-race-analysis/index.html,20240923041541,cdx,
https://www.cnn.com/2024/09/23/politics/trump-train-civil-verdict/,20240923230617,cdx,
https://www.cnn.com/2024/09/23/politics/trump-train-civil-verdict/index.html,20240924100225,cdx,
https://www.cnn.com/2024/09/23/politics/trump-train-civil-verdict?Date=20240923&Profile=CNN,20240923221710,cdx,
https://www.cnn.com/2024/09/23/politics/us-intel-ai-boosting-foreign-election-interference/,20240923230508,cdx,
https://www.cnn.com/2024/09/23/politics/us-intel-ai-boosting-foreign-election-interference/index.html,20240924162344,cdx,
https://www.cnn.com/2024/09/23/politics/video/battleground-states-election-poll-enten-lead-digvid,20240924002551,cdx,
https://www.cnn.com/2024/09/23/politics/video/james-carville-mary-matalin-intv-ac360-marriage-digvid,20240924170905,cdx,
https://www.cnn.com/2024/09/23/politics/video/mark-robinson-north-carolina-campaign-governor-resignations-digvid,20240923161236,cdx,
https://www.cnn.com/2024/09/23/politics/video/melania-trump-new-memoir-todd-sitroom-digvid,20240924020711,cdx,
https://www.cnn.com/2024/09/23/politics/video/melania-trump-paid-six-figures-political-appearance-digvid,20240923205317,cdx,
https://www.cnn.com/2024/09/23/politics/video/melania-trump-speech-payment-mystery,20240924170914,cdx,
https://www.cnn.com/2024/09/23/politics/video/melania-trump-speech-payment-mystery?cid=ios_app,20240924061059,cdx,
https://www.cnn.com/2024/09/23/politics/video/rfk-jr-public-health-trump-administration-fda-cdc-vaccine-offit-lead-digvid,20240924055519,cdx,
https://www.cnn.com/2024/09/23/politics/video/u-s-election-mckend-holmes-panel-ctw-092310aseg2-cnni-politics-fast,20240924101750,cdx,
https://www.cnn.com/2024/09/23/politics/video/white-dudes-for-harris-ad-campaign-intv-cnc-digvid,20240923215937,cdx,
https://www.cnn.com/2024/09/23/politics/young-voters-pennsylvania-trump-harris/,20240923230530,cdx,
https://www.cnn.com/2024/09/23/politics/young-voters-pennsylvania-trump-harris/index.html,20240923231412,cdx,
https://www.cnn.com/2024/09/23/science/tollense-valley-bronze-age-battlefield-arrowheads/,20240923183820,cdx,
https://www.cnn.com/2024/09/23/science/tollense-valley-bronze-age-battlefield-arrowheads/index.html,20240923223159,cdx,
https://www.cnn.com/2024/09/23/science/tollense-valley-bronze-age-battlefield-arrowheads/index.html?utm_source=fark&utm_medium=website&utm_content=link&ICID=ref_fark,20240924082228,cdx,
https://www.cnn.com/2024/09/23/science/tollense-valley-bronze-age-battlefield-arrowheads?cid=ios_app,20240924022633,cdx,
https://www.cnn.com/2024/09/23/sport/caitlin-clark-wnba-rookie-of-the-year-spt-intl/,20240923165622,cdx,
https://www.cnn.com/2024/09/23/sport/caitlin-clark-wnba-rookie-of-the-year-spt-intl/index.html,20240923113248,cdx,
https://www.cnn.com/2024/09/23/sport/erling-haaland-european-soccer-roundup-spt-intl/index.html,20240923140926,cdx,
https://www.cnn.com/2024/09/23/sport/laver-cup-carlos-alcaraz-tennis-spt-intl/,20240924124106,cdx,
https://www.cnn.com/2024/09/23/sport/laver-cup-carlos-alcaraz-tennis-spt-intl/index.html,20240924010637,cdx,
https://www.cnn.com/2024/09/23/sport/max-verstappen-f1-singapore-spt-intl/index.html,20240923142721,cdx,
https://www.cnn.com/2024/09/23/sport/nfl-week-3-sunday-review-spt-intl/,20240924124201,cdx,
https://www.cnn.com/2024/09/23/sport/nfl-week-3-sunday-review-spt-intl/index.html,20240923155839,cdx,
https://www.cnn.com/2024/09/23/sport/wnba-first-round-game-1-round-up-spt-intl/index.html,20240924010958,cdx,
https://www.cnn.com/2024/09/23/style/italy-man-smashes-ai-weiwei-sculpture-hnk-intl/,20240923045101,cdx,
https://www.cnn.com/2024/09/23/style/italy-man-smashes-ai-weiwei-sculpture-hnk-intl/index.html,20240923063356,cdx,
https://www.cnn.com/2024/09/23/style/us-returns-indian-antiquities-hnk-intl/,20240923183622,cdx,
https://www.cnn.com/2024/09/23/style/us-returns-indian-antiquities-hnk-intl/index.html,20240923235012,cdx,
https://www.cnn.com/2024/09/23/tech/elon-musk-brazil-court-compliance/,20240923120542,cdx,
https://www.cnn.com/2024/09/23/tech/elon-musk-brazil-court-compliance/index.html,20240923194630,cdx,
https://www.cnn.com/2024/09/23/tech/elon-musk-brazil-court-compliance/index.html?utm_source=pocket-newtab-en-us,20240924150956,cdx,
https://www.cnn.com/2024/09/23/tech/new-emoji-2024/,20240923120623,cdx,
https://www.cnn.com/2024/09/23/tech/new-emoji-2024/index.html,20240923113145,cdx,
https://www.cnn.com/2024/09/23/tech/social-media-ai-data-opt-out/,20240923094003,cdx,
https://www.cnn.com/2024/09/23/tech/social-media-ai-data-opt-out/index.html,20240923134357,cdx,
https://www.cnn.com/2024/09/23/tech/social-media-ai-data-opt-out/index.html?cid=ios_app,20240924063715,cdx,
https://www.cnn.com/2024/09/23/tech/telegram-ceo-durov-arrest-user-data-changes/,20240923230556,cdx,
https://www.cnn.com/2024/09/23/tech/telegram-ceo-durov-arrest-user-data-changes/index.html,20240923234419,cdx,
https://www.cnn.com/2024/09/23/tech/telegram-ceo-durov-arrest-user-data-changes?cid=external-feeds_iluminar_yahoo,20240923234347,cdx,
https://www.cnn.com/2024/09/23/tech/telegram-ceo-durov-arrest-user-data-changes?utm_source=fark&utm_medium=website&utm_content=link&ICID=ref_fark,20240924055634,cdx,
https://www.cnn.com/2024/09/23/tech/us-car-software-ban-china-russia/,20240923133632,cdx,
https://www.cnn.com/2024/09/23/tech/us-car-software-ban-china-russia/index.html,20240923134839,cdx,
https://www.cnn.com/2024/09/23/tech/us-car-software-ban-china-russia?cid=ios_app,20240923134158,cdx,
https://www.cnn.com/2024/09/23/tech/voiceitt-voice-recognition-speech-impairments-spc/,20240923094119,cdx,
https://www.cnn.com/2024/09/23/tech/voiceitt-voice-recognition-speech-impairments-spc/index.html,20240924010848,cdx,
https://www.cnn.com/2024/09/23/travel/cathay-pacific-bans-passengers-scli-intl/,20240923120635,cdx,
https://www.cnn.com/2024/09/23/travel/cathay-pacific-bans-passengers-scli-intl/index.html,20240923113308,cdx,
https://www.cnn.com/2024/09/23/travel/cathay-pacific-bans-passengers-scli-intl/index.html?utm_medium=social&utm_source=whatsappCNN&utm_content=2024-09-24T00:52:34,20240924011223,cdx,
https://www.cnn.com/2024/09/23/travel/gallery/winning-images-bird-photography-spc-c2e/,20240924112356,cdx,
https://www.cnn.com/2024/09/23/us/5-things-pm-september-23-trnd/,20240923230620,cdx,
https://www.cnn.com/2024/09/23/us/5-things-pm-september-23-trnd/index.html,20240924110428,cdx,
https://www.cnn.com/2024/09/23/us/5-things-to-know-for-sept-23-presidential-race-middle-east-birmingham-shooting-government-shutdown-sri-lanka/,20240923120638,cdx,
https://www.cnn.com/2024/09/23/us/5-things-to-know-for-sept-23-presidential-race-middle-east-birmingham-shooting-government-shutdown-sri-lanka/index.html,20240924010815,cdx,
https://www.cnn.com/2024/09/23/us/abducted-boy-found-alive-70-plus-years-later/,20240923230621,cdx,
https://www.cnn.com/2024/09/23/us/abducted-boy-found-alive-70-plus-years-later/index.html,20240923225638,cdx,
https://www.cnn.com/2024/09/23/us/abducted-boy-found-alive-70-plus-years-later?cid=ios_app,20240924003411,cdx,
https://www.cnn.com/2024/09/23/us/birmingham-shooting-what-we-know/,20240923070933,cdx,
https://www.cnn.com/2024/09/23/us/birmingham-shooting-what-we-know/index.html,20240923063703,cdx,
https://www.cnn.com/2024/09/23/us/king-soopers-boulder-shooting-trial-verdict/,20240923190911,cdx,
https://www.cnn.com/2024/09/23/us/king-soopers-boulder-shooting-trial-verdict/index.html,20240923225138,cdx,
https://www.cnn.com/2024/09/23/us/king-soopers-boulder-shooting-trial-verdict?cid=ios_app,20240923195250,cdx,
https://www.cnn.com/2024/09/23/us/marcellus-williams-missouri-supreme-court-hearing/,20240923105304,cdx,
https://www.cnn.com/2024/09/23/us/marcellus-williams-missouri-supreme-court-hearing/index.html,20240923121344,cdx,
https://www.cnn.com/2024/09/23/us/marcellus-williams-missouri-supreme-court-hearing/index.html?fbclid=IwY2xjawFeOFlleHRuA2FlbQIxMQABHSOAeUzj9BV9OzCdVg-oo-aNJ_O1Qft87VwB8PK-kc8fabSfA1ac1AEQCA_aem_2WPFq85URfVL7ZUBTcwT_w,20240923121153,cdx,
https://www.cnn.com/2024/09/23/us/pressured-confession-contempt-images/,20240923094138,cdx,
https://www.cnn.com/2024/09/23/us/pressured-confession-contempt-images/index.html,20240923114300,cdx,
https://www.cnn.com/2024/09/23/us/titan-submersible-oceangate-implosion-hearing/,20240923094145,cdx,
https://www.cnn.com/2024/09/23/us/titan-submersible-oceangate-implosion-hearing/index.html,20240923214517,cdx,
https://www.cnn.com/2024/09/23/us/video/bulls-on-loose-after-escape-rodeo-north-attleboro-digvid,20240923213500,cdx,
https://www.cnn.com/2024/09/23/us/video/election-lizzo-ozempic-5things-digvid,20240923113016,cdx,
https://www.cnn.com/2024/09/23/us/video/titan-submersible-wreckage-video-coast-guard-digvid,20240923232453,cdx,
https://www.cnn.com/2024/09/23/weather/helene-tropical-storm-hurricane-forecast-climate/,20240923162215,cdx,
https://www.cnn.com/2024/09/23/weather/helene-tropical-storm-hurricane-forecast-climate/index.html,20240923203616,cdx,
https://www.cnn.com/2024/09/23/weather/helene-tropical-storm-hurricane-forecast-climate/index.html?iid=cnn_buildContentRecirc_end_recirc,20240924002738,cdx,
https://www.cnn.com/2024/09/23/weather/video/helene-gulf-coast-gulf-of-mexico-digvid,20240924041158,cdx,
https://www.cnn.com/2024/09/23/world/iran-siamak-namazi-amanpour-interview/,20240923123850,cdx,
https://www.cnn.com/2024/09/23/world/iran-siamak-namazi-amanpour-interview/index.html,20240923212908,cdx,
https://www.cnn.com/2024/09/23/world/video/african-voices-wole-soyinka-nobel-laureate-nigeria,20240924010658,cdx,
https://www.cnn.com/2024/09/23/world/video/capsule-nasa-astronaut-cosmonauts-kazakhstan-landing-newsroom-digvid,20240923141759,cdx,
https://www.cnn.com/2024/09/23/world/video/china-zoo-panda-dogs-ldn-digvid,20240923214319,cdx,
https://www.cnn.com/2024/09/23/world/video/decoded-quantum-computing-spc-intl,20240924011012,cdx,
https://www.cnn.com/2024/09/23/world/video/israel-lebanon-airstrikes-diamond-pkg-lead-digvid,20240924020723,cdx,
https://www.cnn.com/2024/09/23/world/video/israel-lebanon-airstrikes-war-wedeman-cnc-digvid,20240923202204,cdx,
https://www.cnn.com/2024/09/23/world/video/israel-lebanon-airstrikes-war-wedeman-cnc-digvid?cid=ios_app,20240923203820,cdx,
https://www.cnn.com/2024/09/23/world/video/siamak-namazi-first-interview-post-release-iran-prison-evin-amanpour-digvid,20240923203439,cdx,
https://www.cnn.com/2024/09/23/world/video/the-lead-leon-panetta-lebanon-israel-hezbollah-deaths-civillian-attacks-jake-tapper,20240923223740,cdx,related
https://www.cnn.com/2024/09/23/world/video/woman-steals-car-driver-run-over-digvid,20240923212746,cdx,
https://www.cnn.com/2024/09/24/americas/hurricane-john-mexico-landfall-intl-hnk/,20240924112713,cdx,
https://www.cnn.com/2024/09/24/americas/hurricane-john-mexico-landfall-intl-hnk/index.html,20240924101056,cdx,
https://www.cnn.com/2024/09/24/americas/hurricane-john-mexico-landfall-intl-hnk/index.html?Date=20240924&Profile=cnn,20240924103658,cdx,
https://www.cnn.com/2024/09/24/business/boeing-faa-administrator-hearing/,20240924130619,cdx,
https://www.cnn.com/2024/09/24/business/boeing-faa-administrator-hearing/index.html,20240924130727,cdx,
https://www.cnn.com/2024/09/24/business/boeing-faa-administrator-hearing?cid=external-feeds_iluminar_yahoo,20240924165436,cdx,
https://www.cnn.com/2024/09/24/business/caroline-ellison-sentencing-nightcap/,20240924102446,cdx,
https://www.cnn.com/2024/09/24/business/caroline-ellison-sentencing-nightcap/index.html,20240924105223,cdx,
https://www.cnn.com/2024/09/24/business/caroline-ellison-sentencing-nightcap?cid=ios_app,20240924202629,cdx,
https://www.cnn.com/2024/09/24/business/consumer-confidence-job-market/,20240924145132,cdx,
https://www.cnn.com/2024/09/24/business/consumer-confidence-job-market/index.html,20240924173137,cdx,
https://www.cnn.com/2024/09/24/business/consumer-confidence-job-market?cid=external-feeds_iluminar_yahoo,20240924164419,cdx,
https://www.cnn.com/2024/09/24/business/kamala-harris-economy-endorsement/,20240924102432,cdx,
https://www.cnn.com/2024/09/24/business/kamala-harris-economy-endorsement/index.html,20240924111912,cdx,
https://www.cnn.com/2024/09/24/business/kamala-harris-economy-endorsement/index.html?os=..,20240924161150,cdx,
https://www.cnn.com/2024/09/24/business/kamala-harris-economy-endorsement/index.html?os=os,20240924162533,cdx,
https://www.cnn.com/2024/09/24/business/kamala-harris-economy-endorsement/index.html?os=roku...&ref=app,20240924161319,cdx,
https://www.cnn.com/2024/09/24/business/kamala-harris-economy-endorsement/index.html?sp_amp_linker=1*1ffkfr0*amp_id*R21NX2dnSk5CSk1aRDdJUlNCQWs5bWtaMl9kVklrYnNnc3pNdXNEaWxyRmpCcTlRdmRRX2JVMUgxNWJPbUlnMw,20240924170633,cdx,
https://www.cnn.com/2024/09/24/business/trump-credit-card-cap/,20240924192119,cdx,
https://www.cnn.com/2024/09/24/business/trump-credit-card-cap/index.html,20240924094655,cdx,
https://www.cnn.com/2024/09/24/business/trump-credit-card-cap?cid=ios_app,20240924123721,cdx,
https://www.cnn.com/2024/09/24/business/video/meta-instagram-teen-accounts-restrictions-contd-digvid,20240924103152,cdx,
https://www.cnn.com/2024/09/24/business/visa-doj-lawsuit/,20240924190831,cdx,
https://www.cnn.com/2024/09/24/business/visa-doj-lawsuit/index.html,20240924184614,cdx,
https://www.cnn.com/2024/09/24/business/visa-doj-lawsuit/index.html?utm_medium=social&utm_source=whatsappCNN&utm_content=2024-09-24T19:07:38,20240924191719,cdx,
https://www.cnn.com/2024/09/24/business/visa-doj-lawsuit?Date=20240924&Profile=CNN&utm_content=1727213805&utm_medium=social&utm_source=twitter,20240924213934,cdx,
https://www.cnn.com/2024/09/24/china/michael-kovrig-china-canada-intl-hnk,20240924083038,cdx,
https://www.cnn.com/2024/09/24/china/michael-kovrig-china-canada-intl-hnk/index.html,20240924170030,cdx,
https://www.cnn.com/2024/09/24/climate/magma-extinct-volcanoes-rare-earth-metals/,20240924145104,cdx,
https://www.cnn.com/2024/09/24/climate/magma-extinct-volcanoes-rare-earth-metals/index.html,20240924173141,cdx,
https://www.cnn.com/2024/09/24/entertainment/dick-van-dyke-health-update/,20240924164053,cdx,
https://www.cnn.com/2024/09/24/entertainment/lady-gaga-harlequin-joker-album/,20240924183743,cdx,
https://www.cnn.com/2024/09/24/entertainment/lady-gaga-harlequin-joker-album/index.html,20240924183156,cdx,
https://www.cnn.com/2024/09/24/entertainment/sean-diddy-combs-bodyguard-lawsuit/,20240924205316,cdx,
https://www.cnn.com/2024/09/24/entertainment/sean-diddy-combs-bodyguard-lawsuit/index.html,20240924214629,cdx,
https://www.cnn.com/2024/09/24/entertainment/sean-diddy-combs-white-parties/,20240924183730,cdx,
https://www.cnn.com/2024/09/24/entertainment/sean-diddy-combs-white-parties/index.html,20240924185443,cdx,
https://www.cnn.com/2024/09/24/europe/france-new-government-right-analysis-intl/,20240924144102,cdx,
https://www.cnn.com/2024/09/24/europe/russia-sarmat-missile-test-failure-intl/,20240924164031,cdx,
https://www.cnn.com/2024/09/24/europe/russia-sarmat-missile-test-failure-intl/index.html,20240924173131,cdx,
https://www.cnn.com/2024/09/24/europe/spain-arrest-fake-brad-pitt-scam-intl-scli/,20240924145058,cdx,
https://www.cnn.com/2024/09/24/europe/spain-arrest-fake-brad-pitt-scam-intl-scli/index.html,20240924143923,cdx,
https://www.cnn.com/2024/09/24/food/coca-cola-spiced-discontinued/,20240924115222,cdx,
https://www.cnn.com/2024/09/24/food/coca-cola-spiced-discontinued/index.html,20240924121559,cdx,
https://www.cnn.com/2024/09/24/food/coca-cola-spiced-discontinued?cid=external-feeds_iluminar_yahoo,20240924162148,cdx,
https://www.cnn.com/2024/09/24/health/breast-cancer-food-storage-chemicals/,20240924062034,cdx,
https://www.cnn.com/2024/09/24/health/breast-cancer-food-storage-chemicals/index.html,20240924100841,cdx,
https://www.cnn.com/2024/09/24/health/breast-cancer-food-storage-chemicals/index.html?utm_medium=social&utm_source=igCNN&utm_content=2024-09-24T10%3A04%3A17&fbclid=PAZXh0bgNhZW0CMTEAAaYVHZtAb7liru_aIGnposzmdm4a_mqLmNIpkTWorfp3ZOrLtTzLMhB0Ekc_aem_FZxelXESogy__GmKFnVHbA,20240924230605,cdx,
https://www.cnn.com/2024/09/24/health/criminal-charges-during-pregnancy-increase,20240924135257,cdx,
https://www.cnn.com/2024/09/24/health/criminal-charges-during-pregnancy-increase/index.html,20240924164117,cdx,
https://www.cnn.com/2024/09/24/health/ozempic-novo-nordisk-sanders-hearing/index.html,20240924204354,cdx,
https://www.cnn.com/2024/09/24/health/self-compassion-touch-meditation-wellness/,20240924164129,cdx,
https://www.cnn.com/2024/09/24/health/self-compassion-touch-meditation-wellness/index.html,20240924160044,cdx,
https://www.cnn.com/2024/09/24/health/video/mocktails-intermittent-sobriety-gupta-on-call-digvid,20240924205635,cdx,
https://www.cnn.com/2024/09/24/health/video/parkinsons-disease-symptoms-brett-favre-reveals-diagnosis-gupta-nc-digvid,20240924232849,cdx,
https://www.cnn.com/2024/09/24/media/violent-crime-report-fbi-right-wing-media-fox/index.html,20240924234246,cdx,
https://www.cnn.com/2024/09/24/middleeast/israel-second-war-hezbollah-cost-intl/,20240924144030,cdx,
https://www.cnn.com/2024/09/24/middleeast/israel-second-war-hezbollah-cost-intl/index.html,20240924162400,cdx,
https://www.cnn.com/2024/09/24/middleeast/israel-strikes-lebanon-hezbollah-explainer-intl-hnk/,20240924112716,cdx,
https://www.cnn.com/2024/09/24/middleeast/israel-strikes-lebanon-hezbollah-explainer-intl-hnk/index.html,20240924100024,cdx,
https://www.cnn.com/2024/09/24/politics/abortion-ivf-catholic-employers/,20240924183545,cdx,
https://www.cnn.com/2024/09/24/politics/anthony-d-esposito-new-york-times-report,20240924175830,cdx,
https://www.cnn.com/2024/09/24/politics/anthony-d-esposito-new-york-times-report/index.html,20240924192713,cdx,
https://www.cnn.com/2024/09/24/politics/antony-blinken-afghanistan-withdrawal-house-republicans/,20240924144114,cdx,
https://www.cnn.com/2024/09/24/politics/antony-blinken-afghanistan-withdrawal-house-republicans/index.html,20240924162654,cdx,
https://www.cnn.com/2024/09/24/politics/biden-unga-remarks-foreign-policy-legacy/,20240924100814,cdx,
https://www.cnn.com/2024/09/24/politics/biden-unga-remarks-foreign-policy-legacy/index.html,20240924165436,cdx,
https://www.cnn.com/2024/09/24/politics/doj-attempted-assassination-charge-routh-trump-golf-course/index.html,20240924170148,cdx,
https://www.cnn.com/2024/09/24/politics/donald-trump-women-voters-protector-abortion/,20240924143350,cdx,
https://www.cnn.com/2024/09/24/politics/donald-trump-women-voters-protector-abortion/index.html,20240924162610,cdx,
https://www.cnn.com/2024/09/24/politics/fact-check-tim-walz-project-2025-donald-trump-jd-vance,20240924175227,cdx,
https://www.cnn.com/2024/09/24/politics/fact-check-tim-walz-project-2025-donald-trump-jd-vance/index.html,20240924223121,cdx,
https://www.cnn.com/2024/09/24/politics/fact-check-trump-terror-attacks-presidency/,20240924205200,cdx,
https://www.cnn.com/2024/09/24/politics/fact-check-trump-terror-attacks-presidency/index.html,20240924223921,cdx,
https://www.cnn.com/2024/09/24/politics/fasfa-low-income-students-financial-aid/,20240924164044,cdx,
https://www.cnn.com/2024/09/24/politics/fasfa-low-income-students-financial-aid/index.html,20240924151716,cdx,
https://www.cnn.com/2024/09/24/politics/georgia-diverse-winning-coalition/,20240924205212,cdx,
https://www.cnn.com/2024/09/24/politics/georgia-diverse-winning-coalition/index.html,20240924233308,cdx,
https://www.cnn.com/2024/09/24/politics/joe-manchin-not-endorse-harris-filibuster/,20240924183535,cdx,
https://www.cnn.com/2024/09/24/politics/joe-manchin-not-endorse-harris-filibuster/index.html,20240924171922,cdx,
https://www.cnn.com/2024/09/24/politics/joe-manchin-not-endorse-harris-filibuster/index.html?ICID=ref_fark,20240924203857,cdx,
https://www.cnn.com/2024/09/24/politics/joe-manchin-not-endorse-harris-filibuster?Date=20240924&Profile=cnnbrk,20240924174050,cdx,
https://www.cnn.com/2024/09/24/politics/joe-manchin-not-endorse-harris-filibuster?Date=20240924&Profile=CNNPolitics,20240924215530,cdx,
https://www.cnn.com/2024/09/24/politics/joe-manchin-not-endorse-harris-filibuster?Date=20240924&Profile=cnnpolitics&utm_content=1727199608&utm_medium=social&utm_source=threads,20240924182232,cdx,
https://www.cnn.com/2024/09/24/politics/mark-robinson-republicans-fleeing?cid=ios_app,20240924231602,cdx,
https://www.cnn.com/2024/09/24/politics/mississippi-mail-in-ballots-5th-circuit/,20240924091944,cdx,
https://www.cnn.com/2024/09/24/politics/mississippi-mail-in-ballots-5th-circuit/index.html,20240924091809,cdx,
https://www.cnn.com/2024/09/24/politics/nebraska-governor-electoral-votes/,20240924183753,cdx,
https://www.cnn.com/2024/09/24/politics/nebraska-governor-electoral-votes/index.html,20240924170349,cdx,
https://www.cnn.com/2024/09/24/politics/nebraska-governor-electoral-votes?Date=20240924&Profile=CNNPolitics&utm_content=1727197871&utm_medium=social&utm_source=twitter,20240924171252,cdx,
https://www.cnn.com/2024/09/24/politics/oran-routh-child-pornography/,20240924163952,cdx,
https://www.cnn.com/2024/09/24/politics/oran-routh-child-pornography/index.html,20240924221935,cdx,
https://www.cnn.com/2024/09/24/politics/oran-routh-child-pornography?cid=ios_app,20240924234442,cdx,
https://www.cnn.com/2024/09/24/politics/polls-trump-harris-presidential-election/,20240924163850,cdx,
https://www.cnn.com/2024/09/24/politics/polls-trump-harris-presidential-election/index.html,20240924171158,cdx,
https://www.cnn.com/2024/09/24/politics/rudy-giuliani-bankruptcy/,20240924183711,cdx,
https://www.cnn.com/2024/09/24/politics/rudy-giuliani-bankruptcy/index.html,20240924232719,cdx,
https://www.cnn.com/2024/09/24/politics/ryan-routh-additional-charges-trump-assassination-attempt/,20240924225322,cdx,
https://www.cnn.com/2024/09/24/politics/ryan-routh-additional-charges-trump-assassination-attempt/index.html,20240924232508,cdx,
https://www.cnn.com/2024/09/24/politics/ryan-routh-additional-charges-trump-assassination-attempt?Date=20240924&Profile=cnnbrk,20240924235344,cdx,
https://www.cnn.com/2024/09/24/politics/senate-bill-secret-service-protection-trump/,20240924230820,cdx,
https://www.cnn.com/2024/09/24/politics/senate-bill-secret-service-protection-trump/index.html,20240924221724,cdx,
https://www.cnn.com/2024/09/24/politics/senate-bill-secret-service-protection-trump?cid=ios_app,20240924221936,cdx,
https://www.cnn.com/2024/09/24/politics/special-counsel-trump-substantial-evidence,20240924215545,cdx,
https://www.cnn.com/2024/09/24/politics/trump-fear-economy-analysis,20240924060239,cdx,
https://www.cnn.com/2024/09/24/politics/trump-fear-economy-analysis/index.html,20240924100415,cdx,
https://www.cnn.com/2024/09/24/politics/trump-fear-economy-analysis/index.html?ICID=ref_fark,20240924152235,cdx,
https://www.cnn.com/2024/09/24/politics/trump-us-business-tariffs-taxes,20240924111649,cdx,
https://www.cnn.com/2024/09/24/politics/trump-us-business-tariffs-taxes?cid=ios_app,20240924122511,cdx,
https://www.cnn.com/2024/09/24/politics/ukraine-aid-congress/,20240924235133,cdx,
https://www.cnn.com/2024/09/24/politics/us-navy-replenishment-ship-damaged-middle-east/,20240924163858,cdx,
https://www.cnn.com/2024/09/24/politics/us-navy-replenishment-ship-damaged-middle-east/index.html,20240924172958,cdx,
https://www.cnn.com/2024/09/24/politics/us-officials-israel-hezbollah-stop-regional-war/,20240924041740,cdx,
https://www.cnn.com/2024/09/24/politics/us-officials-israel-hezbollah-stop-regional-war/index.html,20240924041630,cdx,
https://www.cnn.com/2024/09/24/politics/video/abortion-fillibuster-manchin-harris-election-endorsement-alvarez-digvid,20240924224922,cdx,
https://www.cnn.com/2024/09/24/politics/video/biden-last-unga-address-as-president-bts-digvid,20240924225624,cdx,
https://www.cnn.com/2024/09/24/politics/video/cnn-poll-enten-harris-trump-six-weeks-digvid,20240924212835,cdx,
https://www.cnn.com/2024/09/24/politics/video/donald-trump-kamala-harris-poll-economy-john-king-ebof-ldn-digvid,20240924100422,cdx,
https://www.cnn.com/2024/09/24/politics/video/georgia-voters-john-king-trump-harris-2024-aotm-digvid,20240924233315,cdx,
https://www.cnn.com/2024/09/24/politics/video/presidential-race-harris-trump-cnn-poll-nr-luntz-intv-digvid,20240924235328,cdx,
https://www.cnn.com/2024/09/24/politics/video/trump-women-protector-pennsylvania-alencia-johnson-lcl-digvid,20240924101256,cdx,
https://www.cnn.com/2024/09/24/science/ghost-shark-new-zealand-scli-intl/,20240924164012,cdx,
https://www.cnn.com/2024/09/24/science/ghost-shark-new-zealand-scli-intl/index.html,20240924173052,cdx,
https://www.cnn.com/2024/09/24/sport/brett-favre-parkinsons-disease-spt-intl/,20240924225324,cdx,
https://www.cnn.com/2024/09/24/sport/brett-favre-parkinsons-disease-spt-intl/index.html,20240924232748,cdx,
https://www.cnn.com/2024/09/24/sport/gotham-fc-president-biden-white-house-nwsl-spt-intl/index.html,20240924120201,cdx,
https://www.cnn.com/2024/09/24/sport/gotham-fc-president-biden-white-house-nwsl-spt-intl?cid=external-feeds_iluminar_yahoo,20240924174225,cdx,
https://www.cnn.com/2024/09/24/sport/jordan-chiles-footage,20240924195437,cdx,
https://www.cnn.com/2024/09/24/sport/jordan-chiles-footage/index.html,20240924194959,cdx,
https://www.cnn.com/2024/09/24/sport/nfl-week-3-monday-night-football-spt-intl,20240924105430,cdx,
https://www.cnn.com/2024/09/24/sport/nfl-week-3-monday-night-football-spt-intl/index.html,20240924105704,cdx,
https://www.cnn.com/2024/09/24/sport/nfl-week-3-monday-night-football-spt-intl?cid=external-feeds_iluminar_yahoo,20240924105620,cdx,
https://www.cnn.com/2024/09/24/sport/philadelphia-phillies-clinch-nl-east-spt-intl/index.html,20240924184910,cdx,
https://www.cnn.com/2024/09/24/sport/philadelphia-phillies-clinch-nl-east-spt-intl?cid=external-feeds_iluminar_yahoo,20240924174021,cdx,
https://www.cnn.com/2024/09/24/sport/rafael-nadal-spain-davis-cup-team-spt-intl/index.html,20240924184854,cdx,
https://www.cnn.com/2024/09/24/sport/rafael-nadal-spain-davis-cup-team-spt-intl?cid=external-feeds_iluminar_yahoo,20240924174013,cdx,
https://www.cnn.com/2024/09/24/sport/reggie-bush-sues-usc-pac-12-ncaa-spt-html/,20240924112636,cdx,
https://www.cnn.com/2024/09/24/sport/reggie-bush-sues-usc-pac-12-ncaa-spt-html/index.html,20240924102840,cdx,
https://www.cnn.com/2024/09/24/style/a-surprise-visit-from-madonna-and-more-highlights-from-milan-fashion-week/,20240924141902,cdx,
https://www.cnn.com/2024/09/24/style/a-surprise-visit-from-madonna-and-more-highlights-from-milan-fashion-week/index.html,20240924141451,cdx,
https://www.cnn.com/2024/09/24/style/huge-diamond-necklace-sothebys-intl-scli/,20240924125025,cdx,
https://www.cnn.com/2024/09/24/style/huge-diamond-necklace-sothebys-intl-scli/index.html,20240924124939,cdx,
https://www.cnn.com/2024/09/24/tech/tiktok-russian-media-accounts-us-election/,20240924152443,cdx,
https://www.cnn.com/2024/09/24/tech/tiktok-russian-media-accounts-us-election/index.html,20240924200450,cdx,
https://www.cnn.com/2024/09/24/tech/tiktok-russian-media-accounts-us-election/index.html?iid=cnn_buildContentRecirc_end_recirc,20240924181507,cdx,
https://www.cnn.com/2024/09/24/tech/tiktok-russian-media-accounts-us-election?cid=ios_app,20240924171256,cdx,
https://www.cnn.com/2024/09/24/us/5-things-pm-september-24-trnd/,20240924230802,cdx,
https://www.cnn.com/2024/09/24/us/5-things-to-know-for-sept-24-middle-east-hurricane-season-immigration-boeing-strike-school-safety/,20240924144232,cdx,
https://www.cnn.com/2024/09/24/us/apalachee-students-return-high-school/,20240924102519,cdx,
https://www.cnn.com/2024/09/24/us/apalachee-students-return-high-school/index.html,20240924162344,cdx,
https://www.cnn.com/2024/09/24/us/conversion-device-glock-switch-birmingham-shooting/index.html,20240924205306,cdx,
https://www.cnn.com/2024/09/24/us/marcellus-williams-scheduled-execution-date/,20240924102814,cdx,
https://www.cnn.com/2024/09/24/us/marcellus-williams-scheduled-execution-date/index.html,20240924121900,cdx,
https://www.cnn.com/2024/09/24/us/marcellus-williams-scheduled-execution-date?Date=20240924&Profile=cnnbrk,20240924215928,cdx,
https://www.cnn.com/2024/09/24/us/oceangate-employee-paychecks-titan-submersible/,20240924163842,cdx,
https://www.cnn.com/2024/09/24/us/oceangate-employee-paychecks-titan-submersible/index.html,20240924172951,cdx,
https://www.cnn.com/2024/09/24/us/sean-diddy-combs-bodyguard-lawsuit/,20240924191037,cdx,
https://www.cnn.com/2024/09/24/us/sean-diddy-combs-bodyguard-lawsuit?Date=20240924&Profile=CNN&utm_content=1727203389&utm_medium=social&utm_source=twitter,20240924184524,cdx,
https://www.cnn.com/2024/09/24/us/video/deer-stuck-upside-down-rescue-talat-digvid,20240924225352,cdx,
https://www.cnn.com/2024/09/24/us/video/the-lead-deanne-criswell-hurricane-weather-helene-florida-fema-tropical-storm-jake-tapper,20240924224549,cdx,
https://www.cnn.com/2024/09/24/weather/helene-florida-storm-preparations/,20240924112707,cdx,
https://www.cnn.com/2024/09/24/weather/helene-florida-storm-preparations/index.html,20240924064600,cdx,
https://www.cnn.com/2024/09/24/weather/helene-florida-storm-preparations/index.html?iid=cnn_buildContentRecirc_end_recirc,20240924183725,cdx,
https://www.cnn.com/2024/09/24/weather/helene-florida-storm-preparations?Date=20240924&Profile=CNN&utm_content=1727191203&utm_medium=social&utm_source=facebook&fbclid=IwZXh0bgNhZW0CMTEAAR1g7V3MnC7ypfRA_js7Cxy7ucjsWxXGOqtviTy42PjthbbTTQGcN-fESt0_aem_8N88-xvDn5Z6BrUxg0mO8A,20240924162310,cdx,
https://www.cnn.com/2024/09/24/weather/hurricane-john-mexico-landfall-intl-hnk/,20240924144221,cdx,
https://www.cnn.com/2024/09/24/weather/hurricane-john-mexico-landfall-intl-hnk/index.html,20240924175507,cdx,
https://www.cnn.com/2024/09/24/weather/video/forecast-helene-storm-gulf-digvid,20240924095819,cdx,
https://www.cnn.com/2024/09/24/world/video/iranian-president-pezeshkian-hezbollah-zakaria-ldn-digvid,20240924222710,cdx,
https://www.cnn.com/2024/09/24/world/video/iranian-president-pezeshkian-hezbollah-zakaria-ldn-digvid?cid=ios_app,20240924133336,cdx,
https://www.cnn.com/2024/09/24/world/video/leon-panetta-lebanon-israel-hezbollah-deaths-civillian-attacks-jake-tapper-lead-digvid,20240924103346,cdx,related
https://www.cnn.com/2024/09/24/world/video/wedeman-responds-biden-un-speech-middle-east-digvid,20240924181523,cdx,
https://www.cnn.com/2024/09/01/business/thousands-of-us-hotel-workers-strike-as-contract-negotiations-stall/index.html?bt_ts=1725232237464&utm_term=1725232237460b9528e67c4d8&utm_medium=email&bt_ee=8dqeXm%2F0dICSD298Xd41fkpXoSwaGqB23LTcbiBAdxx6LjEjLWXKIJhpi6N7pPVS&utm_source=cnn_In+Case+You+Missed+It+-+ICYMI&bt_alias=eyJ1c2VySWQiOiAiOTBjN2RkOTQtZmFjMS00MjE0LWE2ODUtMDJhZDNiNGEyNWRhIn0%3D,20240925180946,cdx,
https://www.cnn.com/2024/09/01/business/thousands-of-us-hotel-workers-strike-as-contract-negotiations-stall?cid=external-feeds_iluminar_yahoo,20240925203757,cdx,
https://www.cnn.com/2024/09/01/middleeast/israel-hostage-protests-strike-netanyahu-intl-latam/index.html,20240925194348,cdx,
https://www.cnn.com/2024/09/01/world/video/israeli-hostages-killed-gaza-robertson-digvid,20240925194348,cdx,
https://www.cnn.com/2024/09/02/business/hotel-strike/index.html?utm_term=17253592835933af925f6edcb&utm_source=cnn_Five+Things+for+Tuesday%2C+September+3%2C+2024&utm_medium=email&bt_ee=yWgECKCwBWBlMrbvCQh4WOKZJrDtiAEqYFUAZ%2FXOwFmIQdaFatUF%2BL26V8mEG6cq&bt_ts=1725359283596,20240925054400,cdx,
https://www.cnn.com/2024/09/02/entertainment/bond-slow-horses-spy-movies-cec/index.html,20240925084820,cdx,
https://www.cnn.com/2024/09/02/europe/ukraine-big-drone-attack-russia-intl-hnk/index.html,20240925124904,cdx,
https://www.cnn.com/2024/09/03/business/hewlett-packard-uk-claim-mike-lynch/index.html,20240925074758,cdx,
https://www.cnn.com/2024/09/03/economy/college-jobs-blue-collar-workers/,20240926210730,cdx,
https://www.cnn.com/2024/09/03/europe/france-man-accused-strangers-rape-wife-intl-latam,20240925231233,cdx,
https://www.cnn.com/2024/09/03/europe/france-man-accused-strangers-rape-wife-intl-latam/index.html,20240925111549,cdx,
https://www.cnn.com/2024/09/03/europe/ukraine-poltava-russia-attack-intl/index.html,20240925124918,cdx,
https://www.cnn.com/2024/09/03/politics/jimmy-mccain-decries-trump-arlington-appearance/,20240926213945,cdx,
https://www.cnn.com/2024/09/03/politics/trump-quest-destroy-harris-momentum/,20240926155249,cdx,
https://www.cnn.com/2024/09/03/sport/armless-archers-viral-paralympics-spt-intl?cid=external-feeds_iluminar_yahoo,20240925050624,cdx,
https://www.cnn.com/2024/09/03/us/back-to-school-bans-cell-phones-hoodies-mirrors/,20240926161819,cdx,
https://www.cnn.com/2024/09/03/us/back-to-school-bans-cell-phones-hoodies-mirrors/index.html?utm_source=fark&utm_medium=website&utm_content=link&ICID=ref_fark,20240925025503,cdx,
https://www.cnn.com/2024/09/03/world/video/ukraine-russia-war-dmytro-kuleba-amanpour,20240925141215,cdx,
https://www.cnn.com/2024/09/04/africa/boko-haram-nigeria-attack-intl/,20240926201622,cdx,
https://www.cnn.com/2024/09/04/americas/venezuela-nicolas-maduro-plane-dominican-republic-intl-latam/index.html,20240925122427,cdx,
https://www.cnn.com/2024/09/04/asia/philippines-alice-guo-fugitive-arrested-intl-hnk/,20240926213558,cdx,
https://www.cnn.com/2024/09/04/europe/ukraine-foreign-minister-kuleba-resigns-intl-hnk/index.html,20240925141213,cdx,
https://www.cnn.com/2024/09/04/health/back-to-school-virus-risks-wellness/index.html,20240925171954,cdx,
https://www.cnn.com/2024/09/04/politics/cnn-polls-battleground-states,20240925002948,cdx,
https://www.cnn.com/2024/09/04/politics/donald-trump-fact-check-children-gender-affirming-surgery,20240926164952,cdx,
https://www.cnn.com/2024/09/04/politics/donald-trump-fact-check-children-gender-affirming-surgery/index.html?utm_source=substack&utm_medium=email,20240925181127,cdx,
https://www.cnn.com/2024/09/04/politics/video/russia-2024-election-interference-merrick-garland-doj-digvid,20240926124807,cdx,
https://www.cnn.com/2024/09/04/sport/olympics-breaker-raygun-apologizes-intl-scli-spt/index.html?utm_source=fark&utm_medium=website&utm_content=link&ICID=ref_fark,20240925043259,cdx,
https://www.cnn.com/2024/09/04/us/winder-ga-shooting-apalachee-high-school/index.html,20240926002954,cdx,
https://www.cnn.com/2024/09/05/entertainment/anna-sorokin-ankle-monitor-dancing-with-stars/,20240925212015,cdx,
https://www.cnn.com/2024/09/05/entertainment/video/dennis-quaid-trump-reagan-cprog-wtcw-wallace-digvid,20240926193345,cdx,
https://www.cnn.com/2024/09/05/europe/italy-luxury-yacht-victims-autopsies-intl/index.html?fbclid=IwY2xjawFHMJ1leHRuA2FlbQIxMQABHbHtnvbX1-v_2r91sTpkL_7dgydrSAMlevkTb8FhDZWS10JEAY0iM4kAcQ_aem_lpOAlgQefL12YNvHpl_LCQ,20240925060448,cdx,
https://www.cnn.com/2024/09/05/politics/russian-trolling-2-0-how-the-kremlin-shifted-tactics-from-its-2016-election-strategy/index.html,20240926004337,cdx,
https://www.cnn.com/2024/09/05/politics/takeaways-trump-jan-6-election-hearing/,20240926091136,cdx,
https://www.cnn.com/2024/09/05/politics/trump-claims-boosting-tariffs-pay-for-child-care/index.html,20240926233532,cdx,
https://www.cnn.com/2024/09/05/politics/trump-economic-plans-musk-government-commission/index.html?utm_term=PRV-17255727134472945da3a9efd&utm_source=cnn_What+Matters+for+September+5%2C+2024&utm_medium=email&bt_ee_preview=%2FA%2BP4Ecscf6UYlB7IVyU09339rte7qdAbGWEd7vDT8EhE85u7JpDSYeLhm5s3mYU&bt_ts_preview=1725572713457,20240925065946,cdx,
https://www.cnn.com/2024/09/05/politics/video/putin-says-he-supports-harris,20240925155130,cdx,
https://www.cnn.com/2024/09/05/style/plaid-school-uniforms-dress-codes,20240925060904,cdx,
https://www.cnn.com/2024/09/05/tech/nvidia-stock-falling-nightcap?cid=external-feeds_iluminar_yahoo,20240925053222,cdx,
https://www.cnn.com/2024/09/05/us/colt-gray-suspect-georgia-shooter/,20240925100951,cdx,
https://www.cnn.com/2024/09/05/us/fontana-pressured-murder-confession/index.html?utm_source=fark&utm_medium=website&utm_content=link&ICID=ref_fark,20240925073536,cdx,
https://www.cnn.com/2024/09/05/us/timeline-georgia-high-school-shooting/,20240925152647,cdx,
https://www.cnn.com/2024/09/06/business/judge-ncaa-nil-settlement-hold/index.html,20240925233655,cdx,
https://www.cnn.com/2024/09/06/china/china-ends-foreign-adoptions-children-intl-hnk/,20240926141031,cdx,
https://www.cnn.com/2024/09/06/health/valley-fever-lightning-in-a-bottle-california/,20240926131221,cdx,
https://www.cnn.com/2024/09/06/politics/child-care-trump-what-matters/index.html?cid=external-feeds_iluminar_yahoo,20240925003013,cdx,
https://www.cnn.com/2024/09/06/politics/donald-trump-e-jean-carroll-appeal/,20240926090949,cdx,
https://www.cnn.com/2024/09/06/politics/donald-trump-e-jean-carroll-appeal/index.html,20240926233533,cdx,
https://www.cnn.com/2024/09/06/politics/video/allan-lichtman-trump-harris-prediction-lcl-digvid,20240926141035,cdx,
https://www.cnn.com/2024/09/06/sport/michael-palfrey-australia-swimming-olympics-spt-intl,20240925062029,cdx,
https://www.cnn.com/2024/09/07/asia/older-medical-school-graduate-intl-hnk/,20240926113413,cdx,
https://www.cnn.com/2024/09/07/climate/rancho-palos-verdes-landslide-rainfall/index.html?cid=external-feeds_iluminar_yahoo,20240925001802,cdx,
https://www.cnn.com/2024/09/07/europe/ukraine-thermite-dragon-drones-intl-hnk-ml/,20240926175318,cdx,
https://www.cnn.com/2024/09/07/sport/hunter-woodhall-paris-paralympics-gold-interview-spt-intl/,20240926153332,cdx,
https://www.cnn.com/2024/09/07/us/school-shooting-mental-health-impact-children,20240925030232,cdx,
https://www.cnn.com/2024/09/07/us/school-shooting-mental-health-impact-children/index.html,20240925131600,cdx,
https://www.cnn.com/2024/09/07/world/video/cia-mi6-iran-russia-missiles-london-npw-intl-digvid,20240925194940,cdx,
https://www.cnn.com/2024/09/08/media/directv-disney-nfl-fcc,20240925031327,cdx,
https://www.cnn.com/2024/09/09/politics/jessica-leeds-donald-trump-cnntv/,20240926204928,cdx,
https://www.cnn.com/2024/09/09/politics/mike-johnson-government-funding-plan/index.html,20240925061446,cdx,
https://www.cnn.com/2024/09/09/politics/rfk-jr-removed-ballots-north-carolina-supreme-court?cid=external-feeds_iluminar_yahoo,20240925011707,cdx,
https://www.cnn.com/2024/09/09/us/apalachee-school-shooting-unfolded/index.html?_sc=NDM5ODcwNiM3Mzk%3D&utm_campaign=Extremism+Roundup+2024-09-12&utm_medium=email&utm_source=brevo,20240925144302,cdx,
https://www.cnn.com/2024/09/10/entertainment/taylor-swift-endorsement-kamala-harris,20240925053638,cdx,
https://www.cnn.com/2024/09/10/politics/abortion-rights-ballot-missouri-ballot-court-rules/index.html,20240925033222,cdx,
https://www.cnn.com/2024/09/10/politics/gallery/debate-trump-harris-photos/index.html,20240925124850,cdx,
https://www.cnn.com/2024/09/10/politics/jd-vance-haitian-immigrants/index.html,20240926192556,cdx,
https://www.cnn.com/2024/09/10/sport/djokovic-nadal-federer-mens-tennis-change-impact-spt-intl,20240925004141,cdx,
https://www.cnn.com/2024/09/10/sport/shohei-ohtani-47th-steal-50-50-spt-intl,20240925071522,cdx,
https://www.cnn.com/2024/09/10/sport/tyreek-hill-what-we-know-miami-dolphins-detainment-spt/index.html?fbclid=IwY2xjawFNOH5leHRuA2FlbQIxMAABHXiZreSbyJFWOshdBRnQCnlRmzk6f3Ach0iBoEQQ9XN8oSljrx83D0p7FA_aem_-LN4T0a7wAD_N928QYCH1w,20240925021840,cdx,
https://www.cnn.com/2024/09/10/travel/delta-planes-collide-taxiing-atlanta-airport/,20240926053853,cdx,
https://www.cnn.com/2024/09/10/us/5-things-pm-september-10-trnd/index.html,20240925033213,cdx,
https://www.cnn.com/2024/09/11/business/video/inflation-report-chatterley-live-ctw-091109aseg2-cnni-business-fast,20240925005837,cdx,
https://www.cnn.com/2024/09/11/economy/us-cpi-consumer-price-index-inflation-august,20240925035236,cdx,
https://www.cnn.com/2024/09/11/entertainment/frankie-beverly-maze-death?cid=external-feeds_iluminar_cnn-brasil,20240925055917,cdx,
https://www.cnn.com/2024/09/11/entertainment/taylor-swift-the-man-kamala-harris/index.html?s=09,20240925133833,cdx,
https://www.cnn.com/2024/09/11/investing/boeing-dow-jones-stock/,20240926104503,cdx,
https://www.cnn.com/2024/09/11/politics/election-poll-trump-harris-debate,20240925052005,cdx,
https://www.cnn.com/2024/09/11/politics/ukraine-strike-restrictions-biden-blinken/,20240926112228,cdx,
https://www.cnn.com/2024/09/11/politics/us-will-not-will-not-restrict-military-funding-egypt/,20240925085509,cdx,
https://www.cnn.com/2024/09/11/politics/video/daily-show-first-debate-jon-stewart-digvid,20240925052137,cdx,
https://www.cnn.com/2024/09/11/politics/video/former-fbi-profiler-joe-navarro-foreman-ebof-digvid,20240925023609,cdx,
https://www.cnn.com/2024/09/11/sport/patrick-mahomes-trump-harris-spt-intl/,20240925201146,cdx,
https://www.cnn.com/2024/09/11/sport/phillies-rays-brawl-spt-intl/index.html,20240925053828,cdx,
https://www.cnn.com/2024/09/11/sport/tadej-pogacar-cycling-profile-spt-intl?cid=external-feeds_iluminar_yahoo,20240925043800,cdx,
https://www.cnn.com/2024/09/11/us/5-things-pm-september-11-trnd/index.html,20240925071249,cdx,
https://www.cnn.com/2024/09/11/us/5-things-to-know-for-sept-11-presidential-debate-extreme-weather-hostages-mexico-protests-hygiene-products/index.html,20240925034105,cdx,
https://www.cnn.com/2024/09/11/us/tyre-nichols-officers-trial-opening-statements,20240925193717,cdx,
https://www.cnn.com/2024/09/11/us/tyreek-hill-detainment-traffic-stops,20240925062731,cdx,
https://www.cnn.com/2024/09/11/weather/video/hurricane-francine-louisiana-van-dam-cnc-digvid,20240925061903,cdx,
https://www.cnn.com/2024/09/12/business/trump-economy-tariffs-dollar,20240925004236,cdx,
https://www.cnn.com/2024/09/12/economy/mortgage-rates-september-12,20240925003750,cdx,
https://www.cnn.com/2024/09/12/europe/russia-launches-kursk-counteroffensive-intl/,20240926172724,cdx,
https://www.cnn.com/2024/09/12/health/bird-flu-h5n1-fall/index.html?email=467cb6399cb7df64551775e431052b43a775c749&emaila=12a6d4d069cd56cfddaa391c24eb7042&emailb=054528e7403871c79f668e49dd3c44b1ec00c7f611bf9388f76bb2324d6ca5f3&utm_source=Sailthru&utm_medium=email&utm_campaign=09.13.24%20Health%20Care%20AOD,20240925031108,cdx,
https://www.cnn.com/2024/09/12/health/trump-abortion-after-birth/index.html?iid=cnn_buildContentRecirc_end_recirc,20240926231116,cdx,
https://www.cnn.com/2024/09/12/politics/appeals-court-denies-delay-trump-sentencing-hush-money/index.html,20240925010000,cdx,
https://www.cnn.com/2024/09/12/politics/biden-dons-trump-hat-pennsylvania/index.html,20240925003250,cdx,
https://www.cnn.com/2024/09/12/politics/donald-trump-no-third-debate/index.html?cid=external-feeds_iluminar_yahoo,20240925031403,cdx,
https://www.cnn.com/2024/09/12/politics/harris-campaign-seizes-abortion-ad-debate,20240925004545,cdx,
https://www.cnn.com/2024/09/12/politics/springfield-ohio-migrants-jd-vance,20240926192555,cdx,
https://www.cnn.com/2024/09/12/politics/video/georgia-election-board-rules-murray-dnt-digvid,20240925004925,cdx,
https://www.cnn.com/2024/09/12/politics/video/is-there-a-double-standard-when-it-comes-to-mental-acuity,20240925003207,cdx,
https://www.cnn.com/2024/09/12/politics/video/laura-loomer-911-responder-reacts-trump-nn-digvid,20240925003722,cdx,
https://www.cnn.com/2024/09/12/politics/video/sen-markwayne-mullin-election-results-harris-trump-democrats-gop-presidential-race-tapper,20240925003250,cdx,
https://www.cnn.com/2024/09/12/politics/video/the-lead-democrats-gop-debate-harris-trump-presidential-race-tapper,20240925003952,cdx,
https://www.cnn.com/2024/09/12/politics/video/trump-no-new-debate,20240925004205,cdx,
https://www.cnn.com/2024/09/12/science/mass-extinction-permian-el-nino/index.html?iid=cnn_buildContentRecirc_end_recirc,20240926193501,cdx,
https://www.cnn.com/2024/09/12/sport/lael-wilcox-cycle-around-world-record-spt-intl/index.html,20240925005653,cdx,
https://www.cnn.com/2024/09/12/us/schools-after-mass-shootings,20240925010500,cdx,
https://www.cnn.com/2024/09/13/business/strike-boeing-vote-iam-751-hnk-intl?cid=external-feeds_iluminar_google,20240925020415,cdx,
https://www.cnn.com/2024/09/13/business/us-steel-merger-biden-white-house/index.html?email=467cb6399cb7df64551775e431052b43a775c749&emaila=12a6d4d069cd56cfddaa391c24eb7042&emailb=054528e7403871c79f668e49dd3c44b1ec00c7f611bf9388f76bb2324d6ca5f3&utm_source=Sailthru&utm_medium=email&utm_campaign=9.13.24%20Business%20and%20Economy%20AF%20JB,20240925033706,cdx,
https://www.cnn.com/2024/09/13/climate/mega-tsunami-landslide-greenland-seismic-signal,20240925011821,cdx,
https://www.cnn.com/2024/09/13/media/right-wing-media-influencers-tenet-russian-money/index.html?iid=cnn_buildContentRecirc_end_recirc,20240926122127,cdx,
https://www.cnn.com/2024/09/13/politics/trump-no-debate-rematch-analysis,20240925024746,cdx,
https://www.cnn.com/2024/09/13/politics/video/jackson-hinkle-israel-gaza-russia-misinformation-digvid,20240925014405,cdx,
https://www.cnn.com/2024/09/13/sport/pep-guardiola-man-city-premier-league-charges-spt-intl/index.html,20240925005002,cdx,
https://www.cnn.com/2024/09/13/sport/south-alabama-northwestern-state-ncaa-spt-intl/index.html,20240925013243,cdx,
https://www.cnn.com/2024/09/13/sport/tua-tagovailoa-concussion-miami-dolphins-spt/index.html,20240925005604,cdx,
https://www.cnn.com/2024/09/13/sport/video/pochettino-riddell-intv-091305pseg1-cnni-sports-fast,20240926125617,cdx,
https://www.cnn.com/2024/09/13/travel/australian-airline-passenger-fine-cost-fuel-intl-hnk/index.html?iid=cnn_buildContentRecirc_end_recirc,20240926205023,cdx,
https://www.cnn.com/2024/09/13/travel/southwest-alaska-near-collision-nashville-runway/,20240926053908,cdx,
https://www.cnn.com/2024/09/13/us/5-things-to-know-for-sept-13-presidential-debates-boeing-strike-housing-market-ukraine-typhoon-yagi/index.html,20240925012110,cdx,
https://www.cnn.com/2024/09/16/climate/coal-to-solar-minnesota,20240926154840,cdx,
https://www.cnn.com/2024/09/16/politics/donald-trump-recounts-apparent-assassination-attempt/index.html,20240925205550,cdx,
https://www.cnn.com/2024/09/16/sport/lamine-yamal-european-soccer-wrap-spt-intl/,20240926152502,cdx,
https://www.cnn.com/2024/09/17/entertainment/taylor-swift-politics-60-minutes-2011/,20240926154302,cdx,
https://www.cnn.com/2024/09/17/food/lunchly-logan-paul-mrbeast/,20240926102534,cdx,
https://www.cnn.com/2024/09/17/politics/inside-apparent-assassination-attempt-trump/index.html,20240925171918,cdx,
https://www.cnn.com/2024/09/17/politics/microsoft-russian-operatives-harris/index.html?iid=cnn_buildContentRecirc_end_recirc,20240926125513,cdx,
https://www.cnn.com/2024/09/17/us/takeaways-indictment-sean-diddy-combs?cid=external-feeds_wordpress_yahoo,20240926134348,cdx,
https://www.cnn.com/2024/09/18/americas/venezuela-retweets-ai-news-maduro-intl-latam/index.html?iid=cnn_buildContentRecirc_end_recirc,20240926171134,cdx,
https://www.cnn.com/2024/09/18/entertainment/sean-diddy-combs-appeal-bail-denial-wednesday/index.html?iid=cnn_buildContentRecirc_end_recirc,20240926134330,cdx,
https://www.cnn.com/2024/09/18/europe/ukraine-russian-weapons-depot-drone-attack-intl/index.html?iid=cnn_buildContentRecirc_end_recirc,20240926234549,cdx,
https://www.cnn.com/2024/09/18/sport/champions-league-takeaways-bayern-endrick-spt-intl/,20240926133153,cdx,
https://www.cnn.com/2024/09/18/us/marcellus-williams-missouri-execution-delay-request/index.html?iid=cnn_buildContentRecirc_end_recirc,20240926160827,cdx,
https://www.cnn.com/2024/09/18/world/hezbollah-revenge-israel-weakness-analysis-intl/,20240926012538,cdx,
https://www.cnn.com/2024/09/19/media/kamala-harris-press-strategy-local-media/,20240926113527,cdx,
https://www.cnn.com/2024/09/19/middleeast/lebanon-pager-walkie-talkie-attacks-explainer-intl-hnk/index.html?iid=cnn_buildContentRecirc_end_recirc,20240926174208,cdx,strong
https://www.cnn.com/2024/09/19/middleeast/pager-explosions-lebanon-israeli-black-ops-intl-cmd/index.html?iid=cnn_buildContentRecirc_end_recirc,20240926120946,cdx,strong
https://www.cnn.com/2024/09/19/politics/kfile-mark-robinson-black-nazi-pro-slavery-porn-forum/index.html?os=vpkn75tqhopmkpsxtq,20240925202158,cdx,
https://www.cnn.com/2024/09/19/politics/trump-jewish-voters-antisemitism-event/index.html?iid=cnn_buildContentRecirc_end_recirc,20240926231533,cdx,
https://www.cnn.com/2024/09/19/sport/champions-league-takeaways-psg-man-city-inter-spt-intl/,20240926134306,cdx,
https://www.cnn.com/2024/09/20/asia/anhui-china-hiker-fall-video-intl-hnk/index.html?iid=cnn_buildContentRecirc_end_recirc,20240926131255,cdx,
https://www.cnn.com/2024/09/20/business/boeings-defense-ceo-ted-colbert/index.html?iid=cnn_buildContentRecirc_end_recirc,20240926184911,cdx,
https://www.cnn.com/2024/09/20/economy/fed-rate-cut-uncertainty-wall-street/index.html?iid=cnn_buildContentRecirc_end_recirc,20240926124751,cdx,
https://www.cnn.com/2024/09/20/health/missouri-bird-flu-contacts/index.html?cid=external-feeds_iluminar_yahoo,20240925123518,cdx,
https://www.cnn.com/2024/09/20/investing/lower-rates-stocks/index.html?iid=cnn_buildContentRecirc_end_recirc,20240926152136,cdx,
https://www.cnn.com/2024/09/20/middleeast/hezbollah-israel-attacks-fallout-explainer-intl-hnk/index.html?iid=cnn_buildContentRecirc_end_recirc,20240926121535,cdx,related
https://www.cnn.com/2024/09/20/politics/attempts-to-purge-voter-rolls-increase-as-election-nears/index.html?iid=cnn_buildContentRecirc_end_recirc,20240926121051,cdx,
https://www.cnn.com/2024/09/20/politics/election-offices-suspicious-packages-fbi/index.html?iid=cnn_buildContentRecirc_end_recirc,20240926202533,cdx,
https://www.cnn.com/2024/09/20/politics/mark-robinson-donald-trump-kamala-harris-ad/index.html?iid=cnn_buildContentRecirc_end_recirc,20240926134231,cdx,
https://www.cnn.com/2024/09/20/politics/quad-summit-joe-biden/index.html?cid=external-feeds_iluminar_yahoo,20240926223945,cdx,
https://www.cnn.com/2024/09/20/sport/champions-league-takeaways-barcelona-wirtz-raya-spt-intl/,20240926221331,cdx,
https://www.cnn.com/2024/09/20/us/robert-hernandez-calfire-engineer-arrest-california/index.html?iid=cnn_buildContentRecirc_end_recirc,20240926140644,cdx,
https://www.cnn.com/2024/09/21/europe/bayesian-yacht-watertight-safes-intl/index.html?utm_campaign=mb&utm_medium=newsletter&utm_source=morning_brew,20240926132918,cdx,
https://www.cnn.com/2024/09/21/politics/breakthrough-polling-project-trump-harris-migrants,20240925002949,cdx,
https://www.cnn.com/2024/09/21/politics/fundraising-harris-trump-elon-musk/index.html?iid=cnn_buildContentRecirc_end_recirc,20240926152227,cdx,
https://www.cnn.com/2024/09/21/sport/eddie-hearn-joshua-dubois-tyson-fury-spt-intl/,20240926113634,cdx,
https://www.cnn.com/2024/09/21/sport/shohei-ohtani-50-50-dodgers-history-spt-intl/,20240926134240,cdx,
https://www.cnn.com/2024/09/21/us/springfield-ohio-financial-fallout,20240926211521,cdx,
https://www.cnn.com/2024/09/22/asia/flooding-earthquake-ishikawa-japan-itnl-hnk/index.html?iid=cnn_buildContentRecirc_end_recirc,20240926144122,cdx,
https://www.cnn.com/2024/09/22/asia/sri-lanka-elects-marxist-dissanayake-intl-latam/index.html?utm_medium=social&utm_source=whatsappCNN&utm_content=2024-09-22T17:46:32,20240925204644,cdx,
https://www.cnn.com/2024/09/22/europe/ukraine-western-long-range-weapons-russia-intl/index.html?iid=cnn_buildContentRecirc_end_recirc,20240926141940,cdx,
https://www.cnn.com/2024/09/22/middleeast/al-jazeera-ramallah-israel-raid-intl/index.html?ref=am-quickie.ghost.io,20240926141457,cdx,
https://www.cnn.com/2024/09/22/middleeast/netanyahu-gaza-hamas-expulsions-plan-intl/index.html?iid=cnn_buildContentRecirc_end_recirc,20240926161519,cdx,
https://www.cnn.com/2024/09/22/politics/abortion-dobbs-promises-republicans/index.html?iid=cnn_buildContentRecirc_end_recirc,20240926165856,cdx,
https://www.cnn.com/2024/09/22/politics/government-funding-bill-unveiled-johnson/index.html?iid=cnn_buildContentRecirc_end_recirc,20240926171407,cdx,
https://www.cnn.com/2024/09/22/politics/vote-counting-delays-election-states/index.html?iid=cnn_buildContentRecirc_end_recirc,20240926160613,cdx,
https://www.cnn.com/2024/09/22/style/magritte-christies-new-york-auction-tan/index.html?iid=cnn_buildContentRecirc_end_recirc,20240926123401,cdx,
https://www.cnn.com/2024/09/22/us/kentucky-judge-mullins-shot-sunday/,20240925090603,cdx,
https://www.cnn.com/2024/09/22/us/nypd-police-commissioner-thomas-donlon-new-york/index.html?iid=cnn_buildContentRecirc_end_recirc,20240926150829,cdx,
https://www.cnn.com/2024/09/22/us/titan-submersible-hearing-takeaways/index.html?iid=cnn_buildContentRecirc_end_recirc,20240926192535,cdx,
https://www.cnn.com/2024/09/23/business/boeing-raises-offer-strike/,20240925003854,cdx,
https://www.cnn.com/2024/09/23/business/china-dupe-economy-hnk-intl/index.html?iid=cnn_buildContentRecirc_end_recirc,20240926220805,cdx,
https://www.cnn.com/2024/09/23/business/kmart-closing-last-store-us/,20240925125819,cdx,
https://www.cnn.com/2024/09/23/business/kmart-closing-last-store-us?cid=external-feeds_iluminar_yahoo,20240926222224,cdx,
https://www.cnn.com/2024/09/23/entertainment/eric-stonestreet-modern-family-spinoff/index.html?iid=cnn_buildContentRecirc_end_recirc,20240926112544,cdx,
https://www.cnn.com/2024/09/23/health/south-carolina-abortion-kff-health-news-partner/index.html?utm_source=mj-newsletters&utm_medium=email&utm_campaign=daily-newsletter-09-25-2024,20240925211137,cdx,
https://www.cnn.com/2024/09/23/health/video/the-lead-dr-paul-offit-trump-rfk-jr-vaccine-covid-government-medicine-regulations-jake-tapper,20240925011549,cdx,
https://www.cnn.com/2024/09/23/middleeast/israel-tactics-hezbollah-analysis-intl/index.html?iid=cnn_buildContentRecirc_end_recirc,20240926122826,cdx,
https://www.cnn.com/2024/09/23/politics/government-shutdown-preparations/index.html?iid=cnn_buildContentRecirc_end_recirc,20240926204911,cdx,
https://www.cnn.com/2024/09/23/politics/harris-campaign-possible-southern-border-trip?fbclid=IwY2xjawFiDDRleHRuA2FlbQIxMQABHZMs5CR87r8p3o7sbFHMgga1VHA7w7L3vhF1EtkMQ488UWVlW5K7oHSk0w_aem_S9nlrwqTWPBx_j0VYsoReg,20240926100821,cdx,
https://www.cnn.com/2024/09/23/politics/mark-robinson-support/index.html?_kx=CzZZR8tUK1txh_-QK3DJSLxvae8naT-oggcPgJkzOQ6Au5j3x1IVDUrV61N1kEFn.VVEwpW,20240926164802,cdx,
https://www.cnn.com/2024/09/23/politics/melania-trump-speaking-engagements?utm_source=substack&utm_medium=email,20240925022123,cdx,
https://www.cnn.com/2024/09/23/politics/nebraska-election-law-trump/index.html?iid=cnn_buildContentRecirc_end_recirc,20240926165542,cdx,
https://www.cnn.com/2024/09/23/politics/rfk-jr-asks-supreme-court-to-keep-his-name-on-new-york-ballot/index.html?iid=cnn_buildContentRecirc_end_recirc,20240926161939,cdx,
https://www.cnn.com/2024/09/23/politics/ryan-wesley-routh-trump-assassination-attempt-letter/index.html?utm_campaign=mb&utm_medium=newsletter&utm_source=morning_brew,20240926223838,cdx,
https://www.cnn.com/2024/09/23/politics/trump-harris-tight-race-analysis/index.html?iid=cnn_buildContentRecirc_end_recirc,20240926133049,cdx,
https://www.cnn.com/2024/09/23/politics/video/as-election-nears-trumps-posts-become-more-unhinged,20240925012024,cdx,
https://www.cnn.com/2024/09/23/politics/video/janet-jackson-echoes-false-claims-about-harris-race,20240925011627,cdx,
https://www.cnn.com/2024/09/23/politics/video/newsnight,20240925011545,cdx,
https://www.cnn.com/2024/09/23/politics/video/the-lead-mike-flood-nebraska-election-rules-omaha-democrats-republicans-jake-tapper,20240925011608,cdx,
https://www.cnn.com/2024/09/23/politics/young-voters-pennsylvania-trump-harris/index.html?iid=cnn_buildContentRecirc_end_recirc,20240926231657,cdx,
https://www.cnn.com/2024/09/23/style/italy-man-smashes-ai-weiwei-sculpture-hnk-intl/index.html?iid=cnn_buildContentRecirc_end_recirc,20240926221513,cdx,
https://www.cnn.com/2024/09/23/tech/elon-musk-brazil-court-compliance/index.html?iid=cnn_buildContentRecirc_end_recirc,20240926233657,cdx,
https://www.cnn.com/2024/09/23/travel/cathay-pacific-bans-passengers-scli-intl/index.html?iid=cnn_buildContentRecirc_end_recirc,20240926173445,cdx,
https://www.cnn.com/2024/09/23/travel/video/cumberland-island-georgia-travel-orig,20240925011937,cdx,
https://www.cnn.com/2024/09/23/travel/video/quests-world-of-wonder-melbourne-beaufort-australia-vegemite-museum-superfan-spc,20240926155840,cdx,
https://www.cnn.com/2024/09/23/travel/video/quests-world-of-wonder-melbourne-neighbours-soap-opera-ramsay-street-spc,20240926224740,cdx,
https://www.cnn.com/2024/09/23/us/abducted-boy-found-alive-70-plus-years-later,20240926164558,cdx,
https://www.cnn.com/2024/09/23/us/king-soopers-boulder-shooting-trial-verdict/index.html?iid=cnn_buildContentRecirc_end_recirc,20240926115728,cdx,
https://www.cnn.com/2024/09/23/us/marcellus-williams-missouri-supreme-court-hearing,20240925120333,cdx,
https://www.cnn.com/2024/09/23/us/titan-submersible-oceangate-implosion-hearing/index.html?iid=cnn_buildContentRecirc_end_recirc,20240926163051,cdx,
https://www.cnn.com/2024/09/23/world/video/the-lead-naftali-bennett-israel-hezbollah-lebanon-attacks-death-hamas-jake-tapper,20240925011749,cdx,related
https://www.cnn.com/2024/09/24/asia/thailand-same-sex-marriage-intl-hnk/,20240925031834,cdx,
https://www.cnn.com/2024/09/24/asia/thailand-same-sex-marriage-intl-hnk/index.html,20240925060256,cdx,
https://www.cnn.com/2024/09/24/asia/thailand-same-sex-marriage-intl-hnk?cid=ios_app,20240925032610,cdx,
https://www.cnn.com/2024/09/24/business/caroline-ellison-sentencing-nightcap,20240926212940,cdx,
https://www.cnn.com/2024/09/24/business/caroline-ellison-sentencing-nightcap/index.html?iid=cnn_buildContentRecirc_end_recirc,20240926210417,cdx,
https://www.cnn.com/2024/09/24/business/kamala-harris-economy-endorsement/index.html?fbclid=IwY2xjawFhrwlleHRuA2FlbQIxMAABHagH89XkGqFodn-W2njWxyWQoa_uCdhb35inlWVhWG-8ibO-5qki6vJD9A_aem_0b551YqFKbozC8Ykz8yVzg,20240926032536,cdx,
https://www.cnn.com/2024/09/24/business/kamala-harris-economy-endorsement/index.html?utm_source=business_ribbon,20240926023318,cdx,
https://www.cnn.com/2024/09/24/business/visa-doj-lawsuit?cid=external-feeds_iluminar_yahoo,20240925124818,cdx,
https://www.cnn.com/2024/09/24/climate/magma-extinct-volcanoes-rare-earth-metals/index.html?Date=20240925&Profile=CNN,20240925153947,cdx,
https://www.cnn.com/2024/09/24/climate/magma-extinct-volcanoes-rare-earth-metals/index.html?Date=20240925&Profile=CNN+International&utm_content=1727227289&utm_medium=social&utm_source=facebook,20240925083615,cdx,
https://www.cnn.com/2024/09/24/entertainment/dick-van-dyke-health-update/index.html,20240925011730,cdx,
https://www.cnn.com/2024/09/24/entertainment/sean-diddy-combs-bodyguard-lawsuit,20240925002310,cdx,
https://www.cnn.com/2024/09/24/entertainment/video/entertainment-showbiz-hollywood-express-new-trailers-gladiator-ii-red-one-november-movies,20240925012728,cdx,
https://www.cnn.com/2024/09/24/entertainment/video/entertainment-showbiz-hollywood-movies-the-wild-robot-adaptation-animation-lupita-nyongo,20240925012345,cdx,
https://www.cnn.com/2024/09/24/europe/finland-panda-return-china-cost-intl-hnk/,20240925043331,cdx,
https://www.cnn.com/2024/09/24/europe/finland-panda-return-china-cost-intl-hnk/index.html,20240925153609,cdx,
https://www.cnn.com/2024/09/24/europe/france-new-government-right-analysis-intl/index.html,20240925012339,cdx,
https://www.cnn.com/2024/09/24/europe/france-new-government-right-analysis-intl/index.html?iid=cnn_buildContentRecirc_end_recirc,20240926164329,cdx,
https://www.cnn.com/2024/09/24/europe/switzerland-arrests-sarco-suicide-capsule-intl-hnk/,20240925032405,cdx,
https://www.cnn.com/2024/09/24/europe/switzerland-arrests-sarco-suicide-capsule-intl-hnk/index.html,20240925062236,cdx,
https://www.cnn.com/2024/09/24/europe/switzerland-arrests-sarco-suicide-capsule-intl-hnk/index.html?iid=cnn_buildContentRecirc_end_recirc,20240926203255,cdx,
https://www.cnn.com/2024/09/24/health/criminal-charges-during-pregnancy-increase/index.html?cid=ios_app,20240925191258,cdx,
https://www.cnn.com/2024/09/24/health/criminal-charges-during-pregnancy-increase/index.html?sid,20240925032809,cdx,
https://www.cnn.com/2024/09/24/health/ozempic-novo-nordisk-sanders-hearing/,20240925115721,cdx,
https://www.cnn.com/2024/09/24/health/video/parkinsons-disease-symptoms-brett-favre-reveals-diagnosis-gupta-nc-digvid?cid=external-feeds_iluminar_yahoo,20240926115004,cdx,
https://www.cnn.com/2024/09/24/media/violent-crime-report-fbi-right-wing-media-fox/,20240925003927,cdx,
https://www.cnn.com/2024/09/24/media/violent-crime-report-fbi-right-wing-media-fox/index.html?utm_term=17272696550401885a8003a6d&utm_source=cnn_Reliable+Sources+%E2%80%93+Sept.+25%2C+2024&utm_medium=email&bt_ee=V4C4Zizy6JAWdBrhtUV7ju7L9bM9XnM7DluL0U4RSVHrIa1VP9D%2Fp2cDeDC%2Bu%2BEc&bt_ts=1727269655043,20240925142114,cdx,
https://www.cnn.com/2024/09/24/politics/abortion-ivf-catholic-employers/index.html,20240925002312,cdx,
https://www.cnn.com/2024/09/24/politics/abortion-ivf-catholic-employers/index.html?iid=cnn_buildContentRecirc_end_recirc,20240926180519,cdx,
https://www.cnn.com/2024/09/24/politics/anthony-d-esposito-new-york-times-report/,20240926124229,cdx,
https://www.cnn.com/2024/09/24/politics/fact-check-tim-walz-project-2025-donald-trump-jd-vance/,20240925155659,cdx,
https://www.cnn.com/2024/09/24/politics/fact-check-tim-walz-project-2025-donald-trump-jd-vance/index.html?fbclid=IwY2xjawFgTRhleHRuA2FlbQIxMQABHfSHduFkiqzMB9EZhBI8sulXbA3lTFlBMv5tGy3ZWbC_Ctz7TUV6bCQXuQ_aem_r96p_1xQ0R7Hke7bnhJwTA,20240925015909,cdx,
https://www.cnn.com/2024/09/24/politics/fact-check-trump-terror-attacks-presidency/index.html?iid=cnn_buildContentRecirc_end_recirc,20240926140130,cdx,
https://www.cnn.com/2024/09/24/politics/mark-robinson-republicans-fleeing/,20240925003845,cdx,
https://www.cnn.com/2024/09/24/politics/mark-robinson-republicans-fleeing/index.html,20240925062727,cdx,
https://www.cnn.com/2024/09/24/politics/mississippi-mail-in-ballots-5th-circuit/index.html?iid=cnn_buildContentRecirc_end_recirc,20240926233726,cdx,
https://www.cnn.com/2024/09/24/politics/nebraska-governor-electoral-votes/index.html?iid=cnn_buildContentRecirc_end_recirc,20240926212039,cdx,
https://www.cnn.com/2024/09/24/politics/polls-trump-harris-presidential-election?cid=ios_app,20240926121638,cdx,
https://www.cnn.com/2024/09/24/politics/senate-bill-secret-service-protection-trump/index.html?cid=external-feeds_iluminar_yahoo,20240925152134,cdx,
https://www.cnn.com/2024/09/24/politics/special-counsel-trump-substantial-evidence/,20240926062324,cdx,
https://www.cnn.com/2024/09/24/politics/special-counsel-trump-substantial-evidence/index.html,20240925010406,cdx,
https://www.cnn.com/2024/09/24/politics/special-counsel-trump-substantial-evidence/index.html?cid=ios_app,20240925015535,cdx,
https://www.cnn.com/2024/09/24/politics/special-counsel-trump-substantial-evidence?cid=ios_app,20240925043136,cdx,
https://www.cnn.com/2024/09/24/politics/trump-fear-economy-analysis/,20240926171206,cdx,
https://www.cnn.com/2024/09/24/politics/trump-us-business-tariffs-taxes/,20240925094122,cdx,
https://www.cnn.com/2024/09/24/politics/trump-us-business-tariffs-taxes/index.html,20240925012403,cdx,
https://www.cnn.com/2024/09/24/politics/ukraine-aid-congress/index.html,20240925142241,cdx,
https://www.cnn.com/2024/09/24/politics/ukraine-aid-congress?cid=external-feeds_iluminar_msn,20240925190303,cdx,
https://www.cnn.com/2024/09/24/politics/video/just-shut-up-fmr-hillary-clinton-adviser-reacts-to-gop-senate-candidates-abortion-comments,20240925203259,cdx,
https://www.cnn.com/2024/09/24/politics/video/ohio-plant-workers-trump-promises-mattingly-dnt-ebof-digvid,20240925053408,cdx,
https://www.cnn.com/2024/09/24/politics/video/talk-to-them-bishop-william-barber-says-campaigns-have-lost-focus-on-voters,20240926013033,cdx,
https://www.cnn.com/2024/09/24/politics/video/the-lead-dana-milbank-gop-congress-trump-desposito-jd-vance-robinson-jake-tapper,20240926013341,cdx,
https://www.cnn.com/2024/09/24/politics/video/the-lead-nancy-pelosi-congress-harris-trump-presidential-race-battleground-states-biden-johnson-jake-tapper,20240926013219,cdx,
https://www.cnn.com/2024/09/24/politics/video/the-one-where-the-friends-twins-can-vote-hot-take,20240926013130,cdx,
https://www.cnn.com/2024/09/24/politics/video/ty-cobb-aileen-cannon-trump-apparent-attempted-assassination-ryan-wesley-routh,20240925064227,cdx,
https://www.cnn.com/2024/09/24/science/massive-black-hole-jets-porphyrion/,20240925222750,cdx,
https://www.cnn.com/2024/09/24/science/massive-black-hole-jets-porphyrion/index.html,20240925181018,cdx,
https://www.cnn.com/2024/09/24/science/massive-black-hole-jets-porphyrion/index.html?cid=ios_app,20240925231630,cdx,
https://www.cnn.com/2024/09/24/science/massive-black-hole-jets-porphyrion/index.html?utm_source=fark&utm_medium=website&utm_content=link&ICID=ref_fark,20240925142352,cdx,
https://www.cnn.com/2024/09/24/science/video/octopus-hunt-with-fish-and-punch-digvid,20240925012429,cdx,
https://www.cnn.com/2024/09/24/sport/brett-favre-parkinsons-disease-spt-intl?Date=20240924&Profile=CNN&utm_content=1727196277&utm_medium=social&utm_source=twitter,20240926174510,cdx,
https://www.cnn.com/2024/09/24/sport/jordan-chiles-footage/,20240925004648,cdx,
https://www.cnn.com/2024/09/24/sport/jordan-chiles-footage/index.html?utm_medium=social&utm_source=whatsappCNN&utm_content=2024-09-24T23:04:53,20240925004545,cdx,
https://www.cnn.com/2024/09/24/sport/nfl-week-3-monday-night-football-spt-intl/,20240926210852,cdx,
https://www.cnn.com/2024/09/24/sport/philadelphia-phillies-clinch-nl-east-spt-intl/,20240926230158,cdx,
https://www.cnn.com/2024/09/24/us/5-things-pm-september-24-trnd/index.html,20240925012909,cdx,
https://www.cnn.com/2024/09/24/us/5-things-to-know-for-sept-24-middle-east-hurricane-season-immigration-boeing-strike-school-safety/index.html,20240925012313,cdx,
https://www.cnn.com/2024/09/24/us/apalachee-students-return-high-school/index.html?iid=cnn_buildContentRecirc_end_recirc,20240926200355,cdx,
https://www.cnn.com/2024/09/24/us/conversion-device-glock-switch-birmingham-shooting/,20240926092630,cdx,
https://www.cnn.com/2024/09/24/us/gettysburg-college-swim-team-investigation/,20240926163922,cdx,
https://www.cnn.com/2024/09/24/us/gettysburg-college-swim-team-investigation/index.html,20240925012914,cdx,
https://www.cnn.com/2024/09/24/us/marcellus-williams-scheduled-execution-date/index.html?iid=cnn_buildContentRecirc_end_recirc,20240926120721,cdx,
https://www.cnn.com/2024/09/24/us/ohio-train-chemical-leak-evacuation-order/,20240925012143,cdx,
https://www.cnn.com/2024/09/24/us/ohio-train-chemical-leak-evacuation-order/index.html,20240925130211,cdx,
https://www.cnn.com/2024/09/24/us/passengers-injured-united-flight/,20240925003914,cdx,
https://www.cnn.com/2024/09/24/us/passengers-injured-united-flight/index.html,20240925012701,cdx,
https://www.cnn.com/2024/09/24/us/video/amber-thurman-mother-abortion-georgia-ban-lcl-digvid,20240925180800,cdx,
https://www.cnn.com/2024/09/24/us/video/biden-the-rock-apalachee-5things-digvid,20240925112738,cdx,
https://www.cnn.com/2024/09/24/us/video/home-collapses-off-coast-north-carolina-digvid,20240925073835,cdx,
https://www.cnn.com/2024/09/24/us/video/the-lead-tricia-rojo-bushnell-supreme-court-death-row-missouri-marcellus-williams-jake-tapper,20240925142230,cdx,
https://www.cnn.com/2024/09/24/weather/hurricane-john-mexico-landfall-intl-hnk,20240925055055,cdx,
https://www.cnn.com/2024/09/24/world/video/the-lead-dan-crenshaw-israel-attacks-lebanon-netanyahu-hezbollah-russia-ukraine-johnson-jake-tapper,20240925154140,cdx,related
https://www.cnn.com/2024/09/25/americas/pope-expels-bishop-peru-sadistic-abuse-intl-latam/,20240925215258,cdx,
https://www.cnn.com/2024/09/25/americas/pope-expels-bishop-peru-sadistic-abuse-intl-latam/index.html,20240926011612,cdx,
https://www.cnn.com/2024/09/25/americas/wildfire-ecuador-quito-intl-latam/,20240925215356,cdx,
https://www.cnn.com/2024/09/25/americas/wildfire-ecuador-quito-intl-latam/index.html,20240926070945,cdx,
https://www.cnn.com/2024/09/25/asia/china-icbm-test-pacific-ocean-intl-hnk/,20240925075242,cdx,
https://www.cnn.com/2024/09/25/asia/china-icbm-test-pacific-ocean-intl-hnk/index.html,20240925145335,cdx,
https://www.cnn.com/2024/09/25/asia/china-icbm-test-pacific-ocean-intl-hnk?cid=ios_app,20240925104834,cdx,
https://www.cnn.com/2024/09/25/asia/india-mpox-first-case-1b-hnk-intl/,20240925132212,cdx,
https://www.cnn.com/2024/09/25/asia/india-mpox-first-case-1b-hnk-intl/index.html,20240925094233,cdx,
https://www.cnn.com/2024/09/25/asia/india-mpox-first-case-1b-hnk-intl/index.html?iid=cnn_buildContentRecirc_end_recirc,20240926222748,cdx,
https://www.cnn.com/2024/09/25/asia/worlds-longest-death-row-prisoner-japan-intl-hnk/,20240926090911,cdx,
https://www.cnn.com/2024/09/25/asia/worlds-longest-death-row-prisoner-japan-intl-hnk/index.html,20240925211644,cdx,
https://www.cnn.com/2024/09/25/asia/worlds-longest-death-row-prisoner-japan-intl-hnk/index.html?iid=cnn_buildContentRecirc_end_recirc,20240926235122,cdx,
https://www.cnn.com/2024/09/25/business/boeing-faa-report-workers-pressure-hnk-intl/,20240925184111,cdx,
https://www.cnn.com/2024/09/25/business/boeing-faa-report-workers-pressure-hnk-intl/index.html,20240925140727,cdx,
https://www.cnn.com/2024/09/25/business/boeing-faa-report-workers-pressure-hnk-intl?cid=external-feeds_iluminar_yahoo,20240925102525,cdx,
https://www.cnn.com/2024/09/25/business/boeing-strike-ortberg-nightcap/index.html,20240925095846,cdx,
https://www.cnn.com/2024/09/25/business/china-calvin-klein-sanctions-xinjiang-boycott-hnk-intl/,20240925091406,cdx,
https://www.cnn.com/2024/09/25/business/china-calvin-klein-sanctions-xinjiang-boycott-hnk-intl/index.html,20240925191215,cdx,
https://www.cnn.com/2024/09/25/business/egg-prices-groceries-inflation-bird-flu/,20240925093920,cdx,
https://www.cnn.com/2024/09/25/business/egg-prices-groceries-inflation-bird-flu/index.html,20240925141559,cdx,
https://www.cnn.com/2024/09/25/business/egg-prices-groceries-inflation-bird-flu/index.html?cid=external-feeds_iluminar_yahoo,20240926105552,cdx,
https://www.cnn.com/2024/09/25/business/nike-misleading-sneaker-ad-ban-uk/,20240926203530,cdx,
https://www.cnn.com/2024/09/25/business/nike-misleading-sneaker-ad-ban-uk/index.html,20240925193745,cdx,
https://www.cnn.com/2024/09/25/business/rto-mandates-amazon-jamie-dimon-remote-work-benefits/,20240925222741,cdx,
https://www.cnn.com/2024/09/25/business/rto-mandates-amazon-jamie-dimon-remote-work-benefits/index.html,20240926013408,cdx,
https://www.cnn.com/2024/09/25/china/china-hongkong-panda-anniversary-intl-hnk/,20240926215921,cdx,
https://www.cnn.com/2024/09/25/china/china-hongkong-panda-anniversary-intl-hnk/index.html,20240926061017,cdx,
https://www.cnn.com/2024/09/25/china/china-nationalism-japanese-boy-killing-intl-hnk/,20240926012449,cdx,
https://www.cnn.com/2024/09/25/china/china-nationalism-japanese-boy-killing-intl-hnk/index.html,20240926045539,cdx,
https://www.cnn.com/2024/09/25/entertainment/50-cents-diddy-netflix,20240925204405,cdx,
https://www.cnn.com/2024/09/25/entertainment/50-cents-diddy-netflix/index.html,20240926004204,cdx,
https://www.cnn.com/2024/09/25/entertainment/anna-sorokin-eliminated-dwts/,20240925215252,cdx,
https://www.cnn.com/2024/09/25/entertainment/anna-sorokin-eliminated-dwts/index.html,20240926014214,cdx,
https://www.cnn.com/2024/09/25/entertainment/artem-chigvintsev-charges-nikki-bella/,20240926012414,cdx,
https://www.cnn.com/2024/09/25/entertainment/artem-chigvintsev-charges-nikki-bella/index.html,20240926020036,cdx,
https://www.cnn.com/2024/09/25/entertainment/christopher-reeve-superman-documentary-grief/,20240925185300,cdx,
https://www.cnn.com/2024/09/25/entertainment/christopher-reeve-superman-documentary-grief/index.html,20240925185231,cdx,
https://www.cnn.com/2024/09/25/entertainment/kim-porters-children-diddy/,20240926171111,cdx,
https://www.cnn.com/2024/09/25/entertainment/kim-porters-children-diddy/index.html,20240926010002,cdx,
https://www.cnn.com/2024/09/25/entertainment/legally-blonde-prequel-reese-witherspoon/,20240925222721,cdx,
https://www.cnn.com/2024/09/25/entertainment/legally-blonde-prequel-reese-witherspoon/index.html,20240926014226,cdx,
https://www.cnn.com/2024/09/25/entertainment/riley-keough-lisa-marie-presley/index.html,20240926014207,cdx,
https://www.cnn.com/2024/09/25/entertainment/video/entertainment-showbiz-hollywood-minute-bruce-springsteen-documentary-wuthering-heights-robbie-james-earl-jones-robbie,20240926013316,cdx,
https://www.cnn.com/2024/09/25/entertainment/video/entertainment-showbiz-hollywood-movies-megalopolis-francis-ford-coppola-adam-driver-giancarlo-esposito-nathalie-emmanuel,20240926013955,cdx,
https://www.cnn.com/2024/09/25/europe/putin-nuclear-warns-west-missile-strikes-ukraine-intl-latam/,20240926111230,cdx,
https://www.cnn.com/2024/09/25/europe/putin-nuclear-warns-west-missile-strikes-ukraine-intl-latam/index.html,20240926005209,cdx,
https://www.cnn.com/2024/09/25/europe/russia-ukraine-nuclear-zelensky-un-intl/,20240925191151,cdx,
https://www.cnn.com/2024/09/25/europe/russia-ukraine-nuclear-zelensky-un-intl/index.html,20240926013816,cdx,
https://www.cnn.com/2024/09/25/europe/russia-ukraine-nuclear-zelensky-un-intl?cid=ios_app,20240925161818,cdx,
https://www.cnn.com/2024/09/25/health/988-lifeline-georouting-caller-location/,20240925115716,cdx,
https://www.cnn.com/2024/09/25/health/988-lifeline-georouting-caller-location/index.html,20240925091544,cdx,
https://www.cnn.com/2024/09/25/health/epa-fluoride-drinking-water/,20240925223253,cdx,
https://www.cnn.com/2024/09/25/health/epa-fluoride-drinking-water/index.html,20240925223118,cdx,
https://www.cnn.com/2024/09/25/health/global-myopia-research-scli-intl-wellness,20240925165113,cdx,
https://www.cnn.com/2024/09/25/health/global-myopia-research-scli-intl-wellness/index.html,20240926014237,cdx,
https://www.cnn.com/2024/09/25/health/lgbtq-dementia-depression-stroke-risk-wellness/,20240926132022,cdx,
https://www.cnn.com/2024/09/25/health/lgbtq-dementia-depression-stroke-risk-wellness/index.html,20240926010741,cdx,
https://www.cnn.com/2024/09/25/health/listeria-deli-meat-recall/,20240926110945,cdx,
https://www.cnn.com/2024/09/25/health/listeria-deli-meat-recall/index.html,20240926235954,cdx,
https://www.cnn.com/2024/09/25/health/sharenting-children-social-media-dangers-wellness/,20240925222640,cdx,
https://www.cnn.com/2024/09/25/health/sharenting-children-social-media-dangers-wellness/index.html,20240926014027,cdx,
https://www.cnn.com/2024/09/25/health/video/mpox-outbreak-transmission-africa-digvid,20240925192142,cdx,
https://www.cnn.com/2024/09/25/investing/gold-silver-fed-rate-cuts/,20240925222758,cdx,
https://www.cnn.com/2024/09/25/investing/gold-silver-fed-rate-cuts/index.html,20240925192550,cdx,
https://www.cnn.com/2024/09/25/media/alex-jones-infowars-auction-sandy-hook-families,20240925172645,cdx,
https://www.cnn.com/2024/09/25/media/alex-jones-infowars-auction-sandy-hook-families/index.html,20240925205913,cdx,
https://www.cnn.com/2024/09/25/media/alex-jones-infowars-auction-sandy-hook-families/index.html?utm_content=2024-09-25T18%3A19%3A08&utm_medium=social&utm_source=blueskyCNN,20240926162514,cdx,
https://www.cnn.com/2024/09/25/media/alex-jones-infowars-auction-sandy-hook-families?cid=external-feeds_iluminar_yahoo,20240925193708,cdx,
https://www.cnn.com/2024/09/25/media/alex-jones-infowars-auction-sandy-hook-families?cid=ios_app,20240925200040,cdx,
https://www.cnn.com/2024/09/25/middleeast/hezbollah-response-israel-tel-aviv-lebanon-intl/,20240926164859,cdx,
https://www.cnn.com/2024/09/25/middleeast/hezbollah-response-israel-tel-aviv-lebanon-intl/index.html,20240925235321,cdx,
https://www.cnn.com/2024/09/25/middleeast/israel-lebanon-hezbollah-ground-invasion-intl,20240925203730,cdx,
https://www.cnn.com/2024/09/25/middleeast/israel-lebanon-hezbollah-ground-invasion-intl/index.html,20240925184800,cdx,
https://www.cnn.com/2024/09/25/middleeast/israel-lebanon-hezbollah-ground-invasion-intl/index.html?utm_content=2024-09-25T22%3A25%3A28&utm_medium=social&utm_source=blueskyCNN,20240926123926,cdx,
https://www.cnn.com/2024/09/25/middleeast/israel-rocket-lebanon-tel-aviv-intl-hnk/,20240925115728,cdx,
https://www.cnn.com/2024/09/25/middleeast/israel-rocket-lebanon-tel-aviv-intl-hnk/index.html,20240925134820,cdx,
https://www.cnn.com/2024/09/25/middleeast/uae-eyes-different-architecture-for-a-middle-east-intl/,20240925152117,cdx,
https://www.cnn.com/2024/09/25/middleeast/uae-eyes-different-architecture-for-a-middle-east-intl/index.html,20240926014429,cdx,
https://www.cnn.com/2024/09/25/politics/biden-adminstration-paused-push-gaza-ceasefire-push,20240925113322,cdx,
https://www.cnn.com/2024/09/25/politics/biden-adminstration-paused-push-gaza-ceasefire-push/index.html,20240925125608,cdx,
https://www.cnn.com/2024/09/25/politics/blinken-us-tracking-iran-threats-officials/,20240926132757,cdx,
https://www.cnn.com/2024/09/25/politics/blinken-us-tracking-iran-threats-officials/index.html,20240925135356,cdx,
https://www.cnn.com/2024/09/25/politics/chappell-roan-kamala-harris/,20240925215225,cdx,
https://www.cnn.com/2024/09/25/politics/chappell-roan-kamala-harris/index.html,20240925191151,cdx,
https://www.cnn.com/2024/09/25/politics/clay-higgins-deletes-post-haitian-migrants/,20240926011139,cdx,
https://www.cnn.com/2024/09/25/politics/clay-higgins-deletes-post-haitian-migrants/index.html,20240926031108,cdx,
https://www.cnn.com/2024/09/25/politics/cnn-poll-young-voters-harris-trump/,20240925120626,cdx,
https://www.cnn.com/2024/09/25/politics/cnn-poll-young-voters-harris-trump/index.html,20240925115416,cdx,
https://www.cnn.com/2024/09/25/politics/diversity-poll-voters-american-culture/,20240926012433,cdx,
https://www.cnn.com/2024/09/25/politics/diversity-poll-voters-american-culture/index.html,20240926133238,cdx,
https://www.cnn.com/2024/09/25/politics/donald-trump-ukraine-republicans/,20240925215247,cdx,
https://www.cnn.com/2024/09/25/politics/donald-trump-ukraine-republicans/index.html,20240926013035,cdx,
https://www.cnn.com/2024/09/25/politics/donald-trump-ukraine-republicans/index.html?iid=cnn_buildContentRecirc_end_recirc,20240926135953,cdx,
https://www.cnn.com/2024/09/25/politics/ev-ohio-economy-biden-trump-harris/,20240925043902,cdx,
https://www.cnn.com/2024/09/25/politics/ev-ohio-economy-biden-trump-harris/index.html,20240925122522,cdx,
https://www.cnn.com/2024/09/25/politics/fact-check-harris-trumps-manufacturing-jobs/,20240926020628,cdx,
https://www.cnn.com/2024/09/25/politics/fact-check-harris-trumps-manufacturing-jobs/index.html,20240926122613,cdx,
https://www.cnn.com/2024/09/25/politics/former-cia-officer-found-guilty-assaulting-colleague/,20240925215208,cdx,
https://www.cnn.com/2024/09/25/politics/former-cia-officer-found-guilty-assaulting-colleague/index.html,20240925213029,cdx,
https://www.cnn.com/2024/09/25/politics/government-shutdown-house-vote-tally-dg/,20240926003833,cdx,
https://www.cnn.com/2024/09/25/politics/government-shutdown-house-vote-tally-dg/index.html,20240926161617,cdx,
https://www.cnn.com/2024/09/25/politics/government-shutdown-house-vote-tally-dg/index.html?sp_amp_linker=1*12ypnl5*amp_id*S0hYSTkyQnl3U0RKOXNkSWNDeFpkemRKMVVNSXpILTFPRHQ0T3Roa3pJOE05M3gwOTExVkhBWTFYVHRiMENUbQ,20240925225544,cdx,
https://www.cnn.com/2024/09/25/politics/high-ranking-officials-secret-service-stepping-down/,20240925220803,cdx,
https://www.cnn.com/2024/09/25/politics/high-ranking-officials-secret-service-stepping-down/index.html,20240926031443,cdx,
https://www.cnn.com/2024/09/25/politics/high-ranking-officials-secret-service-stepping-down/index.html?utm_content=2024-09-26T00%3A35%3A37&utm_medium=social&utm_source=blueskyCNN,20240926120225,cdx,
https://www.cnn.com/2024/09/25/politics/house-vote-government-funding-johnson-democrats/,20240925115738,cdx,
https://www.cnn.com/2024/09/25/politics/house-vote-government-funding-johnson-democrats/index.html,20240925155619,cdx,
https://www.cnn.com/2024/09/25/politics/house-vote-government-funding-johnson-democrats/index.html?iid=cnn_buildContentRecirc_end_recirc,20240925171832,cdx,
https://www.cnn.com/2024/09/25/politics/house-vote-government-funding-johnson-democrats?Date=20240925&Profile=cnnbrk&utm_content=1727296824&utm_medium=social&utm_source=twitter,20240925204249,cdx,
https://www.cnn.com/2024/09/25/politics/house-vote-government-funding-johnson-democrats?Date=20240925&Profile=CNNPolitics&utm_content=1727303601&utm_medium=social&utm_source=twitter,20240925223504,cdx,
https://www.cnn.com/2024/09/25/politics/house-vote-government-funding-johnson-democrats?utm_content=2024-09-25T20%3A41%3A41&utm_medium=social&utm_source=blueskyCNN,20240926164243,cdx,
https://www.cnn.com/2024/09/25/politics/joe-biden-the-view/,20240925120610,cdx,
https://www.cnn.com/2024/09/25/politics/joe-biden-the-view/index.html,20240926013533,cdx,
https://www.cnn.com/2024/09/25/politics/joe-biden-the-view/index.html?iid=cnn_buildContentRecirc_end_recirc,20240926234653,cdx,
https://www.cnn.com/2024/09/25/politics/joe-biden-the-view?cid=ios_app,20240925140532,cdx,
https://www.cnn.com/2024/09/25/politics/justice-department-watchdog-january-6-capitol-riot/index.html,20240926121959,cdx,
https://www.cnn.com/2024/09/25/politics/kamala-harris-msnbc-interview/,20240925221834,cdx,
https://www.cnn.com/2024/09/25/politics/kamala-harris-msnbc-interview/index.html,20240926030916,cdx,
https://www.cnn.com/2024/09/25/politics/secret-service-morale-challenges/,20240925123924,cdx,
https://www.cnn.com/2024/09/25/politics/secret-service-morale-challenges/index.html,20240925133839,cdx,
https://www.cnn.com/2024/09/25/politics/trump-return-butler-pennsylvania-assassination-attempt,20240925212304,cdx,
https://www.cnn.com/2024/09/25/politics/trump-return-butler-pennsylvania-assassination-attempt/index.html,20240925212118,cdx,
https://www.cnn.com/2024/09/25/politics/trump-return-butler-pennsylvania-assassination-attempt/index.html?cid=external-feeds_iluminar_yahoo,20240926154518,cdx,
https://www.cnn.com/2024/09/25/politics/trump-shooting-butler-senate-report-secret-service/,20240925115813,cdx,
https://www.cnn.com/2024/09/25/politics/trump-shooting-butler-senate-report-secret-service/index.html,20240925145359,cdx,
https://www.cnn.com/2024/09/25/politics/us-plan-mediate-israel-hezbollah-ceasefire,20240925174915,cdx,
https://www.cnn.com/2024/09/25/politics/us-plan-mediate-israel-hezbollah-ceasefire/index.html,20240926014151,cdx,
https://www.cnn.com/2024/09/25/politics/us-plan-mediate-israel-hezbollah-ceasefire?Date=20240926&Profile=CNN&utm_content=1727316436&utm_medium=social&utm_source=twitter,20240926033155,cdx,
https://www.cnn.com/2024/09/25/politics/us-troops-cyprus/,20240926041920,cdx,
https://www.cnn.com/2024/09/25/politics/us-troops-cyprus/index.html,20240925235757,cdx,
https://www.cnn.com/2024/09/25/politics/us-troops-cyprus?cid=ios_app,20240925194129,cdx,
https://www.cnn.com/2024/09/25/politics/us-ukraine-military-aid/,20240925215250,cdx,
https://www.cnn.com/2024/09/25/politics/us-ukraine-military-aid/index.html,20240925215049,cdx,
https://www.cnn.com/2024/09/25/politics/video/bernie-moreno-abortion-suburban-women-haley-src-digvid,20240925160626,cdx,
https://www.cnn.com/2024/09/25/politics/video/clay-higgins-haitians-tweet-ac360-digvid,20240926035520,cdx,
https://www.cnn.com/2024/09/25/politics/video/clay-higgins-haitians-tweet-ac360-digvid?cid=ios_app,20240926075627,cdx,
https://www.cnn.com/2024/09/25/politics/video/government-funding-house-manu-raju-lead-digvid,20240926012519,cdx,
https://www.cnn.com/2024/09/25/politics/video/honig-eric-adams-indictment-src-digvid,20240926053324,cdx,
https://www.cnn.com/2024/09/25/politics/video/is-kamala-harris-doing-enough-to-clear-up-her-economic-policies,20240926034000,cdx,
https://www.cnn.com/2024/09/25/politics/video/its-time-to-call-a-spade-a-spade-reaction-to-gop-rep-s-offensive-post,20240926182337,cdx,
https://www.cnn.com/2024/09/25/politics/video/kamala-harris-msnbc-interview-sot-tsr-digvid,20240926030937,cdx,
https://www.cnn.com/2024/09/25/politics/video/kamala-harris-msnbc-interview-sot-tsr-digvid?cid=ios_app,20240926215419,cdx,
https://www.cnn.com/2024/09/25/politics/video/kids-study-politics-trump-harris-ac360-pkg-digvid,20240926061315,cdx,
https://www.cnn.com/2024/09/25/politics/video/mark-cuban-donald-trump-bernie-sanders-comparison-newsnight-digvid,20240925154619,cdx,
https://www.cnn.com/2024/09/25/politics/video/mark-cuban-donald-trump-bernie-sanders-comparison-newsnight-digvid?cid=ios_app,20240925202601,cdx,
https://www.cnn.com/2024/09/25/politics/video/mark-cuban-trump-is-more-socialist-than-bernie-sanders,20240926013009,cdx,
https://www.cnn.com/2024/09/25/politics/video/mayor-eric-adams-nyc-indictment-sot-nn-perez-digvid,20240926032615,cdx,
https://www.cnn.com/2024/09/25/politics/video/michigan-pennsylvania-voters-rust-belt-election-mattingly-ebof-pkg-digvid,20240926020044,cdx,
https://www.cnn.com/2024/09/25/politics/video/natasha-stoynoff-sexual-assault-accuser-ebof-digvid,20240926205252,cdx,
https://www.cnn.com/2024/09/25/politics/video/union-city-pennsylvania-battleground-trump-digvid,20240925191459,cdx,
https://www.cnn.com/2024/09/25/politics/video/young-voters-poll-harris-trump-chalian-digvid,20240925190832,cdx,
https://www.cnn.com/2024/09/25/politics/wisconsin-wausau-mayor-doug-diny-moved-drop-box/,20240925180346,cdx,
https://www.cnn.com/2024/09/25/politics/wisconsin-wausau-mayor-doug-diny-moved-drop-box/index.html,20240925180320,cdx,
https://www.cnn.com/2024/09/25/politics/wisconsin-wausau-mayor-doug-diny-moved-drop-box?cid=ios_app,20240925195617,cdx,
https://www.cnn.com/2024/09/25/science/oldest-cheese-ancient-dna-china-mummies/,20240925155547,cdx,
https://www.cnn.com/2024/09/25/science/oldest-cheese-ancient-dna-china-mummies/index.html,20240926013752,cdx,
https://www.cnn.com/2024/09/25/science/woolly-rhino-mummy-preserved-permafrost-intl-scli/,20240925211058,cdx,
https://www.cnn.com/2024/09/25/science/woolly-rhino-mummy-preserved-permafrost-intl-scli/index.html,20240926014548,cdx,
https://www.cnn.com/2024/09/25/sport/inclement-weather-mets-braves-postponed-spt-intl/index.html,20240926103010,cdx,
https://www.cnn.com/2024/09/25/sport/mlb-wrap-chicago-white-sox-spt-intl/index.html,20240926013514,cdx,
https://www.cnn.com/2024/09/25/sport/mlb-wrap-chicago-white-sox-spt-intl?cid=external-feeds_iluminar_yahoo,20240925123641,cdx,
https://www.cnn.com/2024/09/25/sport/nfl-week-3-takeaways-spt-intl/,20240925230755,cdx,
https://www.cnn.com/2024/09/25/sport/nfl-week-3-takeaways-spt-intl/index.html,20240925195806,cdx,
https://www.cnn.com/2024/09/25/sport/olympic-champion-gold-medal-thief-intl-spt,20240925115351,cdx,
https://www.cnn.com/2024/09/25/sport/olympic-champion-gold-medal-thief-intl-spt/index.html,20240925101510,cdx,
https://www.cnn.com/2024/09/25/sport/rodri-manchester-city-knee-injury-spt-intl/,20240925230952,cdx,
https://www.cnn.com/2024/09/25/sport/rodri-manchester-city-knee-injury-spt-intl/index.html,20240926013502,cdx,
https://www.cnn.com/2024/09/25/sport/unlv-quarterback-quits-nil-dispute-spt-intl/,20240926171100,cdx,
https://www.cnn.com/2024/09/25/sport/unlv-quarterback-quits-nil-dispute-spt-intl/index.html,20240925183232,cdx,
https://www.cnn.com/2024/09/25/sport/wnba-playoffs-new-york-liberty-las-vegas-aces-spt-intl/,20240925230830,cdx,
https://www.cnn.com/2024/09/25/sport/wnba-playoffs-new-york-liberty-las-vegas-aces-spt-intl/index.html,20240925103215,cdx,
https://www.cnn.com/2024/09/25/style/andrew-holmes-truck-drawings-gas-tank/,20240925105302,cdx,
https://www.cnn.com/2024/09/25/style/andrew-holmes-truck-drawings-gas-tank/index.html,20240925194053,cdx,
https://www.cnn.com/2024/09/25/style/kendall-jenner-paris-fashion-week/,20240926133625,cdx,
https://www.cnn.com/2024/09/25/style/kendall-jenner-paris-fashion-week/index.html,20240926003247,cdx,
https://www.cnn.com/2024/09/25/tech/meta-ai-celebrities-chatbots/,20240925203945,cdx,
https://www.cnn.com/2024/09/25/tech/meta-ai-celebrities-chatbots/index.html,20240925193338,cdx,
https://www.cnn.com/2024/09/25/tech/openai-technology-chief-mira-murati-leaving/,20240925215348,cdx,
https://www.cnn.com/2024/09/25/tech/openai-technology-chief-mira-murati-leaving/index.html,20240925222938,cdx,
https://www.cnn.com/2024/09/25/travel/time-out-coolest-neighborhoods-2024/,20240925222600,cdx,
https://www.cnn.com/2024/09/25/travel/time-out-coolest-neighborhoods-2024/index.html,20240925154548,cdx,
https://www.cnn.com/2024/09/25/travel/time-out-coolest-neighborhoods-2024/index.html?iid=cnn_buildContentRecirc_end_recirc,20240926140010,cdx,
https://www.cnn.com/2024/09/25/uk/labour-conference-keir-starmer-gbr-intl-cmd/index.html,20240925190453,cdx,
https://www.cnn.com/2024/09/25/us/5-things-pm-september-25-trnd/,20240925222406,cdx,
https://www.cnn.com/2024/09/25/us/5-things-pm-september-25-trnd/index.html,20240926021425,cdx,
https://www.cnn.com/2024/09/25/us/5-things-pm-september-25-trnd/index.html?iid=cnn_buildContentRecirc_end_recirc,20240926054133,cdx,
https://www.cnn.com/2024/09/25/us/5-things-to-know-for-sept-25-tel-aviv-storm-helene-secret-service-ukraine-aid-drug-prices/index.html,20240925112230,cdx,
https://www.cnn.com/2024/09/25/us/east-palestine-ohio-derailment-settlement/,20240925215301,cdx,
https://www.cnn.com/2024/09/25/us/east-palestine-ohio-derailment-settlement/index.html,20240926065601,cdx,
https://www.cnn.com/2024/09/25/us/five-hurt-in-explosion-at-california-courthouse/,20240925202101,cdx,
https://www.cnn.com/2024/09/25/us/five-hurt-in-explosion-at-california-courthouse/index.html,20240925200319,cdx,
https://www.cnn.com/2024/09/25/us/helene-tropical-storm-florida-evacuations/,20240925075232,cdx,
https://www.cnn.com/2024/09/25/us/helene-tropical-storm-florida-evacuations/index.html,20240925081018,cdx,
https://www.cnn.com/2024/09/25/us/helene-tropical-storm-florida-evacuations/index.html?cid=external-feeds_iluminar_yahoo,20240926113913,cdx,
https://www.cnn.com/2024/09/25/us/helene-tropical-storm-florida-evacuations/index.html?iid=cnn_buildContentRecirc_end_recirc,20240925171811,cdx,
https://www.cnn.com/2024/09/25/us/helene-tropical-storm-florida-evacuations?cid=external-feeds_iluminar_msn,20240925220358,cdx,
https://www.cnn.com/2024/09/25/us/helene-tropical-storm-florida-evacuations?cid=ios_app,20240925071652,cdx,
https://www.cnn.com/2024/09/25/us/la-metro-bus-highjacking-person-killed/,20240925193705,cdx,
https://www.cnn.com/2024/09/25/us/la-metro-bus-highjacking-person-killed/index.html,20240926010103,cdx,
https://www.cnn.com/2024/09/25/us/la-metro-bus-highjacking-person-killed/index.html?utm_content=2024-09-25T19%3A46%3A58&utm_medium=social&utm_source=blueskyCNN,20240926160829,cdx,
https://www.cnn.com/2024/09/25/us/new-york-city-mayor-eric-adams-indicted/,20240926020424,cdx,
https://www.cnn.com/2024/09/25/us/new-york-city-mayor-eric-adams-indicted/index.html,20240926014832,cdx,
https://www.cnn.com/2024/09/25/us/new-york-city-mayor-eric-adams-indicted/index.html?iid=cnn_buildContentRecirc_end_recirc,20240926134345,cdx,
https://www.cnn.com/2024/09/25/us/new-york-city-mayor-eric-adams-indicted?Date=20240926&Profile=CNN&utm_content=1727315145&utm_medium=social&utm_source=twitter,20240926144239,cdx,
https://www.cnn.com/2024/09/25/us/new-york-city-mayor-eric-adams-indicted?Date=20240926&Profile=CNN&utm_content=1727363283&utm_medium=social&utm_source=twitter,20240926155944,cdx,
https://www.cnn.com/2024/09/25/us/new-york-city-mayor-eric-adams-indicted?Date=20240926&Profile=cnnbrk&utm_content=1727363262&utm_medium=social&utm_source=twitter,20240926164239,cdx,
https://www.cnn.com/2024/09/25/us/santa-maria-california-courthouse-explosion,20240925233228,cdx,
https://www.cnn.com/2024/09/25/us/santa-maria-california-courthouse-explosion/index.html,20240926004738,cdx,
https://www.cnn.com/2024/09/25/us/shawn-stines-kentucky-judge-shooting-hearing/,20240925091112,cdx,
https://www.cnn.com/2024/09/25/us/shawn-stines-kentucky-judge-shooting-hearing/index.html,20240925160630,cdx,
https://www.cnn.com/2024/09/25/us/shawn-stines-kentucky-judge-shooting-hearing?Date=20240925&Profile=CNN,20240925155139,cdx,
https://www.cnn.com/2024/09/25/us/shawn-stines-kentucky-judge-shooting-hearing?Date=20240925&Profile=CNN&utm_content=1727279395&utm_medium=social&utm_source=twitter,20240925155200,cdx,
https://www.cnn.com/2024/09/25/us/shawn-stines-kentucky-judge-shooting-hearing?Date=20240925&Profile=cnnbrk,20240925212753,cdx,
https://www.cnn.com/2024/09/25/us/shawn-stines-kentucky-judge-shooting-hearing?Date=20240925&Profile=cnnbrk&utm_content=1727279361&utm_medium=social&utm_source=twitter,20240925155147,cdx,
https://www.cnn.com/2024/09/25/us/shawn-stines-kentucky-judge-shooting-hearing?utm_medium=social&utm_source=whatsappCNN&utm_content=2024-09-25T15:58:22,20240925203052,cdx,
https://www.cnn.com/2024/09/25/us/video/biden-opens-up-the-view-digvid,20240925212520,cdx,
https://www.cnn.com/2024/09/25/us/video/forecast-tropical-storm-helene-florida-digvid,20240926000001,cdx,
https://www.cnn.com/2024/09/25/us/video/gunman-hijacks-los-angeles-city-bus-digvid,20240926014203,cdx,
https://www.cnn.com/2024/09/25/us/video/helene-hezbollah-brett-favre-5-things-digvid,20240926013607,cdx,
https://www.cnn.com/2024/09/25/us/video/marcellus-williams-execution-missouri-lcl-digvid,20240925065242,cdx,
https://www.cnn.com/2024/09/25/us/video/protester-pushed-to-ground-orlando-police-digvid,20240926012114,cdx,
https://www.cnn.com/2024/09/25/us/video/the-lead-andrew-goldstein-trump-russia-mueller-investigation-gop-jan-6-jake-tapper,20240926121954,cdx,
https://www.cnn.com/2024/09/25/us/video/the-lead-jake-tapper-homeless-in-america-incarceration-prison-working-house-cycle,20240926121936,cdx,
https://www.cnn.com/2024/09/25/us/video/the-lead-jake-tapper-missouri-execution-marcellus-williams-prosecution-conviction-evidence-trial,20240926121944,cdx,
https://www.cnn.com/2024/09/25/us/video/tommy-brittany-lee-dog-coyote-digvid,20240926014534,cdx,
https://www.cnn.com/2024/09/25/weather/nfl-stadiums-emergency-shelters/,20240925215254,cdx,
https://www.cnn.com/2024/09/25/weather/nfl-stadiums-emergency-shelters/index.html,20240925231327,cdx,
https://www.cnn.com/2024/09/25/weather/nfl-stadiums-emergency-shelters/index.html?utm_content=2024-09-25T19%3A44%3A22&utm_medium=social&utm_source=blueskyCNN,20240926140057,cdx,
https://www.cnn.com/2024/09/25/weather/video/florida-hurricane-helene-preparations-evacuation-digvid,20240926111028,cdx,
https://www.cnn.com/2024/09/25/weather/video/forecast-tropical-storm-helene-florida-digvid,20240925120545,cdx,
https://www.cnn.com/2024/09/25/weather/video/helene-mexico-digvid,20240925181749,cdx,
https://www.cnn.com/2024/09/25/weather/video/home-generator-safety-storm-emergency-digvid,20240926213907,cdx,
https://www.cnn.com/2024/09/25/weather/video/hurricane-helene-explainer-digvid,20240925220432,cdx,
https://www.cnn.com/2024/09/25/world/video/lebanon-beirut-shelter-ldn-digvid,20240926013416,cdx,
https://www.cnn.com/2024/09/25/world/video/meryl-streep-united-nations-speech-afghanistan-women-digvid,20240926015537,cdx,
https://www.cnn.com/2024/09/25/world/video/tel-aviv-beirut-israel-lebanon-digvid,20240926021419,cdx,
https://www.cnn.com/2024/09/25/world/video/tel-aviv-missile-intercept-israel-digvid,20240925115455,cdx,
https://www.cnn.com/2024/09/25/world/video/ukraine-volodymyr-zelensky-un-nuclear-power-plants-digvid,20240925161716,cdx,
https://www.cnn.com/2024/09/26/africa/sudan-army-clashes-khartoum-rsf-intl/,20240926170753,cdx,
https://www.cnn.com/2024/09/26/americas/hurricane-john-mexico-intl-latam/,20240926230642,cdx,
https://www.cnn.com/2024/09/26/asia/meryl-streep-afghanistan-women-girls-intl-hnk/,20240926062300,cdx,
https://www.cnn.com/2024/09/26/asia/meryl-streep-afghanistan-women-girls-intl-hnk/index.html,20240926180511,cdx,
https://www.cnn.com/2024/09/26/business/newsmax-smartmatic-settle-defamation-case/,20240926203827,cdx,
https://www.cnn.com/2024/09/26/business/newsmax-smartmatic-settle-defamation-case/index.html,20240926203645,cdx,
https://www.cnn.com/2024/09/26/business/ntsb-urgent-safety-warning-boeing-737s-max/,20240926230639,cdx,
https://www.cnn.com/2024/09/26/business/ntsb-urgent-safety-warning-boeing-737s-max/index.html,20240926232822,cdx,
https://www.cnn.com/2024/09/26/business/ntsb-urgent-safety-warning-boeing-737s-max?Date=20240926&Profile=CNN,20240926234254,cdx,
https://www.cnn.com/2024/09/26/business/port-workers-ila-strike/,20240926132400,cdx,
https://www.cnn.com/2024/09/26/business/port-workers-ila-strike/index.html,20240926155304,cdx,
https://www.cnn.com/2024/09/26/business/port-workers-ila-strike/index.html?iid=cnn_buildContentRecirc_end_recirc,20240926230044,cdx,
https://www.cnn.com/2024/09/26/business/southwest-airlines-reserved-seats/,20240926132027,cdx,
https://www.cnn.com/2024/09/26/business/southwest-airlines-reserved-seats/index.html,20240926144014,cdx,
https://www.cnn.com/2024/09/26/business/southwest-airlines-reserved-seats/index.html?iid=cnn_buildContentRecirc_end_recirc,20240926204947,cdx,
https://www.cnn.com/2024/09/26/business/trump-inflation-jobs-tariffs-economy,20240926131415,cdx,
https://www.cnn.com/2024/09/26/business/trump-inflation-jobs-tariffs-economy/index.html,20240926195535,cdx,
https://www.cnn.com/2024/09/26/business/trump-inflation-jobs-tariffs-economy/index.html?cid=ios_app,20240926171522,cdx,
https://www.cnn.com/2024/09/26/business/trump-media-co-founder-former-apprentice-contestant-dumps-shares/,20240926230621,cdx,
https://www.cnn.com/2024/09/26/business/trump-media-co-founder-former-apprentice-contestant-dumps-shares/index.html,20240926233755,cdx,
https://www.cnn.com/2024/09/26/business/us-post-office-stamp-price-increase/,20240926132244,cdx,
https://www.cnn.com/2024/09/26/business/us-post-office-stamp-price-increase/index.html,20240926193257,cdx,
https://www.cnn.com/2024/09/26/business/vibecession-economy-nightcap/,20240926202341,cdx,
https://www.cnn.com/2024/09/26/business/vibecession-economy-nightcap/index.html?iid=cnn_buildContentRecirc_end_recirc,20240926215413,cdx,
https://www.cnn.com/2024/09/26/climate/video/hurricane-ian-florida-damage-insurance-digvid,20240926225405,cdx,
https://www.cnn.com/2024/09/26/entertainment/mandy-moore-welcomes-third-child-intl-scli/,20240926105223,cdx,
https://www.cnn.com/2024/09/26/entertainment/mandy-moore-welcomes-third-child-intl-scli/index.html,20240926181349,cdx,
https://www.cnn.com/2024/09/26/entertainment/rust-shooting-armorer-release/,20240926171104,cdx,
https://www.cnn.com/2024/09/26/entertainment/snl-50-longest-running-tv-shows/,20240926225250,cdx,
https://www.cnn.com/2024/09/26/entertainment/video/entertainment-showbiz-hollywood-minute-brad-pitt-scam-artists-spain-women-nobody-wants-this-netflix-bell-brody,20240926212443,cdx,
https://www.cnn.com/2024/09/26/entertainment/video/hoda-kotb-nbc-today-show-departure-announcement-digvid,20240926155619,cdx,
https://www.cnn.com/2024/09/26/entertainment/young-dolph-killing-conviction-sentence/,20240926230601,cdx,
https://www.cnn.com/2024/09/26/entertainment/young-dolph-killing-conviction-sentence/index.html,20240926231820,cdx,
https://www.cnn.com/2024/09/26/food/wendys-one-dollar-frosty-mcdonalds/,20240926145811,cdx,
https://www.cnn.com/2024/09/26/food/wendys-one-dollar-frosty-mcdonalds?cid=external-feeds_iluminar_yahoo,20240926132454,cdx,
https://www.cnn.com/2024/09/26/health/free-covid-tests-government-usps/,20240926171055,cdx,
https://www.cnn.com/2024/09/26/health/free-covid-tests-government-usps/index.html,20240926234509,cdx,
https://www.cnn.com/2024/09/26/health/helene-hurricane-how-to-prep-list-wellness/,20240926185618,cdx,
https://www.cnn.com/2024/09/26/health/kids-making-friends-parent-poll-wellness/,20240926203904,cdx,
https://www.cnn.com/2024/09/26/health/mediterranean-dish-cookbook-wellness/,20240926152616,cdx,
https://www.cnn.com/2024/09/26/health/trans-young-people-suicide-attempts/,20240926185609,cdx,
https://www.cnn.com/2024/09/26/health/tufts-lacrosse-players-rhabdo/,20240926185604,cdx,
https://www.cnn.com/2024/09/26/health/video/non-alcoholic-drinks-sober-curious-digvid,20240926121531,cdx,
https://www.cnn.com/2024/09/26/media/hoda-kotb-nbc-today-show-departure/,20240926132158,cdx,
https://www.cnn.com/2024/09/26/media/hoda-kotb-nbc-today-show-departure/index.html,20240926155558,cdx,
https://www.cnn.com/2024/09/26/media/hoda-kotb-nbc-today-show-departure/index.html?iid=cnn_buildContentRecirc_end_recirc,20240926201144,cdx,
https://www.cnn.com/2024/09/26/media/newsmax-smartmatic-settle-defamation-case,20240926215234,cdx,
https://www.cnn.com/2024/09/26/media/newsmax-smartmatic-settle-defamation-case/index.html,20240926231208,cdx,
https://www.cnn.com/2024/09/26/media/newsmax-smartmatic-settle-defamation-case/index.html?iid=cnn_buildContentRecirc_end_recirc,20240926231204,cdx,
https://www.cnn.com/2024/09/26/media/newsmax-smartmatic-trial-2020-election-defamation/,20240926102206,cdx,
https://www.cnn.com/2024/09/26/media/newsmax-smartmatic-trial-2020-election-defamation/index.html,20240926122123,cdx,
https://www.cnn.com/2024/09/26/media/newsmax-smartmatic-trial-2020-election-defamation/index.html?iid=cnn_buildContentRecirc_end_recirc,20240926210348,cdx,
https://www.cnn.com/2024/09/26/media/rupert-murdoch-fox-succession-lachlan-court/,20240926102214,cdx,
https://www.cnn.com/2024/09/26/media/rupert-murdoch-fox-succession-lachlan-court/index.html,20240926122051,cdx,
https://www.cnn.com/2024/09/26/politics/benghazi-mastermind-ahmed-abu-khatallah-resentenced/,20240926185557,cdx,
https://www.cnn.com/2024/09/26/politics/benghazi-mastermind-ahmed-abu-khatallah-resentenced?Date=20240926&Profile=cnni,20240926183512,cdx,
https://www.cnn.com/2024/09/26/politics/benghazi-mastermind-ahmed-abu-khatallah-resentenced?Date=20240926&Profile=cnni&utm_content=1727371454&utm_medium=social&utm_source=twitter,20240926191226,cdx,
https://www.cnn.com/2024/09/26/politics/black-voters-poll-harris-trump/,20240926102211,cdx,
https://www.cnn.com/2024/09/26/politics/black-voters-poll-harris-trump/index.html,20240926223250,cdx,
https://www.cnn.com/2024/09/26/politics/black-voters-poll-harris-trump/index.html?iid=cnn_buildContentRecirc_end_recirc,20240926134301,cdx,
https://www.cnn.com/2024/09/26/politics/chinese-nuclear-powered-submarine-sank/,20240926203759,cdx,
https://www.cnn.com/2024/09/26/politics/eric-adams-new-york-democrats/,20240926230618,cdx,
https://www.cnn.com/2024/09/26/politics/eric-adams-new-york-democrats/index.html,20240926224539,cdx,
https://www.cnn.com/2024/09/26/politics/eric-adams-trump-what-matters/,20240926230644,cdx,
https://www.cnn.com/2024/09/26/politics/eric-adams-trump-what-matters/index.html,20240926215246,cdx,
https://www.cnn.com/2024/09/26/politics/house-hearing-trump-assassination-attempt/,20240926132146,cdx,
https://www.cnn.com/2024/09/26/politics/house-hearing-trump-assassination-attempt/index.html,20240926113852,cdx,
https://www.cnn.com/2024/09/26/politics/kids-politics-trump-harris-what-matters/,20240926045155,cdx,
https://www.cnn.com/2024/09/26/politics/kids-politics-trump-harris-what-matters/index.html,20240926133908,cdx,
https://www.cnn.com/2024/09/26/politics/kids-politics-trump-harris-what-matters/index.html?iid=cnn-mobile-app,20240926210927,cdx,
https://www.cnn.com/2024/09/26/politics/manufacturing-jobs-trump-harris-economy/,20240926102212,cdx,
https://www.cnn.com/2024/09/26/politics/manufacturing-jobs-trump-harris-economy/index.html,20240926135938,cdx,
https://www.cnn.com/2024/09/26/politics/manufacturing-jobs-trump-harris-economy/index.html?iid=cnn_buildContentRecirc_end_recirc,20240926221453,cdx,
https://www.cnn.com/2024/09/26/politics/mark-robinsons-top-staffer-to-resign-following-cnns-report/,20240926203833,cdx,
https://www.cnn.com/2024/09/26/politics/melania-trump-interview-assassination-attempts/,20240926145441,cdx,
https://www.cnn.com/2024/09/26/politics/melania-trump-interview-assassination-attempts/index.html,20240926160134,cdx,
https://www.cnn.com/2024/09/26/politics/melania-trump-interview-assassination-attempts/index.html?iid=cnn_buildContentRecirc_end_recirc,20240926223831,cdx,
https://www.cnn.com/2024/09/26/politics/rudy-giuliani-disbarred-washington-dc/,20240926145401,cdx,
https://www.cnn.com/2024/09/26/politics/rudy-giuliani-disbarred-washington-dc/index.html,20240926144449,cdx,
https://www.cnn.com/2024/09/26/politics/rudy-giuliani-disbarred-washington-dc?cid=ios_app,20240926152251,cdx,
https://www.cnn.com/2024/09/26/politics/senate-democrats-florida-texas-election/,20240926102216,cdx,
https://www.cnn.com/2024/09/26/politics/special-counsel-files-new-evidence-against-trump-under-seal-in-election-case/,20240926223709,cdx,
https://www.cnn.com/2024/09/26/politics/special-counsel-files-new-evidence-against-trump-under-seal-in-election-case/index.html,20240926232848,cdx,
https://www.cnn.com/2024/09/26/politics/special-counsel-files-new-evidence-against-trump-under-seal-in-election-case/index.html?iid=cnn_buildContentRecirc_end_recirc,20240926212210,cdx,
https://www.cnn.com/2024/09/26/politics/trump-454-million-civil-fraud-new-york-appeal/,20240926112057,cdx,
https://www.cnn.com/2024/09/26/politics/trump-454-million-civil-fraud-new-york-appeal/index.html,20240926114355,cdx,
https://www.cnn.com/2024/09/26/politics/trump-454-million-civil-fraud-new-york-appeal/index.html?iid=cnn_buildContentRecirc_end_recirc,20240926210254,cdx,
https://www.cnn.com/2024/09/26/politics/trump-watches/,20240926210445,cdx,
https://www.cnn.com/2024/09/26/politics/trump-watches/index.html,20240926210053,cdx,
https://www.cnn.com/2024/09/26/politics/us-russians-accused-money-laundering-schemes/,20240926145350,cdx,
https://www.cnn.com/2024/09/26/politics/us-russians-accused-money-laundering-schemes/index.html,20240926212645,cdx,
https://www.cnn.com/2024/09/26/politics/video/aoc-nyc-mayor-eric-adams-indictment-ovn-ldn-digvid,20240926163744,cdx,
https://www.cnn.com/2024/09/26/politics/video/dalton-georgia-biden-trump-policies-digvid,20240926154143,cdx,
https://www.cnn.com/2024/09/26/politics/video/haitian-nonprofit-jozef-trump-vance-criminal-charges-digvid,20240926211514,cdx,
https://www.cnn.com/2024/09/26/politics/video/melania-trump-fox-news-assassination-attempt-digvid,20240926174936,cdx,
https://www.cnn.com/2024/09/26/politics/video/roy-wood-undecided-voter-mcdonalds-digvid,20240926230454,cdx,
https://www.cnn.com/2024/09/26/politics/video/trump-economy-study-egan-live-ctw-092609aseg1-cnn-politics-fast,20240926222947,cdx,
https://www.cnn.com/2024/09/26/politics/zelensky-biden-harris-washington-visit/,20240926075350,cdx,
https://www.cnn.com/2024/09/26/politics/zelensky-biden-harris-washington-visit/index.html,20240926195910,cdx,
https://www.cnn.com/2024/09/26/science/orcas-new-images-hunting-dolphins/,20240926042558,cdx,
https://www.cnn.com/2024/09/26/science/orcas-new-images-hunting-dolphins/index.html,20240926181358,cdx,
https://www.cnn.com/2024/09/26/science/sea-robins-walk-taste-seafloor/,20240926153935,cdx,
https://www.cnn.com/2024/09/26/sport/connecticut-sun-alyssa-thomas-condemns-racism-spt-intl?cid=external-feeds_iluminar_yahoo,20240926205130,cdx,
https://www.cnn.com/2024/09/26/sport/nfl-week-four-preview-spt-intl/index.html,20240926200123,cdx,
https://www.cnn.com/2024/09/26/sport/shannon-rowbury-london-2012-olympics-spt-intl/index.html,20240926174625,cdx,
https://www.cnn.com/2024/09/26/sport/shannon-rowbury-london-2012-olympics-spt-intl/index.html?utm_source=fark&utm_medium=website&utm_content=link&ICID=ref_fark,20240926213140,cdx,
https://www.cnn.com/2024/09/26/sport/shohei-ohtani-50-50-ball-auction-intl-spt/,20240926225913,cdx,
https://www.cnn.com/2024/09/26/sport/wnba-playoffs-fever-sun-lynx-mercury-spt-intl/,20240926212312,cdx,
https://www.cnn.com/2024/09/26/sport/wnba-playoffs-fever-sun-lynx-mercury-spt-intl/index.html,20240926153615,cdx,
https://www.cnn.com/2024/09/26/sport/yankees-aaron-judge-rbi-spt-intl/,20240926212320,cdx,
https://www.cnn.com/2024/09/26/sport/yankees-aaron-judge-rbi-spt-intl/index.html,20240926205935,cdx,
https://www.cnn.com/2024/09/26/style/ester-manas-inclusive-paris-fashion-week/,20240926131930,cdx,
https://www.cnn.com/2024/09/26/style/ester-manas-inclusive-paris-fashion-week/index.html,20240926131156,cdx,
https://www.cnn.com/2024/09/26/style/magdalena-suarez-frimkess-lacma/,20240926102133,cdx,
https://www.cnn.com/2024/09/26/style/magdalena-suarez-frimkess-lacma/index.html,20240926235437,cdx,
https://www.cnn.com/2024/09/26/travel/comedy-wildlife-photography-2024-scli-intl/,20240926132002,cdx,
https://www.cnn.com/2024/09/26/travel/comedy-wildlife-photography-2024-scli-intl/index.html,20240926154618,cdx,
https://www.cnn.com/2024/09/26/us/5-things-pm-september-26-trnd/,20240926230550,cdx,
https://www.cnn.com/2024/09/26/us/5-things-to-know-for-sept-26-hurricane-helene-middle-east-government-shutdown-nyc-mayor-zelensky-visit/,20240926132025,cdx,
https://www.cnn.com/2024/09/26/us/5-things-to-know-for-sept-26-hurricane-helene-middle-east-government-shutdown-nyc-mayor-zelensky-visit/index.html,20240926183350,cdx,
https://www.cnn.com/2024/09/26/us/alan-eugene-miller-alabama-execution/,20240926102218,cdx,
https://www.cnn.com/2024/09/26/us/kory-york-ronald-green-death-louisiana/,20240926203835,cdx,
https://www.cnn.com/2024/09/26/us/lexington-ms-police-black-discrimination-probe/,20240926170804,cdx,
https://www.cnn.com/2024/09/26/us/lexington-ms-police-black-discrimination-probe/?utm_source=flipboard&utm_content=james719%2Fmagazine%2FCaste+in+American,20240926173741,cdx,
https://www.cnn.com/2024/09/26/us/video/5-things-hurricane-helene-eric-adams-chappel-roan-digvid,20240926182325,cdx,
https://www.cnn.com/2024/09/26/us/video/eric-adams-us-attorney-indictment-sot-digvid,20240926223707,cdx,
https://www.cnn.com/2024/09/26/us/video/nyc-mayor-eric-adams-indictment-speaks-nr-digvid,20240926163801,cdx,
https://www.cnn.com/2024/09/26/us/video/yamilee-toussaint-stem-from-dance-excerpt-cnnheroes,20240926151101,cdx,
https://www.cnn.com/2024/09/26/us/whats-in-nyc-mayor-eric-adams-indictment/,20240926203854,cdx,
https://www.cnn.com/2024/09/26/weather/video/forecast-hurricane-helene-digvid,20240926150356,cdx,
https://www.cnn.com/2024/09/26/weather/video/hurricane-helene-florida-flooding-digvid,20240926220211,cdx,
https://www.cnn.com/2024/09/26/world/video/air-strike-gaza-families-suffer-loss-hancocks-pkg-digvid,20240926210400,cdx,
https://www.cnn.com/2024/09/26/world/video/israel-lebanon-hezbollah-ceasefire-digvid,20240926164840,cdx,
https://www.cnn.com/2024/09/02/entertainment/ketanji-brown-jackson-matt-damon,20240927191156,cdx,
https://www.cnn.com/2024/09/02/health/phones-allowed-school-children-wellness,20240927155936,cdx,
https://www.cnn.com/2024/09/02/sport/japan-usa-wheelchair-rugby-paralympics-spt-intl/,20240927093211,cdx,
https://www.cnn.com/2024/09/02/travel/video/air-travel-tips-travel-expert-sot-cprog-cnc-digvid,20240927033556,cdx,
https://www.cnn.com/2024/09/02/us/rancho-palos-verdes-power-outages/,20240928001820,cdx,
https://www.cnn.com/2024/09/02/us/video/venmo-mom-casey-neal-intv-cnc-digvid,20240928125133,cdx,
https://www.cnn.com/2024/09/03/climate/sea-level-rise-antarctica-robots/,20240927091221,cdx,
https://www.cnn.com/2024/09/03/us/king-county-washington-interstate-shooting/index.html?utm_source=fark&utm_medium=website&utm_content=link&ICID=ref_fark,20240927195553,cdx,
https://www.cnn.com/2024/09/04/business/chipotle-spirit-halloween-costume/,20240927195733,cdx,
https://www.cnn.com/2024/09/04/business/dollar-stores-walmart-low-income-consumers,20240927213628,cdx,
https://www.cnn.com/2024/09/04/climate/sunken-village-emerges-greece-drought-lake-intl-scli/,20240927103606,cdx,
https://www.cnn.com/2024/09/04/europe/ireland-child-sex-abuse-schools-report-intl/,20240927090256,cdx,
https://www.cnn.com/2024/09/04/europe/ukraine-foreign-minister-kuleba-resigns-intl-hnk/,20240927185632,cdx,
https://www.cnn.com/2024/09/04/middleeast/netanyahu-derailed-hostage-deal-in-july-intl/,20240927082657,cdx,
https://www.cnn.com/2024/09/04/politics/kfile-harris-border-wall-asylum-contradicts-progressive-immigration-positions/index.html?utm_medium=email&utm_source=ncl_amplify&utm_campaign=240927-kamala_thinks_youre_stupid&utm_content=ncl-dZsumufKFY&_nlid=dZsumufKFY&_nhids=gl59tZ1L,20240928102352,cdx,
https://www.cnn.com/2024/09/04/politics/trump-hush-money-case-federal-court/index.html,20240927234740,cdx,
https://www.cnn.com/2024/09/04/politics/video/trump-debate-prep-harris-sot-cnc-digvid?os=nirstv,20240928141413,cdx,
https://www.cnn.com/2024/09/04/sport/aces-sky-aja-wilson-chelsea-gray-wnba-spt-intl/index.html?cid=external-feeds_iluminar_yahoo,20240927161656,cdx,
https://www.cnn.com/2024/09/04/travel/arch-of-constantine-rome-lightning-damage/index.html,20240927125806,cdx,
https://www.cnn.com/2024/09/04/travel/paris-mayor-olympic-rings-eiffel-tower-scli-intl/index.html,20240927224826,cdx,
https://www.cnn.com/2024/09/04/us/video/big-boy-head-fire-hydrant-crash-digvid,20240928125124,cdx,
https://www.cnn.com/2024/09/04/us/video/texas-flash-floods-car-ldn-digvid,20240928125143,cdx,
https://www.cnn.com/2024/09/05/asia/pope-indonesia-climate-extremism-intl-hnk/,20240927150511,cdx,
https://www.cnn.com/2024/09/05/economy/us-jobs-report-august-preview,20240927171943,cdx,
https://www.cnn.com/2024/09/05/health/video/mosquitos-attraction-color-carbon-dioxide-digvid,20240928125138,cdx,
https://www.cnn.com/2024/09/05/politics/investigators-seized-phones-top-nyc-officials-homes,20240927090158,cdx,
https://www.cnn.com/2024/09/05/sport/video/ricky-pearsall-49ers-phone-affil-pkg-digvid,20240928125109,cdx,
https://www.cnn.com/2024/09/05/travel/airline-loyalty-frequent-flyer-dot-probe/,20240927142706,cdx,
https://www.cnn.com/2024/09/05/us/what-we-know-nudist-ranch-missing-couple/,20240928025436,cdx,
https://www.cnn.com/2024/09/06/europe/video-russia-surrendering-ukrainian-soldiers-killed-intl-cmd/index.html?iid=cnn_buildContentRecirc_end_recirc,20240927152829,cdx,
https://www.cnn.com/2024/09/06/health/first-human-case-of-bird-flu-not-linked-to-animals,20240927171622,cdx,
https://www.cnn.com/2024/09/06/health/parents-phone-addiction-wellness,20240927163137,cdx,
https://www.cnn.com/2024/09/06/world/video/israel-west-bank-raid-hancocks-pkg-ctw-fst-090610aseg1-cnni-world-fast,20240927170155,cdx,
https://www.cnn.com/2024/09/07/americas/venezuelan-security-forces-surround-argentine-embassy-intl/,20240927144946,cdx,
https://www.cnn.com/2024/09/07/politics/elections-voting-security-what-matters,20240927232009,cdx,
https://www.cnn.com/2024/09/07/us/minnesota-state-trooper-shane-roper/index.html?iid=cnn_buildContentRecirc_end_recirc,20240927061625,cdx,
https://www.cnn.com/2024/09/08/business/boeing-reaches-deal-with-union-to-avoid-strike/index.html,20240928005313,cdx,
https://www.cnn.com/2024/09/08/europe/ukraine-military-morale-desertion-intl-cmd/,20240928023945,cdx,
https://www.cnn.com/2024/09/08/media/directv-disney-nfl-fcc/index.html,20240927181841,cdx,
https://www.cnn.com/2024/09/09/business/homeowners-financially-unprepared-extreme-weather/,20240927194855,cdx,
https://www.cnn.com/2024/09/09/entertainment/gallery/james-earl-jones/,20240927063754,cdx,
https://www.cnn.com/2024/09/09/entertainment/harvey-weinstein-hospital,20240927174756,cdx,
https://www.cnn.com/2024/09/09/health/pandemic-teen-brain-aging-study-wellness,20240927155257,cdx,
https://www.cnn.com/2024/09/09/politics/fact-check-trump-vance-tariffs/index.html?cid=external-feeds_iluminar_yahoo,20240927150305,cdx,
https://www.cnn.com/2024/09/09/politics/kfile-harris-pledged-support-in-2019-to-cut-ice-funding-and-provide-transgender-surgery-to-detained-migrants/index.html?utm_medium=email&utm_source=ncl_amplify&utm_campaign=240927-kamala_thinks_youre_stupid&utm_content=ncl-H6MkCj4M35&_nlid=H6MkCj4M35&_nhids=gl59tZ1L,20240928102347,cdx,
https://www.cnn.com/2024/09/09/politics/police-questioning-florida-voters-abortion-rights-ballot-petition,20240927163515,cdx,
https://www.cnn.com/2024/09/09/politics/trump-marijuana-florida/,20240928150721,cdx,
https://www.cnn.com/2024/09/09/science/pterosaur-flight-flapping-soaring,20240927171239,cdx,
https://www.cnn.com/2024/09/09/sport/caitlin-clark-300-assists-indiana-fever-spt-intl/index.html?cid=external-feeds_iluminar_yahoo,20240927161712,cdx,
https://www.cnn.com/2024/09/10/americas/free-kshamenk-last-captive-orca-latin-america-intl-latam/,20240927144913,cdx,
https://www.cnn.com/2024/09/10/americas/mexico-judicial-reform-debate-senate-intl-latam/,20240927002404,cdx,
https://www.cnn.com/2024/09/10/health/fda-tampons-heavy-metals-wellness,20240927160943,cdx,
https://www.cnn.com/2024/09/10/health/liraglutide-weight-loss-younger-children?cid=external-feeds_iluminar_cnn-brasil,20240927200235,cdx,
https://www.cnn.com/2024/09/10/middleeast/hezbollah-commander-killed-israeli-airstrike-intl-latam/,20240927072703,cdx,
https://www.cnn.com/2024/09/10/politics/biden-israeli-killing-of-american-activist/index.html?iid=cnn_buildContentRecirc_end_recirc,20240927161245,cdx,
https://www.cnn.com/2024/09/10/politics/gallery/debate-trump-harris-photos/,20240927110627,cdx,
https://www.cnn.com/2024/09/10/politics/house-funding-plan-clears-hurdle-risks-failing/index.html?cid=external-feeds_iluminar_yahoo,20240927142252,cdx,
https://www.cnn.com/2024/09/10/politics/mike-johnson-donald-trump-daylight-intv/index.html?cid=external-feeds_iluminar_yahoo,20240927152937,cdx,
https://www.cnn.com/2024/09/10/politics/video/race-trump-harris-debate-abc-news-digvid?cid=external-feeds_iluminar_yahoo,20240927150657,cdx,
https://www.cnn.com/2024/09/10/science/nuclear-clocks-timekeeping-precision,20240927172310,cdx,
https://www.cnn.com/2024/09/10/science/spacex-polaris-dawn-mission-height-apogee?cid=external-feeds_iluminar_cnn-brasil,20240927145548,cdx,
https://www.cnn.com/2024/09/10/sport/dolphins-tua-tagovailoa-tyreek-hill-spt-intl,20240927163427,cdx,
https://www.cnn.com/2024/09/10/style/lady-gaga-blood-performance-2009-vmas?cid=external-feeds_iluminar_cnn-brasil,20240927154015,cdx,
https://www.cnn.com/2024/09/11/economy/us-cpi-consumer-price-index-inflation-august?Date=20240911&Profile=CNN&utm_content=1726060194&utm_medium=social&utm_source=twitter,20240927194710,cdx,
https://www.cnn.com/2024/09/11/entertainment/chappell-roan-who-is-cec/index.html?cid=external-feeds_iluminar_yahoo,20240928171930,cdx,
https://www.cnn.com/2024/09/11/entertainment/gallery/in-pictures-the-2024-mtv-video-music-awards,20240927163749,cdx,
https://www.cnn.com/2024/09/11/entertainment/tom-cruises-olympics-stunt?cid=external-feeds_iluminar_cnn-brasil,20240927154433,cdx,
https://www.cnn.com/2024/09/11/health/boars-head-recall-virginia-plant,20240927211559,cdx,
https://www.cnn.com/2024/09/11/investing/trump-stock-debate-truth-social/index.html?email=467cb6399cb7df64551775e431052b43a775c749&emaila=12a6d4d069cd56cfddaa391c24eb7042&emailb=054528e7403871c79f668e49dd3c44b1ec00c7f611bf9388f76bb2324d6ca5f3&utm_source=Sailthru&utm_medium=email&utm_campaign=09.11.2024%20Business%20%26%20Economy%20SL%20JB,20240927151250,cdx,
https://www.cnn.com/2024/09/11/media/abc-moderators-debate-fact-check-trump-harris-false-claims/index.html?fbclid=IwY2xjawFRbdxleHRuA2FlbQIxMAABHUbiBR_lzgaSCwXzHGqPLrIOvLWYJ4ciPs0DWk8_C5kf0Q2FfwjlPDmGnQ_aem__2TCFm1aIip4hGmjg57Ivw,20240927225120,cdx,
https://www.cnn.com/2024/09/11/politics/9-11-political-legacy-2024-election-analysis,20240927154558,cdx,
https://www.cnn.com/2024/09/11/politics/election-poll-trump-harris-debate/index.html?cid=external-feeds_iluminar_yahoo,20240927192949,cdx,
https://www.cnn.com/2024/09/11/politics/presidential-debate-trump-harris-what-matters,20240927154709,cdx,
https://www.cnn.com/2024/09/11/politics/video/jon-bon-jovi-rockstar-and-life-saver,20240927154455,cdx,
https://www.cnn.com/2024/09/11/politics/video/very-bizarre-very-outlandish-very-conspiracy-driven,20240927154926,cdx,
https://www.cnn.com/2024/09/11/sport/australia-drew-ginn-olympic-medals-stolen-intl-hnk?cid=external-feeds_iluminar_cnn-brasil,20240927145116,cdx,
https://www.cnn.com/2024/09/11/sport/tadej-pogacar-cycling-profile-spt-intl,20240927165943,cdx,
https://www.cnn.com/2024/09/12/business/alaska-airlines-pilot-i-was-in-shock/index.html,20240927160306,cdx,
https://www.cnn.com/2024/09/12/business/trump-misinformation-social-media-moderation/,20240927103358,cdx,
https://www.cnn.com/2024/09/12/entertainment/video/taylor-swift-vma-speech-digvid,20240927155827,cdx,
https://www.cnn.com/2024/09/12/europe/putin-warns-nato-missiles-hnk-latam-intl/index.html?cid=external-feeds_iluminar_yahoo,20240927075133,cdx,
https://www.cnn.com/2024/09/12/europe/putin-warns-nato-missiles-hnk-latam-intl/index.html?iid=cnn_buildContentRecirc_end_recirc,20240927093246,cdx,
https://www.cnn.com/2024/09/12/politics/donald-trump-no-third-debate,20240927224305,cdx,
https://www.cnn.com/2024/09/12/politics/navient-lawsuit-student-loans/index.html,20240927155506,cdx,
https://www.cnn.com/2024/09/12/politics/sleeper-case-rnc-trump-voter-intimidation,20240927160141,cdx,
https://www.cnn.com/2024/09/12/politics/trump-georgia-election-subversion-charges,20240927164812,cdx,
https://www.cnn.com/2024/09/12/politics/trump-harris-debate-fallout-analysis/index.html?cid=external-feeds_iluminar_yahoo,20240927180333,cdx,
https://www.cnn.com/2024/09/12/politics/video/cant-we-all-be-friends,20240927212953,cdx,
https://www.cnn.com/2024/09/12/politics/video/debbie-dingell-debate-trump-harris-michigan-digvid?cid=external-feeds_iluminar_yahoo,20240927180105,cdx,
https://www.cnn.com/2024/09/12/politics/video/donald-trump-search-terms-debate-ebof-digvid,20240928065432,cdx,
https://www.cnn.com/2024/09/12/politics/video/laura-loomer-marjorie-taylor-greene-trump-racist-theories-digvid,20240927155349,cdx,
https://www.cnn.com/2024/09/12/politics/video/laura-loomer-trump-influence-pkg-reeve-ebof-digvid,20240927190338,cdx,
https://www.cnn.com/2024/09/12/science/mass-extinction-permian-el-nino,20240927175705,cdx,
https://www.cnn.com/2024/09/12/science/mass-extinction-permian-el-nino?cid=external-feeds_iluminar_yahoo,20240927185827,cdx,
https://www.cnn.com/2024/09/12/science/neanderthal-fossil-extinction-grotte-mandrin-france,20240927172000,cdx,
https://www.cnn.com/2024/09/12/science/neanderthal-fossil-extinction-grotte-mandrin-france?cid=external-feeds_iluminar_yahoo,20240927185816,cdx,
https://www.cnn.com/2024/09/12/sport/aja-wilson-las-vegas-aces-scoring-record-spt-intl/index.html?cid=external-feeds_iluminar_yahoo,20240927171558,cdx,
https://www.cnn.com/2024/09/12/sport/aja-wilson-las-vegas-aces-scoring-record-spt-intl?cid=external-feeds_iluminar_yahoo,20240927161737,cdx,
https://www.cnn.com/2024/09/12/sport/caitlin-clark-taylor-swift-kamala-harris-spt-intl,20240927164628,cdx,
https://www.cnn.com/2024/09/12/sport/jordan-chiles-olympic-bronze-reaction-spt-intl?cid=external-feeds_iluminar_cnn-brasil,20240927182844,cdx,
https://www.cnn.com/2024/09/12/sport/lael-wilcox-cycle-around-world-record-spt-intl?cid=external-feeds_iluminar_cnn-brasil,20240927152239,cdx,
https://www.cnn.com/2024/09/12/sport/nfl-week-two-five-things-spt-intl,20240927172546,cdx,
https://www.cnn.com/2024/09/12/us/broomfield-colorado-active-shooting/index.html,20240927171220,cdx,
https://www.cnn.com/2024/09/12/us/fearless-fund-strivers-grant-closed/index.html,20240927160739,cdx,
https://www.cnn.com/2024/09/13/investing/trump-social-media-stock/index.html?iid=cnn_buildContentRecirc_end_recirc,20240927182221,cdx,
https://www.cnn.com/2024/09/13/middleeast/idf-says-a-unrwa-staff-member-among-ten-terrorists-killed-in-military-ops-in-the-west-bank-over-the-past-48-hours/,20240927020000,cdx,
https://www.cnn.com/2024/09/13/politics/abortion-supreme-court-oconnor-scalia-rehnquist,20240927213913,cdx,
https://www.cnn.com/2024/09/13/politics/donald-trump-laura-loomer,20240927164945,cdx,
https://www.cnn.com/2024/09/13/science/boeing-starliner-astronauts-suni-williams-butch-wilmore,20240927170915,cdx,
https://www.cnn.com/2024/09/13/science/boeing-starliner-astronauts-suni-williams-butch-wilmore?cid=external-feeds_iluminar_yahoo,20240927180203,cdx,
https://www.cnn.com/2024/09/13/science/japanese-eel-escape-fish-stomach,20240927175026,cdx,
https://www.cnn.com/2024/09/13/science/japanese-eel-escape-fish-stomach?cid=external-feeds_iluminar_cnn-brasil,20240927181912,cdx,
https://www.cnn.com/2024/09/13/science/japanese-eel-escape-fish-stomach?cid=external-feeds_iluminar_yahoo,20240927185944,cdx,
https://www.cnn.com/2024/09/13/science/stonehenge-altar-stone-orkney,20240927171554,cdx,
https://www.cnn.com/2024/09/13/sport/diego-maradona-death-trial-spt-intl/index.html,20240927214815,cdx,
https://www.cnn.com/2024/09/13/sport/joe-schmidt-death-detroit-lions-nfl-spt-intl/index.html,20240927191810,cdx,
https://www.cnn.com/2024/09/13/sport/joe-schmidt-death-detroit-lions-nfl-spt-intl?cid=external-feeds_iluminar_cnn-brasil,20240927223050,cdx,
https://www.cnn.com/2024/09/13/sport/mike-mcdaniel-tua-tagovailoa-future-spt-intl/index.html,20240927184504,cdx,
https://www.cnn.com/2024/09/13/sport/tua-tagovailoa-concussion-miami-dolphins-spt,20240927214430,cdx,
https://www.cnn.com/2024/09/13/travel/australian-airline-passenger-fine-cost-fuel-intl-hnk,20240927165542,cdx,
https://www.cnn.com/2024/09/13/us/video/boeing-bon-jovi-5-things-digvid,20240927213340,cdx,
https://www.cnn.com/2024/09/14/americas/venezuela-arrests-americans-seizes-rifles-intl-latam?utm_medium=social&utm_source=blueskyCNN&utm_content=2024-09-14T23%3A02%3A48,20240927130920,cdx,
https://www.cnn.com/2024/09/14/business/home-depot-to-pay-usd2-million-settlement-for-overcharging-customers-and-false-advertising?cid=ios_app,20240927135137,cdx,
https://www.cnn.com/2024/09/14/sport/sean-omalley-suga-ufc-profile-spt-intl/,20240928011145,cdx,
https://www.cnn.com/2024/09/16/health/food-packaging-chemical-toxins-study-wellness/index.html?iid=cnn_buildContentRecirc_end_recirc,20240927043000,cdx,
https://www.cnn.com/2024/09/16/politics/eric-adams-new-york-mayor-chief-counsel/index.html?iid=cnn_buildContentRecirc_end_recirc,20240927045604,cdx,
https://www.cnn.com/2024/09/17/europe/ukraine-russia-pow-execution-sword-intl/,20240927004229,cdx,
https://www.cnn.com/2024/09/17/us/takeaways-indictment-sean-diddy-combs/index.html?iid=cnn_buildContentRecirc_end_recirc,20240927024754,cdx,
https://www.cnn.com/2024/09/17/us/video/marc-agnifilo-diddy-sean-combs-src-digvid?cid=external-feeds_iluminar_yahoo,20240927112355,cdx,
https://www.cnn.com/2024/09/18/business/japan-nippon-steel-us-takeover-extended-hnk-intl/,20240927051748,cdx,
https://www.cnn.com/2024/09/18/health/kids-cell-phones-sleep-study-wellness/index.html?cid=external-feeds_iluminar_yahoo,20240928224959,cdx,
https://www.cnn.com/2024/09/18/politics/teamsters-will-not-endorse-us-president?utm_medium=social&utm_source=blueskyCNN&utm_content=2024-09-18T19:39:49,20240928182801,cdx,
https://www.cnn.com/2024/09/18/uk/kate-princess-of-wales-meeting-windsor-intl-scli-gbr/,20240927081620,cdx,
https://www.cnn.com/2024/09/19/business/trump-stock-truth-social-lock-up/index.html?iid=cnn_buildContentRecirc_end_recirc,20240927014434,cdx,
https://www.cnn.com/2024/09/19/investing/stocks-fed-rate-cut/index.html?iid=cnn_buildContentRecirc_end_recirc,20240927114955,cdx,
https://www.cnn.com/2024/09/19/politics/fact-check-donald-trump-fictional-stories/index.html?cid=external-feeds_iluminar_yahoo,20240927131333,cdx,
https://www.cnn.com/2024/09/19/politics/kfile-mark-robinson-black-nazi-pro-slavery-porn-forum/index.html?os=ioxa42gdub5u1enqic&ref=app,20240928170108,cdx,
https://www.cnn.com/2024/09/19/us/titan-submersible-oceangate-implosion-update,20240927024243,cdx,
https://www.cnn.com/2024/09/20/business/chechnya-kadyrov-musk-tesla-cybertruck-disabled/index.html?utm_medium=social&utm_source=blueskyCNN&utm_content=2024-09-20T17:42:39,20240928185905,cdx,
https://www.cnn.com/2024/09/20/business/fedex-economy/index.html?iid=cnn_buildContentRecirc_end_recirc,20240927015558,cdx,
https://www.cnn.com/2024/09/20/health/galaxy-gas-trend-nitrous-oxide-risks-wellness,20240927165814,cdx,
https://www.cnn.com/2024/09/20/health/sober-drinks-questions/index.html?iid=cnn_buildContentRecirc_end_recirc,20240927074351,cdx,
https://www.cnn.com/2024/09/21/climate/glaciers-last-chance-tourism-ice-cave/index.html?iid=cnn_buildContentRecirc_end_recirc,20240927015908,cdx,
https://www.cnn.com/2024/09/21/middleeast/israeli-strike-gaza-school-intl/index.html?iid=cnn_buildContentRecirc_end_recirc,20240927135218,cdx,
https://www.cnn.com/2024/09/21/middleeast/israeli-strike-gaza-school-intl/index.html?ref=am-quickie.ghost.io,20240927092812,cdx,
https://www.cnn.com/2024/09/21/politics/election-security-funds-decline-threats-grow-invs/index.html?iid=cnn_buildContentRecirc_end_recirc,20240927133107,cdx,
https://www.cnn.com/2024/09/21/politics/tax-cuts-donald-trump-election/index.html?iid=cnn_buildContentRecirc_end_recirc,20240927114818,cdx,
https://www.cnn.com/2024/09/21/science/diving-anole-lizard-science-newsletter-wt/index.html?iid=cnn_buildContentRecirc_end_recirc,20240927191054,cdx,
https://www.cnn.com/2024/09/21/us/kentucky-community-struggles-sheriff-charged-judge-killing/index.html?iid=cnn_buildContentRecirc_end_recirc,20240927010506,cdx,
https://www.cnn.com/2024/09/22/business/investment-advice-wellness-roboadvisor/index.html?iid=cnn_buildContentRecirc_end_recirc,20240927194108,cdx,
https://www.cnn.com/2024/09/22/politics/closest-presidential-race-harris-trump/index.html?iid=cnn_buildContentRecirc_end_recirc,20240927003119,cdx,
https://www.cnn.com/2024/09/22/politics/mark-robinson-campaign-resignations,20240927023438,cdx,
https://www.cnn.com/2024/09/22/politics/mark-robinson-campaign-resignations/index.html?iid=cnn_buildContentRecirc_end_recirc,20240927063955,cdx,
https://www.cnn.com/2024/09/22/us/kentucky-judge-mullins-shot-sunday/index.html?iid=cnn_buildContentRecirc_end_recirc,20240927070834,cdx,
https://www.cnn.com/2024/09/23/climate/california-sues-exxonmobil-plastic-recycling,20240927105939,cdx,
https://www.cnn.com/2024/09/23/entertainment/jamie-foxx-daughter-corrine-wedding/index.html?iid=cnn_buildContentRecirc_end_recirc,20240927145128,cdx,
https://www.cnn.com/2024/09/23/middleeast/iran-shervin-hajipour-pardon-intl-scli/,20240927090018,cdx,
https://www.cnn.com/2024/09/23/politics/house-gop-democratic-votes-cr/index.html?iid=cnn_buildContentRecirc_end_recirc,20240927102026,cdx,
https://www.cnn.com/2024/09/23/politics/melania-trump-speaking-engagements,20240928140812,cdx,
https://www.cnn.com/2024/09/23/politics/norad-detects-russia-aircraft-alaska/,20240927055834,cdx,
https://www.cnn.com/2024/09/23/politics/ryan-wesley-routh-trump-assassination-attempt-letter/index.html?iid=cnn_buildContentRecirc_end_recirc,20240927091240,cdx,
https://www.cnn.com/2024/09/23/science/tollense-valley-bronze-age-battlefield-arrowheads,20240928153955,cdx,
https://www.cnn.com/2024/09/23/science/tollense-valley-bronze-age-battlefield-arrowheads/index.html?iid=cnn_buildContentRecirc_end_recirc,20240927170441,cdx,
https://www.cnn.com/2024/09/23/science/tollense-valley-bronze-age-battlefield-arrowheads?cid=external-feeds_iluminar_yahoo,20240928190648,cdx,
https://www.cnn.com/2024/09/23/sport/erling-haaland-european-soccer-roundup-spt-intl/,20240927031147,cdx,
https://www.cnn.com/2024/09/23/sport/max-verstappen-f1-singapore-spt-intl/,20240927021223,cdx,
https://www.cnn.com/2024/09/23/sport/wnba-first-round-game-1-round-up-spt-intl/,20240927010244,cdx,
https://www.cnn.com/2024/09/23/tech/telegram-ceo-durov-arrest-user-data-changes/index.html?iid=cnn_buildContentRecirc_end_recirc,20240927015859,cdx,
https://www.cnn.com/2024/09/23/tech/us-car-software-ban-china-russia/index.html?iid=cnn_buildContentRecirc_end_recirc,20240927004934,cdx,
https://www.cnn.com/2024/09/23/travel/video/melbourne-quests-world-of-wonder-winter-capital-of-culture-spc,20240927072639,cdx,
https://www.cnn.com/2024/09/23/world/iran-siamak-namazi-amanpour-interview/index.html?iid=cnn_buildContentRecirc_end_recirc,20240927043913,cdx,
https://www.cnn.com/2024/09/24/business/kamala-harris-economy-endorsement/index.html?_kx=CzZZR8tUK1txh_-QK3DJSLxvae8naT-oggcPgJkzOQ6Au5j3x1IVDUrV61N1kEFn.VVEwpW,20240927064454,cdx,
https://www.cnn.com/2024/09/24/china/michael-kovrig-china-canada-intl-hnk/,20240927000457,cdx,
https://www.cnn.com/2024/09/24/entertainment/sean-diddy-combs-bodyguard-lawsuit/index.html?iid=cnn_buildContentRecirc_end_recirc,20240927231848,cdx,
https://www.cnn.com/2024/09/24/food/coca-cola-spiced-discontinued/index.html?iid=cnn_buildContentRecirc_end_recirc,20240927140302,cdx,
https://www.cnn.com/2024/09/24/health/breast-cancer-food-storage-chemicals/index.html?iid=cnn_buildContentRecirc_end_recirc,20240927195204,cdx,
https://www.cnn.com/2024/09/24/health/breast-cancer-food-storage-chemicals/index.html?ref=upstract.com,20240927114620,cdx,
https://www.cnn.com/2024/09/24/health/criminal-charges-during-pregnancy-increase/,20240927022036,cdx,
https://www.cnn.com/2024/09/24/media/violent-crime-report-fbi-right-wing-media-fox/index.html?iid=cnn_buildContentRecirc_end_recirc,20240927074005,cdx,
https://www.cnn.com/2024/09/24/middleeast/israel-strikes-lebanon-hezbollah-explainer-intl-hnk/index.html?iid=cnn_buildContentRecirc_end_recirc,20240927170824,cdx,
https://www.cnn.com/2024/09/24/politics/donald-trump-women-voters-protector-abortion/index.html?cid=external-feeds_iluminar_yahoo,20240927062843,cdx,
https://www.cnn.com/2024/09/24/politics/joe-manchin-not-endorse-harris-filibuster/index.html?_kx=CzZZR8tUK1txh_-QK3DJSLxvae8naT-oggcPgJkzOQ6Au5j3x1IVDUrV61N1kEFn.VVEwpW,20240927164113,cdx,
https://www.cnn.com/2024/09/24/politics/polls-trump-harris-presidential-election/index.html?iid=cnn_buildContentRecirc_end_recirc,20240927093101,cdx,
https://www.cnn.com/2024/09/24/politics/ryan-routh-additional-charges-trump-assassination-attempt/index.html?iid=cnn_buildContentRecirc_end_recirc,20240927165141,cdx,
https://www.cnn.com/2024/09/24/politics/ryan-routh-additional-charges-trump-assassination-attempt?cid=ios_app,20240927032914,cdx,
https://www.cnn.com/2024/09/24/politics/special-counsel-trump-substantial-evidence/index.html?iid=cnn_buildContentRecirc_end_recirc,20240927122049,cdx,
https://www.cnn.com/2024/09/24/politics/trump-us-business-tariffs-taxes/index.html?iid=cnn_buildContentRecirc_end_recirc,20240927202411,cdx,
https://www.cnn.com/2024/09/24/politics/ukraine-aid-congress/index.html?iid=cnn_buildContentRecirc_end_recirc,20240927003726,cdx,
https://www.cnn.com/2024/09/24/politics/video/just-shut-up-fmr-hillary-clinton-adviser-reacts-to-gop-senate-candidates-abortion-comments?dicbo=v2-egP2ieN&hpt=ob_blogfooterold,20240927060244,cdx,
https://www.cnn.com/2024/09/24/science/ghost-shark-new-zealand-scli-intl/index.html?iid=cnn_buildContentRecirc_end_recirc,20240927174525,cdx,
https://www.cnn.com/2024/09/24/sport/gotham-fc-president-biden-white-house-nwsl-spt-intl/,20240927094212,cdx,
https://www.cnn.com/2024/09/24/sport/rafael-nadal-spain-davis-cup-team-spt-intl/,20240927030951,cdx,
https://www.cnn.com/2024/09/24/tech/tiktok-russian-media-accounts-us-election/index.html?cid=external-feeds_iluminar_yahoo,20240927014732,cdx,
https://www.cnn.com/2024/09/24/us/gettysburg-college-swim-team-investigation/index.html?iid=cnn_buildContentRecirc_end_recirc,20240927062555,cdx,
https://www.cnn.com/2024/09/25/asia/china-icbm-test-pacific-ocean-intl-hnk/index.html?utm_medium=social&utm_source=whatsappCNN&utm_content=2024-09-25T09:05:58&Date=20240925&Profile=cnn,20240927095921,cdx,
https://www.cnn.com/2024/09/25/asia/worlds-longest-death-row-prisoner-japan-intl-hnk/index.html?utm_content=2024-09-25T23%3A47%3A43&utm_medium=social&utm_source=blueskyCNN,20240927001536,cdx,
https://www.cnn.com/2024/09/25/business/boeing-strike-ortberg-nightcap/,20240927003037,cdx,
https://www.cnn.com/2024/09/25/business/china-calvin-klein-sanctions-xinjiang-boycott-hnk-intl/index.html?iid=cnn_buildContentRecirc_end_recirc,20240927002216,cdx,
https://www.cnn.com/2024/09/25/entertainment/50-cents-diddy-netflix/,20240928185511,cdx,
https://www.cnn.com/2024/09/25/entertainment/anna-sorokin-eliminated-dwts/index.html?iid=cnn_buildContentRecirc_end_recirc,20240927195301,cdx,
https://www.cnn.com/2024/09/25/entertainment/riley-keough-lisa-marie-presley/,20240927093106,cdx,
https://www.cnn.com/2024/09/25/entertainment/riley-keough-lisa-marie-presley/index.html?iid=cnn_buildContentRecirc_end_recirc,20240927144801,cdx,
https://www.cnn.com/2024/09/25/europe/putin-nuclear-warns-west-missile-strikes-ukraine-intl-latam/index.html.,20240928013543,cdx,
https://www.cnn.com/2024/09/25/europe/putin-nuclear-warns-west-missile-strikes-ukraine-intl-latam/index.html?iid=cnn_buildContentRecirc_end_recirc,20240928013530,cdx,
https://www.cnn.com/2024/09/25/europe/russia-ukraine-nuclear-zelensky-un-intl/index.html?iid=cnn_buildContentRecirc_end_recirc,20240928013528,cdx,
https://www.cnn.com/2024/09/25/health/listeria-deli-meat-recall/index.html?cid=external-feeds_iluminar_yahoo,20240927021017,cdx,
https://www.cnn.com/2024/09/25/investing/gold-silver-fed-rate-cuts/index.html?iid=cnn_buildContentRecirc_end_recirc,20240927093336,cdx,
https://www.cnn.com/2024/09/25/media/alex-jones-infowars-auction-sandy-hook-families/index.html?iid=cnn_buildContentRecirc_end_recirc,20240927063821,cdx,
https://www.cnn.com/2024/09/25/middleeast/hezbollah-response-israel-tel-aviv-lebanon-intl,20240927225331,cdx,
https://www.cnn.com/2024/09/25/middleeast/israel-lebanon-hezbollah-ground-invasion-intl/,20240927122713,cdx,
https://www.cnn.com/2024/09/25/politics/biden-adminstration-paused-push-gaza-ceasefire-push/,20240927195634,cdx,
https://www.cnn.com/2024/09/25/politics/chappell-roan-kamala-harris/index.html?cid=external-feeds_iluminar_yahoo,20240928182504,cdx,
https://www.cnn.com/2024/09/25/politics/chappell-roan-kamala-harris/index.html?utm_content=2024-09-25T23%3A03%3A10&utm_medium=social&utm_source=blueskyCNN,20240927043941,cdx,
https://www.cnn.com/2024/09/25/politics/cnn-poll-young-voters-harris-trump/index.html?iid=cnn_buildContentRecirc_end_recirc,20240927143539,cdx,
https://www.cnn.com/2024/09/25/politics/house-vote-government-funding-johnson-democrats/index.html?utm_campaign=mb&utm_medium=newsletter&utm_source=morning_brew,20240927174631,cdx,
https://www.cnn.com/2024/09/25/politics/justice-department-watchdog-january-6-capitol-riot/,20240927094122,cdx,
https://www.cnn.com/2024/09/25/politics/kamala-harris-msnbc-interview?cid=ios_app,20240928061521,cdx,
https://www.cnn.com/2024/09/25/politics/trump-return-butler-pennsylvania-assassination-attempt/,20240927050130,cdx,
https://www.cnn.com/2024/09/25/politics/us-plan-mediate-israel-hezbollah-ceasefire/,20240927001104,cdx,
https://www.cnn.com/2024/09/25/politics/us-troops-cyprus/index.html?_kx=CzZZR8tUK1txh_-QK3DJSLxvae8naT-oggcPgJkzOQ6Au5j3x1IVDUrV61N1kEFn.VVEwpW,20240927053236,cdx,
https://www.cnn.com/2024/09/25/politics/us-troops-cyprus/index.html?utm_campaign=mb&utm_medium=newsletter&utm_source=morning_brew,20240928020328,cdx,
https://www.cnn.com/2024/09/25/politics/us-ukraine-military-aid/index.html?iid=cnn_buildContentRecirc_end_recirc,20240927192859,cdx,
https://www.cnn.com/2024/09/25/politics/video/pennsylvania-mail-in-vote-counting-sara-murray-digvid,20240927014245,cdx,
https://www.cnn.com/2024/09/25/politics/video/the-lead-mark-cuban-harris-campaign-presidential-race-economy-trump-voters-jake-tapper,20240927014339,cdx,
https://www.cnn.com/2024/09/25/politics/video/the-lead-mike-rounds-national-intelligence-trump-iran-secret-service-jake-tapper,20240927014249,cdx,
https://www.cnn.com/2024/09/25/sport/inclement-weather-mets-braves-postponed-spt-intl/,20240927063230,cdx,
https://www.cnn.com/2024/09/25/style/andrew-holmes-truck-drawings-gas-tank/index.html?iid=cnn_buildContentRecirc_end_recirc,20240927001306,cdx,
https://www.cnn.com/2024/09/25/tech/meta-ai-celebrities-chatbots/index.html?cid=external-feeds_iluminar_yahoo,20240927041410,cdx,
https://www.cnn.com/2024/09/25/tech/openai-technology-chief-mira-murati-leaving/index.html?ref=wheresyoured.at,20240927094158,cdx,
https://www.cnn.com/2024/09/25/tech/openai-technology-chief-mira-murati-leaving?utm_content=2024-09-25T20%3A18%3A28&utm_medium=social&utm_source=blueskyCNN,20240927132055,cdx,
https://www.cnn.com/2024/09/25/travel/time-out-coolest-neighborhoods-2024/index.html?utm_campaign=mb&utm_medium=newsletter&utm_source=morning_brew,20240927172921,cdx,
https://www.cnn.com/2024/09/25/uk/labour-conference-keir-starmer-gbr-intl-cmd/,20240927174610,cdx,
https://www.cnn.com/2024/09/25/us/helene-tropical-storm-florida-evacuations/index.html?utm_campaign=mb&utm_medium=newsletter&utm_source=morning_brew,20240927174302,cdx,
https://www.cnn.com/2024/09/25/us/helene-tropical-storm-florida-evacuations/index.html?utm_content=2024-09-25T21%3A33%3A29&utm_medium=social&utm_source=blueskyCNN,20240927110742,cdx,
https://www.cnn.com/2024/09/25/us/new-york-city-mayor-eric-adams-indicted?Date=20240926&Profile=CNN,20240927075301,cdx,
https://www.cnn.com/2024/09/26/africa/sudan-army-clashes-khartoum-rsf-intl/index.html,20240927015811,cdx,
https://www.cnn.com/2024/09/26/americas/hurricane-john-mexico-intl-latam/index.html,20240927043137,cdx,
https://www.cnn.com/2024/09/26/asia/japan-ruling-party-election-intl-hnk/,20240927003459,cdx,
https://www.cnn.com/2024/09/26/asia/japan-ruling-party-election-intl-hnk/index.html,20240927073833,cdx,
https://www.cnn.com/2024/09/26/asia/pakistan-blasphemy-killing-police-hnk-intl/,20240927042426,cdx,
https://www.cnn.com/2024/09/26/asia/pakistan-blasphemy-killing-police-hnk-intl/index.html,20240927022422,cdx,
https://www.cnn.com/2024/09/26/asia/south-korea-deepfake-bill-passed-intl-hnk/,20240927042435,cdx,
https://www.cnn.com/2024/09/26/asia/south-korea-deepfake-bill-passed-intl-hnk/index.html,20240927064946,cdx,
https://www.cnn.com/2024/09/26/business/trump-inflation-jobs-tariffs-economy/,20240927020213,cdx,
https://www.cnn.com/2024/09/26/business/trump-media-co-founder-former-apprentice-contestant-dumps-shares/index.html?iid=cnn_buildContentRecirc_end_recirc,20240927182230,cdx,
https://www.cnn.com/2024/09/26/business/trump-media-co-founder-former-apprentice-contestant-dumps-shares?cid=ios_app,20240927140545,cdx,
https://www.cnn.com/2024/09/26/business/vibecession-economy-nightcap/index.html,20240927014917,cdx,
https://www.cnn.com/2024/09/26/economy/us-manufacturing-trump-harris-plans/,20240927164026,cdx,
https://www.cnn.com/2024/09/26/economy/us-manufacturing-trump-harris-plans/index.html,20240927011329,cdx,
https://www.cnn.com/2024/09/26/entertainment/demi-lovato-gavin-newsom-protecting-young-influencers/,20240927145053,cdx,
https://www.cnn.com/2024/09/26/entertainment/demi-lovato-gavin-newsom-protecting-young-influencers/index.html,20240927092533,cdx,
https://www.cnn.com/2024/09/26/entertainment/rust-shooting-armorer-release/index.html,20240927015719,cdx,
https://www.cnn.com/2024/09/26/entertainment/sean-combs-wants-to-testify-lawyer-says/,20240927003543,cdx,
https://www.cnn.com/2024/09/26/entertainment/sean-combs-wants-to-testify-lawyer-says/index.html,20240927083000,cdx,
https://www.cnn.com/2024/09/26/entertainment/snl-50-longest-running-tv-shows/index.html,20240927014541,cdx,
https://www.cnn.com/2024/09/26/entertainment/video/entertainment-showbiz-hollywood-movies-lee-kate-winslet-wwii-photojournalist,20240927015148,cdx,
https://www.cnn.com/2024/09/26/entertainment/video/hollywood-entertainment-movies-documentaries-music-david-crosby-cameron-crowe-a-j-eaton,20240927015052,cdx,
https://www.cnn.com/2024/09/26/entertainment/young-dolph-killing-conviction-sentence/index.html?iid=cnn_buildContentRecirc_end_recirc,20240927012103,cdx,
https://www.cnn.com/2024/09/26/food/wendys-one-dollar-frosty-mcdonalds/index.html,20240927014714,cdx,
https://www.cnn.com/2024/09/26/food/wendys-one-dollar-frosty-mcdonalds/index.html?utm_campaign=mb&utm_medium=newsletter&utm_source=morning_brew,20240928015802,cdx,
https://www.cnn.com/2024/09/26/health/free-covid-tests-government-usps/index.html?iid=cnn_buildContentRecirc_end_recirc,20240928085156,cdx,
https://www.cnn.com/2024/09/26/health/helene-hurricane-how-to-prep-list-wellness/index.html,20240927015215,cdx,
https://www.cnn.com/2024/09/26/health/kids-making-friends-parent-poll-wellness/index.html,20240927011957,cdx,
https://www.cnn.com/2024/09/26/health/mediterranean-dish-cookbook-wellness/index.html,20240927015130,cdx,
https://www.cnn.com/2024/09/26/health/trans-young-people-suicide-attempts/index.html,20240927015806,cdx,
https://www.cnn.com/2024/09/26/health/tufts-lacrosse-players-rhabdo/index.html,20240927015142,cdx,
https://www.cnn.com/2024/09/26/media/rupert-murdoch-fox-succession-lachlan-court/index.html?iid=cnn_buildContentRecirc_end_recirc,20240927082323,cdx,
https://www.cnn.com/2024/09/26/media/rupert-murdoch-fox-succession-lachlan-court?cid=external-feeds_iluminar_yahoo,20240927061513,cdx,
https://www.cnn.com/2024/09/26/media/rupert-murdoch-fox-succession-lachlan-court/?utm_campaign=meetedgar&utm_medium=social&utm_source=meetedgar.com,20240927131323,cdx,
https://www.cnn.com/2024/09/26/politics/benghazi-mastermind-ahmed-abu-khatallah-resentenced/index.html,20240927015443,cdx,
https://www.cnn.com/2024/09/26/politics/biden-executive-order-gun-violence/,20240927003512,cdx,
https://www.cnn.com/2024/09/26/politics/biden-executive-order-gun-violence/index.html,20240927073348,cdx,
https://www.cnn.com/2024/09/26/politics/chinese-nuclear-powered-submarine-sank/index.html,20240927015010,cdx,
https://www.cnn.com/2024/09/26/politics/eric-adams-new-york-democrats?cid=ios_app,20240927040154,cdx,
https://www.cnn.com/2024/09/26/politics/eric-adams-trump-what-matters/index.html?iid=cnn_buildContentRecirc_end_recirc,20240927001632,cdx,
https://www.cnn.com/2024/09/26/politics/house-hearing-trump-assassination-attempt/index.html?iid=cnn_buildContentRecirc_end_recirc,20240927192954,cdx,
https://www.cnn.com/2024/09/26/politics/israel-lebanon-hezbollah-ceasefire-us-plan/,20240927003644,cdx,
https://www.cnn.com/2024/09/26/politics/israel-lebanon-hezbollah-ceasefire-us-plan/index.html,20240927073426,cdx,
https://www.cnn.com/2024/09/26/politics/mark-robinsons-top-staffer-to-resign-following-cnns-report/index.html,20240927015439,cdx,
https://www.cnn.com/2024/09/26/politics/senate-democrats-florida-texas-election/index.html,20240927015126,cdx,
https://www.cnn.com/2024/09/26/politics/special-counsel-files-new-evidence-against-trump-under-seal-in-election-case/index.html?cid=external-feeds_iluminar_yahoo,20240927024630,cdx,
https://www.cnn.com/2024/09/26/politics/special-counsel-files-new-evidence-against-trump-under-seal-in-election-case?cid=ios_app,20240927091740,cdx,
https://www.cnn.com/2024/09/26/politics/trump-watches/index.html?sp_amp_linker=1%2Adwgoim%2Aamp_id%2AZEpUcnFFNGxjaGZXaVZwVzlkX2NNVGFIUzZnenkzYXNGeDBkdzJUdWliWV90eEU1LWNBY29PRUVFRjZBZm45Ug..,20240927182052,cdx,
https://www.cnn.com/2024/09/26/politics/us-russians-accused-money-laundering-schemes,20240927135645,cdx,
https://www.cnn.com/2024/09/26/politics/us-russians-accused-money-laundering-schemes/index.html?iid=cnn_buildContentRecirc_end_recirc,20240927041251,cdx,
https://www.cnn.com/2024/09/26/politics/video/eric-adams-new-york-mayor-indictment-honig-lead-vpx,20240927004900,cdx,
https://www.cnn.com/2024/09/26/politics/video/gen-z-voters-games-data-politics-digvid,20240927015529,cdx,
https://www.cnn.com/2024/09/26/politics/video/georgia-economy-biden-trump-mattingly-ebof-digvid,20240927063409,cdx,
https://www.cnn.com/2024/09/26/politics/video/special-counsel-jack-smith-election-subversion-trump-evidence-sitroom-digvid,20240927020305,cdx,
https://www.cnn.com/2024/09/26/politics/zelensky-biden-harris-washington-visit/index.html?cid=external-feeds_iluminar_yahoo,20240927180905,cdx,
https://www.cnn.com/2024/09/26/politics/zelensky-biden-harris-washington-visit?Date=20240926&Profile=cnni&utm_content=1727393941&utm_medium=social&utm_source=twitter,20240927003719,cdx,
https://www.cnn.com/2024/09/26/science/sea-robins-walk-taste-seafloor/index.html,20240927002945,cdx,
https://www.cnn.com/2024/09/26/science/sea-robins-walk-taste-seafloor/index.html?utm_source=fark&utm_medium=website&utm_content=link&ICID=ref_fark,20240927031421,cdx,
https://www.cnn.com/2024/09/26/sport/athletics-bid-farewell-to-oakland-spt-intl/,20240928025335,cdx,
https://www.cnn.com/2024/09/26/sport/athletics-bid-farewell-to-oakland-spt-intl/index.html,20240927080218,cdx,
https://www.cnn.com/2024/09/26/sport/connecticut-sun-alyssa-thomas-condemns-racism-spt-intl/,20240927101053,cdx,
https://www.cnn.com/2024/09/26/sport/connecticut-sun-alyssa-thomas-condemns-racism-spt-intl/index.html,20240927014536,cdx,
https://www.cnn.com/2024/09/26/sport/daniel-ricciardo-leaves-rb-f1-spt-intl/,20240927081848,cdx,
https://www.cnn.com/2024/09/26/sport/daniel-ricciardo-leaves-rb-f1-spt-intl/index.html,20240927015218,cdx,
https://www.cnn.com/2024/09/26/sport/former-mvp-derrick-rose-retires-nba-spt-intl/,20240927072744,cdx,
https://www.cnn.com/2024/09/26/sport/former-mvp-derrick-rose-retires-nba-spt-intl/index.html,20240927015331,cdx,
https://www.cnn.com/2024/09/26/sport/naomi-osaka-serena-williams-patrick-mouratoglou-spt-intl/,20240927041527,cdx,
https://www.cnn.com/2024/09/26/sport/naomi-osaka-serena-williams-patrick-mouratoglou-spt-intl/index.html,20240927014501,cdx,
https://www.cnn.com/2024/09/26/sport/nfl-week-four-preview-spt-intl/,20240927161601,cdx,
https://www.cnn.com/2024/09/26/sport/shannon-rowbury-london-2012-olympics-spt-intl/,20240927133945,cdx,
https://www.cnn.com/2024/09/26/sport/shohei-ohtani-50-50-ball-auction-intl-spt/index.html,20240927015118,cdx,
https://www.cnn.com/2024/09/26/sport/shohei-ohtani-50-50-ball-auction-intl-spt/index.html?cid=external-feeds_iluminar_yahoo,20240927173100,cdx,
https://www.cnn.com/2024/09/26/sport/yankees-aaron-judge-rbi-spt-intl/index.html?iid=cnn_buildContentRecirc_end_recirc,20240928031003,cdx,
https://www.cnn.com/2024/09/26/us/5-things-pm-september-26-trnd/index.html,20240927145748,cdx,
https://www.cnn.com/2024/09/26/us/alan-eugene-miller-alabama-execution/index.html,20240927005541,cdx,
https://www.cnn.com/2024/09/26/us/kory-york-ronald-green-death-louisiana/index.html,20240927015015,cdx,
https://www.cnn.com/2024/09/26/us/lexington-ms-police-black-discrimination-probe,20240927024937,cdx,
https://www.cnn.com/2024/09/26/us/lexington-ms-police-black-discrimination-probe/index.html,20240927015637,cdx,
https://www.cnn.com/2024/09/26/us/video/human-factor-margo-talbot,20240927015522,cdx,
https://www.cnn.com/2024/09/26/us/video/the-lead-adriane-elliott-florida-hurricane-helene-severe-weather-floods-jake-tapper,20240927161514,cdx,
https://www.cnn.com/2024/09/26/us/video/the-lead-brian-kemp-hurricane-helene-atlanta-severe-weather-jake-tapper,20240927161502,cdx,
https://www.cnn.com/2024/09/26/us/video/the-lead-jimmy-patronis-florida-hurricane-helene-severe-weather-floods-safety-jake-tapper,20240928005254,cdx,
https://www.cnn.com/2024/09/26/us/video/the-lead-maya-wiley-mayor-eric-adams-new-york-indictment-jake-tapper,20240927040512,cdx,
https://www.cnn.com/2024/09/26/us/video/tiffany-caban-nyc-mayor-eric-adams-indictment-federal-charges-turkey-government-jake-tapper,20240927161509,cdx,
https://www.cnn.com/2024/09/26/us/whats-in-nyc-mayor-eric-adams-indictment/index.html,20240927004804,cdx,
https://www.cnn.com/2024/09/26/us/whats-in-nyc-mayor-eric-adams-indictment/index.html?iid=cnn_buildContentRecirc_end_recirc,20240927021643,cdx,
https://www.cnn.com/2024/09/26/weather/gallery/hurricane-helene/,20240927045641,cdx,
https://www.cnn.com/2024/09/26/weather/gallery/hurricane-helene/index.html,20240927001916,cdx,
https://www.cnn.com/2024/09/26/weather/video/aqua-fence-hurricane-tampa-digvid,20240927015515,cdx,
https://www.cnn.com/2024/09/26/weather/video/florida-resident-michael-bobbitt-hurricane-helene-ac360-intv-digvid,20240927052414,cdx,
https://www.cnn.com/2024/09/26/weather/video/forecasts-hurricane-helene-digvid,20240927041911,cdx,
https://www.cnn.com/2024/09/26/weather/video/hurricane-helene-on-ground-florida-digvid,20240927052400,cdx,
https://www.cnn.com/2024/09/26/weather/video/hurricane-helene-storm-surge-florida-digvid,20240927052422,cdx,
https://www.cnn.com/2024/09/26/weather/video/landfall-hurricane-helene-storm-florida-john-berman-lcl-digvid,20240927072832,cdx,
https://www.cnn.com/2024/09/26/weather/video/landfall-hurricane-helene-storm-florida-john-berman-lcl-digvid?cid=ios_app,20240927092601,cdx,
https://www.cnn.com/2024/09/26/world/gallery/photos-this-week-september-19-september-26/,20240927093300,cdx,
https://www.cnn.com/2024/09/26/world/gallery/photos-this-week-september-19-september-26/index.html,20240927133054,cdx,
https://www.cnn.com/2024/09/26/world/video/firass-abiad-lebanon-israel-karadsheh-intv-digvid,20240927035931,cdx,
https://www.cnn.com/2024/09/27/americas/unga-security-roth-intl-latam/,20240927065323,cdx,
https://www.cnn.com/2024/09/27/americas/unga-security-roth-intl-latam/index.html,20240927164728,cdx,
https://www.cnn.com/2024/09/27/asia/thai-crocodile-farmer-typhoon-yagi-intl-hnk/,20240928045004,cdx,
https://www.cnn.com/2024/09/27/asia/thai-crocodile-farmer-typhoon-yagi-intl-hnk/index.html,20240928093347,cdx,
https://www.cnn.com/2024/09/27/business/argentina-poverty-rate-increase-50-percent/,20240927111054,cdx,
https://www.cnn.com/2024/09/27/business/argentina-poverty-rate-increase-50-percent/index.html,20240927153718,cdx,
https://www.cnn.com/2024/09/27/business/china-economic-stimulus-bernard-arnault-hnk-intl/,20240928011114,cdx,
https://www.cnn.com/2024/09/27/business/china-economic-stimulus-bernard-arnault-hnk-intl/index.html,20240927161831,cdx,
https://www.cnn.com/2024/09/27/business/moo-deng-crypto/,20240927195824,cdx,
https://www.cnn.com/2024/09/27/business/moo-deng-crypto/index.html,20240927222352,cdx,
https://www.cnn.com/2024/09/27/business/video/sao-tome-surf-boards-spc,20240927190204,cdx,
https://www.cnn.com/2024/09/27/business/weightwatchers-ceo-sima-sistani/,20240927153700,cdx,
https://www.cnn.com/2024/09/27/business/weightwatchers-ceo-sima-sistani/index.html,20240927151932,cdx,
https://www.cnn.com/2024/09/27/business/weightwatchers-ceo-sima-sistani/index.html?utm_campaign=mb&utm_medium=newsletter&utm_source=morning_brew,20240928140341,cdx,
https://www.cnn.com/2024/09/27/business/you-can-now-order-your-spirit-halloween-costume-on-uber-eats/,20240927194745,cdx,
https://www.cnn.com/2024/09/27/business/you-can-now-order-your-spirit-halloween-costume-on-uber-eats/index.html,20240928010138,cdx,
https://www.cnn.com/2024/09/27/climate/just-stop-oil-climate-activists-prison-van-gough-soup-intl/,20240927175553,cdx,
https://www.cnn.com/2024/09/27/climate/just-stop-oil-climate-activists-prison-van-gough-soup-intl/index.html,20240927173736,cdx,
https://www.cnn.com/2024/09/27/climate/just-stop-oil-climate-activists-prison-van-gough-soup-intl/index.html?utm_campaign=mb&utm_medium=newsletter&utm_source=morning_brew,20240928132020,cdx,
https://www.cnn.com/2024/09/27/economy/deficit-danger-harris-trump/,20240927111017,cdx,
https://www.cnn.com/2024/09/27/economy/deficit-danger-harris-trump/index.html,20240927111222,cdx,
https://www.cnn.com/2024/09/27/economy/deficit-danger-harris-trump/index.html?iid=cnn_buildContentRecirc_end_recirc,20240928085156,cdx,
https://www.cnn.com/2024/09/27/economy/us-pce-inflation-august/,20240927135219,cdx,
https://www.cnn.com/2024/09/27/economy/us-pce-inflation-august/index.html,20240927172202,cdx,
https://www.cnn.com/2024/09/27/economy/us-pce-inflation-august?Date=20240927&Profile=cnnbrk,20240927133352,cdx,
https://www.cnn.com/2024/09/27/entertainment/chappell-roan-cancels-festival-appearances/,20240927220855,cdx,
https://www.cnn.com/2024/09/27/entertainment/chappell-roan-cancels-festival-appearances/index.html,20240928010009,cdx,
https://www.cnn.com/2024/09/27/entertainment/gallery/photos-dame-maggie-smith/index.html,20240928011649,cdx,
https://www.cnn.com/2024/09/27/entertainment/maggie-smith-downton-abbey-potter-dead/,20240927135240,cdx,
https://www.cnn.com/2024/09/27/entertainment/maggie-smith-downton-abbey-potter-dead/index.html,20240927140717,cdx,
https://www.cnn.com/2024/09/27/entertainment/maggie-smith-downton-abbey-potter-dead/index.html?iid=cnn_buildContentRecirc_end_recirc,20240927231848,cdx,
https://www.cnn.com/2024/09/27/entertainment/sean-diddy-combs-new-civil-lawsuit/,20240927175143,cdx,
https://www.cnn.com/2024/09/27/entertainment/sean-diddy-combs-new-civil-lawsuit/index.html,20240927231808,cdx,
https://www.cnn.com/2024/09/27/entertainment/video/entertainment-showbiz-hollywood-minute-ballerina-ana-de-armas-keanu-reeves-john-wick-rez-ball-netflix-american-indians,20240928005853,cdx,
https://www.cnn.com/2024/09/27/entertainment/video/hollywood-entertainment-video-games-legend-of-zelda-echoes-of-wisdom-nintendo-switch-victor-lucas-electric-playground,20240928010234,cdx,
https://www.cnn.com/2024/09/27/entertainment/video/maggie-smith-acting-career-obit-digvid,20240927182939,cdx,
https://www.cnn.com/2024/09/27/entertainment/what-to-watch-this-weekend-nobody-wants-this/index.html,20240927234240,cdx,
https://www.cnn.com/2024/09/27/europe/pope-francis-belgium-abuse-intl/,20240927153746,cdx,
https://www.cnn.com/2024/09/27/europe/pope-francis-belgium-abuse-intl/index.html,20240927210930,cdx,
https://www.cnn.com/2024/09/27/europe/pope-francis-belgium-abuse-intl?cid=ios_app,20240927171617,cdx,
https://www.cnn.com/2024/09/27/health/health-care-workers-missouri-bird-flu/index.html,20240927200532,cdx,
https://www.cnn.com/2024/09/27/health/health-disease-sickness-flood-waters-wellness,20240927202726,cdx,
https://www.cnn.com/2024/09/27/health/health-disease-sickness-flood-waters-wellness/index.html,20240928002531,cdx,
https://www.cnn.com/2024/09/27/health/iron-deficiency-us-adults-study-wellness/,20240927110445,cdx,
https://www.cnn.com/2024/09/27/health/iron-deficiency-us-adults-study-wellness/index.html,20240928004040,cdx,
https://www.cnn.com/2024/09/27/health/what-is-chroming-risks-parenting-tips-wellness/,20240927041902,cdx,
https://www.cnn.com/2024/09/27/health/what-is-chroming-risks-parenting-tips-wellness/index.html,20240927044732,cdx,
https://www.cnn.com/2024/09/27/health/what-is-chroming-risks-parenting-tips-wellness/index.html?ICID=ref_fark,20240927164052,cdx,
https://www.cnn.com/2024/09/27/health/what-is-chroming-risks-parenting-tips-wellness/index.html?iid=cnn_buildContentRecirc_end_recirc,20240927182242,cdx,
https://www.cnn.com/2024/09/27/investing/stocks-records-pce-fed/,20240927170713,cdx,
https://www.cnn.com/2024/09/27/investing/stocks-records-pce-fed/index.html,20240927163524,cdx,
https://www.cnn.com/2024/09/27/middleeast/israel-pager-attack-hezbollah-lebanon-invs-intl/,20240927041853,cdx,strong
https://www.cnn.com/2024/09/27/middleeast/israel-pager-attack-hezbollah-lebanon-invs-intl/index.html,20240927072904,cdx,strong
https://www.cnn.com/2024/09/27/politics/cnn-poll-harris-trump-north-carolina-nebraska/,20240927182411,cdx,
https://www.cnn.com/2024/09/27/politics/cnn-poll-harris-trump-north-carolina-nebraska/index.html,20240927162927,cdx,
https://www.cnn.com/2024/09/27/politics/dalton-georgia-trump-voters-biden-climate-law/,20240927111116,cdx,
https://www.cnn.com/2024/09/27/politics/dalton-georgia-trump-voters-biden-climate-law/index.html,20240927154533,cdx,
https://www.cnn.com/2024/09/27/politics/harris-southern-border-arizona/,20240927111123,cdx,
https://www.cnn.com/2024/09/27/politics/harris-southern-border-arizona/index.html,20240928005729,cdx,
https://www.cnn.com/2024/09/27/politics/iran-trump-hackers-charged/,20240927170724,cdx,
https://www.cnn.com/2024/09/27/politics/iran-trump-hackers-charged/index.html,20240927204043,cdx,
https://www.cnn.com/2024/09/27/politics/iran-trump-hackers-charged?cid=ios_app,20240928162523,cdx,
https://www.cnn.com/2024/09/27/politics/lloyd-austin-israel-hezbollah-cnntv/,20240927153756,cdx,
https://www.cnn.com/2024/09/27/politics/lloyd-austin-israel-hezbollah-cnntv/index.html,20240928003420,cdx,
https://www.cnn.com/2024/09/27/politics/mark-robinson-hospitalized/,20240928043532,cdx,
https://www.cnn.com/2024/09/27/politics/mark-robinson-hospitalized/index.html,20240928031323,cdx,
https://www.cnn.com/2024/09/27/politics/mark-robinson-hospitalized/index.html?iid=cnn_buildContentRecirc_end_recirc,20240928213414,cdx,
https://www.cnn.com/2024/09/27/politics/mark-robinson-north-carolina-governor-poll/,20240927235850,cdx,
https://www.cnn.com/2024/09/27/politics/mark-robinson-north-carolina-governor-poll/index.html,20240928010548,cdx,
https://www.cnn.com/2024/09/27/politics/mark-robinson-north-carolina-governor-poll/index.html?cid=external-feeds_iluminar_yahoo,20240928180002,cdx,
https://www.cnn.com/2024/09/27/politics/rfk-jr-new-york-supreme-court/,20240927220211,cdx,
https://www.cnn.com/2024/09/27/politics/rfk-jr-new-york-supreme-court/index.html,20240928010211,cdx,
https://www.cnn.com/2024/09/27/politics/trump-zelensky-meeting/,20240927111007,cdx,
https://www.cnn.com/2024/09/27/politics/trump-zelensky-meeting/index.html,20240927192657,cdx,
https://www.cnn.com/2024/09/27/politics/trump-zelensky-meeting/index.html?cid=ios_app,20240928142637,cdx,
https://www.cnn.com/2024/09/27/politics/trump-zelensky-meeting/index.html?iid=cnn_buildContentRecirc_end_recirc,20240928085156,cdx,
https://www.cnn.com/2024/09/27/politics/video/kamala-harris-douglas-arizona-immigration-bill-trump-digvid,20240928020903,cdx,
https://www.cnn.com/2024/09/27/politics/video/latino-vote-pennsylvania-ana-navarro-digvid,20240928010042,cdx,
https://www.cnn.com/2024/09/27/politics/video/new-york-city-mayor-eric-adams-indicted-federal-corruption-charges-ctm-digvid,20240928010019,cdx,
https://www.cnn.com/2024/09/27/politics/video/pastor-witchcraft-harris-vance-newsnight-digvid,20240928102034,cdx,
https://www.cnn.com/2024/09/27/politics/video/trump-zelensky-impeachment-democrat-hoax-acosta-digvid,20240927175838,cdx,
https://www.cnn.com/2024/09/27/politics/video/ukraine-zelensky-trump-meeting-election-bolton-src-digvid,20240928062422,cdx,
https://www.cnn.com/2024/09/27/politics/video/us-defense-secretary-israel-hezbollah-war-ldn-digvid,20240928001030,cdx,
https://www.cnn.com/2024/09/27/science/ai-nazca-geoglyphs-peru,20240927164231,cdx,
https://www.cnn.com/2024/09/27/science/ai-nazca-geoglyphs-peru/index.html,20240927195551,cdx,
https://www.cnn.com/2024/09/27/science/ai-nazca-geoglyphs-peru?cid=ios_app,20240928171715,cdx,
https://www.cnn.com/2024/09/27/science/ancient-forest-falkland-islands/,20240927124044,cdx,
https://www.cnn.com/2024/09/27/science/ancient-forest-falkland-islands/index.html,20240927133006,cdx,
https://www.cnn.com/2024/09/27/science/ancient-forest-falkland-islands?cid=external-feeds_iluminar_yahoo,20240928181651,cdx,
https://www.cnn.com/2024/09/27/sport/athlos-womens-track-prize-money-spt-intl/index.html,20240928005754,cdx,
https://www.cnn.com/2024/09/27/sport/cyclist-muriel-furrer-dies-road-race-spt-intl/,20240928013555,cdx,
https://www.cnn.com/2024/09/27/sport/cyclist-muriel-furrer-dies-road-race-spt-intl/index.html,20240927180630,cdx,
https://www.cnn.com/2024/09/27/sport/dallas-cowboys-new-york-giants-tnf-nfl-spt-intl/,20240927161146,cdx,
https://www.cnn.com/2024/09/27/sport/dallas-cowboys-new-york-giants-tnf-nfl-spt-intl/index.html,20240928005908,cdx,
https://www.cnn.com/2024/09/27/sport/shohei-ohtani-50-50-ball-lawsuit-auction-spt-intl/,20240927171725,cdx,
https://www.cnn.com/2024/09/27/sport/shohei-ohtani-50-50-ball-lawsuit-auction-spt-intl/index.html,20240927212057,cdx,
https://www.cnn.com/2024/09/27/sport/shohei-ohtani-50-50-ball-lawsuit-auction-spt-intl/index.html?iid=cnn_buildContentRecirc_end_recirc,20240928085156,cdx,
https://www.cnn.com/2024/09/27/sport/ufc-lawsuit-settlement-cung-le-spt-intl,20240927184742,cdx,
https://www.cnn.com/2024/09/27/sport/ufc-lawsuit-settlement-cung-le-spt-intl/index.html,20240928010756,cdx,
https://www.cnn.com/2024/09/27/sport/ufc-lawsuit-settlement-cung-le-spt-intl/index.html?utm_campaign=mb&utm_medium=newsletter&utm_source=morning_brew,20240928140246,cdx,
https://www.cnn.com/2024/09/27/sport/white-sox-most-losses-modern-mlb-spt-intl/index.html,20240928030912,cdx,
https://www.cnn.com/2024/09/27/sport/yankees-aaron-judge-dodgers-white-sox-spt-intl/,20240927160513,cdx,
https://www.cnn.com/2024/09/27/sport/yankees-aaron-judge-dodgers-white-sox-spt-intl/index.html,20240928005704,cdx,
https://www.cnn.com/2024/09/27/style/paris-fashion-week-outfits-2024/,20240927124112,cdx,
https://www.cnn.com/2024/09/27/style/paris-fashion-week-outfits-2024/index.html,20240927175922,cdx,
https://www.cnn.com/2024/09/27/tech/proto-hologram-boxes-3d-video-spc/,20240927192050,cdx,
https://www.cnn.com/2024/09/27/tech/proto-hologram-boxes-3d-video-spc/index.html,20240928010107,cdx,
https://www.cnn.com/2024/09/27/us/5-things-to-know-for-sept-27-hurricane-helene-israel-lebanon-strikes-covid-19-tests-gun-violence-japan-election/,20240927124048,cdx,
https://www.cnn.com/2024/09/27/us/5-things-to-know-for-sept-27-hurricane-helene-israel-lebanon-strikes-covid-19-tests-gun-violence-japan-election/index.html,20240928010102,cdx,
https://www.cnn.com/2024/09/27/us/eric-adams-nyc-mayor-arraignment/,20240927135326,cdx,
https://www.cnn.com/2024/09/27/us/eric-adams-nyc-mayor-arraignment/index.html,20240927193535,cdx,
https://www.cnn.com/2024/09/27/us/former-oceangate-employee-titan-submersible-hearing/,20240927232044,cdx,
https://www.cnn.com/2024/09/27/us/former-oceangate-employee-titan-submersible-hearing/index.html,20240927204943,cdx,
https://www.cnn.com/2024/09/27/us/former-oceangate-employee-titan-submersible-hearing?utm_source=flipboard&utm_content=topic/chiefexecutiveofficer,20240928224238,cdx,
https://www.cnn.com/2024/09/27/us/georgia-flooding-rescue-van-dillen/index.html,20240928004137,cdx,
https://www.cnn.com/2024/09/27/us/nyc-mayor-eric-adams-allegations-timeline/index.html,20240928010113,cdx,
https://www.cnn.com/2024/09/27/us/santa-maria-courthouse-explosion-suspect-charge/,20240927135315,cdx,
https://www.cnn.com/2024/09/27/us/santa-maria-courthouse-explosion-suspect-charge/index.html,20240927165824,cdx,
https://www.cnn.com/2024/09/27/us/unicoi-county-hospital-tennessee-flooding-helene/,20240927210427,cdx,
https://www.cnn.com/2024/09/27/us/unicoi-county-hospital-tennessee-flooding-helene/index.html,20240928002119,cdx,
https://www.cnn.com/2024/09/27/us/video/aerial-footage-helene-damage-florida-digvid,20240927184725,cdx,
https://www.cnn.com/2024/09/27/us/video/asheville-north-carolina-flooding-helene-rosales-cnc-digvid,20240927183242,cdx,
https://www.cnn.com/2024/09/27/us/video/dramatic-footage-boat-house-fire-helene-digvid,20240928005627,cdx,
https://www.cnn.com/2024/09/27/us/video/hurricane-helene-octopus-punch-5things-digvid,20240927161315,cdx,
https://www.cnn.com/2024/09/27/us/video/kayak-hurricane-helene-florida-matt-heller-lcl-digvid,20240927123805,cdx,
https://www.cnn.com/2024/09/27/us/video/maggie-smith-best-moments-digvid,20240927194300,cdx,
https://www.cnn.com/2024/09/27/us/video/tennessee-hospital-roof-rescue-michael-baker-digvid,20240928003739,cdx,
https://www.cnn.com/2024/09/27/us/video/the-lead-alex-harlamor-hurricane-helene-storm-destruction-floods-florida-jake-tapper,20240928025345,cdx,
https://www.cnn.com/2024/09/27/us/video/the-lead-kelly-keffer-helene-hurricane-storm-landslide-north-carolina-jake-tapper,20240928180627,cdx,
https://www.cnn.com/2024/09/27/us/yamilee-toussaint-stem-from-dance-cnnheroes/,20240927124025,cdx,
https://www.cnn.com/2024/09/27/us/yamilee-toussaint-stem-from-dance-cnnheroes/index.html,20240927225023,cdx,
https://www.cnn.com/2024/09/27/weather/video/coast-guard-saves-dog-and-man-ebof-digvid,20240928012105,cdx,
https://www.cnn.com/2024/09/27/weather/video/florida-floating-homes-ldn-digvid,20240928005827,cdx,
https://www.cnn.com/2024/09/27/weather/video/florida-floating-homes-ldn-digvid?utm_source=fark&utm_medium=website&utm_content=link&ICID=ref_fark,20240927204209,cdx,
https://www.cnn.com/2024/09/27/weather/video/helene-eye-hurricane-hunter-cnc-ldn-digvid,20240927171354,cdx,
https://www.cnn.com/2024/09/27/weather/video/helene-eye-hurricane-hunter-cnc-ldn-digvid?cid=ios_app,20240928161219,cdx,
https://www.cnn.com/2024/09/27/weather/video/two-dogs-baby-rescue-atlanta-flood-helene-digvid,20240927172245,cdx,
https://www.cnn.com/2024/09/27/world/israeli-politics-hezbollah-conflict-analysis-intl/,20240927124104,cdx,
https://www.cnn.com/2024/09/27/world/israeli-politics-hezbollah-conflict-analysis-intl/index.html,20240928005857,cdx,
https://www.cnn.com/2024/09/27/world/putin-nuclear-doctrine-analysis-intl/,20240927153817,cdx,
https://www.cnn.com/2024/09/27/world/putin-nuclear-doctrine-analysis-intl/index.html,20240928010351,cdx,
https://www.cnn.com/2024/09/27/world/video/decoded-quantum-dubai-spc,20240928005831,cdx,
https://www.cnn.com/2024/09/27/world/video/fareed-zakaria-israel-beirut-strike-iran-reaction-qmb-digvid,20240928013800,cdx,
https://www.cnn.com/2024/09/27/world/video/israel-benjamin-netanyahu-un-speech-marquardt-nr-digvid,20240927235831,cdx,
https://www.cnn.com/2024/09/27/world/video/israel-hezbollah-strike-beirut,20240927220106,cdx,
https://www.cnn.com/2024/09/27/world/video/israel-strikes-hezbollah-headquarters-beirut-lebanon-ip-digvid,20240927174251,cdx,
https://www.cnn.com/2024/09/27/world/video/lebanon-displaced-beirut-digvid,20240928010752,cdx,
https://www.cnn.com/2024/09/27/world/video/miss-universe-korea-choi-soon-hwa-eighty-year-old-digvid,20240927164918,cdx,
https://www.cnn.com/2024/09/27/world/video/nobel-laureate-wole-soyinka-activism-spc,20240927172149,cdx,
https://www.cnn.com/2024/09/27/world/video/the-lead-barak-ravid-israel-hezbollah-war-explosion-strike-jake-tapper,20240928193234,cdx,related
https://www.cnn.com/2024/09/27/world/video/the-lead-beth-sanner-israel-hezbollah-attacks-explosion-beirut-jake-tapper,20240928193238,cdx,related
https://www.cnn.com/2024/09/28/africa/south-africa-mass-shooting-intl/,20240928153713,cdx,
https://www.cnn.com/2024/09/28/business/dirty-soda-shops/,20240928172115,cdx,
https://www.cnn.com/2024/09/28/business/dirty-soda-shops/index.html,20240928174348,cdx,
https://www.cnn.com/2024/09/28/business/dirty-soda-shops?cid=external-feeds_iluminar_yahoo,20240928153706,cdx,
https://www.cnn.com/2024/09/28/business/greyhound-bus-chicago-transportation/index.html,20240928180618,cdx,
https://www.cnn.com/2024/09/28/business/greyhound-bus-chicago-transportation/index.html?sp_amp_linker=1%2Angwqi7%2Aamp_id%2AWklveWtqVDhJU1FMQl9aMDZHVGp5VVI1czBraGNIbzVoUVY1cUVQcVd3REJYWUJza250ajVwMUhROEhrZVpobQ..,20240928193643,cdx,
https://www.cnn.com/2024/09/28/business/zuckerberg-200-billion-richest-meta/,20240928172200,cdx,
https://www.cnn.com/2024/09/28/business/zuckerberg-200-billion-richest-meta/index.html,20240928222231,cdx,
https://www.cnn.com/2024/09/28/business/zuckerberg-200-billion-richest-meta?cid=ios_app,20240928174511,cdx,
https://www.cnn.com/2024/09/28/entertainment/demi-moore-dog-pilaf-graham-norton-lady-gaga-colin-farrell/,20240928200829,cdx,
https://www.cnn.com/2024/09/28/entertainment/how-to-die-alone-black-tv-shows-cec/,20240928145425,cdx,
https://www.cnn.com/2024/09/28/entertainment/how-to-die-alone-black-tv-shows-cec/index.html,20240928181625,cdx,
https://www.cnn.com/2024/09/28/entertainment/will-ferrell-new-doc-before-election-netflix/,20240928220553,cdx,
https://www.cnn.com/2024/09/28/europe/austria-election-far-right-fpo-intl/,20240928050655,cdx,
https://www.cnn.com/2024/09/28/europe/austria-election-far-right-fpo-intl/index.html,20240928094028,cdx,
https://www.cnn.com/2024/09/28/health/kids-social-media-dangers-wellness/,20240928220517,cdx,
https://www.cnn.com/2024/09/28/middleeast/hezbollah-leader-hassan-nasrallah-obituary-intl/,20240928095214,cdx,
https://www.cnn.com/2024/09/28/middleeast/hezbollah-leader-hassan-nasrallah-obituary-intl/index.html,20240928095008,cdx,
https://www.cnn.com/2024/09/28/middleeast/hezbollah-leader-hassan-nasrallah-obituary-intl/index.html?iid=cnn_buildContentRecirc_end_recirc,20240928223416,cdx,
https://www.cnn.com/2024/09/28/middleeast/hezbollah-nasrallah-killed-israel-strikes-intl/,20240928092608,cdx,
https://www.cnn.com/2024/09/28/middleeast/hezbollah-nasrallah-killed-israel-strikes-intl/index.html,20240928082016,cdx,
https://www.cnn.com/2024/09/28/middleeast/hezbollah-nasrallah-killed-israel-strikes-intl/index.html?iid=cnn_buildContentRecirc_end_recirc,20240928223645,cdx,
https://www.cnn.com/2024/09/28/middleeast/hezbollah-nasrallah-killed-israel-strikes-intl?cid=external-feeds_iluminar_msn,20240928142137,cdx,
https://www.cnn.com/2024/09/28/middleeast/hezbollah-nasrallah-killed-israel-strikes-intl?cid=ios_app,20240928164434,cdx,
https://www.cnn.com/2024/09/28/middleeast/iran-weighs-next-move-nasrallah-hezbollah-intl-cmd/index.html,20240928203859,cdx,
https://www.cnn.com/2024/09/28/middleeast/nasrallah-killed-israel-next-steps-analysis-intl/,20240928145516,cdx,
https://www.cnn.com/2024/09/28/middleeast/nasrallah-killed-israel-next-steps-analysis-intl/index.html,20240928202141,cdx,
https://www.cnn.com/2024/09/28/middleeast/nasrallah-killed-israel-next-steps-analysis-intl/index.html?utm_medium=social&utm_source=whatsappCNN&utm_content=2024-09-28T18:36:06,20240928235027,cdx,
https://www.cnn.com/2024/09/28/politics/biden-hezbollah-nasrallah-killing-netanyahu/,20240928220538,cdx,
https://www.cnn.com/2024/09/28/politics/harris-trump-alabama-football-game/,20240928172246,cdx,
https://www.cnn.com/2024/09/28/politics/harris-trump-alabama-football-game/index.html,20240928160600,cdx,
https://www.cnn.com/2024/09/28/politics/harris-trump-border/,20240928095336,cdx,
https://www.cnn.com/2024/09/28/politics/harris-trump-border/index.html,20240928160613,cdx,
https://www.cnn.com/2024/09/28/politics/supreme-court-death-penalty-marcellus-williams-richard-glossip/,20240928220505,cdx,
https://www.cnn.com/2024/09/28/politics/supreme-court-death-penalty-marcellus-williams-richard-glossip/index.html,20240928201622,cdx,
https://www.cnn.com/2024/09/28/politics/tim-walz-vice-president-debate/,20240928192048,cdx,
https://www.cnn.com/2024/09/28/politics/tim-walz-vice-president-debate/index.html,20240928210414,cdx,
https://www.cnn.com/2024/09/28/politics/us-economy-voters-election-what-matters/,20240928122436,cdx,
https://www.cnn.com/2024/09/28/politics/us-economy-voters-election-what-matters/index.html,20240928181423,cdx,
https://www.cnn.com/2024/09/28/politics/vance-vice-presidential-debate-preparation/,20240928172248,cdx,
https://www.cnn.com/2024/09/28/science/bronze-age-battle-science-newsletter-wt/,20240928153735,cdx,
https://www.cnn.com/2024/09/28/science/bronze-age-battle-science-newsletter-wt/index.html,20240928152310,cdx,
https://www.cnn.com/2024/09/28/science/spacex-launch-starliner-crew-9-astronauts/,20240928095205,cdx,
https://www.cnn.com/2024/09/28/science/spacex-launch-starliner-crew-9-astronauts/index.html,20240928101030,cdx,
https://www.cnn.com/2024/09/28/science/video/space-x-cape-canaveral-launch-crew-nine-digvid,20240928221843,cdx,
https://www.cnn.com/2024/09/28/sport/presidents-cup-usa-swept-by-internationals-spt-intl/index.html,20240928112323,cdx,
https://www.cnn.com/2024/09/28/sport/wada-appeals-decision-jannik-sinner-positive-tests-spt-intl/index.html,20240928150104,cdx,
https://www.cnn.com/2024/09/28/style/miss-universe-korea-choi-soon-hwa-hnk-intl/,20240928095319,cdx,
https://www.cnn.com/2024/09/28/style/miss-universe-korea-choi-soon-hwa-hnk-intl/index.html,20240928071510,cdx,
https://www.cnn.com/2024/09/28/us/north-carolina-trapped-helene-flooding/index.html,20240928210159,cdx,
https://www.cnn.com/2024/09/28/weather/hurricane-helene-florida-georgia-carolinas/,20240928050702,cdx,
https://www.cnn.com/2024/09/28/weather/hurricane-helene-florida-georgia-carolinas/index.html,20240928093340,cdx,
https://www.cnn.com/2024/09/28/weather/hurricane-helene-florida-georgia-carolinas/index.html?iid=cnn_buildContentRecirc_end_recirc,20240928223854,cdx,
https://www.cnn.com/2024/09/28/weather/hurricane-helene-florida-georgia-carolinas?Date=20240928&Profile=CNN,20240928150453,cdx,
https://www.cnn.com/2024/09/28/world/video/beirut-lebanon-blast-jomana-digvid,20240928202147,cdx,related
https://www.cnn.com/2024/09/28/world/video/israel-hezbollah-hassan-nasrallah-nic-robertson-digvid,20240928194100,cdx,
https://www.cnn.com/2024/09/28/world/video/israel-idf-strategy-finding-hezbollah-hassan-nasrallah-leighton-cnntm-digvid,20240928211348,cdx,
https://www.cnn.com/2024/09/28/world/video/wedeman-israel-claims-hezbollah-leader-killed-in-beirut-strike-digvid,20240928203747,cdx,
https://www.cnn.com/2024/09/02/business/hotel-strike/index.html,20240929114225,cdx,
https://www.cnn.com/2024/09/02/investing/volkswagen-factory-closure-germany/,20240930112639,cdx,
https://www.cnn.com/2024/09/03/politics/student-loan-forgiveness-lawsuit-biden/,20240930094053,cdx,
https://www.cnn.com/2024/09/04/business/us-steel-nippon-steel-chances/index.html,20240929215421,cdx,
https://www.cnn.com/2024/09/04/food/mcdonalds-mcflurry-new-packaging-size?cid=external-feeds_iluminar_yahoo,20240930105110,cdx,
https://www.cnn.com/2024/09/04/politics/video/trump-debate-prep-harris-sot-cnc-digvid?os=android,20240930143035,cdx,
https://www.cnn.com/2024/09/04/politics/video/trump-debate-prep-harris-sot-cnc-digvid?os=nirstv&ref=app,20240930025311,cdx,
https://www.cnn.com/2024/09/04/science/fungus-robot-mushroom-biohybrid/,20240930175713,cdx,
https://www.cnn.com/2024/09/04/sport/johnny-gaudreau-blue-jackets-teammates-spt-intl,20240930113657,cdx,
https://www.cnn.com/2024/09/04/us/winder-ga-shooting-apalachee-high-school/index.html?utm_medium=social&utm_source=blueskyCNN&utm_content=2024-09-04T16:36:59,20240930120412,cdx,
https://www.cnn.com/2024/09/05/business/advertisers-x-withdrawal/index.html?utm_source=fark&utm_medium=website&utm_content=link&ICID=ref_fark,20240930135128,cdx,
https://www.cnn.com/2024/09/05/business/trump-economy-tariffs,20240930140514,cdx,
https://www.cnn.com/2024/09/05/middleeast/israel-netanyahu-hamas-agreement-intl/index.html,20240930082721,cdx,
https://www.cnn.com/2024/09/05/politics/russian-trolling-2-0-how-the-kremlin-shifted-tactics-from-its-2016-election-strategy/index.html?utm_medium=social&utm_source=blueskyCNN&utm_content=2024-09-05T21%3A54%3A51,20240930102415,cdx,
https://www.cnn.com/2024/09/05/us/fontana-pressured-murder-confession/index.html,20240930211504,cdx,
https://www.cnn.com/2024/09/06/travel/rome-considering-limiting-tourist-access-trevi-fountain-intl-scli/index.html?utm_source=fark&utm_medium=website&utm_content=link&ICID=ref_fark,20240930130700,cdx,
https://www.cnn.com/2024/09/06/weather/hurricane-season-atlantic-storms-climate/index.html?cid=external-feeds_iluminar_yahoo,20240930171724,cdx,
https://www.cnn.com/2024/09/07/asia/older-medical-school-graduate-intl-hnk/index.html?utm_content=1725785814&utm_medium=social&utm_source=threads&Date=20240908&Profile=cnn,20240930172129,cdx,
https://www.cnn.com/2024/09/07/business/apple-september-next-fall-event/,20240930160737,cdx,
https://www.cnn.com/2024/09/07/business/apple-september-next-fall-event/index.html?cid=external-feeds_iluminar_yahoo,20240930235040,cdx,
https://www.cnn.com/2024/09/07/business/stellantis-recall-ram-brake-software/,20240930112650,cdx,
https://www.cnn.com/2024/09/07/politics/trump-modify-25th-amendment-harris-biden/index.html?utm_medium=social&utm_source=blueskyCNN&utm_content=2024-09-07T21%3A31%3A11,20240930104500,cdx,
https://www.cnn.com/2024/09/07/sport/nfl-in-brazil-eagles-packers-spt-intl/,20240929092130,cdx,
https://www.cnn.com/2024/09/08/politics/kamala-harris-donald-trump-debate/index.html?utm_medium=social&utm_source=blueskyCNN&utm_content=2024-09-08T22%3A03%3A20,20240930105555,cdx,
https://www.cnn.com/2024/09/08/politics/video/sotu-buttigieg-rips-trump-full?cid=external-feeds_iluminar_yahoo,20240930095912,cdx,
https://www.cnn.com/2024/09/09/science/pterosaur-flight-flapping-soaring?cid=external-feeds_iluminar_yahoo,20240930145718,cdx,
https://www.cnn.com/2024/09/10/europe/ukraine-drone-strikes-moscow-intl/,20240929095328,cdx,
https://www.cnn.com/2024/09/10/politics/2023-census-median-income-data,20240930154520,cdx,
https://www.cnn.com/2024/09/10/science/nuclear-clocks-timekeeping-precision?cid=external-feeds_iluminar_yahoo,20240930131322,cdx,
https://www.cnn.com/2024/09/10/tech/surgeon-general-warning-social-media/,20240930133730,cdx,
https://www.cnn.com/2024/09/10/us/joseph-couch-kentucky-search-difficulties,20240930091243,cdx,
https://www.cnn.com/2024/09/11/australia/anti-war-protesters-clash-police-australia-intl-hnk/index.html?cid=ios_app,20240929221414,cdx,
https://www.cnn.com/2024/09/11/politics/colorado-apartment-complex-battleground-immigration/index.html?cid=external-feeds_iluminar_yahoo,20240930144448,cdx,
https://www.cnn.com/2024/09/11/politics/election-poll-trump-harris-debate/index.html?utm_source=Klaviyo&utm_medium=email&utm_campaign=Post-debate%20clarity&_kx=rqMGuwEt8cjBxLvEvYw4TWcfe442332oQcDPzU140WYqmNDi94nc57iEQoA4Ediu.VVEwpW,20240930141519,cdx,
https://www.cnn.com/2024/09/11/politics/election-poll-trump-harris-debate?cid=ios_app,20240930163601,cdx,
https://www.cnn.com/2024/09/11/weather/flood-hits-nigeria-zoo-intl-scli,20240930155430,cdx,
https://www.cnn.com/2024/09/11/weather/flood-hits-nigeria-zoo-intl-scli/index.html?cid=external-feeds_iluminar_yahoo,20240930171538,cdx,
https://www.cnn.com/2024/09/11/world/israeli-airstrike-un-nuseirat-intl-latam,20240930095014,cdx,
https://www.cnn.com/2024/09/12/business/china-pets-over-toddlers-aging-population-intl-hnk,20240930091554,cdx,
https://www.cnn.com/2024/09/12/business/china-pets-over-toddlers-aging-population-intl-hnk?cid=external-feeds_iluminar_cnn-brasil,20240930145614,cdx,
https://www.cnn.com/2024/09/12/entertainment/video/robert-de-niro-wallace-cprog-wtcw-digvid,20240930093304,cdx,
https://www.cnn.com/2024/09/12/health/bird-flu-h5n1-fall,20240930134959,cdx,
https://www.cnn.com/2024/09/12/politics/springfield-ohio-migrants-jd-vance/index.html?cid=external-feeds_iluminar_yahoo,20240930145424,cdx,
https://www.cnn.com/2024/09/12/science/astronomy-photographer-year-2024-scli-intl/index.html?cid=external-feeds_iluminar_yahoo,20240930153703,cdx,
https://www.cnn.com/2024/09/12/science/limbs-horses-battle-waterloo-scli-intl/index.html?cid=external-feeds_iluminar_yahoo,20240930145524,cdx,
https://www.cnn.com/2024/09/12/sport/joe-burrow-wrist-injury-bottle-bengals-spt-intl,20240930111212,cdx,
https://www.cnn.com/2024/09/13/business/strike-boeing-vote-iam-751-hnk-intl,20240930160921,cdx,
https://www.cnn.com/2024/09/13/entertainment/chad-mcqueen-dead-63-scli-intl?cid=external-feeds_iluminar_cnn-brasil,20240930094521,cdx,
https://www.cnn.com/2024/09/13/health/boars-head-virginia-plant-closure-recall/index.html?ref=upstract.com,20240930110858,cdx,
https://www.cnn.com/2024/09/13/media/right-wing-media-influencers-tenet-russian-money,20240930140645,cdx,
https://www.cnn.com/2024/09/13/politics/china-tariffs-biden-trump/index.html?s=09,20240930233157,cdx,
https://www.cnn.com/2024/09/13/politics/ketanji-brown-jackson-abby-phillip-cnn-interview,20240930130248,cdx,
https://www.cnn.com/2024/09/13/science/stonehenge-altar-stone-orkney?cid=external-feeds_iluminar_yahoo,20240930160948,cdx,
https://www.cnn.com/2024/09/13/us/georgia-school-shooting-911-calls,20240930112618,cdx,
https://www.cnn.com/2024/09/14/business/disney-directv-deal-abc-espn/index.html?cid=external-feeds_iluminar_yahoo,20240930185436,cdx,
https://www.cnn.com/2024/09/14/science/ancient-dna-easter-island-collapse/index.html?cid=external-feeds_iluminar_yahoo,20240930145626,cdx,
https://www.cnn.com/2024/09/14/science/spacex-polaris-dawn-spacewalk-historic-milestone/index.html?cid=external-feeds_iluminar_yahoo,20240930154117,cdx,
https://www.cnn.com/2024/09/14/sport/canelo-alvarez-edgar-berlanga-preview-spt-intl?cid=external-feeds_iluminar_yahoo,20240930154321,cdx,
https://www.cnn.com/2024/09/14/sport/sean-omalley-suga-ufc-profile-spt-intl?cid=external-feeds_iluminar_cnn-brasil,20240930132622,cdx,
https://www.cnn.com/2024/09/14/world/michaela-mabinty-deprince-ballerina-dies-intl-scli?cid=external-feeds_iluminar_cnn-brasil,20240930132044,cdx,
https://www.cnn.com/2024/09/15/middleeast/gaza-israel-schools-education-crisis-intl,20240930111339,cdx,
https://www.cnn.com/2024/09/16/americas/sao-paulo-mayoral-debate-chair-attack-intl-latam/index.html?utm_medium=social&utm_source=blueskyCNN&utm_content=2024-09-16T23%3A00%3A16,20240930205740,cdx,
https://www.cnn.com/2024/09/16/climate/zimbabwe-cull-elephants-intl-scli/index.html?utm_medium=social&utm_source=blueskyCNN&utm_content=2024-09-16T22%3A54%3A38,20240930090556,cdx,
https://www.cnn.com/2024/09/17/science/partial-lunar-eclipse-harvest-moon,20240929104924,cdx,
https://www.cnn.com/2024/09/17/sport/kirk-cousins-falcons-eagles-mnf-spt-intl/,20240929092022,cdx,
https://www.cnn.com/2024/09/18/business/gold-apollo-taiwan-lebanon-exploding-pagers-hnk-intl?cid=ios_app,20240929012802,cdx,strong
https://www.cnn.com/2024/09/18/tech/ai-voice-cloning-scam-warning?utm_medium=email&utm_source=cnn_LinkedIn-Newsletter,20240930210456,cdx,
https://www.cnn.com/2024/09/19/investing/stocks-fed-rate-cut?Date=20240919&Profile=CNN+International,20240929105447,cdx,
https://www.cnn.com/2024/09/19/politics/kfile-mark-robinson-black-nazi-pro-slavery-porn-forum/index.html?os=fuzzscan0xxtr,20240930072607,cdx,
https://www.cnn.com/2024/09/19/politics/kfile-mark-robinson-black-nazi-pro-slavery-porn-forum/index.html?os=ioxa42gdub5u1enqic,20240930104216,cdx,
https://www.cnn.com/2024/09/19/politics/kfile-mark-robinson-black-nazi-pro-slavery-porn-forum?fbclid=IwY2xjawFnol1leHRuA2FlbQIxMQABHRbnJ1TFL5foWFbblvlf8TFYKZlJX6oC8WFqY_MpoUF5AReaqy7txdHz2g_aem_jtI_38TOkslG1u3iS9YbOQ,20240930204858,cdx,
https://www.cnn.com/2024/09/19/us/springfield-ohio-haitians-immigration-cec?,20240929115753,cdx,
https://www.cnn.com/2024/09/20/politics/kamala-harris-abortion-what-matters/index.html?iid=cnn_buildContentRecirc_end_recirc,20240930190100,cdx,
https://www.cnn.com/2024/09/20/politics/posts-removed-porn-forum-mark-robinson-north-carolina-kfile,20240930210111,cdx,
https://www.cnn.com/2024/09/20/sport/elena-congost-paralympics-marathon-disqualification-spt-intl/index.html?iid=cnn_buildContentRecirc_end_recirc,20240930190359,cdx,
https://www.cnn.com/2024/09/20/tech/sec-sanctions-elon-musk-testimony-twitter-probe/index.html?utm_medium=social&utm_source=blueskyCNN&utm_content=2024-09-20T21%3A46%3A33,20240930204215,cdx,
https://www.cnn.com/2024/09/20/us/john-banuelos-jan-6-shooter-cec?cid=ios_app,20240929015326,cdx,
https://www.cnn.com/2024/09/20/us/kentucky-judge-mullins-shot-friday/index.html?iid=cnn_buildContentRecirc_end_recirc,20240930185813,cdx,
https://www.cnn.com/2024/09/21/politics/election-security-funds-decline-threats-grow-invs/,20240930185421,cdx,
https://www.cnn.com/2024/09/21/politics/fundraising-harris-trump-elon-musk/index.html?utm_medium=social&utm_source=blueskyCNN&utm_content=2024-09-21T10%3A40%3A47,20240930134259,cdx,
https://www.cnn.com/2024/09/21/politics/presidential-debate-harris-trump-cnn/index.html?iid=cnn_buildContentRecirc_end_recirc,20240930172923,cdx,
https://www.cnn.com/2024/09/21/us/mamta-kafle-bhatt-missing-husband-bond-denied/index.html?iid=cnn_buildContentRecirc_end_recirc,20240930173105,cdx,
https://www.cnn.com/2024/09/22/politics/government-funding-bill-unveiled-johnson?cid=ios_app,20240929113251,cdx,
https://www.cnn.com/2024/09/22/us/birmingham-alabama-shooting-five-points-south/index.html?Date=20240922&Profile=cnnbrk&utm_content=1726992446&utm_medium=social&utm_source=twitter,20240930221520,cdx,
https://www.cnn.com/2024/09/23/politics/2023-crime-report/,20240929145533,cdx,
https://www.cnn.com/2024/09/23/politics/melania-trump-speaking-engagements?lctg=88556446,20240930122020,cdx,
https://www.cnn.com/2024/09/24/business/kamala-harris-economy-endorsement?fbclid=IwY2xjawFnopVleHRuA2FlbQIxMQABHfFvJ_uLSSymROkWAUeSFSMtVKu4nEp5McnPk_TwxUfOGUr8iIu8OWZNjQ_aem_Civ53TxWPMIzANLI-iO38w,20240930160914,cdx,
https://www.cnn.com/2024/09/24/health/criminal-charges-during-pregnancy-increase?cid=ios_app,20240930222218,cdx,
https://www.cnn.com/2024/09/24/politics/polls-trump-harris-presidential-election/index.html?lctg=88556446,20240929125901,cdx,
https://www.cnn.com/2024/09/24/science/massive-black-hole-jets-porphyrion,20240929210803,cdx,
https://www.cnn.com/2024/09/25/health/sharenting-children-social-media-dangers-wellness/index.html?iid=cnn_buildContentRecirc_end_recirc,20240929090444,cdx,
https://www.cnn.com/2024/09/25/politics/fact-check-harris-trumps-manufacturing-jobs/index.html?iid=cnn_buildContentRecirc_end_recirc,20240930235457,cdx,
https://www.cnn.com/2024/09/25/politics/house-vote-government-funding-johnson-democrats,20240930165733,cdx,
https://www.cnn.com/2024/09/25/science/oldest-cheese-ancient-dna-china-mummies,20240929210804,cdx,
https://www.cnn.com/2024/09/25/science/oldest-cheese-ancient-dna-china-mummies/index.html?utm_medium=social&utm_source=whatsappCNN&utm_content=2024-09-30T02:12:34,20240930094054,cdx,
https://www.cnn.com/2024/09/25/science/oldest-cheese-ancient-dna-china-mummies?utm_medium=email&bt_ee=3oeekAJ7ttyLS2JZkPFwo2w2Jz8K6NHbfdCl79O8%2BcrPjQm%2BbtsCgYcctlAjikCz&bt_ts=1727531972841&utm_term=172753197283859ea91754390&utm_source=cnn_Wonder+Theory+09.28.24+2024,20240930115448,cdx,
https://www.cnn.com/2024/09/25/science/woolly-rhino-mummy-preserved-permafrost-intl-scli,20240929210806,cdx,
https://www.cnn.com/2024/09/26/business/ntsb-urgent-safety-warning-boeing-737s-max?Profile=cnnbrk&Date=20240926,20240929170229,cdx,
https://www.cnn.com/2024/09/26/business/port-workers-ila-strike/index.html?cid=ios_app,20240929023215,cdx,
https://www.cnn.com/2024/09/26/entertainment/rust-shooting-armorer-release/index.html?iid=cnn_buildContentRecirc_end_recirc,20240930180254,cdx,
https://www.cnn.com/2024/09/26/entertainment/video/hollywood-entertainment-movies-documentaries-music-david-crosby-cameron-crowe-a-j-eaton?dicbo=v2-JBNtKAp&hpt=ob_blogfooterold,20240930223717,cdx,
https://www.cnn.com/2024/09/26/health/mediterranean-dish-cookbook-wellness?cid=external-feeds_iluminar_cnn-brasil,20240930185957,cdx,
https://www.cnn.com/2024/09/26/politics/biden-executive-order-gun-violence/index.html?iid=cnn_buildContentRecirc_end_recirc,20240930214354,cdx,
https://www.cnn.com/2024/09/26/politics/house-hearing-trump-assassination-attempt/index.html?cid=external-feeds_iluminar_yahoo,20240930074524,cdx,
https://www.cnn.com/2024/09/26/politics/israel-lebanon-hezbollah-ceasefire-us-plan/index.html?iid=cnn_buildContentRecirc_end_recirc,20240930170019,cdx,
https://www.cnn.com/2024/09/26/science/orcas-new-images-hunting-dolphins,20240929210711,cdx,
https://www.cnn.com/2024/09/26/science/sea-robins-walk-taste-seafloor/index.html?utm_source=dlvr.it&utm_medium=twitter,20240929073019,cdx,
https://www.cnn.com/2024/09/26/science/sea-robins-walk-taste-seafloor/?cid=external-feeds_iluminar_yahoo,20240929023102,cdx,
https://www.cnn.com/2024/09/26/sport/naomi-osaka-serena-williams-patrick-mouratoglou-spt-intl?cid=external-feeds_iluminar_yahoo,20240929072230,cdx,
https://www.cnn.com/2024/09/26/us/alan-eugene-miller-alabama-execution/index.html?iid=cnn_buildContentRecirc_end_recirc,20240930155915,cdx,
https://www.cnn.com/2024/09/26/us/lexington-ms-police-black-discrimination-probe/index.html?iid=cnn_buildContentRecirc_end_recirc,20240930113027,cdx,
https://www.cnn.com/2024/09/27/business/china-economic-stimulus-bernard-arnault-hnk-intl/index.html?cid=external-feeds_iluminar_yahoo,20240929161751,cdx,
https://www.cnn.com/2024/09/27/entertainment/sean-diddy-combs-new-civil-lawsuit/index.html?iid=cnn_buildContentRecirc_end_recirc,20240930174241,cdx,
https://www.cnn.com/2024/09/27/entertainment/what-to-watch-this-weekend-nobody-wants-this/,20240930185328,cdx,
https://www.cnn.com/2024/09/27/investing/stocks-records-pce-fed,20240930123627,cdx,
https://www.cnn.com/2024/09/27/investing/stocks-records-pce-fed?cid=external-feeds_iluminar_yahoo,20240929170601,cdx,
https://www.cnn.com/2024/09/27/middleeast/israel-pager-attack-hezbollah-lebanon-invs-intl/index.html?cid=external-feeds_iluminar_yahoo,20240930091717,cdx,strong
https://www.cnn.com/2024/09/27/politics/lloyd-austin-israel-hezbollah-cnntv/index.html?utm_source=sailthru,20240930212138,cdx,
https://www.cnn.com/2024/09/27/politics/mark-robinson-north-carolina-governor-poll,20240929133455,cdx,
https://www.cnn.com/2024/09/27/politics/video/dem-strategist-on-immigration-i-cant-stand-that-we-let-them-have-this-issue,20240929013441,cdx,
https://www.cnn.com/2024/09/27/politics/video/harris-running-as-republican-issues-you-care-about,20240929013408,cdx,
https://www.cnn.com/2024/09/27/science/ancient-forest-falkland-islands,20240929210709,cdx,
https://www.cnn.com/2024/09/27/sport/athlos-womens-track-prize-money-spt-intl/index.html?iid=cnn_buildContentRecirc_end_recirc,20240930162943,cdx,
https://www.cnn.com/2024/09/27/sport/cyclist-muriel-furrer-dies-road-race-spt-intl/index.html?iid=cnn_buildContentRecirc_end_recirc,20240930191535,cdx,
https://www.cnn.com/2024/09/27/sport/shohei-ohtani-50-50-ball-lawsuit-auction-spt-intl,20240929053718,cdx,
https://www.cnn.com/2024/09/27/sport/ufc-lawsuit-settlement-cung-le-spt-intl?cid=ios_app,20240929032400,cdx,
https://www.cnn.com/2024/09/27/sport/white-sox-most-losses-modern-mlb-spt-intl/,20240930052834,cdx,
https://www.cnn.com/2024/09/27/sport/white-sox-most-losses-modern-mlb-spt-intl/index.html?Date=20240928&Profile=CNN&utm_content=1727526604&utm_medium=social&utm_source=facebook&fbclid=IwZXh0bgNhZW0CMTEAAR28buf72WaG-ykfJTFK73YboBA-LtOFbf6yhnYVT1XAqVnadkEWA1EywvA_aem_bnUlK0xHC0HReosQ4_0wQg&sfnsn=mo,20240930045516,cdx,
https://www.cnn.com/2024/09/27/us/georgia-flooding-rescue-van-dillen/,20240930225851,cdx,
https://www.cnn.com/2024/09/27/us/video/dramatic-footage-boat-house-fire-helene-digvid?ICID=ref_fark,20240929010538,cdx,
https://www.cnn.com/2024/09/27/world/video/the-lead-dan-sullivan-hezbollah-israel-iran-beirut-attack-explosion-ceasefire-zelensky-johnson-jake-tapper,20240929013317,cdx,related
https://www.cnn.com/2024/09/28/africa/south-africa-mass-shooting-intl/index.html,20240929012645,cdx,
https://www.cnn.com/2024/09/28/australia/australia-endangered-koalas-queensland-intl-hnk-dst/,20240929013506,cdx,
https://www.cnn.com/2024/09/28/australia/australia-endangered-koalas-queensland-intl-hnk-dst/index.html,20240929025121,cdx,
https://www.cnn.com/2024/09/28/business/dirty-soda-shops?adobe_mc=TS%3D1727575683%7CMCMID%3D06632574636887069017508623506833762496%7CMCAID%3D30D688B39A7A2B05-40001CE6079F96E5%7CMCORGID%3D7FF852E2556756057F000101%40AdobeOrg&iid=cnn-mobile-app,20240929040731,cdx,
https://www.cnn.com/2024/09/28/business/greyhound-bus-chicago-transportation/,20240930112632,cdx,
https://www.cnn.com/2024/09/28/business/greyhound-bus-chicago-transportation?cid=external-feeds_iluminar_yahoo,20240930020330,cdx,
https://www.cnn.com/2024/09/28/entertainment/demi-moore-dog-pilaf-graham-norton-lady-gaga-colin-farrell,20240929160100,cdx,
https://www.cnn.com/2024/09/28/entertainment/demi-moore-dog-pilaf-graham-norton-lady-gaga-colin-farrell/index.html,20240929013907,cdx,
https://www.cnn.com/2024/09/28/entertainment/demi-moore-dog-pilaf-graham-norton-lady-gaga-colin-farrell?cid=ios_app,20240929021452,cdx,
https://www.cnn.com/2024/09/28/entertainment/how-to-die-alone-black-tv-shows-cec/index.html?iid=cnn_buildContentRecirc_end_recirc,20240930022111,cdx,
https://www.cnn.com/2024/09/28/entertainment/video/hollywood-entertainment-music-katy-perry-steraming-television-the-walking-dead-daryl-dixon-norman-reedus-video-games-worms,20240929013652,cdx,
https://www.cnn.com/2024/09/28/entertainment/will-ferrell-new-doc-before-election-netflix/index.html,20240929014000,cdx,
https://www.cnn.com/2024/09/28/entertainment/will-ferrell-new-doc-before-election-netflix/index.html?utm_medium=social&utm_source=blueskyCNN&utm_content=2024-09-29T02%3A05%3A51,20240930193321,cdx,
https://www.cnn.com/2024/09/28/europe/austria-election-far-right-fpo-intl/index.html?utm_medium=social&utm_source=whatsappCNN&utm_content=2024-09-28T13:45:56,20240930234752,cdx,
https://www.cnn.com/2024/09/28/health/kids-social-media-dangers-wellness/index.html,20240929013933,cdx,
https://www.cnn.com/2024/09/28/health/kids-social-media-dangers-wellness/index.html?iid=cnn_buildContentRecirc_end_recirc,20240930164533,cdx,
https://www.cnn.com/2024/09/28/middleeast/hezbollah-leader-hassan-nasrallah-obituary-intl/index.html?soc_src=aolapp,20240930052411,cdx,
https://www.cnn.com/2024/09/28/middleeast/hezbollah-nasrallah-killed-israel-strikes-intl/index.html?09282024=,20240930203210,cdx,
https://www.cnn.com/2024/09/28/middleeast/hezbollah-nasrallah-killed-israel-strikes-intl/index.html?utm_source=ActiveCampaign&utm_medium=email&utm_content=Israel%20Kills%20Hezbollah%20Leader&utm_campaign=Israel%20Kills%20Hezbollah%20Leader,20240930225511,cdx,
https://www.cnn.com/2024/09/28/middleeast/iran-weighs-next-move-nasrallah-hezbollah-intl-cmd/,20240929063633,cdx,
https://www.cnn.com/2024/09/28/middleeast/iran-weighs-next-move-nasrallah-hezbollah-intl-cmd/index.html?utm_medium=social&utm_source=whatsappCNN&utm_content=2024-09-28T10:33:41,20240930054330,cdx,
https://www.cnn.com/2024/09/28/middleeast/nasrallah-killed-israel-next-steps-analysis-intl/index.html?iid=cnn_buildContentRecirc_end_recirc,20240930223432,cdx,
https://www.cnn.com/2024/09/28/politics/biden-hezbollah-nasrallah-killing-netanyahu/index.html,20240929014138,cdx,
https://www.cnn.com/2024/09/28/politics/biden-hezbollah-nasrallah-killing-netanyahu/index.html?cid=ios_app,20240929123758,cdx,
https://www.cnn.com/2024/09/28/politics/tim-walz-vice-president-debate/index.html?_bhlid=d183a2e310631d2c579be49806e4277d9870cb49,20240930233039,cdx,
https://www.cnn.com/2024/09/28/politics/tim-walz-vice-president-debate/index.html?ICID=ref_fark,20240930204930,cdx,
https://www.cnn.com/2024/09/28/politics/tim-walz-vice-president-debate/index.html?utm_source=fark&utm_medium=website&utm_content=link&ICID=ref_fark,20240930210850,cdx,
https://www.cnn.com/2024/09/28/politics/vance-vice-presidential-debate-preparation/index.html,20240929014439,cdx,
https://www.cnn.com/2024/09/28/politics/video/jd-vance-tim-walz-debate-smr-digvid,20240929013850,cdx,
https://www.cnn.com/2024/09/28/politics/video/trump-tariff-economy-boy-selling-tractors-roy-wood-jr-hignfy-digvid,20240929140752,cdx,
https://www.cnn.com/2024/09/28/science/bronze-age-battle-science-newsletter-wt/index.html?iid=cnn_buildContentRecirc_end_recirc,20240930224442,cdx,
https://www.cnn.com/2024/09/28/science/spacex-launch-starliner-crew-9-astronauts/index.html?cid=external-feeds_iluminar_yahoo,20240929174444,cdx,
https://www.cnn.com/2024/09/28/science/spacex-launch-starliner-crew-9-astronauts/index.html?iid=cnn_buildContentRecirc_end_recirc,20240930183330,cdx,
https://www.cnn.com/2024/09/28/sport/billie-jean-king-congressional-gold-medal-spt-intl/index.html,20240929013822,cdx,
https://www.cnn.com/2024/09/28/sport/karl-anthony-towns-new-york-julius-randle-minnesota-spt-intl/index.html,20240929013937,cdx,
https://www.cnn.com/2024/09/28/sport/mlb-tigers-royals-playoff-ohtani-spt-intl/index.html,20240929014122,cdx,
https://www.cnn.com/2024/09/28/sport/presidents-cup-usa-swept-by-internationals-spt-intl/,20240929180500,cdx,
https://www.cnn.com/2024/09/28/sport/wada-appeals-decision-jannik-sinner-positive-tests-spt-intl?cid=external-feeds_iluminar_cnn-brasil,20240930114508,cdx,
https://www.cnn.com/2024/09/28/style/miss-universe-korea-choi-soon-hwa-hnk-intl?cid=external-feeds_iluminar_cnn-brasil,20240930151104,cdx,
https://www.cnn.com/2024/09/28/us/north-carolina-trapped-helene-flooding/,20240929055259,cdx,
https://www.cnn.com/2024/09/28/us/north-carolina-trapped-helene-flooding/index.html?iid=cnn_buildContentRecirc_end_recirc,20240930223122,cdx,
https://www.cnn.com/2024/09/28/us/video/elon-musk-illegal-immigration-us-border-crisis-digvid,20240929135624,cdx,
https://www.cnn.com/2024/09/28/us/video/loch-ness-monster-roy-wood-jr-hignfy-digvid,20240929013910,cdx,
https://www.cnn.com/2024/09/28/us/video/rhyker-earl-handcuffed-by-police-following-medical-emergency-digvid,20240929010638,cdx,
https://www.cnn.com/2024/09/28/us/video/rhyker-earl-handcuffed-by-police-following-medical-emergency-digvid?cid=ios_app,20240929043640,cdx,
https://www.cnn.com/2024/09/28/weather/hurricane-helene-florida-georgia-carolinas/index.html?cid=external-feeds_iluminar_yahoo,20240930155820,cdx,
https://www.cnn.com/2024/09/28/weather/hurricane-helene-florida-georgia-carolinas/index.html?utm_source=blueskyCNN&utm_content=2024-09-28T12%3A49%3A37&utm_medium=social,20240930175325,cdx,
https://www.cnn.com/2024/09/28/weather/video/asheville-nc-helene-romo-nr-aftermath-digvid,20240929013842,cdx,
https://www.cnn.com/2024/09/28/weather/video/asheville-nc-helene-romo-nr-aftermath-digvid?utm_medium=social&utm_source=blueskyCNN&utm_content=2024-09-28T23%3A01%3A02,20240930181418,cdx,
https://www.cnn.com/2024/09/28/weather/video/helene-aftermath-flooding-north-carolina-tennessee-florida-digvid,20240929014355,cdx,
https://www.cnn.com/2024/09/28/world/video/israel-idf-strategy-hezbollah-hamas-robertson-nr-digvid,20240929013741,cdx,
https://www.cnn.com/2024/09/28/world/video/pope-francis-belgium-clerical-abuse-lamb-digvid,20240929014147,cdx,
https://www.cnn.com/2024/09/28/world/video/smr-david-sanger-netanyahu-defy-us,20240929014319,cdx,
https://www.cnn.com/2024/09/28/world/video/smr-miller-netanyahu-views-conflict-as-opportunity,20240929014154,cdx,
https://www.cnn.com/2024/09/29/business/goods-port-strike-east-gulf-coasts/,20240929235031,cdx,
https://www.cnn.com/2024/09/29/business/goods-port-strike-east-gulf-coasts/index.html,20240929221031,cdx,
https://www.cnn.com/2024/09/29/business/goods-port-strike-east-gulf-coasts/index.html?utm_campaign=mb&utm_medium=newsletter&utm_source=morning_brew,20240930102339,cdx,
https://www.cnn.com/2024/09/29/business/goods-port-strike-east-gulf-coasts?cid=ios_app,20240930030231,cdx,
https://www.cnn.com/2024/09/29/business/trump-tariffs-deere-attack-companies/,20240929115016,cdx,
https://www.cnn.com/2024/09/29/business/trump-tariffs-deere-attack-companies/index.html,20240929154814,cdx,
https://www.cnn.com/2024/09/29/business/video/snl-50-cold-open-harris-maya-rudolph-andy-samberg-jim-gaffigan-dana-carvey-mgw-digvid,20240929132910,cdx,
https://www.cnn.com/2024/09/29/entertainment/drake-hogestyn-days-of-our-lives-obit/,20240929055153,cdx,
https://www.cnn.com/2024/09/29/entertainment/drake-hogestyn-days-of-our-lives-obit/index.html,20240929043707,cdx,
https://www.cnn.com/2024/09/29/entertainment/drake-hogestyn-days-of-our-lives-obit/index.html?iid=cnn_buildContentRecirc_end_recirc,20240930194201,cdx,
https://www.cnn.com/2024/09/29/entertainment/drake-hogestyn-days-of-our-lives-obit?cid=ios_app,20240929142916,cdx,
https://www.cnn.com/2024/09/29/entertainment/john-ashton-beverly-hills-cop-actor-dead/,20240929230757,cdx,
https://www.cnn.com/2024/09/29/entertainment/john-ashton-beverly-hills-cop-actor-dead/index.html,20240929231459,cdx,
https://www.cnn.com/2024/09/29/entertainment/kris-kristofferson-singer-songwriter-dead/,20240930002142,cdx,
https://www.cnn.com/2024/09/29/entertainment/kris-kristofferson-singer-songwriter-dead/index.html,20240930002747,cdx,
https://www.cnn.com/2024/09/29/entertainment/kris-kristofferson-singer-songwriter-dead/index.html?iid=cnn_buildContentRecirc_end_recirc,20240930220154,cdx,
https://www.cnn.com/2024/09/29/entertainment/snl-season-50-premiere-harris-trump/,20240929055203,cdx,
https://www.cnn.com/2024/09/29/entertainment/snl-season-50-premiere-harris-trump/index.html,20240929132907,cdx,
https://www.cnn.com/2024/09/29/entertainment/snl-season-50-premiere-harris-trump/index.html?iid=cnn_buildContentRecirc_end_recirc,20240930022115,cdx,
https://www.cnn.com/2024/09/29/entertainment/video/kris-kristofferson-singer-obit-elam-digvid,20240930103657,cdx,
https://www.cnn.com/2024/09/29/entertainment/video/moo-deng-chappell-roan-bowen-yang-snl-digvid,20240930053310,cdx,
https://www.cnn.com/2024/09/29/europe/austria-election-results-freedom-party-intl-hnk/,20240930020518,cdx,
https://www.cnn.com/2024/09/29/europe/austria-election-results-freedom-party-intl-hnk/index.html,20240930190946,cdx,
https://www.cnn.com/2024/09/29/europe/austria-election-results-freedom-party-intl-hnk?cid=ios_app,20240930043403,cdx,
https://www.cnn.com/2024/09/29/europe/migrant-boat-sinks-canary-islands-intl/,20240929183652,cdx,
https://www.cnn.com/2024/09/29/europe/migrant-boat-sinks-canary-islands-intl/index.html,20240929230834,cdx,
https://www.cnn.com/2024/09/29/europe/migrant-boat-sinks-canary-islands-intl?cid=ios_app,20240930061039,cdx,
https://www.cnn.com/2024/09/29/health/covid-wastewater-testing-map-dg/,20240929142158,cdx,
https://www.cnn.com/2024/09/29/health/covid-wastewater-testing-map-dg/index.html,20240929130849,cdx,
https://www.cnn.com/2024/09/29/health/covid-wastewater-testing-map-dg/index.html?iid=cnn_buildContentRecirc_end_recirc,20240930022055,cdx,
https://www.cnn.com/2024/09/29/health/oprah-winfrey-weight-diet-culture-wellness/,20240929163719,cdx,
https://www.cnn.com/2024/09/29/health/oprah-winfrey-weight-diet-culture-wellness/index.html,20240929171220,cdx,
https://www.cnn.com/2024/09/29/media/brian-williams-amazon-prime-video-election-night/,20240930153415,cdx,
https://www.cnn.com/2024/09/29/media/brian-williams-amazon-prime-video-election-night/index.html,20240930223049,cdx,
https://www.cnn.com/2024/09/29/media/brian-williams-amazon-prime-video-election-night/index.html?bt_ee=vPubjlLkW1gs8yiBPmN%2BGqep71YTbD%2FkJvRQ5eU4n2Rv%2F3LufDHYaeQctXVPY211&bt_ts=1727700626912,20240930223426,cdx,
https://www.cnn.com/2024/09/29/media/brian-williams-amazon-prime-video-election-night/index.html?utm_term=17277006269107d550e2ab43a&utm_source=cnn_Reliable+Sources+%E2%80%93+Sept.+30%2C+2024&utm_medium=email&bt_ee=vPubjlLkW1gs8yiBPmN%2BGqep71YTbD%2FkJvRQ5eU4n2Rv%2F3LufDHYaeQctXVPY211&bt_ts=1727700626912,20240930223047,cdx,
https://www.cnn.com/2024/09/29/media/brian-williams-amazon-prime-video-election-night/index.html?iid=cnn_buildContentRecirc_end_recirc,20240930022049,cdx,
https://www.cnn.com/2024/09/29/middleeast/israel-lebanon-war-devastation-beirut-intl-latam/,20240929230730,cdx,
https://www.cnn.com/2024/09/29/middleeast/israel-lebanon-war-devastation-beirut-intl-latam/index.html,20240930222414,cdx,
https://www.cnn.com/2024/09/29/middleeast/israel-war-lebanon-history-consequences-wedeman-intl/,20240929213814,cdx,
https://www.cnn.com/2024/09/29/middleeast/israel-war-lebanon-history-consequences-wedeman-intl/index.html,20240929222431,cdx,
https://www.cnn.com/2024/09/29/middleeast/what-might-come-next-as-hezbollah-reels-from-nasrallahs-killing-and-israel-mulls-the-possibility-of-a-lebanon-ground-incursion/,20240929072213,cdx,
https://www.cnn.com/2024/09/29/middleeast/what-might-come-next-as-hezbollah-reels-from-nasrallahs-killing-and-israel-mulls-the-possibility-of-a-lebanon-ground-incursion/index.html,20240929074030,cdx,
https://www.cnn.com/2024/09/29/politics/alabama-justice-department-election-lawsuit/,20240929200830,cdx,
https://www.cnn.com/2024/09/29/politics/alabama-justice-department-election-lawsuit/index.html,20240929201109,cdx,
https://www.cnn.com/2024/09/29/politics/breakthrough-polling-project-trump-harris-springfield/,20240929091949,cdx,
https://www.cnn.com/2024/09/29/politics/breakthrough-polling-project-trump-harris-springfield/index.html,20240929130024,cdx,
https://www.cnn.com/2024/09/29/politics/breakthrough-polling-project-trump-harris-springfield/index.html?iid=cnn_buildContentRecirc_end_recirc,20240930213950,cdx,
https://www.cnn.com/2024/09/29/politics/breakthrough-polling-project-trump-harris-springfield?cid=ios_app,20240929120149,cdx,
https://www.cnn.com/2024/09/29/politics/cornyn-thune-supreme-court-plans/,20240929092037,cdx,
https://www.cnn.com/2024/09/29/politics/cornyn-thune-supreme-court-plans/index.html,20240929092432,cdx,
https://www.cnn.com/2024/09/29/politics/cornyn-thune-supreme-court-plans/index.html?iid=cnn_buildContentRecirc_end_recirc,20240930022126,cdx,
https://www.cnn.com/2024/09/29/politics/fact-check-trump-harris-immigrants-homicide/,20240929140813,cdx,
https://www.cnn.com/2024/09/29/politics/fact-check-trump-harris-immigrants-homicide/index.html,20240929153100,cdx,
"https://www.cnn.com/2024/09/29/politics/fact-check-trump-harris-immigrants-homicide/index.html?Date=20240929&Profile=cnn,cnnpolitics",20240929170652,cdx,
https://www.cnn.com/2024/09/29/politics/fact-check-trump-harris-immigrants-homicide/index.html?iid=cnn_buildContentRecirc_end_recirc,20240930022059,cdx,
https://www.cnn.com/2024/09/29/politics/fact-check-trump-harris-immigrants-homicide?cid=ios_app,20240930203948,cdx,
https://www.cnn.com/2024/09/29/politics/kamala-harris-senior-voters-election-analysis/,20240929142235,cdx,
https://www.cnn.com/2024/09/29/politics/kamala-harris-senior-voters-election-analysis/index.html,20240930014553,cdx,
https://www.cnn.com/2024/09/29/politics/new-hampshire-governors-race-2024/,20240929102548,cdx,
https://www.cnn.com/2024/09/29/politics/new-hampshire-governors-race-2024/index.html,20240929185634,cdx,
https://www.cnn.com/2024/09/29/politics/trump-insults-harris-republican-reaction/,20240930020459,cdx,
https://www.cnn.com/2024/09/29/politics/trump-insults-harris-republican-reaction/index.html,20240930043328,cdx,
https://www.cnn.com/2024/09/29/politics/video/graham-reacts-trump-harris-mentally-disabled-sotu-digvid,20240929171217,cdx,
https://www.cnn.com/2024/09/29/politics/video/kirby-nasrallah-death-white-house-sotu-digvid,20240929171016,cdx,
https://www.cnn.com/2024/09/29/politics/video/sotu-kirby-full-interview,20240930201142,cdx,
https://www.cnn.com/2024/09/29/politics/video/sotu-pritzker-harris-border-stance,20240930074831,cdx,
https://www.cnn.com/2024/09/29/politics/what-disables-terrorist-groups-nasrallah-hezbollah/,20240929042221,cdx,
https://www.cnn.com/2024/09/29/politics/what-disables-terrorist-groups-nasrallah-hezbollah/index.html,20240929041248,cdx,
https://www.cnn.com/2024/09/29/science/spacex-crew-9-iss-starliner-astronauts/,20240929142125,cdx,
https://www.cnn.com/2024/09/29/science/spacex-crew-9-iss-starliner-astronauts/index.html,20240929141948,cdx,
https://www.cnn.com/2024/09/29/science/spacex-crew-9-iss-starliner-astronauts/index.html?Date=20240929&Profile=CNN&utm_content=1727646240&utm_medium=social&utm_source=twitter,20240930032458,cdx,
https://www.cnn.com/2024/09/29/science/spacex-crew-9-iss-starliner-astronauts/index.html?iid=cnn_buildContentRecirc_end_recirc,20240930022054,cdx,
https://www.cnn.com/2024/09/29/sport/cole-palmer-chelsea-premier-league-four-goals-spt-intl/,20240930171416,cdx,
https://www.cnn.com/2024/09/29/sport/cole-palmer-chelsea-premier-league-four-goals-spt-intl/index.html,20240930014556,cdx,
https://www.cnn.com/2024/09/29/sport/college-football-saturday-round-up-alabama-georgia-spt-intl/,20240930192741,cdx,
https://www.cnn.com/2024/09/29/sport/college-football-saturday-round-up-alabama-georgia-spt-intl/index.html,20240929155711,cdx,
https://www.cnn.com/2024/09/29/sport/nfl-week-4-sunday-preview-spt-intl/index.html,20240929120747,cdx,
https://www.cnn.com/2024/09/29/sport/tadej-pogacar-world-championship-spt-intl/index.html,20240929214641,cdx,
https://www.cnn.com/2024/09/29/style/operation-match-patsy-jeff-tarr/,20240929163709,cdx,
https://www.cnn.com/2024/09/29/style/operation-match-patsy-jeff-tarr/index.html,20240929165513,cdx,
https://www.cnn.com/2024/09/29/tech/newsom-california-ai-safety-bill/,20240929213800,cdx,
https://www.cnn.com/2024/09/29/tech/newsom-california-ai-safety-bill/index.html,20240929212621,cdx,
https://www.cnn.com/2024/09/29/us/5-things-sunday-september-29-trnd/,20240929142217,cdx,
https://www.cnn.com/2024/09/29/us/5-things-sunday-september-29-trnd/index.html,20240929155944,cdx,
https://www.cnn.com/2024/09/29/us/elon-musk-immigration-gray-area-cec/,20240929072201,cdx,
https://www.cnn.com/2024/09/29/us/elon-musk-immigration-gray-area-cec/index.html,20240929135614,cdx,
https://www.cnn.com/2024/09/29/us/elon-musk-immigration-gray-area-cec/index.html?iid=cnn_buildContentRecirc_end_recirc,20240930022057,cdx,
https://www.cnn.com/2024/09/29/us/helene-north-carolina-asheville-communites/,20240930045441,cdx,
https://www.cnn.com/2024/09/29/us/librarytok-tiktok-book-bans-cec/,20240930112513,cdx,
https://www.cnn.com/2024/09/29/us/librarytok-tiktok-book-bans-cec/index.html,20240930051352,cdx,
https://www.cnn.com/2024/09/29/us/rhyker-earl-bodycam-footage-epilepsy/,20240930045421,cdx,
https://www.cnn.com/2024/09/29/us/rhyker-earl-bodycam-footage-epilepsy/index.html,20240930043112,cdx,
https://www.cnn.com/2024/09/29/us/rockdale-county-biolab-fire-georgia/,20240929183805,cdx,
https://www.cnn.com/2024/09/29/us/rockdale-county-biolab-fire-georgia/index.html,20240929192239,cdx,
https://www.cnn.com/2024/09/29/us/rockdale-county-biolab-fire-georgia/index.html?Date=20240929&Profile=cnnbrk&utm_content=1727634258&utm_medium=social&utm_source=twitter,20240930033155,cdx,
https://www.cnn.com/2024/09/29/us/rockdale-county-biolab-fire-georgia/index.html?fbclid=IwY2xjawFn2NRleHRuA2FlbQIxMAABHZrqAHTSh0WaGEWZtvcRMd7RO5pWfnG_Jt3i30H5UApM8olJ1a1cIFhBbg_aem_FggveJ3AAk01esI_lNeO0Q,20240930225501,cdx,
https://www.cnn.com/2024/09/29/us/rockdale-county-biolab-fire-georgia/index.html?iid=cnn_buildContentRecirc_end_recirc,20240930022103,cdx,
https://www.cnn.com/2024/09/29/us/rockdale-county-biolab-fire-georgia?cid=ios_app,20240929212044,cdx,
https://www.cnn.com/2024/09/29/us/titan-submersible-hearing-takeaways/,20240929115046,cdx,
https://www.cnn.com/2024/09/29/us/titan-submersible-hearing-takeaways/index.html,20240929155044,cdx,
https://www.cnn.com/2024/09/29/us/us-violent-crime-rates-down-dg/,20240929150715,cdx,
https://www.cnn.com/2024/09/29/us/us-violent-crime-rates-down-dg/index.html,20240929195730,cdx,
https://www.cnn.com/2024/09/29/us/us-violent-crime-rates-down-dg/index.html?cid=ios_app,20240930170742,cdx,
https://www.cnn.com/2024/09/29/us/us-violent-crime-rates-down-dg/index.html?iid=cnn_buildContentRecirc_end_recirc,20240930175702,cdx,
https://www.cnn.com/2024/09/29/us/us-violent-crime-rates-down-dg?cid=external-feeds_iluminar_yahoo,20240930223355,cdx,
https://www.cnn.com/2024/09/29/weather/hurricane-helene-florida-georgia-carolinas-sunday/,20240929055144,cdx,
https://www.cnn.com/2024/09/29/weather/hurricane-helene-florida-georgia-carolinas-sunday/index.html,20240929115309,cdx,
https://www.cnn.com/2024/09/29/weather/hurricane-helene-florida-georgia-carolinas-sunday/index.html?iid=cnn_buildContentRecirc_end_recirc,20240930022047,cdx,
https://www.cnn.com/2024/09/29/weather/hurricane-helene-florida-georgia-carolinas-sunday?s=09,20240929202512,cdx,
https://www.cnn.com/2024/09/29/weather/hurricane-helene-recovery-cleanup-monday/,20240930065353,cdx,
https://www.cnn.com/2024/09/29/weather/video/asheville-helene-damage-romo-digvid,20240929224200,cdx,
https://www.cnn.com/2024/09/29/world/video/beirut-lebanon-airstrike-israel-hezbollah-digvid,20240930030442,cdx,
https://www.cnn.com/2024/09/29/world/video/beirut-strikes-civilians-karadsheh-cnntm-digvid,20240929130410,cdx,
https://www.cnn.com/2024/09/29/world/video/beirut-strikes-civilians-karadsheh-cnntm-digvid?cid=ios_app,20240929152142,cdx,
https://www.cnn.com/2024/09/29/world/video/gps0929-blair-on-global-democracy,20240930224146,cdx,
https://www.cnn.com/2024/09/29/world/video/gps0929-tony-blair-on-leadership,20240930222000,cdx,
https://www.cnn.com/2024/09/29/world/video/iran-president-pezeshkian-womens-rights-zakaria-gps-digvid,20240929171442,cdx,
https://www.cnn.com/2024/09/29/world/video/koala-brisbane-australia-breeding-season-ldn-digvid,20240929230325,cdx,
https://www.cnn.com/2024/09/29/world/video/lebanon-conflict-israel-leighton-elgamal-digvid,20240929152559,cdx,
https://www.cnn.com/2024/09/29/world/video/yemen-explosions-israeli-strikes-port-sciutto-digvid,20240929221542,cdx,
https://www.cnn.com/2024/09/30/asia/itaewon-crush-police-head-sentencing-intl-hnk/,20240930115211,cdx,
https://www.cnn.com/2024/09/30/asia/itaewon-crush-police-head-sentencing-intl-hnk/index.html,20240930210413,cdx,
https://www.cnn.com/2024/09/30/asia/itaewon-crush-police-head-sentencing-intl-hnk/index.html?iid=cnn_buildContentRecirc_end_recirc,20240930112926,cdx,
https://www.cnn.com/2024/09/30/asia/nepal-floods-kathmandu-climate-intl-hnk/,20240930065449,cdx,
https://www.cnn.com/2024/09/30/asia/nepal-floods-kathmandu-climate-intl-hnk/index.html,20240930133254,cdx,
https://www.cnn.com/2024/09/30/asia/nepal-floods-kathmandu-climate-intl-hnk/index.html?iid=cnn_buildContentRecirc_end_recirc,20240930163140,cdx,
https://www.cnn.com/2024/09/30/business/audacy-bankruptcy-soros-gop/,20240930213731,cdx,
https://www.cnn.com/2024/09/30/business/audacy-bankruptcy-soros-gop/index.html,20240930214208,cdx,
https://www.cnn.com/2024/09/30/business/boeing-737-rudder-faa-ntsb/,20240930213703,cdx,
https://www.cnn.com/2024/09/30/business/china-national-day-economic-downturn-intl-hnk/,20240930065309,cdx,
https://www.cnn.com/2024/09/30/business/china-national-day-economic-downturn-intl-hnk/index.html,20240930132521,cdx,
https://www.cnn.com/2024/09/30/business/ports-strike-deadline/,20240930112637,cdx,
https://www.cnn.com/2024/09/30/business/ports-strike-deadline/index.html,20240930142649,cdx,
https://www.cnn.com/2024/09/30/business/ports-strike-deadline?cid=external-feeds_iluminar_yahoo,20240930123527,cdx,
https://www.cnn.com/2024/09/30/business/stellantis-profits-plunge-china-competition/,20240930115204,cdx,
https://www.cnn.com/2024/09/30/business/stellantis-profits-plunge-china-competition/index.html,20240930132804,cdx,
https://www.cnn.com/2024/09/30/business/stellantis-profits-plunge-china-competition?cid=external-feeds_iluminar_yahoo,20240930181641,cdx,
https://www.cnn.com/2024/09/30/business/stellantis-recall-jeep/,20240930213744,cdx,
https://www.cnn.com/2024/09/30/business/stellantis-recall-jeep/index.html,20240930223014,cdx,
https://www.cnn.com/2024/09/30/business/video/boars-head-plant-closure-listeria-effects-virginia-digvid,20240930190250,cdx,
https://www.cnn.com/2024/09/30/business/video/candela-electric-flying-ferry-digvid,20240930192839,cdx,
https://www.cnn.com/2024/09/30/cars/china-byd-recall-hnk-intl/,20240930085409,cdx,
https://www.cnn.com/2024/09/30/china/china-unveils-moon-landing-spacesuit-intl-hnk/,20240930065425,cdx,
https://www.cnn.com/2024/09/30/climate/amazon-rivers-drought-satellite-pictures/,20240930085412,cdx,
https://www.cnn.com/2024/09/30/climate/amazon-rivers-drought-satellite-pictures/index.html,20240930081640,cdx,
https://www.cnn.com/2024/09/30/climate/amazon-rivers-drought-satellite-pictures?cid=external-feeds_iluminar_cnn-brasil,20240930183732,cdx,
https://www.cnn.com/2024/09/30/climate/uk-coal-plant-end-fossil-fuels/,20240930152536,cdx,
https://www.cnn.com/2024/09/30/climate/uk-coal-plant-end-fossil-fuels/index.html,20240930214922,cdx,
https://www.cnn.com/2024/09/30/economy/housing-market-home-sales-redfin-report/,20240930115419,cdx,
https://www.cnn.com/2024/09/30/economy/housing-market-home-sales-redfin-report/index.html,20240930183826,cdx,
https://www.cnn.com/2024/09/30/entertainment/barbra-streisand-kris-kristofferson/,20240930213753,cdx,
https://www.cnn.com/2024/09/30/entertainment/barbra-streisand-kris-kristofferson/index.html,20240930202526,cdx,
https://www.cnn.com/2024/09/30/entertainment/bts-suga-scooter-fine-scli-intl/,20240930115209,cdx,
https://www.cnn.com/2024/09/30/entertainment/bts-suga-scooter-fine-scli-intl/index.html,20240930192230,cdx,
https://www.cnn.com/2024/09/30/entertainment/bts-suga-scooter-fine-scli-intl/index.html?utm_source=fark&utm_medium=website&utm_content=link&ICID=ref_fark,20240930203942,cdx,
https://www.cnn.com/2024/09/30/entertainment/damian-lewis-sheep-drive-scli-intl/,20240930143923,cdx,
https://www.cnn.com/2024/09/30/entertainment/damian-lewis-sheep-drive-scli-intl/index.html,20240930193831,cdx,
https://www.cnn.com/2024/09/30/entertainment/frances-bean-cobain-riley-hawk-baby/,20240930190816,cdx,
https://www.cnn.com/2024/09/30/entertainment/frances-bean-cobain-riley-hawk-baby/index.html,20240930202715,cdx,
https://www.cnn.com/2024/09/30/entertainment/gavin-creel-death/,20240930213545,cdx,
https://www.cnn.com/2024/09/30/entertainment/gavin-creel-death/index.html,20240930213600,cdx,
https://www.cnn.com/2024/09/30/entertainment/logan-paul-nina-agdal-baby-intl-scli/,20240930115208,cdx,
https://www.cnn.com/2024/09/30/entertainment/logan-paul-nina-agdal-baby-intl-scli/index.html,20240930221935,cdx,
https://www.cnn.com/2024/09/30/entertainment/oasis-north-american-tour-dates/,20240930160651,cdx,
https://www.cnn.com/2024/09/30/entertainment/oasis-north-american-tour-dates/index.html,20240930182552,cdx,
https://www.cnn.com/2024/09/30/entertainment/rust-armorer-conviction-upheld/,20240930173840,cdx,
https://www.cnn.com/2024/09/30/entertainment/rust-armorer-conviction-upheld/index.html,20240930185920,cdx,
https://www.cnn.com/2024/09/30/entertainment/rust-armorer-conviction-upheld?Date=20240930&Profile=CNN,20240930215916,cdx,
https://www.cnn.com/2024/09/30/entertainment/rust-armorer-conviction-upheld?Date=20240930&Profile=CNN&utm_content=1727715802&utm_medium=social&utm_source=twitter,20240930211929,cdx,
https://www.cnn.com/2024/09/30/entertainment/rust-armorer-conviction-upheld?Date=20240930&Profile=cnni,20240930231521,cdx,
https://www.cnn.com/2024/09/30/entertainment/video/hollywood-entertainment-movies-joker-folie-a-deux-saturday-night-smile-2-venom-the-last-dance,20240930224047,cdx,
https://www.cnn.com/2024/09/30/europe/le-pen-embezzling-eu-funds-intl/index.html,20240930210328,cdx,
https://www.cnn.com/2024/09/30/health/cannabis-marijuana-rescheduling-wellness/,20240930173727,cdx,
https://www.cnn.com/2024/09/30/health/cannabis-marijuana-rescheduling-wellness/index.html,20240930192316,cdx,
https://www.cnn.com/2024/09/30/health/marburg-virus-rwanda-outbreak-disease,20240930205219,cdx,
https://www.cnn.com/2024/09/30/health/marburg-virus-rwanda-outbreak-disease/index.html,20240930202859,cdx,
https://www.cnn.com/2024/09/30/health/marburg-virus-rwanda-outbreak-disease/index.html?utm_medium=social&utm_source=whatsappCNN&utm_content=2024-09-30T21:18:20,20240930221347,cdx,
https://www.cnn.com/2024/09/30/health/trump-vaccine-skepticism-partner-kff-health-news/,20240930115123,cdx,
https://www.cnn.com/2024/09/30/health/trump-vaccine-skepticism-partner-kff-health-news/index.html,20240930131015,cdx,
https://www.cnn.com/2024/09/30/media/directv-dish-network-merger,20240930122941,cdx,
https://www.cnn.com/2024/09/30/media/directv-dish-network-merger/index.html,20240930134801,cdx,
https://www.cnn.com/2024/09/30/media/directv-dish-network-merger/index.html?curator=MediaREDEF,20240930212214,cdx,
https://www.cnn.com/2024/09/30/media/hurricane-helene-local-radio-north-carolina/,20240930131102,cdx,
https://www.cnn.com/2024/09/30/media/hurricane-helene-local-radio-north-carolina/index.html,20240930134510,cdx,
https://www.cnn.com/2024/09/30/middleeast/hezbollah-leaders-assassinated-israel-intl/,20240930213613,cdx,
https://www.cnn.com/2024/09/30/middleeast/hezbollah-leaders-assassinated-israel-intl/index.html,20240930202133,cdx,
https://www.cnn.com/2024/09/30/middleeast/hezbollah-leaders-assassinated-israel-intl/index.html?iid=cnn-mobile-app,20240930223843,cdx,
https://www.cnn.com/2024/09/30/middleeast/idf-nic-robertson-mission-embed-intl-hnk/,20240930130654,cdx,
https://www.cnn.com/2024/09/30/middleeast/idf-nic-robertson-mission-embed-intl-hnk/index.html,20240930195142,cdx,
https://www.cnn.com/2024/09/30/middleeast/israel-attack-nasrallah-2000-pound-bombs-intl/,20240930162315,cdx,
https://www.cnn.com/2024/09/30/middleeast/israel-attack-nasrallah-2000-pound-bombs-intl/index.html,20240930183514,cdx,
https://www.cnn.com/2024/09/30/middleeast/israel-popularity-netanyahu-hezbollah-intl/,20240930130705,cdx,
https://www.cnn.com/2024/09/30/middleeast/israel-popularity-netanyahu-hezbollah-intl/index.html,20240930154410,cdx,
https://www.cnn.com/2024/09/30/politics/america-israel-lebanon-war-analysis?cid=ios_app,20240930235228,cdx,
https://www.cnn.com/2024/09/30/politics/asian-american-voters-georgia-harris-trump/,20240930190736,cdx,
https://www.cnn.com/2024/09/30/politics/asian-american-voters-georgia-harris-trump/index.html,20240930213624,cdx,
https://www.cnn.com/2024/09/30/politics/asian-american-voters-georgia-harris-trump/index.html?cid=ios_app,20240930233018,cdx,
https://www.cnn.com/2024/09/30/politics/biden-administration-iran-israel-nasrallah-intl-hnk/,20240930065334,cdx,
https://www.cnn.com/2024/09/30/politics/biden-administration-iran-israel-nasrallah-intl-hnk/index.html,20240930113621,cdx,
https://www.cnn.com/2024/09/30/politics/fact-check-trump-election-lies-2024/,20240930045411,cdx,
https://www.cnn.com/2024/09/30/politics/fact-check-trump-election-lies-2024/index.html,20240930042909,cdx,
https://www.cnn.com/2024/09/30/politics/fact-check-trump-election-lies-2024?cid=external-feeds_iluminar_msn,20240930134040,cdx,
https://www.cnn.com/2024/09/30/politics/fact-check-trump-election-lies-2024?cid=ios_app,20240930072708,cdx,
https://www.cnn.com/2024/09/30/politics/fbi-training-academy-sexual-discrimination,20240930215847,cdx,
https://www.cnn.com/2024/09/30/politics/fbi-training-academy-sexual-discrimination/index.html,20240930203227,cdx,
https://www.cnn.com/2024/09/30/politics/georgia-abortion-ban/,20240930213101,cdx,
https://www.cnn.com/2024/09/30/politics/georgia-abortion-ban/index.html,20240930211221,cdx,
https://www.cnn.com/2024/09/30/politics/georgia-hand-ballots-rule-democrats-lawsuit/,20240930173838,cdx,
https://www.cnn.com/2024/09/30/politics/georgia-hand-ballots-rule-democrats-lawsuit/index.html,20240930182857,cdx,
https://www.cnn.com/2024/09/30/politics/georgia-hand-ballots-rule-democrats-lawsuit?cid=ios_app,20240930204842,cdx,
https://www.cnn.com/2024/09/30/politics/hochul-adams-new-york/,20240930213636,cdx,
https://www.cnn.com/2024/09/30/politics/hochul-adams-new-york/index.html,20240930222748,cdx,
https://www.cnn.com/2024/09/30/politics/hochul-adams-new-york?cid=ios_app,20240930212019,cdx,
https://www.cnn.com/2024/09/30/politics/hurricane-helene-north-carolina-mail-in-voting/,20240930230924,cdx,
https://www.cnn.com/2024/09/30/politics/hurricane-helene-north-carolina-mail-in-voting/index.html,20240930225557,cdx,
https://www.cnn.com/2024/09/30/politics/hurricane-helene-north-carolina-mail-in-voting?cid=ios_app,20240930230003,cdx,
https://www.cnn.com/2024/09/30/politics/jimmy-carter-presidents-what-matters/,20240930213639,cdx,
https://www.cnn.com/2024/09/30/politics/jimmy-carter-presidents-what-matters/index.html,20240930222521,cdx,
https://www.cnn.com/2024/09/30/politics/kamala-harris-hurricane-helene-campaign/,20240930115145,cdx,
https://www.cnn.com/2024/09/30/politics/man-charged-trump-michigan-explosives/,20240930213803,cdx,
https://www.cnn.com/2024/09/30/politics/man-charged-trump-michigan-explosives/index.html,20240930212548,cdx,
https://www.cnn.com/2024/09/30/politics/migrant-crossing-numbers-drop/,20240930162304,cdx,
https://www.cnn.com/2024/09/30/politics/migrant-crossing-numbers-drop/index.html,20240930213357,cdx,
https://www.cnn.com/2024/09/30/politics/mike-johnson-house-republican-october/,20240930110527,cdx,
https://www.cnn.com/2024/09/30/politics/mike-johnson-house-republican-october/index.html,20240930193839,cdx,
https://www.cnn.com/2024/09/30/politics/ryan-wesley-routh-trump-assassination-attempt-plea,20240930163803,cdx,
https://www.cnn.com/2024/09/30/politics/ryan-wesley-routh-trump-assassination-attempt-plea/index.html,20240930185540,cdx,
https://www.cnn.com/2024/09/30/politics/ryan-wesley-routh-trump-assassination-attempt-plea/index.html?cid=external-feeds_iluminar_yahoo,20240930223128,cdx,
https://www.cnn.com/2024/09/30/politics/student-loan-on-ramp-ends/,20240930093810,cdx,
https://www.cnn.com/2024/09/30/politics/student-loan-on-ramp-ends?cid=ios_app,20240930204602,cdx,
https://www.cnn.com/2024/09/30/politics/supreme-court-religious-freedom-church-state/,20240930115221,cdx,
https://www.cnn.com/2024/09/30/politics/supreme-court-religious-freedom-church-state/index.html,20240930175923,cdx,
https://www.cnn.com/2024/09/30/politics/us-crime-statistics-fbi-2024/,20240930162220,cdx,
https://www.cnn.com/2024/09/30/politics/us-crime-statistics-fbi-2024/index.html,20240930210043,cdx,
https://www.cnn.com/2024/09/30/politics/vance-obamacare-pre-existing-conditions/,20240930213711,cdx,
https://www.cnn.com/2024/09/30/politics/vance-obamacare-pre-existing-conditions/index.html,20240930202340,cdx,
https://www.cnn.com/2024/09/30/politics/vance-walz-past-debates/,20240930085323,cdx,
https://www.cnn.com/2024/09/30/politics/vance-walz-past-debates/index.html,20240930082040,cdx,
https://www.cnn.com/2024/09/30/politics/veterans-affairs-jd-vance-tim-walz/,20240930143943,cdx,
https://www.cnn.com/2024/09/30/politics/veterans-affairs-jd-vance-tim-walz/index.html,20240930151312,cdx,
https://www.cnn.com/2024/09/30/politics/veterans-affairs-jd-vance-tim-walz?bt_ee=D46eXFCPSJA%2BIhGF6GIi1OqwMN%2FMpSF2WjJ04ufF8F4rLpsLTQhlfj3qWkSwJGU3&bt_ts=1727706176435,20240930233248,cdx,
https://www.cnn.com/2024/09/30/politics/veterans-affairs-jd-vance-tim-walz?utm_term=172770617643220ba5ff8e6e9&utm_source=cnn_Breaking+News&utm_medium=email&bt_ee=D46eXFCPSJA%2BIhGF6GIi1OqwMN%2FMpSF2WjJ04ufF8F4rLpsLTQhlfj3qWkSwJGU3&bt_ts=1727706176435,20240930201051,cdx,
https://www.cnn.com/2024/09/30/politics/video/the-lead-tim-walz-jd-vance-vice-presidential-debate-2024-election-jake-tapper,20240930230750,cdx,
https://www.cnn.com/2024/09/30/politics/video/virginia-gop-candidate-derrick-anderson-borrowed-family-ip-digvid,20240930222458,cdx,
https://www.cnn.com/2024/09/30/politics/video/walz-nerves-vp-debate-vance-ctm-digvid,20240930183122,cdx,
https://www.cnn.com/2024/09/30/science/everest-height-growth-river-piracy/,20240930173720,cdx,
https://www.cnn.com/2024/09/30/science/everest-height-growth-river-piracy/index.html,20240930182710,cdx,
https://www.cnn.com/2024/09/30/science/everest-height-growth-river-piracy/index.html?utm_term=17277341986968d1312872b95&utm_source=cnn_Evening+Newsletter+-+Monday%2C+September+30+2024&utm_medium=email&bt_ee=VxsuRl2bjA%2FUq3sOZ%2BPlnpbp94Lta9Hgyzp6Grir1mw%3D&bt_ts=1727734198699,20240930234748,cdx,
https://www.cnn.com/2024/09/30/sport/chicago-cubs-ian-happ-beer-money-spt-intl/,20240930223730,cdx,
https://www.cnn.com/2024/09/30/sport/chicago-cubs-ian-happ-beer-money-spt-intl/index.html,20240930191218,cdx,
https://www.cnn.com/2024/09/30/sport/dikembe-mutombo-death-nba-spt-intl/,20240930225832,cdx,
https://www.cnn.com/2024/09/30/sport/dikembe-mutombo-death-nba-spt-intl/index.html,20240930184106,cdx,
https://www.cnn.com/2024/09/30/sport/dikembe-mutombo-death-nba-spt-intl?Date=20240930&Profile=cnnbrk&utm_content=1727711499&utm_medium=social&utm_source=twitter,20240930210325,cdx,
https://www.cnn.com/2024/09/30/sport/european-football-wrap-manchester-united-tottenham-spt-intl/index.html,20240930221420,cdx,
https://www.cnn.com/2024/09/30/sport/nfl-week-4-sunday-review-spt-intl/index.html,20240930191028,cdx,
https://www.cnn.com/2024/09/30/sport/sabrina-ionescu-liberty-aces-sun-lynx-spt-intl/,20240930151034,cdx,
https://www.cnn.com/2024/09/30/sport/sabrina-ionescu-liberty-aces-sun-lynx-spt-intl/index.html,20240930112655,cdx,
https://www.cnn.com/2024/09/30/sport/san-marino-soccer-team-spt-intl/,20240930161059,cdx,
https://www.cnn.com/2024/09/30/sport/san-marino-soccer-team-spt-intl/index.html,20240930192910,cdx,
https://www.cnn.com/2024/09/30/sport/san-marino-soccer-team-spt-intl?cid=external-feeds_iluminar_cnn-brasil,20240930183640,cdx,
https://www.cnn.com/2024/09/30/sport/team-usa-presidents-cup-win-2024-spt-intl/index.html,20240930154934,cdx,
https://www.cnn.com/2024/09/30/sport/video/dikembe-mutombo-death-nba-digvid,20240930190850,cdx,
https://www.cnn.com/2024/09/30/style/caroline-furneaux-mothers-photo-book/,20240930115113,cdx,
https://www.cnn.com/2024/09/30/style/caroline-furneaux-mothers-photo-book/index.html,20240930163847,cdx,
https://www.cnn.com/2024/09/30/style/caroline-furneaux-mothers-photo-book?cid=ios_app,20240930184713,cdx,
https://www.cnn.com/2024/09/30/style/china-unveils-moon-landing-spacesuit-intl-hnk,20240930094022,cdx,
https://www.cnn.com/2024/09/30/style/china-unveils-moon-landing-spacesuit-intl-hnk/index.html,20240930135229,cdx,
https://www.cnn.com/2024/09/30/style/look-of-the-week-gigi-hadid-mini-dress-packing-tape/,20240930190746,cdx,
https://www.cnn.com/2024/09/30/style/look-of-the-week-gigi-hadid-mini-dress-packing-tape/index.html,20240930193245,cdx,
https://www.cnn.com/2024/09/30/tech/iphone-16-presales-apple-intelligence/,20240930223957,cdx,
https://www.cnn.com/2024/09/30/tech/iphone-16-presales-apple-intelligence/index.html,20240930195906,cdx,
https://www.cnn.com/2024/09/30/tech/verizon-outage/,20240930173736,cdx,
https://www.cnn.com/2024/09/30/tech/verizon-outage/index.html,20240930192847,cdx,
https://www.cnn.com/2024/09/30/travel/new-zealand-world-record-haka-intl-hnk/,20240930065434,cdx,
https://www.cnn.com/2024/09/30/travel/new-zealand-world-record-haka-intl-hnk/index.html,20240930074612,cdx,
https://www.cnn.com/2024/09/30/us/5-things-pm-september-30-trnd,20240930222439,cdx,
https://www.cnn.com/2024/09/30/us/5-things-pm-september-30-trnd?cid=ios_app,20240930231549,cdx,
https://www.cnn.com/2024/09/30/us/5-things-to-know-for-sept-30-helenes-damage-middle-east-vp-debate-chemical-plant-fire-spacex/,20240930144000,cdx,
https://www.cnn.com/2024/09/30/us/helene-north-carolina-asheville-communites,20240930065414,cdx,
https://www.cnn.com/2024/09/30/us/helene-north-carolina-asheville-communites/index.html,20240930185003,cdx,
https://www.cnn.com/2024/09/30/us/rhyker-earl-bodycam-footage-epilepsy,20240930194806,cdx,
https://www.cnn.com/2024/09/30/us/rhyker-earl-bodycam-footage-epilepsy/index.html,20240930223446,cdx,
https://www.cnn.com/2024/09/30/us/video/biolab-chemical-reaction-fire-evacuation-digvid,20240930202335,cdx,
https://www.cnn.com/2024/09/30/us/video/helene-north-carolina-ldn-digvid,20240930182138,cdx,
https://www.cnn.com/2024/09/30/us/video/hurricane-helene-survivors-north-carolina-cnc-digvid,20240930184811,cdx,
https://www.cnn.com/2024/09/30/us/video/north-carolina-lake-lure-helene-digvid,20240930185529,cdx,
https://www.cnn.com/2024/09/30/us/video/russian-fighter-jet-intercept-alaska-digvid,20240930212534,cdx,
https://www.cnn.com/2024/09/30/us/video/russian-fighter-jet-intercept-alaska-digvid?cid=ios_app,20240930232959,cdx,
https://www.cnn.com/2024/09/30/weather/hurricane-helene-recovery-cleanup-monday/,20240930085317,cdx,
https://www.cnn.com/2024/09/30/weather/hurricane-helene-recovery-cleanup-monday/index.html,20240930091133,cdx,
https://www.cnn.com/2024/09/30/weather/hurricane-helene-recovery-cleanup-monday/index.html?cid=external-feeds_iluminar_yahoo,20240930224036,cdx,
https://www.cnn.com/2024/09/30/weather/hurricane-helene-recovery-cleanup-monday/index.html?Date=20240930&Profile=CNN&utm_content=1727703264&utm_medium=social&utm_source=facebook,20240930211023,cdx,
https://www.cnn.com/2024/09/30/weather/video/business-owner-loses-everything-hurricane-helene-pattiy-torno-digvid,20240930185158,cdx,
https://www.cnn.com/2024/09/30/world/video/beirut-lebanon-idf-strikes-jomana-karadsheh-pkg-ctw-digvid,20240930202323,cdx,
https://www.cnn.com/2024/09/30/world/video/beirut-lebanon-idf-strikes-jomana-karadsheh-pkg-ctw-digvid?cid=ios_app,20240930221457,cdx,
https://www.cnn.com/2024/09/30/world/video/beirut-strike-lebanon-israel-ldn-digvid,20240930195640,cdx,
https://www.cnn.com/2024/09/30/world/video/israel-idf-artillery-lebanon-diamond-lead-digvid,20240930233959,cdx,
https://www.cnn.com/2024/09/30/world/video/km-reyes-philippines-c2e-spc-intl,20240930120456,cdx,
https://www.cnn.com/2024/09/30/world/video/lebanon-israel-ground-incursion-digvid,20240930234304,cdx,
https://www.cnn.com/2024/09/30/world/video/nepal-landslide-floods-buildings-collapse-ldn-digvid,20240930190634,cdx,
https://www.cnn.com/2024/09/01/climate/klamath-dam-salmon/index.html?utm_medium=social&utm_source=blueskyCNN&utm_content=2024-09-01T11%3A51%3A33,20241001114042,cdx,
https://www.cnn.com/2024/09/01/politics/video/sotu-gabbard-full-interview,20241001100856,cdx,
https://www.cnn.com/2024/09/02/sport/mohamed-salah-future-liverpool-manchester-united-spt-intl/index.html?cid=external-feeds_iluminar_yahoo,20241002235517,cdx,
https://www.cnn.com/2024/09/02/style/chidimma-adetshina-wins-nigeria-intl-scli,20241001173637,cdx,
https://www.cnn.com/2024/09/03/business/chase-tiktok-trend/index.html?iid=cnn_buildContentRecirc_end_recirc,20241002193643,cdx,
https://www.cnn.com/2024/09/03/cars/global-automakers-china-retreat-hnk-intl/index.html?cid=external-feeds_iluminar_yahoo,20241001024551,cdx,
https://www.cnn.com/2024/09/03/economy/us-supply-chains-holiday-inflation/index.html,20241002081244,cdx,
https://www.cnn.com/2024/09/03/entertainment/ashley-park-paul-forman-sepsis/index.html,20241001012534,cdx,
https://www.cnn.com/2024/09/03/europe/english-channel-migrant-boat-deaths-intl,20241001152650,cdx,
https://www.cnn.com/2024/09/03/politics/kamala-harris-new-economic-policy/index.html,20241001224253,cdx,
https://www.cnn.com/2024/09/03/politics/trump-hush-money-request-federal-court/index.html,20241001000540,cdx,
https://www.cnn.com/2024/09/03/us/louisiana-minden-former-mayor-and-daughter-killed/,20241001194317,cdx,
https://www.cnn.com/2024/09/03/us/new-york-linda-sun-china-gifts/,20241001041321,cdx,
https://www.cnn.com/2024/09/04/economy/us-jolts-job-openings-hires-layoffs-july/index.html,20241002145721,cdx,
https://www.cnn.com/2024/09/04/politics/jeff-walz-criticism-brother-policies/,20241001181145,cdx,
https://www.cnn.com/2024/09/04/politics/video/trump-debate-prep-harris-sot-cnc-digvid?os=io.&ref=app,20241001145006,cdx,
https://www.cnn.com/2024/09/04/us/video/apalachee-high-school-georgia-shooting-survivor-digvid,20241002191031,cdx,
https://www.cnn.com/2024/09/04/us/video/georgia-shooting-apalachee-high-school-winder-digvid,20241002191004,cdx,
https://www.cnn.com/2024/09/04/us/winder-ga-shooting-apalachee-high-school/,20241001033125,cdx,
https://www.cnn.com/2024/09/04/world/video/benjamin-netanyahu-israel-gaza-civilian-casualties-diamond-digvid,20241002234742,cdx,
https://www.cnn.com/2024/09/05/business/advertisers-x-withdrawal/,20241002100839,cdx,
https://www.cnn.com/2024/09/05/business/oasis-tickets-ticketmaster-uk-probe/,20241001054007,cdx,
https://www.cnn.com/2024/09/05/us/video/georgia-apalachee-school-shooting-suspect-2023-police-interview-digvid-ebof,20241001140805,cdx,
https://www.cnn.com/2024/09/06/business/corporate-america-dei-nightcap/,20241001131108,cdx,
https://www.cnn.com/2024/09/06/business/gas-prices-opec-trump-harris/index.html,20241002124540,cdx,
https://www.cnn.com/2024/09/06/business/tim-walz-financial-disclosure?cid=ios_app,20241001060324,cdx,
https://www.cnn.com/2024/09/06/europe/video-russia-surrendering-ukrainian-soldiers-killed-intl-cmd,20241001085034,cdx,
https://www.cnn.com/2024/09/06/politics/north-carolina-voting-robert-f-kennedy/index.html,20241002085114,cdx,
https://www.cnn.com/2024/09/07/science/boeing-starliner-return-science-newsletter-wt/index.html,20241001004524,cdx,
https://www.cnn.com/2024/09/08/middleeast/allenby-crossing-shooting-west-bank-jordan-intl/,20241002081210,cdx,
https://www.cnn.com/2024/09/08/politics/pennsylvania-senate-race-bob-casey/,20241002163832,cdx,
https://www.cnn.com/2024/09/08/sport/northern-illinois-notre-dame-college-football-spt-intl/index.html?cid=external-feeds_iluminar_yahoo,20241001161243,cdx,
https://www.cnn.com/2024/09/09/health/energy-drinks-caffeine-dangers-wellness,20241001180102,cdx,
https://www.cnn.com/2024/09/09/health/pandemic-teen-brain-aging-study-wellness/index.html?cid=external-feeds_iluminar_yahoo,20241001160022,cdx,
https://www.cnn.com/2024/09/09/middleeast/gaza-khan-younis-israel-strike-intl-latam/index.html?utm_medium=social&utm_source=blueskyCNN&utm_content=2024-09-10T01%3A24%3A47,20241001074007,cdx,
https://www.cnn.com/2024/09/09/politics/kfile-harris-pledged-support-in-2019-to-cut-ice-funding-and-provide-transgender-surgery-to-detained-migrants/index.html?utm_source=substack&utm_medium=email,20241001130226,cdx,
https://www.cnn.com/2024/09/09/sport/gallery/nfl-2024-season,20241001125626,cdx,
https://www.cnn.com/2024/09/09/sport/tyreek-hill-detaining-drew-rosenhaus-dolphins-spt-intl?cid=external-feeds_iluminar_yahoo,20241001162906,cdx,
https://www.cnn.com/2024/09/09/us/rancho-palos-verdes-california-landslide/,20241001015918,cdx,
https://www.cnn.com/2024/09/10/americas/mexico-judicial-reform-debate-senate-intl-latam,20241001115123,cdx,
https://www.cnn.com/2024/09/10/business/apple-iphone-ai-nightcap/index.html?cid=external-feeds_iluminar_yahoo,20241001074546,cdx,
https://www.cnn.com/2024/09/10/business/starbucks-ceo-brian-niccol,20241001183649,cdx,
https://www.cnn.com/2024/09/10/health/maternity-care-crisis-march-of-dimes/index.html?utm_medium=social&utm_source=igCNN&utm_content=2024-09-10T11%3A09%3A23,20241002173745,cdx,
https://www.cnn.com/2024/09/10/politics/debate-takeaways-trump-harris?cid=ios_app,20241001200656,cdx,
https://www.cnn.com/2024/09/11/entertainment/jon-bon-jovi-nashville-bridge?cid=ios_app,20241001154625,cdx,
https://www.cnn.com/2024/09/11/entertainment/sean-combs-danity-kane-dawn-richard-lawsuit/index.html?iid=cnn_buildContentRecirc_end_recirc,20241001212701,cdx,
https://www.cnn.com/2024/09/11/politics/gop-funding-push-house-vote/index.html?cid=external-feeds_iluminar_yahoo,20241001154224,cdx,
https://www.cnn.com/2024/09/11/politics/us-will-not-will-not-restrict-military-funding-egypt/index.html?utm_medium=social&utm_source=blueskyCNN&utm_content=2024-09-11T20:12:47,20241001133808,cdx,
https://www.cnn.com/2024/09/11/us/tyreek-hill-detainment-attorney/index.html?cid=external-feeds_iluminar_yahoo,20241001162906,cdx,
https://www.cnn.com/2024/09/11/us/tyreek-hill-detainment-traffic-stops/index.html?cid=external-feeds_iluminar_yahoo,20241001162319,cdx,
https://www.cnn.com/2024/09/12/asia/escapee-penguin-japan-typhoon-hnk-intl,20241001115724,cdx,
https://www.cnn.com/2024/09/12/entertainment/harvey-weinstein-new-indictment/index.html?utm_medium=social&utm_source=blueskyCNN&utm_content=2024-09-12T14%3A44%3A52,20241001120605,cdx,
https://www.cnn.com/2024/09/12/politics/mike-johnson-next-steps-government-funding-fight/index.html?cid=external-feeds_iluminar_yahoo,20241001151802,cdx,
https://www.cnn.com/2024/09/12/sport/aja-wilson-las-vegas-aces-scoring-record-spt-intl/?cid=external-feeds_iluminar_yahoo,20241001123508,cdx,
https://www.cnn.com/2024/09/12/sport/caitlin-clark-taylor-swift-kamala-harris-spt-intl/,20241001080757,cdx,
https://www.cnn.com/2024/09/13/china/china-raises-retirement-age-intl-hnk,20241002121448,cdx,
https://www.cnn.com/2024/09/13/climate/mega-tsunami-landslide-greenland-seismic-signal/index.html?cid=external-feeds_iluminar_yahoo,20241001121709,cdx,
https://www.cnn.com/2024/09/13/investing/trump-social-media-stock?utm_medium=social&utm_source=blueskyCNN&utm_content=2024-09-13T19%3A12%3A33,20241001113838,cdx,
https://www.cnn.com/2024/09/13/politics/donald-trump-laura-loomer/index.html?cid=external-feeds_iluminar_yahoo,20241001125307,cdx,
https://www.cnn.com/2024/09/13/politics/kamala-harris-campaign-momentum/index.html?cid=external-feeds_iluminar_yahoo,20241001163003,cdx,
https://www.cnn.com/2024/09/13/sport/south-alabama-northwestern-state-ncaa-spt-intl,20241001115512,cdx,
https://www.cnn.com/2024/09/13/sport/south-alabama-northwestern-state-ncaa-spt-intl/index.html?cid=external-feeds_iluminar_yahoo,20241001143403,cdx,
https://www.cnn.com/2024/09/14/business/boeing-workers-strike,20241001121205,cdx,
https://www.cnn.com/2024/09/14/media/truth-social-trump-nasdaq?cid=external-feeds_iluminar_yahoo,20241001142207,cdx,
https://www.cnn.com/2024/09/14/sport/raiders-coach-tua-tagovailoa-retire-concussion-spt-intl/index.html?cid=external-feeds_iluminar_yahoo,20241001155719,cdx,
https://www.cnn.com/2024/09/15/europe/russian-strike-kharkiv-ukraine-apartment-block-intl,20241001171115,cdx,
https://www.cnn.com/2024/09/15/politics/donald-trump-safe-shots,20241001120143,cdx,
https://www.cnn.com/2024/09/15/politics/kamala-harris-bidenomics-trump-advertisements,20241001181602,cdx,
https://www.cnn.com/2024/09/15/politics/kamala-harris-mentor-women,20241001175832,cdx,
https://www.cnn.com/2024/09/15/politics/trump-attempted-assassination-man-detained,20241001121613,cdx,
https://www.cnn.com/2024/09/15/politics/vance-immigrants-pets-springfield-ohio-cnntv/index.html?sp_amp_linker=1*215twk*amp_id*Nk50dzVEMnduOU5JcnVuTHo4Y1dLcEh6NHVFbWdsM0phOFZKZ0ZweU5pbVBWYXNyWkpzZ1BsM3FhNEZtSnFvVQ..,20241001154841,cdx,
https://www.cnn.com/2024/09/15/politics/vance-immigrants-pets-springfield-ohio-cnntv?cid=ios_app,20241001204106,cdx,
https://www.cnn.com/2024/09/15/sport/arch-manning-five-touchdown-win-spt-intl/index.html?cid=external-feeds_iluminar_yahoo,20241001161840,cdx,
https://www.cnn.com/2024/09/15/sport/nfl-week-2-sunday-how-to-watch-spt-intl/index.html?cid=external-feeds_iluminar_yahoo,20241001135124,cdx,
https://www.cnn.com/2024/09/16/business/intel-amazon-chip-deal-shares-jump?cid=ios_app,20241002163743,cdx,
https://www.cnn.com/2024/09/16/economy/interest-rate-cut,20241001175924,cdx,
https://www.cnn.com/2024/09/16/entertainment/video/hollywood-entertainment-streaming-series-a-very-royal-scandal-ruth-wilson-michael-sheen,20241001171051,cdx,
https://www.cnn.com/2024/09/16/entertainment/video/sean-diddy-combs-rapper-potential-charges-honig-nn-digvid,20241001172449,cdx,
https://www.cnn.com/2024/09/16/health/microplastics-nose-wellness,20241001171740,cdx,
https://www.cnn.com/2024/09/16/health/microplastics-nose-wellness/index.html?email=467cb6399cb7df64551775e431052b43a775c749&emaila=12a6d4d069cd56cfddaa391c24eb7042&emailb=054528e7403871c79f668e49dd3c44b1ec00c7f611bf9388f76bb2324d6ca5f3&utm_source=Sailthru&utm_medium=email&utm_campaign=CMS%209.17%20Health,20241001220516,cdx,
https://www.cnn.com/2024/09/16/politics/biden-harris-campaign-trail/index.html?cid=external-feeds_iluminar_yahoo,20241001210417,cdx,
https://www.cnn.com/2024/09/16/politics/blinken-egypt-trip,20241001175504,cdx,
https://www.cnn.com/2024/09/16/politics/donald-trump-recounts-apparent-assassination-attempt,20241001172941,cdx,
https://www.cnn.com/2024/09/16/politics/mark-meadows-arizona-loss,20241001221315,cdx,
https://www.cnn.com/2024/09/16/politics/mark-meadows-arizona-loss/index.html,20241001170109,cdx,
https://www.cnn.com/2024/09/16/politics/secret-service-history-what-matters,20241001172026,cdx,
https://www.cnn.com/2024/09/16/politics/trump-assassination-court-developments,20241001170837,cdx,
https://www.cnn.com/2024/09/16/politics/trump-assassination-court-developments/index.html?cid=external-feeds_iluminar_yahoo,20241001205545,cdx,
https://www.cnn.com/2024/09/16/politics/vance-rhetoric-trump-harris/index.html,20241001171309,cdx,
https://www.cnn.com/2024/09/16/politics/video/jd-vance-defends-his-false-claims-about-haitian-migrants-in-ohio,20241001172108,cdx,
https://www.cnn.com/2024/09/16/politics/video/the-lead-ohio-hatian-immigrants-2024-election-trump-gop,20241001112827,cdx,
https://www.cnn.com/2024/09/16/politics/video/the-lead-trump-assassination-pelosi-delaware,20241001170944,cdx,
https://www.cnn.com/2024/09/16/politics/video/threats-force-colleges-and-schools-to-close-in-springfield-oh,20241001172651,cdx,
https://www.cnn.com/2024/09/16/politics/video/trump-responsibility-rhetoric-blame-threats-attacks-cupp-tsr-digvid,20241001170649,cdx,
https://www.cnn.com/2024/09/16/sport/jordan-chiles-appeals-olympic-bronze-medal-decision-spt-intl/index.html,20241001171322,cdx,
https://www.cnn.com/2024/09/16/sport/nfl-week-2-sunday-review-spt-intl,20241001131909,cdx,
https://www.cnn.com/2024/09/16/sport/nfl-week-2-sunday-review-spt-intl/index.html,20241001114418,cdx,
https://www.cnn.com/2024/09/16/sport/texas-longhorns-ap-top-25-spt-intl/index.html,20241001114423,cdx,
https://www.cnn.com/2024/09/16/sport/texas-longhorns-ap-top-25-spt-intl?cid=external-feeds_iluminar_yahoo,20241001161826,cdx,
https://www.cnn.com/2024/09/16/style/mens-fashion-emmys-red-carpet,20241001120909,cdx,
https://www.cnn.com/2024/09/16/us/5-things-to-know-for-sept-16-trump-emmy-awards-severe-weather-middle-east-spacex/index.html,20241001120732,cdx,
https://www.cnn.com/2024/09/16/us/ryan-routh-trump-what-we-know-intl-hnk,20241001115614,cdx,
https://www.cnn.com/2024/09/16/us/springfield-ohio-closures-threats,20241001183125,cdx,
https://www.cnn.com/2024/09/16/us/titan-submersible-implosion-coast-guard-hearing,20241002155656,cdx,
https://www.cnn.com/2024/09/16/us/titan-submersible-photo-hearing-intl-hnk/index.html,20241001171539,cdx,
https://www.cnn.com/2024/09/16/us/video/invs-ryan-routh-second-trump-assassination-attempt,20241001171552,cdx,
https://www.cnn.com/2024/09/16/us/video/ping-pong-protest-atlanta-city-council-digvid,20241001171032,cdx,
https://www.cnn.com/2024/09/16/us/video/suspect-ryan-wesley-routh-trump-assassination-attempt-arrest-demeanor-sheriff-sot-ebof-digvid,20241001171026,cdx,
https://www.cnn.com/2024/09/17/economy/interest-rate-cut-economic-impact/,20241001171629,cdx,
https://www.cnn.com/2024/09/17/entertainment/video/diddy-arrest-attorney-new-york-court-cnc-ldn-digvid,20241001174742,cdx,
https://www.cnn.com/2024/09/17/entertainment/video/hollywood-entertainment-movies-halle-berry-alexandre-aja-anthony-b-jenkins-percy-daggs-iv-never-let-go,20241001173250,cdx,
https://www.cnn.com/2024/09/17/entertainment/video/hollywood-entertainment-movies-wicked-awards-season-james-cameron-hiroshima-the-matrix-25th-anniversary-fathom-events,20241001171741,cdx,
https://www.cnn.com/2024/09/17/entertainment/video/indictment-sean-diddy-combs-scannell-digvid,20241001174627,cdx,
https://www.cnn.com/2024/09/17/health/caffeine-heart-health-study-wellness/index.html?utm_medium=social&utm_source=blueskyCNN&utm_content=2024-09-17T13%3A54%3A57,20241001130846,cdx,
https://www.cnn.com/2024/09/17/middleeast/lebanon-hezbollah-pagers-explosions-intl?Date=20240917&Profile=CNN&utm_content=1726582871&utm_medium=social&utm_source=facebook,20241001210203,cdx,strong
https://www.cnn.com/2024/09/17/politics/donald-trump-kamala-harris-campaign-tuesday/index.html,20241001172232,cdx,
https://www.cnn.com/2024/09/17/politics/haitian-immigrants-springfield-false-rumor-what-to-know,20241001181347,cdx,
https://www.cnn.com/2024/09/17/politics/harris-reproductive-rights-male-voters/index.html,20241001180154,cdx,
https://www.cnn.com/2024/09/17/politics/jd-vance-delete-2012-blog-post-attacking-gop-anti-immigrant-rhetoric?cid=ios_app,20241001195008,cdx,
https://www.cnn.com/2024/09/17/politics/suspicious-packages-election-officials/,20241002192424,cdx,
https://www.cnn.com/2024/09/17/politics/video/donald-trump-apparent-assassination-attempt-jonah-goldberg-digvid,20241001174220,cdx,
https://www.cnn.com/2024/09/17/sport/kirk-cousins-falcons-eagles-mnf-spt-intl/index.html,20241001174258,cdx,
https://www.cnn.com/2024/09/17/sport/tua-tagovailoa-dolphins-concussion-latest-spt-intl/,20241001125907,cdx,
https://www.cnn.com/2024/09/17/sport/tua-tagovailoa-dolphins-concussion-latest-spt-intl/index.html,20241001172722,cdx,
https://www.cnn.com/2024/09/17/us/5-things-to-know-for-sept-17-secret-service-immigration-north-carolina-floods-titan-tragedy-boeing-strike/index.html,20241001174044,cdx,
https://www.cnn.com/2024/09/17/world/video/artificial-intelligence-health-defense-abu-dhabi-spc,20241001174742,cdx,
https://www.cnn.com/2024/09/18/media/elon-musk-trump-rally-bomb-election-misinformation/index.html?os=ioxa42gdub5U1ENqic,20241002014941,cdx,
https://www.cnn.com/2024/09/18/politics/harris-policy-specifics-analysis/index.html?cid=ios_app,20241001024134,cdx,
https://www.cnn.com/2024/09/19/entertainment/snl-lorne-michaels-election/index.html?cid=external-feeds_iluminar_yahoo,20241001103808,cdx,
https://www.cnn.com/2024/09/19/politics/kfile-mark-robinson-black-nazi-pro-slavery-porn-forum/index.html?os=fpn4c7ikwkinaag&ref=app,20241001102951,cdx,
https://www.cnn.com/2024/09/19/politics/kfile-mark-robinson-black-nazi-pro-slavery-porn-forum/index.html?os=svergi,20241001075437,cdx,
https://www.cnn.com/2024/09/19/politics/north-carolina-governor-mark-robinson,20241001053542,cdx,
https://www.cnn.com/2024/09/20/asia/south-korea-abortion-youtube-video-intl-hnk/index.html?iid=cnn_buildContentRecirc_end_recirc,20241002034307,cdx,
https://www.cnn.com/2024/09/20/energy/three-mile-island-microsoft-ai?Date=20240920&Profile=cnnbrk&utm_content=1726838419&utm_medium=social&utm_source=twitter,20241002171835,cdx,
https://www.cnn.com/2024/09/20/health/insulin-prices-federal-trade-commission-pbms?Date=20240920&Profile=cnnbrk&utm_content=1726850276&utm_medium=social&utm_source=twitter,20241001133850,cdx,
https://www.cnn.com/2024/09/20/politics/attempts-to-purge-voter-rolls-increase-as-election-nears/index.html?utm_source=substack&utm_medium=email,20241001125640,cdx,
https://www.cnn.com/2024/09/20/us/oceangate-mission-specialist-testimony,20241002155235,cdx,
https://www.cnn.com/2024/09/20/us/same-sex-marriage-bible-richard-hays-cec/index.html?utm_source=newsletter&utm_medium=email&utm_content=CNN&utm_campaign=dukedaily2024_09_23,20241001115750,cdx,
https://www.cnn.com/2024/09/22/middleeast/israel-strikes-hezbollah-weakened-analysis-intl/index.html?cid=external-feeds_iluminar_yahoo,20241001081845,cdx,
https://www.cnn.com/2024/09/22/us/titan-submersible-hearing-takeaways,20241002154352,cdx,
https://www.cnn.com/2024/09/23/health/free-government-covid-tests-september/index.html?iid=cnn_buildContentRecirc_end_recirc,20241001093858,cdx,
https://www.cnn.com/2024/09/23/us/titan-submersible-oceangate-implosion-hearing,20241002153933,cdx,
https://www.cnn.com/2024/09/24/business/kamala-harris-economy-endorsement,20241001020313,cdx,
https://www.cnn.com/2024/09/24/middleeast/israel-strikes-lebanon-hezbollah-explainer-intl-hnk/index.html?cid=ios_app,20241001095439,cdx,
https://www.cnn.com/2024/09/24/politics/trump-fear-economy-analysis/index.html?iid=cnn_buildContentRecirc_end_recirc,20241001033159,cdx,
https://www.cnn.com/2024/09/25/asia/china-icbm-test-pacific-ocean-intl-hnk/index.html?cid=external-feeds_iluminar_yahoo,20241001080418,cdx,
https://www.cnn.com/2024/09/25/health/global-myopia-research-scli-intl-wellness/index.html?utm_source=pocket_saves,20241002162017,cdx,
https://www.cnn.com/2024/09/25/middleeast/hezbollah-response-israel-tel-aviv-lebanon-intl/index.html?iid=cnn_buildContentRecirc_end_recirc,20241001125849,cdx,
https://www.cnn.com/2024/09/25/middleeast/israel-rocket-lebanon-tel-aviv-intl-hnk/index.html?utm_content=2024-09-25T07%3A13%3A33&utm_medium=social&utm_source=igCNN,20241002202003,cdx,
https://www.cnn.com/2024/09/25/politics/diversity-poll-voters-american-culture/index.html?iid=cnn_buildContentRecirc_end_recirc,20241001163512,cdx,
https://www.cnn.com/2024/09/25/politics/ev-ohio-economy-biden-trump-harris,20241002202311,cdx,
https://www.cnn.com/2024/09/25/politics/house-vote-government-funding-johnson-democrats?cid=ios_app,20241001053741,cdx,
https://www.cnn.com/2024/09/26/asia/japan-ruling-party-election-intl-hnk/index.html?iid=cnn_buildContentRecirc_end_recirc,20241001032208,cdx,
https://www.cnn.com/2024/09/26/business/ntsb-urgent-safety-warning-boeing-737s-max/index.html?cid=external-feeds_iluminar_yahoo,20241001195707,cdx,
https://www.cnn.com/2024/09/26/business/trump-inflation-jobs-tariffs-economy?cid=external-feeds_iluminar_yahoo,20241001145605,cdx,
https://www.cnn.com/2024/09/26/entertainment/rust-shooting-armorer-release/index.html?cid=external-feeds_iluminar_yahoo,20241001004935,cdx,
https://www.cnn.com/2024/09/26/politics/israel-lebanon-hezbollah-ceasefire-us-plan,20241001030830,cdx,
https://www.cnn.com/2024/09/26/politics/trump-454-million-civil-fraud-new-york-appeal?cid=ios_app,20241002211217,cdx,
https://www.cnn.com/2024/09/26/weather/video/forecasts-hurricane-helene-digvid?cid=ios_app,20241001121707,cdx,
https://www.cnn.com/2024/09/26/weather/video/landfall-hurricane-helene-storm-florida-john-berman-lcl-digvid?cid=external-feeds_iluminar_yahoo,20241001080744,cdx,
https://www.cnn.com/2024/09/27/climate/just-stop-oil-climate-activists-prison-van-gough-soup-intl/index.html?iid=cnn_buildContentRecirc_end_recirc,20241001053212,cdx,
https://www.cnn.com/2024/09/27/economy/us-pce-inflation-august/index.html?cid=external-feeds_iluminar_yahoo,20241001151408,cdx,
https://www.cnn.com/2024/09/27/entertainment/maggie-smith-downton-abbey-potter-dead/index.html?utm_medium=social&utm_source=blueskyCNN&utm_content=2024-09-27T13%3A42%3A24,20241001113613,cdx,
https://www.cnn.com/2024/09/27/entertainment/sean-diddy-combs-new-civil-lawsuit,20241001141024,cdx,
https://www.cnn.com/2024/09/27/entertainment/what-to-watch-this-weekend-nobody-wants-this/index.html?iid=cnn_buildContentRecirc_end_recirc,20241001074246,cdx,
https://www.cnn.com/2024/09/27/health/health-care-workers-missouri-bird-flu/,20241001012507,cdx,
https://www.cnn.com/2024/09/27/health/health-disease-sickness-flood-waters-wellness/,20241001125644,cdx,
https://www.cnn.com/2024/09/27/health/health-disease-sickness-flood-waters-wellness?cid=ios_app,20241002002033,cdx,
https://www.cnn.com/2024/09/27/politics/cnn-poll-harris-trump-north-carolina-nebraska/index.html?Date=20240927&Profile=CNNPolitics&utm_content=1727453352&utm_medium=social&utm_source=twitter,20241001012846,cdx,
https://www.cnn.com/2024/09/27/politics/harris-southern-border-arizona/index.html?iid=cnn_buildContentRecirc_end_recirc,20241002014543,cdx,
https://www.cnn.com/2024/09/27/politics/iran-trump-hackers-charged?utm_content=1727474571&utm_medium=social&utm_source=twitter&Date=20240927&Profile=CNN,20241001053436,cdx,
https://www.cnn.com/2024/09/27/politics/rfk-jr-new-york-supreme-court/index.html?iid=cnn_buildContentRecirc_end_recirc,20241001044834,cdx,
https://www.cnn.com/2024/09/27/politics/video/kamala-harris-douglas-arizona-immigration-bill-trump-digvid?cid=ios_app,20241001190653,cdx,
https://www.cnn.com/2024/09/27/sport/white-sox-most-losses-modern-mlb-spt-intl,20241001062623,cdx,
https://www.cnn.com/2024/09/27/us/santa-maria-courthouse-explosion-suspect-charge/index.html?iid=cnn_buildContentRecirc_end_recirc,20241002212544,cdx,
https://www.cnn.com/2024/09/27/us/unicoi-county-hospital-tennessee-flooding-helene,20241002161354,cdx,
https://www.cnn.com/2024/09/27/us/yamilee-toussaint-stem-from-dance-cnnheroes/index.html?utm_term=17275250112780e2c96ed8039&utm_source=cnn_The+Good+Stuff+9%2F28%2F2024&utm_medium=email&bt_ee=GlbFXwAxyqw5HxthSE04ppa6v%2BaPmaKf6EUr9QbkD2oxVU9Vj87%2B36lXOJogP1E0&bt_ts=1727525011281,20241001121707,cdx,
https://www.cnn.com/2024/09/27/world/video/fareed-zakaria-israel-beirut-strike-iran-reaction-qmb-digvid?cid=ios_app,20241002020708,cdx,
https://www.cnn.com/2024/09/28/australia/australia-endangered-koalas-queensland-intl-hnk-dst/index.html?ref=upstract.com,20241001015615,cdx,
https://www.cnn.com/2024/09/28/entertainment/will-ferrell-new-doc-before-election-netflix/index.html?utm_medium=social&utm_source=blueskyCNN&utm_content=2024-09-29T02:05:51,20241001133440,cdx,
https://www.cnn.com/2024/09/28/middleeast/iran-weighs-next-move-nasrallah-hezbollah-intl-cmd/index.html?iid=cnn_buildContentRecirc_end_recirc,20241001071355,cdx,
https://www.cnn.com/2024/09/28/politics/harris-trump-border/index.html?cid=external-feeds_iluminar_yahoo,20241001110712,cdx,
https://www.cnn.com/2024/09/28/politics/harris-trump-border/index.html?iid=cnn_buildContentRecirc_end_recirc,20241001053247,cdx,
https://www.cnn.com/2024/09/28/politics/tim-walz-vice-president-debate/index.html?iid=cnn_buildContentRecirc_end_recirc,20241001062858,cdx,
https://www.cnn.com/2024/09/28/sport/billie-jean-king-congressional-gold-medal-spt-intl/,20241001044127,cdx,
https://www.cnn.com/2024/09/28/sport/karl-anthony-towns-new-york-julius-randle-minnesota-spt-intl/index.html?iid=cnn_buildContentRecirc_end_recirc,20241001152350,cdx,
https://www.cnn.com/2024/09/28/weather/hurricane-helene-florida-georgia-carolinas?cid=ios_app,20241001234127,cdx,
https://www.cnn.com/2024/09/28/weather/hurricane-helene-florida-georgia-carolinas?Date=20240928&Profile=CNN&utm_content=1727522968&utm_medium=social&utm_source=twitter,20241001032838,cdx,
https://www.cnn.com/2024/09/29/business/goods-port-strike-east-gulf-coasts/index.html?email=467cb6399cb7df64551775e431052b43a775c749&emaila=12a6d4d069cd56cfddaa391c24eb7042&emailb=054528e7403871c79f668e49dd3c44b1ec00c7f611bf9388f76bb2324d6ca5f3&utm_source=Sailthru&utm_medium=email&utm_campaign=09.30.2024%20Business%20%26%20Economy%20SL,20241001033711,cdx,
https://www.cnn.com/2024/09/29/business/goods-port-strike-east-gulf-coasts/index.html?cid=external-feeds_iluminar_yahoo,20241001171237,cdx,
https://www.cnn.com/2024/09/29/business/goods-port-strike-east-gulf-coasts/index.html?email=467cb6399cb7df64551775e431052b43a775c749&emaila=12a6d4d069cd56cfddaa391c24eb7042&emailb=054528e7403871c79f668e49dd3c44b1ec00c7f611bf9388f76bb2324d6ca5f3,20241001012050,cdx,
https://www.cnn.com/2024/09/29/business/goods-port-strike-east-gulf-coasts/index.html?utm_campaign=2024%20Brand%20Awareness&utm_content=310125236&utm_medium=social&utm_source=twitter&hss_channel=tw-348502767,20241002022709,cdx,
https://www.cnn.com/2024/09/29/business/goods-port-strike-east-gulf-coasts?cid=external-feeds_iluminar_yahoo,20241002082110,cdx,
https://www.cnn.com/2024/09/29/health/oprah-winfrey-weight-diet-culture-wellness?cid=ios_app,20241002060308,cdx,
https://www.cnn.com/2024/09/29/middleeast/israel-lebanon-war-devastation-beirut-intl-latam/index.html?cid=external-feeds_iluminar_yahoo,20241002072754,cdx,
https://www.cnn.com/2024/09/29/middleeast/israel-war-lebanon-history-consequences-wedeman-intl/index.html?cid=external-feeds_iluminar_yahoo,20241001040352,cdx,
https://www.cnn.com/2024/09/29/middleeast/what-might-come-next-as-hezbollah-reels-from-nasrallahs-killing-and-israel-mulls-the-possibility-of-a-lebanon-ground-incursion,20241002161437,cdx,
https://www.cnn.com/2024/09/29/politics/breakthrough-polling-project-trump-harris-springfield,20241001100121,cdx,
https://www.cnn.com/2024/09/29/politics/cornyn-thune-supreme-court-plans?cid=ios_app,20241001044455,cdx,
https://www.cnn.com/2024/09/29/politics/fact-check-trump-harris-immigrants-homicide?s=03,20241002214825,cdx,
https://www.cnn.com/2024/09/29/politics/kamala-harris-senior-voters-election-analysis/index.html?iid=cnn_buildContentRecirc_end_recirc,20241001015345,cdx,
https://www.cnn.com/2024/09/29/politics/video/sotu-graham-full-interview-close-to-election,20241001015013,cdx,
https://www.cnn.com/2024/09/29/politics/video/sotu-panel-full-discussion-vp-debate,20241001015006,cdx,
https://www.cnn.com/2024/09/29/politics/video/sotu-pritzker-full-interview-close-to-election,20241001015050,cdx,
https://www.cnn.com/2024/09/29/politics/video/sotu-pritzker-full-interview-close-to-election?dicbo=v2-T76Frck&hpt=ob_blogfooterold,20241001013843,cdx,
https://www.cnn.com/2024/09/29/sport/nfl-week-4-sunday-preview-spt-intl/,20241001135054,cdx,
https://www.cnn.com/2024/09/29/sport/tadej-pogacar-world-championship-spt-intl/,20241001024810,cdx,
https://www.cnn.com/2024/09/29/sport/tadej-pogacar-world-championship-spt-intl/index.html?utm_medium=social&utm_source=whatsappCNN&utm_content=2024-09-29T16:14:56,20241001212553,cdx,
https://www.cnn.com/2024/09/29/tech/newsom-california-ai-safety-bill?cid=external-feeds_iluminar_yahoo,20241002064447,cdx,
"https://www.cnn.com/2024/09/29/us/elon-musk-immigration-gray-area-cec/index.html?Date=20240929&Profile=CNN,CNN+International&utm_content=1727614433&utm_medium=social&utm_source=facebook&fbclid=IwY2xjawFoOo5leHRuA2FlbQIxMQABHT-5exo8KzZkKt6lwsB6TpfrSg2z_CeSVme8BUbpR4UDRkODwnYClgjm-A_aem_YDGo1-tnwPjM7q3kZYvBWA",20241001024721,cdx,
"https://www.cnn.com/2024/09/29/us/elon-musk-immigration-gray-area-cec/index.html?Date=20240929&Profile=CNN,CNN+International&utm_content=1727614433&utm_medium=social&utm_source=facebook&fbclid=IwY2xjawFoZBFleHRuA2FlbQIxMQABHb9VYwDQdnknwrtumMx73fFGNta6uT3ge6ZMtTdBNHWFO5MUSUyriy_g8Q_aem_vLxv5jn_HW6lwv2l45XdyQ",20241001075635,cdx,
"https://www.cnn.com/2024/09/29/us/elon-musk-immigration-gray-area-cec/index.html?Date=20240929&Profile=CNN,CNN+International",20241001030953,cdx,
https://www.cnn.com/2024/09/29/us/us-violent-crime-rates-down-dg?cid=ios_app,20241001014956,cdx,
https://www.cnn.com/2024/09/29/us/video/chemical-fire-plant-conyers-georgia-nr-digvid,20241001015102,cdx,
https://www.cnn.com/2024/09/29/weather/hurricane-helene-florida-georgia-carolinas-sunday/index.html?ref=am-quickie.ghost.io,20241001184732,cdx,
https://www.cnn.com/2024/09/29/weather/hurricane-helene-florida-georgia-carolinas-sunday/index.html?s=09,20241001141824,cdx,
https://www.cnn.com/2024/09/29/world/video/gps0929-assassination-of-hezbollah-leader,20241001015000,cdx,
https://www.cnn.com/2024/09/29/world/video/gps0929-iranian-president-on-middle-east-tensions,20241001015045,cdx,
https://www.cnn.com/2024/09/29/world/video/gps0929-iranian-president-on-womens-rights,20241001015056,cdx,
https://www.cnn.com/2024/09/30/asia/itaewon-crush-police-head-sentencing-intl-hnk,20241001021254,cdx,
https://www.cnn.com/2024/09/30/asia/nepal-floods-kathmandu-climate-intl-hnk/index.html?utm_medium=social&utm_source=whatsappCNN&utm_content=2024-09-30T20:53:07,20241001051444,cdx,
https://www.cnn.com/2024/09/30/business/boeing-737-rudder-faa-ntsb,20241001004954,cdx,
https://www.cnn.com/2024/09/30/business/boeing-737-rudder-faa-ntsb/index.html,20241001031654,cdx,
https://www.cnn.com/2024/09/30/business/boeing-737-rudder-faa-ntsb?cid=external-feeds_iluminar_yahoo,20241001112033,cdx,
https://www.cnn.com/2024/09/30/business/boeing-737-rudder-faa-ntsb?cid=ios_app,20241001025842,cdx,
https://www.cnn.com/2024/09/30/business/china-national-day-economic-downturn-intl-hnk/index.html?iid=cnn_buildContentRecirc_end_recirc,20241001091053,cdx,
https://www.cnn.com/2024/09/30/business/ports-strike-deadline?cid=ios_app,20241001075525,cdx,
https://www.cnn.com/2024/09/30/business/stellantis-recall-jeep?cid=external-feeds_iluminar_yahoo,20241001155643,cdx,
https://www.cnn.com/2024/09/30/cars/china-byd-recall-hnk-intl/index.html,20241001015654,cdx,
https://www.cnn.com/2024/09/30/climate/amazon-rivers-drought-satellite-pictures/index.html?fbclid=IwY2xjawFoytBleHRuA2FlbQIxMQABHT0elsCawPBN4LwZZcV3mcpXADXxGvqCgcQJpadwzkzVldFN_mkmXQBjXw_aem_vOaRNRxbtuhNHNf44dw6PA,20241001123914,cdx,
https://www.cnn.com/2024/09/30/economy/housing-market-home-sales-redfin-report/index.html?Date=20241001&Profile=CNN&utm_content=1727764260&utm_medium=social&utm_source=facebook&fbclid=IwY2xjawFo1kNleHRuA2FlbQIxMQABHeaC10-AEEv70QSxes4CLBZlUJ8IjCuH2cBKxARCyr-H_8hjn5uZWDLVzg_aem_MLIMW2eVZvC4Ma1hFCTbFw,20241001134733,cdx,
https://www.cnn.com/2024/09/30/economy/housing-market-home-sales-redfin-report/index.html?Date=20241001&Profile=CNN,20241001135147,cdx,
https://www.cnn.com/2024/09/30/economy/housing-market-home-sales-redfin-report?cid=external-feeds_iluminar_yahoo,20241002100956,cdx,
https://www.cnn.com/2024/09/30/economy/housing-market-home-sales-redfin-report?cid=ios_app,20241001075703,cdx,
https://www.cnn.com/2024/09/30/entertainment/baby-reindeer-lawsuit-intl-scli/,20241001023809,cdx,
https://www.cnn.com/2024/09/30/entertainment/baby-reindeer-lawsuit-intl-scli/index.html,20241001190024,cdx,
https://www.cnn.com/2024/09/30/entertainment/baby-reindeer-lawsuit-intl-scli?cid=ios_app,20241001135610,cdx,
https://www.cnn.com/2024/09/30/entertainment/rust-armorer-conviction-upheld?cid=ios_app,20241001002919,cdx,
https://www.cnn.com/2024/09/30/entertainment/rust-armorer-conviction-upheld?Date=20240930&Profile=cnnbrk&utm_content=1727715287&utm_medium=social&utm_source=twitter,20241001002822,cdx,
https://www.cnn.com/2024/09/30/entertainment/rust-armorer-conviction-upheld?utm_medium=social&utm_source=whatsappCNN&utm_content=2024-09-30T17:12:43,20241001004831,cdx,
https://www.cnn.com/2024/09/30/entertainment/sean-combs-lawyers-appeal-detention/,20241001010735,cdx,
https://www.cnn.com/2024/09/30/entertainment/sean-combs-lawyers-appeal-detention/index.html,20241001014508,cdx,
https://www.cnn.com/2024/09/30/entertainment/sean-combs-lawyers-appeal-detention/index.html?utm_source=sdrn%3Avg%3Aarticle%3A1MVXBl,20241001073351,cdx,
https://www.cnn.com/2024/09/30/entertainment/video/entertainment-showbiz-hollywood-minute-mean-girls-2004-saturday-night-pta-toni-braxton-cedric-the-entertainer-vegas,20241001020033,cdx,
https://www.cnn.com/2024/09/30/europe/russia-defense-spending-proposal-ukraine-war-intl-hnk/,20241001045249,cdx,
https://www.cnn.com/2024/09/30/europe/russia-defense-spending-proposal-ukraine-war-intl-hnk/index.html,20241001030753,cdx,
https://www.cnn.com/2024/09/30/europe/russia-defense-spending-proposal-ukraine-war-intl-hnk?cid=ios_app,20241001124249,cdx,
https://www.cnn.com/2024/09/30/health/cannabis-marijuana-rescheduling-wellness/index.html?utm_content=bufferbf7a3&utm_medium=social&utm_source=twitter.com&utm_campaign=buffer,20241001154549,cdx,
https://www.cnn.com/2024/09/30/health/living-to-100-questions-sanjay-gupta/,20241001054300,cdx,
https://www.cnn.com/2024/09/30/health/living-to-100-questions-sanjay-gupta/index.html,20241001015759,cdx,
https://www.cnn.com/2024/09/30/health/marburg-virus-rwanda-outbreak-disease/,20241001030655,cdx,
https://www.cnn.com/2024/09/30/health/marburg-virus-rwanda-outbreak-disease?cid=ios_app,20241001041325,cdx,
https://www.cnn.com/2024/09/30/media/directv-dish-network-merger/,20241001005330,cdx,
https://www.cnn.com/2024/09/30/media/directv-dish-network-merger/index.html?cid=external-feeds_iluminar_yahoo,20241002221734,cdx,
https://www.cnn.com/2024/09/30/media/directv-dish-network-merger/index.html?utm_campaign=mb&utm_medium=newsletter&utm_source=morning_brew,20241001125624,cdx,
https://www.cnn.com/2024/09/30/media/directv-dish-network-merger/index.html?utm_medium=social&utm_source=igCNN&utm_content=2024-09-30T12%3A43%3A09,20241001040354,cdx,
https://www.cnn.com/2024/09/30/media/directv-dish-network-merger/?Date=20240930&Profile=cnnbrk,20241001011517,cdx,
https://www.cnn.com/2024/09/30/media/directv-dish-network-merger/?Date=20240930&Profile=cnnbrk&utm_content=1727698649&utm_medium=social&utm_source=twitter,20241002070332,cdx,
https://www.cnn.com/2024/09/30/middleeast/hezbollah-leaders-assassinated-israel-intl,20241001011236,cdx,
https://www.cnn.com/2024/09/30/middleeast/hezbollah-leaders-assassinated-israel-intl/index.html?cid=external-feeds_iluminar_yahoo,20241001100702,cdx,
https://www.cnn.com/2024/09/30/middleeast/hezbollah-leaders-assassinated-israel-intl/index.html?utm_medium=social&utm_source=whatsappCNN&utm_content=2024-10-01T02:58:59,20241001075308,cdx,
https://www.cnn.com/2024/09/30/middleeast/idf-nic-robertson-mission-embed-intl-hnk/index.html?cid=external-feeds_iluminar_yahoo,20241001104552,cdx,
https://www.cnn.com/2024/09/30/middleeast/israel-attack-nasrallah-2000-pound-bombs-intl/index.html?cid=external-feeds_iluminar_yahoo,20241001055536,cdx,
https://www.cnn.com/2024/09/30/middleeast/israel-attack-nasrallah-2000-pound-bombs-intl/index.html?utm_medium=social&utm_source=whatsappCNN&utm_content=2024-09-30T15:34:19,20241001053044,cdx,
https://www.cnn.com/2024/09/30/politics/america-israel-lebanon-war-analysis/,20241001010819,cdx,
https://www.cnn.com/2024/09/30/politics/america-israel-lebanon-war-analysis/index.html,20241001002354,cdx,
https://www.cnn.com/2024/09/30/politics/america-israel-lebanon-war-analysis/index.html?cid=external-feeds_iluminar_yahoo,20241001112028,cdx,
https://www.cnn.com/2024/09/30/politics/america-israel-lebanon-war-analysis/index.html?isExternal=true,20241001121059,cdx,
https://www.cnn.com/2024/09/30/politics/asian-american-voters-georgia-harris-trump/index.html?bt_ee=4a62dqHeqeE%2FxKuzqmON4nTG8Ax6AP8EgmdtgIrrmXF31lK8nEZQFXktDmTiIlsE&bt_ts=1727733705601,20241001092104,cdx,
https://www.cnn.com/2024/09/30/politics/asian-american-voters-georgia-harris-trump/index.html?iid=cnn_buildContentRecirc_end_recirc,20241002225237,cdx,
https://www.cnn.com/2024/09/30/politics/asian-american-voters-georgia-harris-trump?cid=ios_app,20241001003453,cdx,
https://www.cnn.com/2024/09/30/politics/fact-check-trump-election-lies-2024,20241001040901,cdx,
https://www.cnn.com/2024/09/30/politics/fbi-training-academy-sexual-discrimination?cid=ios_app,20241001034306,cdx,
https://www.cnn.com/2024/09/30/politics/georgia-abortion-ban/index.html?ref=am-quickie.ghost.io,20241002073621,cdx,
https://www.cnn.com/2024/09/30/politics/georgia-hand-ballots-rule-democrats-lawsuit/index.html?iid=cnn_buildContentRecirc_end_recirc,20241001124219,cdx,
https://www.cnn.com/2024/09/30/politics/jimmy-carter-presidents-what-matters?cid=ios_app,20241001020802,cdx,
https://www.cnn.com/2024/09/30/politics/kamala-harris-hurricane-helene-campaign/index.html,20241001002203,cdx,
https://www.cnn.com/2024/09/30/politics/kamala-harris-hurricane-helene-campaign/index.html?fbclid=IwZXh0bgNhZW0CMTEAAR1xD_I6S3PtCCH8S0ZcpM1McSTnafFr0G_gpmNoj2hbM6G7KIqObXhQtSE_aem_3NcO9JZ4F8u7a9vwJzAjUw,20241001021659,cdx,
https://www.cnn.com/2024/09/30/politics/kamala-harris-hurricane-helene-campaign/index.html?fbclid=IwZXh0bgNhZW0CMTEAAR3jPVTL50qGcowMzffp3b1REmaiJfMc5pCNrzfc1F4llc3rHPbk0wwlXFM_aem_wF-rWLgpS9sbK4iRSzLUmA,20241001033449,cdx,
https://www.cnn.com/2024/09/30/politics/man-charged-trump-michigan-explosives,20241001085536,cdx,
https://www.cnn.com/2024/09/30/politics/man-charged-trump-michigan-explosives/index.html?Date=20241001&Profile=cnn,20241001111156,cdx,
https://www.cnn.com/2024/09/30/politics/man-charged-trump-michigan-explosives/index.html?Date=20241001&Profile=cnn&utm_content=1727744017&utm_medium=social&utm_source=threads,20241001093959,cdx,
https://www.cnn.com/2024/09/30/politics/man-charged-trump-michigan-explosives?cid=ios_app,20241001021149,cdx,
https://www.cnn.com/2024/09/30/politics/mike-johnson-house-republican-october,20241001082757,cdx,
https://www.cnn.com/2024/09/30/politics/ryan-wesley-routh-trump-assassination-attempt-plea/,20241001035355,cdx,
https://www.cnn.com/2024/09/30/politics/student-loan-on-ramp-ends/index.html,20241001015603,cdx,
https://www.cnn.com/2024/09/30/politics/student-loan-on-ramp-ends?Date=20240930&Profile=CNN,20241001005442,cdx,
https://www.cnn.com/2024/09/30/politics/student-loan-on-ramp-ends?Date=20240930&Profile=CNN&utm_content=1727726509&utm_medium=social&utm_source=twitter,20241001011226,cdx,
https://www.cnn.com/2024/09/30/politics/us-crime-statistics-fbi-2024/index.html?cid=ios_app,20241001233913,cdx,
https://www.cnn.com/2024/09/30/politics/vance-walz-past-debates/index.html?iid=cnn_buildContentRecirc_end_recirc,20241002150337,cdx,
https://www.cnn.com/2024/09/30/politics/video/asian-american-voters-georgia-election-zeleny-pkg-ebof-digvid,20241001044305,cdx,
https://www.cnn.com/2024/09/30/politics/video/biden-trump-helene-response-digvid,20241001021459,cdx,
https://www.cnn.com/2024/09/30/politics/video/biden-trump-helene-response-digvid?cid=ios_app,20241001112548,cdx,
https://www.cnn.com/2024/09/30/politics/video/jeff-flake-endorses-kamala-harris-2024-election-src-digvid,20241001113153,cdx,
https://www.cnn.com/2024/09/30/politics/video/jeff-flake-endorses-kamala-harris-2024-election-src-digvid?cid=ios_app,20241001055308,cdx,
https://www.cnn.com/2024/09/30/politics/video/the-lead-tim-walz-jd-vance-vice-presidential-debate-2024-election-jake-tapper?cid=ios_app,20241001124658,cdx,
https://www.cnn.com/2024/09/30/politics/video/trump-channels-the-purge-movies-to-solve-crime,20241002052242,cdx,
https://www.cnn.com/2024/09/30/politics/video/trump-politicizes-hurricane-helene-response,20241001033630,cdx,
https://www.cnn.com/2024/09/30/politics/video/walz-nerves-vp-debate-vance-ctm-digvid?cid=ios_app,20241001093340,cdx,
https://www.cnn.com/2024/09/30/science/everest-height-growth-river-piracy/index.html?bt_ee=VxsuRl2bjA%2FUq3sOZ%2BPlnpbp94Lta9Hgyzp6Grir1mw%3D&bt_ts=1727734198699,20241001014910,cdx,
https://www.cnn.com/2024/09/30/science/everest-height-growth-river-piracy/index.html?cid=external-feeds_iluminar_yahoo,20241002230524,cdx,
https://www.cnn.com/2024/09/30/sport/dikembe-mutombo-death-nba-spt-intl/index.html?cid=ios_app,20241001004019,cdx,
https://www.cnn.com/2024/09/30/sport/dikembe-mutombo-death-nba-spt-intl/index.html?iid=cnn_buildContentRecirc_end_recirc,20241002030518,cdx,
https://www.cnn.com/2024/09/30/sport/dikembe-mutombo-death-nba-spt-intl?cid=external-feeds_iluminar_yahoo,20241002093629,cdx,
https://www.cnn.com/2024/09/30/sport/european-football-wrap-manchester-united-tottenham-spt-intl?cid=ios_app,20241001002931,cdx,
https://www.cnn.com/2024/09/30/sport/gallery/pete-rose/,20241001123227,cdx,
https://www.cnn.com/2024/09/30/sport/gallery/pete-rose/index.html,20241001033519,cdx,
https://www.cnn.com/2024/09/30/sport/gallery/pete-rose?adobe_mc=TS%3D1727776927%7CMCMID%3D81261896788537673297219294384043952943%7CMCORGID%3D7FF852E2556756057F000101%40AdobeOrg&iid=cnn-mobile-app,20241001121151,cdx,
https://www.cnn.com/2024/09/30/sport/lebron-james-bronny-lakers-media-spt-intl/,20241001042022,cdx,
https://www.cnn.com/2024/09/30/sport/lebron-james-bronny-lakers-media-spt-intl/index.html,20241001003851,cdx,
https://www.cnn.com/2024/09/30/sport/lebron-james-bronny-lakers-media-spt-intl?cid=external-feeds_iluminar_cnn-brasil,20241001003850,cdx,
https://www.cnn.com/2024/09/30/sport/lebron-james-bronny-lakers-media-spt-intl?cid=ios_app,20241001030151,cdx,
https://www.cnn.com/2024/09/30/sport/lebron-james-bronny-lakers-media-spt-intl/?Date=20241001&Profile=CNN+Sports,20241001103255,cdx,
https://www.cnn.com/2024/09/30/sport/lebron-james-bronny-lakers-media-spt-intl/?Date=20241001&Profile=CNN+Sports&utm_content=1727774100&utm_medium=social&utm_source=twitter,20241001092045,cdx,
https://www.cnn.com/2024/09/30/sport/nfl-week-4-sunday-review-spt-intl/,20241001032854,cdx,
https://www.cnn.com/2024/09/30/sport/nfl-week-4-sunday-review-spt-intl/index.html?cid=external-feeds_iluminar_yahoo,20241001114011,cdx,
https://www.cnn.com/2024/09/30/sport/pete-rose-death-mlb-spt/,20241001005157,cdx,
https://www.cnn.com/2024/09/30/sport/pete-rose-death-mlb-spt/index.html,20241001014423,cdx,
https://www.cnn.com/2024/09/30/sport/pete-rose-death-mlb-spt/index.html?cid=ios_app,20241002182659,cdx,
https://www.cnn.com/2024/09/30/sport/pete-rose-death-mlb-spt/index.html?iid=cnn_buildContentRecirc_end_recirc,20241001171702,cdx,
https://www.cnn.com/2024/09/30/sport/pete-rose-death-mlb-spt/index.html?utm_campaign=mb&utm_medium=newsletter&utm_source=morning_brew,20241001125335,cdx,
https://www.cnn.com/2024/09/30/sport/pete-rose-death-mlb-spt?Date=20241001&Profile=CNN,20241001005447,cdx,
https://www.cnn.com/2024/09/30/sport/pete-rose-death-mlb-spt?Date=20241001&Profile=CNN&utm_content=1727741576&utm_medium=social&utm_source=twitter,20241001011222,cdx,
https://www.cnn.com/2024/09/30/sport/pete-rose-death-mlb-spt?Date=20241001&Profile=CNN+Sports,20241001112447,cdx,
https://www.cnn.com/2024/09/30/sport/pete-rose-death-mlb-spt?Date=20241001&Profile=CNN+Sports&utm_content=1727770935&utm_medium=social&utm_source=twitter,20241001084138,cdx,
https://www.cnn.com/2024/09/30/sport/pete-rose-death-mlb-spt?Date=20241001&Profile=cnni&utm_content=1727741623&utm_medium=social&utm_source=twitter,20241002221544,cdx,
https://www.cnn.com/2024/09/30/sport/sabrina-ionescu-liberty-aces-sun-lynx-spt-intl/index.html?iid=cnn_buildContentRecirc_end_recirc,20241001202004,cdx,
https://www.cnn.com/2024/09/30/sport/team-usa-presidents-cup-win-2024-spt-intl/,20241001063000,cdx,
https://www.cnn.com/2024/09/30/sport/video/pete-rose-dead-mlb-obit-digvid,20241001113334,cdx,
https://www.cnn.com/2024/09/30/sport/video/pete-rose-dead-mlb-obit-digvid?cid=ios_app,20241001034038,cdx,
https://www.cnn.com/2024/09/30/style/caroline-furneaux-mothers-photo-book/index.html?iid=cnn_buildContentRecirc_end_recirc,20241001112033,cdx,
https://www.cnn.com/2024/09/30/style/china-unveils-moon-landing-spacesuit-intl-hnk/,20241001002535,cdx,
https://www.cnn.com/2024/09/30/style/look-of-the-week-gigi-hadid-mini-dress-packing-tape,20241001132511,cdx,
https://www.cnn.com/2024/09/30/tech/iphone-16-presales-apple-intelligence/index.html?utm_source=fark&utm_medium=website&utm_content=link&ICID=ref_fark,20241001043725,cdx,
https://www.cnn.com/2024/09/30/tech/iphone-16-presales-apple-intelligence?cid=external-feeds_iluminar_yahoo,20241001015437,cdx,
https://www.cnn.com/2024/09/30/tech/iphone-16-presales-apple-intelligence?cid=ios_app,20241001034106,cdx,
https://www.cnn.com/2024/09/30/tech/verizon-outage?cid=external-feeds_iluminar_msn,20241001042738,cdx,
https://www.cnn.com/2024/09/30/tech/verizon-outage?cid=external-feeds_iluminar_yahoo,20241001023954,cdx,
https://www.cnn.com/2024/09/30/travel/global-entry-nexus-application-fee-increase/,20241001045340,cdx,
https://www.cnn.com/2024/09/30/travel/global-entry-nexus-application-fee-increase/index.html,20241001044610,cdx,
https://www.cnn.com/2024/09/30/travel/villa-vie-odyssey-sets-sail/,20241001010800,cdx,
https://www.cnn.com/2024/09/30/travel/villa-vie-odyssey-sets-sail/index.html,20241001055531,cdx,
https://www.cnn.com/2024/09/30/us/5-things-pm-september-30-trnd/index.html,20241001044839,cdx,
https://www.cnn.com/2024/09/30/us/5-things-to-know-for-sept-30-helenes-damage-middle-east-vp-debate-chemical-plant-fire-spacex/index.html,20241001015854,cdx,
https://www.cnn.com/2024/09/30/us/video/helene-hurricane-asheville-river-arts-district-damage-destruction-digvid,20241001015159,cdx,
https://www.cnn.com/2024/09/30/us/video/tesla-fire-florida-hurricane-helene-digvid,20241001043037,cdx,
https://www.cnn.com/2024/09/30/us/video/tesla-fire-florida-hurricane-helene-digvid?cid=ios_app,20241001101005,cdx,
https://www.cnn.com/2024/09/30/us/video/the-lead-north-carolina-hurricane-helene-asheville-western-floods-jake-tapper,20241001010221,cdx,
https://www.cnn.com/2024/09/30/us/video/the-lead-north-carolina-western-aid-hurricane-helene-floods-destruction-asheville-jake-tapper,20241001063504,cdx,
https://www.cnn.com/2024/09/30/weather/hurricane-helene-recovery-cleanup-monday,20241001005304,cdx,
https://www.cnn.com/2024/09/30/weather/hurricane-helene-recovery-cleanup-monday/index.html?utm_term=17277378404191c95778952a3&utm_source=cnn_In+Case+You+Missed+It+-+ICYMI&bt_ts=1727737840422&utm_medium=email&bt_ee=xOelTKj7reUx%2B9j10IWqg1svt4toXMKgqHUREWF5%2B9Kk2brLr%2BOfWY%2BPK3LPE89E&bt_alias=eyJ1c2VySWQiOiAiMTNmMzQ5NzItYWNkMy00NjVlLWJiMGQtOTMxNzVmYzZmYzg2In0%3D,20241001015058,cdx,
https://www.cnn.com/2024/09/30/weather/hurricane-helene-recovery-cleanup-monday/index.html?utm_source=cbnewsletter&utm_medium=email&utm_term=2024-10-01&utm_campaign=Daily+Briefing+01+10+2024,20241001150059,cdx,
https://www.cnn.com/2024/09/30/world/video/israel-limited-ground-operartion-lebanon-fareed-zakaria-ebof-digvid,20241001111251,cdx,
https://www.cnn.com/2024/09/30/world/video/israel-limited-ground-operartion-lebanon-fareed-zakaria-ebof-digvid?cid=ios_app,20241001153812,cdx,
https://www.cnn.com/2024/09/30/world/video/thomas-friedman-israel-hezbollah-lebanon-ground-operation-digvid,20241001031327,cdx,
https://www.cnn.com/2024/10/01/americas/claudia-sheinbaum-swearing-in-mexico-intl-latam/,20241001173918,cdx,
https://www.cnn.com/2024/10/01/americas/claudia-sheinbaum-swearing-in-mexico-intl-latam/index.html,20241001185030,cdx,
https://www.cnn.com/2024/10/01/asia/china-woman-double-uterus-twin-birth-intl-hnk/,20241002023530,cdx,
https://www.cnn.com/2024/10/01/asia/china-woman-double-uterus-twin-birth-intl-hnk/index.html,20241002012320,cdx,
https://www.cnn.com/2024/10/01/asia/coldplay-concert-ticket-india-scalping-intl-hnk/,20241001062146,cdx,
https://www.cnn.com/2024/10/01/asia/coldplay-concert-ticket-india-scalping-intl-hnk/index.html,20241001083347,cdx,
https://www.cnn.com/2024/10/01/asia/coldplay-concert-ticket-india-scalping-intl-hnk?cid=ios_app,20241001133945,cdx,
https://www.cnn.com/2024/10/01/asia/thailand-school-bus-fire-intl-hnk/,20241002055159,cdx,
https://www.cnn.com/2024/10/01/asia/typhoon-krathon-julien-taiwan-philippines-intl-hnk/,20241001085330,cdx,
https://www.cnn.com/2024/10/01/asia/typhoon-krathon-julien-taiwan-philippines-intl-hnk/index.html,20241001213719,cdx,
https://www.cnn.com/2024/10/01/business/ai-nuclear-energy-nightcap/,20241001102508,cdx,
https://www.cnn.com/2024/10/01/business/ai-nuclear-energy-nightcap/index.html,20241001093016,cdx,
https://www.cnn.com/2024/10/01/business/cvs-health-layoffs,20241001125832,cdx,
https://www.cnn.com/2024/10/01/business/cvs-health-layoffs/index.html,20241002024125,cdx,
https://www.cnn.com/2024/10/01/business/favorite-convenience-store-survey/,20241001130811,cdx,
https://www.cnn.com/2024/10/01/business/favorite-convenience-store-survey/index.html,20241001170058,cdx,
https://www.cnn.com/2024/10/01/business/favorite-convenience-store-survey/index.html?utm_source=fark&utm_medium=website&utm_content=link&ICID=ref_fark,20241001132205,cdx,
https://www.cnn.com/2024/10/01/business/us-port-workers-strike-tuesday/,20241001045336,cdx,
https://www.cnn.com/2024/10/01/business/us-port-workers-strike-tuesday/index.html,20241001070740,cdx,
https://www.cnn.com/2024/10/01/business/us-port-workers-strike-tuesday/index.html?bt_ee=d3yyQEU4K3h0Nw4fTCLHIDNeHWFFo2qKIyEwXVQYiy110iFbTE2%2BSqfNCuyHEL3G&bt_ts=1727758508899,20241001080313,cdx,
https://www.cnn.com/2024/10/01/business/us-port-workers-strike-tuesday/index.html?utm_term=17277585088977c77cffebee9&utm_source=cnn_Breaking+News&utm_medium=email&bt_ee=d3yyQEU4K3h0Nw4fTCLHIDNeHWFFo2qKIyEwXVQYiy110iFbTE2%2BSqfNCuyHEL3G&bt_ts=1727758508899,20241001083305,cdx,
https://www.cnn.com/2024/10/01/business/us-port-workers-strike-tuesday/index.html?cid=ios_app,20241001134316,cdx,
https://www.cnn.com/2024/10/01/business/us-port-workers-strike-tuesday?cid=external-feeds_iluminar_yahoo,20241001125412,cdx,
https://www.cnn.com/2024/10/01/business/us-port-workers-strike-tuesday?cid=ios_app,20241001104447,cdx,
https://www.cnn.com/2024/10/01/business/video/daily-show-jon-stewart-kamala-harris-donald-trump-economic-policies-digvid,20241001104839,cdx,
https://www.cnn.com/2024/10/01/business/video/strike-begins-at-east-coast-cargo-ports,20241001173151,cdx,
https://www.cnn.com/2024/10/01/business/video/us-port-workers-strike-digvid,20241001193732,cdx,
https://www.cnn.com/2024/10/01/business/video/yurkevich-new-jersey-port-worker-strike-digvid,20241001173953,cdx,
https://www.cnn.com/2024/10/01/china/china-xi-reunification-taiwan-national-day-intl-hnk/,20241001062154,cdx,
https://www.cnn.com/2024/10/01/china/china-xi-reunification-taiwan-national-day-intl-hnk/index.html,20241001214625,cdx,
https://www.cnn.com/2024/10/01/china/china-xi-reunification-taiwan-national-day-intl-hnk?cid=ios_app,20241001113356,cdx,
https://www.cnn.com/2024/10/01/climate/melting-glaciers-border-switzerland-italy,20241001082406,cdx,
https://www.cnn.com/2024/10/01/climate/melting-glaciers-border-switzerland-italy/index.html,20241001191619,cdx,
https://www.cnn.com/2024/10/01/climate/melting-glaciers-border-switzerland-italy?cid=ios_app,20241001120757,cdx,
https://www.cnn.com/2024/10/01/economy/home-heating-costs-winter-bill/,20241001130632,cdx,
https://www.cnn.com/2024/10/01/economy/home-heating-costs-winter-bill/index.html,20241001224123,cdx,
https://www.cnn.com/2024/10/01/economy/us-jolts-job-openings-layoffs-august/,20241001222110,cdx,
https://www.cnn.com/2024/10/01/economy/us-jolts-job-openings-layoffs-august/index.html,20241001172913,cdx,
https://www.cnn.com/2024/10/01/economy/us-jolts-job-openings-layoffs-august?cid=external-feeds_iluminar_yahoo,20241001172718,cdx,
https://www.cnn.com/2024/10/01/entertainment/frank-fritz-american-pickers-death/,20241001222151,cdx,
https://www.cnn.com/2024/10/01/entertainment/frank-fritz-american-pickers-death/index.html,20241001204400,cdx,
https://www.cnn.com/2024/10/01/entertainment/frank-fritz-american-pickers-death?cid=ios_app,20241002121721,cdx,
https://www.cnn.com/2024/10/01/entertainment/john-amos-dead/,20241001191918,cdx,
https://www.cnn.com/2024/10/01/entertainment/john-amos-dead/index.html,20241001194916,cdx,
https://www.cnn.com/2024/10/01/entertainment/john-amos-dead?cid=ios_app,20241001195946,cdx,
https://www.cnn.com/2024/10/01/entertainment/john-amos-dead/?dicbo=v2-MbjUhHU&iid=ob_mobile_article_footer_expansion,20241002150531,cdx,
https://www.cnn.com/2024/10/01/entertainment/sean-diddy-combs-texas-attorney/,20241001205609,cdx,
https://www.cnn.com/2024/10/01/entertainment/sean-diddy-combs-texas-attorney/index.html,20241001211128,cdx,
https://www.cnn.com/2024/10/01/entertainment/spooky-season-watch-guide/,20241001222402,cdx,
https://www.cnn.com/2024/10/01/entertainment/spooky-season-watch-guide/index.html,20241001212703,cdx,
https://www.cnn.com/2024/10/01/europe/jewish-students-antisemitism-uk-gbr-scli-intl/,20241001082112,cdx,
https://www.cnn.com/2024/10/01/europe/jewish-students-antisemitism-uk-gbr-scli-intl/index.html,20241001085036,cdx,
https://www.cnn.com/2024/10/01/europe/julian-assange-council-europe-address-intl/,20241001091955,cdx,
https://www.cnn.com/2024/10/01/europe/julian-assange-council-europe-address-intl/index.html,20241001085135,cdx,
https://www.cnn.com/2024/10/01/health/abortion-drugs-louisiana-law/,20241001130815,cdx,
https://www.cnn.com/2024/10/01/health/abortion-drugs-louisiana-law/index.html,20241001184952,cdx,
https://www.cnn.com/2024/10/01/health/breast-cancer-report/,20241001130807,cdx,
https://www.cnn.com/2024/10/01/health/breast-cancer-report/index.html,20241001170954,cdx,
https://www.cnn.com/2024/10/01/health/california-emergency-abortion-lawsuit/,20241002045242,cdx,
https://www.cnn.com/2024/10/01/health/california-emergency-abortion-lawsuit/index.html,20241002034400,cdx,
https://www.cnn.com/2024/10/01/health/flame-retardant-black-plastic-wellness/,20241001130810,cdx,
https://www.cnn.com/2024/10/01/health/flame-retardant-black-plastic-wellness/index.html,20241001150833,cdx,
https://www.cnn.com/2024/10/01/health/flame-retardant-black-plastic-wellness?cid=ios_app,20241001175300,cdx,
https://www.cnn.com/2024/10/01/health/flame-retardant-black-plastic-wellness?utm_medium=social&utm_source=whatsappCNN&utm_content=2024-10-01T13:12:40,20241001214656,cdx,
https://www.cnn.com/2024/10/01/health/relationships-success-ingredients-wellness/,20241001213248,cdx,
https://www.cnn.com/2024/10/01/health/relationships-success-ingredients-wellness/index.html,20241001204745,cdx,
https://www.cnn.com/2024/10/01/investing/stock-market-best-start-since-1997/,20241001173907,cdx,
https://www.cnn.com/2024/10/01/investing/stock-market-best-start-since-1997/index.html,20241001175915,cdx,
https://www.cnn.com/2024/10/01/investing/stock-market-best-start-since-1997?cid=external-feeds_iluminar_yahoo,20241001172813,cdx,
https://www.cnn.com/2024/10/01/media/australia-abc-systemic-racism-hnk-intl/,20241001102530,cdx,
https://www.cnn.com/2024/10/01/media/australia-abc-systemic-racism-hnk-intl/index.html,20241001114738,cdx,
https://www.cnn.com/2024/10/01/media/australia-abc-systemic-racism-hnk-intl?cid=external-feeds_iluminar_yahoo,20241001124406,cdx,
https://www.cnn.com/2024/10/01/media/cnn-launch-digital-subscription-paywall,20241001142741,cdx,
https://www.cnn.com/2024/10/01/media/cnn-launch-digital-subscription-paywall/index.html,20241001141516,cdx,
https://www.cnn.com/2024/10/01/media/cnn-launch-digital-subscription-paywall/index.html?utm_source=fark&utm_medium=website&utm_content=link&ICID=ref_fark,20241002043935,cdx,
https://www.cnn.com/2024/10/01/media/cnn-launch-digital-subscription-paywall?cid=external-feeds_iluminar_yahoo,20241002031804,cdx,
https://www.cnn.com/2024/10/01/media/journalists-threats-election-trump/index.html,20241002001536,cdx,
https://www.cnn.com/2024/10/01/media/journalists-threats-election-trump?cid=ios_app,20241001163548,cdx,
https://www.cnn.com/2024/10/01/media/olivia-nuzzi-ryan-lizza-rfk-relationship/,20241001212223,cdx,
https://www.cnn.com/2024/10/01/media/olivia-nuzzi-ryan-lizza-rfk-relationship/index.html,20241001203004,cdx,
https://www.cnn.com/2024/10/01/media/olivia-nuzzi-ryan-lizza-rfk-relationship?cid=external-feeds_iluminar_yahoo,20241002011845,cdx,
https://www.cnn.com/2024/10/01/media/trump-backs-out-60-minutes-interview-cbs,20241002000319,cdx,
https://www.cnn.com/2024/10/01/media/trump-backs-out-60-minutes-interview-cbs/index.html,20241001230843,cdx,
https://www.cnn.com/2024/10/01/media/trump-backs-out-60-minutes-interview-cbs?cid=external-feeds_iluminar_flipboard,20241002000324,cdx,
https://www.cnn.com/2024/10/01/media/trump-backs-out-60-minutes-interview-cbs?cid=external-feeds_iluminar_msn,20241002062549,cdx,
https://www.cnn.com/2024/10/01/media/trump-backs-out-60-minutes-interview-cbs?cid=external-feeds_iluminar_yahoo,20241002031617,cdx,
https://www.cnn.com/2024/10/01/middleeast/israel-ground-incursion-lebanon-explainer-intl-hnk/,20241001085300,cdx,
https://www.cnn.com/2024/10/01/middleeast/israel-ground-incursion-lebanon-explainer-intl-hnk/index.html,20241001071539,cdx,
https://www.cnn.com/2024/10/01/middleeast/israel-ground-incursion-lebanon-explainer-intl-hnk?cid=ios_app,20241001110745,cdx,
https://www.cnn.com/2024/10/01/middleeast/israel-incursion-lebanon-analysis-intl/,20241001173842,cdx,
https://www.cnn.com/2024/10/01/middleeast/israel-incursion-lebanon-analysis-intl/index.html,20241002010643,cdx,
https://www.cnn.com/2024/10/01/politics/certification-lawsuits-georgia-swing-states/,20241001102423,cdx,
https://www.cnn.com/2024/10/01/politics/certification-lawsuits-georgia-swing-states/index.html,20241001111414,cdx,
https://www.cnn.com/2024/10/01/politics/certification-lawsuits-georgia-swing-states/index.html?cid=external-feeds_iluminar_yahoo,20241001212354,cdx,
https://www.cnn.com/2024/10/01/politics/certification-lawsuits-georgia-swing-states?cid=ios_app,20241001153902,cdx,
https://www.cnn.com/2024/10/01/politics/election-2024-early-voting-data/,20241001102510,cdx,
https://www.cnn.com/2024/10/01/politics/election-2024-early-voting-data/index.html,20241001210727,cdx,
https://www.cnn.com/2024/10/01/politics/election-2024-early-voting-data?cid=ios_app,20241001144510,cdx,
https://www.cnn.com/2024/10/01/politics/fact-check-vance-walz-debate/,20241002023609,cdx,
https://www.cnn.com/2024/10/01/politics/fact-check-vance-walz-debate/index.html,20241002020252,cdx,
https://www.cnn.com/2024/10/01/politics/fact-check-vance-walz-debate?cid=ios_app,20241002160200,cdx,
https://www.cnn.com/2024/10/01/politics/georgia-judge-signals-a-need-to-clarify-vague-new-election-certification-rule/,20241001222148,cdx,
https://www.cnn.com/2024/10/01/politics/georgia-judge-signals-a-need-to-clarify-vague-new-election-certification-rule/index.html,20241001192853,cdx,
https://www.cnn.com/2024/10/01/politics/hurricane-helene-becomes-a-political-flashpoint/,20241001173814,cdx,
https://www.cnn.com/2024/10/01/politics/hurricane-helene-becomes-a-political-flashpoint/index.html,20241001185047,cdx,
https://www.cnn.com/2024/10/01/politics/iran-missile-attack-israel/,20241001141246,cdx,
https://www.cnn.com/2024/10/01/politics/iran-missile-attack-israel/index.html,20241001141658,cdx,
https://www.cnn.com/2024/10/01/politics/iran-missile-attack-israel/index.html?cid=ios_app,20241001140815,cdx,
https://www.cnn.com/2024/10/01/politics/iran-missile-attack-israel/index.html?utm_source=fark&utm_medium=website&utm_content=link&ICID=ref_fark,20241001161951,cdx,
https://www.cnn.com/2024/10/01/politics/iran-missile-attack-israel?cid=ios_app,20241001134848,cdx,
https://www.cnn.com/2024/10/01/politics/iran-missile-attack-israel?Date=20241001&Profile=cnnbrk,20241001145301,cdx,
https://www.cnn.com/2024/10/01/politics/jimmy-carter-100-celebrations/,20241001102432,cdx,
https://www.cnn.com/2024/10/01/politics/jimmy-carter-100-celebrations/index.html,20241001121431,cdx,
https://www.cnn.com/2024/10/01/politics/jimmy-carter-100-celebrations/index.html?cid=ios_app,20241002001111,cdx,
https://www.cnn.com/2024/10/01/politics/jimmy-carter-100-celebrations?cid=ios_app,20241001131844,cdx,
https://www.cnn.com/2024/10/01/politics/presidential-election-270-electoral-votes/,20241001222640,cdx,
https://www.cnn.com/2024/10/01/politics/presidential-election-270-electoral-votes/index.html,20241001185945,cdx,
https://www.cnn.com/2024/10/01/politics/presidential-election-270-electoral-votes/index.html?iid=cnn_buildContentRecirc_end_recirc,20241002213910,cdx,
https://www.cnn.com/2024/10/01/politics/speaking-times-vance-walz-debate-dg/,20241002023520,cdx,
https://www.cnn.com/2024/10/01/politics/speaking-times-vance-walz-debate-dg/index.html,20241002105250,cdx,
https://www.cnn.com/2024/10/01/politics/speaking-times-vance-walz-debate-dg/index.html?iid=cnn_buildContentRecirc_end_recirc,20241002022450,cdx,
https://www.cnn.com/2024/10/01/politics/tim-walz-china-tiananmen-square/,20241001165758,cdx,
https://www.cnn.com/2024/10/01/politics/tim-walz-china-tiananmen-square/index.html,20241001160046,cdx,
https://www.cnn.com/2024/10/01/politics/tim-walz-china-tiananmen-square/index.html?cid=external-feeds_iluminar_yahoo,20241002210404,cdx,
https://www.cnn.com/2024/10/01/politics/tim-walz-china-tiananmen-square/index.html?os&ref=app,20241002121105,cdx,
https://www.cnn.com/2024/10/01/politics/tim-walz-china-tiananmen-square/index.html?os=fuzzscan3wotr&ref=app,20241002062711,cdx,
https://www.cnn.com/2024/10/01/politics/tim-walz-china-tiananmen-square/index.html?os=fuzzscanl12tr,20241002033438,cdx,
https://www.cnn.com/2024/10/01/politics/tim-walz-china-tiananmen-square/index.html?os=io,20241002125859,cdx,
https://www.cnn.com/2024/10/01/politics/tim-walz-china-tiananmen-square/index.html?os=io....dbr5yxkr,20241002003437,cdx,
https://www.cnn.com/2024/10/01/politics/tim-walz-china-tiananmen-square/index.html?os=vbkn42...&ref=app,20241002003359,cdx,
https://www.cnn.com/2024/10/01/politics/tim-walz-china-tiananmen-square/index.html?os=vbkn42tqhoPnxGo4IJ,20241002030314,cdx,
https://www.cnn.com/2024/10/01/politics/tim-walz-china-tiananmen-square/index.html?os=vbkn42tqhoPnxGo4IJ&ref=app,20241002012434,cdx,
https://www.cnn.com/2024/10/01/politics/tim-walz-china-tiananmen-square/index.html?os=windhgbityl,20241002004412,cdx,
https://www.cnn.com/2024/10/01/politics/trump-federal-abortion-ban/,20241002054354,cdx,
https://www.cnn.com/2024/10/01/politics/trump-jack-smith-disclosure-evidence-argument/,20241001222141,cdx,
https://www.cnn.com/2024/10/01/politics/trump-jack-smith-disclosure-evidence-argument/index.html,20241001200643,cdx,
https://www.cnn.com/2024/10/01/politics/trump-women-protector-gender-divide-analysis/,20241001222631,cdx,
https://www.cnn.com/2024/10/01/politics/trump-women-protector-gender-divide-analysis/index.html,20241001203410,cdx,
https://www.cnn.com/2024/10/01/politics/video/economy-jd-vance-tim-walz-cbs-vice-presidential-debate-new-york-digvid,20241002151908,cdx,
https://www.cnn.com/2024/10/01/politics/video/iran-strike-jd-vance-tim-walz-cbs-vice-presidential-debate-digvid,20241002031508,cdx,
https://www.cnn.com/2024/10/01/politics/video/jan-6-walz-vance-vice-presidential-debate-digvid,20241002061122,cdx,
https://www.cnn.com/2024/10/01/politics/video/jd-vance-tim-walz-vice-presidential-debate-fact-check-digvid,20241002164310,cdx,
https://www.cnn.com/2024/10/01/politics/video/jd-vance-tim-walz-vice-presidential-debate-microphone-cut-cbs-news-digvid,20241002152940,cdx,
https://www.cnn.com/2024/10/01/politics/video/the-lead-vice-presidential-debate-jd-vance-tim-walz,20241002140753,cdx,
https://www.cnn.com/2024/10/01/politics/video/trump-tim-walz-governor-kentucky-digvid,20241001204041,cdx,
https://www.cnn.com/2024/10/01/politics/video/van-jones-david-urban-react-debate-vance-walz-vice-presidential-candidates-digvid,20241002152439,cdx,
https://www.cnn.com/2024/10/01/politics/vp-debate-takeaways-vance-walz/,20241002051041,cdx,
https://www.cnn.com/2024/10/01/politics/vp-debate-takeaways-vance-walz/index.html,20241002085859,cdx,
https://www.cnn.com/2024/10/01/politics/vp-debate-takeaways-vance-walz/index.html?iid=cnn_buildContentRecirc_end_recirc,20241002132117,cdx,
https://www.cnn.com/2024/10/01/politics/what-to-watch-vp-debate/,20241001045320,cdx,
https://www.cnn.com/2024/10/01/politics/what-to-watch-vp-debate/index.html,20241001152430,cdx,
https://www.cnn.com/2024/10/01/politics/white-house-longshore-strike/,20241001182704,cdx,
https://www.cnn.com/2024/10/01/politics/white-house-longshore-strike/index.html,20241001162955,cdx,
https://www.cnn.com/2024/10/01/science/annular-solar-eclipse-october-time-path/,20241001193953,cdx,
https://www.cnn.com/2024/10/01/science/annular-solar-eclipse-october-time-path/index.html,20241001203224,cdx,
https://www.cnn.com/2024/10/01/science/viking-burials-denmark-scli-intl/,20241001130802,cdx,
https://www.cnn.com/2024/10/01/science/viking-burials-denmark-scli-intl/index.html,20241001131238,cdx,
https://www.cnn.com/2024/10/01/sport/arsenal-paris-saint-germain-spt-intl/,20241002134930,cdx,
https://www.cnn.com/2024/10/01/sport/arsenal-paris-saint-germain-spt-intl/index.html,20241002041620,cdx,
https://www.cnn.com/2024/10/01/sport/arsenal-paris-saint-germain-spt-intl?cid=external-feeds_iluminar_yahoo,20241002035316,cdx,
https://www.cnn.com/2024/10/01/sport/atletico-madrid-robin-le-normand-brain-injury-spt-intl/index.html,20241002042043,cdx,
https://www.cnn.com/2024/10/01/sport/atletico-madrid-robin-le-normand-brain-injury-spt-intl?cid=external-feeds_iluminar_yahoo,20241002035531,cdx,
https://www.cnn.com/2024/10/01/sport/carbon-neutral-fuel-zero-motorsport-f1-spt-intl/,20241002164718,cdx,
https://www.cnn.com/2024/10/01/sport/carbon-neutral-fuel-zero-motorsport-f1-spt-intl/index.html,20241001121238,cdx,
https://www.cnn.com/2024/10/01/sport/carbon-neutral-fuel-zero-motorsport-f1-spt-intl/index.html?Date=20241001&Profile=CNN+Sports&utm_content=1727791618&utm_medium=social&utm_source=twitter,20241001171225,cdx,
https://www.cnn.com/2024/10/01/sport/carbon-neutral-fuel-zero-motorsport-f1-spt-intl?cid=external-feeds_iluminar_yahoo,20241001181428,cdx,
https://www.cnn.com/2024/10/01/sport/jared-goff-nfl-week-4-monday-spt-intl,20241001114029,cdx,
https://www.cnn.com/2024/10/01/sport/jared-goff-nfl-week-4-monday-spt-intl/index.html,20241001113643,cdx,
https://www.cnn.com/2024/10/01/sport/jared-goff-nfl-week-4-monday-spt-intl/index.html?iid=cnn_buildContentRecirc_end_recirc,20241002011533,cdx,
https://www.cnn.com/2024/10/01/sport/jared-goff-nfl-week-4-monday-spt-intl?cid=external-feeds_iluminar_yahoo,20241001170507,cdx,
https://www.cnn.com/2024/10/01/sport/new-york-mets-atlanta-braves-doubleheader-mlb-spt-intl/,20241001190710,cdx,
https://www.cnn.com/2024/10/01/sport/new-york-mets-atlanta-braves-doubleheader-mlb-spt-intl/index.html,20241001191319,cdx,
https://www.cnn.com/2024/10/01/sport/new-york-mets-atlanta-braves-doubleheader-mlb-spt-intl/index.html?Date=20241001&Profile=CNN+Sports,20241001211106,cdx,
https://www.cnn.com/2024/10/01/sport/new-york-mets-atlanta-braves-doubleheader-mlb-spt-intl?cid=external-feeds_iluminar_yahoo,20241001181356,cdx,
https://www.cnn.com/2024/10/01/tech/microsoft-copilot-ai-chatbot-update-friendly/,20241001163146,cdx,
https://www.cnn.com/2024/10/01/tech/microsoft-copilot-ai-chatbot-update-friendly/index.html,20241001162425,cdx,
https://www.cnn.com/2024/10/01/tech/microsoft-copilot-ai-chatbot-update-friendly?cid=external-feeds_iluminar_yahoo,20241001172805,cdx,
https://www.cnn.com/2024/10/01/uk/boris-johnson-queen-elizabeth-ii-intl-scli/,20241001130805,cdx,
https://www.cnn.com/2024/10/01/uk/boris-johnson-queen-elizabeth-ii-intl-scli/index.html,20241001154222,cdx,
https://www.cnn.com/2024/10/01/us/5-things-pm-october-1-trnd/,20241001222026,cdx,
https://www.cnn.com/2024/10/01/us/5-things-pm-october-1-trnd/index.html,20241002022523,cdx,
https://www.cnn.com/2024/10/01/us/5-things-to-know-for-oct-1-vp-debate-helenes-aftermath-lebanon-port-workers-strike-verizon-outage/index.html,20241001235216,cdx,
https://www.cnn.com/2024/10/01/us/5-things-to-know-for-oct-1-vp-debate-helenes-aftermath-lebanon-port-workers-strike-verizon-outage?cid=ios_app,20241001130127,cdx,
https://www.cnn.com/2024/10/01/us/kentucky-judge-murder-stines-hearing/,20241001130724,cdx,
https://www.cnn.com/2024/10/01/us/kentucky-judge-murder-stines-hearing/index.html,20241001175740,cdx,
https://www.cnn.com/2024/10/01/us/north-carolina-asheville-hurricane-helene-aftermath/,20241001182403,cdx,
https://www.cnn.com/2024/10/01/us/north-carolina-asheville-hurricane-helene-aftermath/index.html,20241001191826,cdx,
https://www.cnn.com/2024/10/01/us/police-patrols-places-of-worship-amid-israel-attack-jewish-holidays/,20241002061108,cdx,
https://www.cnn.com/2024/10/01/us/tulsa-race-massacre/,20241001222149,cdx,
https://www.cnn.com/2024/10/01/us/tulsa-race-massacre/index.html,20241001210348,cdx,
https://www.cnn.com/2024/10/01/us/tyre-nichols-officers-trial-closing-arguments/,20241001173825,cdx,
https://www.cnn.com/2024/10/01/us/tyre-nichols-officers-trial-closing-arguments/index.html,20241001170809,cdx,
https://www.cnn.com/2024/10/01/us/video/asheville-north-carolina-helene-recovery-aid-rosales-dnt-ctm-digvid,20241001132158,cdx,
https://www.cnn.com/2024/10/01/us/video/hurricane-helene-sugar-grove-nc-mudslide-digivid,20241002002001,cdx,
https://www.cnn.com/2024/10/01/us/video/port-strike-harold-daggett-union-leader-digvid?_sm_au_=iVVqLbZLtQj66sWRRQ03GKQ7J7t8J,20241002143709,cdx,
https://www.cnn.com/2024/10/01/us/video/wisconsin-shipwreck-mystery-solved-talat-digvid,20241002000538,cdx,
https://www.cnn.com/2024/10/01/weather/hurricane-helene-path-of-destruction-climate-dg/,20241001165344,cdx,
https://www.cnn.com/2024/10/01/weather/hurricane-helene-path-of-destruction-climate-dg/index.html,20241001192041,cdx,
https://www.cnn.com/2024/10/01/weather/hurricane-helene-path-of-destruction-climate-dg/index.html?cid=external-feeds_iluminar_yahoo,20241002210927,cdx,
https://www.cnn.com/2024/10/01/weather/hurricane-helene-path-of-destruction-climate-dg/index.html?utm_medium=social&utm_source=whatsappCNN&utm_content=2024-10-01T16:00:55,20241001205631,cdx,
https://www.cnn.com/2024/10/01/world/video/iran-attack-israel-video-sciutto-digvid,20241001184039,cdx,
https://www.cnn.com/2024/10/01/world/video/iran-celebrates-missiles-israel-digvid,20241001222326,cdx,
https://www.cnn.com/2024/10/01/world/video/iran-missile-attack-afermath-video-israel-digvid,20241001204135,cdx,
https://www.cnn.com/2024/10/01/world/video/iran-missile-attack-aftermath-video-israel-digvid,20241002083830,cdx,
https://www.cnn.com/2024/10/01/world/video/iran-missile-israel-attack-white-house-digvid,20241001183651,cdx,
https://www.cnn.com/2024/10/01/world/video/israel-iran-attack-barak-ravid-digvid,20241001214131,cdx,
https://www.cnn.com/2024/10/01/world/video/israel-iran-attack-barak-ravid-digvid?ref=upstract.com,20241002004934,cdx,
https://www.cnn.com/2024/10/01/world/video/israel-launches-incursion-southern-lebanon-ldn-digvid,20241001184902,cdx,
https://www.cnn.com/2024/10/01/world/video/israel-lebanon-ground-incursion-ovn-ldn-digvid,20241001101200,cdx,
https://www.cnn.com/2024/10/01/world/video/jake-sullivan-iran-missile-attack-israel-digvid,20241001214124,cdx,
https://www.cnn.com/2024/10/01/world/video/lebanon-underground-tunnels-digvid,20241001183202,cdx,
https://www.cnn.com/2024/10/01/world/video/naftali-bennett-israel-iran-attack-antonio-guterres-ceasefire-blitzer-digvid,20241001223423,cdx,
https://www.cnn.com/2024/10/01/world/video/the-lead-israel-iran-attack-missile-strike-hezbolla-lebanon-jake-tapper,20241002150055,cdx,related
https://www.cnn.com/2024/10/01/world/video/video-iran-missiles-israel-digvid,20241001193518,cdx,
https://www.cnn.com/2024/10/02/business/appeals-court-allows-kalshi-election-betting/index.html,20241002224256,cdx,
https://www.cnn.com/2024/10/02/business/bank-of-america-outage,20241002201127,cdx,
https://www.cnn.com/2024/10/02/business/bank-of-america-outage/index.html,20241002190858,cdx,
https://www.cnn.com/2024/10/02/business/college-grads-air-traffic-controller-jobs/,20241002180619,cdx,
https://www.cnn.com/2024/10/02/business/dock-workers-strike-automation-nightcap/,20241002115548,cdx,
https://www.cnn.com/2024/10/02/business/dock-workers-strike-automation-nightcap?cid=external-feeds_iluminar_msn,20241002155230,cdx,
https://www.cnn.com/2024/10/02/business/elon-musk-twitter-x-fidelity/,20241002114315,cdx,
https://www.cnn.com/2024/10/02/business/elon-musk-twitter-x-fidelity/index.html,20241002162025,cdx,
https://www.cnn.com/2024/10/02/business/elon-musk-twitter-x-fidelity?cid=external-feeds_iluminar_google,20241002164449,cdx,
https://www.cnn.com/2024/10/02/business/social-security-benefits-retirement-savings/,20241002115527,cdx,
https://www.cnn.com/2024/10/02/business/social-security-benefits-retirement-savings/index.html,20241002115157,cdx,
https://www.cnn.com/2024/10/02/business/tesla-sales/index.html,20241002204845,cdx,
https://www.cnn.com/2024/10/02/business/toilet-paper-shortages-port-strike/,20241002165603,cdx,
https://www.cnn.com/2024/10/02/business/toilet-paper-shortages-port-strike/index.html,20241002201722,cdx,
https://www.cnn.com/2024/10/02/business/uber-eats-accident-lawsuit,20241002194106,cdx,
https://www.cnn.com/2024/10/02/business/uber-eats-accident-lawsuit/index.html,20241002185716,cdx,
https://www.cnn.com/2024/10/02/business/uber-eats-accident-lawsuit?cid=external-feeds_iluminar_yahoo,20241002211930,cdx,
https://www.cnn.com/2024/10/02/climate/asheville-flooding-history-helene/,20241002210605,cdx,
https://www.cnn.com/2024/10/02/climate/asheville-flooding-history-helene/index.html,20241002171535,cdx,
https://www.cnn.com/2024/10/02/entertainment/daniel-day-lewis-retirement-scli-intl/,20241002115601,cdx,
https://www.cnn.com/2024/10/02/entertainment/daniel-day-lewis-retirement-scli-intl/index.html,20241002202421,cdx,
https://www.cnn.com/2024/10/02/entertainment/john-amos-death-daughter/,20241002165328,cdx,
https://www.cnn.com/2024/10/02/entertainment/john-amos-death-daughter/index.html,20241002203239,cdx,
https://www.cnn.com/2024/10/02/entertainment/jonathan-majors-magazine-dreams-new-release-date/,20241002210758,cdx,
https://www.cnn.com/2024/10/02/entertainment/jonathan-majors-magazine-dreams-new-release-date/index.html,20241002220042,cdx,
https://www.cnn.com/2024/10/02/entertainment/mariah-carey-not-ready-christmas/,20241002210800,cdx,
https://www.cnn.com/2024/10/02/entertainment/mark-chavez-doctor-matthew-perry-guilty/,20241002210744,cdx,
https://www.cnn.com/2024/10/02/entertainment/mark-chavez-doctor-matthew-perry-guilty/index.html,20241002200633,cdx,
https://www.cnn.com/2024/10/02/entertainment/reese-witherspoon-thriller-novel-harlan-coben/,20241002210756,cdx,
https://www.cnn.com/2024/10/02/europe/vuhledar-russia-ukraine-war-capture-intl/,20241002165324,cdx,
https://www.cnn.com/2024/10/02/food/wendys-spongebob-squarepants-meal/,20241002224028,cdx,
https://www.cnn.com/2024/10/02/health/allergies-pollen-fall-wellness/,20241002165326,cdx,
https://www.cnn.com/2024/10/02/health/flu-covid-rsv-vaccines-virus-season/,20241002143015,cdx,
https://www.cnn.com/2024/10/02/health/flu-covid-rsv-vaccines-virus-season/index.html,20241002220615,cdx,
https://www.cnn.com/2024/10/02/health/flu-covid-rsv-vaccines-virus-season?Date=20241002&Profile=CNN,20241002224013,cdx,
https://www.cnn.com/2024/10/02/health/measles-vaccine-coverage-kindergarten-school-requirement/index.html,20241002225055,cdx,
https://www.cnn.com/2024/10/02/health/video/centenarian-americans-aging-sanjay-gupta-on-call-cnc-digvid,20241002151959,cdx,
https://www.cnn.com/2024/10/02/media/vance-walz-debate-cbs-moderators-fact-check/,20241002070847,cdx,
https://www.cnn.com/2024/10/02/media/vance-walz-debate-cbs-moderators-fact-check/index.html,20241002075516,cdx,
https://www.cnn.com/2024/10/02/media/vp-debate-ratings-vance-walz-cbs/index.html,20241002224100,cdx,
https://www.cnn.com/2024/10/02/middleeast/iran-missile-attack-israel-explainer-intl-hnk/,20241002115552,cdx,
https://www.cnn.com/2024/10/02/middleeast/iran-missile-attack-israel-explainer-intl-hnk/index.html,20241002082942,cdx,
https://www.cnn.com/2024/10/02/middleeast/iran-missiles-israel-defenses-intl-hnk-ml/,20241002063302,cdx,
https://www.cnn.com/2024/10/02/middleeast/iran-missiles-israel-defenses-intl-hnk-ml/index.html,20241002085054,cdx,
https://www.cnn.com/2024/10/02/middleeast/israel-lebanon-regional-war-analysis-intl/,20241002165245,cdx,
https://www.cnn.com/2024/10/02/middleeast/israel-lebanon-regional-war-analysis-intl/index.html,20241002165545,cdx,
https://www.cnn.com/2024/10/02/politics/biden-israel-iran-response/,20241002210749,cdx,
https://www.cnn.com/2024/10/02/politics/biden-israel-iran-response/index.html,20241002204802,cdx,
https://www.cnn.com/2024/10/02/politics/election-poll-walz-vance-debate/,20241002114256,cdx,
https://www.cnn.com/2024/10/02/politics/election-poll-walz-vance-debate/index.html,20241002073721,cdx,
https://www.cnn.com/2024/10/02/politics/georgia-florida-north-carolina-early-voting-helene/,20241002210637,cdx,
https://www.cnn.com/2024/10/02/politics/georgia-florida-north-carolina-early-voting-helene/index.html,20241002221143,cdx,
https://www.cnn.com/2024/10/02/politics/georgia-republicans-dominion/,20241002201949,cdx,
https://www.cnn.com/2024/10/02/politics/homeland-security-threat-environment-presidential-election/,20241002210755,cdx,
https://www.cnn.com/2024/10/02/politics/homeland-security-threat-environment-presidential-election/index.html,20241002220956,cdx,
https://www.cnn.com/2024/10/02/politics/jack-smith-donald-trump-filing/,20241002205004,cdx,
https://www.cnn.com/2024/10/02/politics/jack-smith-donald-trump-filing/index.html,20241002200559,cdx,
https://www.cnn.com/2024/10/02/politics/jack-smith-donald-trump-filing?utm_term=1727900352669b381300cf7aa&utm_source=cnn_Breaking+News&utm_medium=email&bt_ee=5zQOCNpYvWa4jQRZjVjcb7KojhxC1d2I35HZHvn8AaBsnZ%2Bpu%2Bsk1hdcpbmxC65d&bt_ts=1727900352671,20241002211811,cdx,
https://www.cnn.com/2024/10/02/politics/jack-smith-donald-trump-filing?Date=20241002&Profile=cnnbrk,20241002212119,cdx,
https://www.cnn.com/2024/10/02/politics/michigan-students-kamala-harris-israel-hamas,20241002110639,cdx,
https://www.cnn.com/2024/10/02/politics/michigan-students-kamala-harris-israel-hamas/index.html,20241002172453,cdx,
https://www.cnn.com/2024/10/02/politics/read-special-counsel-filing-trump-2020-election-case/,20241002210748,cdx,
https://www.cnn.com/2024/10/02/politics/read-special-counsel-filing-trump-2020-election-case/index.html,20241002211457,cdx,
https://www.cnn.com/2024/10/02/politics/video/doj-new-filing-trump-2020-election-case-jack-smith-honig-digvid,20241002212011,cdx,
https://www.cnn.com/2024/10/02/politics/video/jd-vance-abortion-nancy-pelosi-vice-presidential-debate-digvid,20241002235256,cdx,
https://www.cnn.com/2024/10/02/politics/video/jennings-trump-reax-vance-walz-vice-presidential-debate-cnc-digvid,20241002194434,cdx,
https://www.cnn.com/2024/10/02/politics/video/michigan-voters-trump-harris-aotm-king-digvid,20241002115311,cdx,
https://www.cnn.com/2024/10/02/politics/video/roy-wood-vp-debate-reaction-digvid?cid=ios_app,20241002184051,cdx,
https://www.cnn.com/2024/10/02/politics/video/trump-us-troop-brain-injuries-headaches-esper-digvid,20241002142344,cdx,
https://www.cnn.com/2024/10/02/politics/video/vp-debate-vance-walz-undecided-voters-digvid-fast,20241002200626,cdx,
https://www.cnn.com/2024/10/02/politics/vp-debate-key-lines-what-matters/,20241002165608,cdx,
https://www.cnn.com/2024/10/02/politics/vp-debate-key-lines-what-matters/index.html,20241002171607,cdx,
https://www.cnn.com/2024/10/02/science/gallery/in-pictures-solar-eclipse-ring-of-fire,20241002223856,cdx,
https://www.cnn.com/2024/10/02/science/gallery/in-pictures-solar-eclipse-ring-of-fire/index.html,20241002212739,cdx,
https://www.cnn.com/2024/10/02/science/mold-medallion-penicillin-auction-scli-intl/,20241002165656,cdx,
https://www.cnn.com/2024/10/02/science/mold-medallion-penicillin-auction-scli-intl/index.html,20241002215709,cdx,
https://www.cnn.com/2024/10/02/science/mold-medallion-penicillin-auction-scli-intl?cid=ios_app,20241002143821,cdx,
https://www.cnn.com/2024/10/02/science/video/swarm-robots-canada-hnk-spc,20241002213804,cdx,
https://www.cnn.com/2024/10/02/science/voyager-2-plasma-nasa-experiment-power/,20241002210711,cdx,
https://www.cnn.com/2024/10/02/science/voyager-2-plasma-nasa-experiment-power/index.html,20241002214751,cdx,
https://www.cnn.com/2024/10/02/sport/nfl-week-4-takeaways-spt-intl/,20241002151725,cdx,
https://www.cnn.com/2024/10/02/sport/sabrina-ionescu-new-york-liberty-las-vegas-aces-wnba-spt-intl/,20241002184459,cdx,
https://www.cnn.com/2024/10/02/style/fashion-designer-hedi-slimane-leaves-lvmhs-celine/,20241002165633,cdx,
https://www.cnn.com/2024/10/02/style/picasso-painting-junk-dealer-italy-scli-intl/,20241002165309,cdx,
https://www.cnn.com/2024/10/02/style/picasso-painting-junk-dealer-italy-scli-intl/index.html,20241002165712,cdx,
https://www.cnn.com/2024/10/02/style/zac-posen-gap-bof/,20241002152458,cdx,
https://www.cnn.com/2024/10/02/style/zac-posen-gap-bof/index.html,20241002172227,cdx,
https://www.cnn.com/2024/10/02/travel/delayed-cruise-ship-stuck-northern-ireland/,20241002165638,cdx,
https://www.cnn.com/2024/10/02/travel/wwii-bomb-miyazaki-airport-japan-scli-intl/,20241002165539,cdx,
https://www.cnn.com/2024/10/02/travel/wwii-bomb-miyazaki-airport-japan-scli-intl/index.html,20241002145210,cdx,
https://www.cnn.com/2024/10/02/us/5-things-to-know-for-oct-2-debate-takeaways-iran-missile-attack-helene-aid-stock-market-food-dye-ban/,20241002105102,cdx,
https://www.cnn.com/2024/10/02/us/la-suspected-gang-arrests-domestic-terrorism/,20241002210750,cdx,
https://www.cnn.com/2024/10/02/us/la-suspected-gang-arrests-domestic-terrorism/index.html,20241002222943,cdx,
https://www.cnn.com/2024/10/02/us/nyc-mayor-eric-adams-new-charges/,20241002210655,cdx,
https://www.cnn.com/2024/10/02/us/video/autistic-toddler-pool-rescue-bodycam-indiana-digvid,20241002222231,cdx,
https://www.cnn.com/2024/10/02/us/video/hurricane-helene-rescue-fema-pkg-rosales-digvid,20241002231201,cdx,
https://www.cnn.com/2024/09/01/business/boeing-strike-threat/,20241003091119,cdx,
https://www.cnn.com/2024/09/01/business/disney-pulls-abc-espn-and-other-channels-from-directv-in-carriage-standoff/index.html?utm_medium=social&utm_source=blueskyCNN&utm_content=2024-09-02T02%3A52%3A53,20241003174457,cdx,
https://www.cnn.com/2024/09/01/europe/far-right-germany-regional-election-win-intl-latam/,20241003082643,cdx,
https://www.cnn.com/2024/09/01/europe/far-right-germany-regional-election-win-intl-latam/index.html?Date=20240901&Profile=cnni&utm_content=1725211270&utm_medium=social&utm_source=twitter,20241003093417,cdx,
https://www.cnn.com/2024/09/02/business/noncompete-agreements-what-to-know-now?cid=ios_app,20241004225714,cdx,
https://www.cnn.com/2024/09/02/investing/volkswagen-factory-closure-germany?utm_medium=social&utm_source=blueskyCNN&utm_content=2024-09-02T15%3A52%3A46,20241003173935,cdx,
https://www.cnn.com/2024/09/02/media/linda-deutsch-veteran-ap-writer-dies/index.html,20241003084737,cdx,
https://www.cnn.com/2024/09/02/politics/biden-reemerges-as-top-surrogate-for-harris-campaign/index.html?cid=external-feeds_iluminar_yahoo,20241003084002,cdx,
https://www.cnn.com/2024/09/02/politics/election-deniers-pennsylvania-voting-machine-dispute/index.html,20241003090604,cdx,
https://www.cnn.com/2024/09/02/style/israel-haifa-museum-boy-broken-jar-returns-intl-hnk/,20241004125606,cdx,
https://www.cnn.com/2024/09/03/americas/christmas-venezuela-october-maduro-intl-latam?cid=ios_app,20241003094528,cdx,
https://www.cnn.com/2024/09/03/australia/yacht-rescue-off-nsw-coast-intl-hnk/,20241003131948,cdx,
https://www.cnn.com/2024/09/03/entertainment/isaac-hayes-donald-trump-song/index.html,20241003094456,cdx,
https://www.cnn.com/2024/09/03/health/mobile-phones-brain-cancer-review-the-conversation-partner/index.html,20241003103205,cdx,
https://www.cnn.com/2024/09/03/politics/jimmy-mccain-decries-trump-arlington-appearance?Date=20240903&Profile=CNN&utm_content=1725381787&utm_medium=social&utm_source=twitter,20241003104053,cdx,
https://www.cnn.com/2024/09/03/politics/justice-department-indicts-hamas-leaders?cid=ios_app,20241003094352,cdx,
https://www.cnn.com/2024/09/03/us/linda-sun-former-hochul-staff-arrest/index.html,20241003094824,cdx,
https://www.cnn.com/2024/09/04/business/dollar-stores-walmart-low-income-consumers/,20241003192148,cdx,
https://www.cnn.com/2024/09/04/health/suicide-prevention-month-important-facts-wellness,20241003140211,cdx,
https://www.cnn.com/2024/09/04/politics/biden-administration-accuse-russia-election-influence-efforts/index.html?Date=20240904&Profile=cnnbrk&utm_content=1725459562&utm_medium=social&utm_source=twitter,20241003112143,cdx,
https://www.cnn.com/2024/09/04/politics/harris-separate-biden-economy-trump/index.html?cid=external-feeds_iluminar_yahoo,20241003085752,cdx,
https://www.cnn.com/2024/09/04/politics/video/tim-sheehy-racist-stereotypes-nyt-audio-lcl-digvid,20241004102857,cdx,
https://www.cnn.com/2024/09/05/europe/vladimir-putin-kamala-harris-endorsement-intl/index.html?cid=external-feeds_iluminar_yahoo,20241003084945,cdx,
https://www.cnn.com/2024/09/05/politics/early-voting-north-carolina-kennedy/,20241004005317,cdx,
https://www.cnn.com/2024/09/05/sport/ugandan-olympian-rebecca-cheptegei-dies-intl?cid=external-feeds_iluminar_yahoo,20241003192350,cdx,
https://www.cnn.com/2024/09/06/business/ceos-support-kamala-harris,20241003122456,cdx,
https://www.cnn.com/2024/09/06/weather/hurricane-season-atlantic-storms-climate/index.html?utm_medium=social&utm_source=blueskyCNN&utm_content=2024-09-07T13%3A36%3A57,20241004004916,cdx,
https://www.cnn.com/2024/09/07/sport/angel-reese-out-rest-of-wnba-season-spt-intl/index.html,20241003130254,cdx,
https://www.cnn.com/2024/09/09/business/googles-search-business-was-declared-to-be-a-monopoly-now-its-ad-business-is-on-trial,20241003133219,cdx,
https://www.cnn.com/2024/09/09/business/googles-search-business-was-declared-to-be-a-monopoly-now-its-ad-business-is-on-trial?cid=external-feeds_iluminar_yahoo,20241003175133,cdx,
https://www.cnn.com/2024/09/09/health/mammogram-breast-density-fda-wellness,20241003072454,cdx,
"https://www.cnn.com/2024/09/09/politics/republicans-vance-hatian-immigrants-pets-rumors/index.html?Date=20240910&Profile=cnn,cnnpolitics&utm_content=1725926734&utm_medium=social&utm_source=threads",20241004025659,cdx,
https://www.cnn.com/2024/09/09/style/nyfw-ss25-highlights,20241003123949,cdx,
https://www.cnn.com/2024/09/10/business/campbell-soup-company-name/index.html?utm_medium=social&utm_source=blueskyCNN&utm_content=2024-09-10T23:05:22,20241004073941,cdx,
https://www.cnn.com/2024/09/10/politics/melania-trump-ramps-up-campaign-presence,20241003125238,cdx,
https://www.cnn.com/2024/09/11/style/new-statues-queen-elizabeth-ii-reaction-intl-scli-gbr/,20241004123141,cdx,
https://www.cnn.com/2024/09/12/business/kalshi-political-betting-prediction-market/index.html?cid=external-feeds_iluminar_yahoo,20241003125843,cdx,
https://www.cnn.com/2024/09/12/business/mcdonalds-5-dollar-value-meal-december/,20241003134434,cdx,
https://www.cnn.com/2024/09/12/entertainment/harvey-weinstein-new-indictment,20241003123052,cdx,
https://www.cnn.com/2024/09/12/politics/sleeper-case-rnc-trump-voter-intimidation/index.html?iid=cnn_buildContentRecirc_end_recirc,20241003094602,cdx,
https://www.cnn.com/2024/09/12/us/marcellus-williams-missouri-innocence-claim-ruling,20241003135808,cdx,
https://www.cnn.com/2024/09/13/climate/mega-tsunami-landslide-greenland-seismic-signal/index.html?iid=cnn_buildContentRecirc_end_recirc,20241004120544,cdx,
https://www.cnn.com/2024/09/13/economy/consumer-sentiment-september-inflation,20241003140823,cdx,
https://www.cnn.com/2024/09/13/media/fox-news-right-wing-media-trump-laura-loomer,20241003124436,cdx,
https://www.cnn.com/2024/09/13/politics/biden-administration-rt-russian-intelligence/index.html?cid=external-feeds_iluminar_yahoo,20241003085104,cdx,
https://www.cnn.com/2024/09/13/sport/benni-mccarthy-manchester-united-spt-intl,20241003144625,cdx,
https://www.cnn.com/2024/09/13/weather/sahara-desert-green-climate/index.html?Date=20240914&Profile=CNN,20241003141147,cdx,
https://www.cnn.com/2024/09/14/sport/raiders-coach-tua-tagovailoa-retire-concussion-spt-intl,20241003143104,cdx,
https://www.cnn.com/2024/09/14/us/diversity-post-affirmative-action-unc-harvard/index.html?iid=cnn_buildContentRecirc_end_recirc,20241004152548,cdx,
https://www.cnn.com/2024/09/15/politics/kamala-harris-mentor-women/index.html?cid=external-feeds_iluminar_yahoo,20241003085611,cdx,
https://www.cnn.com/2024/09/15/sport/aja-wilson-caitlin-clark-wnba-records,20241003144724,cdx,
https://www.cnn.com/2024/09/16/business/boeing-strike-cost?cid=external-feeds_iluminar_yahoo,20241003081713,cdx,
https://www.cnn.com/2024/09/16/business/home-interest-rate-cut-mortgage,20241003123321,cdx,
https://www.cnn.com/2024/09/16/entertainment/sean-diddy-combs-arrested-new-york,20241003135229,cdx,
https://www.cnn.com/2024/09/16/europe/putin-russia-ukraine-troop-boost-intl,20241003124107,cdx,
https://www.cnn.com/2024/09/16/health/food-packaging-chemical-toxins-study-wellness?cid=external-feeds_iluminar_cnn-brasil,20241003080828,cdx,
https://www.cnn.com/2024/09/16/health/how-pregnancy-changes-brain-study-wellness?cid=external-feeds_iluminar_cnn-brasil,20241003170133,cdx,
https://www.cnn.com/2024/09/16/health/microplastics-nose-wellness?cid=external-feeds_iluminar_cnn-brasil,20241003131614,cdx,
https://www.cnn.com/2024/09/16/media/meta-bans-rt-russian-state-propaganda-outlets/index.html?utm_term=172657638451193339385ca47&utm_source=cnn_Reliable+Sources+%E2%80%93+Sept.+17&utm_medium=email&bt_ee=evBTCA741uwLjwBTOovNjHtyx90TwgRFyj0%2FKBXwcxl28%2F2mt9oEUfC0J5LThy3T&bt_ts=1726576384514,20241003081711,cdx,
https://www.cnn.com/2024/09/16/politics/mark-meadows-arizona-loss/,20241003203832,cdx,
https://www.cnn.com/2024/09/16/politics/mark-meadows-arizona-loss/index.html?cid=external-feeds_iluminar_yahoo,20241004020451,cdx,
https://www.cnn.com/2024/09/16/politics/political-consequences-trump-assassination-attempt-analysis/index.html?cid=external-feeds_iluminar_yahoo,20241003132258,cdx,
https://www.cnn.com/2024/09/16/politics/us-south-korea-forces-new-deal/,20241004122805,cdx,
https://www.cnn.com/2024/09/17/china/china-russia-military-drills-analysis-intl-hnk/,20241003072403,cdx,
https://www.cnn.com/2024/09/17/economy/fed-rate-cut-elizabeth-warren/,20241004122344,cdx,
https://www.cnn.com/2024/09/17/europe/georgia-parliament-lgbtq-rights-intl/,20241003122809,cdx,
https://www.cnn.com/2024/09/17/health/glp-1-pills-weight-loss-treatment,20241003125014,cdx,
https://www.cnn.com/2024/09/17/health/glp-1-pills-weight-loss-treatment?cid=external-feeds_iluminar_cnn-brasil,20241003074845,cdx,
https://www.cnn.com/2024/09/17/politics/inside-apparent-assassination-attempt-trump,20241003143802,cdx,
https://www.cnn.com/2024/09/17/politics/inside-apparent-assassination-attempt-trump/index.html?cid=external-feeds_iluminar_yahoo,20241003170206,cdx,
https://www.cnn.com/2024/09/17/politics/jd-vance-delete-2012-blog-post-attacking-gop-anti-immigrant-rhetoric/index.html?fbclid=IwY2xjawFXt79leHRuA2FlbQIxMAABHXiR-TxoGC-wM-VZMzNy8Y9qWJo7R51xirYmqMgJPcE9UwQNXHOAkCvjIg_aem_Qd8SOqXUTa_KqjuxgOaqEw,20241003133936,cdx,
https://www.cnn.com/2024/09/17/politics/nevada-hispanic-voters-trump-harris,20241003130131,cdx,
https://www.cnn.com/2024/09/17/politics/nevada-hispanic-voters-trump-harris/index.html?cid=external-feeds_iluminar_yahoo,20241003163846,cdx,
https://www.cnn.com/2024/09/17/politics/nevada-hispanic-voters-trump-harris/index.html?email=467cb6399cb7df64551775e431052b43a775c749&emaila=12a6d4d069cd56cfddaa391c24eb7042&emailb=054528e7403871c79f668e49dd3c44b1ec00c7f611bf9388f76bb2324d6ca5f3&utm_source=Sailthru&utm_medium=email&utm_campaign=09.18.24%20Evening%20Report%20JE%20JB%20CMS,20241003172117,cdx,
https://www.cnn.com/2024/09/17/politics/secret-service-budget-request,20241003140102,cdx,
https://www.cnn.com/2024/09/17/politics/trump-incendiary-claims-analysis/index.html?cid=external-feeds_iluminar_yahoo,20241003162150,cdx,
https://www.cnn.com/2024/09/17/politics/us-reducing-military-aid-packages-ukraine,20241003132232,cdx,
https://www.cnn.com/2024/09/17/us/springfield-ohio-schools-haitian-immigrants,20241003131706,cdx,
https://www.cnn.com/2024/09/17/us/tyre-nichols-trial-officers-case,20241003141714,cdx,
https://www.cnn.com/2024/09/17/world/analysis-hezbollah-pager-explosions-israel-message-intl-latam,20241003124448,cdx,strong
https://www.cnn.com/2024/09/18/economy/fed-rate-cut-housing-nightcap/index.html?email=467cb6399cb7df64551775e431052b43a775c749&emaila=12a6d4d069cd56cfddaa391c24eb7042&emailb=054528e7403871c79f668e49dd3c44b1ec00c7f611bf9388f76bb2324d6ca5f3&utm_source=Sailthru&utm_medium=email&utm_campaign=9.18.24%20Business%20and%20Economy%20-%20AF,20241003133348,cdx,
https://www.cnn.com/2024/09/18/economy/interest-rate-cut-decision,20241003130304,cdx,
https://www.cnn.com/2024/09/18/entertainment/sean-diddy-combs-appeal-bail-denial-wednesday,20241003134504,cdx,
https://www.cnn.com/2024/09/18/entertainment/sean-diddy-combs-legal-allegations-timeline,20241003152403,cdx,
https://www.cnn.com/2024/09/18/media/haitian-times-springfield-ohio-immigrants-false-claim?utm_term=1726663487143263a149da7b2&utm_source=cnn_Reliable+Sources+%E2%80%93+Sept.+18&utm_medium=email&bt_ee=uqSDX52rOM8uTWSuzY8s1xzXc%2Fbzg2IwIViwjesAeiSqAcwE3TLnwiR%2BZ19zkErH&bt_ts=1726663487146,20241003180628,cdx,
https://www.cnn.com/2024/09/18/middleeast/lebanon-explosions-intl,20241003123434,cdx,related
https://www.cnn.com/2024/09/18/politics/harris-policy-specifics-analysis,20241003123541,cdx,
https://www.cnn.com/2024/09/18/politics/iranian-hackers-trump-biden-campaigns?Date=20240918&Profile=cnnbrk,20241003145047,cdx,
https://www.cnn.com/2024/09/18/politics/new-york-democrats-elections-trump/,20241003215416,cdx,
https://www.cnn.com/2024/09/18/sport/aja-wilson-record-wnba-roundup-spt-intl/index.html?cid=external-feeds_iluminar_yahoo,20241003150225,cdx,
https://www.cnn.com/2024/09/18/sport/wnba-portland-expansion-2026-spt-intl?cid=external-feeds_iluminar_yahoo,20241003134413,cdx,
https://www.cnn.com/2024/09/22/politics/donald-trump-oprah-winfrey-fact-check/index.html?iid=cnn_buildContentRecirc_end_recirc,20241004122111,cdx,
https://www.cnn.com/2024/09/22/weather/california-wildfire-outlook/index.html?cid=external-feeds_iluminar_yahoo,20241004010309,cdx,
https://www.cnn.com/2024/09/23/entertainment/erik-lyle-menendez-monsters/index.html?cid=external-feeds_iluminar_yahoo,20241004215552,cdx,
https://www.cnn.com/2024/09/23/health/south-carolina-abortion-kff-health-news-partner/index.html?iid=cnn_buildContentRecirc_end_recirc,20241003102128,cdx,
https://www.cnn.com/2024/09/23/politics/melania-trump-speaking-engagements/index.html?cid=external-feeds_iluminar_yahoo,20241003165005,cdx,
https://www.cnn.com/2024/09/23/politics/melania-trump-speaking-engagements/index.html?cid=external-feeds_wordpress_yahoo,20241004180519,cdx,
https://www.cnn.com/2024/09/23/style/us-returns-indian-antiquities-hnk-intl/index.html?iid=cnn_buildContentRecirc_end_recirc,20241003101940,cdx,
https://www.cnn.com/2024/09/24/politics/polls-trump-harris-presidential-election,20241003100956,cdx,
https://www.cnn.com/2024/09/24/politics/rudy-giuliani-bankruptcy/index.html?cid=external-feeds_iluminar_yahoo,20241003045500,cdx,
https://www.cnn.com/2024/09/25/entertainment/christopher-reeve-superman-documentary-grief?cid=ios_app,20241003023545,cdx,
https://www.cnn.com/2024/09/25/politics/us-plan-mediate-israel-hezbollah-ceasefire?Date=20240926&Profile=CNN+Politics,20241004120905,cdx,
https://www.cnn.com/2024/09/25/politics/us-plan-mediate-israel-hezbollah-ceasefire?utm_medium=social&utm_source=blueskyCNN&utm_content=2024-09-26T02%3A14%3A03,20241003142635,cdx,
https://www.cnn.com/2024/09/25/science/oldest-cheese-ancient-dna-china-mummies/index.html?iid=cnn_buildContentRecirc_end_recirc,20241004060653,cdx,
https://www.cnn.com/2024/09/25/science/woolly-rhino-mummy-preserved-permafrost-intl-scli/index.html?iid=cnn_buildContentRecirc_end_recirc,20241004082255,cdx,
https://www.cnn.com/2024/09/25/weather/video/hurricane-helene-explainer-digvid.html,20241004000955,cdx,
https://www.cnn.com/2024/09/26/business/port-workers-ila-strike,20241003140811,cdx,
https://www.cnn.com/2024/09/26/media/newsmax-smartmatic-trial-2020-election-defamation,20241004220500,cdx,
https://www.cnn.com/2024/09/26/politics/rudy-giuliani-disbarred-washington-dc/index.html?cid=external-feeds_iluminar_yahoo,20241003101224,cdx,
https://www.cnn.com/2024/09/26/science/orcas-new-images-hunting-dolphins?utm_medium=social&utm_source=blueskyCNN&utm_content=2024-09-28T22%3A57%3A17,20241004143955,cdx,
https://www.cnn.com/2024/09/26/sport/athletics-bid-farewell-to-oakland-spt-intl/index.html?cid=external-feeds_iluminar_yahoo,20241003180929,cdx,
https://www.cnn.com/2024/09/27/climate/just-stop-oil-climate-activists-prison-van-gough-soup-intl/index.html?utm_medium=social&utm_source=blueskyCNN&utm_content=2024-09-27T17%3A51%3A55,20241004120926,cdx,
https://www.cnn.com/2024/09/27/science/ancient-forest-falkland-islands/index.html?iid=cnn_buildContentRecirc_end_recirc,20241004043555,cdx,
https://www.cnn.com/2024/09/27/us/nyc-mayor-eric-adams-allegations-timeline/,20241003073451,cdx,
https://www.cnn.com/2024/09/27/us/unicoi-county-hospital-tennessee-flooding-helene/index.html?te=1&nl=david-wallace-wells&emc=edit_dww_20241003,20241003152330,cdx,
https://www.cnn.com/2024/09/28/australia/australia-endangered-koalas-queensland-intl-hnk-dst/index.html?iid=cnn_buildContentRecirc_end_recirc,20241003004206,cdx,
https://www.cnn.com/2024/09/28/business/greyhound-bus-chicago-transportation/index.html?utm_term=1727693579523d2338e8d28de,20241003215532,cdx,
https://www.cnn.com/2024/09/28/entertainment/will-ferrell-new-doc-before-election-netflix/index.html?utm_term=1727734493402eb4a83a1b251&utm_source=cnn_Evening+Newsletter+-+Monday%2C+September+30+2024&utm_medium=email&bt_ee=J7wAtcD4U%2BRr6ZNBm1boPAI%2BVeXCFj8xQsVXDQl9ycTisZ0BoPuXhY7q1EoNtHez&bt_ts=1727734493404,20241003013756,cdx,
https://www.cnn.com/2024/09/29/politics/what-disables-terrorist-groups-nasrallah-hezbollah,20241003204348,cdx,
https://www.cnn.com/2024/09/29/us/5-things-sunday-september-29-trnd/index.html?iid=cnn_buildContentRecirc_end_recirc,20241003033505,cdx,
https://www.cnn.com/2024/09/29/weather/hurricane-helene-florida-georgia-carolinas-sunday/index.html?utm_medium=social&utm_source=blueskyCNN&utm_content=2024-09-29T09%3A23%3A30,20241004143938,cdx,
https://www.cnn.com/2024/09/30/climate/amazon-rivers-drought-satellite-pictures/index.html?iid=cnn_buildContentRecirc_end_recirc,20241003052715,cdx,
https://www.cnn.com/2024/09/30/economy/housing-market-home-sales-redfin-report/index.html?utm_content=buffer92a16&utm_medium=social&utm_source=twitter.com&utm_campaign=buffer,20241004201742,cdx,
https://www.cnn.com/2024/09/30/health/marburg-virus-rwanda-outbreak-disease/index.html?utm_medium=social&utm_source=blueskyCNN&utm_content=2024-09-30T21%3A19%3A51,20241003035107,cdx,
https://www.cnn.com/2024/09/30/middleeast/israel-popularity-netanyahu-hezbollah-intl/index.html?cid=external-feeds_iluminar_yahoo,20241003085756,cdx,
https://www.cnn.com/2024/09/30/politics/america-israel-lebanon-war-analysis/index.html?iid=cnn_buildContentRecirc_end_recirc,20241004035048,cdx,
https://www.cnn.com/2024/09/30/politics/fact-check-trump-election-lies-2024/index.html?iid=cnn_buildContentRecirc_end_recirc,20241003001849,cdx,
https://www.cnn.com/2024/09/30/politics/georgia-abortion-ban/index.html?iid=cnn_buildContentRecirc_end_recirc,20241003060259,cdx,
https://www.cnn.com/2024/09/30/politics/migrant-crossing-numbers-drop/index.html?iid=cnn_buildContentRecirc_end_recirc,20241003095504,cdx,
https://www.cnn.com/2024/09/30/sport/dikembe-mutombo-death-nba-spt-intl?utm_medium=social&utm_source=blueskyCNN&utm_content=2024-09-30T15%3A53%3A11,20241003183301,cdx,
https://www.cnn.com/2024/09/30/sport/european-football-wrap-manchester-united-tottenham-spt-intl/,20241004153446,cdx,
https://www.cnn.com/2024/09/30/sport/pete-rose-death-mlb-spt?Date=20241001&Profile=cnnbrk,20241004083557,cdx,
https://www.cnn.com/2024/09/30/travel/global-entry-nexus-application-fee-increase/index.html?utm_medium=social&utm_source=whatsappCNN&utm_content=2024-10-01T03:29:56,20241003005343,cdx,
https://www.cnn.com/2024/09/30/us/helene-north-carolina-asheville-communites/,20241003195344,cdx,
https://www.cnn.com/2024/09/30/us/video/the-lead-donald-trump-rallies-kamala-harris-2024-election-fact-check-jake-tapper,20241003014753,cdx,
https://www.cnn.com/2024/10/01/asia/china-woman-double-uterus-twin-birth-intl-hnk?cid=ios_app,20241003212046,cdx,
https://www.cnn.com/2024/10/01/asia/coldplay-concert-ticket-india-scalping-intl-hnk/index.html?iid=cnn_buildContentRecirc_end_recirc,20241003184433,cdx,
https://www.cnn.com/2024/10/01/asia/thailand-school-bus-fire-intl-hnk/index.html,20241003013222,cdx,
https://www.cnn.com/2024/10/01/business/ai-nuclear-energy-nightcap/index.html?iid=cnn_buildContentRecirc_end_recirc,20241003053136,cdx,
https://www.cnn.com/2024/10/01/business/cvs-health-layoffs/,20241003000734,cdx,
https://www.cnn.com/2024/10/01/china/china-xi-reunification-taiwan-national-day-intl-hnk,20241003175306,cdx,
https://www.cnn.com/2024/10/01/china/china-xi-reunification-taiwan-national-day-intl-hnk/index.html?utm_source=fark&utm_medium=website&utm_content=link&ICID=ref_fark,20241004230016,cdx,
https://www.cnn.com/2024/10/01/entertainment/john-amos-dead/index.html?utm_medium=social&utm_source=blueskyCNN&utm_content=2024-10-01T19%3A02%3A42,20241004175959,cdx,
https://www.cnn.com/2024/10/01/entertainment/video/cnn-screen-time-joker-folie-a-deux,20241004160708,cdx,
https://www.cnn.com/2024/10/01/health/california-emergency-abortion-lawsuit/index.html?iid=cnn_buildContentRecirc_end_recirc,20241004023411,cdx,
https://www.cnn.com/2024/10/01/media/cnn-launch-digital-subscription-paywall/,20241003203818,cdx,
https://www.cnn.com/2024/10/01/media/olivia-nuzzi-ryan-lizza-rfk-relationship/index.html?utm_medium=social&utm_source=blueskyCNN&utm_content=2024-10-01T21%3A56%3A14,20241003140222,cdx,
https://www.cnn.com/2024/10/01/media/trump-backs-out-60-minutes-interview-cbs/,20241004154213,cdx,
https://www.cnn.com/2024/10/01/politics/fact-check-vance-walz-debate/index.html?iid=cnn_buildContentRecirc_end_recirc,20241004141844,cdx,
https://www.cnn.com/2024/10/01/politics/fact-check-vance-walz-debate/index.html?utm_medium=social&utm_source=blueskyCNN&utm_content=2024-10-02T04%3A42%3A28,20241003172930,cdx,
https://www.cnn.com/2024/10/01/politics/iran-missile-attack-israel/index.html?iid=cnn_buildContentRecirc_end_recirc,20241003032218,cdx,
https://www.cnn.com/2024/10/01/politics/iran-missile-attack-israel?Date=20241001,20241003164835,cdx,
https://www.cnn.com/2024/10/01/politics/tim-walz-china-tiananmen-square/index.html?os=fpn4c7ikwkinaag,20241003095700,cdx,
https://www.cnn.com/2024/10/01/politics/tim-walz-china-tiananmen-square/index.html?os=io....,20241003071415,cdx,
https://www.cnn.com/2024/10/01/politics/trump-federal-abortion-ban/index.html,20241003013107,cdx,
https://www.cnn.com/2024/10/01/politics/trump-women-protector-gender-divide-analysis/index.html?iid=cnn_buildContentRecirc_end_recirc,20241004021110,cdx,
https://www.cnn.com/2024/10/01/politics/what-to-watch-vp-debate,20241003003643,cdx,
https://www.cnn.com/2024/10/01/sport/carbon-neutral-fuel-zero-motorsport-f1-spt-intl/index.html?iid=cnn_buildContentRecirc_end_recirc,20241004072514,cdx,
https://www.cnn.com/2024/10/01/us/kentucky-judge-murder-stines-hearing/index.html?iid=cnn_buildContentRecirc_end_recirc,20241003033439,cdx,
https://www.cnn.com/2024/10/01/us/police-patrols-places-of-worship-amid-israel-attack-jewish-holidays/index.html,20241003004500,cdx,
https://www.cnn.com/2024/10/01/us/tyre-nichols-officers-trial-closing-arguments,20241003015843,cdx,
https://www.cnn.com/2024/10/01/us/video/port-strike-harold-daggett-union-leader-digvid,20241003013237,cdx,
https://www.cnn.com/2024/10/01/us/video/the-lead-vice-president-debate-tim-walz-jd-vance-iran-israel-hezbollah-jake-tapper,20241003013117,cdx,
https://www.cnn.com/2024/10/01/world/video/the-lead-iran-israel-missile-strike-war-middle-east-hezbollah-lebanon-jake-tapper,20241003013258,cdx,
https://www.cnn.com/2024/10/02/americas/dominican-republic-deport-haitians-intl-hnk/,20241003045109,cdx,
https://www.cnn.com/2024/10/02/americas/dominican-republic-deport-haitians-intl-hnk/index.html,20241003034613,cdx,
https://www.cnn.com/2024/10/02/americas/dominican-republic-deport-haitians-intl-hnk/index.html?iid=cnn_buildContentRecirc_end_recirc,20241004122915,cdx,
https://www.cnn.com/2024/10/02/asia/vietnam-protest-china-attack-fishermen-intl-hnk/,20241003043229,cdx,
https://www.cnn.com/2024/10/02/asia/vietnam-protest-china-attack-fishermen-intl-hnk/index.html,20241004013848,cdx,
https://www.cnn.com/2024/10/02/asia/vietnam-protest-china-attack-fishermen-intl-hnk/index.html?iid=cnn_buildContentRecirc_end_recirc,20241004012045,cdx,
https://www.cnn.com/2024/10/02/business/bank-of-america-outage/,20241003000849,cdx,
https://www.cnn.com/2024/10/02/business/bank-of-america-outage/index.html?fbclid=IwY2xjawFqgvJleHRuA2FlbQIxMQABHff6-ESjewPW1ZwFdritxrQ4plQ1HRuhwYVm-fGBTTW0zTl0NBuKs7ZbAA_aem_PwascJOpbaaeJbC48xOCAw,20241003000221,cdx,
https://www.cnn.com/2024/10/02/business/bank-of-america-outage/index.html?ICID=ref_fark,20241003045501,cdx,
https://www.cnn.com/2024/10/02/business/bank-of-america-outage?cid=external-feeds_iluminar_yahoo,20241003062450,cdx,
https://www.cnn.com/2024/10/02/business/college-grads-air-traffic-controller-jobs,20241003023642,cdx,
https://www.cnn.com/2024/10/02/business/college-grads-air-traffic-controller-jobs/index.html,20241003014044,cdx,
https://www.cnn.com/2024/10/02/business/college-grads-air-traffic-controller-jobs/index.html?utm_medium=social&utm_source=blueskyCNN&utm_content=2024-10-02T17%3A34%3A16,20241004005541,cdx,
https://www.cnn.com/2024/10/02/business/dock-workers-strike-automation-nightcap/index.html,20241003013733,cdx,
https://www.cnn.com/2024/10/02/business/elon-musk-twitter-x-fidelity?cid=external-feeds_iluminar_yahoo,20241003053705,cdx,
https://www.cnn.com/2024/10/02/business/elon-musk-twitter-x-fidelity?cid=ios_app,20241004080750,cdx,
https://www.cnn.com/2024/10/02/business/singapore-iswaran-sentencing-corruption-intl-hnk/,20241004143922,cdx,
https://www.cnn.com/2024/10/02/business/singapore-iswaran-sentencing-corruption-intl-hnk/index.html,20241003101338,cdx,
https://www.cnn.com/2024/10/02/business/tesla-sales/,20241003134339,cdx,
https://www.cnn.com/2024/10/02/business/toilet-paper-shortages-port-strike/index.html?utm_source=newsletter&utm_medium=link1&utm_campaign=ibt_moneymindset&nl_id=23&user_id=disabilityinliterature@gmail.com,20241003091937,cdx,
https://www.cnn.com/2024/10/02/business/toilet-paper-shortages-port-strike/index.html?utm_campaign=mb&utm_medium=newsletter&utm_source=morning_brew,20241004104647,cdx,
https://www.cnn.com/2024/10/02/business/toilet-paper-shortages-port-strike/index.html?utm_content=2024-10-02T16%3A25%3A05&utm_medium=social&utm_source=blueskyCNN,20241003212121,cdx,
https://www.cnn.com/2024/10/02/business/toilet-paper-shortages-port-strike/index.html?utm_medium=social&utm_source=blueskyCNN&utm_content=2024-10-03T22:37:41,20241004055040,cdx,
https://www.cnn.com/2024/10/02/business/uber-eats-accident-lawsuit/,20241003000758,cdx,
https://www.cnn.com/2024/10/02/business/uber-eats-accident-lawsuit?cid=ios_app,20241003005641,cdx,
https://www.cnn.com/2024/10/02/business/uber-eats-accident-lawsuit?Date=20241002&Profile=CNN,20241003013259,cdx,
https://www.cnn.com/2024/10/02/business/uber-eats-accident-lawsuit?Date=20241002&Profile=cnni&utm_content=1727912757&utm_medium=social&utm_source=twitter,20241003051037,cdx,
https://www.cnn.com/2024/10/02/climate/asheville-flooding-history-helene/index.html?iid=cnn_buildContentRecirc_end_recirc,20241003185851,cdx,
https://www.cnn.com/2024/10/02/entertainment/andrew-garfield-spider-man/,20241003012337,cdx,
https://www.cnn.com/2024/10/02/entertainment/andrew-garfield-spider-man/index.html,20241003072434,cdx,
https://www.cnn.com/2024/10/02/entertainment/andrew-garfield-spider-man/index.html?ICID=ref_fark,20241003203844,cdx,
https://www.cnn.com/2024/10/02/entertainment/mariah-carey-not-ready-christmas/index.html,20241003015235,cdx,
https://www.cnn.com/2024/10/02/entertainment/mark-chavez-doctor-matthew-perry-guilty/index.html?utm_campaign=mb&utm_medium=newsletter&utm_source=morning_brew,20241004104944,cdx,
https://www.cnn.com/2024/10/02/entertainment/mark-chavez-doctor-matthew-perry-guilty?utm_content=1727902286&utm_medium=social&utm_source=twitter&Date=20241002&Profile=cnnbrk,20241004115101,cdx,
https://www.cnn.com/2024/10/02/entertainment/reese-witherspoon-thriller-novel-harlan-coben/index.html,20241003014228,cdx,
https://www.cnn.com/2024/10/02/entertainment/video/attorney-men-women-sue-diddy-wagmeister-tsr-digvid,20241003063157,cdx,
https://www.cnn.com/2024/10/02/entertainment/video/entertainment-showbiz-hollywood-minute-the-outrun-saoirse-ronan-adaptation-memoir-orkney-islands-alcoholism,20241003014943,cdx,
https://www.cnn.com/2024/10/02/entertainment/video/entertainment-showbiz-hollywood-streaming-last-days-of-the-space-age-radha-mitchell-jesse-spencer-western-australia,20241003014247,cdx,
https://www.cnn.com/2024/10/02/europe/germany-madeleine-mccann-suspect-rape-trial-intl-hnk/,20241003045157,cdx,
https://www.cnn.com/2024/10/02/europe/germany-madeleine-mccann-suspect-rape-trial-intl-hnk/index.html,20241003035635,cdx,
https://www.cnn.com/2024/10/02/europe/vuhledar-russia-ukraine-war-capture-intl/index.html,20241003015139,cdx,
https://www.cnn.com/2024/10/02/food/wendys-spongebob-squarepants-meal/index.html,20241003014539,cdx,
https://www.cnn.com/2024/10/02/health/allergies-pollen-fall-wellness/index.html,20241003014149,cdx,
https://www.cnn.com/2024/10/02/health/measles-vaccine-coverage-kindergarten-school-requirement/,20241003121114,cdx,
https://www.cnn.com/2024/10/02/media/vp-debate-ratings-vance-walz-cbs/,20241003121044,cdx,
https://www.cnn.com/2024/10/02/media/vp-debate-ratings-vance-walz-cbs?cid=external-feeds_iluminar_yahoo,20241004141643,cdx,
https://www.cnn.com/2024/10/02/politics/biden-israel-iran-response?cid=external-feeds_iluminar_msn,20241003004133,cdx,
https://www.cnn.com/2024/10/02/politics/caroline-giuliani-harris-endorsement-ccntv,20241003053508,cdx,
https://www.cnn.com/2024/10/02/politics/caroline-giuliani-harris-endorsement-ccntv/index.html,20241003112049,cdx,
https://www.cnn.com/2024/10/02/politics/election-poll-walz-vance-debate?cid=ios_app,20241003002802,cdx,
https://www.cnn.com/2024/10/02/politics/georgia-republicans-dominion/index.html,20241003014938,cdx,
https://www.cnn.com/2024/10/02/politics/jack-smith-donald-trump-filing/index.html?10022024=,20241003104652,cdx,
https://www.cnn.com/2024/10/02/politics/jack-smith-donald-trump-filing/index.html?cid=external-feeds_iluminar_yahoo,20241003130820,cdx,
https://www.cnn.com/2024/10/02/politics/jack-smith-donald-trump-filing/index.html?fbclid=IwY2xjawFqrG9leHRuA2FlbQIxMQABHTjOFcFtCnLaaUXx9913v2fAkY-ZshPcfsv_dahc5VQ2K-I1AP9Atk8GMw_aem_HrtW4tEAm9OtN6gWWG4Ljw,20241003005421,cdx,
https://www.cnn.com/2024/10/02/politics/jack-smith-donald-trump-filing/index.html?fbclid=IwY2xjawFrBzFleHRuA2FlbQIxMQABHfbNidXhp_0GaCQdvpvkN41d19hPzLlmtDT-k8mG6RnOITgl_-36YylplQ_aem_L8hJFcK9j_PaImxA0IVCGQ,20241003070846,cdx,
https://www.cnn.com/2024/10/02/politics/jack-smith-donald-trump-filing/index.html?iid=cnn_buildContentRecirc_end_recirc,20241003001920,cdx,
https://www.cnn.com/2024/10/02/politics/jack-smith-donald-trump-filing?utm_medium=social&utm_source=blueskyCNN&utm_content=2024-10-02T20%3A11%3A22,20241003125931,cdx,
https://www.cnn.com/2024/10/02/politics/melania-trump-support-abortion-rights-memoir/,20241003012300,cdx,
https://www.cnn.com/2024/10/02/politics/melania-trump-support-abortion-rights-memoir/index.html,20241003083647,cdx,
https://www.cnn.com/2024/10/02/politics/melania-trump-support-abortion-rights-memoir/?dicbo=v2-jOPOf0B&obInternalId=71118,20241003085051,cdx,
https://www.cnn.com/2024/10/02/politics/michigan-students-kamala-harris-israel-hamas/,20241003033802,cdx,
https://www.cnn.com/2024/10/02/politics/video/caroline-giuliani-kamala-harris-endorsement-sot-ebof-digvid,20241003022827,cdx,
https://www.cnn.com/2024/10/02/politics/video/donald-trump-jack-smith-january-6-filing-src-digvid,20241003050946,cdx,
https://www.cnn.com/2024/10/02/politics/video/frank-luntz-undecided-voters-jd-vance-won-debate-tim-walz-digvid,20241003000024,cdx,
https://www.cnn.com/2024/10/02/politics/video/jack-smith-reveals-damning-new-details-of-his-case-against-trump,20241003152234,cdx,
https://www.cnn.com/2024/10/02/politics/video/melania-trump-abortion-support-memoir-src-digvid,20241003224043,cdx,
https://www.cnn.com/2024/10/02/politics/video/melania-trump-abortion-support-memoir-src-digvid?cid=ios_app,20241003122840,cdx,
https://www.cnn.com/2024/10/02/politics/video/newnsight-caps-all-eyes-on-wisconsin-and-a-td-in-pa,20241004014025,cdx,
https://www.cnn.com/2024/10/02/politics/video/roy-wood-vp-debate-reaction-digvid,20241003000019,cdx,
https://www.cnn.com/2024/10/02/politics/vp-debate-key-lines-what-matters,20241003070133,cdx,
https://www.cnn.com/2024/10/02/politics/vp-debate-key-lines-what-matters/index.html?iid=cnn_buildContentRecirc_end_recirc,20241003185921,cdx,
https://www.cnn.com/2024/10/02/science/gallery/in-pictures-solar-eclipse-ring-of-fire/,20241003070921,cdx,
https://www.cnn.com/2024/10/02/science/video/japan-soraq-rover-slim-lander-hnk-spc,20241003014550,cdx,
https://www.cnn.com/2024/10/02/science/video/mars-rover-japan-ares-hnk-spc,20241003014829,cdx,
https://www.cnn.com/2024/10/02/science/video/reusable-rocket-aris-switzerland-hnk-spc,20241003014629,cdx,
https://www.cnn.com/2024/10/02/science/video/spacehopper-asteroid-exploring-robot-hnk-spc,20241004014007,cdx,
https://www.cnn.com/2024/10/02/sport/carlos-alcaraz-jannik-sinner-china-open-final-spt-intl/,20241003113109,cdx,
https://www.cnn.com/2024/10/02/sport/carlos-alcaraz-jannik-sinner-china-open-final-spt-intl/index.html,20241003014532,cdx,
https://www.cnn.com/2024/10/02/sport/champions-league-review-manchester-city-borussia-dortmund-spt-intl/index.html,20241003014008,cdx,
https://www.cnn.com/2024/10/02/sport/davante-adams-requests-trade-las-vegas-raiders-spt-intl/,20241004121903,cdx,
https://www.cnn.com/2024/10/02/sport/davante-adams-requests-trade-las-vegas-raiders-spt-intl/index.html,20241003015048,cdx,
https://www.cnn.com/2024/10/02/sport/michael-jordan-racing-lawsuit-nascar-spt-intl/,20241003043823,cdx,
https://www.cnn.com/2024/10/02/sport/michael-jordan-racing-lawsuit-nascar-spt-intl/index.html,20241003014123,cdx,
https://www.cnn.com/2024/10/02/sport/mlb-wild-card-game-1-wrap-spt-intl/,20241003014328,cdx,
https://www.cnn.com/2024/10/02/sport/mlb-wild-card-game-1-wrap-spt-intl/index.html,20241003014349,cdx,
https://www.cnn.com/2024/10/02/sport/nfl-week-4-takeaways-spt-intl/index.html,20241003013410,cdx,
https://www.cnn.com/2024/10/02/sport/sabrina-ionescu-new-york-liberty-las-vegas-aces-wnba-spt-intl/index.html,20241003014206,cdx,
https://www.cnn.com/2024/10/02/sport/von-miller-buffalo-bills-suspension-intl-spt/,20241003032027,cdx,
https://www.cnn.com/2024/10/02/sport/von-miller-buffalo-bills-suspension-intl-spt/index.html,20241003014201,cdx,
https://www.cnn.com/2024/10/02/sport/von-miller-buffalo-bills-suspension-intl-spt/index.html?cid=external-feeds_iluminar_yahoo,20241003124432,cdx,
https://www.cnn.com/2024/10/02/style/fashion-designer-hedi-slimane-leaves-lvmhs-celine/index.html,20241003014435,cdx,
https://www.cnn.com/2024/10/02/style/zac-posen-gap-bof/index.html?bt_ee=T2RIOnnzlw514CrXQX6sSGh7pSOEIsDcskZOvtBngkd96hG1Uhey9zmMiYVwh8Vk&bt_ts=1727906408437,20241003061431,cdx,
https://www.cnn.com/2024/10/02/tech/semiconductor-supply-chain-north-carolina-helene/index.html,20241003014233,cdx,
https://www.cnn.com/2024/10/02/travel/delayed-cruise-ship-stuck-northern-ireland,20241003112741,cdx,
https://www.cnn.com/2024/10/02/travel/delayed-cruise-ship-stuck-northern-ireland/index.html,20241003014620,cdx,
https://www.cnn.com/2024/10/02/us/5-chinese-nationals-charged-with-covering-up-midnight-visit-to-michigan-military-site/,20241004182158,cdx,
https://www.cnn.com/2024/10/02/us/5-chinese-nationals-charged-with-covering-up-midnight-visit-to-michigan-military-site/index.html,20241003043325,cdx,
https://www.cnn.com/2024/10/02/us/5-things-pm-october-2-trnd/,20241003004844,cdx,
https://www.cnn.com/2024/10/02/us/5-things-pm-october-2-trnd/index.html,20241003014517,cdx,
https://www.cnn.com/2024/10/02/us/5-things-pm-october-2-trnd?cid=ios_app,20241003124221,cdx,
https://www.cnn.com/2024/10/02/us/5-things-to-know-for-oct-2-debate-takeaways-iran-missile-attack-helene-aid-stock-market-food-dye-ban/index.html,20241003014011,cdx,
https://www.cnn.com/2024/10/02/us/la-suspected-gang-arrests-domestic-terrorism/index.html?fbclid=IwY2xjawFrF35leHRuA2FlbQIxMQABHSzvdmkOjp9rET7Oa4D9UlWMGCeVQOAIMyx90pw4D5SfoUPPTZcES613yA_aem_XObdEsDZktaz3Ya1-eIbLA&sfnsn=mo,20241003161958,cdx,
https://www.cnn.com/2024/10/02/us/maui-fire-investigation-hawaii/,20241003045139,cdx,
https://www.cnn.com/2024/10/02/us/maui-fire-investigation-hawaii/index.html,20241004013950,cdx,
https://www.cnn.com/2024/10/02/us/maui-fire-investigation-hawaii/index.html?iid=cnn_buildContentRecirc_end_recirc,20241003114936,cdx,
https://www.cnn.com/2024/10/02/us/nyc-mayor-eric-adams-new-charges/index.html,20241003014817,cdx,
https://www.cnn.com/2024/10/02/us/police-beatdown-killed-tyre-nichols-prosecutor-says-trial-closing/,20241003045119,cdx,
https://www.cnn.com/2024/10/02/us/police-beatdown-killed-tyre-nichols-prosecutor-says-trial-closing/index.html,20241004013857,cdx,
https://www.cnn.com/2024/10/02/us/police-beatdown-killed-tyre-nichols-prosecutor-says-trial-closing?cid=ios_app,20241003121332,cdx,
https://www.cnn.com/2024/10/02/us/video/asheville-hurricane-helene-floodwater-building-digvid,20241003012229,cdx,
https://www.cnn.com/2024/10/02/us/video/helene-vance-walz-5things-digvid,20241003100319,cdx,
https://www.cnn.com/2024/10/02/us/video/the-lead-donald-trump-indcitment-2020-election-intereference-2024-vice-president-debate-jd-vance-tim-walz-jake-tapper,20241003103915,cdx,
https://www.cnn.com/2024/10/02/us/video/the-lead-donald-trump-indictment-2020-election-interference-jack-smith-jake-tapper,20241003183645,cdx,
https://www.cnn.com/2024/10/02/us/video/the-lead-israel-iran-lebanon-missile-attacks-war-hezbollah-idf-jake-tapper,20241004013943,cdx,related
https://www.cnn.com/2024/10/02/world/video/beirut-israel-airstrikes-ldn-digvid,20241003003859,cdx,
https://www.cnn.com/2024/10/02/world/video/vuhledar-ukraine-russia-advance-digvid,20241003014141,cdx,
https://www.cnn.com/2024/10/03/americas/mexico-military-migrants-killed-int-latam/,20241004002433,cdx,
https://www.cnn.com/2024/10/03/americas/mexico-military-migrants-killed-int-latam/index.html,20241004020015,cdx,
https://www.cnn.com/2024/10/03/asia/cambodia-journalist-arrest-mech-dara-intl-hnk/,20241003100648,cdx,
https://www.cnn.com/2024/10/03/asia/cambodia-journalist-arrest-mech-dara-intl-hnk/index.html,20241004014310,cdx,
https://www.cnn.com/2024/10/03/asia/cambodian-maid-deported-malaysia-intl-hnk/,20241004035223,cdx,
https://www.cnn.com/2024/10/03/asia/cambodian-maid-deported-malaysia-intl-hnk/index.html,20241004084418,cdx,
https://www.cnn.com/2024/10/03/asia/north-korea-defector-south-korea-police-intl-hnk/,20241003101002,cdx,
https://www.cnn.com/2024/10/03/asia/north-korea-defector-south-korea-police-intl-hnk/index.html,20241003092053,cdx,
https://www.cnn.com/2024/10/03/asia/typhoon-krathon-slams-southern-taiwan-intl-hnk/,20241003092143,cdx,
https://www.cnn.com/2024/10/03/asia/typhoon-krathon-slams-southern-taiwan-intl-hnk/index.html,20241003130203,cdx,
https://www.cnn.com/2024/10/03/asia/uk-chagos-mauritius-sovereignty-deal-intl/,20241003133922,cdx,
https://www.cnn.com/2024/10/03/asia/uk-chagos-mauritius-sovereignty-deal-intl/index.html,20241004014752,cdx,
https://www.cnn.com/2024/10/03/business/costco-platinum-bars/,20241003195305,cdx,
https://www.cnn.com/2024/10/03/business/costco-platinum-bars/index.html,20241003194526,cdx,
https://www.cnn.com/2024/10/03/business/east-coast-port-strike-what-to-know/,20241003100616,cdx,
https://www.cnn.com/2024/10/03/business/east-coast-port-strike-what-to-know/index.html,20241003222742,cdx,
https://www.cnn.com/2024/10/03/business/economy-oil-strikes-hurricane-nightcap/,20241003100951,cdx,
https://www.cnn.com/2024/10/03/business/economy-oil-strikes-hurricane-nightcap/index.html,20241004014456,cdx,
https://www.cnn.com/2024/10/03/business/howard-schultz-starbucks-labor-law/,20241003215207,cdx,
https://www.cnn.com/2024/10/03/business/howard-schultz-starbucks-labor-law/index.html,20241004015540,cdx,
https://www.cnn.com/2024/10/03/business/israel-iran-oil-price/,20241003113751,cdx,
https://www.cnn.com/2024/10/03/business/israel-iran-oil-price/index.html,20241003131154,cdx,
https://www.cnn.com/2024/10/03/business/israel-iran-oil-price?cid=ios_app,20241004015735,cdx,
https://www.cnn.com/2024/10/03/business/lvmh-sponsorship-formula-1/,20241003134018,cdx,
https://www.cnn.com/2024/10/03/business/lvmh-sponsorship-formula-1/index.html,20241004014645,cdx,
https://www.cnn.com/2024/10/03/business/port-strike-ila-president-harold-daggett/,20241003195330,cdx,
https://www.cnn.com/2024/10/03/business/port-strike-ila-president-harold-daggett/index.html,20241003223731,cdx,
https://www.cnn.com/2024/10/03/business/port-strike-ila-president-harold-daggett/index.html?cid=ios_app,20241004213929,cdx,
https://www.cnn.com/2024/10/03/business/port-strike-union-deal/,20241003233756,cdx,
https://www.cnn.com/2024/10/03/business/port-strike-union-deal/index.html,20241003225050,cdx,
https://www.cnn.com/2024/10/03/business/port-strike-union-deal/index.html?_kx=CzZZR8tUK1txh_-QK3DJSLxvae8naT-oggcPgJkzOQ6Au5j3x1IVDUrV61N1kEFn.VVEwpW,20241004052005,cdx,
https://www.cnn.com/2024/10/03/business/port-strike-union-deal/index.html?bt_ee=tbGgfgvhlSAhHodVlK7CpkvOPHEyBs9%2F2yJ3C9nf%2FocBlHhcWJ7U7SXc%2Bz9I0irf&bt_ts=1728039227435,20241004210553,cdx,
https://www.cnn.com/2024/10/03/business/port-strike-union-deal/index.html?utm_term=1728039227432d2695091d4ff&utm_source=cnn_Five+Things+for+Friday%2C+October+4%2C+2024&utm_medium=email&bt_ee=tbGgfgvhlSAhHodVlK7CpkvOPHEyBs9%2F2yJ3C9nf%2FocBlHhcWJ7U7SXc%2Bz9I0irf&bt_ts=1728039227435,20241004210603,cdx,
https://www.cnn.com/2024/10/03/business/port-strike-union-deal?Date=20241003&Profile=cnnbrk,20241004003610,cdx,
https://www.cnn.com/2024/10/03/business/port-strike-union-deal?Date=20241003&Profile=cnnbrk&utm_content=1727995011&utm_medium=social&utm_source=twitter,20241003225237,cdx,
https://www.cnn.com/2024/10/03/business/tesla-cybertruck-recall-october-2024/,20241003134021,cdx,
https://www.cnn.com/2024/10/03/business/tesla-cybertruck-recall-october-2024/index.html,20241003213041,cdx,
https://www.cnn.com/2024/10/03/business/tesla-cybertruck-recall-october-2024?cid=external-feeds_iluminar_yahoo,20241003204401,cdx,
https://www.cnn.com/2024/10/03/business/tesla-cybertruck-recall-october-2024?cid=ios_app,20241004141145,cdx,
https://www.cnn.com/2024/10/03/business/vatican-bank-workplace-marriage-ban-scli-intl/index.html,20241004014815,cdx,
https://www.cnn.com/2024/10/03/business/video/port-strike-toilet-paper-shortage-digvid,20241003222747,cdx,
https://www.cnn.com/2024/10/03/business/video/port-strike-toilet-paper-shortage-digvid.html,20241003202229,cdx,
https://www.cnn.com/2024/10/03/business/video/red-lobster-new-ceo-damola-interview-digvid,20241003182301,cdx,
https://www.cnn.com/2024/10/03/business/video/red-lobster-new-ceo-damola-interview-digvid?cid=ios_app,20241003135540,cdx,
https://www.cnn.com/2024/10/03/business/video/red-lobster-new-ceo-damola-interview-digvid?utm_medium=social&utm_source=whatsappCNN&utm_content=2024-10-03T18:15:49,20241004011228,cdx,
https://www.cnn.com/2024/10/03/china/china-russia-coast-guard-arctic-ocean-intl-hnk/,20241003082124,cdx,
https://www.cnn.com/2024/10/03/china/china-russia-coast-guard-arctic-ocean-intl-hnk/index.html,20241004014431,cdx,
https://www.cnn.com/2024/10/03/economy/us-jobs-report-september-preview/,20241003133941,cdx,
https://www.cnn.com/2024/10/03/economy/us-jobs-report-september-preview/index.html,20241003130721,cdx,
https://www.cnn.com/2024/10/03/entertainment/alec-baldwin-rust-premiere/,20241003225014,cdx,
https://www.cnn.com/2024/10/03/entertainment/alec-baldwin-rust-premiere/index.html,20241004014243,cdx,
https://www.cnn.com/2024/10/03/entertainment/bruce-springsteen-endorses-kamala-harris,20241003235839,cdx,
https://www.cnn.com/2024/10/03/entertainment/bruce-springsteen-endorses-kamala-harris/index.html,20241004022937,cdx,
https://www.cnn.com/2024/10/03/entertainment/celebrity-lawsuit-sexual-assault-allegations/,20241003173722,cdx,
https://www.cnn.com/2024/10/03/entertainment/celebrity-lawsuit-sexual-assault-allegations/index.html,20241004014742,cdx,
https://www.cnn.com/2024/10/03/entertainment/celebrity-lawsuit-sexual-assault-allegations?Date=20241003&Profile=cnni,20241004015945,cdx,
https://www.cnn.com/2024/10/03/entertainment/eminem-grandpa-hailie-jade/,20241003195303,cdx,
https://www.cnn.com/2024/10/03/entertainment/eminem-grandpa-hailie-jade/index.html,20241003193526,cdx,
https://www.cnn.com/2024/10/03/entertainment/garth-brooks-accused-sexual-assault,20241003212348,cdx,
https://www.cnn.com/2024/10/03/entertainment/garth-brooks-accused-sexual-assault/index.html,20241003202000,cdx,
https://www.cnn.com/2024/10/03/entertainment/garth-brooks-accused-sexual-assault/index.html?utm_source=fark&utm_medium=website&utm_content=link&ICID=ref_fark,20241004071549,cdx,
https://www.cnn.com/2024/10/03/entertainment/garth-brooks-accused-sexual-assault/index.html?iid=cnn_buildContentRecirc_end_recirc,20241004100516,cdx,
https://www.cnn.com/2024/10/03/entertainment/garth-brooks-accused-sexual-assault?Date=20241003&Profile=CNN,20241003233853,cdx,
https://www.cnn.com/2024/10/03/entertainment/garth-brooks-accused-sexual-assault?Date=20241003&Profile=CNN&utm_c,20241003214320,cdx,
https://www.cnn.com/2024/10/03/entertainment/jennifer-hudson-common-marriage/,20241003173516,cdx,
https://www.cnn.com/2024/10/03/entertainment/jennifer-hudson-common-marriage/index.html,20241004014917,cdx,
https://www.cnn.com/2024/10/03/entertainment/sarah-michelle-gellar-shannen-doherty-mallrats-sequel/index.html,20241004015731,cdx,
https://www.cnn.com/2024/10/03/entertainment/sean-diddy-combs-new-judge/,20241003215144,cdx,
https://www.cnn.com/2024/10/03/entertainment/sean-diddy-combs-new-judge/index.html,20241004014809,cdx,
https://www.cnn.com/2024/10/03/entertainment/video/garth-brooks-lawsuit-sexual-assault-battery-wagmeister-lead-digvid,20241004010756,cdx,
https://www.cnn.com/2024/10/03/entertainment/video/hollywood-entertainment-movies-music-olivia-rodrigo-robbie-williams-better-man-john-boyega-otis-redding,20241004015601,cdx,
https://www.cnn.com/2024/10/03/entertainment/video/hollywood-entertainment-movies-streaming-max-stephen-king-salems-lot-lewis-pullman-aldre-woodard-makenzie-leigh,20241004015308,cdx,
https://www.cnn.com/2024/10/03/europe/georgia-parliament-lgbtq-rights-election-intl/index.html,20241004014801,cdx,
https://www.cnn.com/2024/10/03/food/mcdonalds-chicken-big-mac/,20241003134006,cdx,
https://www.cnn.com/2024/10/03/food/mcdonalds-chicken-big-mac/index.html,20241003214146,cdx,
https://www.cnn.com/2024/10/03/food/mcdonalds-chicken-big-mac/index.html?Date=20241003&Profile=cnn,20241003175009,cdx,
https://www.cnn.com/2024/10/03/food/mcdonalds-chicken-big-mac/index.html?utm_campaign=mb&utm_medium=newsletter&utm_source=morning_brew,20241004105557,cdx,
https://www.cnn.com/2024/10/03/health/bird-flu-california-human-case/,20241004122935,cdx,
https://www.cnn.com/2024/10/03/health/bird-flu-california-human-case/index.html,20241004015126,cdx,
https://www.cnn.com/2024/10/03/health/food-supply-safety-loopholes-wellness/,20241003134100,cdx,
https://www.cnn.com/2024/10/03/health/food-supply-safety-loopholes-wellness/index.html,20241003135610,cdx,
https://www.cnn.com/2024/10/03/health/food-supply-safety-loopholes-wellness/index.html?cid=external-feeds_iluminar_yahoo,20241004062513,cdx,
https://www.cnn.com/2024/10/03/health/food-supply-safety-loopholes-wellness/index.html?cid=ios_app,20241004010454,cdx,
https://www.cnn.com/2024/10/03/health/food-supply-safety-loopholes-wellness/index.html?Date=20241003&Profile=CNN&utm_content=1727992693&utm_medium=social&utm_source=linkedin,20241004223418,cdx,
https://www.cnn.com/2024/10/03/health/poppy-seed-risks-kff-partner-wellness/,20241003100652,cdx,
https://www.cnn.com/2024/10/03/health/poppy-seed-risks-kff-partner-wellness/index.html,20241003171213,cdx,
https://www.cnn.com/2024/10/03/health/video/age-lifestyle-longevity-living-to-100-sanjay-gupta-on-call-digvid,20241003161846,cdx,
https://www.cnn.com/2024/10/03/media/trump-cloud-confusion-network-lies-book/,20241003155819,cdx,
https://www.cnn.com/2024/10/03/media/trump-cloud-confusion-network-lies-book/index.html,20241004014210,cdx,
https://www.cnn.com/2024/10/03/middleeast/lebanon-beirut-israeli-strike-displaced-intl-latam/,20241004001951,cdx,
https://www.cnn.com/2024/10/03/middleeast/lebanon-beirut-israeli-strike-displaced-intl-latam/index.html,20241004015824,cdx,
https://www.cnn.com/2024/10/03/middleeast/lebanon-hezbollah-nasrallah-ceasefire-assassination-intl-latam/,20241003195307,cdx,
https://www.cnn.com/2024/10/03/middleeast/lebanon-hezbollah-nasrallah-ceasefire-assassination-intl-latam/index.html,20241003235458,cdx,
https://www.cnn.com/2024/10/03/middleeast/tel-aviv-jaffa-attack-hero-intl-hnk/,20241003103902,cdx,
https://www.cnn.com/2024/10/03/middleeast/tel-aviv-jaffa-attack-hero-intl-hnk/index.html,20241004014014,cdx,
https://www.cnn.com/2024/10/03/politics/abortion-melania-trump/,20241003134057,cdx,
https://www.cnn.com/2024/10/03/politics/abortion-melania-trump/index.html,20241003204300,cdx,
https://www.cnn.com/2024/10/03/politics/abortion-melania-trump/index.html?cid=ios_app,20241003183623,cdx,
https://www.cnn.com/2024/10/03/politics/abortion-melania-trump/index.html?Date=20241003&Profile=CNN&utm_content=1727960761&utm_medium=social&utm_source=facebook&fbclid=IwZXh0bgNhZW0CMTEAAR0Sf9ctJB2iDB6oOvzopBX-pJ513IuxsJJ-NzJAsTVH8w6ATWVn2X0_59w_aem_iMnpOiOTbjEoHCTk9XMfFg,20241003170940,cdx,
https://www.cnn.com/2024/10/03/politics/abortion-melania-trump?Date=20241003&Profile=cnnbrk,20241003190034,cdx,
https://www.cnn.com/2024/10/03/politics/brooks-brothers-riot-trump-what-matters/,20241003215126,cdx,
https://www.cnn.com/2024/10/03/politics/brooks-brothers-riot-trump-what-matters/index.html,20241003215339,cdx,
https://www.cnn.com/2024/10/03/politics/domestic-extremists-election-threat-dhs-fbi-bulletin/index.html,20241004120214,cdx,
https://www.cnn.com/2024/10/03/politics/fact-check-trump-biden-hurricane-response/,20241003215119,cdx,
https://www.cnn.com/2024/10/03/politics/fact-check-trump-biden-hurricane-response/index.html,20241003212054,cdx,
https://www.cnn.com/2024/10/03/politics/former-colorado-county-clerk-tina-peters-sentenced/,20241003195301,cdx,
https://www.cnn.com/2024/10/03/politics/former-colorado-county-clerk-tina-peters-sentenced/index.html,20241003204740,cdx,
https://www.cnn.com/2024/10/03/politics/former-colorado-county-clerk-tina-peters-sentenced?cid=ios_app,20241004090603,cdx,
https://www.cnn.com/2024/10/03/politics/former-colorado-county-clerk-tina-peters-sentenced/?dicbo=v2-ReWl6Pr&iid=ob_mobile_article_footer_expansion,20241004080427,cdx,
https://www.cnn.com/2024/10/03/politics/gop-women-cheney-farah-griffin-hutchinson-matthews-trump-warning/,20241003195348,cdx,
https://www.cnn.com/2024/10/03/politics/gop-women-cheney-farah-griffin-hutchinson-matthews-trump-warning/index.html,20241003231949,cdx,
https://www.cnn.com/2024/10/03/politics/harris-rural-red-county-strategy/,20241004050017,cdx,
https://www.cnn.com/2024/10/03/politics/harris-rural-red-county-strategy/index.html,20241004021540,cdx,
https://www.cnn.com/2024/10/03/politics/health-care-harris-voters-election-poll/,20241003133911,cdx,
https://www.cnn.com/2024/10/03/politics/health-care-harris-voters-election-poll/index.html,20241004014259,cdx,
https://www.cnn.com/2024/10/03/politics/justice-department-microsoft-disrupt-russian-hacking/,20241004080724,cdx,
https://www.cnn.com/2024/10/03/politics/justice-department-microsoft-disrupt-russian-hacking/index.html,20241003164448,cdx,
https://www.cnn.com/2024/10/03/politics/justice-department-quiet-period/,20241003215102,cdx,
https://www.cnn.com/2024/10/03/politics/justice-department-quiet-period/index.html,20241003213201,cdx,
https://www.cnn.com/2024/10/03/politics/liz-cheney-harris-campaign-stop/,20241003094149,cdx,
https://www.cnn.com/2024/10/03/politics/liz-cheney-harris-campaign-stop/index.html,20241004010753,cdx,
https://www.cnn.com/2024/10/03/politics/liz-cheney-harris-campaign-stop/index.html?ICID=ref_fark,20241003175501,cdx,
https://www.cnn.com/2024/10/03/politics/mark-meadows-georgia-election-subversion-supreme-court/,20241003215053,cdx,
https://www.cnn.com/2024/10/03/politics/mark-meadows-georgia-election-subversion-supreme-court/index.html,20241004015645,cdx,
https://www.cnn.com/2024/10/03/politics/melania-trump-book-cnn-interview/,20241003162619,cdx,
https://www.cnn.com/2024/10/03/politics/melania-trump-book-cnn-interview/index.html,20241003162829,cdx,
https://www.cnn.com/2024/10/03/politics/melania-trump-book-cnn-interview/index.html?cid=ios_app,20241004185250,cdx,
https://www.cnn.com/2024/10/03/politics/melania-trump-book-cnn-interview/index.html?iid=cnn_buildContentRecirc_end_recirc,20241004033053,cdx,
https://www.cnn.com/2024/10/03/politics/melania-trump-book-cnn-interview/index.html?os=io.,20241004082646,cdx,
https://www.cnn.com/2024/10/03/politics/melania-trump-book-cnn-interview/index.html?os=svergi&ref=app,20241003212903,cdx,
https://www.cnn.com/2024/10/03/politics/melania-trump-book-cnn-interview?cid=ios_app,20241003194414,cdx,
https://www.cnn.com/2024/10/03/politics/mike-lawler-michael-jackson-halloween-costume/,20241003215259,cdx,
https://www.cnn.com/2024/10/03/politics/mike-lawler-michael-jackson-halloween-costume/index.html,20241003215002,cdx,
https://www.cnn.com/2024/10/03/politics/montana-senate-race-tester-sheehy/,20241004001923,cdx,
https://www.cnn.com/2024/10/03/politics/montana-senate-race-tester-sheehy/index.html,20241004045858,cdx,
https://www.cnn.com/2024/10/03/politics/october-surprises-trump-harris-analysis,20241003043656,cdx,
https://www.cnn.com/2024/10/03/politics/october-surprises-trump-harris-analysis/index.html,20241003112101,cdx,
https://www.cnn.com/2024/10/03/politics/october-surprises-trump-harris-analysis/index.html?cid=ios_app,20241003141819,cdx,
https://www.cnn.com/2024/10/03/politics/october-surprises-trump-harris-analysis/index.html?iid=cnn_buildContentRecirc_end_recirc,20241004060443,cdx,
https://www.cnn.com/2024/10/03/politics/pence-trump-january-6-special-counsel-filing/,20241003100800,cdx,
https://www.cnn.com/2024/10/03/politics/pence-trump-january-6-special-counsel-filing/index.html,20241003043108,cdx,
https://www.cnn.com/2024/10/03/politics/pence-trump-january-6-special-counsel-filing/index.html?cid=external-feeds_iluminar_yahoo,20241004115244,cdx,
https://www.cnn.com/2024/10/03/politics/pennsylvania-latino-voters-harris-trump/,20241004001944,cdx,
https://www.cnn.com/2024/10/03/politics/pennsylvania-latino-voters-harris-trump/index.html,20241004015351,cdx,
https://www.cnn.com/2024/10/03/politics/trump-revoke-status-ohio-haitian-migrants/,20241003053556,cdx,
https://www.cnn.com/2024/10/03/politics/trump-revoke-status-ohio-haitian-migrants/index.html,20241003075227,cdx,
https://www.cnn.com/2024/10/03/politics/trump-revoke-status-ohio-haitian-migrants/index.html?ICID=ref_fark,20241003161236,cdx,
https://www.cnn.com/2024/10/03/politics/video/cassidy-hutchinson-endorses-harris-ac360-digvid,20241004022516,cdx,
https://www.cnn.com/2024/10/03/politics/video/jack-smith-pence-trump-january-6-digvid,20241003114514,cdx,
https://www.cnn.com/2024/10/03/politics/video/jorge-masvidal-trump-support-ufc-digvid,20241004013121,cdx,
https://www.cnn.com/2024/10/03/politics/video/liz-cheney-kamala-harris-appearance-2024-election-endorsement-sot-digvid,20241003231842,cdx,
https://www.cnn.com/2024/10/03/politics/video/melania-trump-abortion-video-van-jones-digvid,20241003203908,cdx,
https://www.cnn.com/2024/10/03/politics/video/melania-trump-book-publisher-cnn-interview-fee-gold-digvid,20241004014414,cdx,
https://www.cnn.com/2024/10/03/politics/video/michael-jackson-blackface-costume-mike-lawler-src-digvid,20241004085848,cdx,
https://www.cnn.com/2024/10/03/politics/video/montana-senate-tim-sheehy-jon-tester-raju-ebof-digvid,20241004042125,cdx,
https://www.cnn.com/2024/10/03/politics/video/newsnight-black-or-white-harris-endorsement-in-danger,20241004034842,cdx,
https://www.cnn.com/2024/10/03/politics/video/the-lead-kamala-harris-donald-trump-2024-election-reproductive-rights-poll-economy,20241004014909,cdx,
https://www.cnn.com/2024/10/03/politics/video/the-lead-liz-cheney-kamala-harris-gop-2024-election-donald-trump,20241004015302,cdx,
https://www.cnn.com/2024/10/03/politics/video/the-lead-melania-donald-trump-reproductive-rights-january-6-first-lady,20241004015457,cdx,
https://www.cnn.com/2024/10/03/science/biblical-tree-ancient-seed-tsori/,20241003145317,cdx,
https://www.cnn.com/2024/10/03/science/biblical-tree-ancient-seed-tsori/index.html,20241004010538,cdx,
https://www.cnn.com/2024/10/03/science/ghost-ship-pacific-wreck-california-scli-intl/,20241003173604,cdx,
https://www.cnn.com/2024/10/03/science/ghost-ship-pacific-wreck-california-scli-intl/index.html,20241003145929,cdx,
https://www.cnn.com/2024/10/03/science/ghost-ship-pacific-wreck-california-scli-intl?cid=ios_app,20241003175331,cdx,
https://www.cnn.com/2024/10/03/science/next-solar-eclipse-2026/,20241003195215,cdx,
https://www.cnn.com/2024/10/03/science/next-solar-eclipse-2026/index.html,20241003222032,cdx,
https://www.cnn.com/2024/10/03/sport/aston-villa-bayern-munich-champions-league-spt-intl/,20241003175447,cdx,
https://www.cnn.com/2024/10/03/sport/aston-villa-bayern-munich-champions-league-spt-intl/index.html,20241004014833,cdx,
https://www.cnn.com/2024/10/03/sport/caitlin-clark-caps-wnba-rookie-award-spt-intl,20241004043324,cdx,
https://www.cnn.com/2024/10/03/sport/caitlin-clark-caps-wnba-rookie-award-spt-intl/index.html,20241004035314,cdx,
https://www.cnn.com/2024/10/03/sport/caitlin-clark-caps-wnba-rookie-award-spt-intl?cid=ios_app,20241004051525,cdx,
https://www.cnn.com/2024/10/03/sport/fifa-council-further-investigate-israel-palestinian-spt-intl/index.html,20241003202943,cdx,
https://www.cnn.com/2024/10/03/sport/lionel-messi-inter-miami-supporters-shield-intl-spt/,20241003175457,cdx,
https://www.cnn.com/2024/10/03/sport/lionel-messi-inter-miami-supporters-shield-intl-spt/index.html,20241004014541,cdx,
https://www.cnn.com/2024/10/03/sport/masters-donation-hurricane-helene-relief-spt-intl/index.html,20241004014316,cdx,
https://www.cnn.com/2024/10/03/sport/mlb-wild-card-game-2-wrap-spt-intl/index.html,20241003225431,cdx,
https://www.cnn.com/2024/10/03/sport/nfl-week-5-things-to-watch-out-for-spt-intl/,20241003140020,cdx,
https://www.cnn.com/2024/10/03/sport/nfl-week-5-things-to-watch-out-for-spt-intl/index.html,20241004014940,cdx,
https://www.cnn.com/2024/10/03/sport/nfl-week-5-things-to-watch-out-for-spt-intl?cid=external-feeds_iluminar_yahoo,20241003120937,cdx,
https://www.cnn.com/2024/10/03/sport/raiders-antonio-pierce-ncaa-violations-spt-intl/,20241004101024,cdx,
https://www.cnn.com/2024/10/03/sport/raiders-antonio-pierce-ncaa-violations-spt-intl/index.html,20241004105724,cdx,
https://www.cnn.com/2024/10/03/style/desperate-housewives-bree-van-de-kamp-style-anniversary/,20241003100654,cdx,
https://www.cnn.com/2024/10/03/style/desperate-housewives-bree-van-de-kamp-style-anniversary/index.html,20241004014654,cdx,
https://www.cnn.com/2024/10/03/style/jeddah-tower-worlds-tallest-skyscraper-construction/,20241003134014,cdx,
https://www.cnn.com/2024/10/03/style/jeddah-tower-worlds-tallest-skyscraper-construction/index.html,20241003171805,cdx,
https://www.cnn.com/2024/10/03/style/paris-fashion-week-spring-summer-2025/,20241003173921,cdx,
https://www.cnn.com/2024/10/03/style/paris-fashion-week-spring-summer-2025/index.html,20241004014202,cdx,
https://www.cnn.com/2024/10/03/style/video/coperni-disneyland-paris-show-kylie-jenner-digvid,20241003152101,cdx,
https://www.cnn.com/2024/10/03/travel/elephants-evacuated-thailand-flooding-intl-hnk/,20241004041920,cdx,
https://www.cnn.com/2024/10/03/travel/video/china-plane-comac-c919-boeing-digvid,20241004024212,cdx,
https://www.cnn.com/2024/10/03/us/5-things-pm-october-3-trnd/,20241004002621,cdx,
https://www.cnn.com/2024/10/03/us/5-things-pm-october-3-trnd/index.html,20241004011412,cdx,
https://www.cnn.com/2024/10/03/us/5-things-to-know-for-oct-3-middle-east-tensions-january-6-case-power-outages-childhood-vaccines-bank-of-america/index.html,20241003205214,cdx,
https://www.cnn.com/2024/10/03/us/5-things-to-know-for-oct-3-middle-east-tensions-january-6-case-power-outages-childhood-vaccines-bank-of-america?cid=ios_app,20241003131938,cdx,
https://www.cnn.com/2024/10/03/us/a-6-year-old-girl-was-kidnapped-in-arkansas-in-1995-almost-30-years-later-a-suspect-was-identified/,20241003215145,cdx,
https://www.cnn.com/2024/10/03/us/a-6-year-old-girl-was-kidnapped-in-arkansas-in-1995-almost-30-years-later-a-suspect-was-identified/index.html,20241004005019,cdx,
https://www.cnn.com/2024/10/03/us/augusta-family-hunkers-in-bathtub/,20241003173913,cdx,
https://www.cnn.com/2024/10/03/us/augusta-family-hunkers-in-bathtub/index.html,20241003233200,cdx,
https://www.cnn.com/2024/10/03/us/augusta-family-hunkers-in-bathtub/index.html?ICID=ref_fark,20241004070345,cdx,
https://www.cnn.com/2024/10/03/us/helene-recovery-roads-water-power/,20241003045200,cdx,
https://www.cnn.com/2024/10/03/us/helene-recovery-roads-water-power/index.html,20241004002515,cdx,
https://www.cnn.com/2024/10/03/us/helene-recovery-roads-water-power/index.html?_kx=CzZZR8tUK1txh_-QK3DJSLxvae8naT-oggcPgJkzOQ6Au5j3x1IVDUrV61N1kEFn.VVEwpW,20241004015226,cdx,
https://www.cnn.com/2024/10/03/us/helene-recovery-roads-water-power?Date=20241003&Profile=cnnbrk&utm_content=1727968212&utm_medium=social&utm_source=twitter,20241003231648,cdx,
https://www.cnn.com/2024/10/03/us/missing-people-hurricane-helene-dg/,20241003113727,cdx,
https://www.cnn.com/2024/10/03/us/missing-people-hurricane-helene-dg/index.html,20241004014328,cdx,
https://www.cnn.com/2024/10/03/us/prosecutors-review-new-evidence-menendez-brothers-murder-conviction/,20241004143716,cdx,
https://www.cnn.com/2024/10/03/us/prosecutors-review-new-evidence-menendez-brothers-murder-conviction/index.html,20241004050422,cdx,
https://www.cnn.com/2024/10/03/us/prosecutors-review-new-evidence-menendez-brothers-murder-conviction?brand-site=cnn&language=en&agent=any&region=any,20241004230551,cdx,
https://www.cnn.com/2024/10/03/us/tiktok-content-creator-arrested-in-murder-case-of-baton-rouge-therapist/,20241003215253,cdx,
https://www.cnn.com/2024/10/03/us/tiktok-content-creator-arrested-in-murder-case-of-baton-rouge-therapist/index.html,20241004014958,cdx,
https://www.cnn.com/2024/10/03/us/tyre-nichols-officers-trial-jury/,20241003195304,cdx,
https://www.cnn.com/2024/10/03/us/tyre-nichols-officers-trial-jury/index.html,20241003210224,cdx,
https://www.cnn.com/2024/10/03/us/video/steven-cloyd-tennessee-missing-helene-son-sot-intv-nc-digvid,20241004014610,cdx,
https://www.cnn.com/2024/10/03/us/video/teen-driver-suv-police-crash-digvid,20241003135950,cdx,
https://www.cnn.com/2024/10/03/us/video/the-lead-donald-trump-jan-6th-case-election-interference-jack-smith,20241004015030,cdx,
https://www.cnn.com/2024/10/03/us/video/tyre-nichols-verdict-digvid,20241004010139,cdx,
https://www.cnn.com/2024/10/03/weather/hurricane-helene-north-carolina-before-after-images-climate/,20241004001930,cdx,
https://www.cnn.com/2024/10/03/weather/hurricane-helene-north-carolina-before-after-images-climate/index.html,20241004001236,cdx,
https://www.cnn.com/2024/10/03/weather/video/man-rescues-woman-in-flood-digvid,20241004081245,cdx,
https://www.cnn.com/2024/10/03/weather/west-california-heat-wave-excessive-heat-warning-climate/,20241003195226,cdx,
https://www.cnn.com/2024/10/03/weather/west-california-heat-wave-excessive-heat-warning-climate/index.html,20241004013128,cdx,
https://www.cnn.com/2024/10/03/world/gallery/photos-this-week-september-26-october-3/index.html,20241004090432,cdx,
https://www.cnn.com/2024/10/03/world/video/beirut-explosion-lebanon-digvid,20241004000100,cdx,related
https://www.cnn.com/2024/10/03/world/video/beirut-explosions-lebanon-digvid,20241003234822,cdx,related
https://www.cnn.com/2024/10/03/world/video/israel-iran-conricus-intv-ebof-digvid,20241004015605,cdx,
https://www.cnn.com/2024/10/03/world/video/japan-airport-bomb-ww2-digvid,20241004014324,cdx,
https://www.cnn.com/2024/10/03/world/video/killer-whales-stuck-russia-digvid,20241004005014,cdx,
https://www.cnn.com/2024/10/03/world/video/king-charles-samoan-dancing-ldn-digvid,20241003203643,cdx,
https://www.cnn.com/2024/10/03/world/video/sciutto-jaffa-shooting-inbar-yeari-vigder-digvid,20241004015448,cdx,
https://www.cnn.com/2024/10/04/africa/burkina-faso-massacre-600-dead-french-intel-intl/,20241004041927,cdx,
https://www.cnn.com/2024/10/04/africa/burkina-faso-massacre-600-dead-french-intel-intl/index.html,20241004090531,cdx,
https://www.cnn.com/2024/10/04/africa/burkina-faso-massacre-600-dead-french-intel-intl?cid=ios_app,20241004152145,cdx,
https://www.cnn.com/2024/10/04/americas/haiti-gang-attack-intl-latam/,20241004202008,cdx,
https://www.cnn.com/2024/10/04/americas/haiti-gang-attack-intl-latam/index.html?cid=ios_app,20241004203124,cdx,
https://www.cnn.com/2024/10/04/asia/north-korea-kim-jong-un-nuclear-weapons-intl-hnk/,20241004104630,cdx,
https://www.cnn.com/2024/10/04/asia/north-korea-kim-jong-un-nuclear-weapons-intl-hnk/index.html,20241004194026,cdx,
https://www.cnn.com/2024/10/04/asia/north-korea-kim-jong-un-nuclear-weapons-intl-hnk/index.html?utm_medium=social&utm_source=whatsappCNN&utm_content=2024-10-04T10:40:10,20241004104512,cdx,
https://www.cnn.com/2024/10/04/asia/north-korea-kim-jong-un-nuclear-weapons-intl-hnk?cid=external-feeds_iluminar_msn,20241004145212,cdx,
https://www.cnn.com/2024/10/04/asia/singapore-grand-prix-chief-charged-intl-hnk,20241004161754,cdx,
https://www.cnn.com/2024/10/04/business/openai-chatgpt-investing-nightcap/,20241004160635,cdx,
https://www.cnn.com/2024/10/04/business/openai-chatgpt-investing-nightcap/index.html,20241004101645,cdx,
https://www.cnn.com/2024/10/04/business/openai-chatgpt-investing-nightcap?cid=ios_app,20241004113608,cdx,
https://www.cnn.com/2024/10/04/business/port-strike-ends-whats-next/,20241004160633,cdx,
https://www.cnn.com/2024/10/04/business/red-lobster-ceo-restaurants/,20241004120809,cdx,
https://www.cnn.com/2024/10/04/business/red-lobster-ceo-restaurants/index.html,20241004230821,cdx,
https://www.cnn.com/2024/10/04/business/video/jobs-report-september-inflation-federal-reserve-cnc-ldn-digvid?cid=ios_app,20241004133932,cdx,
https://www.cnn.com/2024/10/04/climate/antarctica-greening-vegetation-satellite-images/,20241004120748,cdx,
https://www.cnn.com/2024/10/04/climate/antarctica-greening-vegetation-satellite-images/index.html,20241004092743,cdx,
https://www.cnn.com/2024/10/04/economy/us-jobs-report-september-final/,20241004154944,cdx,
https://www.cnn.com/2024/10/04/entertainment/abbott-elementary-its-always-sunny-philadelphia-crossover,20241004142439,cdx,
https://www.cnn.com/2024/10/04/entertainment/dolly-parton-hurricane-helene?cid=ios_app,20241004202445,cdx,
https://www.cnn.com/2024/10/04/entertainment/lady-gaga-bravado-harley-quinn-joker-sequel/,20241004160850,cdx,
https://www.cnn.com/2024/10/04/entertainment/lady-gaga-bravado-harley-quinn-joker-sequel/index.html,20241004154643,cdx,
https://www.cnn.com/2024/10/04/entertainment/menendez-brothers-true-crime/,20241004202144,cdx,
https://www.cnn.com/2024/10/04/entertainment/video/cnn-screen-time-the-peguin-colin-farrell,20241004153313,cdx,
https://www.cnn.com/2024/10/04/health/social-media-morning-wellness,20241004113020,cdx,
https://www.cnn.com/2024/10/04/media/new-york-editorial-board-local-endorsement,20241004144021,cdx,
https://www.cnn.com/2024/10/04/media/new-york-editorial-board-local-endorsement/index.html,20241004162750,cdx,
https://www.cnn.com/2024/10/04/middleeast/hashem-safieddine-hezbollah-profile-intl,20241004135005,cdx,
https://www.cnn.com/2024/10/04/middleeast/lebanon-israel-aerial-assault-intensity-intl/,20241004160905,cdx,
https://www.cnn.com/2024/10/04/middleeast/yazdi-isis-hamas-woman-rescued-intl/,20241004131204,cdx,
https://www.cnn.com/2024/10/04/middleeast/yazdi-isis-hamas-woman-rescued-intl/index.html,20241004164258,cdx,
https://www.cnn.com/2024/10/04/politics/arab-muslim-americans-michigan-harris/,20241004225254,cdx,
https://www.cnn.com/2024/10/04/politics/barack-obama-kamala-harris-campaign-events/,20241004105748,cdx,
https://www.cnn.com/2024/10/04/politics/barack-obama-kamala-harris-campaign-events/index.html,20241004165605,cdx,
https://www.cnn.com/2024/10/04/politics/emhoff-ex-girlfriend-semafor/,20241004202044,cdx,
https://www.cnn.com/2024/10/04/politics/fact-check-trump-ad-harris-taxes/,20241004160859,cdx,
https://www.cnn.com/2024/10/04/politics/fact-check-trump-ad-harris-taxes/index.html,20241004193707,cdx,
https://www.cnn.com/2024/10/04/politics/fact-check-trump-ad-harris-taxes?cid=external-feeds_iluminar_flipboard,20241004162654,cdx,
https://www.cnn.com/2024/10/04/politics/jack-smith-trump-election-2024/,20241004120818,cdx,
https://www.cnn.com/2024/10/04/politics/mapping-military-in-middle-east-dg/,20241004202000,cdx,
https://www.cnn.com/2024/10/04/politics/misinformation-hurricane-helene/,20241004225227,cdx,
https://www.cnn.com/2024/10/04/politics/misinformation-hurricane-helene/index.html,20241004233008,cdx,
https://www.cnn.com/2024/10/04/politics/oklahoma-schools-bible-trump/,20241004225234,cdx,
https://www.cnn.com/2024/10/04/politics/oklahoma-schools-bible-trump/index.html,20241004231242,cdx,
https://www.cnn.com/2024/10/04/politics/senate-race-rankings-october-2024/,20241004102522,cdx,
https://www.cnn.com/2024/10/04/politics/senate-race-rankings-october-2024/index.html,20241004131856,cdx,
https://www.cnn.com/2024/10/04/politics/state-department-israel-no-assurances-irans-nuclear-facilities,20241004213128,cdx,
https://www.cnn.com/2024/10/04/politics/state-department-israel-no-assurances-irans-nuclear-facilities/index.html,20241004212559,cdx,
https://www.cnn.com/2024/10/04/politics/supreme-court-epa-methane-mercury/,20241004160631,cdx,
https://www.cnn.com/2024/10/04/politics/supreme-court-epa-methane-mercury?Date=20241004&Profile=CNN&utm_content=1728061201&utm_medium=social&utm_source=twitter,20241004170141,cdx,
https://www.cnn.com/2024/10/04/politics/supreme-court-epa-methane-mercury?Date=20241004&Profile=cnnclimate,20241004211017,cdx,
https://www.cnn.com/2024/10/04/politics/supreme-court-orders-mexico-gun-violence-workplace-discrimination-nuclear-fuel-storage/,20241004175643,cdx,
https://www.cnn.com/2024/10/04/politics/trump-campaign-ground-game/,20241004061059,cdx,
https://www.cnn.com/2024/10/04/politics/trump-campaign-ground-game/index.html,20241004090909,cdx,
https://www.cnn.com/2024/10/04/politics/trump-january-6-cheney-2024-analysis/,20241004041911,cdx,
https://www.cnn.com/2024/10/04/politics/trump-january-6-cheney-2024-analysis/index.html,20241004085156,cdx,
https://www.cnn.com/2024/10/04/politics/trump-january-6-cheney-2024-analysis?cid=ios_app,20241004055059,cdx,
https://www.cnn.com/2024/10/04/politics/us-forces-south-korea-cost-sharing-agreement/,20241004190904,cdx,
https://www.cnn.com/2024/10/04/politics/video/invs-walz-criticism-state-fraud-scandals,20241004101314,cdx,
https://www.cnn.com/2024/10/04/politics/video/jack-smith-trump-filing-elie-honig-reaction-cnc-digvid,20241004231620,cdx,
https://www.cnn.com/2024/10/04/politics/video/omarosa-melania-trump-memoir-lcl-digvid,20241004115540,cdx,
https://www.cnn.com/2024/10/04/politics/video/the-lead-politics-bipartisan-kamala-harris-2024-democrats-donald-trump-gop-jake-tapper,20241004232149,cdx,
https://www.cnn.com/2024/10/04/politics/video/trump-responds-cheney-harris-fox-ctm-digvid,20241004103211,cdx,
https://www.cnn.com/2024/10/04/politics/walz-audits-fraud-accountability-invs,20241004110001,cdx,
https://www.cnn.com/2024/10/04/politics/walz-audits-fraud-accountability-invs/index.html,20241004195040,cdx,
https://www.cnn.com/2024/10/04/science/ants-fungi-farming-asteroid-study/index.html,20241004134125,cdx,
https://www.cnn.com/2024/10/04/sport/alvaro-morata-milan-mayor-spt-intl/,20241004213743,cdx,
https://www.cnn.com/2024/10/04/sport/alvaro-morata-milan-mayor-spt-intl/index.html,20241004135359,cdx,
https://www.cnn.com/2024/10/04/sport/alvaro-morata-milan-mayor-spt-intl/index.html?utm_medium=social&utm_source=whatsappCNN&utm_content=2024-10-04T13:16:54,20241004134548,cdx,
https://www.cnn.com/2024/10/04/sport/atlanta-falcons-tampa-bay-buccaneers-spt-intl/index.html,20241004180514,cdx,
https://www.cnn.com/2024/10/04/sport/lachlan-morton-cycling-australia-spt-intl/index.html,20241004115941,cdx,
https://www.cnn.com/2024/10/04/sport/nikolaj-sorensen-suspended-ice-skating-canada-spt-intl/,20241004174229,cdx,
https://www.cnn.com/2024/10/04/sport/nikolaj-sorensen-suspended-ice-skating-canada-spt-intl/index.html,20241004173830,cdx,
https://www.cnn.com/2024/10/04/sport/pete-alonso-new-york-mets-milwaukee-brewers-spt-intl?cid=external-feeds_iluminar_yahoo,20241004145036,cdx,
https://www.cnn.com/2024/10/04/style/french-golden-owl-treasure-hunt-intl-scli,20241004220026,cdx,
https://www.cnn.com/2024/10/04/style/french-golden-owl-treasure-hunt-intl-scli/index.html,20241004091515,cdx,
https://www.cnn.com/2024/10/04/style/japan-worlds-smallest-rubik-cube-intl-hnk/,20241004090625,cdx,
https://www.cnn.com/2024/10/04/style/japan-worlds-smallest-rubik-cube-intl-hnk/index.html,20241004194017,cdx,
https://www.cnn.com/2024/10/04/success/job-interview-how-to-do-well-gen-z-wellness/,20241004175631,cdx,
https://www.cnn.com/2024/10/04/travel/delayed-cruise-ship-on-the-move-again-after-paperwork-setback/,20241004201935,cdx,
https://www.cnn.com/2024/10/04/travel/elephants-evacuated-thailand-flooding-intl-hnk,20241004065917,cdx,
https://www.cnn.com/2024/10/04/travel/elephants-evacuated-thailand-flooding-intl-hnk/index.html,20241004070001,cdx,
https://www.cnn.com/2024/10/04/travel/elephants-evacuated-thailand-flooding-intl-hnk?cid=ios_app,20241004084649,cdx,
https://www.cnn.com/2024/10/04/travel/elephants-evacuated-thailand-flooding-intl-hnk?Date=20241004&Profile=cnn&utm_content=1728039727&utm_medium=social&utm_source=threads,20241004143111,cdx,
https://www.cnn.com/2024/10/04/us/5-things-to-know-for-oct-4-port-strike-presidential-race-helenes-aftermath-middle-east-bird-flu/,20241004120815,cdx,
https://www.cnn.com/2024/10/04/us/eric-adams-nyc-administration-resignation/,20241004202122,cdx,
https://www.cnn.com/2024/10/04/us/helene-aftermath-missing-people-search/,20241004090636,cdx,
https://www.cnn.com/2024/10/04/us/helene-recovery-friday/,20241004071857,cdx,
https://www.cnn.com/2024/10/04/us/helene-recovery-friday/index.html,20241004085855,cdx,
https://www.cnn.com/2024/10/04/us/impact-plastics-tennessee-workers-helene/,20241004175959,cdx,
https://www.cnn.com/2024/10/04/us/impact-plastics-tennessee-workers-helene/index.html,20241004231038,cdx,
https://www.cnn.com/2024/10/04/us/security-threats-october-7-israel-attack/,20241004225321,cdx,
https://www.cnn.com/2024/10/04/us/security-threats-october-7-israel-attack/index.html,20241004232214,cdx,
https://www.cnn.com/2024/10/04/us/video/menendez-brothers-erik-lyle-murder-conviction-digvid,20241004230553,cdx,
https://www.cnn.com/2024/10/04/us/video/pennsylvania-stray-bullet-kids-bedroom-affil-digvid,20241004085649,cdx,
https://www.cnn.com/2024/10/04/world/israelis-lebanon-border-fears-intl/,20241004160556,cdx,
https://www.cnn.com/2024/10/04/world/video/beirut-overnight-explosions-lebanon-ldn-digvid,20241004121927,cdx,related
https://www.cnn.com/2024/10/04/world/video/biden-israel-iran-retaliation-bolton-lead-digvid,20241004232005,cdx,
https://www.cnn.com/2024/10/04/world/video/elephants-evacuated-flooding-thailand-chiang-mai-digvid,20241004134257,cdx,
https://www.cnn.com/2024/10/04/world/video/israel-iron-dome-question-nic-robertson-digvid,20241004200050,cdx,
https://www.cnn.com/2024/10/04/world/video/israel-middle-east-conflict-questions-nic-robertson-digvid,20241004232400,cdx,
https://www.cnn.com/2024/10/04/world/video/israel-strikes-gaza-school-hancocks-ovn-ldn-digvid,20241004180019,cdx,
https://www.cnn.com/2024/09/01/middleeast/israel-hostage-protests-strike-netanyahu-intl-latam/,20241006015736,cdx,
https://www.cnn.com/2024/09/01/politics/2024-debate-ballots-harris-trump/index.html?cid=external-feeds_iluminar_yahoo,20241006083809,cdx,
https://www.cnn.com/2024/09/02/business/noncompete-agreements-what-to-know-now,20241005063727,cdx,
https://www.cnn.com/2024/09/02/health/how-to-wash-fruits-vegetables-conversation-wellness-partner/index.html,20241005032424,cdx,
https://www.cnn.com/2024/09/02/middleeast/israel-general-strike-hostage-deal-intl-hnk/index.html,20241006145926,cdx,
https://www.cnn.com/2024/09/02/politics/us-seizes-venezuela-president-maduros-airplane?ICID=ref_fark,20241005154238,cdx,
https://www.cnn.com/2024/09/02/us/ashlyn-watkins-south-carolina-basketball-arrest/index.html?utm_source=fark&utm_medium=website&utm_content=link&ICID=ref_fark,20241006014928,cdx,
https://www.cnn.com/2024/09/02/us/minnesota-trooper-shane-roper-manslaughter/,20241006043023,cdx,
https://www.cnn.com/2024/09/02/us/minnesota-trooper-shane-roper-manslaughter?Date=20240902&Profile=CNN&utm_content=1725315413&utm_medium=social&utm_source=twitter,20241005065402,cdx,
https://www.cnn.com/2024/09/03/style/china-detains-artist-gao-brothers-mao-intl-hnk/,20241006045424,cdx,
https://www.cnn.com/2024/09/03/us/back-to-school-bans-cell-phones-hoodies-mirrors?cid=ios_app,20241006005344,cdx,
https://www.cnn.com/2024/09/03/us/louisiana-minden-former-mayor-and-daughter-killed/index.html,20241006212340,cdx,
https://www.cnn.com/2024/09/06/middleeast/israeli-military-operation-jenin-west-bank-enters-second-week-intl,20241006202157,cdx,
https://www.cnn.com/2024/09/06/politics/irs-inflation-reduction-act-wealthy-taxpayers/index.html?utm_medium=social&utm_source=blueskyCNN&utm_content=2024-09-06T11%3A09%3A33,20241005024850,cdx,
https://www.cnn.com/2024/09/06/politics/manhattan-us-attorney-office-spokesperson-video-trump-hush-money/index.html,20241006161549,cdx,
https://www.cnn.com/2024/09/06/us/colin-gray-georgia-shooting-suspect-father-charges/index.html?utm_medium=social&utm_source=blueskyCNN&utm_content=2024-09-06T17:51:48,20241005022817,cdx,
https://www.cnn.com/2024/09/07/us/missing-washington-hiker-found/index.html?iid=cnn_buildContentRecirc_end_recirc,20241005015733,cdx,
https://www.cnn.com/2024/09/09/weather/tropical-storm-francine-hurricane-forecast-climate/,20241006080645,cdx,
https://www.cnn.com/2024/09/11/style/glenn-lowry-moma-steps-down/,20241006182157,cdx,
https://www.cnn.com/2024/09/13/media/right-wing-media-influencers-tenet-russian-money/index.html?utm_medium=social&utm_source=blueskyCNN&utm_content=2024-09-13T12%3A32%3A19,20241005230140,cdx,
https://www.cnn.com/2024/09/16/business/intel-amazon-chip-deal-shares-jump/,20241005025556,cdx,
https://www.cnn.com/2024/09/16/politics/ryan-routh-trump-suspect-invs/index.html?iid=cnn_buildContentRecirc_end_recirc,20241005212929,cdx,
https://www.cnn.com/2024/09/18/business/tupperware-files-bankruptcy/index.html?trk=public_post_comment-text,20241005013732,cdx,
https://www.cnn.com/2024/09/19/politics/kfile-mark-robinson-black-nazi-pro-slavery-porn-forum,20241005211600,cdx,
https://www.cnn.com/2024/09/20/climate/doomsday-glacier-thwaites-melt-sea-level-rise/index.html?utm_medium=social&utm_source=blueskyCNN&utm_content=2024-09-21T01:28:16,20241005015627,cdx,
https://www.cnn.com/2024/09/23/travel/video/melbourne-australia-coffee-croissant-lune-worlds-best-spc,20241005050756,cdx,
https://www.cnn.com/2024/09/24/business/kamala-harris-economy-endorsement/index.html?lctg=88556446,20241006213913,cdx,
https://www.cnn.com/2024/09/24/sport/brett-favre-parkinsons-disease-spt-intl?utm_medium=social&utm_source=blueskyCNN&utm_content=2024-09-24T16:51:33,20241006113210,cdx,
https://www.cnn.com/2024/09/24/us/marcellus-williams-scheduled-execution-date/index.html?ref=the-reframe.com,20241006050746,cdx,
https://www.cnn.com/2024/09/25/entertainment/anna-sorokin-eliminated-dwts/index.html?utm_medium=social&utm_source=blueskyCNN&utm_content=2024-09-26T00:31:17,20241006025840,cdx,
https://www.cnn.com/2024/09/25/health/epa-fluoride-drinking-water/index.html?cid=external-feeds_iluminar_msn,20241005203301,cdx,
https://www.cnn.com/2024/09/25/health/global-myopia-research-scli-intl-wellness/,20241006213833,cdx,
https://www.cnn.com/2024/09/25/travel/time-out-coolest-neighborhoods-2024/index.html?hss_meta=eyJvcmdhbml6YXRpb25faWQiOiAxMjM5LCAiZ3JvdXBfaWQiOiAxMTI0MjU0LCAiYXNzZXRfaWQiOiAyMjY3NjExLCAiZ3JvdXBfY29udGVudF9pZCI6IDEzNjk4MDYwNywgImdyb3VwX25ldHdvcmtfY29udGVudF9pZCI6IDIwODg3MzQ1OH0%3D,20241005203812,cdx,
https://www.cnn.com/2024/09/26/business/trump-media-co-founder-former-apprentice-contestant-dumps-shares,20241006100255,cdx,
https://www.cnn.com/2024/09/26/entertainment/sean-combs-wants-to-testify-lawyer-says/index.html?iid=cnn_buildContentRecirc_end_recirc,20241006012945,cdx,
https://www.cnn.com/2024/09/26/science/orcas-new-images-hunting-dolphins/index.html?iid=cnn_buildContentRecirc_end_recirc,20241006030629,cdx,
https://www.cnn.com/2024/09/26/science/sea-robins-walk-taste-seafloor/index.html?utm_medium=social&utm_source=blueskyCNN&utm_content=2024-09-26T16%3A31%3A47,20241005115610,cdx,
https://www.cnn.com/2024/09/28/business/zuckerberg-200-billion-richest-meta?cid=external-feeds_iluminar_yahoo,20241005091447,cdx,
https://www.cnn.com/2024/09/29/sport/video/hansen-chat-092905p-seg1-fst,20241006210502,cdx,
https://www.cnn.com/2024/09/29/us/us-violent-crime-rates-down-dg,20241006080807,cdx,
https://www.cnn.com/2024/10/01/asia/coldplay-concert-ticket-india-scalping-intl-hnk/index.html?utm_campaign=mb&utm_medium=newsletter&utm_source=morning_brew,20241006142327,cdx,
https://www.cnn.com/2024/10/01/business/us-port-workers-strike-tuesday/index.html?iid=cnn_buildContentRecirc_end_recirc,20241006000526,cdx,
https://www.cnn.com/2024/10/01/climate/melting-glaciers-border-switzerland-italy/,20241006095516,cdx,
https://www.cnn.com/2024/10/01/media/journalists-threats-election-trump/,20241006171530,cdx,
https://www.cnn.com/2024/10/01/politics/iran-missile-attack-israel,20241005000638,cdx,
https://www.cnn.com/2024/10/01/politics/video/jan-6-walz-vance-vice-presidential-debate-digvid?ref=forwardky.com,20241005210443,cdx,
https://www.cnn.com/2024/10/01/politics/white-house-longshore-strike/index.html?iid=cnn_buildContentRecirc_end_recirc,20241005033620,cdx,
https://www.cnn.com/2024/10/01/us/north-carolina-asheville-hurricane-helene-aftermath/index.html?cid=external-feeds_iluminar_yahoo,20241005223519,cdx,
https://www.cnn.com/2024/10/01/us/video/port-strike-harold-daggett-union-leader-digvid?cid=external-feeds_iluminar_msn,20241005003020,cdx,
https://www.cnn.com/2024/10/01/weather/hurricane-helene-path-of-destruction-climate-dg/index.html?iid=cnn_buildContentRecirc_end_recirc,20241006201359,cdx,
https://www.cnn.com/2024/10/02/business/college-grads-air-traffic-controller-jobs/index.html?utm_campaign=mb&utm_medium=newsletter&utm_source=morning_brew,20241005050125,cdx,
https://www.cnn.com/2024/10/02/business/uber-eats-accident-lawsuit/index.html?utm_campaign=mb&utm_medium=newsletter&utm_source=morning_brew,20241005180914,cdx,
https://www.cnn.com/2024/10/02/food/wendys-spongebob-squarepants-meal/index.html?utm_campaign=mb&utm_medium=newsletter&utm_source=morning_brew,20241006134423,cdx,
https://www.cnn.com/2024/10/02/politics/biden-israel-iran-response/index.html?iid=cnn_buildContentRecirc_end_recirc,20241006092736,cdx,
https://www.cnn.com/2024/10/02/politics/caroline-giuliani-harris-endorsement-ccntv/,20241005094259,cdx,
https://www.cnn.com/2024/10/02/politics/melania-trump-support-abortion-rights-memoir/index.html?iid=cnn_buildContentRecirc_end_recirc,20241005193450,cdx,
https://www.cnn.com/2024/10/02/politics/michigan-students-kamala-harris-israel-hamas/index.html?iid=cnn_buildContentRecirc_end_recirc,20241006093717,cdx,
https://www.cnn.com/2024/10/02/science/voyager-2-plasma-nasa-experiment-power,20241005154020,cdx,
https://www.cnn.com/2024/10/02/tech/semiconductor-supply-chain-north-carolina-helene/,20241005061220,cdx,
https://www.cnn.com/2024/10/02/us/nyc-mayor-eric-adams-new-charges/index.html?iid=cnn_buildContentRecirc_end_recirc,20241006000438,cdx,
https://www.cnn.com/2024/10/03/asia/uk-chagos-mauritius-sovereignty-deal-intl/index.html?utm_medium=email&utm_content=Longshoremen+Suspend+Strike+Until+January%2C+With+Tentative+Deal&utm_campaign=Longshoremen+Suspend+Strike+Until+January%2C+With+Tentative+Deal&utm_source=ActiveCampaign,20241006054147,cdx,
https://www.cnn.com/2024/10/03/business/howard-schultz-starbucks-labor-law/index.html?iid=cnn_buildContentRecirc_end_recirc,20241005204400,cdx,
https://www.cnn.com/2024/10/03/business/howard-schultz-starbucks-labor-law?cid=external-feeds_iluminar_yahoo,20241006190444,cdx,
https://www.cnn.com/2024/10/03/business/port-strike-union-deal/index.html?iid=cnn_buildContentRecirc_end_recirc,20241005012327,cdx,
https://www.cnn.com/2024/10/03/business/vatican-bank-workplace-marriage-ban-scli-intl/,20241005053139,cdx,
https://www.cnn.com/2024/10/03/economy/us-jobs-report-september-preview/index.html?iid=cnn_buildContentRecirc_end_recirc,20241006025338,cdx,
https://www.cnn.com/2024/10/03/entertainment/bruce-springsteen-endorses-kamala-harris/,20241006200819,cdx,
https://www.cnn.com/2024/10/03/entertainment/garth-brooks-accused-sexual-assault/,20241005003842,cdx,
https://www.cnn.com/2024/10/03/entertainment/garth-brooks-accused-sexual-assault/index.html?utm_campaign=mb&utm_medium=newsletter&utm_source=morning_brew,20241005045917,cdx,
https://www.cnn.com/2024/10/03/entertainment/sarah-michelle-gellar-shannen-doherty-mallrats-sequel/,20241005005617,cdx,
https://www.cnn.com/2024/10/03/food/mcdonalds-chicken-big-mac?cid=external-feeds_iluminar_yahoo,20241005022240,cdx,
https://www.cnn.com/2024/10/03/health/fluoride-drinking-water-tooth-decay-risk-benefit/,20241006230950,cdx,
https://www.cnn.com/2024/10/03/health/fluoride-drinking-water-tooth-decay-risk-benefit/index.html,20241005005031,cdx,
https://www.cnn.com/2024/10/03/politics/domestic-extremists-election-threat-dhs-fbi-bulletin/,20241005221148,cdx,
https://www.cnn.com/2024/10/03/politics/fact-check-trump-biden-hurricane-response/index.html?utm_source=substack&utm_medium=email,20241005151030,cdx,
https://www.cnn.com/2024/10/03/politics/justice-department-quiet-period/index.html?iid=cnn_buildContentRecirc_end_recirc,20241005104128,cdx,
https://www.cnn.com/2024/10/03/politics/mike-lawler-michael-jackson-halloween-costume/index.html?iid=cnn_buildContentRecirc_end_recirc,20241006075432,cdx,
https://www.cnn.com/2024/10/03/politics/montana-senate-race-tester-sheehy,20241005042030,cdx,
https://www.cnn.com/2024/10/03/science/biblical-tree-ancient-seed-tsori,20241005154043,cdx,
https://www.cnn.com/2024/10/03/sport/caitlin-clark-caps-wnba-rookie-award-spt-intl/,20241005224703,cdx,
https://www.cnn.com/2024/10/03/us/5-things-to-know-for-oct-3-middle-east-tensions-january-6-case-power-outages-childhood-vaccines-bank-of-america/,20241006031614,cdx,
https://www.cnn.com/2024/10/03/us/prosecutors-review-new-evidence-menendez-brothers-murder-conviction/index.html?iid=cnn_buildContentRecirc_end_recirc,20241005040259,cdx,
https://www.cnn.com/2024/10/03/weather/hurricane-helene-north-carolina-before-after-images-climate/index.html?Date=20241004&Profile=CNN&utm_content=1728064564&utm_medium=social&utm_source=twitter,20241005210938,cdx,
https://www.cnn.com/2024/10/03/weather/west-california-heat-wave-excessive-heat-warning-climate/index.html?source=post_page-----9388b4ce36c3--------------------------------,20241006110128,cdx,
https://www.cnn.com/2024/10/03/world/gallery/photos-this-week-september-26-october-3/,20241006225819,cdx,
https://www.cnn.com/2024/10/04/africa/burkina-faso-massacre-600-dead-french-intel-intl/index.html?iid=cnn_buildContentRecirc_end_recirc,20241006035448,cdx,
https://www.cnn.com/2024/10/04/americas/haiti-gang-attack-intl-latam/index.html,20241005042209,cdx,
https://www.cnn.com/2024/10/04/asia/north-korea-kim-jong-un-nuclear-weapons-intl-hnk,20241005214655,cdx,
https://www.cnn.com/2024/10/04/asia/singapore-grand-prix-chief-charged-intl-hnk/index.html,20241005015254,cdx,
https://www.cnn.com/2024/10/04/asia/vietnam-tigers-die-bird-flu-intl-hnk/,20241006063639,cdx,
https://www.cnn.com/2024/10/04/asia/vietnam-tigers-die-bird-flu-intl-hnk/index.html,20241005015249,cdx,
https://www.cnn.com/2024/10/04/business/openai-chatgpt-investing-nightcap/index.html?utm_term=1728077502572203bb4e4f793&utm_source=cnn_Markets+Now+2023&utm_medium=email&bt_ee=lEQXvCj2CbMKZQlJ7cRPtYVWItwgUxL8yLwaE9%2FysEHrFGU7T54m2W%2F8U9VtgnTj&bt_ts=1728077502574,20241006065108,cdx,
https://www.cnn.com/2024/10/04/business/port-strike-ends-whats-next/index.html,20241005015829,cdx,
https://www.cnn.com/2024/10/04/business/stellantis-sues-uaw-strike-threats/index.html,20241005002338,cdx,
https://www.cnn.com/2024/10/04/business/video/jobs-report-september-inflation-federal-reserve-cnc-ldn-digvid,20241005015724,cdx,
https://www.cnn.com/2024/10/04/economy/israel-economy-war-impact/,20241006200743,cdx,
https://www.cnn.com/2024/10/04/economy/israel-economy-war-impact/index.html,20241005015335,cdx,
https://www.cnn.com/2024/10/04/economy/us-jobs-report-september-final/index.html,20241005012011,cdx,
https://www.cnn.com/2024/10/04/entertainment/abbott-elementary-its-always-sunny-philadelphia-crossover/index.html,20241005015635,cdx,
https://www.cnn.com/2024/10/04/entertainment/anne-hathaway-confirms-princess-diaries-3/,20241005005236,cdx,
https://www.cnn.com/2024/10/04/entertainment/anne-hathaway-confirms-princess-diaries-3/index.html,20241005002743,cdx,
https://www.cnn.com/2024/10/04/entertainment/dolly-parton-hurricane-helene/,20241005003840,cdx,
https://www.cnn.com/2024/10/04/entertainment/dolly-parton-hurricane-helene/index.html,20241005184421,cdx,
https://www.cnn.com/2024/10/04/entertainment/menendez-brothers-true-crime/index.html,20241005180832,cdx,
https://www.cnn.com/2024/10/04/entertainment/menendez-brothers-true-crime/index.html?iid=cnn_buildContentRecirc_end_recirc,20241006140105,cdx,
https://www.cnn.com/2024/10/04/entertainment/paul-simon-optimistic-live-performing-intl-scli/,20241005212845,cdx,
https://www.cnn.com/2024/10/04/entertainment/paul-simon-optimistic-live-performing-intl-scli/index.html,20241005015800,cdx,
https://www.cnn.com/2024/10/04/entertainment/video/hollywood-entertainment-movies-streaming-alec-baldwin-rust-time-cut-netflix-trailer-daniel-day-lewis-anemone,20241005015841,cdx,
https://www.cnn.com/2024/10/04/health/social-media-morning-wellness/index.html,20241005015804,cdx,
https://www.cnn.com/2024/10/04/middleeast/hashem-safieddine-hezbollah-profile-intl/,20241005153847,cdx,
https://www.cnn.com/2024/10/04/middleeast/hashem-safieddine-hezbollah-profile-intl/index.html,20241005015755,cdx,
https://www.cnn.com/2024/10/04/middleeast/lebanon-israel-aerial-assault-intensity-intl/index.html,20241005015836,cdx,
https://www.cnn.com/2024/10/04/politics/arab-muslim-americans-michigan-harris/index.html,20241005050446,cdx,
https://www.cnn.com/2024/10/04/politics/barack-obama-kamala-harris-campaign-events/index.html?cid=external-feeds_iluminar_yahoo,20241005144404,cdx,
https://www.cnn.com/2024/10/04/politics/biden-warns-congress-disaster-funding-run-out,20241005023033,cdx,
https://www.cnn.com/2024/10/04/politics/biden-warns-congress-disaster-funding-run-out/index.html,20241005050640,cdx,
https://www.cnn.com/2024/10/04/politics/emhoff-ex-girlfriend-semafor/index.html,20241005041041,cdx,
https://www.cnn.com/2024/10/04/politics/georgia-judge-rejects-lawsuit-gop-officials-dominion,20241005001911,cdx,
https://www.cnn.com/2024/10/04/politics/georgia-judge-rejects-lawsuit-gop-officials-dominion/index.html,20241005002554,cdx,
https://www.cnn.com/2024/10/04/politics/georgia-judge-rejects-lawsuit-gop-officials-dominion/index.html?iid=cnn_buildContentRecirc_end_recirc,20241005224057,cdx,
https://www.cnn.com/2024/10/04/politics/jack-smith-trump-election-2024/index.html,20241005015246,cdx,
https://www.cnn.com/2024/10/04/politics/mapping-military-in-middle-east-dg/index.html,20241005111121,cdx,
https://www.cnn.com/2024/10/04/politics/mapping-military-in-middle-east-dg/index.html?cid=ios_app,20241005014613,cdx,
https://www.cnn.com/2024/10/04/politics/misinformation-hurricane-helene/index.html?cid=external-feeds_iluminar_yahoo,20241005155555,cdx,
https://www.cnn.com/2024/10/04/politics/senate-race-rankings-october-2024/index.html?iid=cnn_buildContentRecirc_end_recirc,20241006141352,cdx,
https://www.cnn.com/2024/10/04/politics/state-department-israel-no-assurances-irans-nuclear-facilities/,20241005045220,cdx,
https://www.cnn.com/2024/10/04/politics/supreme-court-epa-methane-mercury/index.html,20241005015713,cdx,
https://www.cnn.com/2024/10/04/politics/supreme-court-orders-mexico-gun-violence-workplace-discrimination-nuclear-fuel-storage/index.html,20241005015159,cdx,
https://www.cnn.com/2024/10/04/politics/trump-january-6-cheney-2024-analysis/index.html?iid=cnn_buildContentRecirc_end_recirc,20241005003757,cdx,
https://www.cnn.com/2024/10/04/politics/us-forces-south-korea-cost-sharing-agreement/index.html,20241005015312,cdx,
https://www.cnn.com/2024/10/04/politics/video/ai-elections-jake-tapper-lead-digvid,20241005132234,cdx,
https://www.cnn.com/2024/10/04/politics/video/donald-trump-elon-musk-ac360-digvid,20241005034859,cdx,
https://www.cnn.com/2024/10/04/politics/video/drink-more-wine-and-t-swift-impact-in-pa,20241006012523,cdx,
https://www.cnn.com/2024/10/04/politics/video/joe-biden-2024-election-fair-not-sure-peaceful-digvid,20241005085032,cdx,
https://www.cnn.com/2024/10/04/politics/video/newsnight-gop-strategist-strong-jobs-report-doesnt-reflect-american-opinion,20241006012622,cdx,
https://www.cnn.com/2024/10/04/politics/video/oklahoma-schools-bible-trump-src-digvid,20241005024646,cdx,
https://www.cnn.com/2024/10/04/politics/video/the-lead-chriswallace-1960-politics-donald-trump-kamala-harris-jake-tapper,20241005055227,cdx,
https://www.cnn.com/2024/10/04/politics/video/tina-peters-former-colorado-county-clerk-sentenced-judge-nr-digvid,20241005015256,cdx,
https://www.cnn.com/2024/10/04/politics/video/trump-fema-migrants-kaitlan-collins-src-digvid,20241005041239,cdx,
https://www.cnn.com/2024/10/04/politics/video/white-house-response-donald-trump-biden-harris-fema-digvid,20241005015208,cdx,
https://www.cnn.com/2024/10/04/politics/walz-audits-fraud-accountability-invs/,20241005102449,cdx,
https://www.cnn.com/2024/10/04/politics/walz-audits-fraud-accountability-invs/index.html?Date=20241004&Profile=CNN&utm_content=1728044401&utm_medium=social&utm_source=facebook&fbclid=IwZXh0bgNhZW0CMTEAAR3GQ8wwHy_yd184I9FkYbkz02fQaCCXXnW81ZbQ_nNQtIHkVLLJBT1MIMg_aem_aSglbTzdjmfBxBPOFHKN6w,20241005153834,cdx,
https://www.cnn.com/2024/10/04/politics/walz-audits-fraud-accountability-invs/index.html?iid=cnn_buildContentRecirc_end_recirc,20241005213648,cdx,
https://www.cnn.com/2024/10/04/science/ants-fungi-farming-asteroid-study/,20241005154049,cdx,
https://www.cnn.com/2024/10/04/science/dolphins-smile-playing-study-intl-scli,20241005144619,cdx,
https://www.cnn.com/2024/10/04/science/dolphins-smile-playing-study-intl-scli/index.html,20241005015434,cdx,
https://www.cnn.com/2024/10/04/sport/atlanta-falcons-tampa-bay-buccaneers-spt-intl/,20241006162536,cdx,
https://www.cnn.com/2024/10/04/sport/chad-johnson-james-harrison-exhibition-mma-fight-spt-intl/,20241006013334,cdx,
https://www.cnn.com/2024/10/04/sport/chad-johnson-james-harrison-exhibition-mma-fight-spt-intl/index.html,20241005015923,cdx,
https://www.cnn.com/2024/10/04/sport/lachlan-morton-cycling-australia-spt-intl/,20241005070303,cdx,
https://www.cnn.com/2024/10/04/sport/pete-alonso-new-york-mets-milwaukee-brewers-spt-intl/,20241005051302,cdx,
https://www.cnn.com/2024/10/04/sport/pete-alonso-new-york-mets-milwaukee-brewers-spt-intl/index.html,20241005015752,cdx,
https://www.cnn.com/2024/10/04/style/video/pan-pacific-orchard-singapore-world-best-new-building-digvid,20241005003023,cdx,
https://www.cnn.com/2024/10/04/success/job-interview-how-to-do-well-gen-z-wellness/index.html,20241005015148,cdx,
https://www.cnn.com/2024/10/04/travel/delayed-cruise-ship-on-the-move-again-after-paperwork-setback/index.html,20241005015511,cdx,
https://www.cnn.com/2024/10/04/travel/delayed-cruise-ship-on-the-move-again-after-paperwork-setback/index.html?utm_medium=social&utm_source=whatsappCNN&utm_content=2024-10-05T02:28:49,20241005143159,cdx,
https://www.cnn.com/2024/10/04/us/5-things-to-know-for-oct-4-port-strike-presidential-race-helenes-aftermath-middle-east-bird-flu/index.html,20241005015430,cdx,
https://www.cnn.com/2024/10/04/us/eric-adams-nyc-administration-resignation/index.html,20241005080959,cdx,
https://www.cnn.com/2024/10/04/us/helene-aftermath-missing-people-search/index.html,20241005014908,cdx,
https://www.cnn.com/2024/10/04/us/video/bill-gates-naive-computers-ac360-contd-digvid,20241005024628,cdx,
https://www.cnn.com/2024/10/04/us/video/hurricane-helene-dad-daughter-wedding-david-jones-digvid,20241005015331,cdx,
https://www.cnn.com/2024/10/04/us/video/plastic-plant-tennessee-helene-flooding-fatalities-digvid,20241005082106,cdx,
https://www.cnn.com/2024/10/04/us/video/us-army-doctors-freed-americans-brooke-army-medical-center-digvid,20241005082112,cdx,
https://www.cnn.com/2024/10/04/world/israelis-lebanon-border-fears-intl/index.html,20241005015917,cdx,
https://www.cnn.com/2024/10/04/world/video/lebanon-bombing-unicef-khodr-intv-ctw-100409aseg2-cnni-world-fast,20241005080408,cdx,
https://www.cnn.com/2024/10/04/world/video/nobel-peace-prize-explained-digvid,20241005015242,cdx,
https://www.cnn.com/2024/10/04/world/video/the-lead-2024-election-trump-iran-israel-palestine-middle-east-jake-tapper,20241006014150,cdx,
https://www.cnn.com/2024/10/04/world/video/the-lead-artifical-intelligence-election-2024-donald-trump-kamala-harris-ai-deep-fake-jake-tapper,20241005003318,cdx,
https://www.cnn.com/2024/10/05/asia/hong-kong-police-cameras-facial-recognition-intl-hnk-dst/,20241006023607,cdx,
https://www.cnn.com/2024/10/05/asia/hong-kong-police-cameras-facial-recognition-intl-hnk-dst/index.html,20241006145531,cdx,
https://www.cnn.com/2024/10/05/business/port-strike-deal-winners/,20241005103449,cdx,
https://www.cnn.com/2024/10/05/business/port-strike-deal-winners/index.html,20241005073007,cdx,
https://www.cnn.com/2024/10/05/economy/fed-rates-jobs-report/,20241005194842,cdx,
https://www.cnn.com/2024/10/05/economy/fed-rates-jobs-report/index.html,20241006021225,cdx,
https://www.cnn.com/2024/10/05/entertainment/video/dolly-parton-hurricane-helene-relief-appearance-donation-nr-digvid,20241006022739,cdx,
https://www.cnn.com/2024/10/05/entertainment/video/hignfy-roy-wood-jr-vp-debate-digvid,20241005113039,cdx,
https://www.cnn.com/2024/10/05/entertainment/video/hollywood-entertainment-movies-kevin-smith-the-430-movie-music-wind-rose-dwarven-metal-italy-troll-slayer-napalm-records,20241006021231,cdx,
https://www.cnn.com/2024/10/05/europe/bosnia-floods-deadly-weather-intl/,20241005153828,cdx,
https://www.cnn.com/2024/10/05/europe/bosnia-floods-deadly-weather-intl/index.html,20241006024252,cdx,
https://www.cnn.com/2024/10/05/health/fall-vegetables-seasonal-cooking-wellness/,20241005172210,cdx,
https://www.cnn.com/2024/10/05/health/fall-vegetables-seasonal-cooking-wellness/index.html,20241005173825,cdx,
https://www.cnn.com/2024/10/05/media/hurricane-helene-fema-false-claims-recovery/,20241006124109,cdx,
https://www.cnn.com/2024/10/05/media/hurricane-helene-fema-false-claims-recovery/index.html,20241006021223,cdx,
https://www.cnn.com/2024/10/05/politics/biden-administration-immigration-nicaragua-cuba-venezuela-haiti/,20241005194928,cdx,
https://www.cnn.com/2024/10/05/politics/biden-administration-immigration-nicaragua-cuba-venezuela-haiti/index.html,20241005200641,cdx,
https://www.cnn.com/2024/10/05/politics/chinese-hackers-us-telecoms/,20241006001914,cdx,
https://www.cnn.com/2024/10/05/politics/chinese-hackers-us-telecoms/index.html,20241006010339,cdx,
https://www.cnn.com/2024/10/05/politics/election-day-one-month-what-matters/,20241005103510,cdx,
https://www.cnn.com/2024/10/05/politics/election-day-one-month-what-matters/index.html,20241006015700,cdx,
https://www.cnn.com/2024/10/05/politics/james-carville-election-what-matters/,20241005172302,cdx,
https://www.cnn.com/2024/10/05/politics/james-carville-election-what-matters/index.html,20241006004758,cdx,
https://www.cnn.com/2024/10/05/politics/kamala-harris-labor-unions/,20241005132315,cdx,
https://www.cnn.com/2024/10/05/politics/kamala-harris-labor-unions/index.html,20241006032807,cdx,
https://www.cnn.com/2024/10/05/politics/kamala-harris-labor-unions/index.html?iid=cnn_buildContentRecirc_end_recirc,20241006202706,cdx,
https://www.cnn.com/2024/10/05/politics/kamala-harris-trump-election-fundamentals/,20241005195410,cdx,
https://www.cnn.com/2024/10/05/politics/kamala-harris-trump-election-fundamentals/index.html,20241005204405,cdx,
https://www.cnn.com/2024/10/05/politics/musk-trump-rally-butler/,20241006023615,cdx,
https://www.cnn.com/2024/10/05/politics/musk-trump-rally-butler/index.html,20241006055906,cdx,
https://www.cnn.com/2024/10/05/politics/republican-candidates-2020-election-results/,20241005122209,cdx,
https://www.cnn.com/2024/10/05/politics/republican-candidates-2020-election-results/index.html,20241006022738,cdx,
https://www.cnn.com/2024/10/05/politics/trump-returns-to-butler/,20241005053410,cdx,
https://www.cnn.com/2024/10/05/politics/trump-returns-to-butler/index.html,20241005080033,cdx,
https://www.cnn.com/2024/10/05/politics/video/donald-trump-returns-butler-pennsylvania-site-of-assassination-attempt-digvid,20241006021228,cdx,
https://www.cnn.com/2024/10/05/politics/video/elon-musk-trump-rally-butler-pa-digvid,20241006084204,cdx,
https://www.cnn.com/2024/10/05/politics/video/jd-vance-edited-picture-collins-hignfy-digvid,20241006025216,cdx,
https://www.cnn.com/2024/10/05/politics/video/kamala-harris-media-criticism-hignfy-digvid,20241005211512,cdx,
https://www.cnn.com/2024/10/05/politics/video/smerconish-carville-urban-race-to-white-house-digvid,20241006022745,cdx,
https://www.cnn.com/2024/10/05/politics/video/smerconish-commentary-october-surprise-digvid,20241005143527,cdx,
https://www.cnn.com/2024/10/05/science/ancient-seed-biblical-tree-wt-science-newsletter/,20241005153924,cdx,
https://www.cnn.com/2024/10/05/science/ancient-seed-biblical-tree-wt-science-newsletter/index.html,20241006032817,cdx,
https://www.cnn.com/2024/10/05/science/nobel-prize-worthy-science-discoveries/,20241005060535,cdx,
https://www.cnn.com/2024/10/05/science/nobel-prize-worthy-science-discoveries/index.html,20241006014147,cdx,
https://www.cnn.com/2024/10/05/sport/bronny-james-nba-preseason-lebron-spt-intl/,20241006023754,cdx,
https://www.cnn.com/2024/10/05/sport/bronny-james-nba-preseason-lebron-spt-intl/index.html,20241006014152,cdx,
https://www.cnn.com/2024/10/05/sport/bronny-james-nba-preseason-lebron-spt-intl?cid=external-feeds_iluminar_yahoo,20241005133022,cdx,
https://www.cnn.com/2024/10/05/sport/caroline-graham-hansen-barcelona-profile-spt-intl/,20241005232717,cdx,
https://www.cnn.com/2024/10/05/sport/caroline-graham-hansen-barcelona-profile-spt-intl/index.html,20241005072337,cdx,
https://www.cnn.com/2024/10/05/sport/ellie-elephant-new-york-liberty-wnba-cec/,20241006001004,cdx,
https://www.cnn.com/2024/10/05/sport/ellie-elephant-new-york-liberty-wnba-cec/index.html,20241006032816,cdx,
https://www.cnn.com/2024/10/05/sport/harold-varner-golf-hurricane-helene-relief-spt-intl/index.html,20241006032812,cdx,
https://www.cnn.com/2024/10/05/sport/harold-varner-golf-hurricane-helene-relief-spt-intl?cid=external-feeds_iluminar_yahoo,20241005155552,cdx,
https://www.cnn.com/2024/10/05/sport/vanderbilt-biggest-win-in-program-history-spt-intl/,20241006092858,cdx,
https://www.cnn.com/2024/10/05/sport/vanderbilt-biggest-win-in-program-history-spt-intl/index.html,20241006092030,cdx,
https://www.cnn.com/2024/10/05/sport/vanderbilt-biggest-win-in-program-history-spt-intl/index.html?iid=cnn_buildContentRecirc_end_recirc,20241006225909,cdx,
https://www.cnn.com/2024/10/05/sport/video/jimmy-butler-answers-coates-sons-question-lcl-digvid,20241005123000,cdx,
https://www.cnn.com/2024/10/05/sport/wnba-playoffs-roundup-semifinals-spt-intl/index.html,20241005210047,cdx,
https://www.cnn.com/2024/10/05/travel/americas-best-foods-and-the-worlds-greatest-pizza/,20241005053337,cdx,
https://www.cnn.com/2024/10/05/travel/americas-best-foods-and-the-worlds-greatest-pizza/index.html,20241005082520,cdx,
https://www.cnn.com/2024/10/05/travel/emirates-airline-bans-pagers-walkie-talkies-intl/,20241005153846,cdx,strong
https://www.cnn.com/2024/10/05/travel/emirates-airline-bans-pagers-walkie-talkies-intl/index.html,20241005153059,cdx,strong
https://www.cnn.com/2024/10/05/us/apalachee-high-school-football-game-georgia/,20241005213810,cdx,
https://www.cnn.com/2024/10/05/us/apalachee-high-school-football-game-georgia/index.html,20241006022740,cdx,
https://www.cnn.com/2024/10/05/us/blue-ridge-parkway-closed-helene/,20241005194933,cdx,
https://www.cnn.com/2024/10/05/us/blue-ridge-parkway-closed-helene/index.html,20241006032814,cdx,
https://www.cnn.com/2024/10/05/us/helene-death-toll-rises-saturday/,20241005195426,cdx,
https://www.cnn.com/2024/10/05/us/helene-death-toll-rises-saturday/index.html,20241006032806,cdx,
https://www.cnn.com/2024/10/05/us/helene-relief-flights-safety-hazards/,20241006000338,cdx,
https://www.cnn.com/2024/10/05/us/helene-relief-flights-safety-hazards/index.html,20241006032809,cdx,
https://www.cnn.com/2024/10/05/us/new-york-governor-paterson-attack/,20241005194857,cdx,
https://www.cnn.com/2024/10/05/us/new-york-governor-paterson-attack/index.html,20241005231833,cdx,
https://www.cnn.com/2024/10/05/us/new-york-governor-paterson-attack/index.html?iid=cnn_buildContentRecirc_end_recirc,20241006170729,cdx,
https://www.cnn.com/2024/10/05/us/school-violence-threats-parents-dilemma-dg/,20241005153808,cdx,
https://www.cnn.com/2024/10/05/us/school-violence-threats-parents-dilemma-dg/index.html,20241006022736,cdx,
https://www.cnn.com/2024/10/05/us/tennessee-impact-plastics-factory-helene/,20241006023611,cdx,
https://www.cnn.com/2024/10/05/us/tennessee-impact-plastics-factory-helene/index.html,20241006060331,cdx,
https://www.cnn.com/2024/10/05/us/video/bird-name-racism-christian-cooper-intv-foa-digvid,20241005141704,cdx,
https://www.cnn.com/2024/10/05/us/video/smr-hillary-clinton-jack-smith-memo,20241006025756,cdx,
https://www.cnn.com/2024/10/05/us/video/smr-hillary-clinton-something-lost-something-gained,20241006024251,cdx,
https://www.cnn.com/2024/10/05/us/video/smrgladwell-on-social-diversity,20241006022737,cdx,
https://www.cnn.com/2024/10/05/weather/tropical-depression-florida-gulf-of-mexico/,20241005172305,cdx,
https://www.cnn.com/2024/10/05/weather/tropical-storm-milton-florida-gulf-of-mexico/,20241005195416,cdx,
https://www.cnn.com/2024/10/05/weather/tropical-storm-milton-florida-gulf-of-mexico/index.html,20241005190736,cdx,
https://www.cnn.com/2024/10/05/weather/tropical-storm-milton-florida-gulf-of-mexico/index.html?iid=cnn_buildContentRecirc_end_recirc,20241006060446,cdx,
https://www.cnn.com/2024/10/05/weather/tropical-storm-milton-florida-gulf-of-mexico?cid=ios_app,20241005184421,cdx,
https://www.cnn.com/2024/10/05/weather/video/tropical-depression-florida-gulf-of-mexico-raffa-digvid,20241006022735,cdx,
https://www.cnn.com/2024/10/05/world/gallery/israel-gaza-anniversary/,20241006115643,cdx,
https://www.cnn.com/2024/10/05/world/gallery/israel-gaza-anniversary/index.html,20241006053235,cdx,
https://www.cnn.com/2024/10/05/world/video/beirut-israel-airstrike-fire-and-smoke-digvid,20241006001204,cdx,
https://www.cnn.com/2024/10/05/world/video/hezbollah-tunnels-robertson-idf-digvid,20241006022743,cdx,
https://www.cnn.com/2024/10/05/world/video/israel-targeting-iran-nuclear-facilities-dozier-digvid,20241006012822,cdx,
https://www.cnn.com/2024/10/05/world/video/october-7-protests-digvid,20241006021218,cdx,
https://www.cnn.com/2024/10/05/world/video/smr-sec-of-state-clinton-calls-caution-middle-east,20241006021220,cdx,
https://www.cnn.com/2024/10/06/business/employer-help-caregiving-wellness/,20241006165016,cdx,
https://www.cnn.com/2024/10/06/business/employer-help-caregiving-wellness/index.html,20241006193217,cdx,
https://www.cnn.com/2024/10/06/entertainment/andrew-garfield-florence-pugh-love-scene/,20241006195220,cdx,
https://www.cnn.com/2024/10/06/entertainment/andrew-garfield-florence-pugh-love-scene/index.html,20241006204223,cdx,
https://www.cnn.com/2024/10/06/entertainment/ellen-degeneres-coming-out-sitcom-cec/,20241006123837,cdx,
https://www.cnn.com/2024/10/06/entertainment/keanu-reeves-auto-racing-indianapolis/,20241006195210,cdx,
https://www.cnn.com/2024/10/06/entertainment/vp-candidates-vibing-snl-cold-open/,20241006050728,cdx,
https://www.cnn.com/2024/10/06/entertainment/vp-candidates-vibing-snl-cold-open/index.html,20241006072543,cdx,
https://www.cnn.com/2024/10/06/entertainment/vp-candidates-vibing-snl-cold-open/index.html?iid=cnn_buildContentRecirc_end_recirc,20241006210615,cdx,
https://www.cnn.com/2024/10/06/europe/pope-francis-new-cardinals-intl/,20241006145228,cdx,
https://www.cnn.com/2024/10/06/europe/pope-francis-new-cardinals-intl/index.html,20241006204209,cdx,
https://www.cnn.com/2024/10/06/health/food-poisoning-hurricane-wellness/,20241006100703,cdx,
https://www.cnn.com/2024/10/06/investing/jobs-inflation-fed/,20241006145131,cdx,
https://www.cnn.com/2024/10/06/middleeast/israel-military-northern-gaza-hamas-intl/,20241006123808,cdx,
https://www.cnn.com/2024/10/06/politics/1960-election-nixon-transfer-of-power/,20241006145154,cdx,
https://www.cnn.com/2024/10/06/politics/breakthrough-polling-project-harris-lie/,20241006195201,cdx,
https://www.cnn.com/2024/10/06/politics/campaign-advertising-tv-harris-trump/,20241006183643,cdx,
https://www.cnn.com/2024/10/06/politics/capital-gains-tax-harris-tiktok/,20241006165030,cdx,
https://www.cnn.com/2024/10/06/politics/fact-check-trump-helene-response-north-carolina/,20241006123759,cdx,
https://www.cnn.com/2024/10/06/politics/fact-check-trump-helene-response-north-carolina/index.html,20241006122241,cdx,
https://www.cnn.com/2024/10/06/politics/fact-check-trump-helene-response-north-carolina/index.html?cid=ios_app,20241006154710,cdx,
https://www.cnn.com/2024/10/06/politics/harris-biden-breaks/,20241006073521,cdx,
https://www.cnn.com/2024/10/06/politics/harris-biden-breaks/index.html,20241006091549,cdx,
https://www.cnn.com/2024/10/06/politics/harris-biden-breaks/index.html?iid=cnn_buildContentRecirc_end_recirc,20241006191820,cdx,
https://www.cnn.com/2024/10/06/politics/supreme-court-returns-to-work-with-an-eye-on-a-post-election-storm/,20241006195211,cdx,
https://www.cnn.com/2024/10/06/politics/video/elon-musk-trump-rally-dangerous-consequences-stelter-nr-digvid,20241006222831,cdx,
https://www.cnn.com/2024/10/06/politics/video/lara-trump-dana-bash-hurricane-misinformation-sotu-digvid,20241006191303,cdx,
https://www.cnn.com/2024/10/06/sport/coco-gauff-china-open-title-spt-intl/,20241006225625,cdx,
https://www.cnn.com/2024/10/06/sport/minnesota-vikings-new-york-jets-london-nfl-darnold-spt-intl/index.html,20241006210420,cdx,
https://www.cnn.com/2024/10/06/sport/nfl-week-5-sunday-preview-spt-intl/,20241006131047,cdx,
https://www.cnn.com/2024/10/06/sport/nfl-week-5-sunday-preview-spt-intl/index.html,20241006072152,cdx,
https://www.cnn.com/2024/10/06/sport/video/vanderbilt-field-goal-nashville-alabama-wire-digvid,20241006164146,cdx,
https://www.cnn.com/2024/10/06/style/singapore-pan-pacific-orchard-hotel-intl-hnk/,20241006073539,cdx,
https://www.cnn.com/2024/10/06/travel/moo-deng-travel-thailand-molly-swindall/,20241006123818,cdx,
https://www.cnn.com/2024/10/06/us/anti-jewish-threats-us-adl/,20241006123852,cdx,
https://www.cnn.com/2024/10/06/us/anti-jewish-threats-us-adl/index.html,20241006122329,cdx,
https://www.cnn.com/2024/10/06/us/anti-jewish-threats-us-adl?cid=ios_app,20241006174140,cdx,
https://www.cnn.com/2024/10/06/us/calvin-buari-wrongful-conviction-cec/,20241006145112,cdx,
https://www.cnn.com/2024/10/06/us/fire-seen-under-flight-after-hard-landing-in-las-vegas/,20241006195208,cdx,
https://www.cnn.com/2024/10/06/us/how-helene-devastated-western-north-carolina/,20241006100633,cdx,
https://www.cnn.com/2024/10/06/us/how-helene-devastated-western-north-carolina/index.html,20241006080804,cdx,
https://www.cnn.com/2024/10/06/us/menendez-brothers-timeline/,20241006195132,cdx,
https://www.cnn.com/2024/10/06/us/north-carolina-residents-helping-helene-victims/,20241006123918,cdx,
https://www.cnn.com/2024/10/06/us/north-carolina-residents-helping-helene-victims/index.html,20241006110402,cdx,
https://www.cnn.com/2024/10/06/us/video/antisemitism-incidents-spike-us-hamas-israel-october-7-attack-adl-digvid,20241006233054,cdx,
https://www.cnn.com/2024/10/06/us/video/frontier-flight-fire-coren-reader-100602aseg2-cnni-us-fast,20241006164813,cdx,
https://www.cnn.com/2024/10/06/weather/tropical-storm-milton-florida-sunday/,20241006073509,cdx,
https://www.cnn.com/2024/10/06/weather/tropical-storm-milton-florida-sunday/index.html,20241006071402,cdx,
https://www.cnn.com/2024/10/06/weather/tropical-storm-milton-florida-sunday/index.html?iid=cnn_buildContentRecirc_end_recirc,20241006194814,cdx,
https://www.cnn.com/2024/10/06/weather/video/tropical-storm-milton-chinchar-digvid,20241006190058,cdx,
https://www.cnn.com/2024/10/06/world/israel-kibbutz-beeri-october-7-rebuild-intl-cmd/,20241006050721,cdx,
https://www.cnn.com/2024/10/06/world/israel-kibbutz-beeri-october-7-rebuild-intl-cmd?cid=ios_app,20241006080458,cdx,
https://www.cnn.com/2024/10/06/world/video/fareeds-take-gps-israel-military-digvid,20241006171951,cdx,
https://www.cnn.com/2024/10/06/world/video/kibbutz-visit-oct-7-israel-attack-ldn-digvid,20241006065703,cdx,
https://www.cnn.com/2024/09/01/sport/paralympic-triathlon-postponed-river-seine-spt-intl/index.html,20241008001557,cdx,
https://www.cnn.com/2024/09/02/asia/pope-catholic-church-pivot-asia-hnk-intl,20241008183917,cdx,
https://www.cnn.com/2024/09/02/politics/kamala-harris-us-steel/index.html?0=utm_source=ground.news&1=utm_medium=referral,20241008014449,cdx,
https://www.cnn.com/2024/09/02/us/4-people-killed-on-train-near-chicago?Date=20240902&Profile=cnni&utm_content=1725300184&utm_medium=social&utm_source=twitter,20241008172625,cdx,
https://www.cnn.com/2024/09/03/business/sec-fines-credit-rating-agencies-over-failure-electronic-records/,20241008235334,cdx,
https://www.cnn.com/2024/09/03/entertainment/isaac-hayes-donald-trump-song/index.html?utm_source=fark&utm_medium=website&utm_content=link&ICID=ref_fark,20241008074624,cdx,
https://www.cnn.com/2024/09/03/politics/retired-judge-wants-cannon-removed-trump-documents,20241008190140,cdx,
https://www.cnn.com/2024/09/03/politics/student-loan-forgiveness-lawsuit-biden,20241008215208,cdx,
https://www.cnn.com/2024/09/03/politics/trump-quest-destroy-harris-momentum/index.html,20241007135409,cdx,
https://www.cnn.com/2024/09/03/sport/taylor-fritz-alexander-zverev-us-open-spt-intl/index.html,20241007193520,cdx,
https://www.cnn.com/2024/09/03/us/chicago-train-shooting-tuesday/,20241008113851,cdx,
https://www.cnn.com/2024/09/03/us/king-county-washington-interstate-shooting,20241008233727,cdx,
https://www.cnn.com/2024/09/04/business/us-steel-nippon-steel-chances/,20241008112752,cdx,
https://www.cnn.com/2024/09/04/europe/ukraine-safe-haven-city-family-killed-intl,20241008172929,cdx,
https://www.cnn.com/2024/09/04/food/mcdonalds-mcflurry-new-packaging-size/index.html,20241007200220,cdx,
https://www.cnn.com/2024/09/04/middleeast/journalists-injured-israeli-fire-west-bank-intl-latam/,20241007120752,cdx,
https://www.cnn.com/2024/09/04/politics/donald-trump-fact-check-children-gender-affirming-surgery/index.html?cid=external-feeds_iluminar_msn,20241008233108,cdx,
https://www.cnn.com/2024/09/04/politics/jeff-walz-criticism-brother-policies/index.html,20241007120748,cdx,
https://www.cnn.com/2024/09/04/politics/kfile-harris-border-wall-asylum-contradicts-progressive-immigration-positions/index.html?utm_source=ncl_amplify&utm_campaign=240927-kamala_thinks_youre_stupid&utm_content=ncl-dZsumufKFY&_nlid=dZsumufKFY&_nhids=gl59tZ1L&utm_medium=email,20241007053243,cdx,
https://www.cnn.com/2024/09/04/politics/nebraska-2nd-district-electoral-vote,20241007134528,cdx,
https://www.cnn.com/2024/09/04/politics/video/economic-plan-business-kamala-harris-new-hampshire-digvid,20241007070610,cdx,
https://www.cnn.com/2024/09/04/sport/jessica-pegula-iga-swiatek-us-open-spt-intl,20241007122627,cdx,
https://www.cnn.com/2024/09/04/sport/jessica-pegula-iga-swiatek-us-open-spt-intl/index.html,20241008203334,cdx,
https://www.cnn.com/2024/09/04/sport/johnny-gaudreau-blue-jackets-teammates-spt-intl/,20241008145736,cdx,
https://www.cnn.com/2024/09/04/sport/olympics-breaker-raygun-apologizes-intl-scli-spt/index.html,20241007100425,cdx,
https://www.cnn.com/2024/09/05/asia/pope-indonesia-climate-extremism-intl-hnk/index.html,20241008085346,cdx,
https://www.cnn.com/2024/09/05/entertainment/anna-sorokin-ankle-monitor-dancing-with-stars/index.html,20241008121049,cdx,
https://www.cnn.com/2024/09/05/europe/ukraine-army-chief-kursk-incursion-exclusive-intl,20241008221828,cdx,
https://www.cnn.com/2024/09/05/health/youth-vaping-decline-e-cigarette-nicotine-pouches/index.html,20241007234337,cdx,
https://www.cnn.com/2024/09/05/politics/fact-check-donald-trump-kamala-harris/index.html?cid=external-feeds_iluminar_msn,20241008233053,cdx,
https://www.cnn.com/2024/09/05/politics/fact-check-donald-trump-kamala-harris/index.html?cid=external-feeds_iluminar_yahoo,20241007214439,cdx,
https://www.cnn.com/2024/09/05/sport/jannik-sinner-daniil-medvedev-us-open-spt-intl/index.html,20241007092807,cdx,
https://www.cnn.com/2024/09/05/us/timeline-georgia-high-school-shooting/index.html,20241007050711,cdx,
https://www.cnn.com/2024/09/05/us/winder-georgia-shooting-apalachee-high-school/index.html?utm_source=The+74+Million+Newsletter&utm_campaign=ded5a6e2e0-EMAIL_CAMPAIGN_2023_05_18_02_59_COPY_01&utm_medium=email&utm_term=0_-8c3f813f60-%5BLIST_EMAIL_ID%5D,20241007163436,cdx,
https://www.cnn.com/2024/09/06/business/ceos-support-kamala-harris?cid=external-feeds_iluminar_yahoo,20241007152500,cdx,
https://www.cnn.com/2024/09/06/business/undocumented-immigrants-trump-mortgage-ban/index.html,20241008150630,cdx,
https://www.cnn.com/2024/09/06/health/first-human-case-of-bird-flu-not-linked-to-animals/,20241007201251,cdx,
https://www.cnn.com/2024/09/06/politics/georgia-election-rules-brian-kemp/,20241007182232,cdx,
https://www.cnn.com/2024/09/06/politics/video/anderson-cooper-trump-claims-e-jean-carrol-intv-ac360-digvid,20241007193203,cdx,
https://www.cnn.com/2024/09/07/business/stellantis-recall-ram-brake-software/?iid=ob_video_AR_5_Control&obOrigUrl=true,20241007081932,cdx,
https://www.cnn.com/2024/09/08/politics/trump-threatens-prosecution-2024-election-officials/index.html,20241007221355,cdx,
https://www.cnn.com/2024/09/09/asia/pope-francis-east-timor-intl-hnk/index.html?utm_source=fark&utm_medium=website&utm_content=link&ICID=ref_fark,20241008184135,cdx,
https://www.cnn.com/2024/09/09/business/big-lots-chapter-11-bankruptcy/,20241007165243,cdx,
https://www.cnn.com/2024/09/09/entertainment/harvey-weinstein-hospital?utm_medium=social&utm_source=blueskyCNN&utm_content=2024-09-09T20%3A37%3A55,20241007110946,cdx,
https://www.cnn.com/2024/09/09/tech/new-iphone-16-apple-release?cid=external-feeds_iluminar_yahoo,20241007154608,cdx,
https://www.cnn.com/2024/09/11/business/norfolk-southern-ceo-fired/index.html?utm_medium=social&utm_source=blueskyCNN&utm_content=2024-09-11T23%3A32%3A23,20241008023841,cdx,
https://www.cnn.com/2024/09/11/travel/carnival-cruise-ship-collides-with-iceberg,20241007174358,cdx,
https://www.cnn.com/2024/09/12/economy/us-housing-costs-survey,20241007190730,cdx,
https://www.cnn.com/2024/09/12/europe/ukraine-hospital-train-wounded-soldiers-intl,20241007181311,cdx,
https://www.cnn.com/2024/09/12/health/bird-flu-h5n1-fall/index,20241008132355,cdx,
https://www.cnn.com/2024/09/12/health/lead-cinnamon-powder-spices-wellness,20241008213545,cdx,
https://www.cnn.com/2024/09/12/politics/charges-expected-hackers-trump-campaign/index.html?cid=external-feeds_iluminar_yahoo,20241007204158,cdx,
https://www.cnn.com/2024/09/12/politics/north-carolina-governor-election-robinson-stein/index.html?cid=external-feeds_iluminar_yahoo,20241008221749,cdx,
https://www.cnn.com/2024/09/12/style/chappell-roan-vma-andrew-dahling,20241008203121,cdx,
https://www.cnn.com/2024/09/13/health/boars-head-virginia-plant-closure-recall,20241008172904,cdx,
https://www.cnn.com/2024/09/13/tech/sam-altmans-worldcoin-crypto-nightcap,20241007072745,cdx,
https://www.cnn.com/2024/09/15/health/arts-and-crafts-increase-mental-health-wellness,20241007172908,cdx,
https://www.cnn.com/2024/09/15/politics/fact-check-trump-harris-military-draft/index.html?cid=external-feeds_iluminar_msn,20241008233648,cdx,
https://www.cnn.com/2024/09/15/politics/fact-check-trump-harris-military-draft/index.html?cid=external-feeds_iluminar_yahoo,20241007213244,cdx,
https://www.cnn.com/2024/09/15/science/spacex-polaris-dawn-splashdown-landing,20241007104004,cdx,
https://www.cnn.com/2024/09/15/sport/aja-wilson-caitlin-clark-wnba-records/index.html?cid=external-feeds_iluminar_yahoo,20241008234111,cdx,
https://www.cnn.com/2024/09/15/weather/china-shanghai-typhoon-bebinca-intl-hnk?cid=external-feeds_iluminar_yahoo,20241007210723,cdx,
https://www.cnn.com/2024/09/16/china/china-frees-jailed-american-pastor-intl-hnk/index.html?sp_amp_linker=1*wz7yy7*amp_id*TVA4cHdCV1NRc1QyczI5aFJxWlZzeTZTMVFNSmRyNVMzOXhzSGZWRXQ3RGtFcEVQWEJveS1CQTJFZWdFWndzVw..,20241007185759,cdx,
https://www.cnn.com/2024/09/16/entertainment/sean-diddy-combs-arrested-new-york/index.html?iid=cnn_buildContentRecirc_end_recirc,20241007094629,cdx,
https://www.cnn.com/2024/09/16/sport/jordan-chiles-appeals-olympic-bronze-medal-decision-spt-intl,20241008212605,cdx,
https://www.cnn.com/2024/09/16/sport/lamine-yamal-european-soccer-wrap-spt-intl,20241007181642,cdx,
https://www.cnn.com/2024/09/16/us/texas-pipeline-fire,20241007190535,cdx,
https://www.cnn.com/2024/09/16/weather/tropical-storm-helene-south-north-carolina-climate/?utm_medium=social&utm_source=blueskyCNN&utm_content=2024-09-16T19:47:29,20241008191819,cdx,
https://www.cnn.com/2024/09/17/business/sams-club-jobs-pay-costco,20241007170532,cdx,
https://www.cnn.com/2024/09/17/business/sams-club-jobs-pay-costco/?iid=ob_video_AR_5_Control&obOrigUrl=true,20241007100501,cdx,
https://www.cnn.com/2024/09/17/food/lunchly-logan-paul-mrbeast/?hpt=ob_blogfooterold&obOrigUrl=true,20241007022841,cdx,
https://www.cnn.com/2024/09/17/media/murdoch-family-succession-fox-news-future,20241007191001,cdx,
https://www.cnn.com/2024/09/17/politics/biden-israel-hamas-ceasefire-talks,20241007182242,cdx,
https://www.cnn.com/2024/09/17/politics/blue-wall-states-harris-trump-analysis,20241007173615,cdx,
https://www.cnn.com/2024/09/17/politics/haitian-immigrants-springfield-false-rumor-what-to-know/index.html?cid=external-feeds_iluminar_msn,20241008233053,cdx,
https://www.cnn.com/2024/09/17/politics/harris-reproductive-rights-male-voters,20241008215224,cdx,
https://www.cnn.com/2024/09/17/politics/johnson-schedules-doomed-vote-on-funding-plan/,20241007205529,cdx,
https://www.cnn.com/2024/09/17/us/titan-submersible-explosion-coast-guard-hearing-tuesday,20241007175556,cdx,
https://www.cnn.com/2024/09/18/americas/venezuela-retweets-ai-news-maduro-intl-latam/index.html?utm_term=1726749197459e1a8a717b2cd&utm_source=cnn_Reliable+Sources+%E2%80%93+Sept.+19&utm_medium=email&bt_ee=2vY2dnf%2BK5hA7%2FWQIRzIzOLMLRtrikyyxthlEVpzJ19KnJSyqjkJ%2B9wj%2BVR7tZSj&bt_ts=1726749197461,20241007203248,cdx,
https://www.cnn.com/2024/09/18/business/boeing-strike-furloughs,20241007175436,cdx,
https://www.cnn.com/2024/09/18/business/gold-apollo-taiwan-lebanon-exploding-pagers-hnk-intl,20241007105403,cdx,strong
https://www.cnn.com/2024/09/18/business/money-interest-rate-cash-inflation,20241007175624,cdx,
https://www.cnn.com/2024/09/18/health/mind-diet-cognitive-decline-wellness?cid=external-feeds_iluminar_cnn-brasil,20241008222020,cdx,
https://www.cnn.com/2024/09/18/media/elon-musk-trump-rally-bomb-election-misinformation/index.html?utm_term=1726749185508af08659dfd1c&utm_source=cnn_Reliable+Sources+%E2%80%93+Sept.+19&utm_medium=email&bt_ee=dHTvg5PKVTvHnA4u4d8ZMSSTL%2FyvRBN7cwRhPbNsGMbEAdszTQmDird7RVkc4vL%2B&bt_ts=1726749185511,20241007202846,cdx,
https://www.cnn.com/2024/09/18/media/haitian-times-springfield-ohio-immigrants-false-claim,20241007172830,cdx,
https://www.cnn.com/2024/09/18/politics/fed-rate-cut-2024-election,20241007171954,cdx,
https://www.cnn.com/2024/09/18/politics/house-gop-funding-plan-vote,20241007173115,cdx,
https://www.cnn.com/2024/09/18/politics/house-gop-funding-plan-vote/index.html?cid=external-feeds_iluminar_yahoo,20241007214236,cdx,
https://www.cnn.com/2024/09/18/sport/shohei-ohtani-dodgers-marlins-intl-spt,20241007181135,cdx,
https://www.cnn.com/2024/09/18/style/london-fashion-week-40th-anniversary,20241007180803,cdx,
https://www.cnn.com/2024/09/19/investing/stocks-fed-rate-cut/index.html?email=467cb6399cb7df64551775e431052b43a775c749&emaila=12a6d4d069cd56cfddaa391c24eb7042&emailb=054528e7403871c79f668e49dd3c44b1ec00c7f611bf9388f76bb2324d6ca5f3&utm_source=Sailthru&utm_medium=email&utm_campaign=09.19.24%20Business%20%26%20Economy%20JB,20241007191420,cdx,
https://www.cnn.com/2024/09/19/media/olivia-nuzzi-rfk-relationship-new-york-magazine?utm_term=172683660477411aeae12ede9&utm_source=cnn_Reliable+Sources+%E2%80%93+Sept.+20%2C+2024&utm_medium=email&bt_ee=A0BEkT%2FG%2BT0juUYopH0%2FFdJCihHDex8XlQ1iCX%2FKylWQEuNes%2FZiW6Q0uvg%2BAj1t&bt_ts=1726836604777,20241008212230,cdx,
https://www.cnn.com/2024/09/19/middleeast/lebanon-hezbollah-hassan-nasrallah-speech-analysis-intl-latam,20241008203000,cdx,
https://www.cnn.com/2024/09/19/middleeast/pager-explosions-lebanon-israeli-black-ops-intl-cmd,20241008215131,cdx,strong
https://www.cnn.com/2024/09/19/politics/black-women-oprah-kamala-harris,20241007192014,cdx,
https://www.cnn.com/2024/09/19/politics/kfile-mark-robinson-black-nazi-pro-slavery-porn-forum/index.html?cid=external-feeds_iluminar_yahoo,20241008221749,cdx,
https://www.cnn.com/2024/09/19/politics/post-office-mail-in-voting-dejoy/index.html?utm_term=172682861696359d368934c4b&utm_source=cnn_Five+Things+for+Friday%2C+September+20%2C+2024&utm_medium=email&bt_ee=SRz%2BwP0LzDWKXLhBGu7A3YeQ7uD4BTMO9FBY%2BbZp9t39XXSBbpi%2Fd4ueIb6umsBr&bt_ts=1726828616967,20241008221340,cdx,
https://www.cnn.com/2024/09/19/sport/nfl-week-3-preview-spt,20241008213902,cdx,
https://www.cnn.com/2024/09/19/uk/harrods-mohamed-al-fayed-accused-sexual-assault-intl,20241008212345,cdx,
https://www.cnn.com/2024/09/19/us/springfield-mayor-emergency-powers-threats,20241008213739,cdx,
https://www.cnn.com/2024/09/19/us/springfield-ohio-haitians-immigration-cec,20241007185147,cdx,
https://www.cnn.com/2024/09/20/business/interest-rate-cut-homeowners-buyers/index.html?ref=upstract.com,20241008214132,cdx,
https://www.cnn.com/2024/09/20/climate/doomsday-glacier-thwaites-melt-sea-level-rise/index.html?ref=upstract.com,20241008220516,cdx,
https://www.cnn.com/2024/09/20/climate/doomsday-glacier-thwaites-melt-sea-level-rise?cid=external-feeds_iluminar_cnn-brasil,20241008223129,cdx,
https://www.cnn.com/2024/09/20/energy/three-mile-island-microsoft-ai/index.html?ref=upstract.com,20241008222855,cdx,
https://www.cnn.com/2024/09/20/health/ultraprocessed-foods-type-2-diabetes,20241008221524,cdx,
https://www.cnn.com/2024/09/20/politics/attempts-to-purge-voter-rolls-increase-as-election-nears,20241008221121,cdx,
https://www.cnn.com/2024/09/20/politics/oprah-kamala-harris-online-rally,20241008220227,cdx,
https://www.cnn.com/2024/09/20/politics/secret-service-trump-rally-complacency,20241008220732,cdx,
https://www.cnn.com/2024/09/20/politics/trump-robinson-north-carolina-harris-analysis/index.html?ref=upstract.com,20241008221159,cdx,
https://www.cnn.com/2024/09/20/science/human-genome-crystal-intl-scli/index.html?ref=upstract.com,20241008223835,cdx,
https://www.cnn.com/2024/09/20/us/haitian-immigrants-springfield-threats,20241007113011,cdx,
https://www.cnn.com/2024/09/20/us/haitian-immigrants-springfield-threats/index.html?ref=upstract.com,20241008222900,cdx,
https://www.cnn.com/2024/09/20/us/john-banuelos-jan-6-shooter-cec/index.html?ref=upstract.com,20241008223421,cdx,
https://www.cnn.com/2024/09/20/us/kentucky-judge-mullins-shot-friday/index.html?ref=upstract.com,20241008221012,cdx,
https://www.cnn.com/2024/09/21/europe/bayesian-yacht-watertight-safes-intl/index.html?utm_medium=social&utm_source=blueskyCNN&utm_content=2024-09-21T10%3A38%3A01,20241008103209,cdx,
https://www.cnn.com/2024/09/21/middleeast/israeli-strike-gaza-school-intl/index.html?utm_medium=social&utm_source=blueskyCNN&utm_content=2024-09-21T17%3A37%3A25,20241007150717,cdx,
https://www.cnn.com/2024/09/21/politics/breakthrough-polling-project-trump-harris-migrants/,20241008061922,cdx,
https://www.cnn.com/2024/09/24/politics/donald-trump-women-voters-protector-abortion/index.html?utm_medium=social&utm_source=blueskyCNN&utm_content=2024-09-24T13%3A42%3A42,20241008051121,cdx,
https://www.cnn.com/2024/09/24/us/oceangate-employee-paychecks-titan-submersible/index.html?Date=20240924&Profile=CNN&utm_content=1727204463&utm_medium=social&utm_source=facebook&fbclid=IwZXh0bgNhZW0CMTEAAR21d6qKeN5IedoBMRLSriuLiR7U1T_6VUsJPK0zoTTbU5AGn79sgUuZGC8_aem_Z2jbiyUszS6boBLb8czvHA,20241007111931,cdx,
https://www.cnn.com/2024/09/25/entertainment/kim-porters-children-diddy/index.html?iid=cnn_buildContentRecirc_end_recirc,20241008223402,cdx,
https://www.cnn.com/2024/09/26/politics/senate-democrats-florida-texas-election/index.html?utm_campaign=Dispatch+Politics_Paid+Subscribers+Only_Welcome+to+Dispatch+Politics+on+the+Road+++in+Pennsylvania&utm_source=ActiveCampaign&utm_medium=email&utm_content=Welcome+to+Dispatch+Politics+on+the+Road+++in+Pennsylvania,20241007182246,cdx,
https://www.cnn.com/2024/09/26/weather/gallery/hurricane-helene,20241007193221,cdx,
https://www.cnn.com/2024/09/27/entertainment/sean-diddy-combs-new-civil-lawsuit/?hpt=ob_blogfooterold&obOrigUrl=true,20241007020521,cdx,
https://www.cnn.com/2024/09/27/us/georgia-flooding-rescue-van-dillen,20241007152546,cdx,
https://www.cnn.com/2024/09/27/us/unicoi-county-hospital-tennessee-flooding-helene/index.html?cid=external-feeds_iluminar_yahoo,20241007015007,cdx,
https://www.cnn.com/2024/09/28/business/greyhound-bus-chicago-transportation/index.html?utm_medium=social&utm_source=blueskyCNN&utm_content=2024-09-28T19%3A21%3A08,20241008013141,cdx,
https://www.cnn.com/2024/09/28/middleeast/hezbollah-leader-hassan-nasrallah-obituary-intl,20241007095102,cdx,
https://www.cnn.com/2024/09/29/middleeast/israel-war-lebanon-history-consequences-wedeman-intl/index.html?iid=cnn_buildContentRecirc_end_recirc,20241007212013,cdx,
https://www.cnn.com/2024/09/29/us/librarytok-tiktok-book-bans-cec?cid=ios_app,20241007162917,cdx,
https://www.cnn.com/2024/09/30/cars/china-byd-recall-hnk-intl?cid=ios_app,20241008003842,cdx,
https://www.cnn.com/2024/09/30/middleeast/israel-popularity-netanyahu-hezbollah-intl,20241007092832,cdx,
https://www.cnn.com/2024/09/30/style/china-unveils-moon-landing-spacesuit-intl-hnk/index.html?iid=cnn_buildContentRecirc_end_recirc,20241007133910,cdx,
https://www.cnn.com/2024/10/01/health/breast-cancer-report/index.html.,20241008201839,cdx,
https://www.cnn.com/2024/10/01/middleeast/israel-ground-incursion-lebanon-explainer-intl-hnk/index.html?iid=cnn_buildContentRecirc_end_recirc,20241007205025,cdx,
https://www.cnn.com/2024/10/01/politics/vp-debate-takeaways-vance-walz?cid=ios_app,20241007121024,cdx,
https://www.cnn.com/2024/10/02/business/elon-musk-twitter-x-fidelity/index.html?iid=cnn_buildContentRecirc_end_recirc,20241007102243,cdx,
https://www.cnn.com/2024/10/02/entertainment/mark-chavez-doctor-matthew-perry-guilty/index.html?utm_medium=newsletter&utm_source=morning_brew&utm_campaign=mb,20241008085450,cdx,
https://www.cnn.com/2024/10/02/media/vance-walz-debate-cbs-moderators-fact-check,20241007101232,cdx,
https://www.cnn.com/2024/10/02/middleeast/israel-lebanon-regional-war-analysis-intl/index.html?iid=cnn_buildContentRecirc_end_recirc,20241007223602,cdx,
https://www.cnn.com/2024/10/02/politics/jack-smith-donald-trump-filing,20241007091254,cdx,
https://www.cnn.com/2024/10/02/politics/jack-smith-donald-trump-filing/index.html?utm_medium=email&utm_content=The+Riddle+of+the+Sphinx&utm_campaign=Boiling+Frogs_Paid+Subscribers+Only_The+Riddle+of+the+Sphinx&utm_source=ActiveCampaign,20241008235632,cdx,
https://www.cnn.com/2024/10/02/politics/read-special-counsel-filing-trump-2020-election-case/index.html?iid=cnn_buildContentRecirc_end_recirc,20241008173338,cdx,
https://www.cnn.com/2024/10/02/us/police-beatdown-killed-tyre-nichols-prosecutor-says-trial-closing,20241007160332,cdx,
https://www.cnn.com/2024/10/03/business/port-strike-union-deal?cid=ios_app,20241007000205,cdx,
https://www.cnn.com/2024/10/03/entertainment/garth-brooks-accused-sexual-assault?Date=20241003&Profile=CNN%7Ctitle=Garth,20241007092021,cdx,
https://www.cnn.com/2024/10/03/food/mcdonalds-chicken-big-mac/index.html?utm_medium=newsletter&utm_source=morning_brew&utm_campaign=mb,20241008111828,cdx,
https://www.cnn.com/2024/10/03/politics/fact-check-trump-biden-hurricane-response/index.html?iid=cnn_buildContentRecirc_end_recirc,20241007234644,cdx,
https://www.cnn.com/2024/10/03/politics/pence-trump-january-6-special-counsel-filing/index.html?utm_term=1727959120614a63b03711d2b&utm_source=cnn_Reliable+Sources+%E2%80%93+Oct.+3%2C+2024&utm_medium=email&bt_ee=xaRyUe7fAMAnocuf3Pr59w0dzkPaKlzSK9emRADxfhhQlyGkByiHZmwzr7wouJE8&bt_ts=1727959120618,20241007231001,cdx,
https://www.cnn.com/2024/10/03/sport/fifa-council-further-investigate-israel-palestinian-spt-intl?cid=external-feeds_iluminar_cnn-brasil,20241007015826,cdx,
https://www.cnn.com/2024/10/03/sport/masters-donation-hurricane-helene-relief-spt-intl/index.html?bt_ee=poLPp%2BciXayGE0Fx2JSGOWEM2AJ%2FSv6Car%2BPWidxcAXqHY3Dv37XZoeoo2cbHG5B&bt_ts=1728129778017&utm_term=1728129778014ca7f6657c7f3&utm_source=cnn_The+Good+Stuff+10%2F5%2F2024&utm_medium=email,20241007064528,cdx,
https://www.cnn.com/2024/10/03/us/tyre-nichols-officers-trial-jury/index.html?iid=cnn_buildContentRecirc_end_recirc,20241007013812,cdx,
https://www.cnn.com/2024/10/03/world/video/israel-iran-conricus-intv-ebof-digvid?cid=external-feeds_iluminar_google,20241007101025,cdx,
https://www.cnn.com/2024/10/04/business/stellantis-sues-uaw-strike-threats/,20241007034224,cdx,
https://www.cnn.com/2024/10/04/health/social-media-morning-wellness/,20241007232534,cdx,
https://www.cnn.com/2024/10/04/media/new-york-editorial-board-local-endorsement/,20241007115528,cdx,
https://www.cnn.com/2024/10/04/middleeast/lebanon-israel-aerial-assault-intensity-intl/index.html?iid=cnn_buildContentRecirc_end_recirc,20241007134618,cdx,
https://www.cnn.com/2024/10/04/middleeast/yazdi-isis-hamas-woman-rescued-intl/index.html?iid=cnn_buildContentRecirc_end_recirc,20241007140250,cdx,
https://www.cnn.com/2024/10/04/politics/arab-muslim-americans-michigan-harris/index.html?ref=am-quickie.ghost.io,20241008123318,cdx,
https://www.cnn.com/2024/10/04/politics/biden-warns-congress-disaster-funding-run-out/index.html?utm_source=cnn_In+Case+You+Missed+It+-+ICYMI&bt_ts=1728169884677&bt_ee=GYttBzSoe2SAzTFcaY5AU0t4MWqenYx%2BAXwPJYAQOC1nkyt5EHu0eFSxQKDH7vV2&utm_term=17281698846758c7e85312efa&utm_medium=email&bt_alias=eyJ1c2VySWQiOiAiYTYwYTJlZDktM2Y2YS00NmRhLTg3NGUtNzYxOWFjMDBjODUwIn0%3D,20241007155746,cdx,
https://www.cnn.com/2024/10/04/politics/mapping-military-in-middle-east-dg/index.html?iid=cnn_buildContentRecirc_end_recirc,20241007134036,cdx,
https://www.cnn.com/2024/10/04/politics/misinformation-hurricane-helene/index.html?bt_ee=vBvv1E8JX1WVrVRWjNevZ3Bpw%2BoQp30rR%2FIVtwv5Qbp0NTXSdEJfkeQup4ACTua9yjLqVLZW8jZOZucoCRdWZw%3D%3D&bt_ts=1728218570928,20241008175153,cdx,
https://www.cnn.com/2024/10/04/science/dolphins-smile-playing-study-intl-scli/,20241007153758,cdx,
https://www.cnn.com/2024/10/04/sport/chad-johnson-james-harrison-exhibition-mma-fight-spt-intl?cid=external-feeds_iluminar_cnn-brasil,20241007222546,cdx,
https://www.cnn.com/2024/10/04/style/japan-worlds-smallest-rubik-cube-intl-hnk?cid=external-feeds_iluminar_cnn-brasil,20241007013941,cdx,
https://www.cnn.com/2024/10/04/us/security-threats-october-7-israel-attack/index.html?utm_source=Sailthru&utm_medium=email&utm_campaign=10/7/24%20%20AM:&utm_term=Punchbowl%20AM%20and%20Active%20Subscribers%20from%20Memberful%20Combined,20241007105138,cdx,
https://www.cnn.com/2024/10/04/world/video/nobel-prize-explained-digvid,20241007113433,cdx,
https://www.cnn.com/2024/10/05/asia/hong-kong-police-cameras-facial-recognition-intl-hnk-dst,20241007105322,cdx,
https://www.cnn.com/2024/10/05/business/port-strike-deal-winners/?iid=ob_video_AR_5_Control&obOrigUrl=true,20241007022408,cdx,
https://www.cnn.com/2024/10/05/media/hurricane-helene-fema-false-claims-recovery/index.html?bt_ee=vBvv1E8JX1WVrVRWjNevZ3Bpw%2BoQp30rR%2FIVtwv5Qbp0NTXSdEJfkeQup4ACTua9yjLqVLZW8jZOZucoCRdWZw%3D%3D&bt_ts=1728218570928,20241008192030,cdx,
https://www.cnn.com/2024/10/05/politics/kamala-harris-trump-election-fundamentals/index.html?cid=external-feeds_iluminar_yahoo,20241008041043,cdx,
https://www.cnn.com/2024/10/05/politics/kamala-harris-trump-election-fundamentals/index.html?iid=cnn_buildContentRecirc_end_recirc,20241007201902,cdx,
https://www.cnn.com/2024/10/05/politics/musk-trump-rally-butler/index.html?bt_ts=1728218570928&bt_ee=vBvv1E8JX1WVrVRWjNevZ3Bpw%2BoQp30rR%2FIVtwv5Qbp0NTXSdEJfkeQup4ACTua9yjLqVLZW8jZOZucoCRdWZw%3D%3D,20241008235923,cdx,
https://www.cnn.com/2024/10/05/politics/musk-trump-rally-butler/index.html?iid=cnn_buildContentRecirc_end_recirc,20241007232903,cdx,
https://www.cnn.com/2024/10/05/science/ancient-seed-biblical-tree-wt-science-newsletter/index.html?iid=cnn_buildContentRecirc_end_recirc,20241008213221,cdx,
https://www.cnn.com/2024/10/05/science/nobel-prize-worthy-science-discoveries,20241007112621,cdx,
https://www.cnn.com/2024/10/05/science/nobel-prize-worthy-science-discoveries/index.html?iid=cnn_buildContentRecirc_end_recirc,20241008205852,cdx,
https://www.cnn.com/2024/10/05/science/nobel-prize-worthy-science-discoveries?cid=external-feeds_iluminar_cnn-brasil,20241007024144,cdx,
https://www.cnn.com/2024/10/05/sport/ellie-elephant-new-york-liberty-wnba-cec,20241007060533,cdx,
https://www.cnn.com/2024/10/05/sport/harold-varner-golf-hurricane-helene-relief-spt-intl/,20241007151340,cdx,
https://www.cnn.com/2024/10/05/travel/americas-best-foods-and-the-worlds-greatest-pizza,20241007034532,cdx,
https://www.cnn.com/2024/10/05/travel/emirates-airline-bans-pagers-walkie-talkies-intl/index.html?utm_campaign=The+Morning+Dispatch_TMD+Paid+Subscribers+Only_Marking+One+Year+Since+the+October+7+Attacks&utm_source=ActiveCampaign&utm_medium=email&utm_content=Marking+One+Year+Since+the+October+7+Attacks,20241007112009,cdx,strong
https://www.cnn.com/2024/10/05/us/blue-ridge-parkway-closed-helene/index.html?utm_medium=social&utm_source=blueskyCNN&utm_content=2024-10-05T21%3A17%3A50,20241007131945,cdx,
https://www.cnn.com/2024/10/05/us/helene-relief-flights-safety-hazards,20241007032135,cdx,
https://www.cnn.com/2024/10/05/us/helene-relief-flights-safety-hazards/index.html?iid=cnn_buildContentRecirc_end_recirc,20241008043448,cdx,
https://www.cnn.com/2024/10/05/us/helene-relief-flights-safety-hazards?cid=ios_app,20241008204055,cdx,
https://www.cnn.com/2024/10/05/us/school-violence-threats-parents-dilemma-dg,20241007082516,cdx,
https://www.cnn.com/2024/10/05/us/school-violence-threats-parents-dilemma-dg/index.html?iid=cnn_buildContentRecirc_end_recirc,20241008102431,cdx,
https://www.cnn.com/2024/10/05/us/tennessee-impact-plastics-factory-helene/index.html?cid=ios_app,20241008122339,cdx,
https://www.cnn.com/2024/10/05/weather/tropical-storm-milton-florida-gulf-of-mexico,20241008085135,cdx,
https://www.cnn.com/2024/10/06/africa/tunisia-votes-presidential-election-arab-spring-intl-latam/index.html,20241007012542,cdx,
https://www.cnn.com/2024/10/06/asia/blast-karachi-pakistan-airport-intl-hnk/,20241007020405,cdx,
https://www.cnn.com/2024/10/06/asia/blast-karachi-pakistan-airport-intl-hnk/index.html,20241007063325,cdx,
https://www.cnn.com/2024/10/06/asia/blast-karachi-pakistan-airport-intl-hnk?cid=external-feeds_iluminar_msn,20241007121746,cdx,
https://www.cnn.com/2024/10/06/business/china-economy-stimulus-fiscal-spending-hnk-intl/,20241007055105,cdx,
https://www.cnn.com/2024/10/06/business/china-economy-stimulus-fiscal-spending-hnk-intl/index.html,20241007070003,cdx,
https://www.cnn.com/2024/10/06/business/video/digvid-saturday-night-live,20241007012346,cdx,
https://www.cnn.com/2024/10/06/entertainment/andrew-garfield-florence-pugh-love-scene/index.html?iid=cnn_buildContentRecirc_end_recirc,20241008080019,cdx,
https://www.cnn.com/2024/10/06/entertainment/ellen-degeneres-coming-out-sitcom-cec/index.html,20241007011235,cdx,
https://www.cnn.com/2024/10/06/entertainment/ellen-degeneres-coming-out-sitcom-cec?cid=external-feeds_iluminar_cnn-brasil,20241008032529,cdx,
https://www.cnn.com/2024/10/06/entertainment/keanu-reeves-auto-racing-indianapolis/index.html,20241007012018,cdx,
https://www.cnn.com/2024/10/06/entertainment/madonna-christopher-ciccone-tribute/,20241007005139,cdx,
https://www.cnn.com/2024/10/06/entertainment/madonna-christopher-ciccone-tribute/index.html,20241007012531,cdx,
https://www.cnn.com/2024/10/06/entertainment/madonna-christopher-ciccone-tribute/index.html?iid=cnn_buildContentRecirc_end_recirc,20241008144920,cdx,
https://www.cnn.com/2024/10/06/entertainment/madonna-christopher-ciccone-tribute?cid=ios_app,20241007150409,cdx,
https://www.cnn.com/2024/10/06/europe/suicide-capsule-switzerland-intl-hnk/,20241007020335,cdx,
https://www.cnn.com/2024/10/06/europe/suicide-capsule-switzerland-intl-hnk/index.html,20241007062849,cdx,
https://www.cnn.com/2024/10/06/europe/suicide-capsule-switzerland-intl-hnk/index.html?iid=cnn_buildContentRecirc_end_recirc,20241008203359,cdx,
https://www.cnn.com/2024/10/06/europe/suicide-capsule-switzerland-intl-hnk?cid=ios_app,20241008235145,cdx,
https://www.cnn.com/2024/10/06/health/food-poisoning-hurricane-wellness/index.html,20241007010653,cdx,
https://www.cnn.com/2024/10/06/investing/jobs-inflation-fed/index.html,20241007011107,cdx,
https://www.cnn.com/2024/10/06/middleeast/israel-military-northern-gaza-hamas-intl,20241008021904,cdx,
https://www.cnn.com/2024/10/06/middleeast/israel-military-northern-gaza-hamas-intl/index.html,20241007010642,cdx,
https://www.cnn.com/2024/10/06/politics/1960-election-nixon-transfer-of-power/index.html,20241007011908,cdx,
https://www.cnn.com/2024/10/06/politics/breakthrough-polling-project-harris-lie/index.html,20241007010723,cdx,
https://www.cnn.com/2024/10/06/politics/breakthrough-polling-project-harris-lie/index.html?iid=cnn_buildContentRecirc_end_recirc,20241007150048,cdx,
https://www.cnn.com/2024/10/06/politics/campaign-advertising-tv-harris-trump/index.html,20241007011422,cdx,
https://www.cnn.com/2024/10/06/politics/campaign-advertising-tv-harris-trump/index.html?iid=cnn_buildContentRecirc_end_recirc,20241007125711,cdx,
https://www.cnn.com/2024/10/06/politics/capital-gains-tax-harris-tiktok/index.html,20241007010940,cdx,
https://www.cnn.com/2024/10/06/politics/capital-gains-tax-harris-tiktok/index.html?iid=cnn_buildContentRecirc_end_recirc,20241007202101,cdx,
https://www.cnn.com/2024/10/06/politics/fact-check-trump-helene-response-north-carolina/index.html?bt_ee=vBvv1E8JX1WVrVRWjNevZ3Bpw%2BoQp30rR%2FIVtwv5Qbp0NTXSdEJfkeQup4ACTua9yjLqVLZW8jZOZucoCRdWZw%3D%3D&bt_ts=1728218570928,20241008175620,cdx,
https://www.cnn.com/2024/10/06/politics/fact-check-trump-helene-response-north-carolina/index.html?cid=external-feeds_iluminar_yahoo,20241008124547,cdx,
https://www.cnn.com/2024/10/06/politics/harris-call-her-daddy-criticism-biological-children/,20241007020411,cdx,
https://www.cnn.com/2024/10/06/politics/harris-call-her-daddy-criticism-biological-children/index.html,20241007064827,cdx,
https://www.cnn.com/2024/10/06/politics/harris-israel-october-7-anniversary/,20241007020327,cdx,
https://www.cnn.com/2024/10/06/politics/harris-israel-october-7-anniversary/index.html,20241007053909,cdx,
https://www.cnn.com/2024/10/06/politics/supreme-court-returns-to-work-with-an-eye-on-a-post-election-storm/index.html,20241007011258,cdx,
https://www.cnn.com/2024/10/06/politics/video/call-her-daddy-kamala-harris-trump-digvid,20241007011414,cdx,
https://www.cnn.com/2024/10/06/politics/video/harry-enten-polling-harris-trump-digvid,20241007051400,cdx,
https://www.cnn.com/2024/10/06/politics/video/sotu-bash-lara-trump-accept-defeat,20241007012202,cdx,
https://www.cnn.com/2024/10/06/politics/video/sotu-greenblatt-adl-surge-in-antisemitism,20241007011746,cdx,
https://www.cnn.com/2024/10/06/politics/video/sotu-lara-trump-returning-to-butler-after-assassination-attempt,20241007011812,cdx,
https://www.cnn.com/2024/10/06/politics/video/sotu-larry-hogan-oppose-nominees-full-support,20241007012353,cdx,
https://www.cnn.com/2024/10/06/politics/video/sotu-larry-hogan-will-absolutely-certify-2024-election,20241007011150,cdx,
https://www.cnn.com/2024/10/06/politics/video/sotu-mark-kelly-confident-harris-wins-arizona,20241007011652,cdx,
https://www.cnn.com/2024/10/06/politics/video/sotu-mark-kelly-elon-musk-hypocritical,20241007011054,cdx,
https://www.cnn.com/2024/10/06/politics/video/sotu-mark-kelly-trump-family-misinformation,20241007011515,cdx,
https://www.cnn.com/2024/10/06/sport/coco-gauff-china-open-title-spt-intl/index.html,20241007012214,cdx,
https://www.cnn.com/2024/10/06/sport/liberty-defeat-aces-advance-to-wnba-finals-spt-intl/,20241007113911,cdx,
https://www.cnn.com/2024/10/06/sport/liberty-defeat-aces-advance-to-wnba-finals-spt-intl/index.html,20241007075111,cdx,
https://www.cnn.com/2024/10/06/sport/minnesota-vikings-new-york-jets-london-nfl-darnold-spt-intl/,20241007080618,cdx,
https://www.cnn.com/2024/10/06/sport/minnesota-vikings-new-york-jets-london-nfl-darnold-spt-intl/index.html?iid=cnn_buildContentRecirc_end_recirc,20241008183414,cdx,
https://www.cnn.com/2024/10/06/sport/nfl-week-5-sunday-preview-spt-intl/index.html?iid=cnn_buildContentRecirc_end_recirc,20241008185346,cdx,
https://www.cnn.com/2024/10/06/style/singapore-pan-pacific-orchard-hotel-intl-hnk/index.html,20241007011623,cdx,
https://www.cnn.com/2024/10/06/travel/moo-deng-travel-thailand-molly-swindall/index.html,20241007011357,cdx,
https://www.cnn.com/2024/10/06/travel/moo-deng-travel-thailand-molly-swindall/index.html?iid=cnn_buildContentRecirc_end_recirc,20241008053055,cdx,
https://www.cnn.com/2024/10/06/travel/touring-ho-chi-minh-city-vietnam-quest/,20241007020347,cdx,
https://www.cnn.com/2024/10/06/travel/touring-ho-chi-minh-city-vietnam-quest/index.html,20241007075526,cdx,
https://www.cnn.com/2024/10/06/us/5-things-sunday-october-6-trnd/index.html,20241007010809,cdx,
https://www.cnn.com/2024/10/06/us/anti-jewish-threats-us-adl,20241007052101,cdx,
https://www.cnn.com/2024/10/06/us/calvin-buari-wrongful-conviction-cec/index.html,20241007012036,cdx,
https://www.cnn.com/2024/10/06/us/fire-seen-under-flight-after-hard-landing-in-las-vegas/index.html,20241007012441,cdx,
https://www.cnn.com/2024/10/06/us/how-helene-devastated-western-north-carolina/index.html?utm_source=ActiveCampaign&utm_medium=email&utm_content=Southern+Appalachia+Eyes+Recovery+After+Helene&utm_campaign=The+Morning+Dispatch_TMD+Paid+Subscribers+Only_Southern+Appalachia+Eyes+Recovery+After+Helene,20241008142429,cdx,
https://www.cnn.com/2024/10/06/us/lebron-bronny-james-first-father-son-play-together-nba-team/,20241007055130,cdx,
https://www.cnn.com/2024/10/06/us/menendez-brothers-timeline/index.html,20241007011554,cdx,
https://www.cnn.com/2024/10/06/us/north-carolina-residents-helping-helene-victims?cid=external-feeds_iluminar_msn,20241007214610,cdx,
https://www.cnn.com/2024/10/06/weather/tropical-storm-milton-florida-sunday/index.html?Date=20241006&Profile=cnnbrk&utm_content=1728237650&utm_medium=social&utm_source=twitter,20241007122734,cdx,
https://www.cnn.com/2024/10/06/world/israel-kibbutz-beeri-october-7-rebuild-intl-cmd/index.html,20241007010339,cdx,
https://www.cnn.com/2024/10/06/world/video/gps1006-bhl-defends-the-jewish-state,20241007011950,cdx,
https://www.cnn.com/2024/10/06/world/video/gps1006-coates-on-the-plight-of-palestinians,20241007011937,cdx,
https://www.cnn.com/2024/10/06/world/video/gps1006-engaging-with-the-taliban,20241007010846,cdx,
https://www.cnn.com/2024/10/06/world/video/gps1006-how-will-israel-retaliate,20241007012552,cdx,
https://www.cnn.com/2024/10/06/world/video/gps1006-israels-war-against-hezbollah,20241007011004,cdx,
https://www.cnn.com/2024/10/06/world/video/hamas-israel-attack-hostages-golodryga-pkg-digvid,20241007012430,cdx,
https://www.cnn.com/2024/10/06/world/video/israel-strikes-beirut-wedeman-digvid,20241007011640,cdx,
https://www.cnn.com/2024/10/06/world/video/nigerian-singer-rema-afrobeat-next-wave-avcm-spc,20241007011801,cdx,
https://www.cnn.com/2024/10/07/africa/afcfta-secretary-general-mene-interview-spc/,20241007104032,cdx,
https://www.cnn.com/2024/10/07/africa/afcfta-secretary-general-mene-interview-spc/index.html,20241007112755,cdx,
https://www.cnn.com/2024/10/07/americas/alejandro-arcos-mexican-mayor-killed-intl-latam/,20241008000733,cdx,
https://www.cnn.com/2024/10/07/americas/alejandro-arcos-mexican-mayor-killed-intl-latam/index.html,20241008073605,cdx,
https://www.cnn.com/2024/10/07/asia/philippines-duterte-run-as-mayor-intl-hnk/,20241008030859,cdx,
https://www.cnn.com/2024/10/07/asia/philippines-duterte-run-as-mayor-intl-hnk/index.html,20241008073621,cdx,
https://www.cnn.com/2024/10/07/asia/taiwan-china-motherland-history-hnk-intl/,20241007103929,cdx,
https://www.cnn.com/2024/10/07/asia/taiwan-china-motherland-history-hnk-intl/index.html,20241007114532,cdx,
https://www.cnn.com/2024/10/07/asia/telegram-southeast-asia-criminal-networks-intl-hnk/,20241008030813,cdx,
https://www.cnn.com/2024/10/07/asia/telegram-southeast-asia-criminal-networks-intl-hnk/index.html,20241008080605,cdx,
https://www.cnn.com/2024/10/07/business/property-damange-hurricane-helene-47-billion/,20241007195603,cdx,
https://www.cnn.com/2024/10/07/business/property-damange-hurricane-helene-47-billion/index.html,20241008014706,cdx,
https://www.cnn.com/2024/10/07/business/skimpflation-whole-food-ingredients/,20241007104100,cdx,
https://www.cnn.com/2024/10/07/business/skimpflation-whole-food-ingredients/index.html,20241007102512,cdx,
https://www.cnn.com/2024/10/07/business/us-economy-hard-landing/,20241007150741,cdx,
https://www.cnn.com/2024/10/07/business/us-economy-hard-landing/index.html,20241008015213,cdx,
https://www.cnn.com/2024/10/07/business/us-economy-hard-landing?cid=ios_app,20241007155724,cdx,
https://www.cnn.com/2024/10/07/business/video/abu-dhabi-ports-logistics-spc,20241007151253,cdx,
https://www.cnn.com/2024/10/07/business/video/ai-saudi-arabia-spc,20241008020234,cdx,
https://www.cnn.com/2024/10/07/business/video/bitcoin-creator-identity-satoshi-nakamoto-hbo-documentary-digvid,20241007170448,cdx,
https://www.cnn.com/2024/10/07/business/video/heartseed-japan-heart-tissue-spc,20241007165432,cdx,
https://www.cnn.com/2024/10/07/business/video/tomorrow-transformed-digital-healthcare-future-ai-spc,20241007172654,cdx,
https://www.cnn.com/2024/10/07/economy/rate-cut-housing-market-mortgage-effects/,20241007104126,cdx,
https://www.cnn.com/2024/10/07/economy/rate-cut-housing-market-mortgage-effects/index.html,20241007111727,cdx,
https://www.cnn.com/2024/10/07/entertainment/al-pacino-nearly-died-covid-2020-intl-scli/,20241007104029,cdx,
https://www.cnn.com/2024/10/07/entertainment/al-pacino-nearly-died-covid-2020-intl-scli/index.html,20241008015109,cdx,
https://www.cnn.com/2024/10/07/entertainment/al-pacino-nearly-died-covid-2020-intl-scli?cid=ios_app,20241007120450,cdx,
https://www.cnn.com/2024/10/07/entertainment/cissy-houston-death/,20241007195809,cdx,
https://www.cnn.com/2024/10/07/entertainment/cissy-houston-death/index.html,20241008082555,cdx,
https://www.cnn.com/2024/10/07/entertainment/cissy-houston-death?Date=20241007&Profile=cnnbrk&utm_content=1728330568&utm_medium=social&utm_source=twitter,20241008220129,cdx,
https://www.cnn.com/2024/10/07/entertainment/kathy-bates-mother-oscars-speech/,20241007195736,cdx,
https://www.cnn.com/2024/10/07/entertainment/kathy-bates-mother-oscars-speech/index.html,20241008014454,cdx,
https://www.cnn.com/2024/10/07/entertainment/sally-field-abortion/,20241008000545,cdx,
https://www.cnn.com/2024/10/07/entertainment/sally-field-abortion/index.html,20241008070530,cdx,
https://www.cnn.com/2024/10/07/entertainment/sally-field-abortion/index.html?Date=20241008&Profile=CNN&utm_content=1728347403&utm_medium=social&utm_source=facebook&fbclid=IwZXh0bgNhZW0CMTEAAR1e_kG4TZ_69I6qiiowjG3SzvB9JDGCzuZ3eUiiCjvCDIKM9puD4sB_r4I_aem_vr3ljC1V7j25tuaz7eQCQw&sfnsn=mo,20241008202034,cdx,
https://www.cnn.com/2024/10/07/entertainment/sandi-toksvig-gbbo/,20241007195611,cdx,
https://www.cnn.com/2024/10/07/entertainment/sandi-toksvig-gbbo/index.html,20241007191835,cdx,
https://www.cnn.com/2024/10/07/entertainment/sean-diddy-combs-janice-statement/,20241007153642,cdx,
https://www.cnn.com/2024/10/07/entertainment/sean-diddy-combs-janice-statement/index.html,20241008015412,cdx,
https://www.cnn.com/2024/10/07/entertainment/video/entertainment-showbiz-hollywood-minute-keanu-reeves-racing-glen-powell-running-man-andrew-garfield-florence-pugh,20241008015515,cdx,
https://www.cnn.com/2024/10/07/europe/anti-kremlin-russian-activist-killed-ukraine-intl/,20241007153553,cdx,
https://www.cnn.com/2024/10/07/europe/anti-kremlin-russian-activist-killed-ukraine-intl/index.html,20241008014718,cdx,
https://www.cnn.com/2024/10/07/europe/russian-court-sentences-us-citizen-stephen-hubbard-intl/,20241007104120,cdx,
https://www.cnn.com/2024/10/07/europe/russian-court-sentences-us-citizen-stephen-hubbard-intl/index.html,20241007170445,cdx,
https://www.cnn.com/2024/10/07/europe/russian-court-sentences-us-citizen-stephen-hubbard-intl/index.html?utm_campaign=The+Morning+Dispatch_TMD+Paid+Subscribers+Only_Southern+Appalachia+Eyes+Recovery+After+Helene&utm_source=ActiveCampaign&utm_medium=email&utm_content=Southern+Appalachia+Eyes+Recovery+After+Helene,20241008125949,cdx,
https://www.cnn.com/2024/10/07/health/black-box-warnings-antidepressants-suicide-youth-wellness/,20241007232204,cdx,
https://www.cnn.com/2024/10/07/health/black-box-warnings-antidepressants-suicide-youth-wellness/index.html,20241008073031,cdx,
https://www.cnn.com/2024/10/07/health/blood-pressure-arm-position-study-wellness/,20241007224106,cdx,
https://www.cnn.com/2024/10/07/health/blood-pressure-arm-position-study-wellness/index.html,20241008013334,cdx,
https://www.cnn.com/2024/10/07/health/cdc-marburg-rwanda-screening/,20241008000554,cdx,
https://www.cnn.com/2024/10/07/health/cdc-marburg-rwanda-screening/index.html,20241008074235,cdx,
https://www.cnn.com/2024/10/07/health/go-bag-what-to-pack-wellness/,20241007195723,cdx,
https://www.cnn.com/2024/10/07/health/go-bag-what-to-pack-wellness/index.html,20241008015136,cdx,
https://www.cnn.com/2024/10/07/health/go-bag-what-to-pack-wellness/index.html?bt_ee=LLXZ7%2FyvraFzqmvQA0xehjxVdBYnkEqQU4ow4szT1a74Zlzv6%2Fak0ZMhNQ6TsGEU&bt_ts=1728340732158,20241008140652,cdx,
https://www.cnn.com/2024/10/07/health/live-span-estimates-wellness/,20241007153655,cdx,
https://www.cnn.com/2024/10/07/health/live-span-estimates-wellness/index.html,20241007200721,cdx,
https://www.cnn.com/2024/10/07/health/video/abortion-ban-states-medical-student-practices-digvid,20241008065905,cdx,
https://www.cnn.com/2024/10/07/health/video/abortion-ban-states-medical-student-practices-digvid?cid=ios_app,20241008042727,cdx,
https://www.cnn.com/2024/10/07/investing/benchmark-treasury-yield/index.html,20241007173027,cdx,
https://www.cnn.com/2024/10/07/media/cbs-ta-nehisi-coates-tony-dokoupil-interview/,20241007230828,cdx,
https://www.cnn.com/2024/10/07/media/cbs-ta-nehisi-coates-tony-dokoupil-interview/index.html,20241007202623,cdx,
https://www.cnn.com/2024/10/07/media/october-7-israel-hamas-war-journalists-media/,20241007195714,cdx,
https://www.cnn.com/2024/10/07/media/october-7-israel-hamas-war-journalists-media/index.html,20241008162209,cdx,
https://www.cnn.com/2024/10/07/middleeast/israel-anniversary-october-7-hamas-attacks-intl-latam/,20241008030805,cdx,
https://www.cnn.com/2024/10/07/middleeast/israel-anniversary-october-7-hamas-attacks-intl-latam/index.html,20241008063311,cdx,
https://www.cnn.com/2024/10/07/middleeast/otctober-7-anniversary-middle-east-upheaval-intl/,20241007104027,cdx,
https://www.cnn.com/2024/10/07/middleeast/otctober-7-anniversary-middle-east-upheaval-intl/index.html,20241007105634,cdx,
https://www.cnn.com/2024/10/07/politics/debt-harris-trump-proposals/,20241007055126,cdx,
https://www.cnn.com/2024/10/07/politics/debt-harris-trump-proposals/index.html,20241007050021,cdx,
https://www.cnn.com/2024/10/07/politics/desantis-harris-biden-hurricane-recovery-calls/,20241007212410,cdx,
https://www.cnn.com/2024/10/07/politics/desantis-harris-biden-hurricane-recovery-calls/index.html,20241008041031,cdx,
https://www.cnn.com/2024/10/07/politics/desantis-harris-biden-hurricane-recovery-calls?brand-site=cnn&language=en&agent=any&region=any,20241008042532,cdx,
https://www.cnn.com/2024/10/07/politics/doj-school-board-memo-supreme-court/,20241007195742,cdx,
https://www.cnn.com/2024/10/07/politics/doj-school-board-memo-supreme-court/index.html,20241008015246,cdx,
https://www.cnn.com/2024/10/07/politics/elon-musk-trump-twitter-records/,20241007144959,cdx,
https://www.cnn.com/2024/10/07/politics/elon-musk-trump-twitter-records/index.html,20241007162718,cdx,
https://www.cnn.com/2024/10/07/politics/elon-musk-trump-twitter-records/index.html?iid=cnn_buildContentRecirc_end_recirc,20241008010601,cdx,
https://www.cnn.com/2024/10/07/politics/fact-check-walz-false-claims-trump-abortion-economy/,20241007200438,cdx,
https://www.cnn.com/2024/10/07/politics/fact-check-walz-false-claims-trump-abortion-economy/index.html,20241008065128,cdx,
https://www.cnn.com/2024/10/07/politics/first-amendment-gun-suicide-display-texas-confederate-protest-supreme-court/,20241007153602,cdx,
https://www.cnn.com/2024/10/07/politics/first-amendment-gun-suicide-display-texas-confederate-protest-supreme-court/index.html,20241008015510,cdx,
https://www.cnn.com/2024/10/07/politics/georgia-abortion-supreme-court/,20241007195802,cdx,
https://www.cnn.com/2024/10/07/politics/georgia-abortion-supreme-court/index.html,20241008114250,cdx,
https://www.cnn.com/2024/10/07/politics/harris-ad-trump-natural-disaster-response/,20241008000654,cdx,
https://www.cnn.com/2024/10/07/politics/harris-ad-trump-natural-disaster-response/index.html,20241008082324,cdx,
https://www.cnn.com/2024/10/07/politics/misinformation-hurricanes-what-matters/,20241007232218,cdx,
https://www.cnn.com/2024/10/07/politics/misinformation-hurricanes-what-matters/index.html,20241008134144,cdx,
https://www.cnn.com/2024/10/07/politics/r-kelly-appeal-rejection-supreme-court/,20241007153604,cdx,
https://www.cnn.com/2024/10/07/politics/r-kelly-appeal-rejection-supreme-court/index.html,20241008015654,cdx,
https://www.cnn.com/2024/10/07/politics/r-kelly-appeal-rejection-supreme-court/index.html?ICID=ref_fark,20241008092931,cdx,
https://www.cnn.com/2024/10/07/politics/takeaways-kamala-harris-60-minutes/,20241008030824,cdx,
https://www.cnn.com/2024/10/07/politics/takeaways-kamala-harris-60-minutes/index.html,20241008040845,cdx,
https://www.cnn.com/2024/10/07/politics/takeaways-kamala-harris-60-minutes?cid=ios_app,20241008063654,cdx,
https://www.cnn.com/2024/10/07/politics/texas-abortion-supreme-court/,20241007153548,cdx,
https://www.cnn.com/2024/10/07/politics/texas-abortion-supreme-court/index.html,20241007144344,cdx,
https://www.cnn.com/2024/10/07/politics/texas-abortion-supreme-court/index.html?Date=20241007&Profile=CNN+Politics&utm_content=1728311661&utm_medium=social&utm_source=twitter,20241007214601,cdx,
https://www.cnn.com/2024/10/07/politics/trump-undocumented-immigrants-bad-genes/,20241007195756,cdx,
https://www.cnn.com/2024/10/07/politics/trump-undocumented-immigrants-bad-genes/index.html,20241007185732,cdx,
https://www.cnn.com/2024/10/07/politics/us-not-currently-pushing-revive-israel-hezbollah-deal,20241007232416,cdx,
https://www.cnn.com/2024/10/07/politics/us-not-currently-pushing-revive-israel-hezbollah-deal/index.html,20241008094105,cdx,
https://www.cnn.com/2024/10/07/politics/us-politics-october-7-analysis/,20241007051834,cdx,
https://www.cnn.com/2024/10/07/politics/us-politics-october-7-analysis/index.html,20241007052700,cdx,
https://www.cnn.com/2024/10/07/politics/video/donald-trump-bad-genes-comment-undocumented-immigrants-rhetoric-navarro-reaction-ac360-digvid,20241008061322,cdx,
https://www.cnn.com/2024/10/07/politics/video/elon-musk-tucker-carlson-trump-election-results-ebof-digvid,20241008072431,cdx,
https://www.cnn.com/2024/10/07/politics/video/elon-musk-tucker-carlson-trump-election-results-ebof-digvid?cid=ios_app,20241008024742,cdx,
https://www.cnn.com/2024/10/07/politics/video/hurricane-milton-harris-desantis-call-report-lead-digvid,20241007222437,cdx,
https://www.cnn.com/2024/10/07/politics/video/kamala-harris-gun-use-ownership-60-minutes-interview-src-sot-digvid,20241008041140,cdx,
https://www.cnn.com/2024/10/07/politics/video/trump-ramps-up-politicization-around-storm-relief-ahead-of-hurricane-milton,20241008194333,cdx,
https://www.cnn.com/2024/10/07/science/draconid-meteor-shower-how-to-watch/,20241007104006,cdx,
https://www.cnn.com/2024/10/07/science/draconid-meteor-shower-how-to-watch/index.html,20241007102641,cdx,
https://www.cnn.com/2024/10/07/science/hera-mission-launch-dart/,20241007153911,cdx,
https://www.cnn.com/2024/10/07/science/hera-mission-launch-dart/index.html,20241008014613,cdx,
https://www.cnn.com/2024/10/07/science/nobel-medicine-prize-discovery-microrna-victor-ambros-gary-ruvkun-intl/,20241007104145,cdx,
https://www.cnn.com/2024/10/07/science/nobel-medicine-prize-discovery-microrna-victor-ambros-gary-ruvkun-intl/index.html,20241007220817,cdx,
https://www.cnn.com/2024/10/07/science/nobel-medicine-prize-discovery-microrna-victor-ambros-gary-ruvkun-intl/index.html?iid=cnn_buildContentRecirc_end_recirc,20241008093157,cdx,
https://www.cnn.com/2024/10/07/sport/european-soccer-wrap-barcelona-robert-lewandowski-spt-intl/index.html,20241008020020,cdx,
https://www.cnn.com/2024/10/07/sport/gauff-castellanos-five-athletes-this-weekend-spt-intl/,20241007230944,cdx,
https://www.cnn.com/2024/10/07/sport/gauff-castellanos-five-athletes-this-weekend-spt-intl/index.html,20241008020202,cdx,
https://www.cnn.com/2024/10/07/sport/jabrill-peppers-arrested-assault-strangulation-drug-charges-spt-intl/,20241008021513,cdx,
https://www.cnn.com/2024/10/07/sport/jabrill-peppers-arrested-assault-strangulation-drug-charges-spt-intl/index.html,20241008015353,cdx,
https://www.cnn.com/2024/10/07/sport/nfl-week-5-sunday-review-spt-intl/,20241007210408,cdx,
https://www.cnn.com/2024/10/07/sport/nfl-week-5-sunday-review-spt-intl/index.html,20241007114124,cdx,
https://www.cnn.com/2024/10/07/sport/padres-dodgers-fans-throw-baseballs-trash-spt-intl-hnk/index.html,20241007171343,cdx,
https://www.cnn.com/2024/10/07/sport/video/manno-clara-wu-tsai-intv-sports,20241008083818,cdx,
https://www.cnn.com/2024/10/07/sport/video/sports-clara-wu-tsai-difference-makers-video,20241008083809,cdx,
https://www.cnn.com/2024/10/07/sport/viv-anderson-england-football-spt-intl/,20241007214517,cdx,
https://www.cnn.com/2024/10/07/sport/viv-anderson-england-football-spt-intl/index.html,20241008014751,cdx,
https://www.cnn.com/2024/10/07/sport/wnba-clara-wu-tsai-new-york-liberty-spt-intl,20241008083759,cdx,
https://www.cnn.com/2024/10/07/sport/wnba-clara-wu-tsai-new-york-liberty-spt-intl/index.html,20241008005147,cdx,
https://www.cnn.com/2024/10/07/style/meghan-markle-gala-red-dress/,20241007153634,cdx,
https://www.cnn.com/2024/10/07/style/meghan-markle-gala-red-dress/index.html,20241008020029,cdx,
https://www.cnn.com/2024/10/07/style/meghan-markle-gala-red-dress/index.html?iid=cnn_buildContentRecirc_end_recirc,20241008080014,cdx,
https://www.cnn.com/2024/10/07/travel/jetblue-drops-hot-meals-economy-passengers/,20241007192249,cdx,
https://www.cnn.com/2024/10/07/travel/jetblue-drops-hot-meals-economy-passengers/index.html,20241008015404,cdx,
https://www.cnn.com/2024/10/07/travel/plane-train-outage-atl-airport/,20241007195646,cdx,
https://www.cnn.com/2024/10/07/travel/plane-train-outage-atl-airport/index.html,20241007182631,cdx,
https://www.cnn.com/2024/10/07/travel/qantas-r-rated-movie-inflight-daddio-intl-hnk/,20241008042252,cdx,
https://www.cnn.com/2024/10/07/travel/qantas-r-rated-movie-inflight-daddio-intl-hnk/index.html,20241008041239,cdx,
https://www.cnn.com/2024/10/07/uk/doctor-admits-fake-covid-gbr-intl-scli/,20241007153601,cdx,
https://www.cnn.com/2024/10/07/uk/doctor-admits-fake-covid-gbr-intl-scli/index.html,20241007142232,cdx,
https://www.cnn.com/2024/10/07/us/5-things-pm-october-7-trnd/,20241007232247,cdx,
https://www.cnn.com/2024/10/07/us/5-things-pm-october-7-trnd/index.html,20241008044345,cdx,
https://www.cnn.com/2024/10/07/us/5-things-to-know-for-oct-7-middle-east-hurricane-milton-presidential-race-frontier-airlines-scare-pope-francis/,20241007140946,cdx,
https://www.cnn.com/2024/10/07/us/5-things-to-know-for-oct-7-middle-east-hurricane-milton-presidential-race-frontier-airlines-scare-pope-francis/index.html,20241008014725,cdx,
https://www.cnn.com/2024/10/07/us/a-black-bear-and-her-three-cubs-entered-a-elderly-mans-colorado-home-he-narrowly-escaped-with-his-life-officials-say/,20241007182003,cdx,
https://www.cnn.com/2024/10/07/us/a-black-bear-and-her-three-cubs-entered-a-elderly-mans-colorado-home-he-narrowly-escaped-with-his-life-officials-say/index.html,20241008015808,cdx,
https://www.cnn.com/2024/10/07/us/lebron-bronny-james-first-father-son-play-together-nba-team,20241007070728,cdx,
https://www.cnn.com/2024/10/07/us/lebron-bronny-james-first-father-son-play-together-nba-team/index.html,20241008014425,cdx,
https://www.cnn.com/2024/10/07/us/private-helicopter-pilots-help-hurricane-victims-intl-hnk/,20241007103947,cdx,
https://www.cnn.com/2024/10/07/us/private-helicopter-pilots-help-hurricane-victims-intl-hnk/index.html,20241007202733,cdx,
https://www.cnn.com/2024/10/07/us/video/fema-administrator-responds-trump-claims-lead-digvid,20241008072904,cdx,
https://www.cnn.com/2024/10/07/us/video/florida-prepares-for-hurricane-milton,20241008161550,cdx,
https://www.cnn.com/2024/10/07/us/video/the-lead-deanne-criswell-hurricane-milton-florida-evacuations-fema-jake-tapper,20241008161607,cdx,
https://www.cnn.com/2024/10/07/us/video/the-lead-mayor-tyler-payne-hurricane-milton-florida-treasure-island-jake-tapper,20241008161557,cdx,
https://www.cnn.com/2024/10/07/us/video/the-lead-miguel-marquez-hurricane-helene-floods-north-carolina-jake-tapper,20241008023433,cdx,
https://www.cnn.com/2024/10/07/weather/video/hurricane-milton-category-5-florida-gulf-coast-raffa-digvid,20241007210353,cdx,
https://www.cnn.com/2024/10/07/weather/video/hurricane-milton-category-two-florida-storm-update-ctm-digvid,20241007145811,cdx,
https://www.cnn.com/2024/10/07/weather/video/hurricane-milton-tampa-mayor-misinformation-debris-digvid,20241007222327,cdx,
https://www.cnn.com/2024/10/07/weather/video/hurricane-milton-tampa-warning-digvid,20241007213724,cdx,
https://www.cnn.com/2024/10/07/world/new-zealand-navy-ship-sinks-intl-hnk/,20241007055058,cdx,
https://www.cnn.com/2024/10/07/world/new-zealand-navy-ship-sinks-intl-hnk/index.html,20241007160826,cdx,
https://www.cnn.com/2024/10/07/world/video/elisa-raffa-pkg-100601a-seg2-cnni-world-fast,20241007192713,cdx,
https://www.cnn.com/2024/10/07/world/video/hezbollah-rocket-attack-haifa-israel-digvid,20241007113225,cdx,related
https://www.cnn.com/2024/10/07/world/video/human-tower-contest-catalonia-ldn-digvid,20241007165432,cdx,
https://www.cnn.com/2024/10/07/world/video/israel-oct-7-anniversary-memorial-digvid,20241008014415,cdx,
https://www.cnn.com/2024/10/07/world/video/mothers-israel-gaza-october-7-anniversary-diamond-pkg-intl-digvid,20241007201704,cdx,
https://www.cnn.com/2024/10/07/world/video/nova-festival-memorial-october-7-anniversary-israel-digvid,20241007214353,cdx,
https://www.cnn.com/2024/10/07/world/video/october-7-hamas-attack-accountability-sciutto-ldn-digvid,20241007171433,cdx,
https://www.cnn.com/2024/10/07/world/video/october-7-hurricane-milton-keanu-reeves-5things-digvid,20241007184108,cdx,
https://www.cnn.com/2024/10/07/world/video/the-lead-maurice-shnaider-oct-7-hamas-israel-one-year-hostages-gaza-jake-tapper,20241008164315,cdx,
https://www.cnn.com/2024/10/07/world/video/yoni-asher-father-family-hamas-hostages-ebof-digvid,20241008164311,cdx,
https://www.cnn.com/2024/10/08/business/american-water-cyberattack-hnk-intl/,20241008110956,cdx,
https://www.cnn.com/2024/10/08/business/american-water-cyberattack-hnk-intl/index.html,20241008141608,cdx,
https://www.cnn.com/2024/10/08/business/china-economy-ndrc-hnk-intl/,20241008070747,cdx,
https://www.cnn.com/2024/10/08/business/china-eu-brandy-evs-hnk-intl/,20241008112625,cdx,
https://www.cnn.com/2024/10/08/business/china-eu-brandy-evs-hnk-intl/index.html,20241008144102,cdx,
https://www.cnn.com/2024/10/08/business/deloitte-trump-leaked-jd-vance-messages/,20241008102249,cdx,
https://www.cnn.com/2024/10/08/business/deloitte-trump-leaked-jd-vance-messages/index.html,20241008144110,cdx,
https://www.cnn.com/2024/10/08/business/google-search-amazon-nightcap/,20241008112543,cdx,
https://www.cnn.com/2024/10/08/business/google-search-amazon-nightcap/index.html,20241008124600,cdx,
https://www.cnn.com/2024/10/08/business/home-shopping-zillow-climate-risk/,20241008112623,cdx,
https://www.cnn.com/2024/10/08/business/hurricane-milton-florida-gasoline-shortages/,20241008155450,cdx,
https://www.cnn.com/2024/10/08/business/hurricane-milton-florida-gasoline-shortages/index.html,20241008155529,cdx,
https://www.cnn.com/2024/10/08/business/mcdonalds-french-fries-lamb-weston/,20241008111908,cdx,
https://www.cnn.com/2024/10/08/business/mcdonalds-french-fries-lamb-weston/index.html,20241008133202,cdx,
https://www.cnn.com/2024/10/08/business/mega-millions-ticket-price/,20241008133832,cdx,
https://www.cnn.com/2024/10/08/business/mega-millions-ticket-price/index.html,20241008145831,cdx,
https://www.cnn.com/2024/10/08/business/spirit-halloween-christmas-stores/,20241008133546,cdx,
https://www.cnn.com/2024/10/08/business/spirit-halloween-christmas-stores/index.html,20241008153923,cdx,
https://www.cnn.com/2024/10/08/climate/portugal-fires-eucalyptus-paper/,20241008112630,cdx,
https://www.cnn.com/2024/10/08/climate/portugal-fires-eucalyptus-paper/index.html,20241008151346,cdx,
https://www.cnn.com/2024/10/08/energy/strait-of-hormuz-iran-oil-prices/,20241008155453,cdx,
https://www.cnn.com/2024/10/08/energy/strait-of-hormuz-iran-oil-prices/index.html,20241008190323,cdx,
https://www.cnn.com/2024/10/08/entertainment/billie-eilish-tour-adult-finneas/,20241008202411,cdx,
https://www.cnn.com/2024/10/08/entertainment/chris-pine-childrens-book-author/,20241008222626,cdx,
https://www.cnn.com/2024/10/08/entertainment/chris-pine-childrens-book-author/index.html,20241008154426,cdx,
https://www.cnn.com/2024/10/08/entertainment/jenna-fischer-breast-cancer-free/,20241008222442,cdx,
https://www.cnn.com/2024/10/08/entertainment/lisa-marie-presley-body-benjamin-keough/,20241008222352,cdx,
https://www.cnn.com/2024/10/08/entertainment/menendez-brothers-netflix-documentary/,20241008160654,cdx,
https://www.cnn.com/2024/10/08/europe/interpol-identify-me-campaign-expanded-scli-intl/,20241008155448,cdx,
https://www.cnn.com/2024/10/08/health/baby-boomers-living-longer-worse-health-intl-scli/,20241008133946,cdx,
https://www.cnn.com/2024/10/08/health/bird-flu-california-dairy-farms/,20241008132248,cdx,
https://www.cnn.com/2024/10/08/health/breast-cancer-awareness-wellness/,20241008202312,cdx,
https://www.cnn.com/2024/10/08/health/school-phone-ban-student-perspective-wellness/,20241008112535,cdx,
https://www.cnn.com/2024/10/08/health/school-phone-ban-student-perspective-wellness/index.html,20241008152409,cdx,
https://www.cnn.com/2024/10/08/media/trump-harris-debate-deadline-cnn/,20241008203855,cdx,
https://www.cnn.com/2024/10/08/middleeast/hezbollah-endorses-lebanon-ceasefire-first-time-israel-war-intl/,20241008155420,cdx,
https://www.cnn.com/2024/10/08/middleeast/hezbollah-endorses-lebanon-ceasefire-first-time-israel-war-intl/index.html,20241008153735,cdx,
https://www.cnn.com/2024/10/08/middleeast/isael-gaza-one-year-hamas-fighting-hnk-intl,20241008065406,cdx,
https://www.cnn.com/2024/10/08/middleeast/isael-gaza-one-year-hamas-fighting-hnk-intl/index.html,20241008121327,cdx,
https://www.cnn.com/2024/10/08/politics/2024-election-most-expensive/,20241008155507,cdx,
https://www.cnn.com/2024/10/08/politics/2024-election-most-expensive/index.html,20241008153531,cdx,
https://www.cnn.com/2024/10/08/politics/bob-woodward-book-war-joe-biden-putin-netanyahu-trump/,20241008133857,cdx,
https://www.cnn.com/2024/10/08/politics/bob-woodward-book-war-joe-biden-putin-netanyahu-trump/index.html,20241008131659,cdx,
https://www.cnn.com/2024/10/08/politics/brett-kavanaugh-fbi-trump-senate-report/,20241008202308,cdx,
https://www.cnn.com/2024/10/08/politics/democrats-popular-vote-kamala-harris-analysis/,20241008112514,cdx,
https://www.cnn.com/2024/10/08/politics/democrats-popular-vote-kamala-harris-analysis/index.html,20241008100846,cdx,
https://www.cnn.com/2024/10/08/politics/fact-check-trump-false-claims-foreign-policy/,20241008155625,cdx,
https://www.cnn.com/2024/10/08/politics/georgia-election-board-atlanta-fulton-county/,20241008222514,cdx,
https://www.cnn.com/2024/10/08/politics/georgia-lawsuit-helene-voter-registration-deadline/,20241008175337,cdx,
https://www.cnn.com/2024/10/08/politics/harris-home-health-care-medicare-proposal/,20241008202304,cdx,
https://www.cnn.com/2024/10/08/politics/harris-home-health-care-medicare-proposal/index.html,20241008183531,cdx,
https://www.cnn.com/2024/10/08/politics/isis-terrorism-arrest-oklahoma-election-day/index.html,20241008234911,cdx,
https://www.cnn.com/2024/10/08/politics/isis-terrorism-arrest-oklahoma-election-day?Date=20241008&Profile=CNN,20241008224050,cdx,
https://www.cnn.com/2024/10/08/politics/jill-biden-campaign-kamala-harris/,20241008112632,cdx,
https://www.cnn.com/2024/10/08/politics/jill-biden-campaign-kamala-harris/index.html,20241008154918,cdx,
https://www.cnn.com/2024/10/08/politics/joe-biden-postponed-trip-milton/,20241008155320,cdx,
https://www.cnn.com/2024/10/08/politics/john-roberts-donald-trump-biskupic/,20241008112628,cdx,
https://www.cnn.com/2024/10/08/politics/john-roberts-donald-trump-biskupic/index.html,20241008153045,cdx,
https://www.cnn.com/2024/10/08/politics/kamala-harris-donald-trump-hurricane-milton/,20241008201122,cdx,
https://www.cnn.com/2024/10/08/politics/kfile-vance-2020-election/,20241008201832,cdx,
https://www.cnn.com/2024/10/08/politics/kfile-vance-2020-election/index.html,20241008233031,cdx,
https://www.cnn.com/2024/10/08/politics/mail-in-ballot-republican-lawsuits-battleground-states/,20241008102301,cdx,
https://www.cnn.com/2024/10/08/politics/mail-in-ballot-republican-lawsuits-battleground-states/index.html,20241008124120,cdx,
https://www.cnn.com/2024/10/08/politics/mail-in-ballot-republican-lawsuits-battleground-states?cid=ios_app,20241008194609,cdx,
https://www.cnn.com/2024/10/08/politics/putin-trump-biden-woodward-what-matters/,20241008222357,cdx,
https://www.cnn.com/2024/10/08/politics/supreme-court-ghost-guns/,20241008175246,cdx,
https://www.cnn.com/2024/10/08/politics/supreme-court-ghost-guns/index.html,20241008175530,cdx,
https://www.cnn.com/2024/10/08/politics/trump-disinformation-2024-analysis/,20241008042305,cdx,
https://www.cnn.com/2024/10/08/politics/trump-disinformation-2024-analysis/index.html,20241008061311,cdx,
https://www.cnn.com/2024/10/08/politics/trump-disinformation-2024-analysis/index.html?iid=cnn_buildContentRecirc_end_recirc,20241008153723,cdx,
https://www.cnn.com/2024/10/08/politics/trump-gaza-fact-check/,20241008175256,cdx,
https://www.cnn.com/2024/10/08/politics/trump-remove-jew-haters-october-7-event/,20241008070920,cdx,
https://www.cnn.com/2024/10/08/politics/trump-remove-jew-haters-october-7-event/index.html,20241008150911,cdx,
https://www.cnn.com/2024/10/08/politics/us-federal-budget-national-deficit/,20241008222245,cdx,
https://www.cnn.com/2024/10/08/politics/us-military-weapons-systems-ukraine/,20241008201039,cdx,
https://www.cnn.com/2024/10/08/politics/us-military-weapons-systems-ukraine/index.html,20241008221553,cdx,
https://www.cnn.com/2024/10/08/science/nobel-prize-physics-hopfield-hinton-machine-learning-intl/,20241008112604,cdx,
https://www.cnn.com/2024/10/08/science/nobel-prize-physics-hopfield-hinton-machine-learning-intl/index.html,20241008124135,cdx,
https://www.cnn.com/2024/10/08/sport/georgia-football-colbie-young-arrest-assault-battery-spt-intl/index.html,20241008234417,cdx,
https://www.cnn.com/2024/10/08/sport/kansas-city-chiefs-new-orleans-saints-nfl-mnf-spt-intl/,20241008122348,cdx,
https://www.cnn.com/2024/10/08/sport/new-york-jets-fire-robert-saleh-spt-intl/,20241008222348,cdx,
https://www.cnn.com/2024/10/08/sport/new-york-jets-fire-robert-saleh-spt-intl/index.html,20241008164606,cdx,
https://www.cnn.com/2024/10/08/style/beer-can-artwork-trash-scli-intl/,20241008133804,cdx,
https://www.cnn.com/2024/10/08/style/beer-can-artwork-trash-scli-intl/index.html,20241008152901,cdx,
https://www.cnn.com/2024/10/08/style/beer-can-artwork-trash-scli-intl/index.html?cid=ios_app,20241008165702,cdx,
https://www.cnn.com/2024/10/08/style/kamala-harris-pussy-bow-blouse/,20241008112636,cdx,
https://www.cnn.com/2024/10/08/style/kamala-harris-pussy-bow-blouse/index.html,20241008151946,cdx,
https://www.cnn.com/2024/10/08/style/video/arcteryx-skip-exoskeleton-hiking-pants-digvid,20241008152635,cdx,
https://www.cnn.com/2024/10/08/tech/tiktok-sued-14-states-childrens-mental-health/,20241008145436,cdx,
https://www.cnn.com/2024/10/08/tech/tiktok-sued-14-states-childrens-mental-health/index.html,20241008161742,cdx,
https://www.cnn.com/2024/10/08/uk/mi5-terrorism-speech-isis-al-qaeda-gbr-intl/,20241008133823,cdx,
https://www.cnn.com/2024/10/08/uk/mi5-terrorism-speech-isis-al-qaeda-gbr-intl/index.html,20241008155315,cdx,
https://www.cnn.com/2024/10/08/us/5-things-pm-october-8-trnd,20241008222028,cdx,
https://www.cnn.com/2024/10/08/us/5-things-to-know-for-oct-8-hurricane-milton-immigration-israel-cyberattack-marburg-virus/,20241008133854,cdx,
https://www.cnn.com/2024/10/08/us/5-things-to-know-for-oct-8-hurricane-milton-immigration-israel-cyberattack-marburg-virus/index.html,20241008213047,cdx,
https://www.cnn.com/2024/10/08/us/evacuations-helene-milton-inland-florida/,20241008222255,cdx,
https://www.cnn.com/2024/10/08/us/evacuations-helene-milton-inland-florida/index.html?iid=cnn_buildContentRecirc_end_recirc,20241008210707,cdx,
https://www.cnn.com/2024/10/08/us/florida-evacuation-milton-challenges/,20241008222356,cdx,
https://www.cnn.com/2024/10/08/us/florida-evacuation-milton-challenges/index.html,20241008230355,cdx,
https://www.cnn.com/2024/10/08/us/video/boy-stolen-car-playground-minneapolis-digvid,20241008152153,cdx,
https://www.cnn.com/2024/10/08/weather/gallery/hurricane-milton/,20241008155952,cdx,
https://www.cnn.com/2024/10/08/weather/video/forecast-hurricane-milton-tampa-florida-digvid,20241008095138,cdx,
https://www.cnn.com/2024/10/08/weather/video/hurricane-milton-meteorologist-tears-up-tv-ovn-ldn-digvid,20241008151339,cdx,
https://www.cnn.com/2024/10/08/world/video/african-continental-free-trade-area-intl-spc,20241008173252,cdx,
https://www.cnn.com/2024/10/08/world/video/gps1006-coates-on-the-plight-of-palestinians,20241008153939,cdx,
https://www.cnn.com/2024/10/08/world/video/hurricane-milton-patriots-peppers-lottery-5things-digvid,20241008173311,cdx,
https://www.cnn.com/2024/10/08/world/video/israel-airstrikes-lebanon-targets-digvid,20241008085416,cdx,
https://www.cnn.com/2024/10/08/world/video/koala-sydney-train-station-ldn-digvid,20241008154847,cdx,
https://www.cnn.com/2024/10/08/world/video/lebanon-destruction-israeli-airstrikes-digvid,20241008173303,cdx,
https://www.cnn.com/2024/10/08/world/video/rema-homecoming-concert-benin-city-spc,20241008164444,cdx,
https://www.cnn.com/2024/09/02/politics/us-captures-isis-leader,20241009231634,cdx,
https://www.cnn.com/2024/09/02/world/mbitu-killing-suspect-extradited-kenya-boston-cec?cid=ios_app,20241009115841,cdx,
https://www.cnn.com/2024/09/03/business/hewlett-packard-uk-claim-mike-lynch/index.html?cid=external-feeds_iluminar_yahoo,20241009190229,cdx,
https://www.cnn.com/2024/09/03/entertainment/isaac-hayes-donald-trump-song,20241010002459,cdx,
https://www.cnn.com/2024/09/03/middleeast/hamas-israel-hostage-deal-raise-stakes-intl/,20241009000902,cdx,
https://www.cnn.com/2024/09/03/politics/harris-economic-proposals/index.html?cid=external-feeds_iluminar_yahoo,20241009052900,cdx,
https://www.cnn.com/2024/09/03/politics/jimmy-mccain-decries-trump-arlington-appearance/index.html?ICID=ref_fark,20241009151612,cdx,
https://www.cnn.com/2024/09/03/politics/justice-department-indicts-hamas-leaders/,20241009000916,cdx,
https://www.cnn.com/2024/09/03/politics/kamala-harris-new-economic-policy/index.html?cid=external-feeds_iluminar_yahoo,20241009052900,cdx,
https://www.cnn.com/2024/09/03/politics/kamala-harris-new-economic-policy?Date=20240903&Profile=CNNPolitics,20241009042354,cdx,
https://www.cnn.com/2024/09/03/politics/retired-judge-wants-cannon-removed-trump-documents/index.html?Date=20240904&Profile=cnnpolitics&utm_content=1725408383&utm_medium=social&utm_source=threads,20241010003834,cdx,
https://www.cnn.com/2024/09/03/us/new-york-linda-sun-china-gifts?cid=ios_app,20241010045347,cdx,
https://www.cnn.com/2024/09/04/europe/ireland-child-sex-abuse-schools-report-intl/index.html?utm_medium=social&utm_source=blueskyCNN&utm_content=2024-09-04T14:16:40,20241009214047,cdx,
https://www.cnn.com/2024/09/05/business/trump-economy-tariffs/index.html?cid=external-feeds_iluminar_yahoo,20241009052547,cdx,
https://www.cnn.com/2024/09/05/us/king-soopers-mass-shooting-trial,20241009025943,cdx,
https://www.cnn.com/2024/09/06/politics/us-sees-increasing-risk-of-russian-sabotage-undersea-cables/index.html?utm_medium=social&utm_source=blueskyCNN&utm_content=2024-09-06T13%3A18%3A06,20241009234424,cdx,
https://www.cnn.com/2024/09/07/sport/team-usa-paralympics-spt-intl?cid=external-feeds_iluminar_yahoo,20241009234746,cdx,
https://www.cnn.com/2024/09/08/business/frequent-flyer-programs-airlines?cid=external-feeds_iluminar_yahoo,20241010013712,cdx,
https://www.cnn.com/2024/09/09/business/googles-search-business-was-declared-to-be-a-monopoly-now-its-ad-business-is-on-trial/,20241009115650,cdx,
https://www.cnn.com/2024/09/09/politics/breakthrough-polling-project-harris-trump-august/index.html?cid=external-feeds_iluminar_yahoo,20241009053903,cdx,
https://www.cnn.com/2024/09/09/politics/georgia-election-board-rules/index.html?cid=external-feeds_iluminar_yahoo,20241009011745,cdx,
https://www.cnn.com/2024/09/09/sport/joint-funeral-johnny-matthew-gaudreau-spt-intl?cid=external-feeds_iluminar_yahoo,20241010024037,cdx,
https://www.cnn.com/2024/09/10/food/amazon-saver-launch-prices?cid=external-feeds_iluminar_yahoo,20241010063449,cdx,
https://www.cnn.com/2024/09/10/politics/abortion-rights-ballot-missouri-ballot-court-rules,20241009163339,cdx,
https://www.cnn.com/2024/09/11/investing/cpi-stock-market-reaction?cid=external-feeds_iluminar_yahoo,20241010014712,cdx,
https://www.cnn.com/2024/09/11/media/will-trump-and-harris-debate-again-abc-moderators/,20241010062349,cdx,
https://www.cnn.com/2024/09/11/sport/cleveland-browns-deshaun-watson-surprised-lawsuit-spt-intl?cid=external-feeds_iluminar_yahoo,20241010024246,cdx,
https://www.cnn.com/2024/09/12/economy/retail-cards-interest-rates-study/index.html?cid=external-feeds_iluminar_yahoo,20241009052551,cdx,
https://www.cnn.com/2024/09/12/politics/trump-overtime-pay-taxes/index.html?cid=external-feeds_iluminar_yahoo,20241009055306,cdx,
https://www.cnn.com/2024/09/12/politics/undocumented-immigrants-voting-what-matters/index.html?cid=external-feeds_iluminar_yahoo,20241009011838,cdx,
https://www.cnn.com/2024/09/12/science/mass-extinction-permian-el-nino/index.html?cid=external-feeds_iluminar_yahoo,20241009001351,cdx,
https://www.cnn.com/2024/09/14/politics/donald-trump-kamala-harris-laura-loomer/index.html?cid=external-feeds_iluminar_yahoo,20241009053012,cdx,
https://www.cnn.com/2024/09/15/entertainment/award-winners-emmys/index.html?utm_term=17267635098433e6a06cca6b6&utm_source=cnn_PopLife_Resources+Automated+%28weekly%29&utm_medium=email&bt_ee=gR4ajsvk1KciDjthSC8jPKogpnzg9w%2FTgX6h%2Fk4fEegZOmmNnhtA5JhDsF3DgI2I&bt_ts=1726763509845,20241009003348,cdx,
https://www.cnn.com/2024/09/15/middleeast/israel-missile-yemen-gaza-intl-hnk/index.html?cid=external-feeds_iluminar_yahoo,20241009191025,cdx,
https://www.cnn.com/2024/09/15/politics/donald-trump-safe-shots/index.html?cid=external-feeds_iluminar_yahoo,20241009053115,cdx,
https://www.cnn.com/2024/09/15/politics/video/jd-vance-haitian-immigrants-baseless-pet-eating-claims-bash-sotu-digvid?cid=ios_app,20241009044148,cdx,
https://www.cnn.com/2024/09/15/sport/team-usa-wins-solheim-cup-spt-intl,20241009042814,cdx,
https://www.cnn.com/2024/09/16/europe/germany-land-border-control-schengen-intl,20241009030654,cdx,
https://www.cnn.com/2024/09/16/health/covid-19-flu-rsv-vaccines,20241009025644,cdx,
https://www.cnn.com/2024/09/16/science/voyager-1-thruster-issue?cid=external-feeds_iluminar_yahoo,20241009060602,cdx,
https://www.cnn.com/2024/09/16/sport/video/formula-1-driver-daniel-ricciardo-ldn-digvid?cid=external-feeds_iluminar_cnn-brasil,20241009020450,cdx,
https://www.cnn.com/2024/09/16/us/florida-11-year-old-arrested-school-shooting-threat,20241009162153,cdx,
https://www.cnn.com/2024/09/17/business/elon-musk-richest-person-trillionaire/index.html?cid=external-feeds_iluminar_yahoo,20241009051120,cdx,
https://www.cnn.com/2024/09/17/politics/donald-trump-salt-tax,20241009033337,cdx,
https://www.cnn.com/2024/09/17/politics/donald-trump-salt-tax/index.html?cid=external-feeds_iluminar_yahoo,20241009052932,cdx,
https://www.cnn.com/2024/09/17/politics/harris-reproductive-rights-male-voters/index.html?cid=external-feeds_iluminar_yahoo,20241009055331,cdx,
https://www.cnn.com/2024/09/17/science/diving-anole-lizard-breathing-underwater?cid=external-feeds_iluminar_yahoo,20241009054417,cdx,
https://www.cnn.com/2024/09/17/science/egypt-army-barracks-sword-intl-scli/index.html?cid=external-feeds_iluminar_yahoo,20241009054445,cdx,
https://www.cnn.com/2024/09/17/science/partial-lunar-eclipse-harvest-moon/index.html?cid=external-feeds_iluminar_yahoo,20241009053623,cdx,
https://www.cnn.com/2024/09/17/sport/shohei-ohtani-xbh-steals-record-spt-intl,20241009041112,cdx,
https://www.cnn.com/2024/09/17/us/georgia-apalachee-high-school-shooting,20241009162608,cdx,
https://www.cnn.com/2024/09/18/entertainment/cassie-ventura-sean-diddy-combs,20241009041210,cdx,
https://www.cnn.com/2024/09/18/media/haitian-times-springfield-ohio-immigrants-false-claim/index.html?cid=external-feeds_iluminar_yahoo,20241009053835,cdx,
https://www.cnn.com/2024/09/18/middleeast/un-israel-end-occupation-palestine-intl,20241009031342,cdx,
https://www.cnn.com/2024/09/18/sport/oleksandr-usyk-ukraine-boxer-detention-release-spt-intl/index.html?cid=external-feeds_iluminar_yahoo,20241009194416,cdx,
https://www.cnn.com/2024/09/18/us/kentucky-i-75-shooting-suspect-body-found/index.html?utm_medium=social&utm_source=blueskyCNN&utm_content=2024-09-19T01%3A05%3A11,20241009034124,cdx,
https://www.cnn.com/2024/09/19/health/drug-overdoses-sharp-decline/index.html?cid=ios_app,20241009182011,cdx,
https://www.cnn.com/2024/09/19/politics/kfile-mark-robinson-black-nazi-pro-slavery-porn-forum/index.html?emci=7d4bc591-6777-ef11-991a-6045bdee6681&emdi=ea000000-0000-0000-0000-000000000001&ceid=%7b%7bContactsEmailID%7d%7d,20241009163158,cdx,
https://www.cnn.com/2024/09/19/politics/kfile-mark-robinson-black-nazi-pro-slavery-porn-forum/index.html?cid=eml_nbcp_%7Bdate%28%E2%80%98yyyyMMdd%E2%80%99%29%7D,20241009015049,cdx,
https://www.cnn.com/2024/09/19/politics/north-carolina-governor-mark-robinson/index.html?cid=external-feeds_iluminar_yahoo,20241009011204,cdx,
https://www.cnn.com/2024/09/19/science/boeing-starliner-astronauts-voting-from-space?cid=external-feeds_iluminar_yahoo,20241009060808,cdx,
https://www.cnn.com/2024/09/19/us/mansion-to-misery-a-glimpse-inside-the-prison-sean-diddy-combs-is-calling-home,20241009035531,cdx,
https://www.cnn.com/2024/09/19/us/springfield-ohio-haitians-immigration-cec/index.html?os=TMB,20241009210954,cdx,
https://www.cnn.com/2024/09/19/us/springfield-ohio-haitians-immigration-cec/index.html?os=TMB&ref=app,20241009210926,cdx,
https://www.cnn.com/2024/09/19/us/springfield-ohio-haitians-immigration-cec/index.html?os=wtmb5utKCxk5&ref=app,20241009214802,cdx,
https://www.cnn.com/2024/09/19/us/springfield-ohio-haitians-immigration-cec/index.html?os=wtmbzegmu5hw,20241010062928,cdx,
https://www.cnn.com/2024/09/20/asia/south-korea-abortion-youtube-video-intl-hnk/index.html?ref=upstract.com,20241009030324,cdx,
https://www.cnn.com/2024/09/20/business/23andme-board-resigns-nightcap/index.html?fbclid=IwY2xjawFbrv9leHRuA2FlbQIxMQABHearF4F-xT4W879ZuLIOaydbbH2RGAZgnA5vYKgJSwu3Ce36Lj9pRxwoFw_aem_YyL0p_kMnnlzdIATttGmbg,20241009073809,cdx,
https://www.cnn.com/2024/09/20/business/chechnya-kadyrov-musk-tesla-cybertruck-disabled/index.html?utm_source=business_ribbon,20241009034414,cdx,
https://www.cnn.com/2024/09/20/business/european-union-ukraine-35-billion-loan,20241009162047,cdx,
https://www.cnn.com/2024/09/20/health/galaxy-gas-trend-nitrous-oxide-risks-wellness/index.html?ref=upstract.com,20241009054933,cdx,
https://www.cnn.com/2024/09/20/health/insulin-prices-federal-trade-commission-pbms/index.html?ref=upstract.com,20241009022445,cdx,
https://www.cnn.com/2024/09/20/middleeast/israel-hamas-eden-yerushalmi-sisters-interview-intl/index.html?ref=upstract.com,20241009033052,cdx,
https://www.cnn.com/2024/09/20/politics/abortion-rights-georgia-kamala-harris/index.html?cid=external-feeds_iluminar_yahoo,20241009005316,cdx,
https://www.cnn.com/2024/09/20/politics/jill-stein-nevada-supreme-court-ballot,20241009030049,cdx,
https://www.cnn.com/2024/09/20/politics/mark-robinson-donald-trump-kamala-harris-ad/index.html?ref=upstract.com,20241009012455,cdx,
https://www.cnn.com/2024/09/20/politics/posts-removed-porn-forum-mark-robinson-north-carolina-kfile/index.html?ref=upstract.com,20241009032208,cdx,
https://www.cnn.com/2024/09/20/politics/springfield-ohio-vance-campaign-wsj-report/index.html?cid=external-feeds_iluminar_yahoo,20241009053016,cdx,
https://www.cnn.com/2024/09/20/politics/us-ukraine-military-aid,20241009033126,cdx,
https://www.cnn.com/2024/09/20/politics/video/doug-emhoff-gov-huckabees-remarks-on-harris-repulsive,20241009025917,cdx,
https://www.cnn.com/2024/09/20/politics/video/freaky-friday-fight-song-syndrome-and-baseball,20241009025232,cdx,
https://www.cnn.com/2024/09/20/politics/video/hand-counted-ballots-could-ga-hold-up-final-election-results,20241009025904,cdx,
https://www.cnn.com/2024/09/20/science/earth-asteroid-mini-moon?cid=external-feeds_iluminar_yahoo,20241009055438,cdx,
https://www.cnn.com/2024/09/20/science/human-genome-crystal-intl-scli?cid=external-feeds_iluminar_cnn-brasil,20241009005144,cdx,
https://www.cnn.com/2024/09/20/sport/elena-congost-paralympics-marathon-disqualification-spt-intl?cid=external-feeds_iluminar_cnn-brasil,20241009015142,cdx,
https://www.cnn.com/2024/09/20/sport/jets-patriots-aaron-rodgers-spt-intl/index.html?cid=external-feeds_iluminar_yahoo,20241009202159,cdx,
https://www.cnn.com/2024/09/20/sport/wnba-regular-season-final-day-spt-intl,20241009163341,cdx,
https://www.cnn.com/2024/09/20/sport/wnba-regular-season-final-day-spt-intl/index.html?cid=external-feeds_iluminar_yahoo,20241009183513,cdx,
https://www.cnn.com/2024/09/20/world/video/hiker-survives-dramatic-fall-china-ldn-digvid?ref=upstract.com,20241009200133,cdx,
https://www.cnn.com/2024/09/21/africa/chimpanzee-center-ransacked-guinea-infant-killed-intl/index.html?cid=ios_app,20241009190932,cdx,
https://www.cnn.com/2024/09/21/entertainment/video/hollywood-entertainment-movies-music-tears-for-fears-curt-smith-roland-orzabal-martin-guitars-life-is-good-gwar-anniversary,20241009025730,cdx,
https://www.cnn.com/2024/09/21/media/trump-second-debate-harris-vp-october-analysis/index.html?cid=external-feeds_iluminar_yahoo,20241009055420,cdx,
https://www.cnn.com/2024/09/21/politics/donald-trump-north-carolina-mark-robinson,20241009031658,cdx,
https://www.cnn.com/2024/09/21/politics/donald-trump-north-carolina-mark-robinson/index.html?ref=upstract.com,20241009052352,cdx,
https://www.cnn.com/2024/09/21/politics/election-security-funds-decline-threats-grow-invs/index.html?ref=upstract.com,20241009030749,cdx,
https://www.cnn.com/2024/09/21/politics/fundraising-harris-trump-elon-musk,20241009074056,cdx,
https://www.cnn.com/2024/09/21/politics/fundraising-harris-trump-elon-musk/index.html?ref=upstract.com,20241009034324,cdx,
https://www.cnn.com/2024/09/21/politics/presidential-debate-harris-trump-cnn/index.html?ref=upstract.com,20241009052446,cdx,
https://www.cnn.com/2024/09/21/politics/video/smr-robinson-blames-ai-for-racist-comments,20241009030020,cdx,
https://www.cnn.com/2024/09/21/politics/video/smr-trump-in-north-carolina-amid-robinson-scandal,20241009035501,cdx,
https://www.cnn.com/2024/09/21/sport/eddie-hearn-joshua-dubois-tyson-fury-spt-intl,20241009164014,cdx,
https://www.cnn.com/2024/09/21/sport/eddie-hearn-joshua-dubois-tyson-fury-spt-intl?cid=external-feeds_iluminar_yahoo,20241009182151,cdx,
https://www.cnn.com/2024/09/21/us/kentucky-community-struggles-sheriff-charged-judge-killing,20241009162256,cdx,
https://www.cnn.com/2024/09/21/us/sean-diddy-combs-vs-r-kelly-cases/index.html?ref=upstract.com,20241009053852,cdx,
https://www.cnn.com/2024/09/22/politics/angela-alsobrooks-improper-tax-deductions/index.html?cid=ios_app,20241009164648,cdx,
https://www.cnn.com/2024/09/22/politics/closest-presidential-race-harris-trump/index.html?ref=upstract.com,20241009194126,cdx,
https://www.cnn.com/2024/09/22/politics/government-funding-bill-unveiled-johnson/index.html?ref=upstract.com,20241009200844,cdx,
https://www.cnn.com/2024/09/22/politics/mark-robinson-campaign-resignations/index.html?ref=upstract.com,20241009202215,cdx,
https://www.cnn.com/2024/09/22/sport/aja-wilson-third-wnba-mvp-spt-intl?cid=external-feeds_iluminar_yahoo,20241009180418,cdx,
https://www.cnn.com/2024/09/22/sport/daniel-dubois-anthony-joshua-ibf-heavyweight-spt-intl?cid=external-feeds_iluminar_yahoo,20241009192819,cdx,
https://www.cnn.com/2024/09/22/sport/nfl-week-3-sunday-how-to-watch-spt-intl/index.html?cid=external-feeds_iluminar_yahoo,20241009172320,cdx,
https://www.cnn.com/2024/09/22/sport/wnba-playoffs-first-round-what-to-watch-spt-intl/index.html?cid=external-feeds_iluminar_yahoo,20241009184522,cdx,
https://www.cnn.com/2024/09/22/style/magritte-christies-new-york-auction-tan/index.html?ref=upstract.com,20241009170651,cdx,
https://www.cnn.com/2024/09/22/us/birmingham-alabama-shooting-five-points-south/index.html?ref=upstract.com,20241009172741,cdx,
https://www.cnn.com/2024/09/23/style/italy-man-smashes-ai-weiwei-sculpture-hnk-intl/index.html?utm_medium=social&utm_source=blueskyCNN&utm_content=2024-09-23T20:54:12,20241009182504,cdx,
https://www.cnn.com/2024/09/23/tech/social-media-ai-data-opt-out,20241009222948,cdx,
https://www.cnn.com/2024/09/24/business/visa-doj-lawsuit/index.html/,20241009072545,cdx,
https://www.cnn.com/2024/09/24/middleeast/israel-second-war-hezbollah-cost-intl/index.html?utm_medium=social&utm_source=blueskyCNN&utm_content=2024-09-24T15%3A50%3A22,20241009014110,cdx,
https://www.cnn.com/2024/09/24/science/massive-black-hole-jets-porphyrion/index.html?utm_medium=social&utm_source=blueskyCNN&utm_content=2024-09-26T01:03:11,20241009180354,cdx,
https://www.cnn.com/2024/09/25/health/988-lifeline-georouting-caller-location/index.html?utm_source=newsletter_4160&utm_medium=email&utm_campaign=nphic-news-highlights,20241009213140,cdx,
https://www.cnn.com/2024/09/27/politics/iran-trump-hackers-charged,20241010080019,cdx,
https://www.cnn.com/2024/09/30/media/directv-dish-network-merger/?utm_medium=social&utm_source=blueskyCNN&utm_content=2024-09-30T12%3A18%3A07,20241009063255,cdx,
https://www.cnn.com/2024/10/01/politics/iran-missile-attack-israel/index.html?cid=external-feeds_iluminar_yahoo,20241009174142,cdx,
https://www.cnn.com/2024/10/01/world/video/israel-iran-attack-barak-ravid-digvid?hpt=ob_blogfooterold&dicbo=v2-r6wTqLG,20241010052010,cdx,
https://www.cnn.com/2024/10/02/business/college-grads-air-traffic-controller-jobs?cid=ios_app,20241010050102,cdx,
https://www.cnn.com/2024/10/03/politics/october-surprises-trump-harris-analysis/,20241009102458,cdx,
https://www.cnn.com/2024/10/03/sport/masters-donation-hurricane-helene-relief-spt-intl/,20241010040423,cdx,
https://www.cnn.com/2024/10/04/climate/antarctica-greening-vegetation-satellite-images/index.html?utm_medium=social&utm_source=blueskyCNN&utm_content=2024-10-04T11%3A16%3A59,20241009180338,cdx,
https://www.cnn.com/2024/10/04/media/new-york-editorial-board-local-endorsement/index.html?utm_source=substack&utm_medium=email,20241009112814,cdx,
https://www.cnn.com/2024/10/04/politics/biden-warns-congress-disaster-funding-run-out/,20241009112244,cdx,
https://www.cnn.com/2024/10/04/politics/oklahoma-schools-bible-trump?cid=external-feeds_iluminar_msn,20241009112235,cdx,
https://www.cnn.com/2024/10/04/us/impact-plastics-tennessee-workers-helene/index.html?cid=ios_app,20241009135212,cdx,
https://www.cnn.com/2024/10/05/media/hurricane-helene-fema-false-claims-recovery,20241009112258,cdx,
https://www.cnn.com/2024/10/05/politics/chinese-hackers-us-telecoms/index.html?iid=cnn_buildContentRecirc_end_recirc,20241010005830,cdx,
https://www.cnn.com/2024/10/05/science/nobel-prize-worthy-science-discoveries/index.html?utm_medium=social&utm_source=blueskyCNN&utm_content=2024-10-06T13%3A54%3A13,20241009131609,cdx,
https://www.cnn.com/2024/10/05/sport/ellie-elephant-new-york-liberty-wnba-cec/index.html?cid=external-feeds_iluminar_yahoo,20241010073045,cdx,
https://www.cnn.com/2024/10/05/sport/wnba-playoffs-roundup-semifinals-spt-intl/index.html?iid=cnn_buildContentRecirc_end_recirc,20241009101737,cdx,
https://www.cnn.com/2024/10/05/us/helene-death-toll-rises-saturday,20241009113738,cdx,
https://www.cnn.com/2024/10/06/business/employer-help-caregiving-wellness/index.html?cid=external-feeds_iluminar_yahoo,20241009042624,cdx,
https://www.cnn.com/2024/10/06/politics/fact-check-trump-helene-response-north-carolina?cid=external-feeds_iluminar_google,20241009042319,cdx,
https://www.cnn.com/2024/10/06/sport/coco-gauff-china-open-title-spt-intl?cid=external-feeds_iluminar_yahoo,20241009220916,cdx,
https://www.cnn.com/2024/10/06/sport/liberty-defeat-aces-advance-to-wnba-finals-spt-intl/index.html?iid=cnn_buildContentRecirc_end_recirc,20241009094818,cdx,
https://www.cnn.com/2024/10/07/asia/telegram-southeast-asia-criminal-networks-intl-hnk?cid=ios_app,20241009122631,cdx,
https://www.cnn.com/2024/10/07/business/property-damange-hurricane-helene-47-billion/index.html?iid=cnn_buildContentRecirc_end_recirc,20241009185353,cdx,
https://www.cnn.com/2024/10/07/entertainment/video/hollywood-entertainment-streaming-television-peacock-teacup,20241009014815,cdx,
https://www.cnn.com/2024/10/07/entertainment/video/hollywood-entertainment-video-games-star-trucker-throne-and-liberty-eve-online-eve-galaxy-conquest-mobile,20241009014731,cdx,
https://www.cnn.com/2024/10/07/media/cbs-ta-nehisi-coates-tony-dokoupil-interview/index.html?fbclid=IwY2xjawFyYpZleHRuA2FlbQIxMAABHWKsaAF-SlVVr5EyZvS3-0_N_C4EMhLZa1oYhpS2JmHkO84CS2Wg2aArWA_aem_Rma3HvL89hsNQQxwjQN-BQ,20241009052512,cdx,
https://www.cnn.com/2024/10/07/politics/fact-check-walz-false-claims-trump-abortion-economy/index.html?iid=cnn_buildContentRecirc_end_recirc,20241009114308,cdx,
https://www.cnn.com/2024/10/07/politics/first-amendment-gun-suicide-display-texas-confederate-protest-supreme-court/index.html?iid=cnn_buildContentRecirc_end_recirc,20241009095133,cdx,
https://www.cnn.com/2024/10/07/politics/video/a-huge-alabama-upset-this-weekend-could-the-texas-senate-race-follow-suit,20241009014650,cdx,
https://www.cnn.com/2024/10/07/politics/video/the-lead-jake-tapper-trump-lies-hurricane-helene-dissaster-fema-rumors-jake-tapper,20241009015118,cdx,
https://www.cnn.com/2024/10/07/science/nobel-medicine-prize-discovery-microrna-victor-ambros-gary-ruvkun-intl,20241009053252,cdx,
https://www.cnn.com/2024/10/07/sport/gauff-castellanos-five-athletes-this-weekend-spt-intl/index.html?iid=cnn_buildContentRecirc_end_recirc,20241009015634,cdx,
https://www.cnn.com/2024/10/07/sport/wnba-clara-wu-tsai-new-york-liberty-spt-intl/,20241009090152,cdx,
https://www.cnn.com/2024/10/07/us/5-things-pm-october-7-trnd/index.html?iid=cnn_buildContentRecirc_end_recirc,20241009190509,cdx,
https://www.cnn.com/2024/10/07/world/video/october-7-anniversary-gershon-intv-ctw-100710aseg1-cnni-world-fast,20241009145153,cdx,
https://www.cnn.com/2024/10/07/world/video/the-lead-michael-herzog-oct-7-hamas-gaza-israel-hostages-one-year-jake-tapper,20241009014823,cdx,
https://www.cnn.com/2024/10/08/asia/russian-climbers-dead-nepal-dhaulagiri-intl/index.html,20241010005729,cdx,
https://www.cnn.com/2024/10/08/business/american-water-cyberattack-hnk-intl/index.html?iid=cnn_buildContentRecirc_end_recirc,20241009081539,cdx,
https://www.cnn.com/2024/10/08/business/boeing-strike-union-talks-break-down/,20241009043748,cdx,
https://www.cnn.com/2024/10/08/business/boeing-strike-union-talks-break-down/index.html,20241009052942,cdx,
https://www.cnn.com/2024/10/08/business/boeing-strike-union-talks-break-down/index.html?fbclid=IwZXh0bgNhZW0CMTEAAR0dkSQXr8DogFnSJsQN-dJ3HSmO-Pon5BGP8Nm7YcPGAC-JEEqKVCryLrY_aem_iTBVMNXnBcQjDiAQTgJ1YA,20241009232521,cdx,
https://www.cnn.com/2024/10/08/business/china-economy-ndrc-hnk-intl/index.html,20241009014959,cdx,
https://www.cnn.com/2024/10/08/business/deloitte-trump-leaked-jd-vance-messages/index.html?iid=cnn_buildContentRecirc_end_recirc,20241009034821,cdx,
https://www.cnn.com/2024/10/08/business/home-shopping-zillow-climate-risk/index.html,20241009015230,cdx,
https://www.cnn.com/2024/10/08/business/hurricane-milton-florida-gasoline-shortages?cid=external-feeds_iluminar_yahoo,20241009035438,cdx,
https://www.cnn.com/2024/10/08/business/mcdonalds-french-fries-lamb-weston/index.html?iid=cnn_buildContentRecirc_end_recirc,20241009091032,cdx,
https://www.cnn.com/2024/10/08/business/mcdonalds-french-fries-lamb-weston?cid=external-feeds_iluminar_yahoo,20241009035518,cdx,
https://www.cnn.com/2024/10/08/business/mega-millions-ticket-price/index.html?utm_campaign=mb&utm_medium=newsletter&utm_source=morning_brew,20241009111033,cdx,
https://www.cnn.com/2024/10/08/climate/portugal-fires-eucalyptus-paper,20241009104510,cdx,
https://www.cnn.com/2024/10/08/energy/strait-of-hormuz-iran-oil-prices,20241009061631,cdx,
https://www.cnn.com/2024/10/08/energy/strait-of-hormuz-iran-oil-prices?cid=ios_app,20241009010549,cdx,
https://www.cnn.com/2024/10/08/entertainment/andrew-garfield-all-there-is,20241009000703,cdx,
https://www.cnn.com/2024/10/08/entertainment/andrew-garfield-all-there-is/index.html,20241009063249,cdx,
https://www.cnn.com/2024/10/08/entertainment/billie-eilish-tour-adult-finneas/index.html,20241009090516,cdx,
https://www.cnn.com/2024/10/08/entertainment/celine-dion-kelly-clarkson/,20241009000902,cdx,
https://www.cnn.com/2024/10/08/entertainment/celine-dion-kelly-clarkson/index.html,20241009110655,cdx,
https://www.cnn.com/2024/10/08/entertainment/jenna-fischer-breast-cancer-free/index.html,20241009001001,cdx,
https://www.cnn.com/2024/10/08/entertainment/lisa-marie-presley-body-benjamin-keough/index.html,20241009062211,cdx,
https://www.cnn.com/2024/10/08/entertainment/menendez-brothers-netflix-documentary/index.html,20241009111904,cdx,
https://www.cnn.com/2024/10/08/entertainment/menendez-brothers-netflix-documentary?cid=ios_app,20241009134744,cdx,
https://www.cnn.com/2024/10/08/entertainment/video/entertainment-showbiz-hollywood-minute-john-wick-theaters-magazine-dreams-release-denis-villeneuve-gotham-awards,20241010005517,cdx,
https://www.cnn.com/2024/10/08/europe/interpol-identify-me-campaign-expanded-scli-intl/index.html,20241009130912,cdx,
https://www.cnn.com/2024/10/08/health/baby-boomers-living-longer-worse-health-intl-scli/index.html,20241009015910,cdx,
https://www.cnn.com/2024/10/08/health/bird-flu-california-dairy-farms/index.html,20241009042301,cdx,
https://www.cnn.com/2024/10/08/health/breast-cancer-awareness-wellness/index.html,20241009061637,cdx,
https://www.cnn.com/2024/10/08/health/school-phone-ban-student-perspective-wellness/index.html?iid=cnn_buildContentRecirc_end_recirc,20241009082836,cdx,
https://www.cnn.com/2024/10/08/health/video/andrew-garfield-anderson-cooper-all-there-is-grief-podcast-interview-digvid,20241009004547,cdx,
https://www.cnn.com/2024/10/08/investing/satoshi-nakamoto-identity/,20241009032458,cdx,
https://www.cnn.com/2024/10/08/investing/satoshi-nakamoto-identity/index.html,20241009020729,cdx,
https://www.cnn.com/2024/10/08/investing/satoshi-nakamoto-identity?cid=external-feeds_iluminar_yahoo,20241009033910,cdx,
https://www.cnn.com/2024/10/08/media/florida-tv-abortion-rights-ad-fcc-desantis/,20241009000722,cdx,
https://www.cnn.com/2024/10/08/media/florida-tv-abortion-rights-ad-fcc-desantis/index.html,20241009035818,cdx,
https://www.cnn.com/2024/10/08/media/florida-tv-abortion-rights-ad-fcc-desantis?cid=external-feeds_iluminar_yahoo,20241009035432,cdx,
https://www.cnn.com/2024/10/08/media/trump-harris-debate-deadline-cnn,20241009112517,cdx,
https://www.cnn.com/2024/10/08/media/trump-harris-debate-deadline-cnn/index.html,20241009183105,cdx,
https://www.cnn.com/2024/10/08/media/trump-harris-debate-deadline-cnn?cid=external-feeds_iluminar_google,20241009032752,cdx,
https://www.cnn.com/2024/10/08/middleeast/gaza-jabalya-idf-shooting-intl,20241009165255,cdx,
https://www.cnn.com/2024/10/08/middleeast/gaza-jabalya-idf-shooting-intl/index.html,20241010005537,cdx,
https://www.cnn.com/2024/10/08/middleeast/hezbollah-endorses-lebanon-ceasefire-first-time-israel-war-intl/index.html?iid=cnn_buildContentRecirc_end_recirc,20241009091123,cdx,
https://www.cnn.com/2024/10/08/middleeast/isael-gaza-one-year-hamas-fighting-hnk-intl/,20241010005110,cdx,
https://www.cnn.com/2024/10/08/politics/bob-woodward-book-war-joe-biden-putin-netanyahu-trump/index.html?_kx=CzZZR8tUK1txh_-QK3DJSLxvae8naT-oggcPgJkzOQ6Au5j3x1IVDUrV61N1kEFn.VVEwpW,20241009013110,cdx,
https://www.cnn.com/2024/10/08/politics/bob-woodward-book-war-joe-biden-putin-netanyahu-trump/index.html?utm_term=172842496328333434d3aef79&utm_source=cnn_Evening+Newsletter+-+Tuesday%2C+October+8+2024&utm_medium=email&bt_ee=u9ttBoqYVmJVJQVEkAVNnraHsmk8xGwxkdYID1EvwwK8MnZ%2FSKpTV%2FzRdSazAqTy&bt_ts=1728424963286,20241009032055,cdx,
https://www.cnn.com/2024/10/08/politics/bob-woodward-book-war-joe-biden-putin-netanyahu-trump/index.html?iid=cnn_buildContentRecirc_end_recirc,20241009010731,cdx,
https://www.cnn.com/2024/10/08/politics/bob-woodward-book-war-joe-biden-putin-netanyahu-trump?cid=ios_app,20241009034726,cdx,
https://www.cnn.com/2024/10/08/politics/brett-kavanaugh-fbi-trump-senate-report/index.html,20241009042051,cdx,
https://www.cnn.com/2024/10/08/politics/fact-check-trump-false-claims-foreign-policy/index.html,20241009035930,cdx,
https://www.cnn.com/2024/10/08/politics/fact-check-trump-false-claims-foreign-policy/index.html?cid=ios_app,20241009100706,cdx,
https://www.cnn.com/2024/10/08/politics/georgia-election-board-atlanta-fulton-county/index.html,20241009035743,cdx,
https://www.cnn.com/2024/10/08/politics/georgia-lawsuit-helene-voter-registration-deadline/index.html,20241009150016,cdx,
https://www.cnn.com/2024/10/08/politics/harris-home-health-care-medicare-proposal/index.html?utm_campaign=mb&utm_medium=newsletter&utm_source=morning_brew,20241009113713,cdx,
https://www.cnn.com/2024/10/08/politics/isis-terrorism-arrest-oklahoma-election-day/,20241009000653,cdx,
https://www.cnn.com/2024/10/08/politics/joe-biden-postponed-trip-milton/index.html,20241009011808,cdx,
https://www.cnn.com/2024/10/08/politics/kamala-harris-donald-trump-hurricane-milton/index.html,20241009141458,cdx,
https://www.cnn.com/2024/10/08/politics/lead-pipes-joe-biden/,20241010001239,cdx,
https://www.cnn.com/2024/10/08/politics/lead-pipes-joe-biden/index.html,20241009050211,cdx,
https://www.cnn.com/2024/10/08/politics/mail-in-ballot-republican-lawsuits-battleground-states/index.html?utm_content=The+Riddle+of+the+Sphinx&utm_campaign=Boiling+Frogs_Paid+Subscribers+Only_The+Riddle+of+the+Sphinx&utm_source=ActiveCampaign&utm_medium=email,20241009000802,cdx,
https://www.cnn.com/2024/10/08/politics/putin-trump-biden-woodward-what-matters/index.html,20241009011638,cdx,
https://www.cnn.com/2024/10/08/politics/putin-trump-biden-woodward-what-matters/index.html?iid=cnn_buildContentRecirc_end_recirc,20241009011635,cdx,
https://www.cnn.com/2024/10/08/politics/trump-gaza-fact-check/index.html,20241009042114,cdx,
https://www.cnn.com/2024/10/08/politics/us-federal-budget-national-deficit/index.html,20241009035946,cdx,
https://www.cnn.com/2024/10/08/politics/video/bad-bromance-and-cheers-to-vp-harris,20241010010300,cdx,
https://www.cnn.com/2024/10/08/politics/video/boris-johnson-tapper-intv-lead-digvid,20241009015414,cdx,
https://www.cnn.com/2024/10/08/politics/video/harris-reacts-trump-sent-putin-covid-tests-pandemic-woodward-stern-ebof-digvid,20241009080226,cdx,
https://www.cnn.com/2024/10/08/politics/video/harris-struggles-to-differ-from-biden-could-it-hurt-her-campaign,20241009055342,cdx,
https://www.cnn.com/2024/10/08/politics/video/its-ridiculous-kara-swisher-reacts-to-musk-joking-about-possible-harris-assassination,20241010023534,cdx,
https://www.cnn.com/2024/10/08/politics/video/kamala-harris-the-view-interview-ana-navarro-digvid,20241010005537,cdx,
https://www.cnn.com/2024/10/08/politics/video/late-night-walz-kimmel-intv-digivid,20241009015228,cdx,
https://www.cnn.com/2024/10/08/politics/video/teamsters-president-democrats-have-f-ked-us-for-decades,20241009050528,cdx,
https://www.cnn.com/2024/10/08/politics/video/the-lead-jamie-gangel-bob-woodward-war-biden-trump-netanyahu-blinken-jake-tapper,20241010005438,cdx,
https://www.cnn.com/2024/10/08/politics/video/trump-gaza-visit-claim-wallace-src-digvid,20241009073514,cdx,
https://www.cnn.com/2024/10/08/politics/video/vance-comments-trump-biden-2020-results-kfile-ebof-digvid,20241009054516,cdx,
https://www.cnn.com/2024/10/08/politics/video/woodward-book-war-biden-trump-revelations-gangel-nr-digvid,20241009044543,cdx,
https://www.cnn.com/2024/10/08/politics/walz-electoral-college-needs-to-go/,20241009120152,cdx,
https://www.cnn.com/2024/10/08/politics/walz-electoral-college-needs-to-go/index.html,20241009050258,cdx,
https://www.cnn.com/2024/10/08/sport/caitlin-clark-lpga-pro-am-spt-intl/,20241009084654,cdx,
https://www.cnn.com/2024/10/08/sport/caitlin-clark-lpga-pro-am-spt-intl/index.html,20241009015229,cdx,
https://www.cnn.com/2024/10/08/sport/caitlin-clark-lpga-pro-am-spt-intl/index.html?iid=cnn_buildContentRecirc_end_recirc,20241009091820,cdx,
https://www.cnn.com/2024/10/08/sport/cuban-mlb-pitcher-luis-tiant-dies-spt-intl/index.html,20241009084120,cdx,
https://www.cnn.com/2024/10/08/sport/georgia-football-colbie-young-arrest-assault-battery-spt-intl/,20241010023416,cdx,
https://www.cnn.com/2024/10/08/sport/jessica-campbell-history-female-coach-nhl-spt-intl/,20241009132233,cdx,
https://www.cnn.com/2024/10/08/sport/jessica-campbell-history-female-coach-nhl-spt-intl/index.html,20241009040015,cdx,
https://www.cnn.com/2024/10/08/sport/jessica-campbell-history-female-coach-nhl-spt-intl?cid=external-feeds_iluminar_yahoo,20241009042819,cdx,
https://www.cnn.com/2024/10/08/sport/josh-allen-buffalo-bills-chris-nowinski-spt-intl/index.html,20241009005819,cdx,
https://www.cnn.com/2024/10/08/sport/josh-allen-buffalo-bills-chris-nowinski-spt-intl?cid=external-feeds_iluminar_yahoo,20241009033414,cdx,
https://www.cnn.com/2024/10/08/sport/kansas-city-chiefs-new-orleans-saints-nfl-mnf-spt-intl/index.html,20241009015229,cdx,
https://www.cnn.com/2024/10/08/sport/kansas-city-chiefs-new-orleans-saints-nfl-mnf-spt-intl/index.html?iid=cnn_buildContentRecirc_end_recirc,20241009040042,cdx,
https://www.cnn.com/2024/10/08/sport/new-york-jets-fire-robert-saleh-spt-intl/index.html?iid=cnn_buildContentRecirc_end_recirc,20241009021035,cdx,
https://www.cnn.com/2024/10/08/sport/tampa-bay-buccaneers-new-orleans-hurricane-milton-spt-intl/,20241009065257,cdx,
https://www.cnn.com/2024/10/08/sport/tampa-bay-buccaneers-new-orleans-hurricane-milton-spt-intl/index.html,20241009015836,cdx,
https://www.cnn.com/2024/10/08/tech/tiktok-sued-14-states-childrens-mental-health/index.html?utm_campaign=mb&utm_medium=newsletter&utm_source=morning_brew,20241009110828,cdx,
https://www.cnn.com/2024/10/08/uk/mi5-terrorism-speech-isis-al-qaeda-gbr-intl/index.html?iid=cnn_buildContentRecirc_end_recirc,20241009043755,cdx,
https://www.cnn.com/2024/10/08/us/5-things-pm-october-8-trnd/index.html,20241009085813,cdx,
https://www.cnn.com/2024/10/08/us/5-things-to-know-for-oct-8-hurricane-milton-immigration-israel-cyberattack-marburg-virus?cid=ios_app,20241009052456,cdx,
https://www.cnn.com/2024/10/08/us/evacuations-helene-milton-inland-florida/index.html,20241009064039,cdx,
https://www.cnn.com/2024/10/08/us/video/hurricane-helene-trump-fema-misinformation-digvid,20241009055734,cdx,
https://www.cnn.com/2024/10/08/us/video/hurricane-milton-police-ride-a-long-anna-maria-island-digvid,20241009062612,cdx,
https://www.cnn.com/2024/10/08/us/video/the-lead-hurricane-milton-ken-graham-florida-evacuation-destruction-jake-tapper,20241010010136,cdx,
https://www.cnn.com/2024/10/08/us/video/the-lead-kathy-castor-florida-hurricane-milton-danger-floods-destruction-jake-tapper,20241010005511,cdx,
https://www.cnn.com/2024/10/08/us/video/the-lead-megan-zemaitis-hurricane-milton-florida-category-5-destruction-floods-evacuation-jake-tapper,20241010005642,cdx,
https://www.cnn.com/2024/10/08/weather/video/hurricane-hunters-fly-over-milton-digvid,20241009063233,cdx,
https://www.cnn.com/2024/10/08/weather/video/hurricane-milton-florida-evolution-raffa-digvid,20241009054932,cdx,
https://www.cnn.com/2024/10/08/weather/video/hurricane-milton-nasa-timelapse-contd-digvid,20241009002840,cdx,
https://www.cnn.com/2024/10/08/world/video/ami-ayalon-israel-safer-oct-7-attack-diamond-digvid,20241009015320,cdx,
https://www.cnn.com/2024/10/08/world/video/china-iphone-rumors-deadly-pager-attacks-lebanon-ripley-ebof-digvid,20241009011059,cdx,strong
https://www.cnn.com/2024/10/08/world/video/cia-foreign-spies-russia-iran-korea-digvid,20241010005939,cdx,
https://www.cnn.com/2024/10/08/world/video/israel-hamas-war-gaza-1-year-bashir-digvid,20241010005829,cdx,
https://www.cnn.com/2024/10/08/world/video/lebanon-border-village-ruins-karadsheh-pkg-digvid,20241009081033,cdx,
https://www.cnn.com/2024/10/08/world/video/the-lead-boris-johnson-memoir-reviews-united-kingdom-political-rivals-trump-jake-tapper,20241010005532,cdx,
https://www.cnn.com/2024/10/09/asia/india-doctor-rape-protests-man-charged-intl-hnk/,20241009092217,cdx,
https://www.cnn.com/2024/10/09/asia/india-doctor-rape-protests-man-charged-intl-hnk/index.html,20241009071045,cdx,
https://www.cnn.com/2024/10/09/asia/north-korea-army-militarized-border-south-korea-intl-hnk/,20241009092426,cdx,
https://www.cnn.com/2024/10/09/asia/north-korea-army-militarized-border-south-korea-intl-hnk/index.html,20241010010712,cdx,
https://www.cnn.com/2024/10/09/asia/thailand-mass-cremation-school-bus-fire-intl-hnk/,20241009092248,cdx,
https://www.cnn.com/2024/10/09/asia/thailand-mass-cremation-school-bus-fire-intl-hnk/index.html,20241010005905,cdx,
https://www.cnn.com/2024/10/09/australia/australia-anthony-albanese-tourettes-apology-scli-intl/,20241009111031,cdx,
https://www.cnn.com/2024/10/09/australia/australia-anthony-albanese-tourettes-apology-scli-intl/index.html,20241010010103,cdx,
https://www.cnn.com/2024/10/09/australia/helicopter-crash-cairns-alcohol-intl-hnk/,20241010035419,cdx,
https://www.cnn.com/2024/10/09/business/economy-voters-election-data/,20241009105914,cdx,
https://www.cnn.com/2024/10/09/business/economy-voters-election-data/index.html,20241009213720,cdx,
https://www.cnn.com/2024/10/09/business/gsk-zantac-lawsuits/index.html,20241010030849,cdx,
https://www.cnn.com/2024/10/09/business/melinda-french-gates-womens-health-fund/,20241009233705,cdx,
https://www.cnn.com/2024/10/09/business/melinda-french-gates-womens-health-fund/index.html,20241009165418,cdx,
https://www.cnn.com/2024/10/09/business/ratan-tata-death/,20241009204924,cdx,
https://www.cnn.com/2024/10/09/business/ratan-tata-death/index.html,20241010011103,cdx,
https://www.cnn.com/2024/10/09/business/ratan-tata-death?cid=ios_app,20241009193842,cdx,
https://www.cnn.com/2024/10/09/business/weight-loss-drugs-glp-1-wegovy-employer/,20241009092343,cdx,
https://www.cnn.com/2024/10/09/business/weight-loss-drugs-glp-1-wegovy-employer/index.html,20241009115838,cdx,
https://www.cnn.com/2024/10/09/business/weight-loss-drugs-glp-1-wegovy-employer?cid=ios_app,20241009232230,cdx,
https://www.cnn.com/2024/10/09/climate/hurricane-helene-supercharged-climate-change/,20241009142611,cdx,
https://www.cnn.com/2024/10/09/climate/hurricane-helene-supercharged-climate-change/index.html,20241009192656,cdx,
https://www.cnn.com/2024/10/09/climate/hurricane-helene-supercharged-climate-change?cid=ios_app,20241009183705,cdx,
https://www.cnn.com/2024/10/09/entertainment/ariana-grande-snl-promo-wicked/,20241009231830,cdx,
https://www.cnn.com/2024/10/09/entertainment/ariana-grande-snl-promo-wicked/index.html,20241010010311,cdx,
https://www.cnn.com/2024/10/09/entertainment/jennifer-lopez-interview-ben-affleck/,20241009185445,cdx,
https://www.cnn.com/2024/10/09/entertainment/jennifer-lopez-interview-ben-affleck/index.html,20241010010020,cdx,
https://www.cnn.com/2024/10/09/entertainment/sandra-bullock-keanu-reeves-speed-anniversary/,20241009155356,cdx,
https://www.cnn.com/2024/10/09/entertainment/sandra-bullock-keanu-reeves-speed-anniversary/index.html,20241009151012,cdx,
https://www.cnn.com/2024/10/09/entertainment/taylor-swift-donation-hurricane-relief/,20241010012248,cdx,
https://www.cnn.com/2024/10/09/entertainment/taylor-swift-donation-hurricane-relief/index.html,20241009233501,cdx,
https://www.cnn.com/2024/10/09/entertainment/video/entertainment-showbiz-hollywood-minute-taylor-swift-wealth-night-agent-season-three-a-complete-unknown-trailer,20241010010344,cdx,
https://www.cnn.com/2024/10/09/entertainment/video/entertainment-showbiz-hollywood-movies-lonely-planet-laura-dern-liam-hemsworth-netflix,20241010011147,cdx,
https://www.cnn.com/2024/10/09/europe/italy-migrants-albania-centers-intl-cmd/,20241009193717,cdx,
https://www.cnn.com/2024/10/09/europe/italy-migrants-albania-centers-intl-cmd/index.html,20241009235501,cdx,
https://www.cnn.com/2024/10/09/food/mountain-dew-new-logo-packaging/,20241009142428,cdx,
https://www.cnn.com/2024/10/09/food/mountain-dew-new-logo-packaging/index.html,20241009132001,cdx,
https://www.cnn.com/2024/10/09/food/mountain-dew-new-logo-packaging/index.html?iid=cnn_buildContentRecirc_end_recirc,20241009211358,cdx,
https://www.cnn.com/2024/10/09/health/covid-heart-attack-stroke-risk/,20241009111055,cdx,
https://www.cnn.com/2024/10/09/health/covid-heart-attack-stroke-risk/index.html,20241009112506,cdx,
https://www.cnn.com/2024/10/09/health/iv-fluid-shortage-hospitals-hurricane-helene/,20241009222820,cdx,
https://www.cnn.com/2024/10/09/health/manfluencers-raising-sons-wellness/,20241009142545,cdx,
https://www.cnn.com/2024/10/09/health/manfluencers-raising-sons-wellness/index.html,20241009144133,cdx,
https://www.cnn.com/2024/10/09/health/manfluencers-raising-sons-wellness/index.html?Date=20241009&Profile=cnn&utm_content=1728511489&utm_medium=social&utm_source=threads,20241010014216,cdx,
https://www.cnn.com/2024/10/09/health/spicy-foods-brain-wellness/,20241010001454,cdx,
https://www.cnn.com/2024/10/09/health/spicy-foods-brain-wellness/index.html,20241010010321,cdx,
https://www.cnn.com/2024/10/09/health/tirzepatide-compounded-weight-loss-drugs/,20241009185419,cdx,
https://www.cnn.com/2024/10/09/health/tirzepatide-compounded-weight-loss-drugs/index.html,20241010010103,cdx,
https://www.cnn.com/2024/10/09/india/american-british-climbers-himalaya-rescue-hnk-intl/,20241010013842,cdx,
https://www.cnn.com/2024/10/09/india/american-british-climbers-himalaya-rescue-hnk-intl/index.html,20241010015453,cdx,
https://www.cnn.com/2024/10/09/investing/changing-jobs-cashing-out-401k/,20241009142605,cdx,
https://www.cnn.com/2024/10/09/investing/changing-jobs-cashing-out-401k/index.html,20241009161528,cdx,
https://www.cnn.com/2024/10/09/investing/earnings-companies-stocks/,20241009204939,cdx,
https://www.cnn.com/2024/10/09/investing/earnings-companies-stocks/index.html,20241010005935,cdx,
https://www.cnn.com/2024/10/09/media/shari-redstone-tony-dokoupil-ta-nehisi-coates-interview/,20241009185450,cdx,
https://www.cnn.com/2024/10/09/media/shari-redstone-tony-dokoupil-ta-nehisi-coates-interview/index.html,20241009174239,cdx,
https://www.cnn.com/2024/10/09/media/shari-redstone-tony-dokoupil-ta-nehisi-coates-interview?cid=ios_app,20241009171331,cdx,
https://www.cnn.com/2024/10/09/politics/biden-harris-hurricane-milton-response/,20241010033334,cdx,
https://www.cnn.com/2024/10/09/politics/biden-harris-hurricane-milton-response/index.html,20241010033104,cdx,
https://www.cnn.com/2024/10/09/politics/cia-sexual-assault-allegations/,20241009111049,cdx,
https://www.cnn.com/2024/10/09/politics/cia-sexual-assault-allegations/index.html,20241009115043,cdx,
https://www.cnn.com/2024/10/09/politics/climate-change-voters-what-matters,20241009233134,cdx,
https://www.cnn.com/2024/10/09/politics/dave-mccormick-bridgewater-pennsylvania-invs/,20241009092222,cdx,
https://www.cnn.com/2024/10/09/politics/dave-mccormick-bridgewater-pennsylvania-invs/index.html,20241009115128,cdx,
https://www.cnn.com/2024/10/09/politics/democratic-anxiety-kamala-harris-2024-election/,20241009111048,cdx,
https://www.cnn.com/2024/10/09/politics/democratic-anxiety-kamala-harris-2024-election/index.html,20241010010745,cdx,
https://www.cnn.com/2024/10/09/politics/fema-750-hurricane-disaster-payment-assistance-what-to-know/,20241009205423,cdx,
https://www.cnn.com/2024/10/09/politics/fema-750-hurricane-disaster-payment-assistance-what-to-know/index.html,20241009193422,cdx,
https://www.cnn.com/2024/10/09/politics/georgia-election-misinformation-voterga-garland-favorito/,20241009110957,cdx,
https://www.cnn.com/2024/10/09/politics/georgia-election-misinformation-voterga-garland-favorito/index.html,20241009101934,cdx,
https://www.cnn.com/2024/10/09/politics/georgia-election-misinformation-voterga-garland-favorito/index.html?fbclid=IwY2xjawFzeg1leHRuA2FlbQIxMQABHQ6ZAYsss9IUWJl2q-8k5fyq69f2O-QBDSi3_dvVrydlDoIuCAraD7iH6A_aem_0pYDeFe9-_qPeSD3jOYThQ,20241009162238,cdx,
https://www.cnn.com/2024/10/09/politics/georgia-election-misinformation-voterga-garland-favorito?Date=20241009&Profile=CNNPolitics,20241009213346,cdx,
https://www.cnn.com/2024/10/09/politics/georgia-election-misinformation-voterga-garland-favorito?Date=20241009&Profile=CNNPolitics&utm_content=1728509522&utm_medium=social&utm_source=twitter,20241009213347,cdx,
https://www.cnn.com/2024/10/09/politics/harris-billion-fundraising-election/,20241010021501,cdx,
https://www.cnn.com/2024/10/09/politics/harris-billion-fundraising-election?cid=ios_app,20241009230702,cdx,
https://www.cnn.com/2024/10/09/politics/monet-bord-de-mer-stolen-nazis-returned/,20241009184847,cdx,
https://www.cnn.com/2024/10/09/politics/monet-bord-de-mer-stolen-nazis-returned/index.html,20241009190830,cdx,
https://www.cnn.com/2024/10/09/politics/netanyahu-biden-harris-call/,20241009205452,cdx,
https://www.cnn.com/2024/10/09/politics/netanyahu-biden-harris-call/index.html,20241010005833,cdx,
https://www.cnn.com/2024/10/09/politics/republicans-congress-hurricane-misinformation,20241009195738,cdx,
https://www.cnn.com/2024/10/09/politics/republicans-congress-hurricane-misinformation/index.html,20241009203915,cdx,
https://www.cnn.com/2024/10/09/politics/richard-glossip-supreme-court-death-penalty-arguments/,20241009184906,cdx,
https://www.cnn.com/2024/10/09/politics/richard-glossip-supreme-court-death-penalty-arguments/index.html,20241009183836,cdx,
https://www.cnn.com/2024/10/09/politics/trump-harris-hurricane-politics-analysis/,20241009043848,cdx,
https://www.cnn.com/2024/10/09/politics/trump-harris-hurricane-politics-analysis/index.html,20241009064653,cdx,
https://www.cnn.com/2024/10/09/politics/trump-harris-hurricane-politics-analysis/index.html?iid=cnn_buildContentRecirc_end_recirc,20241010014757,cdx,
https://www.cnn.com/2024/10/09/politics/video/cia-sexual-assault-harassment-allegations-reform-bo-lillis-cnc-digvid,20241010010634,cdx,
https://www.cnn.com/2024/10/09/politics/video/georgia-elections-rules-trump-conspiracy-theory-digvid,20241009125114,cdx,
https://www.cnn.com/2024/10/09/politics/video/harris-media-interviews-mckend-pkg-10091aseg1-cnni-politics-fast,20241009144650,cdx,
https://www.cnn.com/2024/10/09/politics/video/milton-prep-biden-trump-digvid,20241010010010,cdx,
https://www.cnn.com/2024/10/09/politics/white-house-hurricane-helene-misinformation/,20241009185449,cdx,
https://www.cnn.com/2024/10/09/politics/white-house-hurricane-helene-misinformation/index.html,20241009181945,cdx,
https://www.cnn.com/2024/10/09/science/comet-tsuchinshan-atlas-earth/,20241009204832,cdx,
https://www.cnn.com/2024/10/09/science/comet-tsuchinshan-atlas-earth/index.html,20241010010134,cdx,
https://www.cnn.com/2024/10/09/science/nobel-prize-chemistry-proteins-baker-hassabis-jumper-intl/,20241009111052,cdx,
https://www.cnn.com/2024/10/09/science/nobel-prize-chemistry-proteins-baker-hassabis-jumper-intl/index.html,20241009145532,cdx,
https://www.cnn.com/2024/10/09/science/nobel-prize-chemistry-proteins-baker-hassabis-jumper-intl?cid=external-feeds_iluminar_msn,20241009144828,cdx,
https://www.cnn.com/2024/10/09/science/showerhead-toothbrush-viruses-phages-intl-scli/,20241009184904,cdx,
https://www.cnn.com/2024/10/09/science/showerhead-toothbrush-viruses-phages-intl-scli/index.html,20241010005935,cdx,
https://www.cnn.com/2024/10/09/science/solar-storm-aurora-power-gps/,20241010013807,cdx,
https://www.cnn.com/2024/10/09/science/solar-storm-aurora-power-gps/index.html,20241010015658,cdx,
https://www.cnn.com/2024/10/09/sport/aaron-rodgers-rumors-new-york-jets-coach-spt-intl/index.html,20241010005935,cdx,
https://www.cnn.com/2024/10/09/sport/denver-nuggets-michael-malone-nikola-jokic-greatness-nba-spt-intl/index.html,20241010010430,cdx,
https://www.cnn.com/2024/10/09/sport/frances-tiafoe-apologizes-outburst-umpire-shanghai-masters-spt-intl/,20241009134654,cdx,
https://www.cnn.com/2024/10/09/sport/frances-tiafoe-apologizes-outburst-umpire-shanghai-masters-spt-intl/index.html,20241010005957,cdx,
https://www.cnn.com/2024/10/09/sport/jurgen-klopp-red-bull-liverpool-spt-intl/index.html,20241010005833,cdx,
https://www.cnn.com/2024/10/09/sport/minnesota-lynx-connecticut-sun-wnba-spt-intl/,20241009122300,cdx,
https://www.cnn.com/2024/10/09/sport/minnesota-lynx-connecticut-sun-wnba-spt-intl/index.html,20241009073856,cdx,
https://www.cnn.com/2024/10/09/sport/mls-attendance-record-lionel-messi-spt-intl/,20241009134057,cdx,
https://www.cnn.com/2024/10/09/sport/mls-attendance-record-lionel-messi-spt-intl/index.html,20241010010406,cdx,
https://www.cnn.com/2024/10/09/sport/nfl-week-5-takeaways-spt-intl/index.html,20241010010554,cdx,
https://www.cnn.com/2024/10/09/style/auction-house-shrunken-heads-intl-scli-gbr/,20241009155425,cdx,
https://www.cnn.com/2024/10/09/style/auction-house-shrunken-heads-intl-scli-gbr/index.html,20241010010333,cdx,
https://www.cnn.com/2024/10/09/style/fashion-army-matthieu-nicol/,20241009111053,cdx,
https://www.cnn.com/2024/10/09/style/fashion-army-matthieu-nicol/index.html,20241009183247,cdx,
https://www.cnn.com/2024/10/09/style/marina-abramovic-great-wall-shanghai-exhibition-intl-hnk/,20241010043645,cdx,
https://www.cnn.com/2024/10/09/style/met-gala-costume-institute-exhibition-2025/,20241009205433,cdx,
https://www.cnn.com/2024/10/09/style/met-gala-costume-institute-exhibition-2025/index.html,20241010005905,cdx,
https://www.cnn.com/2024/10/09/tech/lasers-fso-internet-attochron-spc/,20241009092300,cdx,
https://www.cnn.com/2024/10/09/tech/lasers-fso-internet-attochron-spc/index.html,20241009141625,cdx,
https://www.cnn.com/2024/10/09/tech/musk-x-resume-service-brazil/,20241009111006,cdx,
https://www.cnn.com/2024/10/09/tech/musk-x-resume-service-brazil/index.html,20241009093339,cdx,
https://www.cnn.com/2024/10/09/tech/us-government-considers-a-breakup-of-google/,20241009142525,cdx,
https://www.cnn.com/2024/10/09/tech/us-government-considers-a-breakup-of-google/index.html,20241009120413,cdx,
https://www.cnn.com/2024/10/09/travel/air-france-iraq-iran-israel-missile-intl/,20241009172235,cdx,
https://www.cnn.com/2024/10/09/travel/air-france-iraq-iran-israel-missile-intl/index.html,20241010010020,cdx,
https://www.cnn.com/2024/10/09/travel/alpe-du-grande-serre-france-ski-resort-closes-climate-crisis/,20241009142515,cdx,
https://www.cnn.com/2024/10/09/travel/alpe-du-grande-serre-france-ski-resort-closes-climate-crisis/index.html,20241009141739,cdx,
https://www.cnn.com/2024/10/09/travel/disneyland-price-increases-finding-savings/,20241009092241,cdx,
https://www.cnn.com/2024/10/09/travel/disneyland-price-increases-finding-savings/index.html,20241009160547,cdx,
https://www.cnn.com/2024/10/09/travel/wildlife-photgrapher-2024-winners-scli-intl/,20241009092352,cdx,
https://www.cnn.com/2024/10/09/travel/wildlife-photgrapher-2024-winners-scli-intl/index.html,20241009080816,cdx,
https://www.cnn.com/2024/10/09/us/5-things-pm-october-9-trnd/,20241010002649,cdx,
https://www.cnn.com/2024/10/09/us/5-things-to-know-for-oct-9-hurricane-milton-gaza-evacuations-national-debt-boeing-strike-north-korea/,20241009113725,cdx,
https://www.cnn.com/2024/10/09/us/5-things-to-know-for-oct-9-hurricane-milton-gaza-evacuations-national-debt-boeing-strike-north-korea/index.html,20241009122501,cdx,
https://www.cnn.com/2024/10/09/us/columbia-pro-palestine-group-apology,20241010030151,cdx,
https://www.cnn.com/2024/10/09/us/columbia-pro-palestine-group-apology/index.html,20241010162333,cdx,
https://www.cnn.com/2024/10/09/us/florida-hurricane-milton-evacuation-stay/,20241009185358,cdx,
https://www.cnn.com/2024/10/09/us/florida-hurricane-milton-evacuation-stay/index.html,20241010000936,cdx,
https://www.cnn.com/2024/10/09/us/florida-hurricane-milton-evacuation-stay?cid=ios_app,20241009194131,cdx,
https://www.cnn.com/2024/10/09/us/turkish-airlines-pilot-emergency-landing/,20241009185439,cdx,
https://www.cnn.com/2024/10/09/us/turkish-airlines-pilot-emergency-landing/index.html,20241009181558,cdx,
https://www.cnn.com/2024/10/09/us/video/hurricane-milton-floridians-not-evacuating-digvid,20241010005904,cdx,
https://www.cnn.com/2024/10/09/us/video/las-vegas-tropicana-hotel-demolished-digvid,20241010000847,cdx,
https://www.cnn.com/2024/10/09/us/video/the-lead-bonnie-wise-hurricane-milton-florida-danger-evacuations-jake-tapper,20241009224812,cdx,
https://www.cnn.com/2024/10/09/us/video/the-lead-ken-graham-hurricane-milton-florida-evacuations-floods-surge-jake-tapper,20241010023706,cdx,
https://www.cnn.com/2024/10/09/us/video/trump-putin-koala-5things-digvid,20241010010103,cdx,
https://www.cnn.com/2024/10/09/weather/video/brandenton-florida-hurricane-milton-anderson-cooper-digvid,20241010024003,cdx,
https://www.cnn.com/2024/10/09/weather/video/florida-hurricane-milton-tornado-blows-home-contd-digvid,20241009183622,cdx,
https://www.cnn.com/2024/10/09/weather/video/forecast-hurricane-milton-florida-gulf-digvid,20241009200120,cdx,
https://www.cnn.com/2024/10/09/weather/video/hurricane-milton-helene-kayak-man-lcl-digvid,20241010005957,cdx,
https://www.cnn.com/2024/10/09/weather/video/kamala-harris-hurricane-milton-cnn-interview-digvid,20241009183717,cdx,
https://www.cnn.com/2024/10/09/weather/video/milton-tornado-florida-digvid,20241009180939,cdx,
https://www.cnn.com/2024/10/09/weather/video/sarasota-florida-hurricane-milton-on-the-scene-digvid,20241010021737,cdx,
https://www.cnn.com/2024/10/09/weather/video/storm-surge-hurricane-animation-bolduan-digvid,20241010011141,cdx,
https://www.cnn.com/2024/10/09/world/video/cnn-nomad-falconry-spc-intl,20241010010144,cdx,
https://www.cnn.com/2024/10/09/world/video/hurricane-milton-cost-anderson-rdr-ctw-100910aseg2-cnni-world-fast,20241010014634,cdx,
https://www.cnn.com/2024/10/09/world/video/nomad-horse-archery-spc,20241010010649,cdx,
https://www.cnn.com/2024/10/10/us/5-things-to-know-for-oct-10-hurricane-milton-solar-storm-middle-east-campaign-cash-google/index.html,20241010210255,cdx,
https://www.cnn.com/2024/10/10/weather/video/tropicana-field-roof-winds-hurricane-milton-weather-digvid,20241010041102,cdx,
