post_id,datetime,relevance,text
75470,2024-09-15T05:58:33+00:00,,"מתוך הודעת דובר צה""ל: בהמשך להתרעות שהופעלו בין השעות 8:19-8:20 במרחב הגליל העליון ובצפון רמת הגולן, זוהו כ-40 שיגורים שחצו משטח לבנון, חלקם יורטו, השאר נפלו בשטחים פתוחים, אין נפגעים #אין_נפגעים_ברמת_טראמפ כדי להגיב לכתבה לחצו כאן"
75471,2024-09-15T05:59:00+00:00,,°תוכן שיווקי
75472,2024-09-15T06:00:03+00:00,,"° 🔔 הידעת שייתכן שהוריכם ואפילו אתם זכאים לקצבה דרך הביטוח הסיעודי של קופת החולים? 🔔 מדובר לעיתים במעל לחצי מליון שקלים! 😁 אל תבזבזו זמן יקר, בדקו עכשיו זכאות לקבלת כספי הביטוח הסיעודי! לפרטים נוספים לחצו על הלינק הבא 🌐 : https://bit.ly/3y3RTw6 או התקשרו: 072-3340515 מגן מומחים - נלחמים בשבילך! 💪 ✨"
75473,2024-09-15T07:02:50+00:00,,"הבכיר החות'י, נצר א-דין עאמר: ""הטיל שוגר לעבר מטרה מסוימת. הכרוז של הדובר הצבאי יבהיר את הפרטים בהמשך. מטרת שיגור הטיל היא לאלץ את הכיבוש להפסיק את תוקפנותו בעזה ו... נקמה על התקיפה בארצנו (תקיפת חיל האוויר בנמל חודידה ב 20.7-א""ע)."" #### חודשיים של הכנות לנקמה וזה מה שיצא? על זה כל האוויר בחזה החות'י הנפוח? כדי להגיב לכתבה לחצו כאן"
75474,2024-09-15T07:11:06+00:00,,ציוץ משעשע בטוויטר הבוקר : תל אביב VS חודידה כדי להגיב לכתבה לחצו כאן
75475,2024-09-15T07:36:04+00:00,,הדובר הצבאי של החות'ים ידברר את הטיל מהבוקר בשעה 11:30. כדי להגיב לכתבה לחצו כאן
75476,2024-09-15T07:52:22+00:00,,"מרכז הרצועה: בדיר אלבלח (""מנזר התמרים"" בתרגום מערבית) החלו לגדוד את התמרים. (צה""ל טרם תימרן בדיר אלבלח). כדי להגיב לכתבה לחצו כאן"
75477,2024-09-15T07:54:20+00:00,,"סיור עדכני ברחוב פאלוג'ה בשכונת ג'נינה ברפיח. ( צה""ל תימרן ברפיח). כדי להגיב לכתבה לחצו כאן"
75478,2024-09-15T08:16:05+00:00,,המכתש שיצר הטיל החות'י כפי שמפיצים בערוצים הערבים (התמונה העליונה). המכתש שיצר הטיל החות'י כפי שנראה בצילום של רענן מנחם (התמונה התחתונה) . ### הכל עניין של פרופורציה... וזווית צילום..
75480,2024-09-15T08:35:59+00:00,,"תושבים לבנוניים מדווחים שמצאו כרוזים המיוחסים לצה""ל, בהם נקראים תושבי האזורים המסומנים באדום להתפנות צפונה, הרחק מהגבול עם ישראל. דובר צה""ל בערבית לא פרסם בחשבון שלו בטוויטר הנחיה כזו (בד""כ כשיש הנחיות פינוי זה מופיע אצלו). בחלק מהערוצים הלבנונים מדווחים, על בסיס כלי תקשורת ישראלים שצה""ל הכחיש כי פיזר כרוזים. בכל מקרה, לא יזיק ללבנונים לתרגל... (: כדי להגיב לכתבה לחצו כאן"
75481,2024-09-15T08:41:30+00:00,,"הדובר הצבאי של החות'ים בכרוז על שיגור הטיל הבוקר: ""שיגרנו טיל בליסטי היפרסוני שעבר 2040 ק""מ ב 11.5 דקות לעבר מטרה ביפו. הטיל גרם לבהלה גדולה אצל הציונים והכניס יותר משני מיליון ישראלים למקלטים."" הדובר הצבאי החות'י מזכיר גם את עניין הנקמה על התקיפה בחודידה ומאיים כי ""על האויב לצפות להמשך..."" כדי להגיב לכתבה לחצו כאן"
75482,2024-09-15T08:52:36+00:00,,"הדובר הצבאי של החות'ים בכרוז על שיגור הטיל הבוקר: ""שיגרנו טיל בליסטי היפרסוני שעבר 2040 ק""מ ב 11.5 דקות לעבר מטרה ביפו. הטיל גרם לבהלה גדולה אצל הציונים והכניס יותר משני מיליון ישראלים למקלטים."" הדובר הצבאי החות'י מזכיר גם את עניין הנקמה על התקיפה בחודידה…"
75484,2024-09-15T08:55:30+00:00,,"אני אפילו הייתי מודיע להם דקה אחרי השיגור, שהם צריכים להתפנות... רק כדי שהצלמים יספיקו לתעד את רגע הפגיעה , כמו שקורה ב""הקש בגג"" בעזה... כדי להגיב לכתבה לחצו כאן"
75485,2024-09-15T08:59:00+00:00,,°תוכן שיווקי
75486,2024-09-15T09:00:06+00:00,,"°פורום קהלת החליט לפנות לציבור הישראלי לאחר שבריונים פגעו בפורום ובתורמיו. הציבור נענה לקריאה ובגדול. מעל 7000 תורמים כבר נתנו יד אך כל תרומה נוספת מסייעת להגעה ליעד. אם אתם לא רוצים שהבריונות תנצח, אם אתם רוצים מכון מחקר מעשי שמשמיע קול אחר. אם אתם תומכים בפורום שלא מתבייש להניף דגלים של ריבונות לאומית, של כלכלה חופשית ושל דמוקרטיה ייצוגית שבה מי שקובע מדיניות הם נבחרי הציבור ולא פקידים או שופטים - הכנסו גם אתם מתחת לאלונקה. קישור לתרומה - https://www.charidy.com/f.kohelet"
75487,2024-09-15T09:44:08+00:00,,"התייקרות דרמטית במחירי היריעות בעזה, לקראת החורף בהמשך לדיווח כאן אתמול 👆 יריעות ברזנט הפכו להיות כעת ""המוצר החם"" בשוקי הרצועה. יריעה כחולה בגודל 4*5 מטר עולה כעת 500 ש""ח. יריעה לבנה באותו הגודל עולה 650 ש""ח. ### לשם השוואה המחיר היום לאותו המוצר בערי הגדה עומד על עשרות שקלים (לפני המלחמה הסחורות ברצועה היו זולות יותר מהסחורות בגדה). אני מוצא את זה מעניין שהיריעות הן בצבעי כחול לבן 🇮🇱 ... אולי ישדרג להם את הניראות של האוהלים... כדי להגיב לכתבה לחצו כאן"
75488,2024-09-15T09:54:04+00:00,,"דובר צה""ל: בשעה 06:21 שוגר טיל קרקע-קרקע מתימן לעבר שטח מדינת ישראל. מבדיקה ראשונית, עולה כי ככל הנראה הטיל התפרק באוויר. במהלך האירוע בוצעו מספר ניסיונות יירוט על ידי מערכות ""חץ"" ו""כיפת ברזל"", תוצאותיהן בבדיקה, הופעלו התרעות על פי מדיניות. כלל האירוע מתוחקר. זוהו שברי יירוט שנפלו בשטחים פתוחים ובתחנת רכבת ""פאתי מודיעין"", כוחות כיבוי פועלים לכבות שריפה שפרצה בשטח פתוח בסמוך לכפר דניאל. כדי להגיב לכתבה לחצו כאן"
75489,2024-09-15T10:09:02+00:00,,"ע""פ העיתונאי העזתי חסן אצליח, מאות אוהלים על קו החוף בח'אן יונס וגם במרכז הרצועה הוצפו הלילה. התושבים שהוא מראיין מתארים גלים בגובה 6 מטרים. התושבים בנו סוללות מחול במטרה לבלום את הגלים ולהרחיק את המים מהאוהלים. #קו_ראשון_לים כדי להגיב לכתבה לחצו כאן"
75504,2024-09-15T14:49:31+00:00,,"תימן: הצוות של הספינה גלקסי לידר, אותה חטפו החות'ים בנובמבר (עם צוות של זרים) אולץ לחגוג את יום הולדתו של הנביא מחמד. כדי להגיב לכתבה לחצו כאן"
75508,2024-09-15T14:59:00+00:00,,°תוכן שיווקי
75510,2024-09-15T15:14:43+00:00,,"° במה משקיעים בתקופה כזו?! לתכנן תוכניות ארוכות טווח בתקופה של שינויים זה באמת מאתגר! הצטרפו לשידור חי ביום שלישי בשעה 20:30 - השקעות לעצלנים, הדרך הפשוטה והרווחית להשקעה ארוכת טווח בשוק ההון. בואו ללמוד איך בונים לעצמנו אסטרטגיית השקעות פשוטה, מובנת - ורווחית לשנים רבות. ההשתתפות בחינם - אך תלויה בהרשמה מראש. מספר המקומות מוגבל, לא תהיה הקלטה! להרשמה: https://lazyinvestor.info/Register"
75511,2024-09-15T15:37:01+00:00,,"תיקון טעות: הסרטון שפורסם כאן קודם 👆 בעניין שיגור הטיל החות'י - אינו מהיום, אלא מלפני כמה חודשים. כדי להגיב לכתבה לחצו כאן"
75512,2024-09-15T15:40:01+00:00,,"ערוצים לבנוניים מדווחים על סדרת תקיפות שביצעו מטוסי קרב ישראלים במחמודיה, עישיה ואלח'רדלי בדרום לבנון, לפני זמן קצר. כדי להגיב לכתבה לחצו כאן"
75516,2024-09-15T15:45:25+00:00,,"המיליציות השיעיות בעיראק טוענות: תקפנו הבוקר מטרה בחיפה באמצעות כטב""מ. כדי להגיב לכתבה לחצו כאן"
75517,2024-09-15T15:55:33+00:00,,"תקיפת בית הספר ע'אזי שווא, בבית חאנון בצפון הרצועה, מוקדם יותר היום, אחרי התרעת פינוי(הקש בגג). כדי להגיב לכתבה לחצו כאן"
75518,2024-09-15T16:15:12+00:00,,"תימן: זה לא מנחת מסוקים - זוהי כיכר ""א-סבעין"" בצנעא, שם ציינו היום החות'ים ברוב פאר והדר את יום הולדתו של הנביא מחמד. כדי להגיב לכתבה לחצו כאן"
75519,2024-09-15T16:31:26+00:00,,"אלוזאני, דרום לבנון: תיעוד נוסף של תושבים מתפנים בעקבות הטלת כרוזי צה""ל הבוקר. כדי להגיב לכתבה לחצו כאן"
75520,2024-09-15T16:40:37+00:00,,"חזבאללה בכרוז קבלת אחריות תשיעי להיום: תקפנו את בסיס ירדן באמצעות כטב""מים מתאבדים בתגובה לתקיפה הישראלית אתמול באזור אלבקאע בה נפגעו אזרחים. כדי להגיב לכתבה לחצו כאן"
75521,2024-09-15T16:45:34+00:00,,"חמאס מנצלת כתבה ב""הארץ"" כדי לקרוא להעמדה לדין של בכירים בישראל חמאס קוראת בכרוז רשמי לארגוני זכויות אדם ולקהילה הבינלאומית לגנות את ישראל ולפעול להעמדה לדין של בכירים ישראלים, על בסיס ממצאי הכתבה שפרסם היום עיתון ""הארץ"", בה נטען כי ישראל עושה שימוש בעובדים זרים ברצועת עזה, בתמורה לסיוע שהיא נותנת להם בהשגת מעמד קבע. ב""הארץ"" מודים שהדבר נעשה עם ליווי של היועץ המשפטי של מערכת הביטחון אך מלינים על כך שלא נערך דיון בהיבט הערכי של העניין . כדי להגיב לכתבה לחצו כאן"
75523,2024-09-15T16:59:00+00:00,,°תוכן שיווקי
75524,2024-09-15T17:00:03+00:00,,"°ההטיה האידיאולוגית בקולומביה, הרווארד, קיימברידג' ובשאר אוניברסיטאות העילית יצרה מצג שווא שבו השכלה מובילה שמאלה ובורות מובילה ימינה. האומנם אין ימין אינטלקטואלי? אנחנו מזמינים אתכם לגלות בעצמכם. עשו מינוי במחיר סמלי ל'השילוח', וקבלו בכל רבעון גיליון עשיר בהגות בנושאי מדיניות, תרבות, אסטרטגיה ועוד, פרי עטם של מיטב הכותבים והאקדמאים בישראל. למידע נוסף ורכישת מנוי>> https://hashiloach.org.il/subscription/"
75657,2024-09-17T13:06:14+00:00,,פינוי הנפגעים בביירות. כדי להגיב לכתבה לחצו כאן
75659,2024-09-17T13:15:35+00:00,strong,הפצועים בדאחיה בביירות. דיווחים כי פעילי חזבאללה נקראים להשליך את מכשירי הטלפון שלהם ואת מכשירי הזימונית מחשש שישראל תפרוץ אותם. כדי להגיב לכתבה לחצו כאן
75662,2024-09-17T13:18:05+00:00,,"מקורות לבנוניים לא רשמיים מדווחים כי פיצוצים דומים אירעו גם מחוץ לדאחיה באזורים נוספים כמו: נבטיה, אלבקאע, בנת ג'ביל, צור, חוש ועוד. ע""פ מקורות אלו ישנם עשרות פצועים (חלקם מציינים שיותר מ 50). כדי להגיב לכתבה לחצו כאן"
75663,2024-09-17T13:19:41+00:00,strong,הלכה הזימונית (: כדי להגיב לכתבה לחצו כאן
75664,2024-09-17T13:23:22+00:00,strong,מקורות לבנוניים לא רשמיים המזוהים עם חזבאללה: מעל ל 70 נפגעים מפיצוץ מכשירי הזימונית. כדי להגיב לכתבה לחצו כאן
75665,2024-09-17T13:25:55+00:00,,"מקור בחזבאללה ל""אלערבי אלג'דיד"": ""ישראל פרצה מרחוק למכשירי תקשורת ייחודיים של חזבאללה ופוצצה אותם. יש פצועים, עדיין לא דווחו הרוגים."" כדי להגיב לכתבה לחצו כאן"
75666,2024-09-17T13:28:58+00:00,,"אפשר לתאר את הכאוס העצום, הלחץ והבלבול עכשיו בקרב פעילי חזבאללה. סיטואציה נוחה ל... כדי להגיב לכתבה לחצו כאן"
75667,2024-09-17T13:31:57+00:00,strong,סרטון בו נראים רגעי פיצוץ של חלק ממכשירי הזימונית בלבנון. ודאי יצוצו עוד רבים כדי להגיב לכתבה לחצו כאן
75668,2024-09-17T13:34:38+00:00,,אחד נוסף. כדי להגיב לכתבה לחצו כאן
75669,2024-09-17T13:35:17+00:00,,"ערוץ צאברין המזוהה עם המיליציות השיעיות מדווח על פיצוץ מטען חבלה בתוך רכב בדמשק, סוריה. כדי להגיב לכתבה לחצו כאן"
75670,2024-09-17T13:36:23+00:00,,הישג מודיעיני גדול ואפקט תודעתי עצום - חזבאללה פרוץ מודיעינית לאורך ולרוחב. כדי להגיב לכתבה לחצו כאן
75671,2024-09-17T13:37:26+00:00,,משרד הבריאות הלבנוני העלה את רמת הכוננות בבתי החולים בלבנון. כדי להגיב לכתבה לחצו כאן
75672,2024-09-17T13:38:07+00:00,,כמה תרנגולות זה שווה במדד הנקמה של נסראללה? כדי להגיב לכתבה לחצו כאן
75673,2024-09-17T13:40:17+00:00,,°תוכן שיווקי
75674,2024-09-17T13:41:33+00:00,,"° מילואמניק ? אתה נותן את הכל במלחמה הזו והאשה שלך נגמרת בבית? לוחמת עורף ? את מתמודדת עם העשייה היום-יומית שלא נגמרת וצריכה עזרה ? 🧡 בשביל זה אנחנו כאן! נשים שמגיעות לעזור למי שנותנות ונתנו הכל למען המדינה שלנו בשנה הקשה הזו. 📍 במבחר מקומות ברחבי הארץ , אנחנו כאן כדי לסייע למי שנותנים הכל במלחמה הקיומית של המדינה. ➡️ כנסו לקישור והשאירו פרטים: https://wkf.ms/4dlkNrI איך אנחנו מסייעות? 👩‍❤️‍👩 מתנדבת קבועה שמגיעה פעם בשבוע להיות לך עוגן ואחות: 🔸 תמיכה נשית 🔸 עזרה בבית 🔸 ארוחות חמות 🔸 בייביסיטר לילדים 💯 הכל בהתנדבות מלאה! ➡️ השאירי פרטים, ואנחנו נדאג ש אף פעם לא תרגישי לבד : https://wkf.ms/4dlkNrI ⚠️ בשלב זה אנחנו מגיעות לחלק גדול מהערים בישראל, אך לא ליישובים. 🔥 ביחד נוכל להקל עלייך! 👩‍👦‍👦"
75675,2024-09-17T14:01:53+00:00,strong,"הכאוס בלבנון בעקבות פיצוץ מכשירי הזימונית: מאות פצועים, בתי החולים קורסים. בתי החולים בלבנון מדווחים על עומס גדול, חלקם הפסיקו לקבל חולים ומפנים אמבולנסים עם פצועים למקומות מרוחקים. בתי החולים בצור וצידון לא מקבלים יותר נפגעים. בתי חולים בהרמל, בעלבכ, א-ריאק ומערב אלבקאע (המרוחקים מביירות-נמצאים בצפון מזרח לבנון) מבקשים מהאזרחים להגיע לתרום דם. אלג'זירה מפי מקור בטחוני לבנוני: יש מאות נפגעים ברחבי לבנון. מקורות לא רשמיים בלבנון מדווחים על כ 1200 פצועים. משרד הבריאות הלבנוני הנחה את כל מי שנושא מכשירי זימונית להשליך אותם. כדי להגיב לכתבה לחצו כאן"
75676,2024-09-17T14:03:44+00:00,strong,דיווחים כי מספר פיצוצים בסוריה קשורים אף הם לפעילי חזבאללה במתווה דומה לפיצוצים בלבנון (מכשירי זימונית). כדי להגיב לכתבה לחצו כאן
75678,2024-09-17T14:09:31+00:00,,לא יודע למה נזכרתי בפסוק הזה: וַיְהִי֩ בַיּ֨וֹם הַשְּׁלִישִׁ֜י בִּֽהְיוֹתָ֣ם כֹּֽאֲבִ֗ים וַיִּקְח֣וּ שְׁנֵֽי־בְנֵי־יַ֠עֲקֹ֠ב שִׁמְע֨וֹן וְלֵוִ֜י אֲחֵ֤י דִינָה֙ אִ֣ישׁ חַרְבּ֔וֹ וַיָּבֹ֥אוּ עַל־הָעִ֖יר בֶּ֑טַח וַיַּֽהַרְג֖וּ כׇּל־זָכָֽר׃
75722,2024-09-17T17:40:43+00:00,,להמשך ניהול הלחימה שוקלים בחזבאללה לעבור לאמצעי תקשורת חלופיים... כדי להגיב לכתבה לחצו כאן
75725,2024-09-17T17:54:06+00:00,,משרד הבריאות האיראני הכריז על מוכנותו לסייע ללבנון ולהטיס פצועים לטיפול באיראן. כדי להגיב לכתבה לחצו כאן
75726,2024-09-17T18:02:46+00:00,strong,"מקורות סורים: כטב""מ אמריקאי מסוג MQ-4C ריחף היום מהשעה 14:00 עד השעה 15:30 מול חופי לבנון. ע""פ הדיווח של חזבאללה פיצוץ מכשירי הזימונית אירע ב 15:30. כדי להגיב לכתבה לחצו כאן"
75729,2024-09-17T18:03:57+00:00,,שובבים האמריקאים האלה! כדי להגיב לכתבה לחצו כאן
75730,2024-09-17T18:09:58+00:00,,"משרד החוץ האמריקאי: אנו אוספים דיווחים בעניין פיצוצי המכשירים בלבנון. ארה""ב אינה מעורבת בעניין . אנו שואפים לפתרון דיפלומטי בין ישראל לחזבאללה. מוקדם מדי מכדי לקבוע אם האירועים בלבנון ישפיעו על המו""מ להפסקת אש בעזה. כדי להגיב לכתבה לחצו כאן"
75731,2024-09-17T18:32:16+00:00,strong,אלג'זירה מפי מקור בטחוני לבנוני: מכשירי הזימונית יובאו ללבנון לפני 5 חודשים. הם היו ממולכדים מראש. בכל מכשיר היה חומר נפץ במשקל של לא יותר מ 20 גרם. כדי להגיב לכתבה לחצו כאן
75732,2024-09-17T18:42:04+00:00,,מקורות המזוהים עם הציר השיעי: לפחות עשרה הרוגים לחזבאללה היום (כתוצאה מהתקיפות בדרום לבנון ופיצוצי הזימוניות). כדי להגיב לכתבה לחצו כאן
75733,2024-09-17T19:02:05+00:00,,"ירדן: הפלנו כטב""מ שחדר למרחב האווירי שלנו. כדי להגיב לכתבה לחצו כאן"
75734,2024-09-17T19:07:53+00:00,,"אידליב: המורדים הסורים בצפון המדינה חוגגים בחלוקת ממתקים את המכה שחטפו היום אלפי פעילי חזבאללה. אסור לשכוח את המורדים בסוריה ועוד קואליציה של גורמים אזוריים שהיו שמחים להצטרף ל""דיש""... ביום פקודה. צריך לתחזק אותם. בסוריה ובלבנון. כדי להגיב לכתבה לחצו כאן"
75737,2024-09-17T19:20:16+00:00,,"העיתונאי הסורי - דרוזי המפורסם, פיצל אלקאסם (עם מיליוני עוקבים ברשתות החברתיות ותוכנית באלג'זירה), כותב על המכה שחטף חזבאללה היום: ""את מה שקרה היום לחזבאללה, אפשר לסווג כמכת המנע הגדולה ביותר בהיסטוריה המודרנית . אפשר להשוותה למכת המנע של ישראל על חיל האוויר המצרי לפני מלחמת ששת הימים. היום יש לחזבאללה אלפי משותקים מקרב הבכירים והפעילים. ואם חזבאללה ייכנס עכשיו למלחמה, הפצועים שלו לא ימצאו אפילו מיטה אחת פנויה בבתי החולים בלבנון מפני שבתי החולים מפוצצים עכשיו בפצועים. גרוע מכך - חזבאללה איבד את אמצעי התקשורת הביטחוניים והצבאיים החשובים ביותר. שח-מט."" כדי להגיב לכתבה לחצו כאן"
75738,2024-09-17T20:06:22+00:00,,"ערוץ אלחדת' הסעודי (""אלערביה"") וערוצים ערבים מובילים נוספים טוענים כי 4000 איש נפצעו בפיצוצי הזימוניות בלבנון מתוכם 400 קשה וכי כ 500 איבדו את מאור עיניהם.. יחד עם זאת אדגיש כי רשת אלג'זירה, ערוץ אלמיאדין הלבנוני , רשת אלמנאר הלבנונית, רשת MTV הלבנונית ועוד - כלל לא פירסמו נתון כזה וודאי שלא מפי משרד הבריאות הלבנוני. שווה לחכות שרשתות אלו, וערוצים שבסיסם בלבנון יפרסמו את הנתונים. לא סביר בעיני שהנתון הזה, שאמור להיות מבוסס על משרד הבריאות הלבנוני, הופיע אצל ערוצים ישראלים מובילים לפני הרשתות הרשמיות בלבנון. זה לא גלגול נורמלי של דיווח. כדי להגיב לכתבה לחצו כאן"
75740,2024-09-17T20:19:03+00:00,,בהמשך לזה 👆 רשת אלמנאר הלבנונית (מזוהה עם חזבאללה) מפרסמת: 🔴 عاجل | وزارة الصحة اللبنانية نفت ما نُسب الى الوزير فراس الأبيض بأن عدد الشهداء ارتفع الى 11 والجرحى الى 4 آلاف משרד הבריאות הלבנוני מכחיש את הדיווח המיוחס לשר הבריאות פראס אלאביצ' לפיו מספר ההרוגים עלה ל 11 ומספר הפצועים הגיע ל 4000. ## כפי שכתבתי קודם לא יכול להיות שערוצים ישראלים מכירים את משרד הבריאות הלבנוני יותר טוב מאשר ערוצים לבנוניים... כדי להגיב לכתבה לחצו כאן
75741,2024-09-17T20:43:21+00:00,,"חזבאללה מודיע עד כה על 6 הרוגים בשורותיו היום: חסן יאסין יוסף עלוה חסן מחמד נג'יב עלא א-דין חסין מנתש מחמד עבאס הם נהרגו בתקיפות צה""ל היום בדרום לבנון ובפיצוצי הזימוניות המסתוריים. 448 הרוגים לחזבאללה מאז תחילת המלחמה. כדי להגיב לכתבה לחצו כאן"
75742,2024-09-17T20:45:18+00:00,,הלך הקולאז'... יש עוד הרוג עליו מכריז חזבאללה: עבאס מנעם מספר 449. כדי להגיב לכתבה לחצו כאן
75840,2024-09-18T15:03:43+00:00,related,אלג'זירה מפי משרד הבריאות הלבנוני בדיווח ראשון על היקף הנפגעים: הרוג אחד ויותר מ 100 פצועים בפיצוץ מכשירי הקשר. כדי להגיב לכתבה לחצו כאן
75841,2024-09-18T15:04:41+00:00,related,אלג'זירה מפי משרד הבריאות הלבנוני בדיווח ראשון על היקף הנפגעים: הרוג אחד ויותר מ 100 פצועים בפיצוץ מכשירי הקשר. כדי להגיב לכתבה לחצו כאן
75842,2024-09-18T15:07:53+00:00,,"אזור חוש, נפת צור בדרום לבנון: צעירים לבנוניים מכלים את זעמם ברכב של יוניפי""ל. כדי להגיב לכתבה לחצו כאן"
75843,2024-09-18T15:10:19+00:00,,לבנון: רכב עולה באש לאחר שהתפוצץ מכשיר קשר בתוכו. כדי להגיב לכתבה לחצו כאן
75844,2024-09-18T15:11:25+00:00,,בינתיים מטוסי קרב ישראלים תוקפים בכפרכלא וחלתא בדרום לבנון - משדרים עסקים כרגיל (: כדי להגיב לכתבה לחצו כאן
75845,2024-09-18T15:14:10+00:00,,"תיעוד טוב יותר של תקיפת רכבי יוניפי""ל על ידי צעירים לבנוניים באזור צור בדרום לבנון. כדי להגיב לכתבה לחצו כאן"
75846,2024-09-18T15:20:20+00:00,,לבנון: הנזק שנגרם לרכב נוסף שהתפוצץ בתוכו מכשיר קשר. כדי להגיב לכתבה לחצו כאן
75847,2024-09-18T15:28:03+00:00,related,"בגל הפיצוצים הנוכחי של מכשירי הקשר, היום, ניכר, לפחות בעיני, שהאפקט התודעתי והחשש אצל כל לבנוני שאוחז במכשיר קשר, גדול ומשפיע יותר מאשר היקף הנפגעים וההרוגים. כדי להגיב לכתבה לחצו כאן"
75848,2024-09-18T15:29:00+00:00,,°תוכן שיווקי
75849,2024-09-18T15:30:00+00:00,,"° 💥 ואוווו ואווו ואווווו 💥 ❤️ 🛜 ❤️ 🛜 ❤️ 🛜 ❤️ 🛜 מבצע שלא היה מעולם בעולם התקשרות התחייבות למחיר הכי זול !! כ-60 ערוצים של הוט כולל הפקות מקור אינטרנט 🛜 סיבים הכולל מגדיל טווח ונקודות רשת נוספת בבית במחיר קבוע ומטורף 115 ש""ח כן כן כן כן אתם קוראים נכון טלויזיה ואינטרנט סיבים 115 שקלים בלבד!!!!! ללא שום אותיות קטנות! ללא שום התחייבות! התקנה מהיום למחר!! המבצע מיועד ללקוחות חדשים בלבד לקוחות קיימים בהוט? חייגו 6910 להצטרפות לחצו כאן ! wa.me/972503695297?text=היי%2C+הגעתי+מהטלגרם+אשמח+להצעה+%3A%29"
75850,2024-09-18T16:02:01+00:00,related,משרד הבריאות הלבנוני מעדכן מספרי נפגעים בגל הפיצוצים הנוכחי (מכשירי הקשר): 9 הרוגים ויותר מ 300 פצועים כדי להגיב לכתבה לחצו כאן
75851,2024-09-18T16:05:34+00:00,,"כך כותב היום הכתב לענייני ערבים של גלצ (תחנה של צבא ההגנה לישראל במימון משלם המיסים הישראלי) . אותו כתב שבחודש מרץ האחרון, בעיצומה של המלחמה בעזה, דיווח מפיו של בכיר בחמאס 👆 עמו, ע""פ הנטען היה בקשר. ### חשוב לציין: לגיטימי בעיני שהוא יחזיק בדעות כאלה. זו זכותו המלאה, אך כאשר הוא מתהדר בכך שהוא כתב של גלצ באותה המדיה שבה הוא משמיע את הדברים הללו - זה מתפרש בעיני רבים כעמדה שמזוהה עם המקום שמעסיק אותו. מבחינת כלי תקשורת ערבים הוא עצמו מזוהה לחלוטין עם עמדות ואמירות של צבא ההגנה לישראל. כדי להגיב לכתבה לחצו כאן"
75852,2024-09-18T16:12:14+00:00,related,ההגנה האזרחית בלבנון עם נתונים לגבי המצב בנבטיה בדרום לבנון בעקבות פיצוץ מכשירי הקשר: 60 דירות עלו באש. 15 רכבים עלו באש. עשרות אופנועים התפוצצו. כדי להגיב לכתבה לחצו כאן
75855,2024-09-18T16:16:04+00:00,,
75856,2024-09-18T16:19:01+00:00,,שר החינוך הלבנוני: גם מחר לא יתקיימו לימודים בכל מוסדות החינוך בלבנון. כדי להגיב לכתבה לחצו כאן
75857,2024-09-18T16:19:39+00:00,,שר החינוך הלבנוני: גם מחר לא יתקיימו לימודים בכל מוסדות החינוך בלבנון. כדי להגיב לכתבה לחצו כאן
75858,2024-09-18T16:22:38+00:00,,זוכרים את ההרוג עליו דיווח חזבאללה בלילה 👆 עבאס מנעם... הנה הוא כאן בצורת כרזה על הקיר ליד אופנוע בוער שהתפוצץ בזמן ההלוויה שלו היום בביירות. כדי להגיב לכתבה לחצו כאן
75859,2024-09-18T16:35:14+00:00,related,"מקורות לבנוניים מדווחים שאחד ממכשירי הקשר התפוצץ במשרדו של מחמד קאנצו שהוא ראש לשכתו של חבר הפרלמנט הלבנוני האני קביסי. קביסי בעצמו משמש כראש לשכתו של..... נביה ברי, יו""ר הפרלמנט הלבנוני ויו""ר תנועת אמל השיעית - את תמונתו של ברי ניתן לראות על הקיר בסרטון. כדי להגיב לכתבה לחצו כאן"
75860,2024-09-18T16:37:04+00:00,,"מתוך דברי הרמטכ""ל בפיקוד צפון היום: "" יש לנו הרבה יכולות שעוד לא הפעלנו, ראינו פה חלק מהדברים, זה נראה לי במוכנות טובה ואנחנו מכינים את התוכניות האלה קדימה. הכלל הוא כל פעם שאנחנו עובדים בשלב מסוים שני השלבים הבאים מוכנים לצאת כבר חזק קדימה, בכל שלב המחיר בחיזבאללה צריך להיות גבוה״. ### במילים אחרות, ולקראת נאום נסראללה מחר: יש לישראל עוד הרבה הרבה הפתעות...."
75861,2024-09-18T16:57:54+00:00,related,לבנון: דיווחים על התפוצצותם של מספר מכשירי קשר מסוג V180 באזור בעלבכ לפני זמן קצר. כדי להגיב לכתבה לחצו כאן
75862,2024-09-18T16:58:30+00:00,,ככל הנראה פיצוץ מבוקר. כדי להגיב לכתבה לחצו כאן
75863,2024-09-18T17:03:39+00:00,,שר החינוך הלבנוני: גם מחר לא יתקיימו לימודים בכל מוסדות החינוך בלבנון. כדי להגיב לכתבה לחצו כאן
75864,2024-09-18T17:10:00+00:00,,"היום התבטאו פומבית בעניין לבנון והזירה הצפונית גם ראש הממשלה, גם שר הביטחון וגם הרמטכ""ל - שלוש הדמויות הבכירות ביותר בכל הנוגע למלחמה. אף אחד מהם לא הפנה מסר לתושבי לבנון. אני חושב שזו נקודה שלא כדאי להתעלם ממנה. זה בדיוק הזמן למסגר היטב עבור הלבנונים בעבור מה הם עומדים לשלם מחיר כה גדול ומי אשם בכך. המלחמה הכוללת, אם תחל, היא אירוע מעצב לעשרות שנים קדימה. חשוב שישראל תפעל כבר עכשיו, בנקודת זמן מאוחרת זו, באמצעות קברניטיה אלה, לעיצוב הנרטיב כלפי תושבי לבנון באופן שישרת את ישראל שנים קדימה. כדי להגיב לכתבה לחצו כאן"
75865,2024-09-18T17:29:00+00:00,,°תוכן שיווקי
75866,2024-09-18T17:30:00+00:00,,"°ההזדמנות שלך- הביטחון שלנו 🚅 🚅 🚅 מערך האבטחה של רכבת ישראל מגייס אנשי ונשות ביטחון זו ההזדמנות שלך להשתלב בסביבת עבודה צעירה ודינמית, עם אפשרויות קידום אישי ומקצועי, וליהנות מתנאים והשכר מהגבוהים בתחום 🤑 למידע המלא ולהצטרפות למערך המוביל בארץ, השאר/השאירי הודעה בלינק מטה 👇🏻 לאזור דרום והשרון : https://wa.me/972525251114 לאזור צפון והמרכז : https://wa.me/972532427618 לאזור ירושלים : https://wa.me/972525251038"
75867,2024-09-18T18:05:34+00:00,related,משרד הבריאות הלבנוני מעדכן את הנתונים לגבי הנפגעים בפיצוץ מכשירי הקשר היום בלבנון: 14 הרוגים ו 450 פצועים. כדי להגיב לכתבה לחצו כאן
75868,2024-09-18T18:16:29+00:00,,הסהר האדום האיראני: 95 פצועים מלבנון הועברו לטיפול באיראן. כדי להגיב לכתבה לחצו כאן
75869,2024-09-18T18:19:37+00:00,,מטוס הפצועים שהתפנו מלבנון לאיראן עם ראש הסהר האדום האיראני. כדי להגיב לכתבה לחצו כאן
75870,2024-09-18T18:22:01+00:00,strong,"שמחת הסורים מתנגדי חזבאללה: יום פיצוץ המכשירים בלבנון הוא יום חג בלוח השנה. פעילי חזבאללה כבר ""אינם מועילים"" (לבנות זוגם) פליט סורי שסבל מנחת זרועם של פעילי חזבאללה במלחמת האזרחים בסוריה מכריז כי ה 17.9 (אתמול) הוא יום חג מעתה והלאה - יום חופש שבו יחגגו הסורים החופשיים ונכבדי סוריה את מה שקרה ל""חבר'ה"" של חזבאללה (הוא מדבר על פיצוץ הזימוניות - הסרטון צולם לפני הפיצוצים החדשים מהיום - א""ע). הוא מציין: היום אני בחופש. חוגג. היום הסרטונים ברשתות החברתיות היו כולם של בנות ונשים.... מפני שכל ""הגברים של חזבאללה"" כולם בבתי החולים... חלק נפגעו כאן (מצביע על מקומות בגוף-א""ע), חלק נפצעו בפנים... חלק נקטעו להם איברים... אומרים ש 90% מפעילי חזבאללה כבר ""אינם מועילים"" (עבור בנות זוגם-א""ע)... וזאת מפני שרובם שמו את מכשירי הזימונית בכיס ורק תדמיינו לכם... מה נפגע.... (יש לשים לב לתמונת הנקניקיות המוטלות ברחוב, המצורפת לאורך הסרטון בהקשר זה 😁 -א""ע)... ### הוא לא היחיד. יש המון סרטונים ברשת של מתנגדי חזבאללה הרבים. כולם כולם חוגגים ולועגים לפעילי חזבאללה בעקבות המכה המשפילה שחטפו. כדי להגיב לכתבה לחצו כאן"
75871,2024-09-18T18:38:17+00:00,,שר הבריאות הלבנוני: המכשירים שהתפוצצו היום היו גדולים יותר - מספר הנפגעים צפוי עוד לעלות. כדי להגיב לכתבה לחצו כאן
75872,2024-09-18T18:58:34+00:00,,"גולשים עזתיים ברשתות החברתיות מבסוטים מכך שאוגדה 98 עזבה את רצועת עזה לכיוון לבנון. הם חשים הקלה... אחד הגולשים הציע ללמד את הלבנונים כיצד פותחים חשבון לקבץ תרומות באתר gofundme האהוב על העזתיים. אחר תוהה כיצד אליסה (זמרת לבנונית מפורסמת - א""ע) תצליח לשטוף את הקערות במואצי של דרום לבנון... אין חכם כבעל ניסיון.... העזתיים למדו דבר או שניים (: כדי להגיב לכתבה לחצו כאן"
75873,2024-09-18T19:00:42+00:00,,"גולשים עזתיים ברשתות החברתיות מבסוטים מכך שאוגדה 98 עזבה את רצועת עזה לכיוון לבנון. הם חשים הקלה... אחד הגולשים הציע ללמד את הלבנונים כיצד פותחים חשבון לקבץ תרומות באתר gofundme האהוב על העזתיים. אחר תוהה כיצד אליסה (זמרת לבנונית מפורסמת - א""ע) תצליח לשטוף…"
75874,2024-09-18T19:39:44+00:00,,"ג'ון קירבי, מתאם התקשורת של המועצה לביטחון לאומי בבית הלבן: ארה""ב אינה מעורבת בפיצוצים בביירות ולא נמסור פרטים נוספים. כדי להגיב לכתבה לחצו כאן"
75875,2024-09-18T19:45:53+00:00,related,"חזבאללה מתחיל להזרים כרזות של אנשיו שנהרגו היום בפיצוץ מכשירי הקשר. אפרסם אותם במרוכז, אך אני רוצה להתעכב לרגע על עבד אלמנעם עבד אלמנעם: הוא פעיל חזבאללה, פעיל צבאי והוא יליד 2008. כלומר, ילד בן 16. ברצועת עזה למשל משרד הבריאות הפלסטיני היה סופר אותו כילד במסגרת ""רצח הילדים"" שמבצעת ישראל. הגיל של עבד אלמנעם צריך לשמש את ההסברה הישראלית בחו""ל - הוא פעיל צבאי לכל עניין ודבר. לא ילד. וזה נכון עשרות מונים לרצועה ולגדה שם התופעה רחבה הרבה יותר. כדי להגיב לכתבה לחצו כאן"
76218,2024-09-22T08:54:45+00:00,,ברלין: ילד עם דגל פלסטין מתרגל בריצה מחלקה של שוטרים גרמנים. הוא נעצר בסופו של דבר. כדי להגיב לכתבה לחצו כאן
76220,2024-09-22T08:59:00+00:00,,°תוכן שיווקי
76221,2024-09-22T09:00:07+00:00,,"°אזורים Special Days 🔝 ימים של מבצעים מיוחדים במגוון פרויקטים ברחבי הארץ! 🔥 בואו לגלות את הבית הבא שלכם בפרויקטים שלנו בכל רחבי הארץ, המציעים איכות חיים גבוהה ומיקום מושלם. 🏡 הצטרפו אלינו וגלו הזדמנויות חדשות לשדרוג איכות חייכם! לפרויקטים המשתתפים במבצע ולפרטים נוספים >> https://lp.azorim.co.il/special_days/?utm_source=telegram&utm_platform=T4"
76222,2024-09-22T09:40:19+00:00,,העזתיים באוהלים מבקשים מאללה שיפסיק את הגשם... אללה בתגובה: רק התחלנו... כדי להגיב לכתבה לחצו כאן
76223,2024-09-22T09:45:22+00:00,,ישראל יכולה להציע לעזתיים: אוהלים אטומים לגשם בתמורה למידע על חטופים ועל סנואר. הם מוכנים לעשות הרבה עכשיו בשביל אוהל אטום. כדי להגיב לכתבה לחצו כאן
76224,2024-09-22T09:59:37+00:00,,"עיראק: היום בשעה 16:00 תערך בבגדד הלוויתו של אבו חידר אלח'פאג'י, הבכיר בגדודי חזבאללה עיראק, שחוסל בתקיפה המיוחסת לישראל בדמשק ביום שישי בבוקר. בשעה 16:00 צפויה להתקיים במקביל הלוויתו של אבראהים עקיל, בכיר חזבאללה שחוסל ביום שישי אחה""צ בתקיפה הישראלית בדאחיה בביירות. כדי להגיב לכתבה לחצו כאן"
76225,2024-09-22T10:21:55+00:00,,איראן: 51 הרוגים וכ 20 נעדרים בפיצוץ במכרה פחם הלילה במזרח המדינה. כדי להגיב לכתבה לחצו כאן
76226,2024-09-22T10:44:34+00:00,,"משרד הבריאות הלבנוני: מספר ההרוגים בתקיפה בדאחיה הגיע ל 46. משרד הבריאות הפלסטיני בגדה: 716 הרוגים בגדה מאז תחילת המלחמה. משרד הבריאות הפלסטיני בעזה: 41,431 הרוגים ברצועה מאז תחילת המלחמה (40 ביממה האחרונה). ### כך נראית אחדות הזירות. כדי להגיב לכתבה לחצו כאן"
76227,2024-09-22T11:33:08+00:00,,"מקורות לבנוניים לא רשמיים: 3 הרוגים ושני פצועים בתקיפות צה""ל הבוקר בדרום לבנון. כדי להגיב לכתבה לחצו כאן"
76229,2024-09-22T11:36:14+00:00,,"מקורות לבנוניים לא רשמיים: 3 הרוגים ושני פצועים בתקיפות צה""ל הבוקר בדרום לבנון. כדי להגיב לכתבה לחצו כאן"
76231,2024-09-22T11:46:01+00:00,,"חבר הפרלמנט הלבנוני מטעם חזבאללה, חסין פצ'לאללה : אין ואקום - בליל התקיפה בדאחיה כבר התמנו המפקדים החדשים והחלו לתכנן מתקפה על האויב. לא נשאר מוצב אחד ריק ממפקדים אפילו יום אחד. ע""פ הנתונים שבידי ""ההתנגדות"" הרקטות ששוגרו הבוקר פגעו במטרות וגרמו לנפגעים. למרות ""מתקפות המנע"" של צבא הכיבוש, הוא לא הצליח למנוע את המתקפה. כל מה שעשה האויב לא ימנע מאיתנו להמשיך לתמוך בעזה. ""ההתנגדות"" חזקה ומסוגלת לספוג את המכות."
76232,2024-09-22T11:51:01+00:00,,"חבר הפרלמנט הלבנוני מטעם חזבאללה, חסין פצ'לאללה: אין ואקום - בליל התקיפה בדאחיה כבר התמנו המפקדים החדשים והחלו לתכנן מתקפה על האויב. לא נשאר מוצב אחד ריק ממפקדים אפילו יום אחד. ע""פ הנתונים שבידי ""ההתנגדות"" הרקטות ששוגרו הבוקר פגעו במטרות וגרמו לנפגעים.…"
76233,2024-09-22T11:54:51+00:00,,"משרד הבריאות הלבנוני: 3 הרוגים בתקיפת צה""ל הבוקר במאלכיה בדרום לבנון. 2 הרוגים נוספים חולצו מהבניין שהותקף ביום שישי בדאחיה, מספר ההרוגים בתקיפה עלה ל 48. עדיין ישנם נעדרים. כדי להגיב לכתבה לחצו כאן"
76234,2024-09-22T12:09:50+00:00,,"רשת אלג'זירה הקטרית פרסמה אתמול תיעוד שנלקח לטענתה מרחפן צה""לי עליו השתלטה חמאס ובו נראה רחפן מטיל רימון על עזתי פצוע שנעלם בתוך ענן עשן ואבק. אלג'זירה מציינת כי לא ידוע מה עלה בגורלו של העזתי. כדי להגיב לכתבה לחצו כאן"
76235,2024-09-22T12:43:37+00:00,,מתנגדי חזבאללה ברשתות החברתיות לועגים לתגובות הנקם של חזבאללה: הם כנראה מנסים לפגוע בביטחון התזונתי של תושבי ישראל. כדי להגיב לכתבה לחצו כאן
76236,2024-09-22T12:59:00+00:00,,°תוכן ממומן
76237,2024-09-22T13:00:15+00:00,,"°שמי יסכה, אשתו של יהונתן שטינברג הי""ד, מח""ט הנח""ל שנפל בגבורה בקרב בבוקר שמחת תורה, יחיד מול 12 מחבלים בדרכו לפקודיו שבכרם שלום. מהמפקדים הראשונים שהגיעו לאיזור ובלמו בגופם חלק משמעותי מהתקפת המחבלים. יהונתן, יוני, היה אדם המסור לעם ישראל בכל מאודו, כל עשייתו הצבאית נבעה מחיבור עמוק ושרשי לעם ישראל, ארץ ישראל ותורת ישראל. אנו מתגוררים בקיבוץ שומריה,כחלק מקהילה מיוחדת במינה שהולכת וצומחת. בימים אלה אנו עומדים לקראת השלמתו של בניין בית כנסת שבעזרת ה׳ יקרא על שמו של יוני -""משכן יהונתן"" אני מרגישה שיש בזה חיבור טבעי והמשך לדמותו של יוני שחי חיי קודש בתוך עולם המעשה, לרוח הגדולה ולחיים שהוא חי. לצורך כך אנו יוצאים בקמפיין להשלמת בניין בית הכנסת. נשמח אם תוכל לספר זאת לעולם, שיזכו גם הם להיות שותפים בהנצחת זכרו היקר, בבית הכנסת שישא את שמו ורוחו הגדולה שלא תפסק לעולם. https://did.li/5kcOf תודה רבה. תבורכו כולם יסכה"
76299,2024-09-23T05:48:12+00:00,,"מנזקי תקיפות צה""ל הבוקר על כפרי דרום לבנון. כדי להגיב לכתבה לחצו כאן"
76302,2024-09-23T05:51:58+00:00,,"תיעוד איכותי מתוך המפגן הצבאי האיראני שלשום 👆 ובו נראה הכטב""מ האיראני החדש: שאהד 136B שלטענת גורמים המזוהים עם המשטר האיראני הנו בעל טווח של 4,000 ק""מ. במפגן נחשף לראשונה גם טיל בליסטי חדש בשם ""ג'האד"" המגיע לטווח של אלף ק""מ, ע""פ מקורות איראנים. כדי להגיב לכתבה לחצו כאן"
76304,2024-09-23T05:56:59+00:00,,ובינתיים בעזה... כך נראית שגרת יום באוהל.. כדי להגיב לכתבה לחצו כאן
76305,2024-09-23T05:59:00+00:00,,°תוכן שיווקי
76306,2024-09-23T06:00:07+00:00,,"° 🔔 הידעת שייתכן שהוריכם ואפילו אתם זכאים לקצבה דרך הביטוח הסיעודי של קופת החולים? 🔔 מדובר לעיתים במעל לחצי מליון שקלים! 😁 אל תבזבזו זמן יקר, בדקו עכשיו זכאות לקבלת כספי הביטוח הסיעודי! לפרטים נוספים לחצו על הלינק הבא 🌐 : https://bit.ly/3y3RTw6 או התקשרו: 072-3340515 מגן מומחים - נלחמים בשבילך! 💪 ✨"
76307,2024-09-23T07:13:18+00:00,,"ערוצים לבנוניים מתלוננים: אביחי אדרעי, דובר צה""ל בערבית, מוביל מערכה של לוחמה פסיכולוגית נגד תושבי דרום לבנון ע""פ מקורות אלו צה""ל פרץ לרשתות הסלולר הלבנוניות והחל לשגר הודעות פינוי לתושבים, כמו כן דווח כי צה""ל השתלט על תדרי הרדיו ופרסם הודעות פינוי והפחדה מטעם ""קול הדרום"" - שם של תחנת רדיו שהיתה פעילה בזמן שצה""ל שלט בדרום לבנון, בשיתוף עם צד""ל. ע""פ דיווחי הלבנונים בהודעות נאמר שתחנת הרדיו ""קול הדרום"" חוזרת לפעול (זה בטח מחזיר ללבנונים כמה זיכרונות מהימים שצה""ל שלט בדרום לבנון). כמו כן טוענים מקורות לבנוניים שצה""ל הקים אתר אינטרנט ""למען תושבי דרום לבנון"". ערוצים לבנוניים שונים קוראים לתושבי לבנון שלא להכנס לאתרים של ""האויב הציוני"" וכי ""ההתנגדות"" שומרת עליהם ואינה מסכנת את האזרחים באמצעות הטמנת אמל""ח באזורים אזרחיים. ### ניכר שיש כאן מהלך תודעתי נרחב מצד ישראל. זה בהחלט מבורך. עצביהם הרופפים של הלבנונים הם כר פורה לכל פעולת לוחמה פסיכולוגית - יש לנצל זאת, יש לכך בהחלט השפעה על המערכה, במיוחד כשמה שיכריע את המערכה יהיה זה שיתעקש יותר... מצורף סרטון בערבית שפורסם אצל אביחי אדרעי ומיועד לתושבי דרום לבנון."
76308,2024-09-23T07:20:32+00:00,,"מקורות לבנוניים מדווחים שצה""ל תקף היום לראשונה מאז תחילת המלחמה באזור אהמג', ג'רוד ג'ביל, בין טריפולי וביירות. כדי להגיב לכתבה לחצו כאן"
76309,2024-09-23T07:23:13+00:00,,"דובר צה""ל: עובד קבלן בבסיס בא""פ לכיש ניסה לבצע פיגוע דקירה. החשוד נוטרל ע""י נגד מהבסיס, אין נפגעים. הפרטים בבדיקה. כדי להגיב לכתבה לחצו כאן"
76310,2024-09-23T07:34:40+00:00,,"חזבאללה מודיע על הרוג נוסף בשורותיו: חסין אמהז, יליד 1973 מאזור אלבקאע. זהו חסין אמהז השני שנהרג בימים האחרונים, כאן הראשון 👆 . אמהז היה פצוע עד אתמול והיום מת מפצעיו. בד בבד עם פרסום הדיווח של חזבאללה, פרסמו כלי תקשורת לבנוניים שמספר ההרוגים בתקיפה בדאחיה עלה ל 52, דבר שמעלה את הסבירות כי נפצע בתקיפה זו. הוא מתואר ברשתות החברתיות כ""מפקד"". מספר 506 כדי להגיב לכתבה לחצו כאן"
76311,2024-09-23T07:45:19+00:00,,"ביירות: גל עקורים חדש יוצא מהדאחיה עיתון אלאח'באר הלבנוני (מזוהה עם חזבאללה) מדווח על ""גל הגירה"" של תושבים אל מחוץ לרובע הדאחיה של ביירות בעקבות התקיפה הישראלית ביום שישי באזור אלקאא'ם בדאחיה. העיתון מדווח כי מתווכים ונהגי מוניות והובלות מקבלים עשרות פניות בטווח זמן קצר מאז התקיפה בדאחיה וכל מי שהכין מבעוד מועד מקום מגורים עוזב את הדאחיה. בצל ""תנועת העקורים החדשה"" והרבה גם בעטיה, עלו מחירי השכירות מחוץ לדאחיה ומחוץ לביירות - במקומות אליהם מתפנים העקורים. ע""פ אלאח'באר העקורים מוכנים להתפשר גם על כפרים הממוקמים על הרים גבוהים בלבנון, בהם החורף בד""כ קשה מאוד, רק כדי שיוכלו למצוא מקום מגורים. כדי להגיב לכתבה לחצו כאן"
76312,2024-09-23T07:49:10+00:00,,סוכנות הידיעות הלבנונית הרשמית טוענת כי לשכתו של שר ההסברה הלבנוני קיבלה שיחה עם הקלטה ישראלית הדורשת לפנות את המבנה. כדי להגיב לכתבה לחצו כאן
76313,2024-09-23T07:55:38+00:00,,"ערוצים לבנוניים מפרסמים תיעוד של השתלטות צה""ל על תדר רדיו ושידור הודעה לתושבי דרום לבנון הבוקר לפני השעה שמונה. בהודעה מטעם צה""ל ברדיו מתבקשים תושבי דרום לבנון להתפנות מאזורים בהם יש אמל""ח של חזבאללה. כדי להגיב לכתבה לחצו כאן"
76314,2024-09-23T07:56:59+00:00,,"הלבנונים כעת בכוננות ספיגה, בעמדת המתנה, מחכים ליוזמת תקיפה ישראלית... זה הסטטוס הרצוי... #على_اجر_ونص כדי להגיב לכתבה לחצו כאן"
76315,2024-09-23T08:04:59+00:00,,"ערוצים לבנוניים מדווחים על תחילת גל תקיפות של צה""ל בדרום לבנון כעת. כדי להגיב לכתבה לחצו כאן"
76316,2024-09-23T08:09:21+00:00,,"הלבנונים מדווחים על הודעות פינוי מוקלטות שצה""ל שולח לטלפונים הסלולריים שלהם. כדי להגיב לכתבה לחצו כאן"
76317,2024-09-23T08:11:04+00:00,,אחת התקיפות כעת באזור אנצאר בדרום לבנון. כדי להגיב לכתבה לחצו כאן
76318,2024-09-23T08:13:14+00:00,,"הלבנונים מדווחים על תקיפות בכפר חבוש, בנבטיה בדרום לבנון - כפר שמותקף לראשונה מאז תחילת המלחמה. צה""ל מכניס למעגל האש הבוקר יותר ויותר אזורים שלא הותקפו עד כה מאז תחילת המלחמה. כדי להגיב לכתבה לחצו כאן"
76319,2024-09-23T08:16:20+00:00,,דיווחים לבנונים לא רשמיים על כך שההגנה האווירית של חזבאללה יורה טילים לעבר כלי הטיס הישראלים בדרום לבנון. כדי להגיב לכתבה לחצו כאן
76320,2024-09-23T08:18:04+00:00,,"עשרות תקיפות של צה""ל עד כה ברחבי דרום לבנון, בגל הנוכחי. כדי להגיב לכתבה לחצו כאן"
76324,2024-09-23T08:23:30+00:00,,הכפר טורא בדרום לבנון. שימו לב לפיצוצי המשנה. גם הפסקול ברקע מוסיף... כדי להגיב לכתבה לחצו כאן
76325,2024-09-23T08:30:37+00:00,,הלבנונים מדווחים על סדרת תקיפות חדשה כעת באזור צור בדרום לבנון. כדי להגיב לכתבה לחצו כאן
76326,2024-09-23T08:32:37+00:00,,הכפר באזוריה בדרום לבנון. כדי להגיב לכתבה לחצו כאן
76327,2024-09-23T08:38:19+00:00,,"בהמשך להתרעות דובר צה""ל 👆 הלבנונים מדווחים שצה""ל תוקף בתים פרטיים של אזרחים בדרום לבנון, במקומות מהם נמנע לתקוף בעבר. כדי להגיב לכתבה לחצו כאן"
76328,2024-09-23T08:39:29+00:00,,קצת מהאווירה בדרום לבנון. כדי להגיב לכתבה לחצו כאן
76329,2024-09-23T08:47:26+00:00,,"ערוצים לבנוניים מדווחים על תקיפות של צה""ל גם באזור אלבקאע ולא רק בדרום לבנון. כדי להגיב לכתבה לחצו כאן"
76330,2024-09-23T08:52:33+00:00,,"לראות עד הסוף! תקיפת צה""ל באזור הכפר סינאי, ליד אנצאר בדרום לבנון כדי להגיב לכתבה לחצו כאן"
76331,2024-09-23T08:53:02+00:00,,מקורות לבנוניים לא רשמיים: 4 הרוגים ו 26 פצועים עד כה בתקיפות בדרום לבנון. כדי להגיב לכתבה לחצו כאן
76332,2024-09-23T08:54:17+00:00,,"תוצאות תקיפה ליד בית החולים הלבנוני - איטלקי בצור, דרום לבנון. כדי להגיב לכתבה לחצו כאן"
76333,2024-09-23T09:01:25+00:00,,"אזור אלמג'אדל בדרום לבנון -צוותי ההצלה מנסים לכבות את הדליקות בעקבות תקיפות צה""ל. כדי להגיב לכתבה לחצו כאן"
76334,2024-09-23T09:07:30+00:00,,התקיפות בדרום לבנון נמשכות גם בשעה זו - תיעוד של תקיפה עדכנית מאזור זבקין. כדי להגיב לכתבה לחצו כאן
76335,2024-09-23T09:11:51+00:00,,דגל אדום בדאחיה בביירות : לא נעזוב את פלסטין כדי להגיב לכתבה לחצו כאן
76336,2024-09-23T09:12:44+00:00,,"כלי תקשורת לבנוניים: לשכת שר התרבות הלבנוני קיבלה שיחה מאדם דובר ערבית, עם מבטא זר, שביקש מהם לפנות את המבנה. כדי להגיב לכתבה לחצו כאן"
76337,2024-09-23T09:15:43+00:00,,"אלאח'באר הלבנוני מפי מקורות ביטחוניים: אנשי יוניפי""ל התבקשו להתפנות עם משפחותיהם אל אזורים בטוחים צפונית לנהר הליטאני. כדי להגיב לכתבה לחצו כאן"
76340,2024-09-23T09:31:34+00:00,,"התקיפות של צה""ל בדרום לבנון נמשכות (הסרטון מבנת ג'ביל), במקביל דיווח על מטח רקטות של חזבאללה לעבר הגליל העליון. כדי להגיב לכתבה לחצו כאן"
76341,2024-09-23T09:33:59+00:00,,"תוצאות תקיפה של צה""ל באזור אלע'אזיה, על קו החוף הלבנוני מדרום לצידון. כדי להגיב לכתבה לחצו כאן"
76342,2024-09-23T09:37:04+00:00,,"דובר צה""ל: עד כה הותקפו למעלה מ 300 מטרות. כדי להגיב לכתבה לחצו כאן"
76343,2024-09-23T09:38:36+00:00,,משרד הבריאות הלבנוני הודיע על דחיית ניתוחים לא דחופים בבתי החולים בדרום לבנון ובאזור אלבקאע לטובת קליטת פצועי התקיפות. כדי להגיב לכתבה לחצו כאן
76344,2024-09-23T09:49:38+00:00,,°תוכן ממומן
76345,2024-09-23T09:50:42+00:00,,"° החייל שבסרטון זה בעלי רס""ל אלחנן אריאל קליין הי""ד אלחנן נרצח בפיגוע ירי ע""י מחבלים ארורים בדרכו חזרה הביתה לאפטר מהמילואים. לאחר הרצח הקמנו נקודת התיישבות חדשה לזכר אלחנן- ""נופי אלחנן"", וב""ה היא כבר מיושבת על ידי משפחות חלוצות. עכשיו הגענו לשלב של הקמת בית כנסת במקום לזכרו - 'היכל אריאל ' פתחנו בקמפיין לגיוס תרומות לצורך כך. כל הכספים ילכו לבניית בית הכנסת ולפיתוח המקום. צריכים את עזרתכם לצורך השלמת המבנה. 🙏 אשמח מאוד שתהיו שותפים 🇮🇱 לתרומה לבית כנסת בנופי אלחנן ⬇️ https://meshulam.co.il/purchase?b=7f2f86a8454a9d122db867da8279a218 ניתן לתרום גם בפייבוקס (ללא סעיף 46 ) ⬇️ https://payboxapp.page.link/K7YDhKCCvqxHMpZz5"
76346,2024-09-23T10:23:01+00:00,,"נמלטים! אחרי הנחיית דובר צה""ל הבוקר תושבי דרום לבנון נמלטים צפונה בהמוניהם. הכבישים עמוסים, התנועה לא זורמת. נסראללה מתהדר בעקירת תושבי צפון ישראל ועכשיו הוא מקבל עקירה במימדים חסרי תקדים של תושבי דרום לבנון, רבים מהם שיעים(הסביבה התומכת של חזבאללה) , שנעים צפונה. ישראל מפנה את דרום לבנון! נסראללה טועם מנות גדושות מהדייסה של עצמו. הנחיות צה""ל בערבית בתוספת התקיפות העוצמתיות הרבות מאז הבוקר שיכנעו את תושבי דרום לבנון באופן חד משמעי שכדאי לברוח... אפקט מרשים. החורף מתקרב ובלבנון הוא לא קל, נקווה שלמדו לקח מהעזתים וארזו הרבה שמיכות ואוהלים אטומים לגשם. #אל_המואצי_של_דרום_לבנון"
76351,2024-09-23T10:28:01+00:00,,"דובר צה""ל: עד כה הותקפו למעלה מ 300 מטרות. כדי להגיב לכתבה לחצו כאן"
76352,2024-09-23T10:30:18+00:00,,"שר החינוך הלבנוני: לא יתקיימו לימודים בבתי הספר ובאוניברסיטאות בדרום לבנון, באזור אלבקאע ובדאחיה של ביירות. ### הורים נקראו לקחת את ילדיהם מבתי הספר באמצע היום, דבר שהוסיף לעומס בכבישי דרום לבנון (לצד המתפנים צפונה). כדי להגיב לכתבה לחצו כאן"
76427,2024-09-23T17:00:05+00:00,,° כל מה שכורסא צריכה! 🛋️ ✨ עכשיו באירופלקס ✨ כורסת Everest שתשדרג לכם את הסלון במחיר מטורף ובאספקה מהירה! 🔥 📲 לפרטים נוספים >> https://bit.ly/3ZCgBPR 📅 תוקף המבצע עד 30.9.24 | מינימום 57 פריטים במלאי ❗ ללא כפל מבצעים והנחות 🛒 רכישה באתר ובסניפים 🛠️ הובלה והרכבה 299 ₪ ט.ל.ח
76428,2024-09-23T17:30:01+00:00,,"ערוץ אלמיאדין הלבנוני: 325 הרוגים ו 1,200 פצועים בתקיפות בלבנון מאז שעות הבוקר. כדי להגיב לכתבה לחצו כאן"
76429,2024-09-23T17:34:04+00:00,,"פאדי בודיה, העורך של רשת החדשות ""מראיא אינטרנשיונל"", נפגע מתקיפת צה""ל באזור אלבקאע במהלך שידור חי של התוכנית ""חבר סיאסי"" אליו התחבר דרך המחשב שלו. מצבו אינו ידוע. כדי להגיב לכתבה לחצו כאן"
76430,2024-09-23T17:38:01+00:00,,"ערוץ אלמיאדין הלבנוני על התקיפה בדאחיה הערב (ניסיון החיסול של עלי כרכי): המבנה הותקף בארבע פצצות. לא כולן התפוצצו. ע""פ דיווח ראשוני ישנם 7 פצועים. כדי להגיב לכתבה לחצו כאן"
76431,2024-09-23T17:38:41+00:00,,"דובר צה""ל עם נתונים על התקיפות בלבנון ביממה האחרונה: 650 גיחות תקיפה. 1,100 מטרות הותקפו באמצעות 1,400 חימושים. כדי להגיב לכתבה לחצו כאן"
76432,2024-09-23T17:45:35+00:00,,"פלסטינים ממחנה הפליטים עין אלחלווה בלבנון מחלקים מים לעקורים מדרום לבנון שנתקעו בפקקים כשברחו מהבית (בגלל יחיא סנואר - א""ע). אולי היו לפלסטינים רגשות אשמה...(: כדי להגיב לכתבה לחצו כאן"
76433,2024-09-23T17:51:09+00:00,,"ערוץ אלמיאדין הלבנוני: 325 הרוגים ו 1,200 פצועים בתקיפות בלבנון מאז שעות הבוקר. כדי להגיב לכתבה לחצו כאן"
76434,2024-09-23T18:02:49+00:00,,"גולים סורים מברכים על מותו של עלי דבאג'ה, בכיר בחזבאללה מבנת ג'ביל שנהרג היום בתקיפת צה""ל. לדבריהם הוא טבח ברבים מאזרחיה הסונים של סוריה. כדי להגיב לכתבה לחצו כאן"
76435,2024-09-23T18:13:41+00:00,,"דובר צה""ל מציג סרטון בו הותקף בית פרטי בלבנון ומייד לאחר מכן משתגרת ממנו רקטה - עדות להסתרת האמל""ח מצד חזבאללה בבתים אזרחיים. כדי להגיב לכתבה לחצו כאן"
76436,2024-09-23T18:17:23+00:00,,"בנוסף חושף צה""ל תיעוד שמעיד על עומק החדירה המודיעינית שהשיג צה""ל בתוך חזבאללה: צילום סטילס באיכות גבוהה של בית אזרחי בו הוסתר בעליית גג טיל (מסוג זלזאל 2). נחשפה ערוותו של חזבאללה וגם... המטרה הושמדה,זאת מעבר להשפעה המורלית - תודעתית בעקבות עומק החדירה המודיעינית. כדי להגיב לכתבה לחצו כאן"
76438,2024-09-23T18:20:51+00:00,,משרד הבריאות הלבנוני מעדכן את מספרי הנפגעים מהתקיפות היום: 356 הרוגים ו 1246 פצועים. כדי להגיב לכתבה לחצו כאן
76439,2024-09-23T18:22:53+00:00,,"ארגון הטרור הסוני, אלג'מאעה אלאסלאמיה הלבנוני מודיע כי השיח' הבכיר בשורותיו, חסין א-נאדר ממרג'עיון חוסל בתקיפה ישראלית היום. ### לא יום טוב לאנשי דת של ארגוני טרור בלבנון. כדי להגיב לכתבה לחצו כאן"
76440,2024-09-23T18:26:09+00:00,,לבנון: דיווחים על בריחת המונים מלבנון לסוריה דרך אזור קוסייר. עקורים בורחים צפונה ומזרחה. הרחק מדרום לבנון. כדי להגיב לכתבה לחצו כאן
76442,2024-09-23T18:34:29+00:00,,אלג'זירה מפי מקור בכיר בחזבאללה: עלי כרכי בריא ושלם. הוא הועבר למקום מבטחים. כדי להגיב לכתבה לחצו כאן
76443,2024-09-23T18:37:07+00:00,,"שני תיעודים האחד מדרום לבנון והשני מאזור אלבקאע המעידים על ההצלחות של צה""ל היום בפגיעה במחסני אמל""ח גדולים שהוסתרו בתוך סביבה אזרחית. כדי להגיב לכתבה לחצו כאן"
76445,2024-09-23T18:41:51+00:00,,"הבריחה הגדולה מדרום לבנון: הפקקים לא נגמרים באזור צידון, דיווחים על כך שלחלק מהרכבים נגמר הדלק באמצע הפקק בשל העובדה שאנשים שוהים בו שעות על גבי שעות. כדי להגיב לכתבה לחצו כאן"
76446,2024-09-23T19:12:50+00:00,,"ערוצים לבנוניים קוראים לסייע לתושבי דרום לבנון התקועים בפקקים למעלה מחמש שעות, עם ילדים באוטו, ללא אוכל, ללא מים, ללא שירותים.... השיעים של נסראללה מושפלים במיוחד היום. ברחו כמו כבשים למשמע הנחיות של צה""ל, נתקעו בפקקים, והם חסרי אונים כעת... כשנסראללה מספר להם שהם משלמים את המחיר בשביל לתמוך בעזתיים שמוביל אותם איזה אחד אחוז טירוף שנעלם במנהרה לפני כמה שבועות... סיטואציה קשה במיוחד ל""סביבה התומכת של חזבאללה""..."
76536,2024-09-24T14:59:00+00:00,,°תוכן שיווקי
76537,2024-09-24T15:00:08+00:00,,"° רישיון הנהיגה שלך בסכנה? קיבלת זימון למכון הרפואי? משרד הרישוי מעכב אותו? אלפי ישראלים נשלחים לבדיקה במכון הרפואי לבטיחות בדרכים מדי שנה, ומגלים כי רישיונם נפסל באופן לא מוצדק. מדובר בגוף מיושן ומסורבל שעושה לא מעט טעויות. אם יודעים להתנהל נכון ניתן למנוע את הפסילה! למשרד עו""ד ערן בן עמי, 18 שנות ניסיון בתחום התעבורה בדגש על המכון הרפואי. התקשרו עוד היום- ועו""ד תעבורה מקצועי יסייע לך כיצד לשמור על רשיון הנהיגה שלך: רוצה לקרוא עוד? לחץ על הקישור לכתבה https://tld.walla.co.il/item/3686331 ☎️ ליצירת קשר חייגו: 052-2526277 (עו""ד בן עמי) ✅ או באמצעות ואטאסאפ: https://bit.ly/3OgpAAM 📧 או באימייל: eran@tabura.co.il"
76538,2024-09-24T15:39:12+00:00,,"ערוצים לבנוניים מדווחים שצה""ל תקף משגר נייד של רקטות מסוג פאדי של חזבאללה בדרום לבנון. כדי להגיב לכתבה לחצו כאן"
76541,2024-09-24T15:41:05+00:00,,תקיפות אינטנסיביות על עשרות יעדים בשעה האחרונה בדרום לבנון. הלבנונים מדווחים על 6 הרוגים באחת התקיפות בנבטיה אלפוקא. כדי להגיב לכתבה לחצו כאן
76542,2024-09-24T15:44:10+00:00,,"הזרוע הצבאית של הג'האד האסלאמי, סניף סוריה , מודיעה על מותם של שניים מפעיליה בלחימה בדרום לבנון: פראס שהאבי סמיר דיאב כדי להגיב לכתבה לחצו כאן"
76544,2024-09-24T16:10:46+00:00,,"ועידת מפלגת הלייבור: ראש ממשלת בריטניה כנראה עלה לנאום רעב, ממש לפני הארוחה ומעד בלשונו: “I call for an immediate ceasefire in Gaza, the return of sausages... hostages.” כדי להגיב לכתבה לחצו כאן"
76545,2024-09-24T16:59:00+00:00,,°תוכן שיווקי
76546,2024-09-24T17:00:04+00:00,,° המגפיים הטקטיות שכבשו את ישראל עכשיו ב75% הנחה 💎 עשרות הזמנות מישראל ומבצעים שווים במיוחד 🛍 מגפיים טקטיות עמידות למים ולתנאי שטח קשים כעת ב119 ש״ח בלבד המוצר נעוץ בערוץ כך שתוכלו למצוא אותו בקלות לינק לערוץ הסודי 👇 👇 👇 https://t.me/+9T-cgP2nOvYzYTE0 https://t.me/+9T-cgP2nOvYzYTE0
76547,2024-09-24T17:35:31+00:00,,"אלפים ברחו היום מלבנון לסוריה דרך מעברי הגבול בין המדינות, בעקבות קריאות צה""ל לתושבי הדרום ואלבקאע לעזוב אזורים אלו. ע""פ כלי תקשורת לבנוניים לפחות 6,000 איש עברו דרך מעבר הגבול יאבוס עד לשעה 18:00. היו שעברו דרך מעברי גבול נוספים. לא כולם הצליחו לעבור וינסו שוב מחר. כדי להגיב לכתבה לחצו כאן"
76549,2024-09-24T17:46:49+00:00,,"שבוע לאירוע פיצוצי הזימוניות, שר הביטחון גלנט מכריז: ""חזבאללה של היום אינו חזבאללה של לפני שבוע."" דבריו של גלנט נאמרו באימון המדמה פעולה קרקעית בלבנון וזוכים לציטוט של כלי תקשורת ערבים מובילים. כדי להגיב לכתבה לחצו כאן"
76550,2024-09-24T17:58:26+00:00,,"חזבאללה מקבל אחריות לפני זמן קצר על המתקפה ה 18 שלו מאז חצות - לטענתו, מתקפת כטב""מים על בסיס השייטת בעתלית. יום גדוש בשיגורים מלבנון. אך עדיין פחות ממה שחזבאללה היה רוצה בהתחשב ברשימת הנקמות שנפתחה אצלו בשבוע החולף. מאז אתמול בשעה עשר בבוקר חזבאללה הפסיק לדווח על הרוגיו כבעבר. אפשר להניח שהכמות הגדולה של ההרוגים ביממה החולפת והבלגן הגדול בשורותיו הם הסיבה לכך. איני פוסל אפשרות לשינוי מדיניות של חזבאללה בתחום אולי כדי למנוע דמורליזציה בשורותיו. נדע טוב יותר בימים הקרובים. כדי להגיב לכתבה לחצו כאן"
76551,2024-09-24T18:25:24+00:00,,"דובר צה""ל מציג תיעוד של תקיפת מבנה אזרחי בו הסתיר חזבאללה משגרי רקטות - ניתן לראות אותן משתגרות בעקבות הפגיעה. כדי להגיב לכתבה לחצו כאן"
76552,2024-09-24T18:25:41+00:00,,"דובר צה""ל מציג את חיסול אבראהים קביסי, ראש מערך הטילים של חזבאללה היום בדאחיה בביירות. כדי להגיב לכתבה לחצו כאן"
76553,2024-09-24T18:26:07+00:00,,"ע""פ דובר צה""ל חזבאללה שיגר היום כ 300 רקטות מהן נפצעו 6 ישראלים, רובם באורח קל. כדי להגיב לכתבה לחצו כאן"
76554,2024-09-24T18:29:25+00:00,,"הלבנונים מדווחים על סדרת תקיפות של צה""ל ב 15 כפרים בדרום לבנון בשעה האחרונה. כדי להגיב לכתבה לחצו כאן"
76555,2024-09-24T18:35:23+00:00,,מקורות סורים לא רשמיים: מערכות ההגנה האווירית הסוריות בטרטוס הופעלו. כדי להגיב לכתבה לחצו כאן
76556,2024-09-24T18:39:28+00:00,,"כתף קרה איראנית לחזבאללה? ע""פ האתר האמריקאי אקסיוס, איראן הודיעה לחזבאללה שאין זה הזמן המתאים (מבחינתה) לבצע מתקפה על ישראל... כדי להגיב לכתבה לחצו כאן"
76557,2024-09-24T19:08:25+00:00,,"בצל ההסלמה בלבנון, תוהים גולשים עזתיים לאן נעלם אסאמה חמדאן, בכיר החמאס בלבנון והאם הצליח לברוח לקטר כדי להשיג חסינות מחיסול... כדי להגיב לכתבה לחצו כאן"
76558,2024-09-24T19:20:14+00:00,,מקורות סורים לא רשמיים: מערכות ההגנה האווירית הסוריות בטרטוס הופעלו. כדי להגיב לכתבה לחצו כאן
76559,2024-09-24T19:26:54+00:00,,סוריה: תיעוד נוסף משמי טרטוס כדי להגיב לכתבה לחצו כאן
76560,2024-09-24T19:36:56+00:00,,מקורות סורים המזוהים עם משטר אסד טוענים שמערכות ההגנה האווירית הסוריות ביצעו עד כה 9 יירוטים בשעה האחרונה. לא ברור מה מפעיל אותן.... כדי להגיב לכתבה לחצו כאן
76561,2024-09-24T21:28:32+00:00,,שר החוץ הלבנוני: מספר העקורים מדרום לבנון מתקרב לחצי מיליון. כדי להגיב לכתבה לחצו כאן
76562,2024-09-24T21:29:39+00:00,,מדובר בכעשרה אחוז מאוכלוסיית לבנון. כדי להגיב לכתבה לחצו כאן
76563,2024-09-24T21:42:29+00:00,,"לבנון: תקיפה ישראלית על מבנה מגורים בין אלג'יה לסעדיאת כ 20 ק""מ דרומית לביירות."
76566,2024-09-24T21:49:29+00:00,,רגע התקיפה בין אלג'יה לסעדיאת מדרום לביירות. כדי להגיב לכתבה לחצו כאן
76608,2024-09-25T08:45:57+00:00,,עשרות תקיפות משמעותיות של חיל האוויר בשעה האחרונה בדרום לבנון ובאזור אלבקאע. יש נפגעים והרס. כדי להגיב לכתבה לחצו כאן
76609,2024-09-25T08:49:02+00:00,,אחת התקיפות היתה סמוך למאגרי הדלקים של תחנת הכוח הלבנונית - א-זהראני... איתות ישראלי??? כדי להגיב לכתבה לחצו כאן
76610,2024-09-25T08:53:28+00:00,,תקיפות גם באזור הכפר שתורא במחוז אלבקאע - אזור שלא הותקף עד כה. ישנם דיווחים על תקיפות באזורים נוספים שלא הותקפו בעבר. היקף התקיפות נרחב בשעה האחרונה ועוצמתן גבוהה. כדי להגיב לכתבה לחצו כאן
76611,2024-09-25T08:58:05+00:00,,"צה""ל תוקף באלמעיצרה כ 20 ק""מ צפונית לביירות - עוד לבנונים נכנסים לראשונה למעגל האש."
76613,2024-09-25T08:59:14+00:00,,3 הרוגים ו 9 פצועים בתקיפה זו 👆 כדי להגיב לכתבה לחצו כאן
76614,2024-09-25T09:00:56+00:00,,°תוכן שיווקי
76615,2024-09-25T09:02:16+00:00,,"°רגע לפני כולם! הטבה מיוחדת לחברי ערוץ הטלגרם בפרויקט ארנונה הילס ירושלים! 🤭 300,000₪ בלבד ויש לכם פנטהאוז ענק על קומה שלמה! 🔝 מתחם מגורי היוקרה “ארנונה הילס” בירושלים, מציע מבחר פנטהאוזים פרימיום גדולים במיוחד! 160-200 מ”ר במפלס אחד, יחיד בקומה! שלושה עד ארבעה כיווני אוויר מרפסות ענק לנוף מזרחי מרהיב ופתוח מיקום אטרקטיבי לצד הטבע במלוא עוצמתו ארנונה הילס ירושלים - סטנדרט גבוה של איכות חיים במחיר שפוי! 🏡 לפרטים נוספים חייגו: 0779966830 או השאירו פרטים ונחזור אליכם >> https://lp.gl-re.co.il/geshem_new_arnona_telegram/?utm_source=telegram&utm_platform=T4"
76616,2024-09-25T09:32:35+00:00,,כלי תקשורת לבנוניים: יעד התקיפה באזור אלמעיצרה 👆 צפונית לביירות הוא השיח' מחמד עמרו אחראי אזור הר הלבנון והצפון בחזבאללה. הוא תושב אלמעיצרה. #### נכון לשעה זו לא ידוע מה עלה בגורלו.
76617,2024-09-25T09:34:51+00:00,,תמונת השיח' מחמד עמרו מחזבאללה. כדי להגיב לכתבה לחצו כאן
76618,2024-09-25T09:40:09+00:00,,"עלייה במספר ההרוגים בתקיפות היום בלבנון. אלה מהשעתיים האחרונות, רשימה חלקית: 3 הרוגים ו 9 פצועים באלמעיצרה. 4 הרוגים ו 15 פצועים בכפר ג'ון באזור צידון. 3 הרוגים ו 13 פצועים בעין קאנא 3 הרוגים בתבנין. כדי להגיב לכתבה לחצו כאן"
76619,2024-09-25T09:44:42+00:00,,"פיצוצי משנה בעקבות תקיפות צה""ל בבדנאיל במחוז אלבקאע. כדי להגיב לכתבה לחצו כאן"
76620,2024-09-25T09:49:36+00:00,,התקיפה הישראלית באלמעיצרה 👆 : עד כה חולצו 4 גופות ונמשכים החיפושים אחר נעדרים. כדי להגיב לכתבה לחצו כאן
76621,2024-09-25T09:56:19+00:00,,"עלייה במספר ההרוגים בתקיפות היום בלבנון. אלה מהשעתיים האחרונות, רשימה חלקית: 3 הרוגים ו 9 פצועים באלמעיצרה. 4 הרוגים ו 15 פצועים בכפר ג'ון באזור צידון. 3 הרוגים ו 13 פצועים בעין קאנא 3 הרוגים בתבנין. כדי להגיב לכתבה לחצו כאן"
76622,2024-09-25T09:57:21+00:00,,"אפשר להעריך שיש כ 20 הרוגים בלבנון כתוצאה מתקיפות צה""ל מאז שעות הבוקר. כדי להגיב לכתבה לחצו כאן"
76623,2024-09-25T09:59:41+00:00,,אחד לפנתאון: אוהלי העקורים הלבנונים בצידון. הדשא עוד ירוק אבל הכיוון הכללי: המואצי של ח'אן יונס. כדי להגיב לכתבה לחצו כאן
76624,2024-09-25T10:25:28+00:00,,"עוד שיח' של חזבאללה התאדה: גופתו של השיח' טליע זין א-דין, מהכפר צפד אלבטיח' בנפת בנת ג'ביל, נמצאה במכוניתו יחד עם כל בני משפחתו לאחר שנעדר מאז סדרת התקיפות של צה""ל בתחילת השבוע. יש לו אלפי עוקבים ברשתות החברתיות והוא נוהג לשאת בהן דרשות פומביות. כדי להגיב לכתבה לחצו כאן"
76625,2024-09-25T10:26:32+00:00,,"דובר צה""ל: צה""ל החל לתקוף כעת בנבטיה. פרטים נוספים בהמשך. כדי להגיב לכתבה לחצו כאן"
76626,2024-09-25T10:34:53+00:00,,עומס גם היום במעברי הגבול בין לבנון לסוריה - כולם רוצים לברוח. כדי להגיב לכתבה לחצו כאן
76627,2024-09-25T10:48:21+00:00,,"דובר צה""ל: צה""ל החל לתקוף כעת בנבטיה. פרטים נוספים בהמשך. כדי להגיב לכתבה לחצו כאן"
76664,2024-09-25T15:00:08+00:00,,"° 🇮🇱 ואוווו ואווו ואווווו 🇮🇱 במיוחד בימים האלו צריכים אינטרנט וטלוויזיה חזקים באמת עם התחייבות למחיר הכי זול !! 💥 💥 💥 💥 💥 💥 💥 💥 💥 💥 ✅ כ-60 ערוצים של HOT כולל כל הפקות המקור ✅ אינטרנט 🛜 סיבים עוצמתי הכולל מגדיל טווח ונקודות רשת נוספת בבית במחיר קבוע ומטורף 115 ש""ח כן כן כן כן אתם קוראים נכון! טלויזיה ואינטרנט סיבים 115 ש""ח בלבד!!!!! ללא שום אותיות קטנות! ללא שום התחייבות! אפשרות לקווי סלולר של הוט מובייל חודשיים חינם! התקנה מהיום למחר!! המבצע מיועד ללקוחות חדשים בלבד בהוט/בנקסט לקוחות קיימים בהוט? חייגו 6910 להצטרפות לחצו כאן ! wa.me/972503695297?text=היי%2C+הגעתי+מהטלגרם+אשמח+להצעה+%3A%29"
76665,2024-09-25T15:34:48+00:00,,"רויטרס מפי בכיר לבנוני: ""חזבאללה מגלה פתיחות לגבי כל הסדר בעניין עזה ולבנון..."" ### בטח מגלה פתיחות... אחרי שבוע כזה יש שם עוד כמה דברים פתוחים.... כדי להגיב לכתבה לחצו כאן"
76666,2024-09-25T15:56:56+00:00,,מקורות פלסטינים: מכולת הגופות 👆 שהוכנסה מישראל לרצועה עומדת מאז הבוקר ברחוב הסמוך לבית החולים נאצר בח'אן יונס מבלי שאף אחד מתקרב אליה. כדי להגיב לכתבה לחצו כאן
76667,2024-09-25T16:02:30+00:00,,"התקיפות בדרום לבנון נמשכות: ע""פ מקורות לבנוניים 8 כפרים הותקפו מהאוויר בין 18:00 ל 19:00 הערב. כדי להגיב לכתבה לחצו כאן"
76668,2024-09-25T16:16:55+00:00,,"ערוצים לא רשמיים מזוהי חזבאללה מפרסמים תיעוד של משגר נייד שתקף צה""ל. לדבריהם הפעיל הצבאי שתפעל את המשגר נהרג בתקיפה. כדי להגיב לכתבה לחצו כאן"
76669,2024-09-25T16:21:00+00:00,,הכפר אלברג' א-שמאלי בדרום לבנון לבש לוק עזתי... כדי להגיב לכתבה לחצו כאן
76670,2024-09-25T16:31:28+00:00,,"כוח מסתערבים פורק מרכב בכפר ענזא בדרום ג'נין, מוקדם יותר היום. כדי להגיב לכתבה לחצו כאן"
76671,2024-09-25T16:47:55+00:00,,"""מפילים בניינים"" בנייני מגורים שנפלו כתוצאה מתקיפות צה""ל באזור חוש, בפרברי צור בדרום לבנון. כדי להגיב לכתבה לחצו כאן"
76672,2024-09-25T16:59:02+00:00,,°תוכן שיווקי
76673,2024-09-25T17:00:04+00:00,,"°הצטרפו לאמנת הזיכרון הלאומי משפחות שכולות, משפחות חטופים, פצועי המלחמה, גיבורי מלחמת חרבות ברזל והלוחמים כולם פונים אליכם בבקשה: אתם, העם, תקבעו כיצד ייראה הזיכרון הלאומי של המלחמה. זהו זיכרון שמצמיח עם ומעצב את עתידנו כעם חזק ואחוד. ההנצחה אינה רק תזכורת לעבר אלא גם מחויבות לעתיד, בו אנו, כעם, אחראים לכתוב את הפרק הבא. לחתימה והצטרפות: https://fzl.org.il/home-updated/?Sdfsdffdgk"
76674,2024-09-25T17:47:16+00:00,,"דובר צה""ל: שני פצועים קל מנפילת כטב""מ באילת. מתוך שני כטב""מים יורט אחד. כדי להגיב לכתבה לחצו כאן"
76677,2024-09-25T17:51:37+00:00,,"היירוט בוצע על ידי ספינת טילים של חיל הים מסוג ""סער 5"". כדי להגיב לכתבה לחצו כאן"
76678,2024-09-25T17:59:05+00:00,,תראו איזה אפקט מדהים עושה שבוע אחד שבו ישראל הסירה את הכפפות מול חזבאללה: גולה סורי כבר מרשה לעצמו לדמיין איך ייראה העולם ללא חזבאללה. נפתחו לו הצ'אקרות... תודה למתרגם האלמוני על הכתוביות בעברית. כדי להגיב לכתבה לחצו כאן
76679,2024-09-25T18:14:27+00:00,,"דעו לכם שהאפקט הזה ילך ויתגבר במזה""ת ככל שחזבאללה יחטוף מכות קשות יותר. יותר ויותר אנשים במזה""ת יתחילו להאמין שלנצח את חזבאללה זה אפשרי ובהישג יד. השינוי המנטלי הזה חשוב מאוד לעתידה של ישראל. זיכרו כי מה שגרם לחמאס ולציר ההתנגדות לצאת למלחמת ה 7.10 זו האמונה שהם יוכלו להביס את ישראל. אם לא היו מאמינים שזה אפשרי לא היו עושים זאת. ללא קשר למצב הכוחות בשטח. הביטחון של מקבלי ההחלטות בצד השני, אצל האויב, הוא זה שגרם למלחמה לפרוץ. צריך להפוך את הקערה. לייצר אמונה אצל אויבי חזבאללה ואויבי הציר שבראשו עומדת איראן, כי ניתן להביס את הציר הזה. החשש שלהם מהציר הזה ילך ויתמעט והם לא יפחדו להחציף פנים מולו וגם לפעול נגדו צבאית. ישראל יכולה להיות ראש החץ במקרה הזה. זה שינוי תודעתי אזורי שישראל יכולה להוביל. תפיסה כי ניצחון על הציר שניצח את מלחמת האזרחים בסוריה הוא בהישג יד. הוא ממשי. שינוי תודעתי הוא תהליך שאורך זמן ובהקשר הזה דווקא התארכות המלחמה היא יתרון. היא מחזקת את ההוכחה שיש לישראל עמידה איתנה גם במלחמת התשה ארוכה במספר חזיתות. ככל שחולף הזמן וישראל ממשיכה להכות בחזבאללה גדלה התמיכה השקטה בה במזה""ת וכפי שניתן לראות ברשתות החברתיות, גם הולכת ומתגברת התמיכה הפומבית. כבר פחות מפחדים לצדד בישראל כשהיא מכה בחזבאללה. רגשות ותחושות שנקברו והודחקו מתעוררים לחיים. זה תהליך חיובי. כדי להגיב לכתבה לחצו כאן"
76680,2024-09-25T18:31:04+00:00,,ערוץ אלמנאר הלבנוני: בין השעה 19:00 ל 21:00 תקף חיל האוויר 20 כפרים בדרום לבנון. כדי להגיב לכתבה לחצו כאן
76681,2024-09-25T18:45:48+00:00,,"המיליציות השיעיות בעיראק מקבלות אחריות על שיגור הכטב""מים לאילת. כדי להגיב לכתבה לחצו כאן"
76682,2024-09-25T19:06:40+00:00,,מפת התפלגות עדתית בלבנון: ירוק - מוסלמים סונים חום-אדום- מוסלמים שיעים סגול לילך-דרוזים כחול - נוצרים כדי להגיב לכתבה לחצו כאן
76683,2024-09-25T19:08:26+00:00,,"אפשר לראות מתאם יפה בין ריכוז התקיפות של צה""ל בדרום לבנון ובאזור אלבקאע ובין מיקום ריכוזי האוכלוסייה השיעית. כדי להגיב לכתבה לחצו כאן"
76752,2024-09-26T12:42:40+00:00,,"הפלסטינים מדווחים על לפחות עשרה הרוגים בתקיפת בית הספר אלפאלוג'א במחנה הפליטים ג'באליא בצפון הרצועה, לפני זמן קצר. כדי להגיב לכתבה לחצו כאן"
76753,2024-09-26T12:45:52+00:00,,ההגנה האזרחית בעזה: עלה ל15 מספר ההרוגים בתקיפת בית הספר אלפאלוג'א במחנה הפליטים ג'באליא כדי להגיב לכתבה לחצו כאן
76754,2024-09-26T12:49:43+00:00,,מבנה המגורים שהותקף בדאחיה. כדי להגיב לכתבה לחצו כאן
76755,2024-09-26T12:59:00+00:00,,°תוכן שיווקי
76756,2024-09-26T13:00:08+00:00,,"°סטודנט 📚 ? סטודנטית 🎓 ? אנחנו מחפשים את אלה שלא מרימים ידיים! 🔥 🌐 https://bit.ly/MilgaNefesh אם אתם שרופים על המדינה 🇮🇱 , מתעצבנים על ההנהגה 😤 , ורוצים שינוי – הצטרפו ל-100,000 סוכני שינוי! 🌟 כן, את כולנו הייאוש כבר הורג, אבל זו המדינה שלנו, החברה שלנו, ואנחנו כאן כדי להמשיך ולתקן 💪 . אז אם אתם סטודנטים או סטודנטיות מכל רחבי ישראל, יש לנו תכנית שנתית מיוחדת עבורכם: 🔸 מפגשי חברה וזהות 🔸 לימוד ושיח 🔸 סדנאות העצמה אישית 🔸 מעורבות חברתית 🔸 משלחות סטודנטים לחו""ל ✈️ 🔸 קהילה צעירה, מעורבת ואיכותית 🔸 ו... מלגה שווה של 5,000 ש""ח! 💰 הצטרפו לחבורה המובילה בישראל 🏆 עכשיו תורכם! הקליקו כאן 👉 https://bit.ly/MilgaNefesh 💫 נפש יהודי – בונים עתיד מחובר."
76757,2024-09-26T13:32:52+00:00,,אלמיאדין הלבנוני: 4 הרוגים ומספר פצועים בתקיפה הישראלית בדאחיה בביירות. כדי להגיב לכתבה לחצו כאן
76758,2024-09-26T13:36:27+00:00,,"רשת אלחדת' הסעודית: שמו של מפקד היחידה האווירית של חזבאללה, שהיה יעד התקיפה בדאחיה, הוא מחמד חסין סרור. כדי להגיב לכתבה לחצו כאן"
76759,2024-09-26T13:58:28+00:00,,"רצועת עזה: סופה של מכולת הגופות לקח לפלסטינים פחות מיממה כדי להבין שהאיום שלהם שלא לגעת במכולת הגופות 👆 שהוכנסה מישראל, הוא איום ריק מתוכן והם החליטו לקבור את הגופות למרות העדר הפרטים המזהים... כדי להגיב לכתבה לחצו כאן"
76763,2024-09-26T14:06:01+00:00,strong,"מקורות לבנוניים מדווחים על פיצוץ מטען מתחת למושב הנהג ברכב שנסע באזור אלכחאלה, על הכביש המוביל לביירות. ע""פ הערכות מדובר בפעיל חזבאללה. ### אולי רק עכשיו הגיעה אליו ההודעה במכשיר הזימונית 😄 כדי להגיב לכתבה לחצו כאן"
76767,2024-09-26T14:07:09+00:00,,ערוץ אלמנאר הלבנוני: 16 כפרים בדרום לבנון הותקפו בין השעה 16:00 ל 17:00. כדי להגיב לכתבה לחצו כאן
76768,2024-09-26T14:13:24+00:00,,"צה״ל חיסל את מחמד חסין סרור, מפקד היחידה האווירית של ארגון הטרור חיזבאללה דובר צה״ל מודיע כי היום (ה׳), 26 בספטמבר 2024, בהכוונה מודיעינית מדוייקת של חיל האוויר ואגף המודיעין, מטוסי קרב תקפו בביירות וחיסלו את מחמד חסין סרור, מפקד היחידה האווירית של ארגון הטרור חיזבאללה. המחבל סרור קידם, הכווין ופיקד על מתווי טרור אוויריים רבים ובהם פיגועי רחפנים, טילי שיוט וכלי טיס בלתי מאויישים שכוונו לעבר עורף מדינת ישראל. בשנים האחרונות, היה ממובילי פרויקטים לייצור כלי טיס בלתי מאויישים בלבנון, הקים אתרים ליצור כטב״מי נפץ ואיסוף בלבנון, אשר חלקם מוקמו מתחת למבנים אזרחיים בבירות ומרחבים נוספים בלבנון. סרור הצטרף לארגון הטרור חיזבאללה בשנות ה-80 וביצע מגוון תפקידים בינהם מפקד ביחידת טילי קרקע-אוויר, יחידת ״עזיז״ בכוח רדואן והיווה שליח חיזבאללה לתימן בנושא המערך האווירי של שלטון הטרור החות׳י. במהלך מלחמת ״חרבות ברזל״, קידם והוציא לפועל מתווי פיגוע של כלי טיס בלתי מאויישים רבים, בינהם כלי טיס בלתי מאויישים, כלי איסוף ונפץ, שכוונו כנגד העורף הישראלי וכוחות צה״ל. כדי להגיב לכתבה לחצו כאן"
76769,2024-09-26T14:13:34+00:00,,מזל טוב 🇮🇱 ❤️ 🇮🇱 כדי להגיב לכתבה לחצו כאן
76770,2024-09-26T14:15:42+00:00,,"שוב צה""ל מקדים את חזבאללה ומדווח לפניו, על בסיס מודיעין איכותי, כי היעד אכן חוסל. כדי להגיב לכתבה לחצו כאן"
76771,2024-09-26T14:18:37+00:00,,"חזבאללה תוקף דגים וצה""ל דג לו את הבכירים. כדי להגיב לכתבה לחצו כאן"
76772,2024-09-26T14:51:30+00:00,,"הרמטכ״ל נגד הפסקת אש : ״צריך להמשיך לתקוף את חיזבאללה, שנים חיכינו להזדמנות הזו. פועלים כל הזמן להביא הישגים, לחסל עוד בכירים, לסכל העברות אמצעי לחימה, לגרוע מיכולות האש של חיזבאללה ולתקוף אותו בכל מרחב לבנון״"
76773,2024-09-26T14:56:25+00:00,,"הלבנונים עדיין לא יודעים מה פגע בנהג הרכב באזור אלכחאלה 👆 . ראש עיריית אלכחאלה טוען שזו היתה פגיעה מדויקת דרך שמשת הרכב וכלל לא נשמע קול נפץ. ע""פ עיתון אלאח'באר הנהג נפצע באורח קשה. כדי להגיב לכתבה לחצו כאן"
76774,2024-09-26T15:00:52+00:00,,°תוכן שיווקי
76775,2024-09-26T15:02:23+00:00,,"°עוד ועוד כוחות זורמים לצפון. ואת כולם, מאכילים המתנדבים המקומיים - בעזרתכם. אצלם אין הפסקות אש, עובדים ברצף מתחילת המלחמה. בשבוע שעבר, עברו לעבוד מסביב לשעון, ו בישלו ליותר מ4000 חיילים . השבוע, כבר ברור שצריך עוד יותר - שלא לדבר על החגים. הם חייבים את עזרתכם כדי לממן את המצרכים. אלה אזרחים פשוטים מנהריה. אין להם שום גוף מממן. מה שאספו פעם, נגמר. כולם מתנדבים, אף אחד לא מקבל שקל. הכסף נטו לקניית מצרכים (שזה מעל 30 אלף ש""ח בכל שבוע). כל שקל שתתרמו, מגיע 100% לחיילים 👏 תלחצו כאן לקמפיין שלהם: 👇 👇 👇 https://my.israelgives.org/he/fundme/FeedSoldiers09 בואו נראה לחיילים בחזית שכל העם עומד לצידם, וביחד נעטוף אותם בחום עם אוכל של בית 🇮🇱 🇮🇱 🇮🇱"
76776,2024-09-26T15:32:16+00:00,,"ערוצים לבנוניים מדווחים על הרוג בתקיפת אופנוע בידי כטב""מ ישראלי, באזור אלקצר בהרמל (צפון אלבקאע). כדי להגיב לכתבה לחצו כאן"
76777,2024-09-26T15:46:53+00:00,,"ערוצים לבנוניים: בין 17:00 ל 18:00 תקף צה""ל ב 13 כפרים בדרום לבנון. כדי להגיב לכתבה לחצו כאן"
76778,2024-09-26T15:49:37+00:00,,"חזבאללה מקבל אחריות על שיגור 80 רקטות לעבר צפת. שוב הודאה של חזבאללה בתקיפה של יישוב אזרחי, בנשק סטטיסטי, ללא כל הצהרה על מטרה צבאית באזור. כדי להגיב לכתבה לחצו כאן"
76779,2024-09-26T15:50:49+00:00,,ראשוני: דיווח לבנוני על תקיפה בדאחיה בביירות כעת. כדי להגיב לכתבה לחצו כאן
76780,2024-09-26T15:53:55+00:00,,ראשוני: דיווח לבנוני על תקיפה בדאחיה בביירות כעת. כדי להגיב לכתבה לחצו כאן
76781,2024-09-26T15:54:58+00:00,,כל פיצוץ מקפיץ את העיר(: הם בחרדת פיצוצים. כדי להגיב לכתבה לחצו כאן
76782,2024-09-26T15:56:22+00:00,,"עדכון: ע""פ ערוצים לבנוניים אין תקיפה בדאחיה. צבא לבנון פוצץ מכשירים באופן מבוקר. כדי להגיב לכתבה לחצו כאן"
76783,2024-09-26T16:18:43+00:00,,פיצוץ מבנים בשכונת צברה בעיר עזה לזכרו של עמיחי ישראל יהושע אוסטר הי״ד - פלוגה ו׳ גדוד 7020 ( תאריך הפיצוץ: 24.9) כדי להגיב לכתבה לחצו כאן
76784,2024-09-26T16:56:24+00:00,,משרד הבריאות הלבנוני: 1540 הרוגים בלבנון מאז תחילת המלחמה. 60 הרוגים ביממה האחרונה. 5410 פצועים מאז תחילת המלחמה. כדי להגיב לכתבה לחצו כאן
76785,2024-09-26T16:59:00+00:00,,°תוכן ממומן
76786,2024-09-26T17:00:04+00:00,,"°צביקה ואפרת מור, ההורים של איתן שעדיין חטוף בעזה, בבקשה לעזרה בתרומות להקמת בית הכנסת לזכות בנם איתן לשחררו המיידי יחד עם כל החטופים. ""ותשובה ותפילה וצדקה מעבירין את רוע הגזרה"" במיוחד עכשיו בחודש הרחמים והסליחות אנו מבינים כמה חשוב להוסיף זכויות, לזכות בנינו איתן ושאר החטופים. אנו פונים אליכם בבקשה לעזרה בתרומות, להעמיד את בית הכנסת הראשון בשכונה שלנו (בקריית ארבע חברון) לזכות ולשחרור איתן אברהם בן אפרת יחד עם כל החטופים! בתפילה שהעשייה הזו תעזור להעביר את רוע הגזרה ולהשיבם במהרה הביתה בריאים ושלמים! 🙏🏻 לחצו כאן לפרטים ותרומה בביט או באשראי >>> https://www.charidy.com/maalot-Chevron/aa התרומה מוכרת להחזר מס סעיף 46. אפשר לתרום גם ב פייבוקס : https://payboxapp.page.link/sG2cFoBW3R9fLtMp7 או בהעברה בנקאית : בנק לאומי סניף 797 מס' חשבון 22130040 ע""ש קהילת מעלות חברון קרית ארבע. (בפייבוקס או העברה - לקבלה נא לשלוח הודעה ל gur150@gmail.com)"
76787,2024-09-26T17:48:33+00:00,,"סוכנות הידיעות הצרפתית: בתוך שתי יממות 31 אלף איש חצו מלבנון לסוריה, לאחר התרעת הפינוי של צה""ל. כדי להגיב לכתבה לחצו כאן"
76788,2024-09-26T17:54:16+00:00,,ארגון זכויות אדם אנטי ישראלי הכין סרטון השוואה מעניין: עזה למעלה לבנון למטה ### מחבלים בעזה מחבלים בלבנון דרך הטיפול אחת. כדי להגיב לכתבה לחצו כאן
76789,2024-09-26T17:57:04+00:00,,ערוצים שיעים מדווחים על תקיפה ישראלית באזור הרמל סמוך לגבול סוריה - לבנון כדי להגיב לכתבה לחצו כאן
76790,2024-09-26T18:12:21+00:00,,"הערוצים השיעים רוטטים: אתמול בבוקר, במהלך נאומו של המנהיג העליון של איראן, ח'אמינאי, מול ווטרנים של מלחמת איראן - עיראק נחשפה טבעת חדשה שענד המנהיג ועליה נכתב הביטוי: نَصۡرٞ مِّنَ ٱللَّهِ وَفَتۡحٞ قَرِيبٞۗ שהוא חלק מפסוק 13 בסורה 61 בקוראן (סורת א-צפ)ומשמעו: ניצחון מאת האל וישועה קרובה. השיעים מתרגשים כי הטבעת נחשפה כשח'אמינאי דיבר על חזבאללה והניצחון הצפוי לו. נו מילא., מה שעושה להם טוב. מעניין כמה הטבעת עוזרת להם בינתיים... כדי להגיב לכתבה לחצו כאן"
76791,2024-09-26T18:24:05+00:00,,"מקורות ערבים: תוצאת תקיפה של צה""ל על מצבור רקטות של חזבאללה בדרום לבנון - הרקטות משתגרות לאחר הפגיעה."
76792,2024-09-26T18:27:02+00:00,,דרום לבנון: כאן עבר פעם כביש אלקאסמיה - צור. מאז שעות הערב זה כביש אלקאסמיה - בור. כדי להגיב לכתבה לחצו כאן
76793,2024-09-26T18:46:43+00:00,,"הפגיעה היום 👆 ברכב שנסע על כביש אלכחאלה ביירות: לא מעט עוקבים פנו אליי היום וכתבו שלדעתם מדובר בטיל מסוג R9X - טיל נינג'ה ללא חומר נפץ - מבוסס על פגיעה קינטית עם ""סכינים קוצצות"" מי שעקב כאן בערוץ בשנת 2020 זכה לראות כמה דוגמאות של איך נראה רכב שפגע בו טיל נינג'ה הנה קישורים: https://t.me/abualiexpress/24474 https://t.me/abualiexpress/24471 https://t.me/abualiexpress/22764 ""חור הכניסה"" הנטען בשמשה קטן מדי לטיל הנינג'ה המוכר. אם אכן מדובר בטיל מהסגנון של טילי הנינג'ה הוא צריך להיות קטן הרבה יותר מ R9X. כדי להגיב לכתבה לחצו כאן"
76794,2024-09-26T19:29:14+00:00,,"זהו מחמד חסין סרור, מפקד היחידה האווירית של חזבאללה אותו חיסל 👆 צה""ל היום. בסרטון המצורף מלפני כ 8 שנים הוא מדריך את ""צבא החות'ים"" בתימן ומלמד אותם מיומנויות צבאיות נגד הצבא הסעודי ושכירי החרב שלו. וגם... תמונה עדכנית שלו מהיום בתוך תכריכים. כדי להגיב לכתבה לחצו כאן"
76798,2024-09-26T21:08:18+00:00,,"סיכום נתוני היום בלבנון: דובר צה""ל הודיע שמטוסי חיל האוויר תקפו היום 220 מטרות ברחבי לבנון. משרד הבריאות הלבנוני מעדכן כי עד חצות נרשמו 92 הרוגים ו 153 פצועים בלבנון ע""פ ההתפלגות הבאה: 26 הרוגים ו 42 פצועים במחוז נבטיה 25 הרוגים ו 14 פצועים במחוז בעלבכ-הרמל. 23 הרוגים ו 30 פצועים במחוז אלבקאע (לא כולל הרמל ובעלבכ). 14 הרוגים ו 38 פצועים במחוז דרום לבנון. 4 הרוגים ו 29 פצועים במחוז הר הלבנון. כדי להגיב לכתבה לחצו כאן"
76799,2024-09-26T21:09:58+00:00,,"סיכום נתוני היום בלבנון: דובר צה""ל הודיע שמטוסי חיל האוויר תקפו היום 220 מטרות ברחבי לבנון. משרד הבריאות הלבנוני מעדכן כי עד חצות נרשמו 92 הרוגים ו 153 פצועים בלבנון ע""פ ההתפלגות הבאה: 26 הרוגים ו 42 פצועים במחוז נבטיה 25 הרוגים ו 14 פצועים במחוז בעלבכ…"
76801,2024-09-26T21:16:26+00:00,,"חזבאללה מודיע על באופן רשמי על חיסולו של מחמד סרור (יליד עיתא א-שעב) מפקד היחידה האווירית של חזבאללה אותו חיסל צה""ל 👆 היום בדאחיה. סרור הוא המחוסל השישי מאז תחילת המלחמה שזוכה לכינוי ""מפקד"" בכרזת ""השהיד"" שלו (מעבר לכך יש כזכור עוד שני ""מפקדים גדולים"" - פואד שכר ואבראהים עקיל). מספר 513"
77063,2024-09-28T15:22:53+00:00,,שרידי רקטה/טיל שהתגלו בכפר בלעא במזרח טולכרם. כדי להגיב לכתבה לחצו כאן
77065,2024-09-28T15:26:14+00:00,,"מקורות לבנוניים: ג'ואד נסראללה, בנו של חסן נסראללה הגיע לאתר התקיפה בדאחיה. כדי להגיב לכתבה לחצו כאן"
77066,2024-09-28T15:36:46+00:00,,המנהיג העליון של איראן הכריז על 5 ימי אבל ברחבי איראן בשל מות נסראללה. כדי להגיב לכתבה לחצו כאן
77067,2024-09-28T15:58:35+00:00,,תיעוד מזירת התקיפה האחרונה בדאחיה. כדי להגיב לכתבה לחצו כאן
77068,2024-09-28T16:01:43+00:00,,"הסורים במחוז דרעא בדרום סוריה , קרוב לישראל, חוגגים את מותו של נסראללה. הם פחות פומביים מאשר באידליב מפני שמשטר אסד שולט בשטח וישנם גם פעילי חזבאללה בדרום סוריה. כדי להגיב לכתבה לחצו כאן"
77073,2024-09-28T16:02:26+00:00,,גם במשפחת אקספרס חוגגים עם בקלאוות את חיסול נסראללה(: כדי להגיב לכתבה לחצו כאן
77074,2024-09-28T16:09:00+00:00,,°תוכן שיווקי
77075,2024-09-28T16:10:00+00:00,,° כזה מחיר מדהים שנים שלא ראינו! מוגבל ל25 יחידות עם אלפי פידבקים מעולים 💎 מאות הזמנות מישראל ומבצעים שווים במיוחד 🛍 ארגונית מתכווננת לייבוש צלחות וכלי מטבח דו קומתית הכוללת ניקוז מים מובנה ישירות לכיור ב54 ש״ח כולל משלוח 😱 המוצר נעוץ בערוץ כך שתוכלו למצוא אותו בקלות לינק לערוץ הטוב ברשת 👇 👇 👇 https://t.me/+9T-cgP2nOvYzYTE0 https://t.me/+9T-cgP2nOvYzYTE0
77076,2024-09-28T16:41:01+00:00,,"דובר צה""ל: צה""ל חיסל בדאחיה שבביירות בכיר במטה המודיעין של חיזבאללה שעמד בראש המחלקה שמופקדת על הפללת מטרות צבאיות ואזרחיות מטוסי קרב של חיל האוויר, בהכוונה של אגף המודיעין תקפו וחיסלו בשעות הצהריים בדאחיה שבביירות את המחבל חסן ח׳ליל יאסין, בכיר במטה המודיעין של חיזבאללה. יאסין עמד בראש המחלקה שמופקדת על הפללת מטרות צבאיות ואזרחיות, בקו המגע ובעומק שטח הארץ. במסגרת תפקידו, יאסין שיתף פעולה באופן הדוק עם כלל יחידות האש של חיזבאללה, היה מעורב באופן אישי במתווי טרור שמומשו מתחילת המלחמה אל מול אזרחים וחיילים, ותכנן פיגועים נוספים בימים הקרובים. ### ככל הנראה מדובר בתקיפה הזו 👆 👆 כדי להגיב לכתבה לחצו כאן"
77077,2024-09-28T16:44:38+00:00,,ערוצים המזוהים עם משמרות המהפכה האיראנים טוענים: זו גופתו של נסראללה. כדי להגיב לכתבה לחצו כאן
77078,2024-09-28T16:56:15+00:00,,שוב דיווחים על תקיפות בדאחיה. כדי להגיב לכתבה לחצו כאן
77079,2024-09-28T16:57:10+00:00,,לבנון מכריזה על שלושה ימי אבל במדינה בעקבות חיסול נסראללה. כדי להגיב לכתבה לחצו כאן
77080,2024-09-28T16:59:20+00:00,,"מקורות לבנוניים: התקיפות האחרונות בדאחיה - ליד שדה""ת. כדי להגיב לכתבה לחצו כאן"
77081,2024-09-28T17:02:52+00:00,,"עיראק: כוחות הביטחון העיראקים מנסים למנוע ממפגינים שיעים מלהגיע לשגרירות ארה""ב בבגדד. הרקע: חלקה של ארה""ב בחיסול נסראללה כדי להגיב לכתבה לחצו כאן"
77082,2024-09-28T17:11:15+00:00,,"חזבאללה יתקשה לפצות על חיסול נסראללה. נסראללה היה מוכשר מדי הנעליים שמשאיר אחריו נסראללה ליורשו גדולות. גדולות מאוד. נסראללה היה מנהיג גדול בקנה מידה אזורי. בולט וכריזמטי הרבה יותר מכל מנהיגי הציר האיראני על שלל שלוחיו ומליציותיו. נסראללה היה מתווה דרך. סוחף המונים. רטוריקן בחסד עליון. קרא את ""האויב הישראלי"" כמו ספר פתוח. הבין לעומק את החברה הישראלית. ידע היטב איפה ללחוץ וכיצד להפוך נמר של נייר לדרקון אימתני. אלוף בלוחמה פסיכולוגית. יש לו מניות רבות ותפקיד מרכזי בעיצוב חזבאללה כ""מפלצת מפחידה"" בעיני הציבור הישראלי הרחב וגם בעיני מקבלי ההחלטות בישראל. הציר האיראני על שלל מרכיביו, נשען בצורה בולטת על תעמולה, הפחדה, שיגור איומים ועבודה פסיכולוגית על הקהל הפנימי וגם על ציבור האויב. נסראללה היה המאסטר בתחום. עילוי. הוא הפיח אוויר ב""מפלצת השיעית"" וניפח אותה למימדים עצומים. בפיקחותו הרבה הצליח לנווט את דרכו ואת ארגונו במשך עשרות שנים אל קדמת הבמה והפך אותו לארגון הטרור המשפיע (והמצויד) בעולם. הוא הפך למיתוס בעיני תומכיו ובעיני מתנגדיו. משך הזמן הרב שישב על ""כס המלכות"" של הארגון וניהל אותו בהצלחה הקרין יציבות וכוח לכל עבר. רבים רבים נסמכו עליו. חיסולו שומט את הקרקע מתחת לרבים בארגונו, בארגוני הטרור של הציר האיראני ולרבים מקרב תומכיו. חסרונו משמעותי מאוד עבור חזבאללה והציר השיעי. יקח זמן למלא את החלל שהותיר, אם בכלל... זה הזמן לטלטל את כל הציר מהמסד ועד הטפחות. אחד מעמודי התווך המרכזיים שלו נפל."
77083,2024-09-28T17:47:28+00:00,,"אני לא יודע אם הוא עוקב בערוץ אבל זה מה שאמר לפני זמן קצר שר החוץ הטורקי: وزير الخارجية التركي: الأمين العام لحزب الله كان شخصية مهمة وسيكون من الصعب تعويضه תרגום: מזכ""ל חזבאללה היה אישיות חשובה ויהיה קשה לפצות עליו...(על חסרונו-א""ע)"
77112,2024-09-29T05:23:57+00:00,,"הבריחה מלבנון: מעברי הגבול בין לבנון לסוריה ממשיכים להיות עמוסים. ע""פ כלי תקשורת המזוהים עם משטר אסד 65 אלף סורים ו 22 אלף לבנונים (סה""כ 87 אלף!) חצו עד כה משטח לבנון לסוריה בעקבות התקיפות הישראליות. כדי להגיב לכתבה לחצו כאן"
77113,2024-09-29T05:27:23+00:00,,נכון לשעה זו טרם פורסם מועד הלוויתו של נסראללה. כדי להגיב לכתבה לחצו כאן
77114,2024-09-29T05:33:43+00:00,,"טורקים, סונים , הפגינו אמש מול הקונסוליה הישראלית באיסטנבול בעקבות חיסול נסראללה השיעי . מה שמשעשע כאן עוד יותר זה שהטורקים הם אלה שתומכים במורדים הסורים באידליב שלא הפסיקו לחגוג את חיסול נסראללה מאז יום שישי. כדי להגיב לכתבה לחצו כאן"
77115,2024-09-29T05:35:31+00:00,,"רשת ABC טוענת כי מבצע קרקעי ישראלי מוגבל בשטח לבנון עומד להתחיל, אם לא התחיל כבר... כדי להגיב לכתבה לחצו כאן"
77116,2024-09-29T05:46:30+00:00,,"שר החוץ האיראני: חיסול נסראללה לא יעבור ללא תגובה. ארה""ב שותפה לפשע. ### איראן קוראת לכנס את מועצת הביטחון של האו""ם בעקבות חיסול נסראללה. כדי להגיב לכתבה לחצו כאן"
77117,2024-09-29T05:50:07+00:00,,בעניין התגובה על חיסול נסראללה: אתם מבינים שישראל חיסלה את נסראללה בתקיפה בדאחיה שלשום והתגובה של חזבאללה היתה בסך הכל שיגור של כמה עשרות רקטות טיפשות לעבר ישראל?? בלתי נתפס. לפני שלושה שבועות לא היה אחד בישראל שהיה מאמין שתרחיש כזה אפשרי. זה לא שהם לא רוצים. הם פשוט לא מצליחים. לא יכולים. שבו רגע ותנו לזה לשקוע. כדי להגיב לכתבה לחצו כאן
77118,2024-09-29T05:59:21+00:00,,°תוכן שיווקי
77119,2024-09-29T06:00:19+00:00,,"° 🔔 הידעתם שייתכן שהוריכם ואפילו אתם זכאים לקצבת סיעוד דרך הביטוח של קופת החולים? 🔔 מדובר על סכום זכיה כולל שיכול להגיע למעל לחצי מליון שקלים! 😁 במידה והוריכם (או אתם ) זקוקים לעזרה או השגחה ביום יום אסור לכם לבזבז זמן יקר! בדקו עכשיו וללא עלות את זכאותכם לקבלת כספי הביטוח הסיעודי! לפרטים נוספים שלחו לנו הודעת ווצאפ 📱 : https://bit.ly/3yQVHRU או כנסו אלינו לאתר 🌐 : https://bit.ly/3y3RTw6 או התקשרו: 📞 072-3340515 בייחוד עכשיו על רקע השינויים בתנאי הביטוח הסיעודי, כל יום קובע! בדקו זכאותכם עכשיו! לא זכית - לא שילמת! 👍 מגן מומחים - נלחמים בשבילך! 💪 ✨"
77120,2024-09-29T07:02:31+00:00,,"החלה ישיבת האבל על מותו של נסראללה בפרלמנט האיראני. יו""ר הפרלמנט, מחמד קאליבאף: "" מותו של נסראללה ישפיע עמוקות על חזית ההתנגדות אך היא לא תטוש את דרך ההתנגדות אלא רק תתחזק. האויב הציוני שגה בחישוביו - דבר שיוביל לתבוסתו."" כדי להגיב לכתבה לחצו כאן"
77121,2024-09-29T07:57:10+00:00,,האזור בו חוסל נסראללה בדאחיה בביירות. שימו לב לעומק הבור. כדי להגיב לכתבה לחצו כאן
77122,2024-09-29T08:08:01+00:00,,הדגל הסורי הורד לחצי התורן לאות אבל על מות נסראללה. כדי להגיב לכתבה לחצו כאן
77123,2024-09-29T08:12:48+00:00,,"כתיבת העיטורים על תכריכי בכירי חזבאללה: נסראללה, עלי כרכי וסמיר דיב, שנהרגו יחד בתקיפת מפקדת חזבאללה בדאחיה ביום שישי. גופתו של דיב נעטפה בשחור. גופתו של כרכי באדום. #يا_حسين #يا_علي כדי להגיב לכתבה לחצו כאן"
77124,2024-09-29T08:17:33+00:00,,"ההשלכות האזוריות החשובות (והחיוביות) של חיסול נסראללה אני רוצה לחבר יחד לרגע כמה דברים שהתפרסמו כאן בערוץ ביממה האחרונה, לכדי מסקנה ותובנה להמשך. כתבתי לכם אתמול באריכות על תפקידו המרכזי של נסראללה ב""ציר ההתנגדות"" ועל יכולותיו הרטוריות המופלאות, שבשילוב ההבנה העמוקה שלו את החברה הישראלית איפשרו לו, כחוד החנית והמוביל של ""מערך התודעה"" ב""ציר"" להעצים את האיום על ישראל פי כמה מגודלו הריאלי. גם שר החוץ הטורקי הסכים שעל העלמו של נסראללה מן המפה, יהיה קשה לפצות. הבוקר אומר דברים דומים גם יו""ר הפרלמנט האיראני. אלה לא אנשים שנהנים להודות בתבוסה או לספר שישראל מנצחת. אחבר זאת גם לדברים שכתבתי הבוקר בעניין התגובה הרפה עד כה לחיסול נסראללה מצד חזבאללה, דבר בלתי נתפס בעיני רוב הישראלים (ורבים בעולם) עד לפני זמן לא רב. לנסראללה לא היו כישורים צבאיים מדהימים. הוא לא היה איש צבא. עיקר כוחו נשען על יכולותיו הרטוריות. הוא ידע להלחם עם הפה, והוא השפיע על המזרח התיכון כולו, ובוודאי שעל מדינת ישראל, על הציבור הישראלי, על הצבא ועל הקונספציה. כעת, משפוצץ הבלון ששמו נסראללה, הציר האיראני נראה כחוש הרבה יותר. חזבאללה אמור להיות חוד החנית של הציר שנהנה מיתרון עצום - גבול משותף עם ישראל. מרחק נגיעה. למרות כל זאת האיום הנשקף מחזבאללה נראה הבוקר קטן מבעבר בצורה משמעותית וזה עוד לפני שמוצו כל הכלים בארגז הכלים, לדברי הרמטכ""ל. הציר האיראני מודע לחולשותיו ולכן בחר להשקיע רבות בעולמות התודעה, כדי לייצר חזות מאיימת כלפי חוץ. בפועל, הכלכלה האיראנית כושלת, העוני רב. זו אינה מדינה חזקה. יחד עם זאת, עד כה, איראן מצליחה, באמצעות ההשקעה רבת השנים בתודעה, לייצר תחושה שהיא מעצמה צבאית ברמה עולמית. איני מבטל אותה ואת הישגיה הצבאיים - יש כאלה. אך הם מועצמים פי כמה וכמה מערכם האמיתי. יש נמר של נייר שמסתתר מאחורי החזות המאיימת האיראנית. את הלקח מ""ניפוח היתר"" של חזבאללה צריך להסיק לגבי איראן וביתר שאת. הגיעה העת לפגוע בראש הנחש. ישראל יכולה לו. המזרח התיכון מחכה לכך. יש כאן הזדמנות. הלוואי ואיראן תנסה להגיב על חיסול נסראללה, זה יתן לישראל את כל הלגיטימציה שהיא צריכה... בהקשר זה אצרף לכם מפי עמית סגל, את הדברים שכתב אמש ג'ארד קושנר, חתנו של הנשיא טראמפ ויועצו לשעבר, שהיה אחד הגורמים המרכזיים שהביאו לחתימת הסכמי אברהם 👇 👇 כדי להגיב לכתבה לחצו כאן"
77125,2024-09-29T08:22:59+00:00,strong,"ג׳ארד קושנר, חתנו של טראמפ ושליחו למזה״ת בפוסט חריג: ״27 בספטמבר הוא היום החשוב ביותר במזרח התיכון מאז פריצת הדרך בהסכם אברהם. ביליתי אינספור שעות בחקר חיזבאללה ואין מומחה עלי אדמות שחשב שמה שישראל עשתה כדי לערוף את ראשם ולהשפיל אותם הוא אפשרי. זה משמעותי מכיוון שאיראן חשופה כעת במלואה. הסיבה לכך שהמתקנים הגרעיניים שלהם לא הושמדו, למרות מערכות הגנה אוויריות חלשות, היא בגלל שחיזבאללה היה אקדח טעון שכוון לעבר ישראל. איראן הקדישה את ארבעים השנים האחרונות לבניית יכולת זו כגורם ההרתעה שלה. הנשיא טראמפ היה אומר לעתים קרובות, ""איראן מעולם לא ניצחה במלחמה אבל מעולם לא הפסידה במשא ומתן"". המשטר של הרפובליקה האסלאמית קשה הרבה יותר כאשר מסכנים את חייהם של חמאס, חיזבאללה, סורים והחות'ים מאשר כאשר מסכנים את חייהם. המאמצים המטופשים שלהם לרצוח את הנשיא טראמפ ולפרוץ למסע הבחירות שלו מסריחים ייאוש ומקשיחים נגדם קואליציה גדולה. ההנהגה האיראנית תקועה במזרח התיכון הישן, בעוד שכניהם ב-GCC דוהרים לעבר העתיד על ידי השקעה באוכלוסיות ובתשתיות שלהם. הם הופכים למגנטים דינמיים לכישרון והשקעות בעוד איראן מפגרת יותר. ככל שהשליחות והאיומים האיראניים יתפוגגו, הביטחון והשגשוג האזורי יעלו עבור נוצרים, מוסלמים ויהודים כאחד. ישראל מוצאת את עצמה כעת כשהאיום מעזה נוטרל ברובו ועם הזדמנות לנטרל את חיזבאללה בצפון. מצער איך הגענו לכאן אבל אולי בסופו של דבר מעז ייצא מתוק. *מי שקרא להפסקת אש בצפון טועה. לישראל אין דרך חזרה. הם לא יכולים להרשות לעצמם עכשיו לא לסיים את העבודה ולפרק לחלוטין את הארסנל שכוון אליהם. הם לעולם לא יקבלו הזדמנות נוספת*. לאחר ההצלחות הטקטיות המבריקות והמהירות של הביפרים, מכשירי הקשר והכוונה של ההנהגה, מאגר הנשק האדיר של חיזבאללה אינו מאויש. רוב לוחמי חיזבאללה מסתתרים במנהרותיהם. כל מי שעדיין בסביבה לא היה חשוב מספיק כדי לשאת ביפר או להיות מוזמן לישיבת מנהיגות. גם איראן מתערערת, חסרת ביטחון ואינה בטוחה עד כמה נחדר המודיעין שלה. אי ניצול מלא של הזדמנות זו לנטרול האיום הוא חוסר אחריות. שמעתי כמה סיפורים מדהימים על האופן שבו ישראל אוספת מודיעין במהלך 10 החודשים האחרונים עם כמה טכנולוגיה מבריקה ויוזמות של מיקור המונים. אבל היום, עם ההרג המשמח של נסראללה ולפחות 16 מפקדים בכירים שחוסלו תוך תשעה ימים בלבד, היה היום הראשון שהתחלתי לחשוב על מזרח תיכון ללא הארסנל העמוס של איראן המכוון לישראל. כל כך הרבה יותר תוצאות חיוביות אפשריות. זה רגע לעמוד מאחורי עם ישראל שוחרת השלום והחלק הגדול של הלבנונים שנפגעו על ידי חיזבאללה ורוצים לחזור לתקופות שבהן ארצם שגשגה, וביירות עיר קוסמופוליטית. הבעיה המרכזית בין לבנון לישראל היא איראן; בלעדיה יש תועלת רבה לתושבי שתי המדינות מעבודה משותפת. הצעד הנכון כעת עבור אמריקה יהיה לומר לישראל לסיים את העבודה. זה כבר מזמן. וזה לא רק המאבק של ישראל. הפילוסוף ברנרד-הנרי לוי כתב ב-X, ׳אני ממשיך לקרוא בכל מקום שלבנון על סף קריסה. לא. היא על סף הקלה והצלה׳. רגעים כאלה מגיעים פעם בדור, אם הם בכלל מגיעים. היכולת לעצב מחדש עכשיו את המזרח התיכון היא בלתי מוגבלת. אל תבזבזו את הרגע הזה.״."
77126,2024-09-29T08:28:08+00:00,,"וכדי לסגור לכם את הפינה האזורית עד הסוף: העיתון דה אטלנטיק מפרסם שבמפגש של שר החוץ האמריקאי בלינקן עם יורש העצר הסעודי בראשית השנה, אמר לו האחרון כי הוא אינו מתעניין באופן אישי בסוגיה הפלסטינית וכי ישראל יכולה לבסס יחסים עם מדינות ערב. כדי להגיב לכתבה לחצו כאן"
77127,2024-09-29T08:31:20+00:00,,ישראל תצליח לעשות שלום טוב יותר ובר קיימא רק מתוך עמדת כוח. כדי להגיב לכתבה לחצו כאן
77128,2024-09-29T09:01:32+00:00,,°תוכן שיווקי
77129,2024-09-29T09:02:24+00:00,,"°חברים יקרים, הצפון בוער, מרלו""ג החירום שלנו בכרמיאל פונה בעקבות מטח הטילים האחרון, אך זה לא יעצור את חלוקת סלי המזון לחג. קיימות עוד 3,000 משפחות שזקוקות לסלי מזון בואו נעזור להם! תרמו עכשיו כדי שאף משפחה לא תישאר רעבה. לתרומה לחצו כאן: https://www.pitchonlev.org.il/form_page/mefunimc/?aff_id=992&campaign_id=11099"
77130,2024-09-29T09:35:20+00:00,,"בהמשך לדיווח כאן הבוקר 👆 דובר צה""ל מאשר את חיסול נביל קאווק (נהגה Qaouk ולא כפי שכתוב מטה - א""ע ). מתוך הצהרת דובר צה""ל: צה""ל חיסל את נביל קוואק, מפקד יחידת הביטחון המונע של חיזבאללה דובר צה״ל מודיע כי אתמול (ש׳), צה״ל חיסל את המחבל נביל קוואק, מפקד יחידת הביטחון המונע של חיזבאללה וחבר המועצה המרכזית של חיזבאללה. מטוסי קרב של חיל האוויר בהכוונה מדויקת של אמ""ן, תקפו וחיסלו את המחבל נביל קוואק. המחבל קוואק היה חבר מועצת הג׳יהאד ונחשב למקורב לצמרת ארגון הטרור חיזבאללה, ועסק באופן ישיר בקידום מתווי טרור כנגד מדינת ישראל ואזרחיה, גם בימים האחרונים. קוואק הצטרף לארגון בשנות ה-80, ונחשב למוקד ידע מרכזי בתחומו. בעברו כיהן כסגן אחראי אזור הדרום מטעם המועצה המבצעת, אחראי אזור הדרום וסגן יושב ראש המועצה המבצעת. קוואק הרבה להופיע בתקשורת, לייצג את חיזבאללה בפני האוכלוסייה השיעית ולהתבטא בתחומים פוליטיים, צבאיים ואסטרטגיים. ### כאמור 👆 קאווק הוא הסגן של האשם צפי א-דין. א-דין נחשב כדמות המובילה לרשת את נסראללה. כדי להגיב לכתבה לחצו כאן"
77131,2024-09-29T09:45:22+00:00,,"העיתונאית תומכת חזבאללה, מקווה עת'מאן מגלה בשידור חי שנסראללה מת. כדי להגיב לכתבה לחצו כאן"
77214,2024-09-29T21:41:33+00:00,,"חזבאללה בכרוז רשמי (בעקבות הפרסומים בכלי התקשורת השונים כי האשם צפי א-דין מונה ליורשו של נסראללה - א""ע): ""בעקבות הפרסומים בכלי התקשורת השונים בעניין צעדים ארגוניים שננקטו בתוך הנהגת חזבאללה לאחר מותו של השהיד חסן נסראללה, אנו מבהירים כי אין כל חשיבות לדיווחים…"
77215,2024-09-29T22:05:45+00:00,,"הלבנונים מדווחים שצה""ל תקף דירה באזור כולא בביירות - מחוץ לתחומי הדאחיה . זה אזור בעל רוב סוני (לא שיעי כמו בדאחיה), שלא הותקף מאז המאה הקודמת. כדי להגיב לכתבה לחצו כאן"
77217,2024-09-29T22:06:52+00:00,,המבנה שהותקף באזור הסוני בביירות. כדי להגיב לכתבה לחצו כאן
77218,2024-09-30T05:21:57+00:00,,"החיסול במרכז ביירות - באזור הסוני אמש תקף צה""ל לראשונה 👆 במרכז ביירות באזור אלכולא, אזור הנחשב לבעל ריכוז של מוסלמים סונים-דבר חריג מפני שצה""ל תוקף בד""כ באזורים השיעים. התקיפה היתה ממוקדת ומוצלחת - חוסלו 3 סונים, שניים מהם בכירים בגדודי אבו עלי מצטפא, הזרוע הצבאית של ארגון הטרור הפלסטיני - החזית העממית: מחמד עבד אלעאל - חבר הלשכה המדינית של החזית העממית ואחראי המחלקה הצבאית - ביטחונית של הזרוע הצבאית. עמאד עודה - חבר הוועדה המרכזית של החזית העממית ומפקדה הצבאי של המחלקה הצבאית של החזית העממית בלבנון. עבד א-רחמן עבד אלעאל - פעיל צבאי. ### הם ככל הנראה היו ההרוגים היחידים בתקיפה. מלבדם היו כעשרה פצועים. אחד הטילים ששוגרו לדירה בה שהו לא התפוצץ (מצורף). כדי להגיב לכתבה לחצו כאן"
77222,2024-09-30T05:24:42+00:00,,"חזבאללה פרסם הלילה את הכרזה הרשמית על חיסולו של עלי כרכי, מפקד חזית הדרום, שחוסל בבונקר עם נסראללה. הוא השלישי שזוכה לכינוי ""המפקד הג'האדי הגדול"" בכרזה שלו(כרזה לרוחב). קדמו לו פואד שכר ואבראהים עקיל."
77223,2024-09-30T05:29:20+00:00,,"חזבאללה מפרסם גם את כרזתו של השיח' נביל קאווק שהיה סגן ראש המועצה המבצעת של חזבאללה (סגנו של האשם צפי א-דין). קאווק זוכה לכינוי ""מפקד"", כינוי לו זכו לפניו שישה בכירים בחזבאללה (הוא השביעי). כדי להגיב לכתבה לחצו כאן"
77224,2024-09-30T05:39:05+00:00,,"הלילה תקפה ישראל (לראשונה) במחנה הפליטים הפלסטיני אלבצ בצור. בתקיפה נהרג פתח שריף יו""ר התאחדות המורים של אונר""א . נשמע כמו בעיה הסברתית? להפך!! חמאס מפרסמת כרוז רשמי בו היא מודיעה שהמחוסל הטרי הוא לא אחר מאשר: الشهيد القائد فتح شريف أبو الأمين قائد حركة المقاومة الإسلامية حماس في لبنان وعضو قيادة الحركة في الخارج מפקד תנועת חמאס בלבנון וחבר הנהגת התנועה ב""חוץ"". חמאס היא נדבך מרכזי באונר""א, כפי שהיה בעזה, כך גם בלבנון. הקפתי באדום בתמונה המצורפת את הלוגו של אונר""א מאחורי שריף."
77227,2024-09-30T05:41:35+00:00,,"והנה יו""ר התאחדות המורים של אונר""א בתוך כרוז רשמי של חמאס עם התואר מיוחד: מפקד חמאס בלבנון. חומר מצוין להסברה!!! כדי להגיב לכתבה לחצו כאן"
77228,2024-09-30T05:44:31+00:00,,"בסיכום חצות של משרד הבריאות הלבנוני דווח כי 105 נהרגו ו 359 נפצעו בתקיפות צה""ל אתמול בלבנון (מתוכם כ 40 בתקיפה בעין א-דלב בצידון). כדי להגיב לכתבה לחצו כאן"
77229,2024-09-30T05:46:54+00:00,,"מקורות תימנים טוענים כי החות'ים הצליחו להפיל הלילה כטב""מ אמריקאי מסוג MQ9 בשמי מחוז צעדה בתימן. אין עדיין אישור רשמי לכך. אם זה נכון זה יהיה הכטב""מ ה 11 מסוגו שהופל לאמריקאים מאז תחילת המלחמה. (עלות כל אחד כ 32 מיליון דולר). כדי להגיב לכתבה לחצו כאן"
77230,2024-09-30T05:49:33+00:00,,"תקיפת מעבר גבול בין לבנון לסוריה מקורות סורים מדווחים כי מטוסי קרב ישראלים תקפו הלילה מבנה במעבר הגבול ג'דידה יאבוס, המחבר בין לבנון לסוריה. למרות העומס במעבר בשעת לילה זו, לא היו נפגעים בתקיפה. כדי להגיב לכתבה לחצו כאן"
77231,2024-09-30T05:57:59+00:00,,"כלי תקשורת לבנוניים: ישראל מונעת נחיתת מטוסים עיראקים בלבנון, לבד מהמניעה שהחילה על נחיתת מטוסים איראנים . ע""פ כלי תקשורת אלו. לבנון נמצאת במצור אווירי. כדי להגיב לכתבה לחצו כאן"
77232,2024-09-30T05:59:00+00:00,,°תוכן שיווקי
77233,2024-09-30T06:00:09+00:00,,° כזה מחיר מדהים שנים שלא ראינו! מוגבל ל25 יחידות עם אלפי פידבקים מעולים 💎 מאות הזמנות מישראל ומבצעים שווים במיוחד 🛍 ארגונית מתכווננת לייבוש צלחות וכלי מטבח דו קומתית הכוללת ניקוז מים מובנה ישירות לכיור ב54 ש״ח כולל משלוח 😱 המוצר נעוץ בערוץ כך שתוכלו למצוא אותו בקלות לינק לערוץ הטוב ברשת 👇 👇 👇 https://t.me/+9T-cgP2nOvYzYTE0 https://t.me/+9T-cgP2nOvYzYTE0
77234,2024-09-30T06:48:05+00:00,,"דובר צה""ל: לפני זמן קצר, יורט בהצלחה כלי טיס בלתי מאויש שחצה למרחב המים הכלכליים של מדינת ישראל בצפון הארץ. לא הופעלו התרעות על פי מדיניות. ### האם היה בדרכו לאסדת כריש?? כדי להגיב לכתבה לחצו כאן"
77235,2024-09-30T06:51:40+00:00,,לא היתה תקיפה הבוקר בדאחיה. כפי הנראה מקור הדיווחים בעניין הוא בקריסת חלק מבניין באזור אלחדת' בדאחיה שהותקף בימים האחרונים. כדי להגיב לכתבה לחצו כאן
77236,2024-09-30T07:36:52+00:00,,"פתח שריף, מפקד חמאס בלבנון, ע""פ הגדרתה הרשמית של התנועה, מקבל מכתב הערכה מאונר""א, על פועלו (2019)."
77237,2024-09-30T07:48:43+00:00,,"דבריו של שר החוץ ישראל כ""ץ אותם הביא תאגיד השידור הישראלי זוכים לתהודה בכלי התקשורת הערביים: ""ישראל דוחה את ההצעה להסדר עם חזבאללה ואינה מקבלת את הפסקת האש. הדרך היחידה להגיע להסכם היא הסגת חזבאללה אל מצפון לליטאני ופירוק חזבאללה מנשקו."" עוד צוטט כ""ץ : ""אם איראן תתקוף אותנו נתקוף אותה בחזרה"" כדי להגיב לכתבה לחצו כאן"
77238,2024-09-30T07:56:01+00:00,,נסראללה מוקרן על ברג' אזאדי (מגדל החירות) בטהרן. עכשיו יש לו חירות (: כדי להגיב לכתבה לחצו כאן
77241,2024-09-30T07:56:26+00:00,,הצלב האדום על העקורים בלבנון בעקבות המלחמה: זוהי העקירה הגדולה ביותר בתולדות לבנון. כדי להגיב לכתבה לחצו כאן
77242,2024-09-30T08:06:04+00:00,,משרד הבריאות הלבנוני: בתקיפה באזור כולא 👆 בביירות נהרגו 4 ונפצעו 4. ### חיסול נקי נקי נקי בתוך בניין מגורים מאוכלס. תוצאה מבצעית מעולה. כאמור 3 מתוך 4 ההרוגים הם פעילים בזרוע הצבאית של החזית העממית. כדי להגיב לכתבה לחצו כאן
77243,2024-09-30T08:07:47+00:00,,"סגן מזכ""ל חזבאללה, נעים קאסם, צפוי לשאת נאום בשעה 12. כדי להגיב לכתבה לחצו כאן"
77244,2024-09-30T08:10:42+00:00,,"בקשה דחופה לצה""ל: נא לחסל אותו. יש לו קול נוראי. הנאומים איתו לא נעימים... כדי להגיב לכתבה לחצו כאן"
77245,2024-09-30T08:12:15+00:00,,"בקשה דחופה לצה""ל: נא לחסל אותו. יש לו קול נוראי. הנאומים איתו לא נעימים... כדי להגיב לכתבה לחצו כאן"
77246,2024-09-30T08:29:05+00:00,,°תוכן ממומן
77247,2024-09-30T08:30:02+00:00,,"° החייל שבסרטון זה בעלי רס""ל אלחנן אריאל קליין הי""ד אלחנן נרצח בפיגוע ירי ע""י מחבלים ארורים בדרכו חזרה הביתה לאפטר מהמילואים. לאחר הרצח הקמנו נקודת התיישבות חדשה לזכר אלחנן- ""נופי אלחנן"", וב""ה היא כבר מיושבת על ידי משפחות חלוצות. עכשיו הגענו לשלב של הקמת בית כנסת במקום לזכרו - 'היכל אריאל ' פתחנו בקמפיין גיוס לצורך כך. כל הכספים ילכו לבניית בית הכנסת ולפיתוח המקום. רגע לפני ראש השנה, הזדמנות לעשות מעשה טוב של ישוב הארץ לזכרו של אלחנן האהוב צריכים את עזרתכם לצורך השלמת המבנה. 🙏 אשמח מאוד שתהיו שותפים 🇮🇱 לתרומה לבית כנסת בנופי אלחנן ⬇️ https://meshulam.co.il/purchase?b=7f2f86a8454a9d122db867da8279a218 ניתן לתרום גם בפייבוקס (ללא סעיף 46 ) ⬇️ https://payboxapp.page.link/K7YDhKCCvqxHMpZz5"
77248,2024-09-30T09:03:26+00:00,,נעים קאסם החל לנאום בחלל סגור. כדי להגיב לכתבה לחצו כאן
77249,2024-09-30T09:07:33+00:00,,קאסם מזיע המון ומנגב את הזיעה עם מטפחת. בינתיים חולק דברי שבח לשהידים. כדי להגיב לכתבה לחצו כאן
77250,2024-09-30T09:12:27+00:00,,קאסם: התקפות חזבאללה אחרי חיסול נסראללה נשארו באותה הרמה. תקפנו את מעלה אדומים. תקפנו את חיפה - מיליון נכנסו למקלטים בגלל רקטה אחת ששיגרנו. אנו פועלים כחלק מתוכנית מלחמה מאורגנת. כדי להגיב לכתבה לחצו כאן
77251,2024-09-30T09:13:21+00:00,,"קאסם: אם הישראלי רוצה להכנס קרקעית, אנו ערוכים לכך. האויב לא ישיג את מטרותיו. נצא מנצחים. כדי להגיב לכתבה לחצו כאן"
77252,2024-09-30T09:15:09+00:00,,קאסם: יכולותינו הצבאיות כבירות. ישראל חולמת שהצליחה לפגוע בהן. אנו ממשיכים. כדי להגיב לכתבה לחצו כאן
77253,2024-09-30T09:16:24+00:00,,קאסם: לתושבי דרום לבנון - אנחנו אתכם. ננצח כפי שהיה ב 2006. סוגיית המבנה הארגוני בחזבאללה: לכל בעל תפקיד הוכן מראש מחליף כדי להגיב לכתבה לחצו כאן
77254,2024-09-30T09:17:13+00:00,,"קאסם: נבחר מזכ""ל חדש בזמן הקרוב, ע""פ נהלי הבחירות אצלנו. כדי להגיב לכתבה לחצו כאן"
77255,2024-09-30T09:17:48+00:00,,טיפת זיעה גדולה מאיימת לחצות את קו הגבות שלו. ניכר שהוא במעבה האדמה ללא מזגן. כדי להגיב לכתבה לחצו כאן
77256,2024-09-30T09:17:56+00:00,,טיפת זיעה גדולה מאיימת לחצות את קו הגבות שלו. ניכר שהוא במעבה האדמה ללא מזגן. כדי להגיב לכתבה לחצו כאן
77257,2024-09-30T09:19:12+00:00,,קאסם: אנחנו בסירה אחת. אנו זקוקים למעט סבלנות. הניצחון שלנו. אינשאללה זה יתגשם. ### תם הנאום כדי להגיב לכתבה לחצו כאן
77258,2024-09-30T09:20:40+00:00,,"סיכום: קאסם טוען שהכל בסדר בחזבאללה למרות החיסולים. חזבאללה פועל, לדבריו, ע""פ תוכנית סדורה. מזכ""ל חדש ייבחר בקרוב. המבנה הארגוני לא נפגע. ### היה לו ממש חם! היה חשוב לו להעביר שהמצב בשליטה. לא בטוח שהצליח לו. כדי להגיב לכתבה לחצו כאן"
77259,2024-09-30T09:21:53+00:00,,"סיכום: קאסם טוען שהכל בסדר בחזבאללה למרות החיסולים. חזבאללה פועל, לדבריו, ע""פ תוכנית סדורה. מזכ""ל חדש ייבחר בקרוב. המבנה הארגוני לא נפגע. ### היה לו ממש חם! היה חשוב לו להעביר שהמצב בשליטה. לא בטוח שהצליח לו. כדי להגיב לכתבה לחצו כאן"
77260,2024-09-30T09:27:36+00:00,,"סיכום: קאסם טוען שהכל בסדר בחזבאללה למרות החיסולים. חזבאללה פועל, לדבריו, ע""פ תוכנית סדורה. מזכ""ל חדש ייבחר בקרוב. המבנה הארגוני לא נפגע. ### היה לו ממש חם! היה חשוב לו להעביר שהמצב בשליטה. לא בטוח שהצליח לו. כדי להגיב לכתבה לחצו כאן"
77261,2024-09-30T09:34:01+00:00,,משרד הבריאות הפלסטיני בעזה: 20 הרוגים ו 108 פצועים ביממה האחרונה. ## אזכיר: בלבנון היו ביממה האחרונה 105 הרוגים ו 359 פצועים. כדי להגיב לכתבה לחצו כאן
77262,2024-09-30T09:35:48+00:00,,"כמו בעזה, כך היום בצידון: נערכים לקבורה המונית. כדי להגיב לכתבה לחצו כאן"
77264,2024-09-30T10:10:42+00:00,,"בהמשך לדיווח כאן 👆 על יו""ר התאחדות המורים של אונר""א בלבנון: הודעה משותפת לדובר צה""ל ודוברות שב""כ: צה""ל ושב""כ חיסלו את ראש זירת לבנון בארגון הטרור חמאס בפעילות משותפת של צה""ל ושב""כ, במהלך הלילה חיל האוויר תקף, בהכוונה מודיעינית של שב""כ, אמ""ן ופיקוד הצפון, את המחבל פתחי שריף, ראש זירת לבנון בארגון הטרור חמאס. שריף היה אמון על תיאום הפעילות של חמאס מלבנון מול גורמי חיזבאללה, וכן היה אחראי על מאמצי ההתעצמות של הארגון בלבנון בתחום גיוס פעילים ורכש אמצעי לחימה. שריף הוביל את מאמצי בניין הכוח של ארגון הטרור חמאס בלבנון ופעל לקדם את האינטרסים של חמאס בזירה, הן מבחינה פוליטית והן מבחינה צבאית. כדי להגיב לכתבה לחצו כאן"
77265,2024-09-30T10:20:28+00:00,,"מקורות פלסטינים: ישראל שיחררה לרצועה, דרך מעבר כרם שלום 12 אסירים עזתיים, בהם ד""ר ח'אלד א-סר מבית החולים נאצר בח'אן יונס."
77266,2024-09-30T10:57:59+00:00,,משרד הבריאות הלבנוני מעדכן את נתוני הנפגעים בתקיפה אתמול בעין א-דלב בצידון: 45 הרוגים ו 70 פצועים. כדי להגיב לכתבה לחצו כאן
77267,2024-09-30T10:59:00+00:00,,°תוכן שיווקי
77268,2024-09-30T11:00:07+00:00,,"°הגיע הזמן להשתדרג! 🔪 🎉 אם אתם מעריכים דיוק, איכות וחיתוך ברמה הגבוהה ביותר זו ההזדמנות לשדרג את סט סכיני השף שלכם במחיר משתלם! לכבוד החג, בואו ליהנות מ- 30% הנחה על מגוון מוצרים מהמותגים הבינלאומיים המובילים שלנו. הזמינו עכשיו והכניסו למטבח שלכם איכות שלא הכרתם! 👌 אנחנו לובלינסקי 🔪 🫶 חברה משפחתית ומומחים לסכינים והשחזה מאז 1938. אנו מציעים מגוון ענק של סכיני שף ואביזרים משלימים למטבח! בואו להכיר אותנו> https://bit.ly/abu_ali בתוקף עד 14.10"
77269,2024-09-30T11:34:34+00:00,,"לנצח יזכרו לנעים קאסם את נאומו הראשון אחרי חיסול נסראללה כ""נאום הניגובים"". להגנתו אוסיף שזה די טבעי להזיע ככה כשאתה חושש שעוד שניה עלולים לחסל אותך בשידור חי, בזמן שאתה במעבה האדמה בלי מזגן, ומנסה להחזיק פאסון... כדי להגיב לכתבה לחצו כאן"
77272,2024-09-30T11:50:13+00:00,,"הטיילת של ביירות בשלב הראשון לקראת הפיכתה ל""מואצי"".... אחד הגולשים העזתיים כתב ללבנונים: תבואו ללמוד מאיתנו במואצי בח'אן יונס, יש לנו ידע וניסיון ברמה בינ""ל בתחום.. כדי להגיב לכתבה לחצו כאן"
77278,2024-09-30T12:14:21+00:00,,"יוסף עבד אלעאל, חייל בצבא לבנון, נהרג לפני כשעתיים כשכטב""מ ישראלי תקף אופנוע על כביש אלח'יאם - מרג'עיון. אדם נוסף נהרג בתקיפה."
77490,2024-10-01T18:57:55+00:00,,"ע""פ מקורות פלסטינים, אחד המחבלים שביצעו את הפיגוע הערב ביפו הוא מחמד ראשד מסכ מחברון. כדי להגיב לכתבה לחצו כאן"
77491,2024-10-01T19:07:36+00:00,,הסנאטור הרפובליקני מארקו רוביו: המתקפה של המשטר האיראני על ישראל היתה שגיאה מסוכנת. ישראל יכולה לתקוף את המשטר ולגרום לו לנזק משמעותי ישיר. וזה מה שכנראה הולך לקרות כעת. כדי להגיב לכתבה לחצו כאן
77492,2024-10-01T19:11:34+00:00,,"דובר הזרוע הצבאית של חמאס, אבו עבידה, מצייץ הערב בערוץ הטלגרם שלו (בהודעה כתובה), דברי שבח למתקפה האיראנית. כדי להגיב לכתבה לחצו כאן"
77493,2024-10-01T19:23:59+00:00,,"משמרות המהפכה האיראנים בהודעות נוספות: תקפנו את בסיס חצרים ממנו יצאו המטוסים שחיסלו את נסראללה. תקפנו גם את בסיסי נבטים ותל נוף. התגובה היתה במסגרת הגנה עצמית וע""פ החוק הבינלאומי. 90% מהטילים ששיגרנו פגעו במטרה. כל טיפשות מצדו של האויב תוביל לתגובה הרסנית. כדי להגיב לכתבה לחצו כאן"
77494,2024-10-01T19:30:05+00:00,,"ההגנה האזרחית הפלסטינית בגדה: הטילים האיראנים נפלו בטובאס, חברון, ג'נין וקלקיליה. כתוצאה מכך נהרג פלסטיני בן 38 ונפצעו נוספים. כדי להגיב לכתבה לחצו כאן"
77498,2024-10-01T19:36:27+00:00,,נשיא איראן: בתקיפה השתמשנו רק בחלק מיכולותינו. אל תכנסו עמנו לעימות. על נתניהו להבין שאיננו שואפים למלחמה אך נעמוד בנחרצות מול כל איום. הגבנו בנחישות כדי להבטיח את הביטחון באיראן ובאזור. כדי להגיב לכתבה לחצו כאן
77499,2024-10-01T19:38:56+00:00,,"ע""פ מקורות פלסטינים, המחבל השני שביצע את הפיגוע הערב ביפו הוא אחמד אלהימוני, גם הוא תושב חברון. כדי להגיב לכתבה לחצו כאן"
77500,2024-10-01T19:42:12+00:00,,פלסטינים מג'בע (נפת ג'נין) בשיירת שמחה עם חלק מטיל איראני שנפל בשטחם. כדי להגיב לכתבה לחצו כאן
77501,2024-10-01T19:44:36+00:00,,מחלקת ניהול משברים בלבנון: 240 אלף איש עברו מלבנון לסוריה מאז ה 23.9 כדי להגיב לכתבה לחצו כאן
77502,2024-10-01T19:51:05+00:00,,מקורות לבנוניים רשמיים: 1873 הרוגים ו 9134 פצועים בלבנון מאז תחילת המלחמה. כדי להגיב לכתבה לחצו כאן
77503,2024-10-01T20:02:57+00:00,,"צ'אחי ח'לפאן, מפקד משטרת דובאי לשעבר (זה שפרסם את תמונות ""הטניסאים"" שחיסלו במלון בדובאי את המחסל מחמוד מבחוח) מצייץ: 200 טילים אפס הרוגים. פיתרון המשוואה: 200 כפול אפס שווה מאתיים פעמים אפס."
77504,2024-10-01T20:27:17+00:00,,
77505,2024-10-01T20:34:17+00:00,,מספר הנרצחים בפיגוע הערב עלה ל 7. כדי להגיב לכתבה לחצו כאן
77506,2024-10-01T20:35:21+00:00,,"נתניהו: ""איראן עשתה הערב טעות גדולה - והיא תשלם על כך. המשטר באיראן לא מבין את נחישותינו להגן על עצמינו ואת נחישותנו לגמול לאויבינו. סינואר ודף לא הבינו זאת, נסראללה ומוחסן לא הבינו זאת, וכנראה יש בטהרן כאלה שלא מבינים זאת. הם יבינו."" ## רמז לחיסול מנהיג איראני בקרוב? כדי להגיב לכתבה לחצו כאן"
77507,2024-10-01T21:24:51+00:00,,"אליסה, הזמרת הלבנונית המפורסמת (15 מיליון עוקבים בטוויטר), שואלת: נגמר? זו התגובה האיראנית? ### כנראה שציפתה ליותר... (: כדי להגיב לכתבה לחצו כאן"
77508,2024-10-01T21:28:00+00:00,,"דובר צה""ל בערבית מכריז לפני זמן קצר על פינוי שני בניינים באזור חארת אלחריכ ברובע הדאחיה בביירות ומנחה להתרחק מהם עד כדי 500 מטר. שוב הקש בגג בדאחיה. כדי להגיב לכתבה לחצו כאן"
77587,2024-10-02T14:47:01+00:00,,"ראש ממשלת לבנון, מיקאתי: מספר העקורים בלבנון מגיע ל 1.2 מיליון. כדי להגיב לכתבה לחצו כאן"
77588,2024-10-02T14:49:53+00:00,,מקורות סורים לא רשמיים: 2 הרוגים ומספר פצועים בתקיפה הישראלית על מבנה בן 3 קומות בשכונת אלפילאת המערבית באזור אלמזה בדמשק. כדי להגיב לכתבה לחצו כאן
77589,2024-10-02T15:00:55+00:00,,"האזור שהותקף בשכונת אלפילאת המערבית באזור אלמזה בדמשק. רכבי היוקרה לא נמצאים שם במקרה. לי זה מזכיר קצת את הרחוב בו נמצא ביתו של אכרם אלעג'ורי, 👆 ראש הזרוע הצבאית של הג'האד האסלאמי. ביתו הותקף בנובמבר 2019 במקביל לחיסול בהא אבו אלעטא בעזה (מבצע חגורה שחורה). כדי להגיב לכתבה לחצו כאן"
77590,2024-10-02T15:02:03+00:00,,תיעוד נוסף מ 2019 👆 של ביתו של אלעג'ורי. כדי להגיב לכתבה לחצו כאן
77591,2024-10-02T15:16:27+00:00,,"מקורות לבנוניים לא רשמיים מדווחים על הרוגים בקרב ""כוח אלעבאס"", יחידת העילית של הזרוע הצבאית בתנועת אמל השיעית, במהלך קרבות מול חיילי צה""ל בדרום לבנון. בתמונה, שניים מן ההרוגים. בראש תנועת אמל עומד נביה ברי, יו""ר הפרלמנט הלבנוני, שנפגש על בסיס קבוע עם בכירים אמריקאים ומערביים. כדי להגיב לכתבה לחצו כאן"
77592,2024-10-02T15:22:41+00:00,,"שני המחבלים 👆 מכוח העילית של תנועת אמל שנהרגו בקרבות מול חיילי צה""ל בדרום לבנון הם: כרים דרוויש מחמד תרכיה כדי להגיב לכתבה לחצו כאן"
77593,2024-10-02T15:27:25+00:00,,משרד ההגנה הסורי: בשעה 17:25 ביצע האויב הישראלי תקיפה אווירית מאזור הגולן על מבנה אזרחי בשכונת אלמזה בדמשק. כתוצאה מכך נהרגו 3 אזרחים ונפצעו 3 נוספים. כדי להגיב לכתבה לחצו כאן
77594,2024-10-02T15:34:19+00:00,,משרד ההגנה הסורי: בשעה 17:25 ביצע האויב הישראלי תקיפה אווירית מאזור הגולן על מבנה אזרחי בשכונת אלמזה בדמשק. כתוצאה מכך נהרגו 3 אזרחים ונפצעו 3 נוספים. כדי להגיב לכתבה לחצו כאן
77595,2024-10-02T16:09:32+00:00,,"פיקוד מרכז של ארה""ב מאחל שנה טובה. https://x.com/CENTCOM/status/1841497138263359899?t=GqzpNJo3DZCVykY17sybAg&s=19 כדי להגיב לכתבה לחצו כאן"
77596,2024-10-02T16:11:05+00:00,,"חירט וולדרס, מנהיג מפלגת הימין בפרלמנט ההולנדי מאחל גם הוא שנה טובה. https://x.com/geertwilderspvv/status/1841482625334092172?s=19 כדי להגיב לכתבה לחצו כאן"
77597,2024-10-02T16:23:14+00:00,,הזרוע הצבאית של חמאס מקבלת אחריות על הפיגוע אתמול ביפו. כדי להגיב לכתבה לחצו כאן
77598,2024-10-02T16:59:27+00:00,,"מקורות המזוהים עם האופוזיציה הסורית מדווחים שהמבנה שהותקף היום בשכונת אלפילאת המערבית באזור אלמזה בדמשק נמצא בסמוך למבנה נוסף שהותקף בראשית השנה 👆 (20.1), בתקיפה המיוחסת לישראל ובה חוסל ""חאג' צאדק"", חג'תאללה אומידאר, אחראי המודיעין בכוח אלקדס של משמרות המהפכה האיראנים (לצד קצינים איראנים נוספים). התיעוד המצורף - מינואר השנה. השכנות בין המבנים יכולה להעיד על טיב היעד... כדי להגיב לכתבה לחצו כאן"
77603,2024-10-02T18:15:19+00:00,,"מקורות איראנים המזוהים עם האופוזיציה: תיעוד של טיל איראני ששוגר ממחוז פארס לעבר ישראל ונחת אחרי שעבר בלבד 5 ק""מ מאתר השיגור. כדי להגיב לכתבה לחצו כאן"
77604,2024-10-02T18:20:08+00:00,,מחלקת ההגירה הסורית: 72 אלף לבנונים ו 197 אלף סורים עברו לשטח סוריה מאז ה 23.9 ### כ 270 אלף איש נמלטו מלבנון לסוריה בשבועיים האחרונים. כדי להגיב לכתבה לחצו כאן
77605,2024-10-02T18:46:31+00:00,,"בנגב יש כאלה שהיו מאוד מרוצים מנפילת הטילים האיראנים קרוב למקום מגוריהם. הקריין בסרטון: קילו נחושת אדומה שווה 25 ש""ח. הטיל שוקל 200 קילו, כלומר 5,000 ש""ח נחתו (אצלנו) מהשמיים... כדי להגיב לכתבה לחצו כאן"
77606,2024-10-02T18:47:36+00:00,,בדרך למכירה... כדי להגיב לכתבה לחצו כאן
77813,2024-10-04T14:58:43+00:00,,"הלחץ שהפעילה אלג'זירה 👆 על הרש""פ היה כבד וזו נאלצה לשחרר את העיתונאי לית' ג'עאר ממעצר. כדי להגיב לכתבה לחצו כאן"
77814,2024-10-04T15:10:11+00:00,,"חמאס קוראת בכרוז רשמי לפלסטינים בגדה ובמזרח ירושלים לצאת מחר, יום שישי, להפגנות רחבות תחת הכותרת: ""הפסקת התוקפנות על פלסטין ולבנון""."
77815,2024-10-04T15:15:22+00:00,,"מקורות ערבים: 14 תקיפות אמריקאיות - בריטיות בצנעא, חודידה ודמאר, נגד מטרות של החות'ים. הסרטון המצורף מהתקיפות בצנעא הבירה. כדי להגיב לכתבה לחצו כאן"
77816,2024-10-04T15:43:20+00:00,,"עיתון אלאח'באר הלבנוני: יותר מ 2,000 הרוגים וכ 10,000 פצועים בלבנון מאז תחילת המלחמה. כדי להגיב לכתבה לחצו כאן"
77817,2024-10-04T15:56:05+00:00,,"זהו, אפשר להכריז באופן רשמי שביירות הפכה לעזה: אוהלי עקורים בטיילת הצופה לסלעי א-רושה 👆 בביירות. כדי להגיב לכתבה לחצו כאן"
77818,2024-10-04T16:20:36+00:00,,"התקיפות האמריקאיות - בריטיות בתימן: סוכנות הידיעות AP מדווחת מפי בכיר אמריקאי כי הותקפו מערכות נשק, בסיסים ואמל""ח של החות'ים. כדי להגיב לכתבה לחצו כאן"
77819,2024-10-04T16:39:03+00:00,,"חזבאללה מנסה לקושש קצת סימפטיה בינ""ל ומכריז שישראל הרגה היום 11 מהפרמדיקים של רשות ההגנה האזרחית בדרום לבנון. בפועל מדובר בפעילי חזבאללה לכל דבר ועניין, מעין ""חובשים קרביים"" של הארגון. 7 נהרגו בתקיפה במרג'עיון, 2 בכפר שקרא ושניים נוספים בתקיפה בח'רבת סלם. כדי להגיב לכתבה לחצו כאן"
77820,2024-10-04T17:35:16+00:00,,"בנו של עבאס נילפרושאן, הקצין הבכיר בכוח אלקדס במשמרות המהפכה האיראנים שנהרג לצד נסראללה בתקיפה בדאחיה: ""גופתו של אבי טרם אותרה."" כדי להגיב לכתבה לחצו כאן"
77821,2024-10-04T17:50:03+00:00,,"תמונת עבר של עבאס נילפרושאן (מוקף באדום) מקבל אות הוקרה מנסראללה. לצדו של נסראללה עומד מחמד רצ'א זאהדי שחוסל בתקיפה על שגרירות איראן בדמשק ב 1.4 ולצדו של נילפרושאן עומד קאסם סולימאני, מפקד כוח אלקדס במשמרות המהפכה האיראנים שחוסל על ידי ממשל טראמפ ב 2020. כל הארבעה חוסלו. התמונה הושלמה. כדי להגיב לכתבה לחצו כאן"
77822,2024-10-04T18:16:10+00:00,,"צה""ל חיסל את מחמד רשיד סכאפי, ראש מערך הקשר של ארגון הטרור חיזבאללה דובר צה""ל מודיע כי אתמול (ה'), 3 באוקטובר 2024, בהכוונה מודיעינית מדויקת של אגף המודיעין, מטוסי קרב של חיל האוויר תקפו באופן ממוקד במרחב ביירות וחיסלו את מחמד רשיד סכאפי, ראש מערך הקשר של…"
77823,2024-10-04T19:13:22+00:00,,"חוף א-רמלה אלביצ'אא' (החול הלבן) בביירות , הפך מקלט לעקורים באוהלים. #עזה_זה_כאן #המואצי_של_ביירות כדי להגיב לכתבה לחצו כאן"
77829,2024-10-04T19:20:30+00:00,,"אלחדת' הסעודי מפי מקורותיו: היקף התקיפה אתמול על האשם צפי א-דין, לא משאיר סיכוי לצאת בחיים מהמקום. כדי להגיב לכתבה לחצו כאן"
77830,2024-10-04T19:58:45+00:00,,"אמנם חזבאללה הפסיק לדווח על הרוגיו בצורה מסודרת כבר ב 23.9 אבל חשבונות של פעילים מדרום לבנון מציפים ביממה האחרונה עשרות תמונות ושמות של הרוגים מדרום לבנון - רובם ככל הנראה פעילי חזבאללה שנהרגו בתקיפות של צה""ל ובקרבות מול הכוחות המתמרנים בדרום לבנון. להערכתי מספר הרוגי חזבאללה במלחמה הנוכחית חצה את האלף ביומיים האחרונים. כדי להגיב לכתבה לחצו כאן"
77831,2024-10-04T20:57:40+00:00,,"הרוגי תקיפת צה""ל אמש בטולכרם חמאס בכרוז רשמי: 8 מבין 18 ההרוגים בתקיפה האווירית אתמול במחנה הפליטים טולכרם הם פעילי הזרוע הצבאית של חמאס. בין הפעילים עליהם קיבלה חמאס אחריות גם הילד שבתמונה - מחמד ענבס שמו. גדודי חללי אלאקצא של הפת""ח הודיעו ששניים מבין 18 ההרוגים הם פעילים צבאיים בשורותיהם (אחד מהם זה... הילד מחמד ענבס שחמאס הודיעה שהוא פעיל שלה) הזרוע הצבאית של הג'האד האסלאמי הודיעה עד כה כי אחד מבין ההרוגים בתקיפה הוא מפקד בשורותיה (ע'ית' רצ'ואן). כלומר עשרה מבין ה 18 כבר הוכרזו כפעילים צבאיים. להערכתי ישנם לפחות עוד 3-4 פעילים צבאיים בין ההרוגים. כדי להגיב לכתבה לחצו כאן"
77832,2024-10-04T21:50:13+00:00,,אלחדת' מפי מקורותיו: ישראל הצליחה לאמת כי האשם צפי א-דין וכל מלוויו נהרגו בתקיפה. ## אדגיש כי ישראל לא הודיעה עדיין באופן רשמי שהאשם צפי א-דין חוסל. כדי להגיב לכתבה לחצו כאן
77835,2024-10-05T06:44:44+00:00,,"בנוהל הקבוע: תקיפות לילה בדאחיה כלי תקשורת לבנוניים מדווחים על יותר מ 12 תקיפות ישראליות במהלך הלילה בדאחיה. דובר צה""ל בערבית פרסם שלוש פעמים במהלך הלילה הודעות פינוי לבניינים בברג' אלבראג'נה, שויפאת וחארת חריכ בדאחיה ובעקבותיהם הגיעו תקיפות. מעבר לתקיפות עצמן אי אפשר לישון בלילה בדאחיה כבר הרבה זמן, גם בגלל התרעות הפינוי וגם בגלל הדי ההתפוצצויות - יש לכך אפקט מצטבר. ע""פ כלי תקשורת לבנוניים ישראל תקפה בלילה בדאחיה במספר גדול של מיקומים: ברג' אלבראג'נה, שויפאת, שכונת אלאביאצ', חארת חריכ, מתחם סיד א-שהדאא, א-רוויס, אזור מתחם מסגד אלקאא'ם ואלאג'נחה אלח'מסה. כדי להגיב לכתבה לחצו כאן"
77839,2024-10-05T06:47:04+00:00,,בשעות הבוקר שוב תקפה ישראל בדאחיה. כדי להגיב לכתבה לחצו כאן
77841,2024-10-05T06:50:37+00:00,,"מתוצאות התקיפות הלילה והבוקר בדאחיה, באזור מסגד אלקאא'ם ומתחם סיד א-שהדאא. האש עדיין בוערת. כדי להגיב לכתבה לחצו כאן"
77843,2024-10-05T06:56:32+00:00,,"חמאס אישרה כי ישראל חיסלה הלילה את סעיד עטאללה בכיר בזרוע הצבאית שלה בלבנון. מה שמעניין בחיסול כאן הוא המיקום! זו למיטב זיכרוני הנקודה הצפונית ביותר בלבנון בה ביצעה ישראל (ע""פ מקורות לבנוניים) חיסול במלחמה הנוכחית. ע""פ מקורות לבנוניים הוא חוסל בתקיפת כטב""מ יחד עם אשתו ושני ילדיו בדירה בה שהה בראש מגדל באזור אלבדאוי בטריפולי, בצפון לבנון - אזור בעל רוב סוני."
77847,2024-10-05T06:59:46+00:00,,"עבאס עראקג'י, שר החוץ האיראני, סיים את ביקורו בלבנון ונחת בדמשק בירת סוריה, לביקור רשמי. כדי להגיב לכתבה לחצו כאן"
77848,2024-10-05T07:06:01+00:00,,"כך חוצה מי שמבקש לברוח מלבנון דרך מעבר הגבול עם סוריה - ""אלמצנע"", לאחר שזה הותקף בידי צה""ל שלשום בלילה, בעקבות הברחות אמל""ח של חזבאללה במשאיות לתוך לבנון(ואחרי אזהרה ישראלית לממשלת לבנון). כדי להגיב לכתבה לחצו כאן"
77849,2024-10-05T07:31:04+00:00,,שר החוץ האיראני מדמשק: ממשלת הישות הציונית מבינה רק את שפת הכוח והמלחמה. מאמצינו להשגת הפסקת אש נמשכים. כדי להגיב לכתבה לחצו כאן
77850,2024-10-05T07:56:31+00:00,,"כרוזי פינוי במרכז רצועת עזה הפלסטינים מדווחים שצה""ל הטיל כרוזים במרכז הרצועה בהם נקראים תושבי האזור הצפוני של מחנות הפליטים נציראת ואלבריג' (מחנות הנמצאים במרכז הרצועה),להתפנות דרומה. אציין בהקשר זה כי אתמול קיבלו גדודי אבו עלי מצטפא, הזרוע הצבאית של החזית העממית, אחריות על שיגור רקטות לעבר כיסופים. כדי להגיב לכתבה לחצו כאן"
77853,2024-10-05T08:03:01+00:00,,ביירות: תיעוד מהבוקר של אזור רחוב אלקאא'ם בדאחיה לאחר שהותקף הלילה. כדי להגיב לכתבה לחצו כאן
77854,2024-10-05T08:10:24+00:00,,"כך נראה הבוקר ביתו של סעיד עטאללה עלי, הבכיר בזרוע הצבאית של חמאס שחוסל הלילה בטריפולי בצפון לבנון. כדי להגיב לכתבה לחצו כאן"
77856,2024-10-05T08:24:31+00:00,,"בהמשך לכרוזי הפינוי 👆 דובר צה""ל בערבית מפרסם מפת פינוי מסודרת. במקביל הזרוע הצבאית של החזית העממית מפרסמת את סרטון השיגורים אתמול לעבר כיסופים כנקמה על חיסול בכיריה בביירות וכנקמה על חיסול נסראללה. יפה שיש להם מדפסת פועלת ודיו כדי להדפיס את התמונות....יחד עם זאת נראה ששמו על מצב ""חיסכון בדיו"". כדי להגיב לכתבה לחצו כאן"
77877,2024-10-05T11:21:18+00:00,,קאא'ני 👆 בביקור תנחומים בטהרן לפני 6 ימים לצד אחיו של האשם צפי א-דין. כדי להגיב לכתבה לחצו כאן
77878,2024-10-05T11:26:24+00:00,,הדיווח של יערי ב n12 כדי להגיב לכתבה לחצו כאן
77879,2024-10-05T11:32:32+00:00,,סוכנות הידיעות הסורית הרשמית מדווחת לפני זמן קצר: מערכות ההגנה האווירית הסוריות הופעלו נגד מטרות עוינות בשמי חומס. כדי להגיב לכתבה לחצו כאן
77880,2024-10-05T11:39:21+00:00,,"""عفوا دير الاسد"" תומכי חזבאללה בקבוצות שיח ברשתות החברתית מבקשים סליחה מתושבי דיר אלאסד הערבים לאחר שדווח שהמטח האחרון של חזבאללה גרם לשלושה נפגעים שם. לבנוניים המזוהים עם חזבאללה מציגים טיעון משעשע: ישראל אינה מתעדפת יישובים ערביים בשטח ישראל בכל הקשור להגנה אווירית. בקיצור חזבאללה פישל הפעם.. כדי להגיב לכתבה לחצו כאן"
77881,2024-10-05T11:41:17+00:00,,ערוצים לבנוניים מדווחים על 3 תקיפות בדאחיה לפני זמן קצר. כדי להגיב לכתבה לחצו כאן
77882,2024-10-05T12:08:44+00:00,,ערוצים לבנוניים מדווחים על 3 תקיפות בדאחיה לפני זמן קצר. כדי להגיב לכתבה לחצו כאן
77887,2024-10-05T12:10:44+00:00,,סוכנות הידיעות הסורית הרשמית מדווחת לפני זמן קצר: מערכות ההגנה האווירית הסוריות הופעלו נגד מטרות עוינות בשמי חומס. כדי להגיב לכתבה לחצו כאן
77888,2024-10-05T12:34:07+00:00,,תקיפה נוספת על דירה בביר אלעבד בדאחיה בביירות. כדי להגיב לכתבה לחצו כאן
77889,2024-10-05T12:34:32+00:00,,מתוצאות התקיפות האחרונות בדאחיה. כדי להגיב לכתבה לחצו כאן
77891,2024-10-05T13:11:49+00:00,,"מקורות לבנוניים מדווחים שצה""ל התקשר לראש עיריית טאריא באזור בעלבכ וביקש מתושבי הכפר להתפנות. זהו דיווח ראשון על פינוי כפרים באזור אלבקאע. כדי להגיב לכתבה לחצו כאן"
77892,2024-10-05T13:22:36+00:00,,תקיפות בטאריא. כדי להגיב לכתבה לחצו כאן
77893,2024-10-05T13:25:32+00:00,,"הלוויתו של סעיד עטאללה עלי, אותו חיסל צה""ל הלילה בטריפולי בצפון לבנון. כדי להגיב לכתבה לחצו כאן"
77894,2024-10-05T13:40:26+00:00,,תוצאות אחת התקיפה בדאחיה ליד מסגד אלקאא'ם. כדי להגיב לכתבה לחצו כאן
77895,2024-10-05T13:43:24+00:00,,"בהמשך לדיווח כאן 👆 אלמיאדין הלבנוני מפרסם : כטב""מ ישראלי שיגר טיל לעבר צוותי הצלה שניסו להרים את ההריסות באזור ""אלמריג'ה"" בדאחיה. כוחות ההצלה נסוגו מהמקום. ### ע""פ מקורות לבנוניים, באזור אלמריג'ה בדאחיה הותקפה מפקדת המודיעין של חזבאללה, שם ע""פ ההערכות שהה…"
77896,2024-10-05T13:50:49+00:00,,"אלג'זירה: מגעים בינ""ל כדי לאפשר הגעת צוותי הצלה לאתר שהותקף בדאחיה ובו שהה האשם צפי א-דין. ### הדבר מגיע על רקע הדיווחים שכטב""מים ישראלים מונעים הגעת צוותי הצלה לאתר 👆 👆 . כדי להגיב לכתבה לחצו כאן"
77897,2024-10-05T14:39:35+00:00,,"אלג'זירה מפי מקור בטחוני לבנוני: חזבאללה איבד קשר עם ראש המועצה המבצעת של הארגון, האשם צפי א-דין, מאז יום שישי. כדי להגיב לכתבה לחצו כאן"
77898,2024-10-05T14:51:55+00:00,,"חייל אוקראיני עומד על שברי המל""ט החמקן הרוסי סוחוי S-70 אוחוטניק שהופל היום על ידי מטוס קרב רוסי מסוג סוחוי 57. כדי להגיב לכתבה לחצו כאן"
77899,2024-10-05T14:59:15+00:00,,"משרד הבריאות הלבנוני: 25 הרוגים ו 127 פצועים בלבנון ביממה החולפת (יום שישי). ## להערכתי המספר אינו כולל את מחבלי חזבאללה שחיסל צה""ל באזורים הסמוכים לגבול, לשם אין גישה לצוותי ההצלה הלבנונים. כדי להגיב לכתבה לחצו כאן"
77900,2024-10-05T15:09:26+00:00,,"מקורות סורים מדווחים על תקיפות של כטב""מ ישראלי לפני שעה קלה על מספר מוצבים למרגלות החרמון הסורי בצד הקרוב לבית ג'ן וח'צ'ר במחוז קוניטרה בדרום סוריה. כדי להגיב לכתבה לחצו כאן"
77901,2024-10-05T15:21:59+00:00,,"אלוף פיקוד צפון ומח""ט גולני בתוך שטח דרום לבנון. כדי שאלוף פיקוד צפון ייכנס פנימה צריך שהשטח יהיה בשליטה מלאה - זה המצב! עוד מעט יתחילו ביקורי בכירים.... זה כואב לחזבאללה...אבל ממש כדי להגיב לכתבה לחצו כאן"
77902,2024-10-05T15:27:41+00:00,,"בצל ההכנות הישראליות לתקיפה באיראן, מפקד פיקוד מרכז האמריקאי נחת בישראל. כדי להגיב לכתבה לחצו כאן"
77903,2024-10-05T15:40:28+00:00,,"בהמשך לדיווח על הפעלת מערכות ההגנה האווירית הסוריות בחומס, מדווחים כלי תקשורת סורים על הרוג ושלושה פצועים בתקיפת כטב""מ ישראלי על רכב בפרברי חומס. כדי להגיב לכתבה לחצו כאן"
77904,2024-10-05T15:59:00+00:00,,°תוכן שיווקי
77905,2024-10-05T16:00:01+00:00,,"°כשישראל מציגה את יכולות הסייבר שלה - כל העולם צופה בהשתאות 👀 עכשיו זה הזמן לצייד גם את דור העתיד ביכולות האלה, עם קורס סייבר לנוער המוביל בישראל מבית Israel Cyber Campus . מקצועות העתיד של הצבא וקריירה מבטיחה בהייטק הם רק חלק מהדלתות שיפתחו בפני ילדיכם. 💻 לימודים בזום אונליין או באוניברסיטת ת״א 🕵️ מדריכים יוצאי יחידות המודיעין המיוחדות ובראשן 8200 🕒 מסלול לימודים של 6 חודשים - מפגש חד שבועי באורך 3 שעות אקדמיות 🤖 הקורס פתוח לכל בני הנוער בגילי 17-13, אין דרישה לידע טכני קודם! הירשמו כבר היום - מספר המקומות מוגבל » https://bit.ly/ISRAELCYBERCAMPUSCOURSE"
77922,2024-10-05T19:53:09+00:00,,"דובר צה""ל בערבית נכנס לנוהל לילה בדאחיה: הוא מפרסם לפני זמן קצר 5 התרעות פינוי למבנים בחארת חריכ, א-שויפאת וברג' אלבראג'נה בדאחיה. כדי להגיב לכתבה לחצו כאן"
77927,2024-10-05T20:06:47+00:00,,"כלי תקשורת ערבים מדווחים על מספר תקיפות ישראליות באזור קוסייר בסוריה, סמוך לגבול עם לבנון (אחד ממעוזי חזבאללה המשמש תחנת מעבר לאמל""ח מסוריה ללבנון). כדי להגיב לכתבה לחצו כאן"
77928,2024-10-05T20:10:19+00:00,,"איראן מפרסמת הודעת NOTAM בה היא מכריזה על סגירת המרחב האווירי שלה לאורך גבולה המערבי מהיום ועד ה 9 לאוקטובר בין השעות 20:00 בערב ו 04:30 בבוקר בשל ""אימונים צבאיים"". כדי להגיב לכתבה לחצו כאן"
77929,2024-10-05T20:11:20+00:00,,"דיווחים על תקיפות בדאחיה כעת. ע""פ חלק מהמקורות ספינות של חיל הים משתתפות בתקיפה. כדי להגיב לכתבה לחצו כאן"
77930,2024-10-05T20:37:06+00:00,,"דיווחים על תקיפות בדאחיה כעת. ע""פ חלק מהמקורות ספינות של חיל הים משתתפות בתקיפה. כדי להגיב לכתבה לחצו כאן"
77932,2024-10-05T20:42:06+00:00,,תיעוד המיוחס לאחת התקיפות האמריקאיות 👆 אתמול בתימן.
77934,2024-10-05T20:44:31+00:00,,אחת התקיפות בדאחיה כעת. כדי להגיב לכתבה לחצו כאן
77935,2024-10-05T20:53:23+00:00,,תיעוד נוסף של התקיפות בדאחיה בשעה זו. כדי להגיב לכתבה לחצו כאן
77938,2024-10-05T20:54:36+00:00,,"טוב, על זה קשה לוותר- שוב מהדאחיה. כדי להגיב לכתבה לחצו כאן"
77939,2024-10-05T21:09:57+00:00,,"התקיפות בדאחיה לא נגמרות. זה נהיה המופע הקבוע של הלילה. הלבנונים טוענים שצה""ל תוקף באמצעות פצצות גדולות מהרגיל. כדי להגיב לכתבה לחצו כאן"
77943,2024-10-05T21:12:31+00:00,,מראות אפוקליפטיים בשידור חי של אלג'זירה מהדאחיה. כדי להגיב לכתבה לחצו כאן
77944,2024-10-05T21:22:55+00:00,,"ע""פ מקורות לבנוניים הפיצוץ העצום נגרם ככל הנראה כתוצאה מפגיעה באחת מתחנות הדלק של חברת האנרגיה הצרפתית Total בדאחיה. כדי להגיב לכתבה לחצו כאן"
77945,2024-10-05T21:24:54+00:00,,מה יגיד מקרון? כדי להגיב לכתבה לחצו כאן
78061,2024-10-06T18:38:50+00:00,,"רויטרס מפי בכירים בטחוניים איראנים: לא נוצר קשר עם אסמאעיל קאא'ני, מפקד כוח אלקדס במשמרות המהפכה, מאז התקיפות ביום חמישי בדאחיה על המקום בו שהה ככל הנראה האשם צפי א-דין (מפקדת המודיעין של חזבאללה בדאחיה - א""ע). ### אני חייב להודות שזה נשמע טוב. יחד עם זאת אף כלי תקשורת איראני לא פרסם דבר בעניין באופן פומבי. ככל שיחלוף הזמן האיראנים יצטרכו להגיב באופן רשמי. נמתין בסבלנות ונחזיק אצבעות. כדי להגיב לכתבה לחצו כאן"
78062,2024-10-06T18:40:36+00:00,,#רץ_ברשת כדי להגיב לכתבה לחצו כאן
78063,2024-10-06T18:46:16+00:00,,אלג'זירה: יותר מ 40 תקיפות ישראליות על הכפר מיס אלג'בל בדרום לבנון בתוך 4 שעות. כדי להגיב לכתבה לחצו כאן
78064,2024-10-06T18:54:42+00:00,,ומה אם קוראים לו שמואל והוא נמצא במטה המוסד? תודה לעוקב י'. כדי להגיב לכתבה לחצו כאן
78065,2024-10-06T18:57:31+00:00,,"עכשיו לשאלה פרקטית עבור המשטר האיראני: אם באמת קאא'ני חוסל בתקיפה ישראלית בדאחיה זה נחשב לנקמה פתוחה חדשה או שמחילים את זה רטרואקטיבית על מתקפת הטילים האחרונה המוכרת בשמה ""הבטחת האמת 2""?"
78066,2024-10-06T19:09:38+00:00,,"דובר צה""ל בערבית בנוהל לילה מוקדם: הנחיות פינוי לארבעה מבנים באזור ברג' אלבראג'נה וחדת' בדאחיה בביירות. אחד המבנים קרוב לתחנת דלק. צפי לזיקוקים..."
78070,2024-10-06T19:19:29+00:00,,"חסין מרתצ'א, העיתונאי הלבנוני המזוהה עם חזבאללה שאותו המורדים הסורים כל כך אוהבים לשנוא: ביתי נהרס בתקיפה ישראלית בדאחיה בביירות. ### חסין מרתצ'א הפך באופן רשמי להומלס. כדי להגיב לכתבה לחצו כאן"
78071,2024-10-06T19:54:34+00:00,,החלו התקיפות בדאחיה. כדי להגיב לכתבה לחצו כאן
78072,2024-10-06T20:21:38+00:00,,החלו התקיפות בדאחיה. כדי להגיב לכתבה לחצו כאן
78075,2024-10-06T20:26:20+00:00,,"סוכנות הידיעות האיראנית ""מהר"" לפני זמן קצר: חודשו הטיסות האזרחיות משדה""ת מהראבאד במערב איראן. כדי להגיב לכתבה לחצו כאן"
78076,2024-10-06T20:28:12+00:00,,"סוכנות הידיעות האיראנית ""מהר"" לפני זמן קצר: חודשו הטיסות האזרחיות משדה""ת מהראבאד במערב איראן. כדי להגיב לכתבה לחצו כאן"
78077,2024-10-06T20:29:06+00:00,,הדאחיה מוארת. כדי להגיב לכתבה לחצו כאן
78080,2024-10-06T21:09:33+00:00,,"אזור סנט תרז בדאחיה. שימו לב לפיצוצי המשנה הרבים באתר שהותקף - דבר המעיד על המצאות אמל""ח במקום. כדי להגיב לכתבה לחצו כאן"
78125,2024-10-07T11:35:20+00:00,,"מקורות סורים רשמיים מאשרים את דבר נחיתת המטוס האיראני 👆 בלטקיה וטוענים כי הוא מכיל ""סיוע"" לתושבי לבנון שעקרו לסוריה בעקבות המלחמה. ע""פ מקורות אלו הסיוע האיראני כולל: אוהלים שטיחי תפילה מוצרי מזון ### מעניין אם בישראל השתכנעו... כדי להגיב לכתבה לחצו כאן"
78128,2024-10-07T11:36:15+00:00,,"דובר הזרוע הצבאית של חמאס, אבו עבידה, צפוי לפרסם היום ב 17:00 סרטון וידיאו בו הוא מופיע... כדי להגיב לכתבה לחצו כאן"
78129,2024-10-07T11:37:53+00:00,,"בעקבות השיגור למרכז, הנחה דובר צה""ל בערבית את תושבי מזרח ח'אן יונס להתפנות מערבה. כדי להגיב לכתבה לחצו כאן"
78130,2024-10-07T11:40:00+00:00,,"דובר צה""ל הודיע על נפילתו של לוחם מילואים בקרב בגבול לבנון. יהי זכרו ברוך. כדי להגיב לכתבה לחצו כאן"
78131,2024-10-07T11:48:43+00:00,,"סדרת תקיפות אוויריות של צה""ל בדרום לבנון לפני זמן קצר. כדי להגיב לכתבה לחצו כאן"
78134,2024-10-07T11:56:40+00:00,,"מקורות לבנוניים מדווחים על תקיפות של צה""ל ביותר מ 20 כפרים בדרום לבנון בשעה האחרונה. כדי להגיב לכתבה לחצו כאן"
78135,2024-10-07T12:19:45+00:00,,"עזתי פונה ליחיא סנואר בלעג: اطلع احتفل معنا بمناسبة مرور عام على طوفانك ولا بدك تقضيها لأخر العمر تحت !! צא לחגוג איתנו שחלפה שנה ל""טופאן"" שלך.. או שאתה רוצה לבלות עד סוף החיים מתחת (לאדמה). כדי להגיב לכתבה לחצו כאן"
78136,2024-10-07T12:31:22+00:00,,"דובר צה""ל: חטיבת גולני בפעילות קרקעית בדרום לבנון. כדי להגיב לכתבה לחצו כאן"
78137,2024-10-07T12:35:57+00:00,,דיווחים על תקיפות עוצמתיות בדאחיה לפני זמן קצר - ללא התרעת פינוי. כדי להגיב לכתבה לחצו כאן
78138,2024-10-07T12:37:46+00:00,,האזור שהותקף בדאחיה. כדי להגיב לכתבה לחצו כאן
78139,2024-10-07T12:53:17+00:00,,"התקיפה האחרונה בדאחיה היתה קרובה מאוד לשדה""ת של ביירות. כדי להגיב לכתבה לחצו כאן"
78142,2024-10-07T12:54:06+00:00,,"דובר צה""ל: ראשוני: צה""ל תקף כעת באופן ממוקד בביירות. ## לא יודע לגבי ראשוני אבל... טוב שזה ממוקד(: כדי להגיב לכתבה לחצו כאן"
78143,2024-10-07T12:57:57+00:00,,"תקיפות צה""ל בדרום לבנון: רגע התקיפה בכפר דונין במחוז נבטיה. כדי להגיב לכתבה לחצו כאן"
78144,2024-10-07T12:59:00+00:00,,°תוכן שיווקי
78145,2024-10-07T13:00:05+00:00,,"°שלום לכל קהילת אבו עלי אקספרס. היום בדיוק אנחנו מציינים שנה לאסון הגדול, למלחמה שנכפתה עלינו, עם אזרחים שעדיין חטופים בידי מפלצות חמאס. מדי יום אני נתקלת ברשת בהמון אנשים מחו״ל שלא מכירים את הטבח בנובה או את העובדה שיש לנו חטופים. אך זה עדיין לא אבוד! אם אתם רוצים לתרום ולעשות משהו משמעותי בכמה דקות ביום, הצטרפו לקהילות שלנו שנאבקות בהסתה ופייק ניוז ברשתות החברתיות נגד ישראל והעם היהודי - לחצו והצטרפו https://t.me/+XbKwGLxM6shlMjVk לקהילות BrightMind ♥️ מאז ה7 באוקטובר אנחנו כאן ב-BrightMind, ביחד עם 40,000 חברי קהילה מישראל ומרחבי העולם, מחזקים את הנרטיב הישראלי ברשתות החברתיות, מסירים תכני פייק ניוז וניסיונות להעליל עלילות דם על חיילי צה״ל. עד כה הגענו כבר למיליארדי צפיות, יצרנו את קמפיין #HamasisISIS , ביטלנו אירועים אנטישמים, הרחקנו ארגונים תומכי טרור מקמפוסים, סייענו ליהודים בחו״ל, גרמנו למובילי דעת קהל להסיר תוכן ולהוציא התנצלויות תוך העלאת נושא החטופים בסדר היום העולמי בחו״ל. איך זה עובד? מצטרפים לטלגרם שלנו: https://t.me/+XbKwGLxM6shlMjVk , משקיעים 2 דקות ביום, ומייצרים השפעה ברשתות. תודה ♥️ אלה"
78210,2024-10-08T06:00:10+00:00,,"° 🔴 עוד שעה זה מתחיל 🔴 יום המכירות השנתי של אמזון יתחיל בשעה 10:00 בבוקר ויימשך 48 שעות בלבד. המותגים הכי אהובים והכי שווים במחירים משתלמים, כולל מוצרים שאין במהלך השנה כגון לפטופים, ציוד מחשוב וביגוד יוקרתי מתחת לרף המס הצטרפו לערוץ הטלגרם המוביל והאיכותי בישראל שחוסך לכם מאות ואלפי שקלים בחודש! קליק אחד ואתם שם! 👇 👇 ❤️ 👇 👇 ❤️ https://t.me/+Qbu88BH9UOQ0NDY0 https://t.me/+Qbu88BH9UOQ0NDY0"
78211,2024-10-08T06:42:50+00:00,,"בהמשך לדיווח כאן אמש 👆 👆 על הגזרה המערבית של הגבול עם לבנון, מדווח דובר צה""ל על כניסת אוגדת המילואים הראשונה (והרביעית בסה""כ) ללחימה בלבנון: אוגדת ׳המפץ׳ (146) החלה אמש (ב׳) בפעילות קרקעית ממוקדת ומתוחמת בדרום לבנון אמש (ב׳), כוחות אוגדת ׳המפץ׳ (146) בהן חטיבת ׳כרמלי’ (2) וחטיבת ׳אגרוף הברזל׳ (205) החלו בפעילות קרקעית ממוקדת ומתוחמת בגזרה המערבית של דרום לבנון נגד יעדים ותשתיות טרור של ארגון הטרור חיזבאללה, זאת לאחר כשנה שבה האוגדה ניהלה קרב הגנה בגבול הצפון-מערבי. כדי להגיב לכתבה לחצו כאן"
78214,2024-10-08T07:10:32+00:00,,"דרום לבנון: פלסטיני נתפס גונב מדירות עקורים כוחות הביטחון הלבנונים לכדו גנב, פלסטיני, שפרץ לדירות ריקות בצור, בדרום לבנון (אחרי שבעליהן נמלטו מאימת המלחמה) ושדד חפצים יקרי ערך מתוכן. כמו בעזה, גם בלבנון... פלסטינים שודדים דירות של עקורים...וזה עוד אחרי שנסראללה איבד את חייו כשהחליט להיות זירה מסייעת לפלסטינים בעזה. הפלסטיני הזה הגדיר מחדש את המונח ""כפיות טובה"". כדי להגיב לכתבה לחצו כאן"
78216,2024-10-08T07:50:21+00:00,,"צבא לבנון: כוחותינו פרוסים בכל המולדת וגם בגבול הדרומי. צבא לבנון מפרסם לפני זמן קצר כרוז בו הוא מנסה לענות לטענות של תומכי חזבאללה על כך שהוא אינו ""נלחם באויב הישראלי שפלש לשטח לבנון"". בכרוז מודיע הצבא הלבנוני שכוחותיו פרוסים גם באזור הגבול בדרום לבנון וכי הוא מבצע את משימותיו ע""פ הנחיות הדרג המדיני לשם הגנה על לבנון ועל המוסדות הצבאיים לצד מחויבותו להחלטת מועצת הביטחון של האו""ם מספר 1701. הצבא הלבנוני מציין בכרוז כי הוא אינו מעוניין להכנס לויכוח עם גורמים תקשורתיים בעלי אינטרסים פוליטיים צרים וכי הוא פועל להפסקת התוקפנות הישראלית וכן כדי לחזק את התושבים, לסייע לעקורים , לסייע בחילוץ נפגעים ובשמירה על הסדר הציבורי. ### ההתפתלות הזו של צבא לבנון מאוד מעניינת. ישראל לא תוקפת את צבא לבנון. צבא לבנון נשאר מחוץ למעגל הלחימה אבל עדיין מנסה לשמור על כבודו אף שאינו פועל צבאית נגד ""הפולש הישראלי"" שנכנס לשטח לבנון באופן גלוי ורשמי. איפה ""מגן לבנון""? איפה חזבאללה? לא מצליחים למלא את התפקיד שניכסו לעצמם ועכשיו באים להתלונן על צבא לבנון... כדי להגיב לכתבה לחצו כאן"
78217,2024-10-08T08:03:04+00:00,,"איראן: מה קרה בשמי אספהאן הלילה? מקורות איראנים דיווחו אמש, בשעת לילה מאוחרת על הדי התפוצצויות בשמי אספהאן (במחוז אספהאן אזכיר, נמצא הכור הגרעיני בנתנז). תחילה חשבו שמדובר בתקיפה, אח""כ מקורות מטעם המשטר האיראני הכחישו בכלל שאירע פיצוץ ועוד ועוד. הבוקר מפרסמת סוכנות הידיעות האיראנית פארס דיווח כי ""עצם זר ומאיר"" נצפה בשמי אספהאן והדי ההתפוצצויות נבעו מניסיונות יירוט של מערכות ההגנה האווירית האיראניות. ## אולי עב""מים החליטו לבחון את היכולות האיראניות בתחום ההגנה האווירית. אולי חסידה עם סטיקלייט... ואולי פרנויה איראנית. הכל אפשרי בימים אלה. כדי להגיב לכתבה לחצו כאן"
78218,2024-10-08T08:06:41+00:00,,"ביירות: דירה הותקפה אמש בדאחיה, על האוטוסטרדה על שם האדי נסראללה, זמן לא רב לפני הודעות הפינוי של דובר צה""ל. כך היא נראית הבוקר. זה נראה כמו ניסיון חיסול. אין פרטים נוספים. כדי להגיב לכתבה לחצו כאן"
78219,2024-10-08T08:09:51+00:00,,עוד מחורבות הדאחיה הבוקר. כדי להגיב לכתבה לחצו כאן
78220,2024-10-08T08:15:50+00:00,,"נעים קאסם, סגנו של נסראללה, צפוי לשאת דברים ב 11:30. כדי להגיב לכתבה לחצו כאן"
78221,2024-10-08T08:16:22+00:00,,"נעים קאסם, סגנו של נסראללה, צפוי לשאת דברים ב 11:30. כדי להגיב לכתבה לחצו כאן"
78222,2024-10-08T08:20:17+00:00,,שר החוץ האיראני צפוי לבקר היום בסעודיה ולאחר מכן במספר מדינות נוספות באזור כדי לדון בהתפתחויות האזוריות ולנסות לקדם דה - אסקלציה והפסקת אש. כדי להגיב לכתבה לחצו כאן
78223,2024-10-08T08:33:34+00:00,,"החל נאומו של נעים קאסם, סגנו של נסראללה. החליף תפאורה. כדי להגיב לכתבה לחצו כאן"
78224,2024-10-08T08:40:29+00:00,,"אחרי שהלל ושיבח את נסראללה נעים קאסם מדבר על ה 7.10: שנה חלפה מאז ה 7.10. זוהי תחילת השינוי של המזה""ת. זו פעולה לגיטימית ב 100%. ישראל מבקשת למחות את העם הפלסטיני ומבקשת למחות את ""ההתנגדות"". ישראל לא נלחמת. היא רוצחת. ארה""ב ואירופה שותפות מלאות לכך. כדי להגיב לכתבה לחצו כאן"
78225,2024-10-08T08:41:12+00:00,,"אחרי שהלל ושיבח את נסראללה נעים קאסם מדבר על ה 7.10: שנה חלפה מאז ה 7.10. זוהי תחילת השינוי של המזה""ת. זו פעולה לגיטימית ב 100%. ישראל מבקשת למחות את העם הפלסטיני ומבקשת למחות את ""ההתנגדות"". ישראל לא נלחמת. היא רוצחת. ארה""ב ואירופה שותפות מלאות לכך. …"
78226,2024-10-08T08:48:29+00:00,,"נעים קאסם: הצטרפנו למלחמה כדי לתמוך בעזה וכדי להגן על לבנון. ישראל רוצה להשמיד כל מי שעומד מולה. רוצה להכפיף לרצונה את כל מדינות המזה""ת. לכל מי שמפקפק בתמיכה האיראנית, איראן תקפה פעמיים את ישראל (מתקפות הטילים - א""ע) זו הוכחה שהיא תומכת בציר ההתנגדות. והיא מחליטה לתמוך באופן שהיא רואה לנכון. המערכה היא מערכת שחרור פלסטינית הציר עצמו רק מסייע אבל זו מערכה פלסטינית. ## הוא למעשה אומר: זו לא מלחמה שלנו! אנחנו רק עוזרים מהצד. זו התבטאות חשובה ואפולוגטית-זה בא לתרץ את המצב הקשה של הציר והעדר הסיוע האמיתי כעת לחמאס . כדי להגיב לכתבה לחצו כאן"
78227,2024-10-08T08:51:01+00:00,,"נעים קאסם: אנחנו פועלים לפי החלטות צבאיות שלנו שמתקבלות בשדה הקרב. יש אצל הישראלים הרס רב. (הוא שוב עונה לטענות על ""הביצועים"" של חזבאללה - א""ע) היכולות שלנו במצב טוב. לוחמינו בשטח, בשדה הקרב. כדי להגיב לכתבה לחצו כאן"
78228,2024-10-08T08:52:53+00:00,,נעים קאסם: בסקר שפרסמו בישראל התברר ש 61% מהישראלים אינם מרגישים בביטחון. ככל שתתקדם המלחמה השיעור הזה יעלה. נראה אותם עושים סקר כזה בקרב תושבי הצפון. כדי להגיב לכתבה לחצו כאן
78229,2024-10-08T08:53:17+00:00,,נעים קאסם: בסקר שפרסמו בישראל התברר ש 61% מהישראלים אינם מרגישים בביטחון. ככל שתתקדם המלחמה השיעור הזה יעלה. נראה אותם עושים סקר כזה בקרב תושבי הצפון. כדי להגיב לכתבה לחצו כאן
78230,2024-10-08T08:54:53+00:00,,נעים קאסם: אני יודע שהעקורים הלבנונים סובלים. זה חלק מההקרבה. אתם מקריבים כמו הלוחמים בשדה הקרב. זה יביא את הניצחון בעזרת האל. כדי להגיב לכתבה לחצו כאן
78339,2024-10-09T08:47:40+00:00,,"מקורות סורים: חייל סורי נהרג ואחר נפצע בתקיפה ישראלית בכיכר אלעלם בקוניטרה, בדרום סוריה. כדי להגיב לכתבה לחצו כאן"
78340,2024-10-09T08:55:42+00:00,,הגנבים והעמודים בדאחיה בביירות. כדי להגיב לכתבה לחצו כאן
78341,2024-10-09T08:59:00+00:00,,°תוכן שיווקי
78342,2024-10-09T09:00:07+00:00,,"°עוד כחודש יש בחירות בארצות הברית, ובמדינת ישראל יש מאות אלפים בעלי זכות בחירה שיכולים להשפיע על זהות נשיא ארצות הברית, להצביע לטראמפ ולרפובליקנים וכך להפוך את העולם ואת מדינת ישראל למקום טוב יותר ובטוח יותר. אם אתם מכירים בעלי זכות בחירה בארצות הברית, שלחו אליהם את ההודעה הזאת. אם יש לך זכות הצבעה, ניתן להרשם דרך אתר האינטרנט הרשמי של ארצות הברית בחמש דקות, ולהצביע עבור טראמפ בלי לצאת מהבית: https://www.fvap.gov/ צריכים עזרה בהרשמה? המתנדבים שלנו ישמחו לעזור לכם כאן בקישור ללא תשלום: https://www.republicansoverseasisrael.net/ קו חם לבעלי זכות בחירה במדינות מתנדנדות בלבד: (מישיגן, ויסקונסין, פנסילבניה, אריזונה, ג'ורג'יה, נבדה וצפון קרוליינה) https://forms.gle/PvrrejGc2HPKZ45t8 שילחו לכל בעלי זכות הבחירה בהקדם"
78343,2024-10-09T09:35:17+00:00,,"דובר צה""ל בערבית בפרסום משעשע: נסראללה שילם את מחיר התמיכה בטרור הפלסטיני כדי להגיב לכתבה לחצו כאן"
78344,2024-10-09T09:38:22+00:00,,"הלבנונים מדווחים על הרוגים ופצועים בתקיפת כטב""מ על מבנה בכפר ורדאניה בחבל השוף (דרומית לביירות וצפונית לצידון). כדי להגיב לכתבה לחצו כאן"
78347,2024-10-09T09:42:35+00:00,,"דרום לבנון: מקורות לבנוניים מדווחים שכטב""מ ישראלי תקף היום שני כלים הנדסיים שעסקו בפינוי הריסות לאחר תקיפה בכפר טיר דבא בנפת צור. כדי להגיב לכתבה לחצו כאן"
78348,2024-10-09T09:48:32+00:00,,"איראן: 39 חברי פרלמנט שיגרו מכתב ליו""ר המועצה לביטחון לאומי האיראנית בבקשה לבחון את הדוקטרינה האיראנית בסוגיית פצצה גרעינית. במכתב הם מתייחסים לכך שבפסק ההלכה של המנהיג העליון מ 2003 לפיו אין לפתח פצצה גרעינית כתוב שעניין זה עשוי להשתנות בהתאם לנסיבות. ### באיראן מתגברות הקריאות מצד האגף השמרני לפעול לפיתוח פצצה גרעינית לשם הגנה על המשטר, על רקע המצב הנוכחי באזור. כדי להגיב לכתבה לחצו כאן"
78349,2024-10-09T09:52:18+00:00,,מקורות לבנוניים: התקיפה באזור ורדאניה בהרי השוף היתה על מבנה בו שהו עקורים מדרום לבנון. ## זה רק אומר שהמודיעין ממשיך להיות מצוין (: כדי להגיב לכתבה לחצו כאן
78350,2024-10-09T09:55:55+00:00,,"דובר צה""ל:לוחמי חטיבת הצנחנים איתרו מחסן אמל""ח בעומק 7 מטר באחד הכפרים בדרום לבנון, בו הם פועלים. כדי להגיב לכתבה לחצו כאן"
78353,2024-10-09T10:03:52+00:00,,"משטרת ישראל: עדכון מחדרה - נוטרל המחבל. מדובר באירוע פח""ע . מדובר על 4 זירות שונות בהם אותרו 6 פצועי דקירה מהזירות . עפ""י החשד מהמקום נמלט חשוד על קטנוע. לפני זמן קצר השוטרים איתרו את החשוד וניטרלו אותו באמצעות ביצוע ירי. פרטים נוספים בהמשך . ### ע""פ כלי תקשורת ישראלים 2 מהפצועים במצב אנוש. כדי להגיב לכתבה לחצו כאן"
78354,2024-10-09T10:45:59+00:00,,"צה""ל מכתר את מחנה הפליטים ג'באליא ודוחף את האוכלוסייה דרומה. מקורות עזתיים מדווחים שצה""ל החל להקים סוללות עפר מסביב למחנה הפליטים ג'באליא כדי למנוע בריחת תושבים מערבה וצפונה. כמו כן הוקם לדברי העזתיים מחסום בידוק על ציר צלאח א-דין (מסומן בכחול) כאשר דרכו מבקש צה""ל להניע את האוכלוסייה דרומה. ע""פ העזתיים צה""ל משתמש במצלמות, רחפנים ואמצעי בקרה ומונע באש תנועת אוכלוסיה לאזורים אסורים. העזתיים מתלוננים: ""מחנה הפליטים ג'באליא הולך אל האבדון והאומה הערבית שותקת"". ### עושה רושם שיש שם פעולה מסוג חדש. אעדכן ככל שיעלו פרטים חדשים. ## בתמונה המצורפת נראות סוללות עפר בכיכר אבו שרח' במחנה הפליטים ג'באליא בצפון הרצועה. כדי להגיב לכתבה לחצו כאן"
78356,2024-10-09T10:57:10+00:00,,"סוכנות הידיעות העזתית שהאב מדווחת על 10 הרוגים ועוד מספר פצועים מירי הרחקה של חיילי צה""ל באזור כיכר אבו שרח' 👆 במחנה הפליטים ג'באליא בצפון הרצועה. כדי להגיב לכתבה לחצו כאן"
78357,2024-10-09T10:59:03+00:00,,°תוכן שיווקי
78358,2024-10-09T11:00:04+00:00,,"°'נופי קדמא' עץ אפרים - חוויית מגורים ייחודית בשכונה חדשה ואיכותית! שכונת מגורים עם דירות ענקיות ומרפסות הצופות לנוף מדהים בסביבת חיים ירוקה וקהילתית. מגוון דגמים ברמת גימור יוקרתית, תכנון מוקפד וסטנדרט בנייה גבוה. מפרט חכם ועשיר. בואו ליהנות מהזדמנות של פעם בחיים, ונוף לטבע ומרחבים - תנאי תשלום גמישים ונוחים - הון ראשוני מינימלי של 10% לכל הפרטים >> https://bit.ly/4grCE1A"
78359,2024-10-09T11:53:28+00:00,,"בדיוק כמו בעזה : חמושים של חזבאללה מסתתרים בין האזרחים במחסות העקורים כלי תקשורת לבנוניים מדווחים שחמושים של חזבאללה נמצאים בתוך מרכזי הקליטה לעקורים שהוקמו בלבנון ובמיוחד בביירות. ע""פ מקורות אלו האזרחים מתלוננים על הנוכחות של החמושים בקרבתם (כנראה חוששים שישראל תתקוף אותם-א""ע). עוד מדווחים מקורות אלה שהחמושים של חזבאללה מנהלים את כל התיאומים במרכזי הקליטה האזרחיים. ### העתק הדבק מעזה. הסתתרות בתוך אוכלוסיה אזרחית ושימוש בה כמגן אנושי כדי לשמור על חייהם. באותו עניין, מדווח משרד הבריאות הלבנוני כי בתקיפה הישראלית על מחסה שהכיל עקורים מדרום לבנון באזור ורדאניה 👆 נהרגו 4 אנשים ונפצעו 10. כדי להגיב לכתבה לחצו כאן"
78360,2024-10-09T11:57:28+00:00,,נקבע מותם של שני ישראלים שנפגעו מירי רקטות של חזבאללה לעבר קריית שמונה. כדי להגיב לכתבה לחצו כאן
78361,2024-10-09T12:01:36+00:00,,"ממשלת עיראק נגד ערוץ 14 ממשלת עיראק פרסמה לפני זמן קצר הודעת גינוי חריפה ורשמית בעקבות איזכור שמו של הסמכות השיעית הדתית העליונה בעולם המוסלמי - עלי סיסתאני, בן ה 94, כמועמד לחיסול בעקבות שיגורי הכטב""מים מעיראק לישראל. ממשלת עיראק פנתה בהודעה גם למזכ""ל האו""ם בדרישה לגינוי העניין. ### נגעו להם בנקודה רגישה... כדי להגיב לכתבה לחצו כאן"
