url,title,relevance,fetch_route
https://www.mako.co.il/news-business/2022_q3/Article-d8adb783d3c1281027.htm,"N12 - רשלנות רפואית? ""התקנות החדשות הן קטסטרופה""",,wayback
https://www.mako.co.il/news-business/2024_q4/Article-e63a590c89b4291027.htm,"N12 - ביבשה, באוויר ובים: ""ידידים"" הוא ארגון המתנדבים הגדול...",,wayback
https://www.mako.co.il/news-business/cactus/Article-ab3f4ed58ae2291027.htm,N12 - בחזרה לצמרת: ביטוח 9 שבה לראש הדירוג,,wayback
https://www.mako.co.il/news-business/decision_making/Article-5c0a55568d06291026.htm,N12 - ניהול סיכוני צד שלישי: חשיבות הדאטה במזעור הסיכונים,,wayback
https://www.mako.co.il/news-business/duns_100-law/Article-235ba74604cd191027.htm,"N12 - ""הדבר הבהול ביותר כעת זה לטפל בניסיונות לפגוע במערכת...",,wayback
https://www.mako.co.il/news-business/duns_100-law/Article-26fbe30ee0ff191026.htm,,,wayback
https://www.mako.co.il/news-business/duns_100-law/Article-2b6edda50613191026.htm,"N12 - צוואות הדדיות, מהי הודעת ביטול בכתב?",,wayback
https://www.mako.co.il/news-business/duns_100-law/Article-461e5937e890291026.htm,תביעת לשון הרע: תוכיח שאין לך אחות,,wayback
https://www.mako.co.il/news-business/duns_100-law/Article-4d365210f58b191026.htm,"N12 - ששי גז: ""אם פוליטיקאים יבחרו שופטים - פתרנו בעיה או...",,wayback
https://www.mako.co.il/news-business/duns_100-law/Article-4f3e377c9b32291027.htm,"N12 - ההסכם ששווה הרבה יותר מ""מיליון דולר""",,wayback
https://www.mako.co.il/news-business/duns_100-law/Article-729a9417ebd9191027.htm,N12 - הסודות מאחורי צילומי הסתר: כשהמשטרה פועלת ללא סמכות,,wayback
https://www.mako.co.il/news-business/duns_100-law/Article-a1e728112c74291027.htm,N12 - גם בזמנים קשים: אלו משרדי עורכי הדין שהובילו בתרומה...,,wayback
https://www.mako.co.il/news-business/duns_100-law/Article-c89fd157ca5e191026.htm,,,wayback
https://www.mako.co.il/news-business/duns_100-markets/Article-68301f66c554091026.htm,"N12 - המשבר הכלכלי בדרך לכיס של כולם, מה אפשר לעשות כדי לשרוד...",,wayback
https://www.mako.co.il/news-business/duns_100-markets/Article-8b17fa1e83cb191027.htm,N12 - פתרונות פיננסיים לעובדים זרים: כל מה שמעסיקים צריכים לדעת,,wayback
https://www.mako.co.il/news-business/duns_100-markets/Article-cda4b3dd3eff191026.htm,"N12 - שטיינמץ עמינח: אלו השפעות המלחמה על הדו""חות הכספיים של...",,wayback
https://www.mako.co.il/news-business/duns_100-opinions/Article-8c92445f2e0e191027.htm,"N12 - הנתונים המתעתעים בדו""ח הלמ""ס על ענף הנדל""ן",,wayback
https://www.mako.co.il/news-business/duns_100-podcasts/Article-26c85a9d2282291026.htm,N12 - ההיבטים המשפטיים של ועדי עובדים שמעסיקים ועובדים צריכים...,,wayback
https://www.mako.co.il/news-business/duns_100-podcasts/Article-d2f7adc70382291026.htm,,,wayback
https://www.mako.co.il/news-business/duns_100-podcasts/Article-e181ddaca082291026.htm,"N12 - ""כשלארגון אכפת ממך, לך אכפת מהעבודה שלך והלקוחות מקבלים...",,wayback
https://www.mako.co.il/news-business/duns_100-podcasts/Article-e4f04b91b3b6291026.htm,"מנהל בכיר, האם דאגת לזכויות שמגיעות לך בעבודה?",,wayback
https://www.mako.co.il/news-business/duns_100-podcasts/Article-ef7b02838282291026.htm,"N12 - זה מה שחשוב להכיר בהסכמי שיתוף בנדל""ן",,wayback
https://www.mako.co.il/news-business/duns_100-podcasts/Article-fdcd2e9c50b6291026.htm,"N12 - מהמתים לחיים - מהזרע לתינוק, אתגרי 7 באוקטובר",,wayback
https://www.mako.co.il/news-business/duns_100-realestate/Article-0ba80d9b8489191026.htm,,,wayback
https://www.mako.co.il/news-business/duns_100-realestate/Article-27457a58b692291027.htm,N12 - פינוי בינוי בצל המלחמה: איך להגשים את חלום הדירה...,,wayback
https://www.mako.co.il/news-business/duns_100-realestate/Article-ad9db6c30b84291027.htm,N12 - שינויים בתקנות מס רכישה לעולים חדשים - האמנם יש על מה...,,wayback
https://www.mako.co.il/news-business/duns_100-realestate/Article-b4fd34894d72291027.htm,,,wayback
https://www.mako.co.il/news-business/duns_100-realestate/Article-b5ae33cb2274291026.htm,,,wayback
https://www.mako.co.il/news-business/duns_100-realestate/Article-bee73428dbd2291027.htm,N12 - מהם הטרנדים החמים של השנים 2025-2024 בשוק דלתות הפנים...,,wayback
https://www.mako.co.il/news-business/duns_100-realestate/Article-bfa0735e10bf191027.htm,"N12 - ""לא סגרנו אף אתר, אפילו הרחבנו את הפעילות שלנו""",,wayback
https://www.mako.co.il/news-business/duns_100-realestate/Article-e49d6bccaf47681026.htm,,,wayback
https://www.mako.co.il/news-business/duns_100-tech/Article-204f6bab947ad81026.htm,N12 - הגנה על מותגים באונליין,,wayback
https://www.mako.co.il/news-business/duns_100-tech/Article-46374bb90a8df81026.htm,,,wayback
https://www.mako.co.il/news-business/duns_100-tech/Article-71ff55cfc018f81027.htm,,,wayback
https://www.mako.co.il/news-business/duns_100-tech/Article-a3f6463cb4f5d81026.htm,פיתוח DNA ארגוני: יוצרים בידול וייחודיות כאמצעי לצמיחה עסקית | N12,,wayback
https://www.mako.co.il/news-business/duns_100-tech/Article-c217c9aabd01091026.htm,סטארטאפים בתחום הרפואה - כך תפרצו לשוק האמריקאי | N12,,wayback
https://www.mako.co.il/news-business/duns_100-tv/Article-114ff6ead192291027.htm,N12 - חברת הסייבר ששמה את ההון האנושי במרכז,,wayback
https://www.mako.co.il/news-business/duns_100-tv/Article-577e7732f819091026.htm,N12 - סיפור של אנשים: חברת ההתחדשות העירונית שמשנה את פניה של...,,wayback
https://www.mako.co.il/news-business/duns_100-tv/Article-7afbb8d95096091027.htm,N12 - כך מובילים הצלחה בהתחדשות עירונית,,wayback
https://www.mako.co.il/news-business/duns_100-tv/Article-7e49004229ad091026.htm,N12 - התחדשות עירונית בבני ברק: החברה שמלווה בעלי דירות לאורך...,,wayback
https://www.mako.co.il/news-business/hi_tech/Article-0c2ecc39a300291026.htm,N12 - השביתה בבואינג: הצדדים לא הגיעו להסכמות; בחברה החלו...,,wayback
https://www.mako.co.il/news-business/hi_tech/Article-1767727edd5f191026.htm,N12 - המשבר שמסעיר את עולם הגיימינג: כל צוות Annapurna...,,wayback
https://www.mako.co.il/news-business/hi_tech/Article-24c98e052b67d71027.htm,N12 - השיקו מוצר לפני חצי שנה ונמכרו בעשרות מיליוני דולרים,,wayback
https://www.mako.co.il/news-business/hi_tech/Article-38547f1e0d39191027.htm,N12 - מאנדיי: הגענו להכנסה שנתית חוזרת של כמיליארד דולר,,wayback
https://www.mako.co.il/news-business/hi_tech/Article-62f46fe73742291026.htm,N12 - שיתוף פעולה בין רותי ברודו ל-GreenOnyx: הירק החדש...,,wayback
https://www.mako.co.il/news-business/hi_tech/Article-80ce9f2b6640291026.htm,"N12 - שיכון ובינוי נכנסת לשוק טעינת הרכבים: חתמה על שת""פ עם...",,wayback
https://www.mako.co.il/news-business/hi_tech/Article-944410496d98191027.htm,"N12 - נאס""א: החזרת האסטרונאוטים בחללית של בואינג מסוכנת,...",,wayback
https://www.mako.co.il/news-business/markets/Article-395945f55da4191026.htm,"N12 - בדרך למיתון? המניות של ""7 המופלאות"" בוול סטריט צנחו...",,wayback
https://www.mako.co.il/news-business/markets/Article-3cec7f94970e191026.htm,N12 - חברת ה-Fintech של ניר צוק ואלדד תמיר נכנסת לשוק...,,wayback
https://www.mako.co.il/news-business/markets/Article-bb0028365688191027.htm,N12 - מי מצליח דווקא עכשיו להוריד את הריבית?,,wayback
https://www.mako.co.il/news-business/markets/Article-e6075fe88fc9191026.htm,"N12 - הבנקים המרכזיים בעולם מאותתים על הורדת ריביות, ישראל...",,wayback
https://www.mako.co.il/news-business/meida-success_stories/Article-58f28ad55f3c191027.htm,"N12 - סיפורה של מנכ""לית הקבוצה שמספקת לצה""ל כלים כבדים",,wayback
https://www.mako.co.il/news-business/news/Article-0c2ecc39a300291026.htm,N12 - השביתה בבואינג: הצדדים לא הגיעו להסכמות; בחברה החלו...,,wayback
https://www.mako.co.il/news-business/news/Article-303156bd00e1291026.htm,"N12 - גלי הפיטורים של 2024 לא פוסחים על הגדולות, והסוף לא...",,wayback
https://www.mako.co.il/news-business/news/Article-3cec7f94970e191026.htm,N12 - חברת ה-Fintech של ניר צוק ואלדד תמיר נכנסת לשוק...,,wayback
https://www.mako.co.il/news-business/news/Article-46ecb25d3078e71027.htm,N12 - פרויקט הענן הענק של הממשלה: הקרב מאחורי הקלעים על נימבוס,,wayback
https://www.mako.co.il/news-business/news/Article-b1a76d710dbf781026.htm,N12 - סונול השיקה תחנת תדלוק במימן במפרץ חיפה,,wayback
https://www.mako.co.il/news-business/news/Article-cb7fb0f0c190291026.htm,N12 - אחרי פיצוץ מכשירי הקשר: המנייה של היצרנית היפנית מתחזקת,related,wayback
https://www.mako.co.il/news-business/realestate/Article-346e25404fc3291026.htm,N12 - שותפים חדשים בקנדה גלובל: אדם נוימן ואסף רפפורט נכנסו...,,wayback
https://www.mako.co.il/news-channel12/channel_12_newscast-2020/11-04/Article-804f864a8b49571027.htm,N12 - פספסתם? המהדורה המרכזית המלאה - 4.11.2020,,wayback
https://www.mako.co.il/news-channel12/channel_12_newscast-2020/11-12/Article-683abd6b0cdb571027.htm,N12 - פספסתם? המהדורה המרכזית המלאה 12.11.2020,,wayback
https://www.mako.co.il/news-channel12/channel_12_newscast-2021/09-28/Article-8d396a6547d2c71027.htm,N12 - פספסתם? מהדורת צאת החג המלאה - 28.9.2021,,wayback
https://www.mako.co.il/news-channel12/channel_12_newscast-2022/01-10/Article-b44703c03554e71026.htm,N12 - המהדורה המרכזית - 10.1.2022,,wayback
https://www.mako.co.il/news-channel12/channel_12_newscast-2022/05-26/Article-6a32c53f1810181026.htm,N12 - פספסתם? המהדורה המרכזית - 26.05.22,,wayback
https://www.mako.co.il/news-channel12/channel_12_newscast-2022/06-16/Article-03b78ad458d6181027.htm,N12 - פספסתם? המהדורה המרכזית - 16.6.2022,,wayback
https://www.mako.co.il/news-channel12/channel_12_newscast/Article-9d108d3d4f8ae61027.htm,N12 - המהדורה המרכזית המלאה - 26.11.2019,,wayback
https://www.mako.co.il/news-channel12/channel_12_newscast/Article-b252ccf35ae5771027.htm,N12 - פספסתם? המהדורה המרכזית המלאה - 1.2.2021,,wayback
https://www.mako.co.il/news-channel12/full_edition-2022/07/Article-699f66858b04281027.htm,N12 - המהדורה המרכזית המלאה - 27.7.2022,,wayback
https://www.mako.co.il/news-channel12/full_edition-2022/07/Article-bc5f69d272d0281026.htm,N12 - המהדורה המרכזית המלאה - 17.7.2022,,wayback
https://www.mako.co.il/news-channel12/newsflash-3d97719af0cfc610/12-15/Article-ae7da1067ac0f61027.htm,N12 - מבזק חצות: הפריימריז לראשות הליכוד,,wayback
https://www.mako.co.il/news-channel12/newsflash/Article-adc3c9f6ca42271026.htm,N12 - מבזק חצות: ליצמן נגד בר סימן טוב,,wayback
https://www.mako.co.il/news-channel12/weekend_newscast-2022/01-15/Article-abc427dab0f5e71027.htm,N12 - פספסתם? חדשות סוף השבוע - 15.1.2022,,wayback
https://www.mako.co.il/news-channel2/Channel-2-Newscast-2019_q4/Article-5883078fce81e61027.htm,N12 - המהדורה המרכזית המלאה - 29.10.2019,,wayback
https://www.mako.co.il/news-channel2/Channel-2-Newscast-q1_2016/Article-70aaa5f88750351004.htm,N12 - המהדורה המרכזית המלאה - 21.2.16,,wayback
https://www.mako.co.il/news-channel2/Channel-2-Newscast-q1_2016/Article-9ed674415714251004.htm,N12 - השתול בארגון השמאל נחשף,,wayback
https://www.mako.co.il/news-channel2/Channel-2-Newscast-q1_2018/Article-2e5879771c36261004.htm,N12 - המהדורה המרכזית המלאה - 26.03,,wayback
https://www.mako.co.il/news-channel2/Channel-2-Newscast-q2_2015/Article-62bd6a14523dc41004.htm,N12 - המהדורה המרכזית המלאה - 19.4,,wayback
https://www.mako.co.il/news-channel2/Channel-2-Newscast-q2_2015/Article-f875f8e7c81ec41004.htm,"N12 - התיעוד האחרון של ""צוות פז""",,wayback
https://www.mako.co.il/news-channel2/Channel-2-Newscast-q2_2019/Article-2b7712dbca24b61027.htm,N12 - גל הטביעות ברחבי הארץ,,wayback
https://www.mako.co.il/news-channel2/Channel-2-Newscast-q3_2019/Article-3bf5c3a8e967f51006.htm,N12 - ערוץ 12 צפייה ישירה לייב,,wayback
https://www.mako.co.il/news-channel2/Channel-2-Newscast-q4_2015/Article-301e26977c45151004.htm,N12 - פרסום ראשון: הצוות שיבחן סרטים על הנכבה,,wayback
https://www.mako.co.il/news-channel2/Channel-2-Newscast-q4_2015/Article-d562bc09895d151004.htm,N12 - נסגר התיק נגד ניצב רוני ריטמן,,wayback
https://www.mako.co.il/news-channel2/Channel-2-Newscast-q4_2016/Article-43c88618f70d851004.htm,N12 - מסר מהאופוזיציה הסורית לישראל,,wayback
https://www.mako.co.il/news-channel2/Channel-2-Newscast/Article-00882c4c648dd21004.htm,N12 - שנת מאסר נגזרה על ג'קי מצא,,wayback
https://www.mako.co.il/news-channel2/Channel-2-Newscast/Article-048e37709356521004.htm,N12 - זוג החברים נהרג יחד בתאונה,,wayback
https://www.mako.co.il/news-channel2/Channel-2-Newscast/Article-08724ab98499c21004.htm,N12 - המהדורה המרכזית המלאה,,wayback
https://www.mako.co.il/news-channel2/Channel-2-Newscast/Article-0a98d4f21514e11006.htm,N12 - האסון בדרום: מפנים את האוטובוס,,wayback
https://www.mako.co.il/news-channel2/Channel-2-Newscast/Article-0cee3e8875f9f11004.htm,N12 - תיעוד מזעזע: המטפלת מתעללת בחולה,,wayback
https://www.mako.co.il/news-channel2/Channel-2-Newscast/Article-0d28518c06fdd11004.htm,N12 - אולמרט: לא מתכוון ללכת,,wayback
https://www.mako.co.il/news-channel2/Channel-2-Newscast/Article-115c4a8562a9621004.htm,N12 - שר החוץ מעורר סערה פוליטית עם איומיו על סוריה,,wayback
https://www.mako.co.il/news-channel2/Channel-2-Newscast/Article-11e0c1c452e4f31004.htm,N12 - הקבינט מחריף את המאבק בתג מחיר,,wayback
https://www.mako.co.il/news-channel2/Channel-2-Newscast/Article-120be070f964521004.htm,N12 - מול המצלמה: בן 14 ניסה לאנוס נערה עם פטיש,,wayback
https://www.mako.co.il/news-channel2/Channel-2-Newscast/Article-12c58b600fb3e11006.htm,N12 - תחזית מזג האוויר,,wayback
https://www.mako.co.il/news-channel2/Channel-2-Newscast/Article-132cfefbe8e8d31004.htm,N12 - תחזית מזג האוויר,,wayback
https://www.mako.co.il/news-channel2/Channel-2-Newscast/Article-13c23936fa0f331017.htm,N12 - רופאו של מייקל ג'קסון ייכנס לכלא,,wayback
https://www.mako.co.il/news-channel2/Channel-2-Newscast/Article-1462775eeccfc11004.htm,N12 - טרגדיה בי-ם: סבתא נהרגה ביום בו נולד נכדה,,wayback
https://www.mako.co.il/news-channel2/Channel-2-Newscast/Article-14e89db386e6041004.htm,N12 - כותרות המהדורה המרכזית - 11.8,,wayback
https://www.mako.co.il/news-channel2/Channel-2-Newscast/Article-14e8de2c9becf31004.htm,N12 - כותרות המהדורה המרכזית - 11.7,,wayback
https://www.mako.co.il/news-channel2/Channel-2-Newscast/Article-15cefccd1000d21004.htm,N12 - אל-על: מנות גורמה של השף שגב משה,,wayback
https://www.mako.co.il/news-channel2/Channel-2-Newscast/Article-15e68c9702b5c21004.htm,N12 - איפה עדיין אפשר לקנות בית על הים?,,wayback
https://www.mako.co.il/news-channel2/Channel-2-Newscast/Article-1616b4596595421004.htm,N12 - מארי פיזם מנסה להתגונן במשפט,,wayback
https://www.mako.co.il/news-channel2/Channel-2-Newscast/Article-16b679539029d11004.htm,N12 - נאשם בעבירות מין מתפלל במקום בו ביצע את העבירות,,wayback
https://www.mako.co.il/news-channel2/Channel-2-Newscast/Article-17d2f19f363aa21004.htm,N12 - המהדורה המרכזית המלאה,,wayback
https://www.mako.co.il/news-channel2/Channel-2-Newscast/Article-18065edb4322e11004.htm,"N12 - באו""ם חובטים בישראל",,wayback
https://www.mako.co.il/news-channel2/Channel-2-Newscast/Article-1a1bdb36cea1021004.htm,N12 - מי זכה באליפות הארצית בבניית רובוטים?,,wayback
https://www.mako.co.il/news-channel2/Channel-2-Newscast/Article-1a680d14e0fbd21004.htm,N12 - המהדורה המרכזית המלאה,,wayback
https://www.mako.co.il/news-channel2/Channel-2-Newscast/Article-1a6fcdaf103ce31004.htm,N12 - מה הוביל את הרוצח לנקמה הקטלנית?,,wayback
https://www.mako.co.il/news-channel2/Channel-2-Newscast/Article-1bd463df26a2f31004.htm,N12 - המהדורה המרכזית המלאה - 9.6,,wayback
https://www.mako.co.il/news-channel2/Channel-2-Newscast/Article-1e840bd9ee1b821004.htm,N12 - צפו במהדורה המרכזית המלאה,,wayback
https://www.mako.co.il/news-channel2/Channel-2-Newscast/Article-1e90e87bf8a7c21004.htm,N12 - המהדורה המרכזית המלאה,,wayback
https://www.mako.co.il/news-channel2/Channel-2-Newscast/Article-2029714a35f2831018.htm,N12 - איברהים חאמד הורשע ב-46 מעשי רצח,,wayback
https://www.mako.co.il/news-channel2/Channel-2-Newscast/Article-219a7c3c0de5231017.htm,N12 - אבל כבד על מות יולי עופר,,wayback
https://www.mako.co.il/news-channel2/Channel-2-Newscast/Article-22bfa03284df721004.htm,N12 - לופוליאנסקי נעצר בחשד לקבלת שוחד,,wayback
https://www.mako.co.il/news-channel2/Channel-2-Newscast/Article-235ecabfd5ecc11004.htm,"N12 - לבני ממשיכה במו""מ הקואלציוני",,wayback
https://www.mako.co.il/news-channel2/Channel-2-Newscast/Article-23f1961a1eb1c31004.htm,N12 - 3 נהרגו בתאונת דרכים בדרך לי-ם,,wayback
https://www.mako.co.il/news-channel2/Channel-2-Newscast/Article-26f094e41002021004.htm,N12 - ויטה פרי גליל שוב בסכנת סגירה,,wayback
https://www.mako.co.il/news-channel2/Channel-2-Newscast/Article-278be94a2583f11004.htm,N12 - צעירים שיכורים היכו אדם מבוגר,,wayback
https://www.mako.co.il/news-channel2/Channel-2-Newscast/Article-28a0805ae526f11004.htm,N12 - משדר הבחירות המרכזי - חלק 4,,wayback
https://www.mako.co.il/news-channel2/Channel-2-Newscast/Article-28ca3b692c6d331017.htm,"N12 - פיוס פלסטיני: ""פתחנו דף חדש""",,wayback
https://www.mako.co.il/news-channel2/Channel-2-Newscast/Article-292ab6a876cda31004.htm,N12 - כותרות המהדורה המרכזית - 7.11,,wayback
https://www.mako.co.il/news-channel2/Channel-2-Newscast/Article-2a84067759e0731018.htm,N12 - הפעוטה החולה נאבקת על חייה,,wayback
https://www.mako.co.il/news-channel2/Channel-2-Newscast/Article-2b2390236d12d31004.htm,N12 - חקירה נגד השופט החשוד בהכאת ילדיו,,wayback
https://www.mako.co.il/news-channel2/Channel-2-Newscast/Article-2b4d7b4cda46f21004.htm,"N12 - ארה""ב: מגדל הפיקוח אינו עונה",,wayback
https://www.mako.co.il/news-channel2/Channel-2-Newscast/Article-2dbd3b445c5d741004.htm,N12 - מטבח מלוכלך ובשר מקולקל בחתונה,,wayback
https://www.mako.co.il/news-channel2/Channel-2-Newscast/Article-2e3aaca8c511531018.htm,N12 - אותרו הנהג הדורס והמכונית הפוגעת,,wayback
https://www.mako.co.il/news-channel2/Channel-2-Newscast/Article-2f4624bb60d8931017.htm,N12 - כותרות המהדורה המרכזית,,wayback
https://www.mako.co.il/news-channel2/Channel-2-Newscast/Article-2faa887914b5141004.htm,"N12 - אסד עולה למתקפה: ""ביישנו את הממשל האמריקני""",,wayback
https://www.mako.co.il/news-channel2/Channel-2-Newscast/Article-2faecb552fe3021004.htm,N12 - מלחמת הגרסאות בצמרת המשטרה,,wayback
https://www.mako.co.il/news-channel2/Channel-2-Newscast/Article-2fea978f58e1f11004.htm,"N12 - חשיפה: במשטרה שוקלים להבריח לחו""ל קצין מאוים",,wayback
https://www.mako.co.il/news-channel2/Channel-2-Newscast/Article-3078be8efa32f11004.htm,N12 - תושבי שדרות: אמרנו לכם,,wayback
https://www.mako.co.il/news-channel2/Channel-2-Newscast/Article-30cb2db62aa0d11006.htm,N12 - דרכו האחרונה של דג החרב הענק,,wayback
https://www.mako.co.il/news-channel2/Channel-2-Newscast/Article-31db4634ff8fd11004.htm,N12 - הסיבה שאחרתם היום לפגישה,,wayback
https://www.mako.co.il/news-channel2/Channel-2-Newscast/Article-3339cba65530e11006.htm,,,wayback
https://www.mako.co.il/news-channel2/Channel-2-Newscast/Article-388445b95383f11004.htm,N12 - רפיח: ממשיכים לשפץ את המנהרות,,wayback
https://www.mako.co.il/news-channel2/Channel-2-Newscast/Article-3a496a7adb4af11004.htm,N12 - תחזית מזג האוויר,,wayback
https://www.mako.co.il/news-channel2/Channel-2-Newscast/Article-3b3afccd1000d21004.htm,N12 - ה-MTV מציג: כך גונבים רכב בישראל,,wayback
https://www.mako.co.il/news-channel2/Channel-2-Newscast/Article-3ca8542a4533d21004.htm,N12 - משה קצב: עבריין או זכאי?,,wayback
https://www.mako.co.il/news-channel2/Channel-2-Newscast/Article-3e528f9ef9b6f11004.htm,N12 - איזה תיק יקבל ליברמן?,,wayback
https://www.mako.co.il/news-channel2/Channel-2-Newscast/Article-41695ea9e574731018.htm,N12 - מצלמות הרמזור הפכו גם למצלמות מהירות,,wayback
https://www.mako.co.il/news-channel2/Channel-2-Newscast/Article-418af6c491d8e21004.htm,N12 - המהדורה המרכזית המלאה,,wayback
https://www.mako.co.il/news-channel2/Channel-2-Newscast/Article-425918b2968ae11006.htm,"N12 - מילואימניקים: ""הגיע הזמן להיכנס""",,wayback
https://www.mako.co.il/news-channel2/Channel-2-Newscast/Article-45c0d86a2d21e11004.htm,N12 - הודו: נחשפות תמונות ממלון טאג',,wayback
https://www.mako.co.il/news-channel2/Channel-2-Newscast/Article-4686badf9d44d11006.htm,N12 - חיפה בוחרת ראש עיר,,wayback
https://www.mako.co.il/news-channel2/Channel-2-Newscast/Article-481a978f58e1f11004.htm,"N12 - בחירות 2009: ש""ס בכותרות, קדימה בלחץ",,wayback
https://www.mako.co.il/news-channel2/Channel-2-Newscast/Article-4873cafd7f46e11004.htm,N12 - כותרות המהדורה המרכזית,,wayback
https://www.mako.co.il/news-channel2/Channel-2-Newscast/Article-4a4b772c2de2a21004.htm,N12 - מה עושים עם הילדים עד סוף החופש?,,wayback
https://www.mako.co.il/news-channel2/Channel-2-Newscast/Article-4b7778b00b33321004.htm,N12 - האמריקנים נגד המכנס של מישל,,wayback
https://www.mako.co.il/news-channel2/Channel-2-Newscast/Article-4b7c75b6e885021004.htm,N12 - אלופת הפילאטיס הגיעה לישראל,,wayback
https://www.mako.co.il/news-channel2/Channel-2-Newscast/Article-4f262f82fcecc11004.htm,N12 - דפש-מוד בדרך לישראל,,wayback
https://www.mako.co.il/news-channel2/Channel-2-Newscast/Article-4f930f1d8c2be11004.htm,N12 - צ'אבס מגרש את השגריר,,wayback
https://www.mako.co.il/news-channel2/Channel-2-Newscast/Article-5220361fb07ce11004.htm,N12 - המבצע בעזה: הפגנות ברחבי העולם,,wayback
https://www.mako.co.il/news-channel2/Channel-2-Newscast/Article-5a7705960e9e421004.htm,N12 - מזוז שוב תוקף את שר המשפטים,,wayback
https://www.mako.co.il/news-channel2/Channel-2-Newscast/Article-5b2e99b76dffe11004.htm,N12 - מפקד אוג' עזה: שליט לא היה יעד,,wayback
https://www.mako.co.il/news-channel2/Channel-2-Newscast/Article-5e2d011cc522e11004.htm,N12 - נצרת: דיסקוטק על כביש מהיר,,wayback
https://www.mako.co.il/news-channel2/Channel-2-Newscast/Article-5ecedbb40cf0a21004.htm,N12 - פרחאן: יש לי מידע על מג'די חלבי,,wayback
https://www.mako.co.il/news-channel2/Channel-2-Newscast/Article-63c9d0254e2bc11004.htm,"N12 - יו""ר קדימה ציפי לבני מביעה רצון גדול כי מפלגת מרצ תהייה...",,wayback
https://www.mako.co.il/news-channel2/Channel-2-Newscast/Article-64d5645540d8421004.htm,N12 - הטיול השנתי הפך לחגיגת מין,,wayback
https://www.mako.co.il/news-channel2/Channel-2-Newscast/Article-6e77ef385a24f11004.htm,N12 - תחזית מזג האוויר,,wayback
https://www.mako.co.il/news-channel2/Channel-2-Newscast/Article-73d43e8875f9f11004.htm,N12 - בגלל המשבר: טקס האוסקר יהיה צנוע יחסית,,wayback
https://www.mako.co.il/news-channel2/Channel-2-Newscast/Article-78b8d6093a78d11004.htm,N12 - אולמרט מדבר פוליטיקה ביום הזיכרון לרצח רבין,,wayback
https://www.mako.co.il/news-channel2/Channel-2-Newscast/Article-7a01bac3d04bf11004.htm,N12 - יוסי ילד שלי מוצלח,,wayback
https://www.mako.co.il/news-channel2/Channel-2-Newscast/Article-7bd1a3b5fbc8d11004.htm,N12 - כותרות המהדורה המרכזית,,wayback
https://www.mako.co.il/news-channel2/Channel-2-Newscast/Article-7f8b310f89acd11006.htm,N12 - הנושא החם בפוליטיקה: כלכלה,,wayback
https://www.mako.co.il/news-channel2/Channel-2-Newscast/Article-82eaaf97983dc11006.htm,N12 - המתנה של אולמרט לרוסיה: חצר בירושלים,,wayback
https://www.mako.co.il/news-channel2/Channel-2-Newscast/Article-8359a27b4f60d11006.htm,N12 - יום אדום על מסכי הבורסה בעולם,,wayback
https://www.mako.co.il/news-channel2/Channel-2-Newscast/Article-843facb94a6ad11006.htm,N12 - הזיגזג של עמי אילון,,wayback
https://www.mako.co.il/news-channel2/Channel-2-Newscast/Article-8833a8a6b562d11004.htm,"N12 - ה""היי סקול"" מכה בפעם השלישית",,wayback
https://www.mako.co.il/news-channel2/Channel-2-Newscast/Article-8a60e7dc4031e11004.htm,N12 - אש ברחבי יוון,,wayback
https://www.mako.co.il/news-channel2/Channel-2-Newscast/Article-8e6027fe13bbd11006.htm,"N12 - סערה בבורסה בת""א",,wayback
https://www.mako.co.il/news-channel2/Channel-2-Newscast/Article-8f611a6dfc10d11004.htm,N12 - עושים כבוד פול שרדר,,wayback
https://www.mako.co.il/news-channel2/Channel-2-Newscast/Article-9016e41d1524f11004.htm,N12 - המהדורה המוקדמת עם יונית לוי - חלק א',,wayback
https://www.mako.co.il/news-channel2/Channel-2-Newscast/Article-90c09ce7e0bee11004.htm,N12 - תיעוד מיוחד: יומן מילואים,,wayback
https://www.mako.co.il/news-channel2/Channel-2-Newscast/Article-94ecf75e8633f11006.htm,N12 - מהדורה מוקדמת: חלק 2,,wayback
https://www.mako.co.il/news-channel2/Channel-2-Newscast/Article-9661d71fab28231017.htm,N12 - החבר של ההרוגה פונה לדורסים,,wayback
https://www.mako.co.il/news-channel2/Channel-2-Newscast/Article-980a9db918faa21004.htm,"N12 - החשוד למפתה: ""שהרב ייגע לך בחזה""",,wayback
https://www.mako.co.il/news-channel2/Channel-2-Newscast/Article-992ffc34e74f121004.htm,"N12 - מג""ב: משפילים ומתעדים",,wayback
https://www.mako.co.il/news-channel2/Channel-2-Newscast/Article-9bbfadab4d9eb21004.htm,N12 - הסחורה הכי חמה בשוק: חנוכיות,,wayback
https://www.mako.co.il/news-channel2/Channel-2-Newscast/Article-9bf196db364de21004.htm,N12 - מהומות נגד השלטון בסוריה,,wayback
https://www.mako.co.il/news-channel2/Channel-2-Newscast/Article-9c0e50b27925431017.htm,N12 - מי מנסה לסחוט את הרב פינטו?,,wayback
https://www.mako.co.il/news-channel2/Channel-2-Newscast/Article-9cf18510ba81921004.htm,N12 - עמית קדוש מחלימה ומגשימה חלום,,wayback
https://www.mako.co.il/news-channel2/Channel-2-Newscast/Article-9d1afa743062721004.htm,N12 - המהדורה המרכזית במלואה,,wayback
https://www.mako.co.il/news-channel2/Channel-2-Newscast/Article-9d6fbc07591e031004.htm,N12 - צפו: כך ביזו פעילי ימין את שר המשפטים בחברון,,wayback
https://www.mako.co.il/news-channel2/Channel-2-Newscast/Article-9e634c4acd36931017.htm,N12 - כותרות המהדורה המרכזית,,wayback
https://www.mako.co.il/news-channel2/Channel-2-Newscast/Article-9e7cfa58820db21004.htm,N12 - נכדו של המרגל אלי כהן התחתן,,wayback
https://www.mako.co.il/news-channel2/Channel-2-Newscast/Article-9eac3f62cb03741004.htm,N12 - כותרות המהדורה המרכזית - 13.7,,wayback
https://www.mako.co.il/news-channel2/Channel-2-Newscast/Article-9fd2a1dcfc2ec11004.htm,"N12 - המו""מ הקואליציוני מתחדש",,wayback
https://www.mako.co.il/news-channel2/Channel-2-Newscast/Article-a05a3d901c60531018.htm,N12 - זביידי נעצר ושוחרר במסתוריות,,wayback
https://www.mako.co.il/news-channel2/Channel-2-Newscast/Article-a3ba1fd08088b21004.htm,N12 - ברח לפני 3 ימים מהמשטרה - ונעלם,,wayback
https://www.mako.co.il/news-channel2/Channel-2-Newscast/Article-a56e496fb0e2e31004.htm,"N12 - אריתראי חבט בראשו של ח""כ שטרן",,wayback
https://www.mako.co.il/news-channel2/Channel-2-Newscast/Article-a6251738d34e341004.htm,N12 - כותרות המהדורה המרכזית - 30.1,,wayback
https://www.mako.co.il/news-channel2/Channel-2-Newscast/Article-a6905a501bdbe31004.htm,N12 - כותרות המהדורה המרכזית - 19.5,,wayback
https://www.mako.co.il/news-channel2/Channel-2-Newscast/Article-ad1188e427fdd11004.htm,N12 - חיים מקבילים – שדרות מול עזה,,wayback
https://www.mako.co.il/news-channel2/Channel-2-Newscast/Article-ae86dae8a758f11004.htm,N12 - האירנים רוצים סוללות רוסיות,,wayback
https://www.mako.co.il/news-channel2/Channel-2-Newscast/Article-af6feafe7391f11004.htm,N12 - המהדורה המוקדמת: חלק 2,,wayback
https://www.mako.co.il/news-channel2/Channel-2-Newscast/Article-b0a87748ce44d11006.htm,N12 - על מה כבר מותר לדבר בטלוויזיה הערבית?,,wayback
https://www.mako.co.il/news-channel2/Channel-2-Newscast/Article-bd86a227f67be11004.htm,N12 - המהדורה המוקדמת,,wayback
https://www.mako.co.il/news-channel2/Channel-2-Newscast/Article-bf6e1cc6a4b4e11004.htm,N12 - גם בעזה מתכוננים,,wayback
https://www.mako.co.il/news-channel2/Channel-2-Newscast/Article-c1fee1e3726dd31004.htm,N12 - ריב השכנים שגלש לאלימות: מכות בבניין בעפולה,,wayback
https://www.mako.co.il/news-channel2/Channel-2-Newscast/Article-c2b3997d3e7c731018.htm,N12 - חיי התאומות ניצלו בתוך רחם האם,,wayback
https://www.mako.co.il/news-channel2/Channel-2-Newscast/Article-c2d313bdb10db21004.htm,"N12 - מנכ""לית פורום תקנה: ""מקורבי הרב אלון איימו על חיי""",,wayback
https://www.mako.co.il/news-channel2/Channel-2-Newscast/Article-c3f37aa62701021004.htm,N12 - האם יש עסקה לשיחרור שליט?,,wayback
https://www.mako.co.il/news-channel2/Channel-2-Newscast/Article-c49fc0486aaac11004.htm,N12 - מאיר אברג'יל יישאר במעצר,,wayback
https://www.mako.co.il/news-channel2/Channel-2-Newscast/Article-c574a76b3377021004.htm,N12 - תיעוד: שחזור רצח נהג המונית,,wayback
https://www.mako.co.il/news-channel2/Channel-2-Newscast/Article-c5acf7e8bbcfc11004.htm,"N12 - הבורסה בת""א משנה כיוון",,wayback
https://www.mako.co.il/news-channel2/Channel-2-Newscast/Article-c5d7b4685633d21004.htm,N12 - כל הפרטים על ביזת המרמרה,,wayback
https://www.mako.co.il/news-channel2/Channel-2-Newscast/Article-c5ffeec51375f11004.htm,N12 - כותרות המהדורה המרכזית,,wayback
https://www.mako.co.il/news-channel2/Channel-2-Newscast/Article-c6dfee61363b731018.htm,N12 - לא ניתן חוקית לגרש המסתננים,,wayback
https://www.mako.co.il/news-channel2/Channel-2-Newscast/Article-c75285fd8bdcf11004.htm,"N12 - חברת ""קדישא"" מאמצת פתרונות יצירתיים",,wayback
https://www.mako.co.il/news-channel2/Channel-2-Newscast/Article-c77901dfa60fe11004.htm,N12 - זה לא נעים לראות גן סגור,,wayback
https://www.mako.co.il/news-channel2/Channel-2-Newscast/Article-c8bd41d9d2b3121004.htm,N12 - סיור ראשון בכפר האולימפי הנבנה בלונדון,,wayback
https://www.mako.co.il/news-channel2/Channel-2-Newscast/Article-ca40a13ff5d6721004.htm,N12 - בבודפשט חוקרים מי חיסל את האזרח הסורי,,wayback
https://www.mako.co.il/news-channel2/Channel-2-Newscast/Article-cbca61b229fb021004.htm,N12 - יום השואה: ניצולים ופרטיזנים נפגשו עם מפקדים בחיל האוויר,,wayback
https://www.mako.co.il/news-channel2/Channel-2-Newscast/Article-cbecbe7f7b6c821004.htm,N12 - המהדורה המרכזית המלאה,,wayback
https://www.mako.co.il/news-channel2/Channel-2-Newscast/Article-cbfad2f549d8741004.htm,N12 - כותרות המהדורה המרכזית - 31.7,,wayback
https://www.mako.co.il/news-channel2/Channel-2-Newscast/Article-cdab3d0f5d86d11006.htm,N12 - עדיין מאמינים בתיאוריית הקונספרציה,,wayback
https://www.mako.co.il/news-channel2/Channel-2-Newscast/Article-cdcf4af5037d921004.htm,N12 - האם התלוננה – המורה תבעה אותה,,wayback
https://www.mako.co.il/news-channel2/Channel-2-Newscast/Article-ce8888182ad8821004.htm,N12 - הקטיושות נעלמו מקריית שמונה ואיתן נעלמה גם התקווה,,wayback
https://www.mako.co.il/news-channel2/Channel-2-Newscast/Article-ce8dac678000621004.htm,N12 - ציידי המוחות מגיעים לישראל,,wayback
https://www.mako.co.il/news-channel2/Channel-2-Newscast/Article-ceae229a7c17b31004.htm,"N12 - ""בנייה בהתנחלויות תחלק את הרשות""",,wayback
https://www.mako.co.il/news-channel2/Channel-2-Newscast/Article-d22cc6c220f7e11004.htm,N12 - תחזית מזג האוויר,,wayback
https://www.mako.co.il/news-channel2/Channel-2-Newscast/Article-d4730d7c46b1d11004.htm,"N12 - צעירים השליכו בקבוקי תבערה לעבר בתי ערבים בת""א",,wayback
https://www.mako.co.il/news-channel2/Channel-2-Newscast/Article-dca4ac33ea02d11004.htm,N12 - אלופות ישראל בצניחה חופשית,,wayback
https://www.mako.co.il/news-channel2/Channel-2-Newscast/Article-df5f83fe15d3f11004.htm,"N12 - בנק פועלים מפסיד רבע מיליארד ש""ח",,wayback
https://www.mako.co.il/news-channel2/Channel-2-Newscast/Article-df7a4a8a0f9af11004.htm,N12 - מנסים להתגבר על הטראומה,,wayback
https://www.mako.co.il/news-channel2/Channel-2-Newscast/Article-e6c266ab45e1f11004.htm,N12 - כותרות המהדורה המרכזית,,wayback
https://www.mako.co.il/news-channel2/Channel-2-Newscast/Article-eb773db64c10d11006.htm,N12 - 300 מיליון דולר בשלושה ימים,,wayback
https://www.mako.co.il/news-channel2/Channel-2-Newscast/Article-ebe3d59df874f11004.htm,N12 - פרסום ראשון: הרב עובדיה נגד ליברמן,,wayback
https://www.mako.co.il/news-channel2/Channel-2-Newscast/Article-ed1b23dd0bacd11006.htm,N12 - מלכת ירדן כובשת את הרשת,,wayback
https://www.mako.co.il/news-channel2/Channel-2-Newscast/Article-ef7ab2fc7d2be11004.htm,"N12 - סופה של בל""ד?",,wayback
https://www.mako.co.il/news-channel2/Channel-2-Newscast/Article-f3073e505c6ce11006.htm,N12 - כותרות המהדורה המרכזית: היום ה-16 ללחימה,,wayback
https://www.mako.co.il/news-channel2/Channel-2-Newscast/Article-f5230d7c46b1d11004.htm,N12 - מסיבת יום ההולדת האחרונה: מיטל במסיבת יום ההולדת של מלי,,wayback
https://www.mako.co.il/news-channel2/Channel-2-Newscast/Article-f5b0943c6faee11004.htm,N12 - אמהות המילואימניקים שבות לחייך,,wayback
https://www.mako.co.il/news-channel2/Channel-2-Newscast/Article-f9255a4ef316f11004.htm,N12 - 10 בפברואר 2009: ישראל בוחרת,,wayback
https://www.mako.co.il/news-channel2/Channel-2-Newscast/Article-fdaec7fd76a0d11006.htm,"N12 - מרסדס סוסה: ""המוזיקה היא החיים והבית""",,wayback
https://www.mako.co.il/news-channel2/Channel-2-Newscast/Article-feab45b95383f11004.htm,"N12 - השרה רוחמה אברהם-בלילא נעצרה בנתב""ג",,wayback
https://www.mako.co.il/news-channel2/Channel-2-Newscast/Article-fed7d52abb0bd11006.htm,N12 - הדוד סם עושה עלייה?,,wayback
https://www.mako.co.il/news-channel2/Economy-Newcast-worth-checking/Article-11be0d3e03c0b21004.htm,"N12 - שווה בדיקה: כחול, לבן, מצליח",,wayback
https://www.mako.co.il/news-channel2/Economy-Newcast-worth-checking/Article-16a96ef2441d821004.htm,N12 - שווה בדיקה: מי מפקח על מוצרים?,,wayback
https://www.mako.co.il/news-channel2/Economy-Newcast-worth-checking/Article-23ee669b6c5a721004.htm,N12 - שווה בדיקה: בילוי לפסח,,wayback
https://www.mako.co.il/news-channel2/Economy-Newcast-worth-checking/Article-28211bf81125d21004.htm,N12 - שווה בדיקה: שירותי רפואת חירום,,wayback
https://www.mako.co.il/news-channel2/Economy-Newcast-worth-checking/Article-40b61051b880c21004.htm,N12 - מנחם מכין את רכבו לחורף,,wayback
https://www.mako.co.il/news-channel2/Economy-Newcast-worth-checking/Article-47730576d169f31004.htm,N12 - שווה בדיקה: הקאמבק של השירה בציבור,,wayback
https://www.mako.co.il/news-channel2/Economy-Newcast/Article-0dbde51b5b0bd11004.htm,N12 - מנחם קונה מכונית בליסינג,,wayback
https://www.mako.co.il/news-channel2/Economy-Newcast/Article-2265e41bd628d11004.htm,N12 - מנחם יסדר לכם את מצב הרוח בעבודה,,wayback
https://www.mako.co.il/news-channel2/Economy-Newcast/Article-3094d247dab1231017.htm,"N12 - גם בבריטניה סובלים מצרות בשוק הנדל""ן",,wayback
https://www.mako.co.il/news-channel2/Economy-Newcast/Article-381790a8590bd11006.htm,N12 - כותרות תכנית חיסכון,,wayback
https://www.mako.co.il/news-channel2/Economy-Newcast/Article-415052892aa5e11004.htm,N12 - פיטורים בחברת חשמל?,,wayback
https://www.mako.co.il/news-channel2/Economy-Newcast/Article-41e5b09b8c2d621004.htm,N12 - מה אישה בהריון צריכה לאכול?,,wayback
https://www.mako.co.il/news-channel2/Economy-Newcast/Article-4b1430ad64fdb21004.htm,N12 - סוגרים עסקה: 5 חדרים בחיפה,,wayback
https://www.mako.co.il/news-channel2/Economy-Newcast/Article-5a7270524e8dc11004.htm,N12 - היורו צונח ואנחנו נהנים,,wayback
https://www.mako.co.il/news-channel2/Economy-Newcast/Article-633142296110e21004.htm,N12 - המחאה על גל ההתייקרויות מתרחבת: בליכוד מפחדים לאבד את...,,wayback
https://www.mako.co.il/news-channel2/Economy-Newcast/Article-68b203e9333dc11004.htm,"N12 - ת""א נצבעה באדום: הבורסה ממשיכה לקרוס והמדדים המובילים...",,wayback
https://www.mako.co.il/news-channel2/Economy-Newcast/Article-763a1c2474f6e11004.htm,N12 - האם כדאי לכם לקחת אוטו בליסינג ממקום העבודה?,,wayback
https://www.mako.co.il/news-channel2/Economy-Newcast/Article-811a348a6a21e11004.htm,N12 - משאירים את האשראי בכיס,,wayback
https://www.mako.co.il/news-channel2/Economy-Newcast/Article-8bd0e8cc533cf11004.htm,N12 - המדריך המלא למפוטר הטרי,,wayback
https://www.mako.co.il/news-channel2/Economy-Newcast/Article-9bc348da8558f11004.htm,N12 - שמפניה מוסלמית,,wayback
https://www.mako.co.il/news-channel2/Economy-Newcast/Article-a7137123ca94d11006.htm,N12 - מתוק בפריז: נפתח היריד העולמי לשוקולד,,wayback
https://www.mako.co.il/news-channel2/Economy-Newcast/Article-d86d6870882fc11006.htm,N12 - סיכום יום המסחר,,wayback
https://www.mako.co.il/news-channel2/Economy-Newcast/Article-e4081afaa014e11004.htm,N12 - מנחם חונה ברכבת,,wayback
https://www.mako.co.il/news-channel2/Economy-Newcast/Article-e97c7f75f130e11004.htm,N12 - כותרות תכנית חיסכון,,wayback
https://www.mako.co.il/news-channel2/Friday-Newscast-q1_2015/Article-9de10107b248b41004.htm,N12 - כך זורם כסף נוצרי ליהודה ושומרון,,wayback
https://www.mako.co.il/news-channel2/Friday-Newscast-q2_2016/Article-31f460d3efcf451004.htm,N12 - כך הסכימו סטודנטים אמריקנים לתמוך בחמאס,,wayback
https://www.mako.co.il/news-channel2/Friday-Newscast-q4_2018/Article-6b2b6fab1924761004.htm,N12 - פאנל הפרשנים: ההסתבכות של לבייב,,wayback
https://www.mako.co.il/news-channel2/Friday-Newscast/Article-0be2962a5b40f11004.htm,N12 - ההריסות בעזה נחשפות בהדרגה,,wayback
https://www.mako.co.il/news-channel2/Friday-Newscast/Article-10df38165614c21004.htm,N12 - העובדות הסוציאליות אובדות עצות,,wayback
https://www.mako.co.il/news-channel2/Friday-Newscast/Article-16450a19624cc11004.htm,N12 - יש סיפור - אבל אין ראיות,,wayback
https://www.mako.co.il/news-channel2/Friday-Newscast/Article-1e29bf1b3ee4c31004.htm,N12 - 4 ימים לבחירות: סקר הסקרים,,wayback
https://www.mako.co.il/news-channel2/Friday-Newscast/Article-24036fb965cbe11004.htm,"N12 - פנאל: מלחמה בחמאס, היום ה-14",,wayback
https://www.mako.co.il/news-channel2/Friday-Newscast/Article-27e5f268e504041004.htm,N12 - אולפן שישי - המהדורה המלאה 2.8,,wayback
https://www.mako.co.il/news-channel2/Friday-Newscast/Article-2da1527c6944531018.htm,N12 - הטייס שהפך למלך באפריקה,,wayback
https://www.mako.co.il/news-channel2/Friday-Newscast/Article-2f9ec1bd40ddf11004.htm,"N12 - כותרות ""אולפן שישי""",,wayback
https://www.mako.co.il/news-channel2/Friday-Newscast/Article-3fc3ec4acd4b021004.htm,N12 - נס סדר פסח,,wayback
https://www.mako.co.il/news-channel2/Friday-Newscast/Article-4c28a18377cfe31004.htm,N12 - אולפן שישי - המהדורה המלאה 31.5,,wayback
https://www.mako.co.il/news-channel2/Friday-Newscast/Article-4c28a18377cfe31004.htm&sCh=31750a2610f26110&pId=1726954721,N12 - אולפן שישי - המהדורה המלאה 31.5,,wayback
https://www.mako.co.il/news-channel2/Friday-Newscast/Article-697a97fff4bdd31004.htm,N12 - סיפור שלא נגמר: המאבק של ילדי טהרן,,wayback
https://www.mako.co.il/news-channel2/Friday-Newscast/Article-6ef2bf10e08ec11004.htm,N12 - בעל שניסה לרצוח את אשתו עלול להשתחרר מהכלא,,wayback
https://www.mako.co.il/news-channel2/Friday-Newscast/Article-91662fead087d11004.htm,N12 - ארקדי גאידמק בראיון מיוחד,,wayback
https://www.mako.co.il/news-channel2/Friday-Newscast/Article-9306f7ad796a421004.htm,N12 - מבצע ההצלה של ילדי אינדונזיה,,wayback
https://www.mako.co.il/news-channel2/Friday-Newscast/Article-977cb03b58b1041004.htm,N12 - כותרות אולפן שישי,,wayback
https://www.mako.co.il/news-channel2/Friday-Newscast/Article-98188a5bc7e0a31017.htm,N12 - קיצור תולדות הפלאפל בישראל,,wayback
https://www.mako.co.il/news-channel2/Friday-Newscast/Article-99795eeca3e2541004.htm,"N12 - שופטים בתיקים גדולים: ""לא תמיד ישנים בלילה""",,wayback
https://www.mako.co.il/news-channel2/Friday-Newscast/Article-9f3bcd69a052021004.htm,N12 - כותרות אולפן שישי,,wayback
https://www.mako.co.il/news-channel2/Friday-Newscast/Article-9febda8b1e93e21004.htm,N12 - מצרים אישרה מעבר הספינות מאירן,,wayback
https://www.mako.co.il/news-channel2/Friday-Newscast/Article-a94da991e01d631018.htm,N12 - הסיפור על האחים שלא שבו מהקרב,,wayback
https://www.mako.co.il/news-channel2/Friday-Newscast/Article-ae4f10ef5b8bf11004.htm,N12 - מיוחד: שיחת נפש עם מארי פיזם,,wayback
https://www.mako.co.il/news-channel2/Friday-Newscast/Article-c3074b4c142af21004.htm,N12 - הכל אודות אמא של ג'ייסון דנינו הולט,,wayback
https://www.mako.co.il/news-channel2/Friday-Newscast/Article-e91839c4facbe11004.htm,"N12 - ארה""ב: לשאוף להפסקת אש",,wayback
https://www.mako.co.il/news-channel2/Friday-Newscast/Article-ec8f2a2cb989e11004.htm,"N12 - נמשך הירי על יישובי הדרום למרות פעולת צה""ל",,wayback
https://www.mako.co.il/news-channel2/Meet-the-Press/Article-23e2a453ffc3d21004.htm,N12 - משפט קצב: פרקליט המדינה מסכם,,wayback
https://www.mako.co.il/news-channel2/Meet-the-Press/Article-2f6706c876a3f21004.htm,N12 - פגוש את העיתונות - חלק א',,wayback
https://www.mako.co.il/news-channel2/Meet-the-Press/Article-4d7cf73556ecf21004.htm,N12 - פגוש את העיתונות - חלק א',,wayback
https://www.mako.co.il/news-channel2/Meet-the-Press/Article-4e4b01f3668cc11004.htm,N12 - פגוש את העיתונות עם סטף ורטהיימר,,wayback
https://www.mako.co.il/news-channel2/Meet-the-Press/Article-586ddb531b3dd11006.htm,N12 - הראיון שהכה גלים,,wayback
https://www.mako.co.il/news-channel2/Meet-the-Press/Article-bbfe9f50ebcec11004.htm,N12 - פגוש את העיתונות עם דב לאוטמן - חלק 2,,wayback
https://www.mako.co.il/news-channel2/NewsFlash-q1_2018/Article-725568fbb3d6261004.htm,"N12 - מבזק 18:00: חשד לרצח בת""א",,wayback
https://www.mako.co.il/news-channel2/NewsFlash/Article-10c7fa7ac32fc21004.htm,N12 - מבזק 07:00,,wayback
https://www.mako.co.il/news-channel2/NewsFlash/Article-112f0f4743ce131017.htm,N12 - מבזק 15:00,,wayback
https://www.mako.co.il/news-channel2/NewsFlash/Article-118113c1c022831018.htm,N12 - מבזק 09:00: מורסי נשיא מצרים,,wayback
https://www.mako.co.il/news-channel2/NewsFlash/Article-129475a056a5b21004.htm,N12 - מבזק 07:00,,wayback
https://www.mako.co.il/news-channel2/NewsFlash/Article-1383b8a8f175f21004.htm,N12 - מבזק 08:00,,wayback
https://www.mako.co.il/news-channel2/NewsFlash/Article-14859f8ae906d31004.htm,N12 - מבזק חצות: תקרית ירי בחברון,,wayback
https://www.mako.co.il/news-channel2/NewsFlash/Article-14d283a9ea44821004.htm,N12 - מבזק 17:00,,wayback
https://www.mako.co.il/news-channel2/NewsFlash/Article-157ac964a4cf531018.htm,N12 - מבזק 13:00: הג'יהאד מאיים בהסלמה,,wayback
https://www.mako.co.il/news-channel2/NewsFlash/Article-17861fe70215e31004.htm,N12 - מבזק 18:00: גל שריפות ברחבי הארץ,,wayback
https://www.mako.co.il/news-channel2/NewsFlash/Article-1788c04a2356131004.htm,N12 - מבזק 09:00,,wayback
https://www.mako.co.il/news-channel2/NewsFlash/Article-178b2667fee6441004.htm,N12 - מבזק 17:00: חקירת פרשת הברנוער,,wayback
https://www.mako.co.il/news-channel2/NewsFlash/Article-178ecc868d73541004.htm,"N12 - מבזק 18:00: ליברמן: ""בחירות היא האופציה הטובה ביותר""",,wayback
https://www.mako.co.il/news-channel2/NewsFlash/Article-191417a4b28dd31004.htm,N12 - מבזק 09:00: המתיחות בחצי האי הקוריאני,,wayback
https://www.mako.co.il/news-channel2/NewsFlash/Article-1916393f6a85c31004.htm,N12 - מבזק 17:00 - עדויות מאלג'יריה,,wayback
https://www.mako.co.il/news-channel2/NewsFlash/Article-196f6f4eee79441004.htm,N12 - מבזק 17:00: אישה נהרגה בתאונה,,wayback
https://www.mako.co.il/news-channel2/NewsFlash/Article-19839489782c641004.htm,"N12 - מבזק 11:00: מבצע ""שובו אחים"" - מעצרים וסריקות",,wayback
https://www.mako.co.il/news-channel2/NewsFlash/Article-199cbeb28d66341004.htm,"N12 - מבזק 11:00: ""גברה הסכנה לחיי שרון""",,wayback
https://www.mako.co.il/news-channel2/NewsFlash/Article-19eb9a81dcd2221004.htm,N12 - מבזק חצות,,wayback
https://www.mako.co.il/news-channel2/NewsFlash/Article-1a44f42a36aee31004.htm,"N12 - מבזק 12:00: ליברמן: ""אירן רצה לפצצה""",,wayback
https://www.mako.co.il/news-channel2/NewsFlash/Article-1aa486ca90d4a31004.htm,"N12 - מבזק 07:00: צה""ל תקף בעזה",,wayback
https://www.mako.co.il/news-channel2/NewsFlash/Article-1adc6e3244a4041004.htm,N12 - מבזק 18:00: תאונה קטלנית בכביש 6,,wayback
https://www.mako.co.il/news-channel2/NewsFlash/Article-1b3674d06aca641004.htm,N12 - מבזק 07:00: גל מעצרים לילי,,wayback
https://www.mako.co.il/news-channel2/NewsFlash/Article-1bfb1988bd2c641004.htm,N12 - מבזק 12:00: הרוג ו-3 פצועים ברמת הגולן,,wayback
https://www.mako.co.il/news-channel2/NewsFlash/Article-1c97e1b3b946a31004.htm,N12 - מבזק 15:00: למה פרש כחלון?,,wayback
https://www.mako.co.il/news-channel2/NewsFlash/Article-1e40ace3e2a4441004.htm,N12 - מבזק 15:00: עד הברנוער מדבר,,wayback
https://www.mako.co.il/news-channel2/NewsFlash/Article-1e99dc20fe78f21004.htm,N12 - מבזק 17:00,,wayback
https://www.mako.co.il/news-channel2/NewsFlash/Article-1eab93b66a28121004.htm,N12 - מבזק 18:00,,wayback
https://www.mako.co.il/news-channel2/NewsFlash/Article-216610bb480ab31004.htm,N12 - מבזק חצות: טבח הילדים בקונטיקט,,wayback
https://www.mako.co.il/news-channel2/NewsFlash/Article-220154e3d852041004.htm,N12 - מבזק 17:00: שחרור האסירים,,wayback
https://www.mako.co.il/news-channel2/NewsFlash/Article-222f3d2e8e90341004.htm,N12 - מבזק 10:00: 2 פלסטינים נהרגו בשטחים,,wayback
https://www.mako.co.il/news-channel2/NewsFlash/Article-23968051e1ef521004.htm,N12 - מבזק צהריים,,wayback
https://www.mako.co.il/news-channel2/NewsFlash/Article-23a92517e550641004.htm,N12 - מבזק 17:00: שיחות הגרעין עם אירן,,wayback
https://www.mako.co.il/news-channel2/NewsFlash/Article-274cb4ea59e5041004.htm,N12 - מבזק 18:00: כ-30 רכבות בוטלו,,wayback
https://www.mako.co.il/news-channel2/NewsFlash/Article-283bbb56ecd8441004.htm,N12 - מבזק 17:00: פוטין מתייחס למשבר,,wayback
https://www.mako.co.il/news-channel2/NewsFlash/Article-29cde77290b4621004.htm,N12 - מבזק 9:00,,wayback
https://www.mako.co.il/news-channel2/NewsFlash/Article-2a1319d95e8eb31004.htm,N12 - מבזק 07:00: פינוי המאחז עוז ציון,,wayback
https://www.mako.co.il/news-channel2/NewsFlash/Article-2a9d8cd02b85331017.htm,N12 - מבזק 09:00,,wayback
https://www.mako.co.il/news-channel2/NewsFlash/Article-2b926bf1764e141004.htm,N12 - מבזק 11:00: תוצאות הבחירות המקומיות,,wayback
https://www.mako.co.il/news-channel2/NewsFlash/Article-2c659f82888c321004.htm,N12 - מבזק 18:00,,wayback
https://www.mako.co.il/news-channel2/NewsFlash/Article-2cb4bcf22185d21004.htm,N12 - מבזק חצות,,wayback
https://www.mako.co.il/news-channel2/NewsFlash/Article-2cf0a20f94c8141004.htm,N12 - מבזק 09:00: פיגוע הירי בפסגות,,wayback
https://www.mako.co.il/news-channel2/NewsFlash/Article-2d5b26f69945621004.htm,N12 - מבזק 08:00,,wayback
https://www.mako.co.il/news-channel2/NewsFlash/Article-2d6c04d7f50d431017.htm,N12 - מבזק 07:00,,wayback
https://www.mako.co.il/news-channel2/NewsFlash/Article-2e54467b764c541004.htm,N12 - מבזק 07:00: ישראל זוכרת את הנופלים,,wayback
https://www.mako.co.il/news-channel2/NewsFlash/Article-2ef09fdab3ec631018.htm,N12 - מבזק 09:00: טקס המשואות יתקיים,,wayback
https://www.mako.co.il/news-channel2/NewsFlash/Article-4ab20e90d362441004.htm,"N12 - מבזק 15:00: מור יוסף נגד ""נשות הדסה""",,wayback
https://www.mako.co.il/news-channel2/NewsFlash/Article-4bc8cb36033bf11004.htm,N12 - מבזק 17:00,,wayback
https://www.mako.co.il/news-channel2/NewsFlash/Article-50ae132f4032e11004.htm,N12 - מבזק חצות,,wayback
https://www.mako.co.il/news-channel2/NewsFlash/Article-51513e29dc54a21004.htm,N12 - מבזק 8:00,,wayback
https://www.mako.co.il/news-channel2/NewsFlash/Article-5508f09cb75ff21004.htm,N12 - מבזק חצות,,wayback
https://www.mako.co.il/news-channel2/NewsFlash/Article-561c36bb9561d11004.htm,N12 - מבזק 18:00,,wayback
https://www.mako.co.il/news-channel2/NewsFlash/Article-5a448fe20f44431017.htm,N12 - מבזק 07:00,,wayback
https://www.mako.co.il/news-channel2/NewsFlash/Article-5b012fc502ced11004.htm,N12 - מבזק 08:00,,wayback
https://www.mako.co.il/news-channel2/NewsFlash/Article-6a0fe6ed90aa821004.htm,N12 - מבזק 09:00,,wayback
https://www.mako.co.il/news-channel2/NewsFlash/Article-6cce5cbb2c70e11004.htm,N12 - מבזק 17:00,,wayback
https://www.mako.co.il/news-channel2/NewsFlash/Article-7079b1e6aea0021004.htm,N12 - מבזק 18:00,,wayback
https://www.mako.co.il/news-channel2/NewsFlash/Article-71fafa218b0cf11004.htm,N12 - מבזק 08:00,,wayback
https://www.mako.co.il/news-channel2/NewsFlash/Article-75352952d999621004.htm,N12 - מבזק 18:00,,wayback
https://www.mako.co.il/news-channel2/NewsFlash/Article-7cdcae0afeccf11004.htm,N12 - מבזק 17:00,,wayback
https://www.mako.co.il/news-channel2/NewsFlash/Article-86b06153bc88541004.htm,N12 - מבזק 13:00: חקירת הרצח בחולון,,wayback
https://www.mako.co.il/news-channel2/NewsFlash/Article-8c3e508a7fd4121004.htm,N12 - מבזק 08:00,,wayback
https://www.mako.co.il/news-channel2/NewsFlash/Article-90dd936764e9321004.htm,N12 - מבזק צהריים,,wayback
https://www.mako.co.il/news-channel2/NewsFlash/Article-964b8dc1c657241004.htm,N12 - מבזק 13:00: הזמר המפורסם: אייל גולן,,wayback
https://www.mako.co.il/news-channel2/NewsFlash/Article-980749209e37241004.htm,N12 - מבזק 09:00: חידוש שיחות הגרעין,,wayback
https://www.mako.co.il/news-channel2/NewsFlash/Article-98136c96dbad621004.htm,N12 - מבזק 08:00,,wayback
https://www.mako.co.il/news-channel2/NewsFlash/Article-983e06190c01c31004.htm,N12 - מבזק 18:00: פורסם דוח הרפז,,wayback
https://www.mako.co.il/news-channel2/NewsFlash/Article-98eb01ae76fed11006.htm,N12 - מבזק חצות,,wayback
https://www.mako.co.il/news-channel2/NewsFlash/Article-994140ab0af2341004.htm,N12 - מבזק 18:00: בחירות חוזרות בבית שמש,,wayback
https://www.mako.co.il/news-channel2/NewsFlash/Article-99633bbab927a31004.htm,"N12 - מבזק 08:00: הנהגה משותפת בש""ס",,wayback
https://www.mako.co.il/news-channel2/NewsFlash/Article-99727a63d31a041004.htm,N12 - מבזק 17:00: מובארק ישוחרר מהכלא,,wayback
https://www.mako.co.il/news-channel2/NewsFlash/Article-9a93132a0582f31004.htm,N12 - מבזק 12:00: דנקנר ימשיך לשלוט ב-IDB,,wayback
https://www.mako.co.il/news-channel2/NewsFlash/Article-9aa25d3040bdb31004.htm,N12 - מבזק 09:00: שריפה בספא; אדם נהרג,,wayback
https://www.mako.co.il/news-channel2/NewsFlash/Article-9ba00984435ee31004.htm,N12 - מבזק 12:00: מבוי סתום בוועדת פרי,,wayback
https://www.mako.co.il/news-channel2/NewsFlash/Article-9c52dc7680ecf31004.htm,N12 - מבזק 15:00: יעלון מגיב על הקיצוץ,,wayback
https://www.mako.co.il/news-channel2/NewsFlash/Article-9daa6df0c5e7231017.htm,N12 - מבזק חצות,,wayback
https://www.mako.co.il/news-channel2/NewsFlash/Article-9e0682486c3f721004.htm,N12 - מבק חצות,,wayback
https://www.mako.co.il/news-channel2/NewsFlash/Article-9e0b2e85102cf31004.htm,N12 - מבזק 07:00: אסיר X נוסף?,,wayback
https://www.mako.co.il/news-channel2/NewsFlash/Article-9eac7f28ca1d241004.htm,N12 - מבזק 12:00: מאבקים במשרד המבקר,,wayback
https://www.mako.co.il/news-channel2/NewsFlash/Article-9f85177d93f8c21004.htm,N12 - מבזק חצות,,wayback
https://www.mako.co.il/news-channel2/NewsFlash/Article-a1150533c75a431017.htm,N12 - מבזק חצות,,wayback
https://www.mako.co.il/news-channel2/NewsFlash/Article-a131f0757e97f31004.htm,"N12 - מבזק 09:00: חידוש המו""מ המדיני",,wayback
https://www.mako.co.il/news-channel2/NewsFlash/Article-a13db81859c6141004.htm,N12 - מבזק 07:00: פגישת נתניהו-אובמה,,wayback
https://www.mako.co.il/news-channel2/NewsFlash/Article-a220e0cdb4dd731018.htm,N12 - מבזק 18:00: מובארק שקע בתרדמת,,wayback
https://www.mako.co.il/news-channel2/NewsFlash/Article-a2991678c024e21004.htm,N12 - מבזק 9:00,,wayback
https://www.mako.co.il/news-channel2/NewsFlash/Article-a2ead216eadc041004.htm,N12 - מבזק 07:00: בריטניה נגד תקיפה,,wayback
https://www.mako.co.il/news-channel2/NewsFlash/Article-a3763ae3221b831017.htm,N12 - מבזק 07:00: קדימה על סף פילוג,,wayback
https://www.mako.co.il/news-channel2/NewsFlash/Article-a3767d3b5f42441004.htm,N12 - מבזק 10:00: הרוג בתאונה בצפון,,wayback
https://www.mako.co.il/news-channel2/NewsFlash/Article-a53f63c836c4c21004.htm,N12 - מבזק חצות,,wayback
https://www.mako.co.il/news-channel2/NewsFlash/Article-a7711ab6ea82531018.htm,N12 - מבזק 12:00 - מת אחד התאומים,,wayback
https://www.mako.co.il/news-channel2/NewsFlash/Article-a91b53e1eabcc11004.htm,N12 - מבזק 8:00,,wayback
https://www.mako.co.il/news-channel2/NewsFlash/Article-c1f6f859ba5f131017.htm,N12 - מבזק 11:00,,wayback
https://www.mako.co.il/news-channel2/NewsFlash/Article-c29f12d3880f721004.htm,N12 - מבזק 07:00,,wayback
https://www.mako.co.il/news-channel2/NewsFlash/Article-c66ecd450eef141004.htm,N12 - מבזק 13:00: תאונה קשה בנתניה,,wayback
https://www.mako.co.il/news-channel2/NewsFlash/Article-c83f6736cecd241004.htm,N12 - מבזק 16:00: אשכבת נלסון מנדלה,,wayback
https://www.mako.co.il/news-channel2/NewsFlash/Article-c86dff667139931017.htm,N12 - מבזק חצות: גינוי לתג מחיר במנזר,,wayback
https://www.mako.co.il/news-channel2/NewsFlash/Article-c9a70af7efb2441004.htm,N12 - מבזק 18:00: הרב פינטו מגיב לכתב האישום,,wayback
https://www.mako.co.il/news-channel2/NewsFlash/Article-ca31a77c1008741004.htm,"N12 - מבזק 07:00: 5 חיילי צה""ל נהרגו במהלך סיכול ניסיון חדירה",,wayback
https://www.mako.co.il/news-channel2/NewsFlash/Article-ca4a59f1d791531018.htm,N12 - מבזק 12:00 - יאיר לפיד נגד הארכת חוק טל,,wayback
https://www.mako.co.il/news-channel2/NewsFlash/Article-cad1afd98ba8821004.htm,N12 - מבזק 07:00,,wayback
https://www.mako.co.il/news-channel2/NewsFlash/Article-cb15e112db1ff31004.htm,"N12 - מבזק 13:00: ""במרחק נגיעה ממו""מ""",,wayback
https://www.mako.co.il/news-channel2/NewsFlash/Article-cb4ea9a06fbcf31004.htm,"N12 - מבזק 08:00: קיצוץ דרמטי בצה""ל",,wayback
https://www.mako.co.il/news-channel2/NewsFlash/Article-cc91040b704cc31004.htm,N12 - מבזק 13:00: ביקור אובמה בישראל,,wayback
https://www.mako.co.il/news-channel2/NewsFlash/Article-cd2297d40c49b31004.htm,N12 - מבזק 16:00: הכרעה בתיק ליברמן,,wayback
https://www.mako.co.il/news-channel2/NewsFlash/Article-d0cf6c4122bfe11006.htm,N12 - מבזק חצות,,wayback
https://www.mako.co.il/news-channel2/NewsFlash/Article-eb48767560eaf11004.htm,N12 - מבזק 17:00,,wayback
https://www.mako.co.il/news-channel2/NewsFlash/Article-f93db4c6170dd11006.htm,N12 - מבזק חצות,,wayback
https://www.mako.co.il/news-channel2/Six-Newscast/Article-0a2827d8dfa9c11004.htm,N12 - אלוף השש-בש,,wayback
https://www.mako.co.il/news-channel2/Six-Newscast/Article-0bb791af5e93d11004.htm,N12 - כותרות שש עם,,wayback
https://www.mako.co.il/news-channel2/Six-Newscast/Article-0ed7efb82ca7f11004.htm,"N12 - המו""מ לקואליציה לא מתקדם",,wayback
https://www.mako.co.il/news-channel2/Six-Newscast/Article-0f6af5a78da7f11004.htm,N12 - מדד חודש ינואר ירד בחצי אחוז,,wayback
https://www.mako.co.il/news-channel2/Six-Newscast/Article-130f84f1cb8fd11004.htm,N12 - ראש חדש בלשכה,,wayback
https://www.mako.co.il/news-channel2/Six-Newscast/Article-16dbd0f978c5b31004.htm,N12 - מבזק הטכנולוגיה: רפורמה בכבלים ובלווין,,wayback
https://www.mako.co.il/news-channel2/Six-Newscast/Article-16eb4d2367c8d11004.htm,N12 - מה עשה הכסף שלנו היום?,,wayback
https://www.mako.co.il/news-channel2/Six-Newscast/Article-1716e6640e88e11004.htm,N12 - חידוש הנפילות וחידוש ההתקפות,,wayback
https://www.mako.co.il/news-channel2/Six-Newscast/Article-17806e16e11c631018.htm,"N12 - מה חושבים הגולשים על הסמח""ט המכה?",,wayback
https://www.mako.co.il/news-channel2/Six-Newscast/Article-187b04eeff88e11004.htm,N12 - המלחמה והבחירות,,wayback
https://www.mako.co.il/news-channel2/Six-Newscast/Article-1ba41215d7d6d11006.htm,N12 - ראיון מצולם ראשון עם בני בגין,,wayback
https://www.mako.co.il/news-channel2/Six-Newscast/Article-1bb143689451021004.htm,N12 - עסקת שליט נכשלה: כל הדיווחים,,wayback
https://www.mako.co.il/news-channel2/Six-Newscast/Article-1d4d48a44897d31004.htm,"N12 - כיפת ברזל בנתב""ג, אובמה יאכל כשר לפסח",,wayback
https://www.mako.co.il/news-channel2/Six-Newscast/Article-1e33c1bea91fb31004.htm,N12 - כותרות שש עם עודד בן עמי,,wayback
https://www.mako.co.il/news-channel2/Six-Newscast/Article-2032ac27795c041004.htm,N12 - מבזק הטכנולוגיה: אלופי הסמאטרפון,,wayback
https://www.mako.co.il/news-channel2/Six-Newscast/Article-24f3cdb63834021004.htm,"N12 - אולמרט: ""נפעל בכל מקום - קרוב או רחוק""",,wayback
https://www.mako.co.il/news-channel2/Six-Newscast/Article-2742c215071cf31004.htm,N12 - מבזק הטכנולוגיה: אפליקציות בחינם,,wayback
https://www.mako.co.il/news-channel2/Six-Newscast/Article-278d4d04fd0de11004.htm,N12 - כותרות שש עם עודד בן-עמי,,wayback
https://www.mako.co.il/news-channel2/Six-Newscast/Article-28193a7d76e4531018.htm,N12 - הערכה: הורי התאומים תיאמו גירסאות בבית החולים,,wayback
https://www.mako.co.il/news-channel2/Six-Newscast/Article-28d3596d4caee11004.htm,N12 - מנערים את האבק מעל הקמפיינים,,wayback
https://www.mako.co.il/news-channel2/Six-Newscast/Article-2a6ed454d990621004.htm,N12 - פינס החליט: פורש מהכנסת,,wayback
https://www.mako.co.il/news-channel2/Six-Newscast/Article-2c524e723a38d31004.htm,N12 - החל מהיום: האפליקציה שתחסוך לכם כסף,,wayback
https://www.mako.co.il/news-channel2/Six-Newscast/Article-2e2d8fc1c542831018.htm,"N12 - אנשי המחאה החברתית פוצצו את ישיבת המועצה בת""א",,wayback
https://www.mako.co.il/news-channel2/Six-Newscast/Article-2e697833e9e7e11004.htm,N12 - המבצע בדרום: דיווחים שוטפים,,wayback
https://www.mako.co.il/news-channel2/Six-Newscast/Article-2ee028de4459b31004.htm,N12 - הכרעה בתיק ליברמן: יועמד לדין באשמת הפרת אמונים בפרשת...,,wayback
https://www.mako.co.il/news-channel2/Six-Newscast/Article-33f3127ed54dd11004.htm,N12 - אחותו של הנידון למוות בתאילנד מדברת,,wayback
https://www.mako.co.il/news-channel2/Six-Newscast/Article-3761d4b9ae2cf11004.htm,N12 - האם המתעללת מירושלים הפכה לעדת מדינה,,wayback
https://www.mako.co.il/news-channel2/Six-Newscast/Article-399e8bce4674f11004.htm,"N12 - נלחמים על ""האגם הנעלם""",,wayback
https://www.mako.co.il/news-channel2/Six-Newscast/Article-3de174e0976ce11006.htm,N12 - כתבי חדשות מדווחים מהדרום,,wayback
https://www.mako.co.il/news-channel2/Six-Newscast/Article-3f9b9e14892ae11004.htm,N12 - פואד: ידענו שהפעולה תגבה מחיר,,wayback
https://www.mako.co.il/news-channel2/Six-Newscast/Article-3fee9e14892ae11004.htm,N12 - אמנון אברמוביץ' על המבצע בעזה,,wayback
https://www.mako.co.il/news-channel2/Six-Newscast/Article-42090e77a6bad11004.htm,"N12 - ת""א: נמשכות הירידות בבורסה",,wayback
https://www.mako.co.il/news-channel2/Six-Newscast/Article-45a895410938e11004.htm,N12 - מבזק 18:00,,wayback
https://www.mako.co.il/news-channel2/Six-Newscast/Article-46629e423bfee11004.htm,"N12 - אח אחד נפצע בלבנון, אח שני נפצע בעזה",,wayback
https://www.mako.co.il/news-channel2/Six-Newscast/Article-4aaf819d8563e11006.htm,N12 - הרבה יותר מסתם כדורגל,,wayback
https://www.mako.co.il/news-channel2/Six-Newscast/Article-4e378d0c6bebc11004.htm,N12 - אנדה: ההצגה החדשה שפותחת תיבת פנדורה,,wayback
https://www.mako.co.il/news-channel2/Six-Newscast/Article-511ab89cc50bd11004.htm,N12 - כותרות שש,,wayback
https://www.mako.co.il/news-channel2/Six-Newscast/Article-57f7e009d663e11004.htm,N12 - בריא כמו סוס,,wayback
https://www.mako.co.il/news-channel2/Six-Newscast/Article-58fc48320258f11004.htm,N12 - הפקק ששיתק את גוש-דן,,wayback
https://www.mako.co.il/news-channel2/Six-Newscast/Article-5b5007386dfee11004.htm,N12 - החתונה שנהרסה בגלל גן אורנים,,wayback
https://www.mako.co.il/news-channel2/Six-Newscast/Article-632c16335b80221004.htm,N12 - אסי אבוטבול נשלח ל-13 שנות מאסר,,wayback
https://www.mako.co.il/news-channel2/Six-Newscast/Article-644e9246393bf11004.htm,"N12 - איפה מטיילים בסופ""ש?",,wayback
https://www.mako.co.il/news-channel2/Six-Newscast/Article-69655f5aa8c1e11004.htm,N12 - פייגלין: קדימה השאירה אדמה חרוכה,,wayback
https://www.mako.co.il/news-channel2/Six-Newscast/Article-7130af58aa8fd11006.htm,N12 - הפנים שמאחורי המשבר,,wayback
https://www.mako.co.il/news-channel2/Six-Newscast/Article-74133f233136d11006.htm,N12 - מה הכסף שלנו עשה היום?,,wayback
https://www.mako.co.il/news-channel2/Six-Newscast/Article-74543d4c87e7e11004.htm,N12 - עוטף עזה: הילדים לא חוזרים ללימודים,,wayback
https://www.mako.co.il/news-channel2/Six-Newscast/Article-76459d9bdb65f11004.htm,N12 - שרית חדד כובשת את סין,,wayback
https://www.mako.co.il/news-channel2/Six-Newscast/Article-7705308eead6d11004.htm,"N12 - עדכון מהבורסה בת""א",,wayback
https://www.mako.co.il/news-channel2/Six-Newscast/Article-7f1752ab3a65f11004.htm,N12 - כותרות שש,,wayback
https://www.mako.co.il/news-channel2/Six-Newscast/Article-8162537e5904e11004.htm,N12 - כותרות שש עם דנה ויס,,wayback
https://www.mako.co.il/news-channel2/Six-Newscast/Article-82fe77b36586d11006.htm,N12 - ארקדי גאידמק ממשיך להסתבך,,wayback
https://www.mako.co.il/news-channel2/Six-Newscast/Article-8304308eead6d11004.htm,N12 - מה אומרת לבני על אובמה?,,wayback
https://www.mako.co.il/news-channel2/Six-Newscast/Article-8763ec4f65f0a21004.htm,N12 - הנגיד הפתיע והעלה את הריבית,,wayback
https://www.mako.co.il/news-channel2/Six-Newscast/Article-8a9a50c399aee11006.htm,N12 - היום הראשון להפסקת האש,,wayback
https://www.mako.co.il/news-channel2/Six-Newscast/Article-8c8514c60e62e11004.htm,"N12 - פייגלין: ""אני לא מתרגש מההחלטה""",,wayback
https://www.mako.co.il/news-channel2/Six-Newscast/Article-9592aaa9f821331017.htm,"N12 - מהומה בבג""ץ סביב העתירות",,wayback
https://www.mako.co.il/news-channel2/Six-Newscast/Article-98c67c09d870631018.htm,N12 - שש עם עודד בן-עמי: חלק א',,wayback
https://www.mako.co.il/news-channel2/Six-Newscast/Article-a27f5797912a631018.htm,N12 - צפו: כשאייפוד וקשיש נפגשים,,wayback
https://www.mako.co.il/news-channel2/Six-Newscast/Article-a38328be8e7f721004.htm,N12 - צפו בראיון עם מיליונר הפיס החדש,,wayback
https://www.mako.co.il/news-channel2/Six-Newscast/Article-a52ae76e3b03f21004.htm,"N12 - לראשונה מאז שהוצבה בדרום: ""כיפת ברזל"" יירטה רקטות",,wayback
https://www.mako.co.il/news-channel2/Six-Newscast/Article-a77640ea2eb3331017.htm,N12 - המומחים מצטרפים למאבק המתמחים,,wayback
https://www.mako.co.il/news-channel2/Six-Newscast/Article-aa7ce3718fa4e11004.htm,N12 - הקמפיינים יוצאים לדרך,,wayback
https://www.mako.co.il/news-channel2/Six-Newscast/Article-ade61215d7d6d11006.htm,N12 - הסלבס התגייסו למען אובמה,,wayback
https://www.mako.co.il/news-channel2/Six-Newscast/Article-bd6f88a5b4f3d11004.htm,N12 - העגבניה שנלחמת בסרטן,,wayback
https://www.mako.co.il/news-channel2/Six-Newscast/Article-c446fdba1ba7f11004.htm,N12 - אין רגיעה בלי החזרת שליט,,wayback
https://www.mako.co.il/news-channel2/Six-Newscast/Article-c87bd6448d25021004.htm,N12 - אולמרט נגד ברק: נקמה מתוקה,,wayback
https://www.mako.co.il/news-channel2/Six-Newscast/Article-cbcb6b5fbeddf31004.htm,N12 - מבזק הטכנולוגיה: האם נחשף הסמארטפון החדש של גוגל?,,wayback
https://www.mako.co.il/news-channel2/Six-Newscast/Article-d44c67ffeecae11004.htm,N12 - למרות הלחימה: עליות שערים בבורסה,,wayback
https://www.mako.co.il/news-channel2/Six-Newscast/Article-e11d86c88c4fe11004.htm,N12 - היום בבורסה,,wayback
https://www.mako.co.il/news-channel2/Six-Newscast/Article-e6091215d7d6d11006.htm,N12 - מבזק 18:00,,wayback
https://www.mako.co.il/news-channel2/Six-Newscast/Article-f025294efef7f11004.htm,N12 - כותרות שש,,wayback
https://www.mako.co.il/news-channel2/Weekend-Newscast-q1_2019/Article-07ad86b4c9b8861004.htm,N12 - המשפחות שהפכו ללהיטי יוטיוב,,wayback
https://www.mako.co.il/news-channel2/Weekend-Newscast-q3_2015/Article-47e9795ea075f41004.htm,N12 - חדשות סוף השבוע - 8.8.2015,,wayback
https://www.mako.co.il/news-channel2/Weekend-Newscast-q4_2018/Article-50594971773b761004.htm,N12 - מה קורה במשפחת המלוכה הבריטית?,,wayback
https://www.mako.co.il/news-channel2/Weekend-Newscast/Article-0c7a93b9fc6a341004.htm,N12 - העולם נגד ישראל: חברות ומדענים בסכנה בשל החרם האירופי,,wayback
https://www.mako.co.il/news-channel2/Weekend-Newscast/Article-0e2d24e5ddc7721004.htm,"N12 - הפלסטינים: בן 16 נהרג מאש צה""ל",,wayback
https://www.mako.co.il/news-channel2/Weekend-Newscast/Article-0f56f28d5f45821004.htm,N12 - תחזית מזג האוויר,,wayback
https://www.mako.co.il/news-channel2/Weekend-Newscast/Article-19c6ae448947d31004.htm,N12 - תחזית מזג האוויר,,wayback
https://www.mako.co.il/news-channel2/Weekend-Newscast/Article-1ebd6e021e6b121004.htm,N12 - ווינר: צעיר זכה ברבע מיליארד דולר בלוטו האמריקני,,wayback
https://www.mako.co.il/news-channel2/Weekend-Newscast/Article-20de5d1e966bb21004.htm,N12 - מסע קולינרי ברמאללה ושכם,,wayback
https://www.mako.co.il/news-channel2/Weekend-Newscast/Article-2423a339cb70741004.htm,N12 - תחזית מזג האוויר,,wayback
https://www.mako.co.il/news-channel2/Weekend-Newscast/Article-2bebd8b5b783621004.htm,N12 - השיווק מהדור החדש: דרך התת מודע,,wayback
https://www.mako.co.il/news-channel2/Weekend-Newscast/Article-3727fa3dee24d21004.htm,N12 - ג'וואהר נהרגה שנה וחצי לאחר אחיה,,wayback
https://www.mako.co.il/news-channel2/Weekend-Newscast/Article-4b36eef7aa9ba21004.htm,"N12 - אובמה מבטיח: ""נצא מעירק עד סוף 2011""",,wayback
https://www.mako.co.il/news-channel2/Weekend-Newscast/Article-4f056c988799921004.htm,N12 - מה מתכנן הקוסם חזי דין?,,wayback
https://www.mako.co.il/news-channel2/Weekend-Newscast/Article-5d8cb2e7e55cd11006.htm,N12 - למה אף אחד לא רוצה להיות כירורג?,,wayback
https://www.mako.co.il/news-channel2/Weekend-Newscast/Article-5f2ac4ebea87c31004.htm,N12 - תחזית מזג האוויר,,wayback
https://www.mako.co.il/news-channel2/Weekend-Newscast/Article-98b36959c56d631018.htm,N12 - הספורטאים שהגיעו לישראל - ונשארו,,wayback
https://www.mako.co.il/news-channel2/Weekend-Newscast/Article-9a4c2eb8ec03821004.htm,N12 - בלעדי: שולה זקן מדברת לראשונה,,wayback
https://www.mako.co.il/news-channel2/Weekend-Newscast/Article-9b604e2f5757331017.htm,N12 - חדשות סוף השבוע - התכנית המלאה,,wayback
https://www.mako.co.il/news-channel2/Weekend-Newscast/Article-9d4281c580a1241004.htm,N12 - שטייניץ: בנט תמך בשחרור אסירים,,wayback
https://www.mako.co.il/news-channel2/Weekend-Newscast/Article-a23751d3bb26831017.htm,"N12 - נחיתת חירום מוצלחת בנתב""ג",,wayback
https://www.mako.co.il/news-channel2/Weekend-Newscast/Article-a6d85e048267f11004.htm,N12 - רגיעה? לא ממש,,wayback
https://www.mako.co.il/news-channel2/Weekend-Newscast/Article-b0d199541d90f11004.htm,"N12 - אסד מברך את משעל על ""הניצחון""",,wayback
https://www.mako.co.il/news-channel2/Weekend-Newscast/Article-c2389103e97f321004.htm,N12 - לבנון- על פלדה וקלסטרופוביה,,wayback
https://www.mako.co.il/news-channel2/Weekend-Newscast/Article-c34909e7b225f11004.htm,N12 - סיכום עולמי,,wayback
https://www.mako.co.il/news-channel2/Weekend-Newscast/Article-c36bd55936e6b21004.htm,N12 - מה חושבים עלינו בעולם?,,wayback
https://www.mako.co.il/news-channel2/Weekend-Newscast/Article-c62d6d07972d731018.htm,N12 - הסלבס גוזרים קופון,,wayback
https://www.mako.co.il/news-channel2/Weekend-Newscast/Article-cdc2cb3c6c4c721004.htm,"N12 - הלהיט החדש ברשת: ה""צ'ט רולט""",,wayback
https://www.mako.co.il/news-channel2/Weekend-Newscast/Article-e1aaaaed23e2f11004.htm,N12 - סיכום עולמי - התמונות מהעולם שעשו את השבוע,,wayback
https://www.mako.co.il/news-channel2/Weekend-Newscast/Article-e8114f8a96d7d11006.htm,"N12 - האיטי: 75 ילדים נהרגו בהתמוטטות בניין בי""ס",,wayback
https://www.mako.co.il/news-channel2/Weekend-Newscast/Article-ec3e29e9b12ef11004.htm,"N12 - שבת של חום, טיולים וים",,wayback
https://www.mako.co.il/news-channel2/a6a892aec72cc110/Article-400eab1a8288c21004.htm,N12 - השבוע בערבית - 26.11.2010,,wayback
https://www.mako.co.il/news-channel2/a6a892aec72cc110/Article-4286b7ce5739f11004.htm,N12 - 20.2.2009: השבוע בערבית,,wayback
https://www.mako.co.il/news-channel2/a6a892aec72cc110/Article-cb05064ce6ccd21004.htm,N12 - השבוע בערבית - 28.1.2011,,wayback
https://www.mako.co.il/news-channel2/a6a892aec72cc110/Article-ef535dbfd9bdf11004.htm,N12 - 06.03.2009: השבוע בערבית,,wayback
https://www.mako.co.il/news-channel2/first-edition-q3_2016/Article-1ee72f44c7da651004.htm,N12 - מהדורה ראשונה: התכנית המלאה 21.8 - אורן,,wayback
https://www.mako.co.il/news-channel2/first-edition/Article-029f3de2c64fe11006.htm,N12 - היום השבעת אובמה,,wayback
https://www.mako.co.il/news-channel2/first-edition/Article-03ce8cc858aee11006.htm,N12 - הרכבת של אובמה יוצאת לדרך,,wayback
https://www.mako.co.il/news-channel2/first-edition/Article-15f1d3e56c7cf11004.htm,N12 - עשרות לוויתנים מתאבדים על החוף באוסטרליה,,wayback
https://www.mako.co.il/news-channel2/first-edition/Article-1c696957d769d11006.htm,N12 - הנזק האקולוגי החמור שגרם סבון לנחל הירקון,,wayback
https://www.mako.co.il/news-channel2/first-edition/Article-1e7ed7787da1341004.htm,N12 - מהדורה ראשונה - חלק א',,wayback
https://www.mako.co.il/news-channel2/first-edition/Article-1ecc39e00b54e11006.htm,N12 - החמאס מציג: כלי הנשק שאספנו בימי הרגיעה,,wayback
https://www.mako.co.il/news-channel2/first-edition/Article-21ac114a95c1e11004.htm,N12 - תלמידי ישראל מקבלים נכשל,,wayback
https://www.mako.co.il/news-channel2/first-edition/Article-2e64472f76e0f11004.htm,N12 - כותרות מהדורה ראשונה,,wayback
https://www.mako.co.il/news-channel2/first-edition/Article-350990ac6638e11004.htm,"N12 - ""עופרת יצוקה"": דיווחים שוטפים מהדרום",,wayback
https://www.mako.co.il/news-channel2/first-edition/Article-40bfb47ea4a5e11004.htm,N12 - כותרות מהדורה ראשונה,,wayback
https://www.mako.co.il/news-channel2/first-edition/Article-448571ae41f8f11004.htm,"N12 - ליברמן הודיע לנשיא: רה""מ הבא הוא בנימין נתניהו",,wayback
https://www.mako.co.il/news-channel2/first-edition/Article-44fe721fd4a2d11004.htm,N12 - האם זהו ריקוד הניצחון של ברק אובמה?,,wayback
https://www.mako.co.il/news-channel2/first-edition/Article-5459c6836dd5d11004.htm,N12 - מכת מדינה: פגע וברח,,wayback
https://www.mako.co.il/news-channel2/first-edition/Article-58a3b5b872bad11004.htm,N12 - מהדורה ראשונה מסביב לעולם,,wayback
https://www.mako.co.il/news-channel2/first-edition/Article-690bfae81be6e11004.htm,N12 - מבזק 17:00,,wayback
https://www.mako.co.il/news-channel2/first-edition/Article-6a0a604f5186d11006.htm,"N12 - נא להכיר: המתמודדים לנשיאות ארה""ב",,wayback
https://www.mako.co.il/news-channel2/first-edition/Article-6f7f72bdcad8e11004.htm,N12 - קריאה לישראל להפסקת הלחימה,,wayback
https://www.mako.co.il/news-channel2/first-edition/Article-86a07583c8dfd11006.htm,N12 - מלב אל לב,,wayback
https://www.mako.co.il/news-channel2/first-edition/Article-86af8dbaca51d11004.htm,N12 - אצלנו - מסכים ירוקים,,wayback
https://www.mako.co.il/news-channel2/first-edition/Article-98a43de2c64fe11006.htm,N12 - כותרות מהדורה הראשונה,,wayback
https://www.mako.co.il/news-channel2/first-edition/Article-994369abb7bce11004.htm,N12 - ואלס עם גלובוס הזהב,,wayback
https://www.mako.co.il/news-channel2/first-edition/Article-9e4aed0b8ff8c11004.htm,N12 - מבזק 17:00,,wayback
https://www.mako.co.il/news-channel2/first-edition/Article-a0366b57489ac11004.htm,N12 - מהדורה ראשונה מסביב לעולם,,wayback
https://www.mako.co.il/news-channel2/first-edition/Article-a10d68725962e11006.htm,N12 - 900 ימים בלי גלעד שליט,,wayback
https://www.mako.co.il/news-channel2/first-edition/Article-a1821e55cd4c421004.htm,N12 - אבו מאזן רומז: לא אתמודד בבחירות,,wayback
https://www.mako.co.il/news-channel2/first-edition/Article-a2c60ecc9adcc11004.htm,N12 - כותרות מהדורה ראשונה,,wayback
https://www.mako.co.il/news-channel2/first-edition/Article-a49c907d936ff11004.htm,N12 - חזיז לעבר ביתה של אורלי וילנאי,,wayback
https://www.mako.co.il/news-channel2/first-edition/Article-b27f410d60ffe11004.htm,N12 - הילדים שבין עזה לישראל,,wayback
https://www.mako.co.il/news-channel2/first-edition/Article-b552be672cb5f11004.htm,N12 - מהדורה ראשונה מסביב לעולם,,wayback
https://www.mako.co.il/news-channel2/first-edition/Article-bd78146b4838e11004.htm,N12 - עוטף עזה: התלמידים לא חוזרים ללימודים,,wayback
https://www.mako.co.il/news-channel2/first-edition/Article-c873de44124dd11006.htm,N12 - מבזק 17:00,,wayback
https://www.mako.co.il/news-channel2/first-edition/Article-cbf9a270e6e4d11004.htm,N12 - הנסיכים ויליאם והארי על השטיח האדום,,wayback
https://www.mako.co.il/news-channel2/first-edition/Article-cea9c6c6643bf11004.htm,N12 - מהדורה ראשונה מסביב לעולם,,wayback
https://www.mako.co.il/news-channel2/first-edition/Article-d2a81dc45bf7f11004.htm,N12 - החופשה באילת הסתיימה רע,,wayback
https://www.mako.co.il/news-channel2/first-edition/Article-e66d092fa637d11004.htm,N12 - 7 שנות מאסר נגזרו על חנן גולדבלט,,wayback
https://www.mako.co.il/news-channel2/first-edition/Article-e74112ce1252d11006.htm,N12 - רכבת הרים כלכלית,,wayback
https://www.mako.co.il/news-channel2/first-edition/Article-ed49c4ca7812e11006.htm,N12 - הוגש כתב אישום נגד עמיר מולנר,,wayback
https://www.mako.co.il/news-channel2/first-edition/Article-ee4afdbbaf5ad11006.htm,N12 - הבריחה ממפלגת העבודה: עמי איילון עוזב,,wayback
https://www.mako.co.il/news-channel2/first-edition/Article-f07e88a35712e11006.htm,N12 - מבזק 17:00,,wayback
https://www.mako.co.il/news-channel2/first-edition/Article-f323c489a4ebc11004.htm,N12 - מבזק 17:00,,wayback
https://www.mako.co.il/news-channel2/first-edition/Article-f3f3ec4aca81f11004.htm,"N12 - חייל צה""ל נהרג",,wayback
https://www.mako.co.il/news-channel2/vod/Article-24339cfff2f7441004.htm,N12 - חדשות סוף השבוע - המהדורה המלאה,,wayback
https://www.mako.co.il/news-channel2/vod/Article-4b5a71bcb9afd31004.htm,N12 - המהדורה המרכזית המלאה - 11.04,,wayback
https://www.mako.co.il/news-channel2/vod/Article-9b41f5c86deec31004.htm,N12 - המהדורה המרכזית המלאה - 18.02,,wayback
https://www.mako.co.il/news-channel2/vod/Article-9e0c8006689f231017.htm,N12 - המהדורה המרכזית המלאה - 12.10,,wayback
https://www.mako.co.il/news-channel2/vod/Article-a1e0da7c6c37041004.htm,N12 - המהדורה המרכזית המלאה - 12.8,,wayback
https://www.mako.co.il/news-channel2/world-order/Article-19d84babc4ea141004.htm,N12 - סדר עולמי 12.10.2013,,wayback
https://www.mako.co.il/news-channel2/world-order/Article-975b87331709021004.htm,N12 - סדר עולמי - חלק ראשון,,wayback
https://www.mako.co.il/news-channel2/world-order/Article-a90f98f19082f11004.htm,N12 - סדר עולמי- חלק 2,,wayback
https://www.mako.co.il/news-channel2/world-order/Article-dc9278074cf4e11004.htm,N12 - סדר עולמי - חלק 2,,wayback
https://www.mako.co.il/news-channel2/young-edition/Article-172d7962bf0d341004.htm,N12 - המהדורה הצעירה - 26.01.2014,,wayback
https://www.mako.co.il/news-channel2/young-edition/Article-36d8ac23198c831017.htm,N12 - המהדורה הצעירה - 27.7.2012,,wayback
https://www.mako.co.il/news-channel2/young-edition/Article-41580bd1af73241004.htm,N12 - המהדורה הצעירה - 8.11.2013,,wayback
https://www.mako.co.il/news-channel2/young-edition/Article-9b806fdcd4dc541004.htm,N12 - המהדורה הצעירה - 05.05.2014,,wayback
https://www.mako.co.il/news-channel2/young-edition/Article-c8e96c5f1ad2b31004.htm,N12 - המהדורה הצעירה - 23.11.2012,,wayback
https://www.mako.co.il/news-columns/2020_q2/Article-6b7dccab4bd8271026.htm,N12 - דגלי פלסטין בכיכר? רבין היה מתבייש,,wayback
https://www.mako.co.il/news-columns/2020_q3/Article-05213c8e2a07371026.htm,"N12 - חורבנה של לבנון - סכנה בגבול. אהוד יערי, פרשנות",,wayback
https://www.mako.co.il/news-columns/2021_q2/Article-2df919aa1fc4a71027.htm,N12 - חוק יסוד החקיקה: המשימה והאתגר של גדעון סער,,wayback
https://www.mako.co.il/news-columns/2021_q3/Article-4857fdba17e3b71027.htm,"N12 - מיכל פעילן | גם המפכ""ל מבין: הבעיה של המשטרה מתחילה מלמעלה",,wayback
https://www.mako.co.il/news-columns/2022_q1/Article-79fb6f1140bdf71026.htm,"N12 - זוהי שעת חירום: למנוע ""סערה מושלמת"" של טרור",,wayback
https://www.mako.co.il/news-columns/2022_q1/Article-a6d3b4e7836be71026.htm,"N12 - דעה | פרופ' יובל שני על כהונת מנדלבליט והאתגר ליועמ""ש הבאה",,wayback
https://www.mako.co.il/news-columns/2022_q2/Article-2ae2f0ec8ef0181026.htm,N12 - ירושלים מפספסת את תפקידה האמיתי | דעה,,wayback
https://www.mako.co.il/news-columns/2022_q2/Article-f4b30ea4688a081027.htm,N12 - אלוף במיל' יצחק בריק: הפכנו לצבא חיל האוויר,,wayback
https://www.mako.co.il/news-columns/2022_q4/Article-2fdf17986fe0481027.htm,N12 - המשבר בחינוך לגיל הרך: הבטחות זה לא דבר פעוט | דעה,,wayback
https://www.mako.co.il/news-columns/2022_q4/Article-9c3800d64698381026.htm,N12 - דעה לא פופולרית: הפתרונות שיוצאות נגד הקונספציות...,,wayback
https://www.mako.co.il/news-columns/2023_q1/Article-bddd7e2d1e69681027.htm,N12 - פרופ' יובל נוח הררי: תעצרו את ההפיכה – או שנעצור את המדינה,,wayback
https://www.mako.co.il/news-columns/2023_q2/Article-4bb1c844a640881026.htm,N12 - המבצע שבו עזה גילתה: גם איפוק זה כוח | אוהד חמו,,wayback
https://www.mako.co.il/news-columns/2023_q2/Article-c9aaec7aca74881027.htm,"N12 - רוחות מלחמה: מה גרם לרמטכ""ל ולראש אמ""ן לפרסם אזהרה?",,wayback
https://www.mako.co.il/news-columns/2023_q3/Article-1f4b41f9e69d981027.htm,N12 - סמוטריץ' מוכיח - גזענות ומקצועיות לא הולכות ביחד,,wayback
https://www.mako.co.il/news-columns/2023_q3/Article-b91f0f73c659a81027.htm,N12 - רוצה או לא? הסתירה הפנימית שמסבכת את הממשלה,,wayback
https://www.mako.co.il/news-columns/2023_q4/Article-db09cc565291b81026.htm,N12 - במלחמה כמו במלחמה,,wayback
https://www.mako.co.il/news-columns/2023_q4/Article-fcf787ad0ba0b81027.htm,N12 - מדינת עזה פתחה במלחמה נגד ישראל - ואיתה צריך להילחם בהתאם,,wayback
https://www.mako.co.il/news-columns/2024_q1/Article-7b5ef86c6a0cd81026.htm,N12 - הר הבית בידינו ונתניהו בידי בן גביר,,wayback
https://www.mako.co.il/news-columns/2024_q1/Article-acc8a4232453d81027.htm,N12 - האסון בעזה רק ממחיש כמה חייבים להמשיך להילחם,,wayback
https://www.mako.co.il/news-columns/2024_q2/Article-01c0a1a46d7df81026.htm,"N12 - נתניהו חולם על טראמפ, ולוקח הימור מסוכן על עתידה של...",,wayback
https://www.mako.co.il/news-columns/2024_q2/Article-0aeeee1bf331291026.htm,,,wayback
https://www.mako.co.il/news-columns/2024_q2/Article-27a3515cf28ce81027.htm,,,wayback
https://www.mako.co.il/news-columns/2024_q2/Article-528f7a39b68df81026.htm,N12 - אין לרמות את עצמנו: הסכנות העצומות בכניעה לדרישות חמאס...,,wayback
https://www.mako.co.il/news-columns/2024_q2/Article-6b3b78e4af1ff81027.htm,,,wayback
https://www.mako.co.il/news-columns/2024_q2/Article-7462dc0fee04091027.htm,,,wayback
https://www.mako.co.il/news-columns/2024_q2/Article-82a036cd5ab9e81026.htm,"N12 - ""טבעת של אש""",,wayback
https://www.mako.co.il/news-columns/2024_q2/Article-83822d48245f091026.htm,,,wayback
https://www.mako.co.il/news-columns/2024_q2/Article-86fb7a0b15f9f81027.htm,,,wayback
https://www.mako.co.il/news-columns/2024_q2/Article-9f4e549a6c2ef81026.htm,,,wayback
https://www.mako.co.il/news-columns/2024_q2/Article-b99f7b252dbff81026.htm,,,wayback
https://www.mako.co.il/news-columns/2024_q2/Article-bdd3df9ddc00291027.htm,"N12 - הפרשנים: השאלות הגדולות אחרי ""מבצע פיצוץ הביפרים"" בלבנון",strong,wayback
https://www.mako.co.il/news-columns/2024_q2/Article-c9f0c65cab1ef81026.htm,N12 - מה שצריך כדי לשנות את המציאות | פרשנות,,wayback
https://www.mako.co.il/news-columns/2024_q2/Article-f7e5f8854acde81026.htm,N12 - המתקפה האיראנית היא ההזדמנות לתפנית במלחמה שישראל חיכתה לה,,wayback
https://www.mako.co.il/news-columns/2024_q3/Article-008d187e8933291026.htm,N12 - המסר הלוחמני של נתניהו - והשאלה שהותיר ללא תשובה:...,,wayback
https://www.mako.co.il/news-columns/2024_q3/Article-029da8a2e6ff191027.htm,,,wayback
https://www.mako.co.il/news-columns/2024_q3/Article-091414fa7dba091027.htm,"N12 - חיסול דף יהיה בעל השלכות אסטרטגיות חשובות, אך לא יפתור...",,wayback
https://www.mako.co.il/news-columns/2024_q3/Article-1937d3a49b33291027.htm,"N12 - סדר חדש במזרח התיכון? הכול טמון בתעוזה, של נתניהו",,wayback
https://www.mako.co.il/news-columns/2024_q3/Article-1937d3a49b33291027.htm&utm_source=Whatsapp&utm_medium=Share,"N12 - סדר חדש במזרח התיכון? הכול טמון בתעוזה, של נתניהו",,wayback
https://www.mako.co.il/news-columns/2024_q3/Article-1a85ca774aeb191027.htm,N12 - הדשדוש בעזה: סינוואר קורע אותנו מבפנים – וכבר מתקדם...,,wayback
https://www.mako.co.il/news-columns/2024_q3/Article-1f89fa3b63e2291026.htm,N12 - אין פה הפתעות: המגעים מתכתבים בדיוק עם מטרות המלחמה,,wayback
https://www.mako.co.il/news-columns/2024_q3/Article-218f83b6dae8191026.htm,"N12 - מעצר מנכ""ל טלגרם הוא שלב חדש בניקיון",,wayback
https://www.mako.co.il/news-columns/2024_q3/Article-21a2775e6fef191026.htm,"N12 - הספין של סער, התאום הפוליטי של נתניהו",,wayback
https://www.mako.co.il/news-columns/2024_q3/Article-23f4f6e088c3291026.htm,N12 - המלחמה בצפון היא מלחמה בלבנון,,wayback
https://www.mako.co.il/news-columns/2024_q3/Article-23f4f6e088c3291026.htm&utm_source=Twitter&utm_medium=Share,N12 - טעות חמורה: גם אנחנו נפלנו בהטעיה של לבנון,,wayback
https://www.mako.co.il/news-columns/2024_q3/Article-246026e3084f191026.htm,N12 - התחזקות האיסלאם הפוליטי בירדן מסבכת את המלך | פרשנות,,wayback
https://www.mako.co.il/news-columns/2024_q3/Article-24b07c33e9d8191026.htm,"N12 - ""אסטרטגיית ההגנה"" של ביידן לא עובדת",,wayback
https://www.mako.co.il/news-columns/2024_q3/Article-24d3ea85ead1291026.htm,"N12 - סינוואר חוסל? השאלות הקשות אחרי הדיווחים ותשובת דובר צה""ל",,wayback
https://www.mako.co.il/news-columns/2024_q3/Article-2556a09384d2291027.htm,,,wayback
https://www.mako.co.il/news-columns/2024_q3/Article-305f7b4ad1af191027.htm,N12 - אהוד ברק: נתניהו הפר את הכלל הראשון של ראש ממשלה במלחמה,,wayback
https://www.mako.co.il/news-columns/2024_q3/Article-30d41b3412cb191027.htm,N12 - המלחמה שכולם מעדיפים לשכוח,,wayback
https://www.mako.co.il/news-columns/2024_q3/Article-345f6b665491291027.htm,,,wayback
https://www.mako.co.il/news-columns/2024_q3/Article-345f6b665491291027.htm&utm_source=Whatsapp&utm_medium=Share,"N12 - מלחמת שלום הגליל, לא לבנון השלישית",,wayback
https://www.mako.co.il/news-columns/2024_q3/Article-36bb5d599b14291026.htm,,,wayback
https://www.mako.co.il/news-columns/2024_q3/Article-3ebf00c41df0291026.htm,,,wayback
https://www.mako.co.il/news-columns/2024_q3/Article-4c866fee4683291026.htm,N12 - היום שאחרי נסראללה - ישראל יוצרת מזרח תיכון אחר,,wayback
https://www.mako.co.il/news-columns/2024_q3/Article-4cfbfb4eafbf191026.htm,,,wayback
https://www.mako.co.il/news-columns/2024_q3/Article-598c7c33e9d8191026.htm,,,wayback
https://www.mako.co.il/news-columns/2024_q3/Article-5ac49e9efe9e091027.htm,N12 - החוצפה של מבקרי נועה ארגמני | דעה,,wayback
https://www.mako.co.il/news-columns/2024_q3/Article-5e5185888960291026.htm,,,wayback
https://www.mako.co.il/news-columns/2024_q3/Article-5e5185888960291026.htm&utm_source=Twitter&utm_medium=Share,N12 - שעת כושר להכות במערך הטילים של חיזבאללה,,wayback
https://www.mako.co.il/news-columns/2024_q3/Article-660cac96a162291026.htm,N12 - ‏המלחמה בצפון: זמן להחלטות קשות ואמיצות,,wayback
https://www.mako.co.il/news-columns/2024_q3/Article-6faebe3ac247191027.htm,N12 - בתחבולות תסיים מלחמה,,wayback
https://www.mako.co.il/news-columns/2024_q3/Article-71d637502301291027.htm,,,wayback
https://www.mako.co.il/news-columns/2024_q3/Article-72a210ac5720191027.htm,N12 - בן גביר מצא את מה שרצה - מישהו חסר גבולות כמוהו,,wayback
https://www.mako.co.il/news-columns/2024_q3/Article-76169bc5ea39191026.htm,,,wayback
https://www.mako.co.il/news-columns/2024_q3/Article-78e3d674aa38191026.htm,"N12 - דני לוי, רב ניצב לעתיד: המדריך למפכ""ל המתחיל",,wayback
https://www.mako.co.il/news-columns/2024_q3/Article-813bba2fe7d3291026.htm,"N12 - נסראללה חוסל, הגיע הזמן לחסל גם את האידיאולוגיה שלו",,wayback
https://www.mako.co.il/news-columns/2024_q3/Article-86edf92c97ae191027.htm,"N12 - ביום אחד, מהפכת בן גביר במשטרה הושלמה",,wayback
https://www.mako.co.il/news-columns/2024_q3/Article-8885ea6514a6191026.htm,,,wayback
https://www.mako.co.il/news-columns/2024_q3/Article-8cb640810590291026.htm,,,wayback
https://www.mako.co.il/news-columns/2024_q3/Article-8d103b2cde73291027.htm,N12 - חיסול נסראללה מקרב את שחרור לבנון מחיזבאללה,,wayback
https://www.mako.co.il/news-columns/2024_q3/Article-8ea8b484d83a191026.htm,N12 - 3 שנים הייתי אחראי לציר פילדלפי. את הבלוף של נתניהו...,,wayback
https://www.mako.co.il/news-columns/2024_q3/Article-8fd750053b22291027.htm,"N12 - כשהמומנטום לצידנו, צריך לשלב את המעשה המדיני בצבאי",,wayback
https://www.mako.co.il/news-columns/2024_q3/Article-90d38fff2d90291026.htm,N12 - צהלות השמחה מוקדמות מדי | אלוף במיל' יצחק בריק,,wayback
https://www.mako.co.il/news-columns/2024_q3/Article-93ff0598fa22291026.htm,"N12 - נסראללה חשב שהוא מכיר את הסנטימנט הישראלי, היום ברור שטעה",,wayback
https://www.mako.co.il/news-columns/2024_q3/Article-95cdd6dc98d2291027.htm,"N12 - עצירה היא מתנה לחיזבאללה | ניר דבורי, דעה",,wayback
https://www.mako.co.il/news-columns/2024_q3/Article-9a757bb2dcca191027.htm,"N12 - הלחץ הצבאי לא רק משחרר חטופים, הוא גם הורג אותם",,wayback
https://www.mako.co.il/news-columns/2024_q3/Article-9ad363824b30291026.htm,N12 - מעבר לכל הציפיות של נסראללה,,wayback
https://www.mako.co.il/news-columns/2024_q3/Article-9ad363824b30291026.htm&utm_source=Whatsapp&utm_medium=Share,N12 - מעבר לכל הציפיות של נסראללה,,wayback
https://www.mako.co.il/news-columns/2024_q3/Article-9bf9b13c3e62191026.htm,"N12 - להרתיע את איראן, מבלי לחזור על טעויות קודמות",,wayback
https://www.mako.co.il/news-columns/2024_q3/Article-9d142f4ef5e1291027.htm,,,wayback
https://www.mako.co.il/news-columns/2024_q3/Article-9eae26e3084f191026.htm,N12 - הקו המחבר בין פיגועי הפשיעה לפיגועי הטרור,,wayback
https://www.mako.co.il/news-columns/2024_q3/Article-a27eb8bdb197191027.htm,,,wayback
https://www.mako.co.il/news-columns/2024_q3/Article-a360f8290681291026.htm,,,wayback
https://www.mako.co.il/news-columns/2024_q3/Article-a999b267381d191026.htm,N12 - נתניהו עדיין פועל להרחבת הממשלה – שר אחד עומד בדרכו,,wayback
https://www.mako.co.il/news-columns/2024_q3/Article-b86e1b37aa33291027.htm,N12 - חכו רגע עם הכניסה הקרקעית | מנחם הורוביץ,,wayback
https://www.mako.co.il/news-columns/2024_q3/Article-bcf18c79fac3191027.htm,,,wayback
https://www.mako.co.il/news-columns/2024_q3/Article-bebf63824b30291026.htm,N12 - כך הפך נתניהו למרוויח הגדול בסופו של שבוע פוליטי סוער,,wayback
https://www.mako.co.il/news-columns/2024_q3/Article-d25ac07ac4af191027.htm,,,wayback
https://www.mako.co.il/news-columns/2024_q3/Article-d7d93b38b40e191026.htm,,,wayback
https://www.mako.co.il/news-columns/2024_q3/Article-dba04d4095fd191027.htm,,,wayback
https://www.mako.co.il/news-columns/2024_q3/Article-e5b3a7b491cd191027.htm,N12 - לחזור לקריית שמונה - עכשיו,,wayback
https://www.mako.co.il/news-columns/2024_q3/Article-e95bd3a49b33291027.htm,,,wayback
https://www.mako.co.il/news-columns/2024_q3/Article-ee5320d020de191027.htm,N12 - נתניהו בנה משחק מלחמה משל עצמו | דעה,,wayback
https://www.mako.co.il/news-columns/2024_q3/Article-f03585546c79191027.htm,N12 - מה מעיק על לוין?,,wayback
https://www.mako.co.il/news-columns/2024_q3/Article-f369178ddefe191027.htm,"N12 - בן גביר הוא האחראי הראשי להשתוללות הפשיעה המאורגנת, ויש...",,wayback
https://www.mako.co.il/news-columns/2024_q3/Article-f73941d9b9f1291027.htm,N12 - פרשני חדשות 12: ישראל משנה טון - נסראללה מחכה לאיראן,,wayback
https://www.mako.co.il/news-columns/2024_q3/Article-f781d006c0bf191027.htm,,,wayback
https://www.mako.co.il/news-columns/2024_q3/Article-fbf486f20340291026.htm,,,wayback
https://www.mako.co.il/news-columns/2024_q4/Article-063976e27636291026.htm,"N12 - נתניהו, תן להם נקודת יציאה | אלוף במיל' גיורא איילנד,...",,wayback
https://www.mako.co.il/news-columns/2024_q4/Article-19ee8ec4e936291026.htm,,,wayback
https://www.mako.co.il/news-columns/2024_q4/Article-19ee8ec4e936291026.htm&utm_source=Whatsapp&utm_medium=Share,"N12 - חיזבאללה שהכרנו לא קיים יותר, וחשוב לנצל זאת בזמן",,wayback
https://www.mako.co.il/news-columns/2024_q4/Article-1d5993f04174291026.htm,,,wayback
https://www.mako.co.il/news-columns/2024_q4/Article-23db1836a0e6291027.htm,N12 - הערב שבו נזכרנו איזו מדינה אנחנו רוצים להיות | מיכל פעילן,,wayback
https://www.mako.co.il/news-columns/2024_q4/Article-2f3bf0486016291026.htm,N12 - שנה של לחימה: עד כמה ישראל התקרבה להשגת מטרות המלחמה,,wayback
https://www.mako.co.il/news-columns/2024_q4/Article-350e9661a6c3291026.htm,,,wayback
https://www.mako.co.il/news-columns/2024_q4/Article-390e901ccc64291027.htm,"N12 - המחדל שקלקל את התוכניות – והחיסול שהחזיר לצה""ל את הביטחון",,wayback
https://www.mako.co.il/news-columns/2024_q4/Article-399c995a0c43291027.htm,N12 - חיסול נסראללה ייצור הזדמנות למהלומת הסגירה של המלחמה,,wayback
https://www.mako.co.il/news-columns/2024_q4/Article-3fe0f075e2b6291026.htm,N12 - תוכנית הדגל של איראן התפרקה לגורמים | אלוף במיל' ישראל זיו,,wayback
https://www.mako.co.il/news-columns/2024_q4/Article-4784bb409f56291027.htm,"N12 - 06:29, כל יום: הטראומה חזקה מהכול",,wayback
https://www.mako.co.il/news-columns/2024_q4/Article-50aeac784945291026.htm,N12 - כך צריך לטפל בלבנון ובאיראן | אלוף במיל' ישראל זיו,,wayback
https://www.mako.co.il/news-columns/2024_q4/Article-50aeac784945291026.htm&utm_source=Twitter&utm_medium=Share,N12 - כך צריך לטפל בלבנון ובאיראן,,wayback
https://www.mako.co.il/news-columns/2024_q4/Article-532eeed0bcd3291026.htm,"N12 - בין שותפות גורל ל""אויב מבפנים"": הפרדוקס הערבי-ישראלי",,wayback
https://www.mako.co.il/news-columns/2024_q4/Article-6df8c58476c4291026.htm,"N12 - איראן שברה את הכלים, שוב",,wayback
https://www.mako.co.il/news-columns/2024_q4/Article-77eaf0679881291027.htm,N12 - היום שגילה לנו משטרה אחרת – והפספוס הגדול שלה מאז,,wayback
https://www.mako.co.il/news-columns/2024_q4/Article-860e28125024291026.htm,"N12 - נסראללה חוסל, אך האתגר הגדול של נתניהו רק מתחיל",,wayback
https://www.mako.co.il/news-columns/2024_q4/Article-860e28125024291026.htm&utm_source=Twitter&utm_medium=Share,"N12 - נסראללה חוסל, אך האתגר הגדול של נתניהו רק מתחיל",,wayback
https://www.mako.co.il/news-columns/2024_q4/Article-90717634fe64291026.htm,"N12 - סוגיית הגיוס היא לא סוגיה פוליטית, יש דרך אחת לפתור אותה",,wayback
https://www.mako.co.il/news-columns/2024_q4/Article-98e0dc004266291027.htm,"N12 - ירדן, הרגשת שמשהו רע עומד לקרות. לא ידעת עד כמה",,wayback
https://www.mako.co.il/news-columns/2024_q4/Article-b4f8098e6784291026.htm,N12 - חיזבאללה ארב על הגדר 18 שנה - ואיש לא עצר את הטירוף,,wayback
https://www.mako.co.il/news-columns/2024_q4/Article-b7cb03462117291027.htm,,,wayback
https://www.mako.co.il/news-columns/2024_q4/Article-c719baba0db6291026.htm,N12 - אחרי שנה של לחימה גילינו: לישראל יש אסטרטגיה,,wayback
https://www.mako.co.il/news-columns/2024_q4/Article-cfb1e4ec60c5291026.htm,,,wayback
https://www.mako.co.il/news-columns/2024_q4/Article-d4f2dfa24752291027.htm,,,wayback
https://www.mako.co.il/news-columns/Article-08edb9b247ec931017.htm,"N12 - ""האביב הערבי מפזר אבק אסלאמי קיצוני""",,wayback
https://www.mako.co.il/news-columns/Article-1ab3529e1cc5121004.htm,N12 - הקיץ בפתח: הכן גופך למתקפת היתושים,,wayback
https://www.mako.co.il/news-columns/Article-1bda75c75e72f31004.htm,N12 - בשביל לקצץ צריך תכנית רב-שנתית,,wayback
https://www.mako.co.il/news-columns/Article-23d6d6beaa64331017.htm,"N12 - ""נחושה וזועמת"" או מאוהבת בפוזה?",,wayback
https://www.mako.co.il/news-columns/Article-25b15ba5bcfac21004.htm,N12 - זוהיר בהלול מספיד את הר הכרמל,,wayback
https://www.mako.co.il/news-columns/Article-262a32cd1a1a041004.htm,N12 - נשק כימי בסוריה? רק בהוראה ישירה של אסד,,wayback
https://www.mako.co.il/news-columns/Article-42b68f7f452f531018.htm,N12 - מי יותר פמיניסטית: ושתי או אסתר?,,wayback
https://www.mako.co.il/news-columns/Article-45fcb2f31f42631018.htm,"N12 - ""תפסיקו להלך עלינו אימים, אנחנו לא כאלה מסכנים""",,wayback
https://www.mako.co.il/news-columns/Article-60f849ddbeaae11006.htm,N12 - דורנר: חייבים להילחם בדיווחי התקשורת של האויב,,wayback
https://www.mako.co.il/news-columns/Article-8999d25ec0c8a21004.htm,"N12 - ארה""ב נוטשת - אבל הבוץ נשאר",,wayback
https://www.mako.co.il/news-columns/Article-9bcf37fa3037641004.htm,N12 - האם גוש המרכז נערך לבחירות הבאות?,,wayback
https://www.mako.co.il/news-columns/Article-a70704779924231017.htm,N12 - צדק חברתי? העם דורש הדום חינם,,wayback
https://www.mako.co.il/news-columns/Article-a960cb72d150d11004.htm,N12 - במה תרם העימות האחרון למתמודדים לנשיאות?,,wayback
https://www.mako.co.il/news-columns/Article-c291046aba7e131017.htm,N12 - הגיע הזמן לפתוח את הסכמי השלום עם מצרים,,wayback
https://www.mako.co.il/news-columns/Article-c885ac1bc18bc11004.htm,N12 - מי יכול להתחייב לשנתיים של יציבות?,,wayback
https://www.mako.co.il/news-columns/Article-f596fed7c36c121004.htm,N12 - מה אובמה באמת אמר: המומחית לשפת גוף מנתחת,,wayback
https://www.mako.co.il/news-digital/2019_Q3/Article-a307e8a0bed8b61026.htm,N12 - אפליקציית N12 - החדשות 12,,wayback
https://www.mako.co.il/news-digital/2021_q4/Article-9af4d77a3c9fc71026.htm,N12 - עדויות על עשרות ניסיונות פריצה לחשובונות בסוף השבוע,,wayback
https://www.mako.co.il/news-digital/2023_q4/Article-25f9965fd1dbb81026.htm,N12 - הקרב על האלגוריתם: מדוע ישראל מפסידה בזירת הרשתות החברתיות,,wayback
https://www.mako.co.il/news-digital/2023_q4/Article-3f29287df568c81026.htm,"N12 - המכה המוחצת שהנחיתה ""פורטנייט"" על גוגל - ואולי גם על...",,wayback
https://www.mako.co.il/news-digital/2023_q4/Article-4c90bcac4df8b81027.htm,"N12 - כוכבת הרשת הלבנונית שפעילה בהסברה למען ישראל: ""יש רוע...",,wayback
https://www.mako.co.il/news-digital/2023_q4/Article-59c4d2a4fedfb81026.htm,"N12 - קמפיין ההסתה שמנצל את כאב משפחות החטופים - ומגיע מחו""ל",,wayback
https://www.mako.co.il/news-digital/2023_q4/Article-61b6cb30494bb81027.htm,"N12 - קאבי לאמה, הטיקטוקר הפופולרי בעולם, הציע איך לפתור את...",,wayback
https://www.mako.co.il/news-digital/2023_q4/Article-bf87a80eb546c81026.htm,"N12 - עם הלל ל""שאהידים"": האקרים פרו-פלסטיניים השחיתו את אתר צה""ל",,wayback
https://www.mako.co.il/news-digital/2023_q4/Article-ed398b1ad676c81026.htm,"N12 - פוטין לא ""חבר"": כך פעלה מתקפת הסייבר והפייק של רוסיה...",,wayback
https://www.mako.co.il/news-digital/2023_q4/Article-f456210b8507b81026.htm,"N12 - ""בוגדים מבפנים"": כך תזהו ותדווחו על פייק ניוז...",,wayback
https://www.mako.co.il/news-digital/2024_q1/Article-3ae01ca4a811d81026.htm,"N12 - ""כל מה שהשקעתי אבד"": הפוסט הנואש של בעל חנות...",,wayback
https://www.mako.co.il/news-digital/2024_q1/Article-4a5f2fdaa5cad81027.htm,N12 - טיקטוק נלחמת בטרנד הרזון החולני,,wayback
https://www.mako.co.il/news-digital/2024_q1/Article-78aadb2e4618e81026.htm,"N12 - ""התשוקה וההנאה עדיין קיימים, זה לא נעלם""",,wayback
https://www.mako.co.il/news-digital/2024_q1/Article-a27c32f1e69fc81026.htm,N12 - ההייטק במשבר - וזה מה שהממשלה צריכה לעשות,,wayback
https://www.mako.co.il/news-digital/2024_q1/Article-b3ea451d08dad81027.htm,N12 - המוות המסתורי של היוטיובר מסעיר את הגולשים,,wayback
https://www.mako.co.il/news-digital/2024_q2/Article-0831b7a25801f81027.htm,,,wayback
https://www.mako.co.il/news-digital/2024_q2/Article-d07af522080d091026.htm,N12 - החברה האחראית לתקלת המחשבים הגדולה בהיסטוריה מסרבת לקבל...,,wayback
https://www.mako.co.il/news-digital/2024_q2/Article-d6a02b90aa5ee81026.htm,,,wayback
https://www.mako.co.il/news-digital/2024_q3/Article-e6813a4de99c091026.htm,,,wayback
https://www.mako.co.il/news-digital/2024_q3/Article-f28a5e0efdfe091027.htm,N12 - האמת על הסרטון בו טראמפ לא לוחץ יד לנתניהו,,wayback
https://www.mako.co.il/news-diplomatic/2023_q4/Article-e61f6e7d7c59b81026.htm,N12 - פרסום ראשון: מגעים מתקדמים להגעתו של נשיא אוקראינה...,,wayback
https://www.mako.co.il/news-diplomatic/2024_q2/Article-39d3bfbbc12fe81026.htm,"N12 - חשש בישראל: צווי מעצר לבכירים, גם נגד נתניהו",,wayback
https://www.mako.co.il/news-diplomatic/2024_q2/Article-47681facad8ff81027.htm,N12 - מאחורי הקלעים של המבצע לחילוץ חטופים,,wayback
https://www.mako.co.il/news-diplomatic/2024_q2/Article-84e20f7e6113f81027.htm,N12 - צווי המעצר הבין-לאומיים והפנייה החריגה של נתניהו...,,wayback
https://www.mako.co.il/news-diplomatic/2024_q2/Article-9b18382c2d20091026.htm,"N12 - חשיפה | מסמך ההצעה הישראלית לחמאס מ-6 במאי שרה""מ מסתיר...",,wayback
https://www.mako.co.il/news-diplomatic/2024_q3/Article-0daa4534c5cf191026.htm,,,wayback
https://www.mako.co.il/news-diplomatic/2024_q3/Article-0fb9d0224205191026.htm,N12 - מנופי הלחץ שמפעיל חמאס - וכך המתווכות מנסות להשפיע,,wayback
https://www.mako.co.il/news-diplomatic/2024_q3/Article-1eb3680e46f7191027.htm,N12 - המגעים לעסקה: המצרים יעבירו את ההצעה המעודכנת לחמאס,,wayback
https://www.mako.co.il/news-diplomatic/2024_q3/Article-1f72da8f8f53191027.htm,,,wayback
https://www.mako.co.il/news-diplomatic/2024_q3/Article-2751de8ccd82291027.htm,,,wayback
https://www.mako.co.il/news-diplomatic/2024_q3/Article-392eec069b28191027.htm,N12 - ההתחייבויות החדשות של נתניהו לביידן,,wayback
https://www.mako.co.il/news-diplomatic/2024_q3/Article-3bda9f41bde9191027.htm,N12 - מסמך האזהרה של גלנט לקבינט: ההשלכות הדרמטיות של אי...,,wayback
https://www.mako.co.il/news-diplomatic/2024_q3/Article-4b113d19843a191027.htm,N12 - אולמרט חתם עם אחיינו של ערפאת על חלוקת ירושלים,,wayback
https://www.mako.co.il/news-diplomatic/2024_q3/Article-4d9d2b6c5a07191027.htm,N12 - ההזדמנות שהוחמצה להחזרת הקשישים החטופים,,wayback
https://www.mako.co.il/news-diplomatic/2024_q3/Article-5a7b408a3e33191026.htm,,,wayback
https://www.mako.co.il/news-diplomatic/2024_q3/Article-686194115792291026.htm,,,wayback
https://www.mako.co.il/news-diplomatic/2024_q3/Article-87cb654e7857191026.htm,"N12 - יולי אדלשטיין: ""יש עדיין סיכוי לעסקה חטופים - נתניהו לא...",,wayback
https://www.mako.co.il/news-diplomatic/2024_q3/Article-8c737c2cdd15191027.htm,N12 - לקראת הפסגה בקטאר: עמדת ישראל לשיחות - והחשש במערכת...,,wayback
https://www.mako.co.il/news-diplomatic/2024_q3/Article-a2aadb2cd391191026.htm,N12 - שיחת הנזיפה בין ביידן לנתניהו | פרטים חדשים,,wayback
https://www.mako.co.il/news-diplomatic/2024_q3/Article-aed3b49181d9191026.htm,N12 - ההצעה להטיל סנקציות על בן גביר וסמוטריץ' נגנזה,,wayback
https://www.mako.co.il/news-diplomatic/2024_q3/Article-b62d9b17a7b7191027.htm,N12 - עסקת חטופים: נתניהו בביקורת חריפה על צוות המשא ומתן,,wayback
https://www.mako.co.il/news-diplomatic/2024_q3/Article-ba34f7a94601291027.htm,N12 - פרסום ראשון: השיחה הקשה בין מקרון לנתניהו,,wayback
https://www.mako.co.il/news-diplomatic/2024_q3/Article-c0a4054e775a191026.htm,"N12 - אחרי שיחות המו""מ בקטר: ישראל וחמאס רחוקים מהסכמות",,wayback
https://www.mako.co.il/news-diplomatic/2024_q3/Article-cdbb50746fa1291027.htm,,,wayback
https://www.mako.co.il/news-diplomatic/2024_q3/Article-db486771f773191027.htm,"N12 - ""מחויבים להגן על ישראל"": ריאיון עם שגריר ארה""ב בישראל",,wayback
https://www.mako.co.il/news-diplomatic/2024_q3/Article-dd0621e7fb8a191027.htm&utm_source=Whatsapp&utm_medium=Share,N12 - הישראלי שמנהל משא ומתן עם חמאס,,wayback
https://www.mako.co.il/news-diplomatic/2024_q3/Article-e49affda8b92291026.htm,N12 - מאמצים קדחתניים להפסקת אש בלבנון: השיחות שמאחורי הקלעים,,wayback
https://www.mako.co.il/news-diplomatic/2024_q3/Article-f42a4d627666191027.htm,"N12 - הדרישה של גלנט מנתניהו והשיחה המתוחה עם צוות המו""מ",,wayback
https://www.mako.co.il/news-diplomatic/2024_q3/Article-f6cdb8577f38191026.htm,"N12 - חמאס מתבצר בעמדתו במו""מ ומסתמך על הצהרת ביידן",,wayback
https://www.mako.co.il/news-diplomatic/2024_q3/Article-f784ef20e255191026.htm,,,wayback
https://www.mako.co.il/news-diplomatic/2024_q3/Article-fb1684a934f2291026.htm,"N12 - שגריר ארצות הברית בישראל בראיון בלעדי: ""המו""מ צריך...",,wayback
https://www.mako.co.il/news-diplomatic/2024_q3/Article-fd974a3778e2291026.htm,N12 - שלב אחר שלב: הסיכום עם ממשל ביידן על הפסקת אש,,wayback
https://www.mako.co.il/news-diplomatic/2024_q4/Article-04b375d6a747291026.htm,,,wayback
https://www.mako.co.il/news-diplomatic/2024_q4/Article-3b835aaccaa6291027.htm,N12 - קו ההגנה הישראלי נגד צווי המעצר הבין-לאומיים נגד נתניהו...,,wayback
https://www.mako.co.il/news-education/2023_q1/Article-cb27f8fc0dc9581027.htm,"N12 - מנהל גימנסיה הרצליה: ""אקים ישיבת הסדר חילונית עבור...",,wayback
https://www.mako.co.il/news-education/2023_q3/Article-600cf2ec8351a81026.htm,N12 - התלמיד שהצליח להשלים 700 שעות לימוד בפחות משנה –...,,wayback
https://www.mako.co.il/news-education/2024_q2/Article-a203f804142ef81026.htm,N12 - התאחדות הסטודנטים תקצבה חצי מיליון שקל על קמפיין נגד מרצות,,wayback
https://www.mako.co.il/news-education/2024_q3/Article-0142fd31d2ea191026.htm,,,wayback
https://www.mako.co.il/news-education/2024_q3/Article-2630355dd61b191027.htm,,,wayback
https://www.mako.co.il/news-education/2024_q3/Article-4268fe853ad1291026.htm,"N12 - תוספות שכר, מענק והגדלת תגמולים: הסכם השכר החדש של מורי...",,wayback
https://www.mako.co.il/news-education/2024_q3/Article-6d58fb04ad8a191026.htm,N12 - מתי נדע אם יש שביתה מחר בתיכונים ומה הסיכויים שהיא תבוטל?,,wayback
https://www.mako.co.il/news-education/2024_q3/Article-70699742e596191027.htm,N12 - מה הסיכוי לשביתה ב-1 בספטמבר? N12 עושים סדר,,wayback
https://www.mako.co.il/news-education/2024_q3/Article-764b8b0c4ebf191026.htm,N12 - תרחיש האימים שהציגה המורה לגאוגרפיה לכיתה,,wayback
https://www.mako.co.il/news-education/2024_q3/Article-76fc17f3abc2291027.htm,N12 - משרד החינוך פרסם את נתוני בתי הספר לראשונה עם ציונים...,,wayback
https://www.mako.co.il/news-education/2024_q3/Article-84233df4a9b1291026.htm,N12 - ארגון המורים הודיע: הושג הסכם עם משרד האוצר,,wayback
https://www.mako.co.il/news-education/2024_q3/Article-926d9b3869e9191027.htm,N12 - ארגון המורים הודיע על שביתה: שנת הלימודים בתיכונים לא...,,wayback
https://www.mako.co.il/news-education/2024_q3/Article-d83acc6e533d191026.htm,N12 - ארגון המורים מודיע: עוצרים את השביתה בתיכונים,,wayback
https://www.mako.co.il/news-education/2024_q3/Article-f0d16095f676191027.htm,"N12 - היום ה-318 למלחמה | הנשיא ביידן על המו""מ לעסקה: אנחנו...",,wayback
https://www.mako.co.il/news-education/2024_q3/Article-f4dbe879116f191027.htm,N12 - הממשלה קיצצה 17 מיליון שקלים מתקציב תנועות וארגוני הנוער,,wayback
https://www.mako.co.il/news-education/2024_q3/Article-fb7c0d7375e0291026.htm,"N12 - בגלל העיצומים: תלמידים ישביתו את התיכונים בת""א",,wayback
https://www.mako.co.il/news-education/2024_q4/Article-80552e31d8d2291026.htm,N12 - נתוני התמונה הארצית החינוכית,,wayback
https://www.mako.co.il/news-elections-2009/columns/Article-2da114e81feed11006.htm,N12 - נמרוד ויז'נסקי: מהקיבוץ לכנסת,,wayback
https://www.mako.co.il/news-elections-2009/columns/Article-758dd713c1fdd11006.htm,N12 - נאדיה חילו רוצה להמשיך להשפיע,,wayback
https://www.mako.co.il/news-elections-2009/columns/Article-cf2525583373e11004.htm,N12 - זאב בוים: אין להתפשר על טוהר,,wayback
https://www.mako.co.il/news-elections-2009/gaffs/Article-0d1b8f2c2eb4e11004.htm,N12 - לבני: עדיף שתתעסקי בפוליטיקה,,wayback
https://www.mako.co.il/news-elections-2009/news/Article-0e6948f30042f11004.htm,"N12 - משדר מיוחד: נתניהו, לבני וברק באולפן חדשות 2",,wayback
https://www.mako.co.il/news-elections-2009/news/Article-4effb2e7e55cd11006.htm,N12 - נשמע מוכר? זאב ז'בוטינסקי מצטרף לליכוד,,wayback
https://www.mako.co.il/news-elections-2009/news/Article-5b3ae7dc4031e11004.htm,N12 - הקמפיין החדש של מפלגת העבודה,,wayback
https://www.mako.co.il/news-elections-2009/news/Article-6074c6bf5a86e11004.htm,N12 - יוזמה חדשה: פתק לבן בקלפי - למען גלעד,,wayback
https://www.mako.co.il/news-elections-2009/news/Article-620af0b849afe11004.htm,"N12 - יו""ר מועצת קדימה עורק: אני תומך בנתניהו",,wayback
https://www.mako.co.il/news-elections-2009/news/Article-6ac1ebd6111bd11006.htm,"N12 - תושבי חואלד: ""אנו לא רוצים להצביע""",,wayback
https://www.mako.co.il/news-elections-2009/news/Article-7ae8d8f5501df11004.htm,"N12 - ברק הציע ליחימוביץ' את תיק התמ""ת",,wayback
https://www.mako.co.il/news-elections-2009/news/Article-84b798f19082f11004.htm,N12 - תעודת זהות: מפלגת קדימה,,wayback
https://www.mako.co.il/news-elections-2009/news/Article-880a16b0aff7d11004.htm,N12 - לבני: הפוליטיקה בישראל זה לא משחק כוכבים,,wayback
https://www.mako.co.il/news-elections-2009/news/Article-88b269fe1fe5e11004.htm,"N12 - נתניהו: ""נשמור על רמת הגולן""",,wayback
https://www.mako.co.il/news-elections-2009/news/Article-948005338273e11006.htm,N12 - מרצ: 87% הצבעה בפריימריז,,wayback
https://www.mako.co.il/news-elections-2009/news/Article-a7cf301e2474e11004.htm,N12 - קדימה: המאוכזבים והמרוצים,,wayback
https://www.mako.co.il/news-elections-2009/news/Article-c6daafcd4e9fe11004.htm,N12 - בכירי המפלגות הגדולות התעמתו בשידור חי,,wayback
https://www.mako.co.il/news-elections-2009/news/Article-cedf66a674b9d11004.htm,N12 - 3 חודשים לבחירות: מפלגת שמאל חדשה נוסדה בישראל,,wayback
https://www.mako.co.il/news-elections-2009/online/Article-645e9114828fe11004.htm,N12 - כך נראים סרטוני הבחירות ברשת,,wayback
https://www.mako.co.il/news-elections-2009/polls/Article-0c8b7930b8fae11006.htm,N12 - 51%: לדחות את הבחירות מיד,,wayback
https://www.mako.co.il/news-elections-2009/polls/Article-1ba845c3da51e11006.htm,N12 - סקר חדשות 2 באינטרנט: העבודה עולה ל-10 מנדטים,,wayback
https://www.mako.co.il/news-elections-2009/polls/Article-20d49ae6c684f11004.htm,N12 - עוד 4 ימים לבחירות והכל פתוח,,wayback
https://www.mako.co.il/news-elections-2009/polls/Article-cd6bea45cfdde11004.htm,N12 - סקר : הציבור תומך בהמשך המבצע,,wayback
https://www.mako.co.il/news-elections-2013/Article-bd784bea59a1c31004.htm,N12 - בחירות 2013: אילו מפלגות בעד נישואים חד-מיניים ומי מתנגד?,,wayback
https://www.mako.co.il/news-elections-2013/articles/Article-2ee27dcee946c31004.htm,N12 - הלילה הגדול של פנינה תמנו-שטה,,wayback
https://www.mako.co.il/news-elections-2013/articles/Article-3981bc425ccda31004.htm&amp;sCh=31750a2610f26110&amp;pId=786102762,N12 - שרה סילברמן מתגייסת לעזרת מרצ,,wayback
https://www.mako.co.il/news-elections-2013/articles/Article-3aa21c4dc652c31006.htm,N12 - כל אנשי הקמפיין,,wayback
https://www.mako.co.il/news-elections-2013/articles/Article-a1e96149751db31006.htm,N12 - הנשים החרדיות דורשות ייצוג בכנסת,,wayback
https://www.mako.co.il/news-elections-2013/articles/Article-bd784bea59a1c31004.htm,N12 - בחירות 2013: אילו מפלגות בעד נישואים חד-מיניים ומי מתנגד?,,wayback
https://www.mako.co.il/news-elections-2013/articles/Article-cb5e43fd6de6a31004.htm,"N12 - ""מקווה שלא אצטרך להיאבק בהם""",,wayback
https://www.mako.co.il/news-elections-2013/articles/Article-f4b298baf2f3c31004.htm,N12 - שבוע לבחירות: ניצחונו של נתניהו נראה מובטח,,wayback
https://www.mako.co.il/news-elections-2013/articles/Article-f4b298baf2f3c31004.htm&sCh=31750a2610f26110&pId=1363207701,N12 - שבוע לבחירות: ניצחונו של נתניהו נראה מובטח,,wayback
https://www.mako.co.il/news-entertainment/2020_q1/Article-a141e26b9840071027.htm,"N12 - נועה קירל התגייסה לצה""ל",,wayback
https://www.mako.co.il/news-entertainment/2020_q2/Article-c8ae796f576c171026.htm,"N12 - פרסי האקדמיה לטלוויזיה: ""הנערים"" היא סדרת הדרמה הטובה...",,wayback
https://www.mako.co.il/news-entertainment/2021_q4/Article-c4017c3a1b05c71027.htm,N12 - טקס פרסי אופיר 2021: כל הזוכים,,wayback
https://www.mako.co.il/news-entertainment/2022_q1/Article-3959ad0ec556e71027.htm,N12 - הסרט שמתחקה אחר מספר היהודים שנרצחו בשואה מעורר מחלוקת,,wayback
https://www.mako.co.il/news-entertainment/2022_q1/Article-d437624dcd36f71027.htm,N12 - האומנים הישראלים האהובים שרים נתן זך במופע מיוחד לזכרו,,wayback
https://www.mako.co.il/news-entertainment/2022_q1/Article-e4e42d90df52f71027.htm,N12 - עותקים מקוריים של עשרות סרטים ישראלים הוחזרו ארצה,,wayback
https://www.mako.co.il/news-entertainment/2022_q1/Article-fb8180c164e6f71027.htm,"N12 - ""מתחיל מאפס"": אחרי הפרידה, יהונתן מרגי מדבר וחולם על חו""K",,wayback
https://www.mako.co.il/news-entertainment/2022_q2/Article-0961de95a5bc081026.htm,"N12 - הדיון בערעור על איסור הקרנת הסרט ""ג'נין ג'נין"" יגיע לעליון",,wayback
https://www.mako.co.il/news-entertainment/2022_q2/Article-0c49f7f73f63081026.htm,"N12 - ריטה תשיא משואה ביום העצמאות: ""השראה לחברה הישראלית""",,wayback
https://www.mako.co.il/news-entertainment/2022_q2/Article-7717b984e7f8181026.htm,"N12 - בראד פיט לקראת פרישה? ""אני בישורת האחרונה של הקריירה שלי""",,wayback
https://www.mako.co.il/news-entertainment/2022_q2/Article-e49cb0acbfbff71026.htm,"N12 - מ""פאודה"" ל""הכתר"" | סלים דאו מגיע לשיא בגיל 71",,wayback
https://www.mako.co.il/news-entertainment/2022_q3/Article-3b5372948700281027.htm,"N12 - מרגי בסינגל בין לאומי חדש שכתב על האקסית: ""פאק יו, שונא...",,wayback
https://www.mako.co.il/news-entertainment/2022_q3/Article-78413ddaf874281027.htm,N12 - התפתחות בפרשת אייל גולן: תביעות אזרחיות חדשות,,wayback
https://www.mako.co.il/news-entertainment/2022_q4/Article-855120c25560581027.htm,פסטיבל החורף של היכל התרבות יכלול מופע מחווה לג'וזי כץ | N12,,wayback
https://www.mako.co.il/news-entertainment/2022_q4/Article-b1f6cba1cc4a481027.htm,"N12 - העליון עומד על שלו: הסרט ""ג'נין ג'נין"" פסול להקרנה בישראל",,wayback
https://www.mako.co.il/news-entertainment/2022_q4/Article-b1f6cba1cc4a481027.htm&utm_source=Email&utm_medium=Share,,,wayback
https://www.mako.co.il/news-entertainment/2023_q1/Article-02637c1ef9a1781027.htm,N12 - מופע של איש אחד: טוביה צפיר על ציוני הדרך מהקריירה,,wayback
https://www.mako.co.il/news-entertainment/2023_q1/Article-6e251db62a80681027.htm,N12 - אירוויזיון 2023: באיזה חצי גמר ומול מי תתחרה נועה קירל?,,wayback
https://www.mako.co.il/news-entertainment/2023_q2/Article-a3722c2a628b781027.htm,"N12 - תוכנית השיקום המוזיקלית להלומי קרב: ""סימפטומים החלו...",,wayback
https://www.mako.co.il/news-entertainment/2023_q2/Article-fec55b37cc39781026.htm,"N12 - החל הדיון בתביעת הדיבה של אולה קרבצנ'קו (א""ק) נגד עוה""ד...",,wayback
https://www.mako.co.il/news-entertainment/2023_q3/Article-5d6cf784e0b4a81026.htm,"N12 - ינון מגל על רצח רבין: ""כשלא נותנים לאנשים לדבר - יש...",,wayback
https://www.mako.co.il/news-entertainment/2023_q3/Article-cbf3da060c86981027.htm,"N12 - מני אסייג קרא ל""אנרכיסטים"" לא לצפות בסרט הילולה",,wayback
https://www.mako.co.il/news-entertainment/2023_q4/Article-05f96fb362b5b81026.htm,N12 - הזמר במסכה: המסתערב ששר וריגש - והאיחוד המפתיע עם יסמין...,,wayback
https://www.mako.co.il/news-entertainment/2023_q4/Article-5af1e57da335c81026.htm,"N12 - אחרי שכבש את הרשת: גירסת האולפן של המסתערב לשיר ""יחפים""",,wayback
https://www.mako.co.il/news-entertainment/2024_q1/Article-1346ef77797ad81026.htm,N12 - בשל איומים קולנוע בברצלונה ביטל פסטיבל קולנוע ישראל,,wayback
https://www.mako.co.il/news-entertainment/2024_q1/Article-286e1ec74ebcd81026.htm,"N12 - ""בגלל מילים פוליטיות"": באירוויזיון שוקלים לפסול את ישראל",,wayback
https://www.mako.co.il/news-entertainment/2024_q1/Article-406cb9b7b5c0d81026.htm,"N12 - לי נעים, עיתונאית חדשות 12 זכתה בפרס המכון הישראלי...",,wayback
https://www.mako.co.il/news-entertainment/2024_q1/Article-6fb2053baf47e81027.htm,"N12 - רבל וילסון: סשה ברון כהן הוא ""האידיוט הגדול"" שמאיים עליי",,wayback
https://www.mako.co.il/news-entertainment/2024_q1/Article-7f0c2dc2cf38d81027.htm,"N12 - ""עומר אדם מתעסק בזוגיות ובקמפיינים"": ממכונת להיטים...",,wayback
https://www.mako.co.il/news-entertainment/2024_q1/Article-97e78c25436cd81026.htm,N12 - אירוויזיון 2024: ברשת לועגים לשיר הישראלי שעתיד להישלח...,,wayback
https://www.mako.co.il/news-entertainment/2024_q1/Article-e50499bbc864d81026.htm,"N12 - מגישת סקיי ניוז השוותה בין הגירה מרצון מעזה לשואה, הרשת...",,wayback
https://www.mako.co.il/news-entertainment/2024_q1/Article-f853279af8c4e81026.htm,N12 - הממשלה אישרה: יום זיכרון לאומי לטבח 7 באוקטובר,,wayback
https://www.mako.co.il/news-entertainment/2024_q2/Article-0a7635eaf69bf81027.htm,"N12 - ""יש כאן מוזיקאים, לא פוליטיקאים"", אמר דודו טסה. סיי נו מור",,wayback
https://www.mako.co.il/news-entertainment/2024_q2/Article-0d914999397ff81026.htm,"N12 - ""נועה סוף סוף חופשייה"": כך סיקרו בעולם את חילוץ החטופים",,wayback
https://www.mako.co.il/news-entertainment/2024_q2/Article-281a5a5116c5f81027.htm,"N12 - הפנייה של כאן אחרי ה""בוז"" לעדן גולן בהכנות לאירוויזיון",,wayback
https://www.mako.co.il/news-entertainment/2024_q2/Article-2b5ebc8967c5f81026.htm,N12 - כמו ראש ממשלה: כך נראית השיירה של עדן גולן במאלמו | תיעוד,,wayback
https://www.mako.co.il/news-entertainment/2024_q2/Article-2f53516a3f77f81026.htm,"N12 - ""מבצע הוריקן"" | השב""כ על אבטחת עדן גולן: ""אתגר מורכב""",,wayback
https://www.mako.co.il/news-entertainment/2024_q2/Article-34183e3eb0d8f81026.htm,N12 - עדן גולן ביצעה את השיר October Rain בעצרת משפחות החטופים,,wayback
https://www.mako.co.il/news-entertainment/2024_q2/Article-50a79822b851291027.htm,N12 - ליוו אותו לחופה בריקודים: מיקי חיימוביץ׳ ואלי אילדיס...,,wayback
https://www.mako.co.il/news-entertainment/2024_q2/Article-5ec6fe816e92f81027.htm,N12 - כוכב הקולנוע הצרפתי נעצר: חשוד בתקיפה מינית של שתי עובדות,,wayback
https://www.mako.co.il/news-entertainment/2024_q2/Article-60c2a3dc0896f81027.htm,"N12 - אירוויזיון 2024: עדן גולן סיימה במקום ה-5, שווייץ ניצחה",,wayback
https://www.mako.co.il/news-entertainment/2024_q2/Article-6165af1d7745f81027.htm,N12 - בלי פוליטיקה באירוויזיון? הזמר השוודי עלה להופיע עם כאפייה,,wayback
https://www.mako.co.il/news-entertainment/2024_q2/Article-740e5ba81bf8f81027.htm,"N12 - ""חשפו את עצמם"": התגובות לביצוע של עדן גולן ל-October Rain",,wayback
https://www.mako.co.il/news-entertainment/2024_q2/Article-81786671f00bf81026.htm,"N12 - ""יהיה חופש יצירה, אבל הקהל הישראלי צריך לאהוב את זה""",,wayback
https://www.mako.co.il/news-entertainment/2024_q2/Article-aa2a5473730ee81027.htm,,,wayback
https://www.mako.co.il/news-entertainment/2024_q2/Article-b48639e643b9f81026.htm,"N12 - עדן גולן חושפת: ""אני עדיין מקבלת איומים""",,wayback
https://www.mako.co.il/news-entertainment/2024_q2/Article-ec9dc126ea25f81027.htm,N12 - עדן גולן צולחת ריאיון ראשון לתקשורת הזרה במאלמו,,wayback
https://www.mako.co.il/news-entertainment/2024_q3/Article-017fe8888a2d091027.htm,N12 - ההוראה המשפילה שקיבלה עדן גולן בגמר האירוויזיון,,wayback
https://www.mako.co.il/news-entertainment/2024_q3/Article-01ec4a618391291026.htm,"N12 - ג'נט ג'קסון הדהדה דיסאינפורמציה על קמלה האריס: ""היא לא...",,wayback
https://www.mako.co.il/news-entertainment/2024_q3/Article-031d4d14f710291027.htm,"N12 - דרמת ענק ב""המירוץ למיליון"": סהר ויפתח הודחו רגע לפני הגמר",,wayback
https://www.mako.co.il/news-entertainment/2024_q3/Article-06e4fa50a3da191027.htm,"N12 - החתונה של אליאב זוהר: הופעות בוטלו, השר ביקש: ""בלי...",,wayback
https://www.mako.co.il/news-entertainment/2024_q3/Article-071afb91fa5f191027.htm,"N12 - ""המהנדס"": מדהים איך כל השחקנים הישראלים מתבזים בסרט הזה",,wayback
https://www.mako.co.il/news-entertainment/2024_q3/Article-07d2ebc06424291027.htm,N12 - ענבל ביבי חושפת את הבעיה הרפואית שמונעת ממנה לשיר,,wayback
https://www.mako.co.il/news-entertainment/2024_q3/Article-125ec73714d2291026.htm,N12 - פרס אמי לחדשות ותעודה הוענק לריאיון עם החטופה ירדן רומן-גת,,wayback
https://www.mako.co.il/news-entertainment/2024_q3/Article-13f12bcefaca191026.htm,"N12 - אדל נפרדת בדמעות: ""לא תראו אותי הרבה זמן""",,wayback
https://www.mako.co.il/news-entertainment/2024_q3/Article-144828f51ad2291026.htm,"N12 - נתן גושן: ""נעלמתי מהתודעה כמעט לחלוטין, לא זיהו אותי...",,wayback
https://www.mako.co.il/news-entertainment/2024_q3/Article-15748e8a41f9191026.htm,N12 - אחרי 5 שנות זוגיות: כוכב ״ארץ נהדרת״ תמיר בר ובת זוגו...,,wayback
https://www.mako.co.il/news-entertainment/2024_q3/Article-1695d4b05b90291027.htm,N12 - שנה בסימן מלחמה: אלו השירים והאומנים המושמעים ביותר ברדיו,,wayback
https://www.mako.co.il/news-entertainment/2024_q3/Article-1a5fa491c411291027.htm,"N12 - ""הפינגווין"" מנסה להסתדר בלי באטמן, ומצליחה חלקית",,wayback
https://www.mako.co.il/news-entertainment/2024_q3/Article-1b43fd85522f191026.htm,"חוה אלברשטיין בהתייחסות נדירה למלחמה: הצצה ראשונה ל""אינדי סיטי""",,wayback
https://www.mako.co.il/news-entertainment/2024_q3/Article-1e4d75d3381b191026.htm,,,wayback
https://www.mako.co.il/news-entertainment/2024_q3/Article-21738d665ba1291026.htm,"N12 - ""פשוט תסתמי"": בגלל ישראל - המגיש במתקפה על קמלה האריס",,wayback
https://www.mako.co.il/news-entertainment/2024_q3/Article-21a527973509191027.htm&utm_source=Twitter&utm_medium=Share,N12 - האומנים שצפויים להשתתף בטקס הממלכתי ובטקס של משפחות...,,wayback
https://www.mako.co.il/news-entertainment/2024_q3/Article-23701cc49883291027.htm,N12 - מגישת טלוויזיה בלבנון הודיעה על מותו של נסראללה ופרצה בבכי,,wayback
https://www.mako.co.il/news-entertainment/2024_q3/Article-23b6394f6081291026.htm,N12 - מול אלפים: הכוכב ניגן על גיטרה עם דגל פלסטין,,wayback
https://www.mako.co.il/news-entertainment/2024_q3/Article-281ec6137039191027.htm,"N12 - האומנים שהביעו נכונות להופיע בטקס המשפחות: ""מוצפים באהבה""",,wayback
https://www.mako.co.il/news-entertainment/2024_q3/Article-281ec6137039191027.htm&utm_source=Twitter&utm_medium=Share,"N12 - האומנים שהביעו נכונות להופיע בטקס המשפחות: ""מוצפים באהבה""",,wayback
https://www.mako.co.il/news-entertainment/2024_q3/Article-2a9bd653997b191026.htm,"N12 - בן סטילר למשפחות החטופים שנרצחו: ""הלב יוצא אליכן""",,wayback
https://www.mako.co.il/news-entertainment/2024_q3/Article-2bda3e71dc82291026.htm,N12 - אחרי ביטול ההופעה: זה הסכום המשוער שתפסיד נועה קירל,,wayback
https://www.mako.co.il/news-entertainment/2024_q3/Article-2c0083c70000291026.htm,"N12 - בגלל לחץ של דיסני: השינוי המשמעותי ב""הקול בראש 2""",,wayback
https://www.mako.co.il/news-entertainment/2024_q3/Article-2c126e41ae90291026.htm,"N12 - הכוכב הצרפתי מודה: ""אחרי 7 באוקטובר - הטלפון הפסיק לצלצל""",,wayback
https://www.mako.co.il/news-entertainment/2024_q3/Article-2d795b34dbf0291026.htm,"N12 - יפתח רמון על הזוגיות החדשה: ""בהתחלה של קשר רציני. בונוס...",,wayback
https://www.mako.co.il/news-entertainment/2024_q3/Article-2e716b2fcf72291027.htm,"N12 - עדן גולן בשיר ראשון מאז האירוויזיון: ""אני לא מפתחת ציפיות""",,wayback
https://www.mako.co.il/news-entertainment/2024_q3/Article-2f1f411564a0291027.htm,"N12 - אורי רוסו :""אומרים שזה נראה כאילו אני משחק את עצמי""",,wayback
https://www.mako.co.il/news-entertainment/2024_q3/Article-2f96554ac665191026.htm,N12 - רופא וסוחרי סמים נעצרו בחשד למעורבות במותו של מת'יו פרי,,wayback
https://www.mako.co.il/news-entertainment/2024_q3/Article-3152a4e88d30291027.htm,"N12 - ""אור גדול בתקופה אפלה"": קורין גדעון הביאה לעולם ילד שלישי",,wayback
https://www.mako.co.il/news-entertainment/2024_q3/Article-318a46d73b32291027.htm,N12 - נועה קירל אישרה שקצב מכירת הכרטיסים להופעה בפארק הירקון...,,wayback
https://www.mako.co.il/news-entertainment/2024_q3/Article-34afb4e2a592291027.htm,"N12 - הכוכב מסתבך: ""הוא לא אוכל בכלא כי הוא בטוח שירעילו אותו""",,wayback
https://www.mako.co.il/news-entertainment/2024_q3/Article-3a160934e310291027.htm,"N12 - גל דה פז: ""יש ימים שאני נסיכה ויש ימים שאני קורעת את התחת""",,wayback
https://www.mako.co.il/news-entertainment/2024_q3/Article-3c8b56274b2a191026.htm,,,wayback
https://www.mako.co.il/news-entertainment/2024_q3/Article-4318d70e912e191027.htm,,,wayback
https://www.mako.co.il/news-entertainment/2024_q3/Article-4439a617ec6b191027.htm,N12 - סרט תיעודי החושף הקלטות מחקירות נתניהו יוקרן בפסטיבל...,,wayback
https://www.mako.co.il/news-entertainment/2024_q3/Article-44b4a1c48080191027.htm,"N12 - כרוניקה של הסתה: כך ינון מגל, אבי רצון ושותפיהם מרעילים...",,wayback
https://www.mako.co.il/news-entertainment/2024_q3/Article-46c31b69e479191026.htm,N12 - בפעם השנייה: המשטרה אסרה את הקרנת סרטו החדש של מוחמד בכרי,,wayback
https://www.mako.co.il/news-entertainment/2024_q3/Article-472c1f04185f191027.htm,"N12 - מכוסה בדם: לואיסנה מ""קטנטנות"" ו""המורדים"" בתמונות מפתיעות",,wayback
https://www.mako.co.il/news-entertainment/2024_q3/Article-489b1323ca34291027.htm,"N12 - יובל מעתוק: ""יש לי את האומץ להגיד את המילה המפחידה הזאת...",,wayback
https://www.mako.co.il/news-entertainment/2024_q3/Article-491aa7779293291026.htm,"N12 - יוצרי השיר ""יאללה יא נסראללה"": ""מברכים כאילו אנחנו...",,wayback
https://www.mako.co.il/news-entertainment/2024_q3/Article-4c4cc06c35a2291026.htm,"N12 - כוכב הריאליטי ""אקסטרים מייקאובר"", אדוארדו זול, נרצח בביתו",,wayback
https://www.mako.co.il/news-entertainment/2024_q3/Article-4e6436a0132b191027.htm,,,wayback
https://www.mako.co.il/news-entertainment/2024_q3/Article-4f52b2a9e323291027.htm,N12 - הפתעה: לנה דל ריי התחתנה עם מדריך סיורי תנינים בן 56,,wayback
https://www.mako.co.il/news-entertainment/2024_q3/Article-51abc9937690291027.htm,N12 - 20 שנה אחרי: שייגעצ הפכו את מועדון הבארבי לקפסולת זמן,,wayback
https://www.mako.co.il/news-entertainment/2024_q3/Article-545fbaab5f64291027.htm,"N12 - טקס משפחות 7 באוקטובר ייערך ללא קהל? ""לא נסכן אף אחד""",,wayback
https://www.mako.co.il/news-entertainment/2024_q3/Article-558cea85ead1291026.htm,"N12 - ליאם גלאגר מתעצבן: ""יא בני ז***ת, אל תבואו להופעה""",,wayback
https://www.mako.co.il/news-entertainment/2024_q3/Article-559ef1df25d2291027.htm,"N12 - ""אלה לא רק הסרטונים"": פרשת דידי מגיעה לנטפליקס",,wayback
https://www.mako.co.il/news-entertainment/2024_q3/Article-58a021ebf8c9191026.htm,,,wayback
https://www.mako.co.il/news-entertainment/2024_q3/Article-5963486b9a60291027.htm,"N12 - ""אנחנו לא יכולים לשתוק בזמן שחמאס מוציא להורג עוד חטופים""",,wayback
https://www.mako.co.il/news-entertainment/2024_q3/Article-598c33be41e2191027.htm,N12 - סוכל פיגוע של דאעש בהופעה של טיילור סוויפט באוסטריה,,wayback
https://www.mako.co.il/news-entertainment/2024_q3/Article-5ce4af930aa0291027.htm,"N12 - באירוע אינטימי: עינב ורז מ""חתונמי"" נישאו בטקס מצומצם בחצר",,wayback
https://www.mako.co.il/news-entertainment/2024_q3/Article-5d06653235e3291026.htm,"N12 - ""זה עצוב לראות אותו עדיין מופיע, הוא בן 90. תנו לו...",,wayback
https://www.mako.co.il/news-entertainment/2024_q3/Article-5db5cf4657f4191027.htm,N12 - פרס אופיר 2024: סרטה של תום נשר מוביל במספר המועמדויות,,wayback
https://www.mako.co.il/news-entertainment/2024_q3/Article-6249e8b9e0e9191026.htm,"N12 - ג'וי ריגר: ""נמאס לי להתעסק בעצמי. אולי בגלל זה אני רוצה...",,wayback
https://www.mako.co.il/news-entertainment/2024_q3/Article-62a3a36e88a1291026.htm,N12 - המשפחה התרחבה: נסרין קדרי הביאה לעולם את בנה השני,,wayback
https://www.mako.co.il/news-entertainment/2024_q3/Article-631a1b37aa33291027.htm,"N12 - השחקנית מגי סמית' (""הארי פוטר"") הלכה לעולמה בגיל 89",,wayback
https://www.mako.co.il/news-entertainment/2024_q3/Article-6454c135337f191027.htm,N12 - האחות הסודית של צמד האחים המפורסמים נחשפת,,wayback
https://www.mako.co.il/news-entertainment/2024_q3/Article-66781adbd0a0291027.htm,"N12 - דואה ליפה בביקורת חריפה: ""אנשים אכזריים""",,wayback
https://www.mako.co.il/news-entertainment/2024_q3/Article-66909abc9b4f191027.htm,N12 - יום הקולנוע הישראלי חוזר: 40 סרטים ב-10 שקלים לכרטיס,,wayback
https://www.mako.co.il/news-entertainment/2024_q3/Article-66a454eb7191291026.htm,"N12 - הכוכב תחת השגחה: ""סוהרים שומרים עליו בכלא כדי שלא יתאבד""",,wayback
https://www.mako.co.il/news-entertainment/2024_q3/Article-677cc3737c22291027.htm,N12 - מים ביאליק: חיזבאללה פגע בעיר שקרויה על שם בן משפחה שלי,,wayback
https://www.mako.co.il/news-entertainment/2024_q3/Article-69d7e2014e60291027.htm,"N12 - הישראלי שכבש את איביזה: ""לא מרגיש שהקריירה שלי נפגעה...",,wayback
https://www.mako.co.il/news-entertainment/2024_q3/Article-6b4cbaac2730291027.htm,"N12 - סהר ויפתח: ""צועקים מדי פעם בבית 'איך לא מצאנו את...",,wayback
https://www.mako.co.il/news-entertainment/2024_q3/Article-6c3b26492ec3291026.htm,"N12 - נועה ארגמני נפגשה עם כוכבי הפופ: ""מצאתי את עצמי בוכה""",,wayback
https://www.mako.co.il/news-entertainment/2024_q3/Article-6eab44588971291027.htm,"N12 - דיווח: צה""ל פשט על משרדי אל-ג'זירה ברמאללה - והורה על...",,wayback
https://www.mako.co.il/news-entertainment/2024_q3/Article-6f37bc8b6100291027.htm,N12 - עכשיו נזכרתם? מיילי סיירוס נתבעת על להיט הענק שלה,,wayback
https://www.mako.co.il/news-entertainment/2024_q3/Article-6feb73b07e89191027.htm,N12 - בגלל בעיה בריאותית: הראל סקעת מבטל הופעה,,wayback
https://www.mako.co.il/news-entertainment/2024_q3/Article-71c45937e890291026.htm,"N12 - בעקבות המעצר: ""ג'סטין ביבר מתקשה להתמודד""",,wayback
https://www.mako.co.il/news-entertainment/2024_q3/Article-74d698af241e191026.htm,"N12 - ""החיים הם תקופה קשה"" של חנוך דאום היא בדיוק כמו דאום עצמו",,wayback
https://www.mako.co.il/news-entertainment/2024_q3/Article-754ccf0c26e7191027.htm,"N12 - עידן עמדי על דבריה של רגב: ""אלה לא רעשים, אלה האחים שלנו""",,wayback
https://www.mako.co.il/news-entertainment/2024_q3/Article-77a1fbb66d5d191026.htm,"N12 - נתניהו בבקשה דחופה לביהמ""ש: לאסור על הקרנת הסרט ""תיקי...",,wayback
https://www.mako.co.il/news-entertainment/2024_q3/Article-7b6e7ad05d9f191027.htm,N12 - בחגיגות פרועות? כך הנסיך הארי חגג יום הולדת 40,,wayback
https://www.mako.co.il/news-entertainment/2024_q3/Article-7b816d6c23e9191026.htm,"N12 - ""בדרך נס שנינו פה"": שביט ויזל ילדה בן בלידה מורכבת...",,wayback
https://www.mako.co.il/news-entertainment/2024_q3/Article-7fcf4d2cd18b191026.htm,"N12 - ""טולסה קינג"": סילבסטר סטאלון מגלם גנגסטר. גנגסטר עם בוטוקס",,wayback
https://www.mako.co.il/news-entertainment/2024_q3/Article-8349514c3c40291026.htm,"N12 - שלמה ארצי, זהבה בן ועוד יופיעו בטקס המשפחות | הרשימה המלאה",,wayback
https://www.mako.co.il/news-entertainment/2024_q3/Article-83fb9d8b9f4f191026.htm,"N12 - ""כלל לא התכוון להשתתף"": השר זוהר לא הוזמן לטקס פרסי אופיר",,wayback
https://www.mako.co.il/news-entertainment/2024_q3/Article-86d9dc6308d9191026.htm,N12 - ישי ריבו מסביר למה סירב להופיע בטקס הזיכרון הממשלתי,,wayback
https://www.mako.co.il/news-entertainment/2024_q3/Article-87264f266cf8191027.htm,"N12 - השר עמיחי אליהו ספג קריאות בוז באירוע מורשת: ""אני...",,wayback
https://www.mako.co.il/news-entertainment/2024_q3/Article-889d0fef10a7191027.htm,"N12 - רגב מצהירה: ""הטקס הממלכתי לציון 7 באוקטובר יתקיים ללא קהל""",,wayback
https://www.mako.co.il/news-entertainment/2024_q3/Article-892bc526e440291027.htm,"N12 - ""כנראה למישהו קשה לראות צעירות בבגד ים במרחב הציבורי""",,wayback
https://www.mako.co.il/news-entertainment/2024_q3/Article-8a457e89528f191027.htm,"N12 - גל גדות: ""לפני 15 שנה להיות ישראלית היה משהו שהתרשמו ממנו""",,wayback
https://www.mako.co.il/news-entertainment/2024_q3/Article-8ba2b4e2a592291027.htm,N12 - ה-BBC דרשו: חמאס לא ייקרא ארגון טרור בשידור הסרט על 7...,,wayback
https://www.mako.co.il/news-entertainment/2024_q3/Article-8f35dcdd2faf191027.htm,"N12 - פרסי אופיר 2024: ""קרוב אליי"" זכה בפרס הסרט הטוב ביותר",,wayback
https://www.mako.co.il/news-entertainment/2024_q3/Article-907cd0035752291026.htm,"N12 - האלבום של ""נומי"" אחרי מותו: ""הוא ממש כתב את המוות שלו""",,wayback
https://www.mako.co.il/news-entertainment/2024_q3/Article-90e18d665ba1291026.htm,N12 - הכוכבת האמריקאית תארח את נגה ארז,,wayback
https://www.mako.co.il/news-entertainment/2024_q3/Article-936a48acd0b1291026.htm,"N12 - ""היפהפייה מעזה"" יפתח את הפסטיבל הבינלאומי לקולנוע גאה",,wayback
https://www.mako.co.il/news-entertainment/2024_q3/Article-9452426b65ff191027.htm,N12 - כוכבת האירוויזיון תחזור לתחרות בשנה הבאה?,,wayback
https://www.mako.co.il/news-entertainment/2024_q3/Article-9463d588c782291027.htm,"N12 - ""מפלצות: הסיפור של לייל ואריק מננדז"": הסדרה מול המציאות",,wayback
https://www.mako.co.il/news-entertainment/2024_q3/Article-97fc7d464292291027.htm,N12 - שם טבעת עליה: יוגב מלכה וג׳וליה שחר מאורסים,,wayback
https://www.mako.co.il/news-entertainment/2024_q3/Article-980b12cc4ba9191027.htm,N12 - ברגע ההכרזה: סנה סוקול התמוטטה - ובהמשך התאוששה,,wayback
https://www.mako.co.il/news-entertainment/2024_q3/Article-99de241fb99f191027.htm,"N12 - ניסו לצלם לשאקירה מתחת לשמלה, כך היא הגיבה",,wayback
https://www.mako.co.il/news-entertainment/2024_q3/Article-9c294534c5cf191026.htm,"N12 - החשמל נפל בהופעה של עמיר בניון, כך הזמר הגיב",,wayback
https://www.mako.co.il/news-entertainment/2024_q3/Article-9cc11a66b000291027.htm,N12 - בזמן ההופעה של עדן בן זקן: גל פריצות לרכבים,,wayback
https://www.mako.co.il/news-entertainment/2024_q3/Article-9dbeff9c1f4f191027.htm,N12 - עסקת מיליוני הדולרים שתרחיק סופית את רוג'ר ווטרס,,wayback
https://www.mako.co.il/news-entertainment/2024_q3/Article-a0c44f3702b7191027.htm,N12 - הותר לפרסום: לוחם שריון נפל בקרב בדרום הרצועה,,wayback
https://www.mako.co.il/news-entertainment/2024_q3/Article-a1d902838282291026.htm,N12 - נועה קירל מודיעה: דוחה את ההופעה מחר בפארק הירקון,,wayback
https://www.mako.co.il/news-entertainment/2024_q3/Article-a1e0ed8b2489191027.htm,,,wayback
https://www.mako.co.il/news-entertainment/2024_q3/Article-a2f376964c80291026.htm,"N12 - ""רעיית רוצח החטופים"": גאולה אבן-סער על תגובות הדיווח על...",,wayback
https://www.mako.co.il/news-entertainment/2024_q3/Article-a5f7499362f3931006.htm,N12 - 132 קינוחים לראש השנה,,wayback
https://www.mako.co.il/news-entertainment/2024_q3/Article-a5fc14347a6f191027.htm,N12 - מזל טוב: נטע אלחמיסטר בהיריון שני,,wayback
https://www.mako.co.il/news-entertainment/2024_q3/Article-a6a1226d3483291026.htm,,,wayback
https://www.mako.co.il/news-entertainment/2024_q3/Article-a8a1bf8d2f56191026.htm,"N12 - שיעורים בכימיה: תמיד אפשר לסמוך על ""רק רוצחים בבניין""",,wayback
https://www.mako.co.il/news-entertainment/2024_q3/Article-a8d6ed8b2489191027.htm,,,wayback
https://www.mako.co.il/news-entertainment/2024_q3/Article-aa60823c2265191026.htm,"N12 - ""שליחות קטלנית: ההתחלה"" היא טייק מרענן למותג דועך",,wayback
https://www.mako.co.il/news-entertainment/2024_q3/Article-ab0fd4f8fc0a091026.htm,N12 - עדן גולן חושפת שנאלצה להתחפש כדי שלא יזהו אותה במאלמו,,wayback
https://www.mako.co.il/news-entertainment/2024_q3/Article-abbe45f55da4191026.htm,"N12 - תקרית אנטישמית במופע סטנדאפ: ""הרגע המכוער ביותר, שפל...",,wayback
https://www.mako.co.il/news-entertainment/2024_q3/Article-ade923b7dd81291026.htm,N12 - הכוכבת הלבנונית יוצאת נגד המלחמה עם ישראל,,wayback
https://www.mako.co.il/news-entertainment/2024_q3/Article-ae5dc6aeb0e1291026.htm,"N12 - הסתבך? רביד פלוטניק התייצב בתחנת המשטרה בפ""ת",,wayback
https://www.mako.co.il/news-entertainment/2024_q3/Article-aeba1442ef79191027.htm,"N12 - מקורב: ""מריה קארי ידעה שאחותה גוססת, אבל לא יצרה איתה קשר""",,wayback
https://www.mako.co.il/news-entertainment/2024_q3/Article-af5612656bc3291026.htm,N12 - מרחיבים את סיבוב ההופעות: היעדים החדשים של אואזיס,,wayback
https://www.mako.co.il/news-entertainment/2024_q3/Article-b1bd115d9082291027.htm,N12 - בגלל ההסלמה בצפון: אירועי תרבות מבוטלים בזה אחר זה,,wayback
https://www.mako.co.il/news-entertainment/2024_q3/Article-b2326b69054f191026.htm,N12 - באמצע ההופעה: חברי הלהקה הלכו מכות וההופעה פוצצה,,wayback
https://www.mako.co.il/news-entertainment/2024_q3/Article-b47260779fe1291027.htm,"N12 - הזמר הפרו-פלסטיני הלהיב את הקהל: ""פאק אמריקה""",,wayback
https://www.mako.co.il/news-entertainment/2024_q3/Article-b4ffed8b2489191027.htm,,,wayback
https://www.mako.co.il/news-entertainment/2024_q3/Article-b634065044f6191027.htm,"N12 - ""שחר אדום"": הסדרה העלילתית על 7 באוקטובר שתשודר בעולם",,wayback
https://www.mako.co.il/news-entertainment/2024_q3/Article-b68b7f3944e0291027.htm,N12 - בפסטיבל של מאות אלפים בברזיל: נועה קירל עטופה בדגל ישראל,,wayback
https://www.mako.co.il/news-entertainment/2024_q3/Article-b75de160eec9191026.htm,"N12 - ""שבויים"" מצטיינת במסע לבטן הכי רכה של ישראל",,wayback
https://www.mako.co.il/news-entertainment/2024_q3/Article-ba174e687020291027.htm,N12 - המתנדבים שמשדכים בין נגנים שנפצעו לכלי נגינה,,wayback
https://www.mako.co.il/news-entertainment/2024_q3/Article-bd50342a70da191026.htm,N12 - בגלל הבשורות על החטופים: שרית חדד דוחה את יציאת האלבום,,wayback
https://www.mako.co.il/news-entertainment/2024_q3/Article-bd5614be6bef191027.htm,"N12 - הראפר שון ""דידי"" קומבס נעצר בניו יורק, כתב אישום הוגש",,wayback
https://www.mako.co.il/news-entertainment/2024_q3/Article-c0ad7ad05d9f191027.htm,"N12 - ""הייתה לי בזה יד, הרגשתי אשם. אחזתי בפטיש ששבר אותה""",,wayback
https://www.mako.co.il/news-entertainment/2024_q3/Article-c15c9b529092291027.htm,"N12 - ""וואלה, אני עדיין פה"": פצועי המלחמה כפי שעוד לא שמעתם",,wayback
https://www.mako.co.il/news-entertainment/2024_q3/Article-c2f5caf4a55f191026.htm,"N12 - אמי 2024: ""שוגון"", ""אייל קטן"" ו""הדוב"" הן הזוכות הגדולות",,wayback
https://www.mako.co.il/news-entertainment/2024_q3/Article-c3a221deb5ed191026.htm,"N12 - ""אמילי בפריז"" קיבלה את ההחלטה הנכונה - והצילה את עצמה",,wayback
https://www.mako.co.il/news-entertainment/2024_q3/Article-cdaf81337ebf191027.htm,"N12 - ""הילד"" של יהב וינר ז""ל, שנרצח ב-7.10 בכפר עזה, זכה בפרס...",,wayback
https://www.mako.co.il/news-entertainment/2024_q3/Article-ce9a62591c09191026.htm,"N12 - נטע ברזני: ""בכיתי כל הזמן, פחדתי למות ולהשאיר אותו לבד""",,wayback
https://www.mako.co.il/news-entertainment/2024_q3/Article-d27c3436a2c6291027.htm,"N12 - גם מהכלא, דידי מאיים על התעשייה: ""אף אחד לא רוצה לבגוד בו""",,wayback
https://www.mako.co.il/news-entertainment/2024_q3/Article-d49f523d32da191027.htm,,,wayback
https://www.mako.co.il/news-entertainment/2024_q3/Article-d5a640ee3dd3291026.htm,N12 - נכנסה לאירוע: פנינה רוזנבלום מקליטה שיר על חסן נסראללה,,wayback
https://www.mako.co.il/news-entertainment/2024_q3/Article-d656a8f7605e191026.htm,,,wayback
https://www.mako.co.il/news-entertainment/2024_q3/Article-d661fb67556e191026.htm,N12 - נבחרו מנחי טקס הזיכרון הממלכתי ל-7 באוקטובר,,wayback
https://www.mako.co.il/news-entertainment/2024_q3/Article-d6af07c63936191026.htm,N12 - אחרי התקרית האנטישמית: בוטלה הופעתו של הקומיקאי,,wayback
https://www.mako.co.il/news-entertainment/2024_q3/Article-d913d0d9b416291027.htm,"N12 - אל פצ'ינו חושף שהיה על סף מוות: ""איבדתי את הדופק""",,wayback
https://www.mako.co.il/news-entertainment/2024_q3/Article-d9a08848d3f8191026.htm,"N12 - הקרנת הסרט ""ג'נין ג'נין 2"" של מוחמד בכרי בוטלה",,wayback
https://www.mako.co.il/news-entertainment/2024_q3/Article-d9ff498257e3291027.htm,"N12 - התביעה בעקבות ""אייל קטן"": מכה לנטפליקס בבית המשפט",,wayback
https://www.mako.co.il/news-entertainment/2024_q3/Article-da8bf08803bf191027.htm,N12 - גורמים בתעשייה: קצב המכירה להופעה של נועה קירל נמוך...,,wayback
https://www.mako.co.il/news-entertainment/2024_q3/Article-dc0ef14f8349191027.htm,"N12 - שולי רנד אחרי שהסכים להשתתף בטקס הממלכתי: ""חייב פשרה""",,wayback
https://www.mako.co.il/news-entertainment/2024_q3/Article-dd4853ce10a1291026.htm,,,wayback
https://www.mako.co.il/news-entertainment/2024_q3/Article-df5a42dd7050291026.htm,N12 - הופעתו של חנן בן ארי בגליל בוטלה בשל המתיחות הביטחונית,,wayback
https://www.mako.co.il/news-entertainment/2024_q3/Article-df9a70aea7e0291027.htm,"N12 - אן אברהמי: ""לא חושבת שסהר ואני מתאימים""",,wayback
https://www.mako.co.il/news-entertainment/2024_q3/Article-dfc0c4486bf6191026.htm,N12 - לזכר רוני אשל: המזכרת המרגשת שקיבל האקס של טיילור סוויפט,,wayback
https://www.mako.co.il/news-entertainment/2024_q3/Article-e0032ffa9ce1291027.htm,N12 - זה כנראה הדבר הכי גרוע שקייטי פרי עשתה בחייה,,wayback
https://www.mako.co.il/news-entertainment/2024_q3/Article-e032b6d5ff73291026.htm,N12 - אחרי שחיקה אותו שנים: יובל סמו מגיב לחיסול נסראללה,,wayback
https://www.mako.co.il/news-entertainment/2024_q3/Article-e14a98bf8e80291026.htm,"N12 - ""אני גיטרה וחברים"": ערב המחווה לבני אמדורסקי במלאת 30...",,wayback
https://www.mako.co.il/news-entertainment/2024_q3/Article-e65d6f663be2291027.htm,"N12 - אחרי 16 שנה: שיר ראשון ללהקת ""הקיור""",,wayback
https://www.mako.co.il/news-entertainment/2024_q3/Article-e851262931d6291027.htm,"N12 - ארוסתו לשעבר של כוכב הפופ שוברת שתיקה: ""אתם בכלל לא...",,wayback
https://www.mako.co.il/news-entertainment/2024_q3/Article-e97941642324291027.htm,"N12 - הסרט החדש עם דמי מור מזעזע את הצופים: ""יצאו באמצע""",,wayback
https://www.mako.co.il/news-entertainment/2024_q3/Article-e9b8b8c1fa72291026.htm,"המאלפת הישראלית הגיעה למקום השני ב""אמריקה גוט טאלנט""",,wayback
https://www.mako.co.il/news-entertainment/2024_q3/Article-eb1f38a2b2ad191026.htm,"N12 - ""תיקי ביבי"": מה באמת קורה בסרט המדובר על חקירות נתניהו?",,wayback
https://www.mako.co.il/news-entertainment/2024_q3/Article-eb2266b3d8a0291026.htm,"N12 - הדרמה של אביב גפן: ""אמרתי לו, אתה יכול לבטל""",,wayback
https://www.mako.co.il/news-entertainment/2024_q3/Article-ebd2de7e62e3291026.htm,N12 - מזל טוב: רבל ווילסון נישאה לבת זוגה,,wayback
https://www.mako.co.il/news-entertainment/2024_q3/Article-ef64cd2b3b6f191027.htm,"N12 - דונלד טראמפ תוקף: ""אני שונא את טיילור סוויפט""",,wayback
https://www.mako.co.il/news-entertainment/2024_q3/Article-efeaac6c3e3e091026.htm,"N12 - ""זו סיטואציה קיצונית כל כך ולמרות זאת - זה קרה""",,wayback
https://www.mako.co.il/news-entertainment/2024_q3/Article-f0722a2ad89f191026.htm,"N12 - טיטו ג'קסון, חבר ""חמישיית הג'קסונים"", הלך לעולמו בגיל 70",,wayback
https://www.mako.co.il/news-entertainment/2024_q3/Article-f4e2f89d27ff191026.htm,"N12 - נתניהו ליועמ""שית ולמפכ""ל: חקרו את רביב דרוקר, שהשתתף...",,wayback
https://www.mako.co.il/news-entertainment/2024_q3/Article-f52ac946d0f6191026.htm,N12 - המוזיקאי איתי כפיר יצא לחופשה שממנה לא שב עד היום,,wayback
https://www.mako.co.il/news-entertainment/2024_q3/Article-f558902333d3291027.htm,N12 - המגישה האוסטרלית שמגינה על ישראל: מקבלת איומים אבל זה...,,wayback
https://www.mako.co.il/news-entertainment/2024_q3/Article-f5e17817e86e191026.htm,"N12 - מיכאל זפסוצקי: ""בארץ אני מרגיש אמריקאי, ובארה""ב אני...",,wayback
https://www.mako.co.il/news-entertainment/2024_q3/Article-f67276964c80291026.htm,"N12 - טקס משפחות 7 באוקטובר: הכרטיסים אזלו, פועלים להגדלת האירוע",,wayback
https://www.mako.co.il/news-entertainment/2024_q3/Article-f74a3651006e191026.htm,"N12 - ""אל תוציא מילה"": צפיתם במקור? אז חבל על הזמן ועל הכסף",,wayback
https://www.mako.co.il/news-entertainment/2024_q3/Article-f8656ea1af3e191027.htm,,,wayback
https://www.mako.co.il/news-entertainment/2024_q3/Article-f88113901e40291026.htm,N12 - הצצה ראשונה: יובל סמו בסדרה העלילתית הראשונה על 7 באוקטובר,,wayback
https://www.mako.co.il/news-entertainment/2024_q3/Article-f8fa6a5367ca191027.htm,"N12 - גל גדות, רותם סלע וליאור רז כותבים על חילוץ גופות החטופים",,wayback
https://www.mako.co.il/news-entertainment/2024_q3/Article-fa10992ce5d3291027.htm,N12 - בלתי נפרדות? אחרי הזכייה - אן ולי אברהמי מתפצלות |...,,wayback
https://www.mako.co.il/news-entertainment/2024_q3/Article-fa82332f93af191027.htm,N12 - מול 13 אלף איש: ישי ריבו כבש את המדיסון סקוור גרדן בפעם...,,wayback
https://www.mako.co.il/news-entertainment/2024_q3/Article-fde15d80a33b191027.htm,N12 - מלחמה? רכבת ישראל תחגוג עם עומר אדם באירוע שיעלה יותר...,,wayback
https://www.mako.co.il/news-entertainment/2024_q3/Article-fe2f4843a193291027.htm,"N12 - ""מר מקמהן"" מציגה דיוקן מרתק של גאון פסיכוטי",,wayback
https://www.mako.co.il/news-entertainment/2024_q4/Article-08c64ed3e227291027.htm,"N12 - בילי אייליש מודה: ""היו לי תקופות ממש אפלות במהלך סיבובי...",,wayback
https://www.mako.co.il/news-entertainment/2024_q4/Article-0925b401e416291026.htm,N12 - הפודקאסט מבית N12 על סיפורי החטופים יושמע בארצות הברית,,wayback
https://www.mako.co.il/news-entertainment/2024_q4/Article-099759cef175291027.htm,N12 - אחרי הצלחת הסדרה של נטפליקס: התפתחות בתיק האחים מננדז,,wayback
https://www.mako.co.il/news-entertainment/2024_q4/Article-0b5f9cdb4886291026.htm,"N12 - בגיל 91: הזמרת סיסי יוסטון, אמה של וויטני יוסטון, הלכה...",,wayback
https://www.mako.co.il/news-entertainment/2024_q4/Article-11e359cef175291027.htm,"N12 - אלטון ג'ון חושף: ""אם להיות כן, לא נשאר ממני הרבה""",,wayback
https://www.mako.co.il/news-entertainment/2024_q4/Article-1790d05e0565291026.htm,"N12 - ""מפלצות"": מערכון קומי באל ג'זירה לועג לטבח 7 באוקטובר",,wayback
https://www.mako.co.il/news-entertainment/2024_q4/Article-1adf8639cfb6291027.htm,"N12 - טרגדיה: הזמרת בת ה-17 נהרגה בתאונת דרכים, רגע לפני...",,wayback
https://www.mako.co.il/news-entertainment/2024_q4/Article-31c6b0e07f36291026.htm,"שנה ל-7 באוקטובר | הטקסים, הסרטים, הסדרות והתערוכות",,wayback
https://www.mako.co.il/news-entertainment/2024_q4/Article-3562ac150402291026.htm,"N12 - לראשונה מזה 30 שנה האחים מננדז מדברים: ""כל כך הרבה לא...",,wayback
https://www.mako.co.il/news-entertainment/2024_q4/Article-3be79ec7b324291027.htm,N12 - אלפי קליפים של הזמרים הגדולים נחסמו ביוטיוב,,wayback
https://www.mako.co.il/news-entertainment/2024_q4/Article-3f0df788a633291027.htm,"N12 - אודיה: ""לא רצו לקחת ממני שירים, חשבו שזה לא איכותי""",,wayback
https://www.mako.co.il/news-entertainment/2024_q4/Article-490528381076291026.htm,"N12 - בלי תמונות חטופים, תפילת יזכור חדשה: כך ייראה טקס...",,wayback
https://www.mako.co.il/news-entertainment/2024_q4/Article-4a5fb4d642b2291026.htm,"N12 - לי ואן: ""מרגישה כאילו ילדתי, הניצחון שלנו הוא מעבר לכסף""",,wayback
https://www.mako.co.il/news-entertainment/2024_q4/Article-55b34181c476291027.htm,N12 - טקס משפחות שבעה באוקטובר בפארק הירקון,,wayback
https://www.mako.co.il/news-entertainment/2024_q4/Article-57e69e68e874291026.htm,"N12 - קולדפליי תפסיק להוציא מוזיקה חדשה: ""חשוב שנציב לעצמנו...",,wayback
https://www.mako.co.il/news-entertainment/2024_q4/Article-597cbcf50dd5291027.htm,"N12 - אלונה סער, אחרי שאביה גדעון סער הצטרף לממשלה: ""צאו להפגין""",,wayback
https://www.mako.co.il/news-entertainment/2024_q4/Article-5d7428125024291026.htm,"N12 - ""הזאבים"" עם קלוני ופיט הריח כמו כישלון, ולגמרי לא בצדק",,wayback
https://www.mako.co.il/news-entertainment/2024_q4/Article-608370721d06291026.htm,"N12 - משפחתו של טופאק חוקרת אם שון ""דידי"" קומבס מעורב ברצח",,wayback
https://www.mako.co.il/news-entertainment/2024_q4/Article-6304a0faf707291027.htm,N12 - אחרי ריאיון סוער: פירס מורגן נאלץ להתנצל בפני ביונסה...,,wayback
https://www.mako.co.il/news-entertainment/2024_q4/Article-633314e99a92291026.htm,"N12 - מקום לדאגה? טהוניה חושפת: ""אני מתנתקת. הולכת לטפל בנפש...",,wayback
https://www.mako.co.il/news-entertainment/2024_q4/Article-63e290c0a225291026.htm,"N12 - שנה חדשה בלי החטופים: ""יצאתי מעזה בתחושה שנטשתי את אבא...",,wayback
https://www.mako.co.il/news-entertainment/2024_q4/Article-6939249f2b07291026.htm,"N12 - סולן להקת ""סם 41"" מאשים את מנהלה לשעבר בהתעללות מינית",,wayback
https://www.mako.co.il/news-entertainment/2024_q4/Article-6ffbbaba0db6291026.htm,N12 - נועה קירל מול אגם בוחבוט: המועמדים הישראלים לטקס פרסי...,,wayback
https://www.mako.co.il/news-entertainment/2024_q4/Article-71fb942a5495291027.htm,N12 - בשל סיבות בריאותיות: צ'יילדיש גמבינו מבטל הופעות,,wayback
https://www.mako.co.il/news-entertainment/2024_q4/Article-79dc7c197cd4291026.htm,"N12 - ""לא גיבורים אנחנו"": כשבמאי הסרט על הפלוגה הוא חלק ממנה",,wayback
https://www.mako.co.il/news-entertainment/2024_q4/Article-81b74181c476291027.htm,"N12 - המחווה של הפסטיבל הבינלאומי לחטוף הישראלי: ""מקווים...",,wayback
https://www.mako.co.il/news-entertainment/2024_q4/Article-8ef93960ae76291026.htm,N12 - טקס הזיכרון הממלכתי לציון שנה ל-7 באוקטובר,,wayback
https://www.mako.co.il/news-entertainment/2024_q4/Article-8ef93960ae76291026.htm&utm_source=Twitter&utm_medium=Share,N12 - החל טקס הזיכרון הממלכתי לציון שנה לטבח 7 באוקטובר,,wayback
https://www.mako.co.il/news-entertainment/2024_q4/Article-9197ab009986291027.htm,N12 - פסטיבל הסרטים חיפה ופסטיבל עכו לתיאטרון נדחו בשל המצב...,,wayback
https://www.mako.co.il/news-entertainment/2024_q4/Article-92491b18bb34291026.htm,"N12 - ""תנו לגדול בשקט"": ערוצי הילדים מתאחדים לחידוש השיר",,wayback
https://www.mako.co.il/news-entertainment/2024_q4/Article-9d93c57c313d961006.htm,N12 - סדרות מומלצות לחודש אוקטובר 2024,,wayback
https://www.mako.co.il/news-entertainment/2024_q4/Article-a2cb588c9d74291026.htm,"N12 - אשטון קוצ'ר מסתבך: ""הוא מפחד שדידי ימציא עליו דברים...",,wayback
https://www.mako.co.il/news-entertainment/2024_q4/Article-b25b277e3635291026.htm,N12 - שלוש שנים אחרי הטרגדיה על הסט: הסרט Rust ייחשף לקהל,,wayback
https://www.mako.co.il/news-entertainment/2024_q4/Article-b2ce4e907d56291026.htm,"N12 - גל גדות על 7 באוקטובר: ""מדינתי עברה את אחת מפעולות...",,wayback
https://www.mako.co.il/news-entertainment/2024_q4/Article-b733b6e2fa66291027.htm,"N12 - ""היו לי דמעות, ידעתי שאני שרה למען ילדי מג'דל שמס""",,wayback
https://www.mako.co.il/news-entertainment/2024_q4/Article-b7b82bd06b86291026.htm,"N12 - חמי רודנר נגד השימוש בשיר שלו בטקס הממלכתי: ""מאוד צרם לי""",,wayback
https://www.mako.co.il/news-entertainment/2024_q4/Article-ba6770721d06291026.htm,"N12 - מתרסק בקופות ובביקורות: ""ג'וקר: טירוף בשניים"" שובר...",,wayback
https://www.mako.co.il/news-entertainment/2024_q4/Article-bbe2ee954ef6291026.htm,N12 - עיתונאי גרמני בלבנון התראיין לערוץ ישראלי ונעצר,,wayback
https://www.mako.co.il/news-entertainment/2024_q4/Article-bc6a13733856291027.htm,"N12 - ""על זה הוא חשב באותם רגעים, שעה אחר כך הוא כבר לא היה""",,wayback
https://www.mako.co.il/news-entertainment/2024_q4/Article-bd62e61b34f1291026.htm,"N12 - האחים של ""אלון, אח שלי גיבור"" גיבורים לא פחות ממנו",,wayback
https://www.mako.co.il/news-entertainment/2024_q4/Article-be157539fd36291027.htm,"N12 - ""רק לא זה"": כל הפרטים על סערת האנטישמיות של נטפליקס",,wayback
https://www.mako.co.il/news-entertainment/2024_q4/Article-c35385fd6e42291026.htm,N12 - אחרי חשיפת mako: השחקנית נועה כהן מגיעה לנטפליקס,,wayback
https://www.mako.co.il/news-entertainment/2024_q4/Article-ca96ce39d914291026.htm,"N12 - ""פחדתי נורא, הרגיש לי מנותק להוציא את 'נאדי באדי' במלחמה""",,wayback
https://www.mako.co.il/news-entertainment/2024_q4/Article-cb3ca57acb34291027.htm,N12 - מה פי דידי עשה? כל האמת על שון קומבס,,wayback
https://www.mako.co.il/news-entertainment/2024_q4/Article-dae79f61fbe4291027.htm,"N12 - השותפה של גל גדות מגיבה: ""לא מסוגלת לצפות בילדים מתים""",,wayback
https://www.mako.co.il/news-entertainment/2024_q4/Article-db6083d3c976291027.htm,N12 - דיווח: מארוול הסירה כל סממן ישראלי מדמותה של סברה...,,wayback
https://www.mako.co.il/news-entertainment/2024_q4/Article-e1d093f04174291026.htm,"N12 - כוכבת הפופ הפתיעה: ""בגללי ראש העיר עומד לדין""",,wayback
https://www.mako.co.il/news-entertainment/2024_q4/Article-e649f075e2b6291026.htm,"N12 - בן גביר נגד אביב גפן: ""די לפלג""; ""מתגעגע לימים שגנבת רק...",,wayback
https://www.mako.co.il/news-entertainment/2024_q4/Article-ec3157de0b06291027.htm,N12 - מפגינים פרו-פלסטינים התפרצו להקרנת סרטו של אלמודובר,,wayback
https://www.mako.co.il/news-entertainment/2024_q4/Article-f0e57ee8ba94291026.htm,N12 - 120 גברים ונשים צפויים לתבוע את פי דידי בגין אונס ותקיפה,,wayback
https://www.mako.co.il/news-entertainment/2024_q4/Article-f11e676ebe56291027.htm,"N12 - שנה אחרי שלחם ב""נובה"" - המסתערב מ' שר בטקס לזכר הנרצחים",,wayback
https://www.mako.co.il/news-entertainment/2024_q4/Article-f53d839e29c6291027.htm,N12 - לא נעים: הכוכב שר בהופעה למעריצה - שהתעלמה,,wayback
https://www.mako.co.il/news-entertainment/2024_q4/Article-f85cd1c9a335291026.htm,N12 - רופאו של מת'יו פרי הודה שסיפק לו את סם הקטמין שהביא למותו,,wayback
https://www.mako.co.il/news-entertainment/2024_q4/Article-fe6fb5a8e735291027.htm,"N12 - ""ג'וקר: טירוף בשניים"" חייב אזהרת טריגר ספציפית מאוד",,wayback
https://www.mako.co.il/news-entertainment/Article-7fcf4d2cd18b191026.htm,"N12 - ""טולסה קינג"": סילבסטר סטאלון מגלם גנגסטר. גנגסטר עם בוטוקס",,wayback
https://www.mako.co.il/news-israel-elections/2020-2020_q1/Article-fc17d24816faf61027.htm,"בחירות 2020: סקר אחרי סגירת הרשימות: הגושים יציבים, עוצמה יהודית לא עוברת",,wayback
https://www.mako.co.il/news-israel-elections/2020/Article-186f5a0448c8071027.htm,בחירות 2020: הסקר האחרון לפני הקלפיות: הליכוד מוביל בשני מנדטים על כחול לבן,,wayback
https://www.mako.co.il/news-israel-elections/2020/Article-6e285ab70ec9071026.htm,"בחירות 2020: בליכוד חוגגים את המדגם: ""ניצחון מוחץ של נתניהו""",,wayback
https://www.mako.co.il/news-israel-elections/2021-knesset_24/Article-bea97acb510b771027.htm,N12 - רשימת הציונות הדתית לכנסת ה-25 | בחירות 2022,,wayback
https://www.mako.co.il/news-israel-elections/2021/Article-a24ce58b8113771026.htm,"N12 - החיבורים שעל הפרק וההבהרה של גנץ: ""ארוץ עד הסוף""",,wayback
https://www.mako.co.il/news-israel-elections/2021/Article-bcb21a9a65c3871026.htm,"N12 - הפגישה בין לפיד ליו""ר רע""מ: ניסה לשכנע את עבאס להמליץ...",,wayback
https://www.mako.co.il/news-israel-elections/2021_q1/Article-24c7dd358a6a771027.htm,N12 - בנימין נתניהו בריאיון לחדשות 12 במהדורה המרכזית,,wayback
https://www.mako.co.il/news-israel-elections/2021_q1/Article-f2a6acdd04c1771028.htm,N12 - הישג לנתניהו: חגית משה נבחרה לראשות הבית היהודי,,wayback
https://www.mako.co.il/news-israel-elections/2022_q4/Article-ef69108a12dc481026.htm,"N12 - המנהל האזרחי תחת סמוטריץ': המשמעות וההשפעה על איו""ש",,wayback
https://www.mako.co.il/news-israel-elections/election_2022-knesset_25/Article-bea97acb510b771027.htm,N12 - רשימת הציונות הדתית לכנסת ה-25 | בחירות 2022,,wayback
https://www.mako.co.il/news-israel-elections/election_2022/Article-4f272a920f34281026.htm,N12 - מיוחד: הסקר שמגלה במי יבחרו הצעירים ואת מפת המנדטים שלהם,,wayback
https://www.mako.co.il/news-israel-elections/election_2022/Article-bcbc24855c19481027.htm,N12 - הכוורת של בן גביר | הכירו את הקיצוניים שמקיפים את השר...,,wayback
https://www.mako.co.il/news-israel-elections/election_2022/Article-c44ade24d00b481026.htm,"N12 - סקר מיוחד של ""אולפן שישי"": מה חושב הציבור על המינוי של...",,wayback
https://www.mako.co.il/news-israel-elections/elections_2019-q1_2019/Article-7b7009a8313c861004.htm,"N12 - בחירות 2019 | גורם בסביבת נתניהו: ""הוא לא רצה את סער...",,wayback
https://www.mako.co.il/news-israel-elections/elections_2019-q2_2019/Article-3a101ea2c07d961004.htm,N12 -  בחירות 2019: מערך החשבונות המזויפים למען ראש הממשלה,,wayback
https://www.mako.co.il/news-israel-elections/elections_2019-q2_2019/Article-97b5df0a593f961004.htm,"N12 -  בחירות 2019: ""דנים גם על סיפוח חלקים מיו""ש""",,wayback
https://www.mako.co.il/news-israel-elections/elections_2019-q3_2019/Article-0cb5a29b1e73c61027.htm,N12 - בחירות 2019 | קריצה לקהל הרוסי: שלט של נתניהו עם פוטין...,,wayback
https://www.mako.co.il/news-israel-elections/elections_2019-q3_2019/Article-d09189395801d61027.htm,"N12 - בחירות 2019 | פרסום ראשון: כך נראה קמפיין הלהט""ב לעידוד...",,wayback
https://www.mako.co.il/news-israel-elections/elections_2019/Article-1975a6621edf961006.htm,N12 - בחירות 2019: הישראלים שעוזבים את הארץ רגע לפני ההצבעה,,wayback
https://www.mako.co.il/news-israel/2019_q3/Article-1a27bf65ecf7c61027.htm,N12 - לראשונה בישראל: גבס שהודפס בתלת ממד - בהתאמה אישית,,wayback
https://www.mako.co.il/news-israel/2019_q3/Article-3b79a2a2138bc61027.htm,"N12 - סרבן הגט מכחיש הכניעה לרבנות: ""הם מושחתים""",,wayback
https://www.mako.co.il/news-israel/2019_q3/Article-5400f8af6faac61027.htm,N12 - התקציב נגמר - והממשלה החליטה לעצור את שיפוץ כביש הדמים...,,wayback
https://www.mako.co.il/news-israel/2019_q3/Article-ea4c922a8107c61027.htm,"N12 - ""רפואה מותאמת אישית תוך עשור"": השיטה שתזהה ותחסל תאים...",,wayback
https://www.mako.co.il/news-israel/2019_q4/Article-5b8b1888853fd61027.htm,"N12 - חנות ספרים בישראל הציעה למכירה עותקים של ""מיין קאמפף""",,wayback
https://www.mako.co.il/news-israel/2020_q1/Article-2cc76c5fee85071026.htm,,,wayback
https://www.mako.co.il/news-israel/2020_q1/Article-4ec6ceb9c9ee071026.htm,"N12 - נתניהו: ""לא נהסס להפעיל צווים על כל המגזרים בישראל""",,wayback
https://www.mako.co.il/news-israel/2020_q1/Article-6531a7b5f093071027.htm,N12 - נפילה על הגב בחוזקה: אתגר הטיקטוק שמדאיג את ההורים,,wayback
https://www.mako.co.il/news-israel/2020_q2/Article-56b4099798ad271026.htm,"N12 - ""מזון העל"" החדש שמשגע את העולם ומעניק אין ספור יתרונות...",,wayback
https://www.mako.co.il/news-israel/2020_q2/Article-ca6fe0e39043271027.htm,N12 - מציאות מול תחזית: מה התגשם מחזון עיריית ירושלים לשנת 2020?,,wayback
https://www.mako.co.il/news-israel/2020_q3/Article-8e14699245ee371027.htm,"N12 - ""פה זה לא הסחנה""; ""אפרטהייד"": צללנו אל זירת המלחמה בנחל...",,wayback
https://www.mako.co.il/news-israel/2020_q3/Article-bc7f823fb7cd371027.htm,N12 - ללא תשלום: נחל האסי ייפתח למבקרים,,wayback
https://www.mako.co.il/news-israel/2020_q3/Article-de6ba3b74e35471026.htm,N12 - גשם של קנאביס: שקיות עם הסם נחתו בלב תל אביב,,wayback
https://www.mako.co.il/news-israel/2020_q4/Article-cd12dc1260da571026.htm,N12 - אלף חרדים במסע הלוויה של הרב משה פיינשטיין בהר המנוחות,,wayback
https://www.mako.co.il/news-israel/2021_q1/Article-90d621415a17771027.htm,"N12 - פרסום ראשון: החוקר של רה""מ לא משובץ לתפקיד חדש",,wayback
https://www.mako.co.il/news-israel/2021_q2/Article-7b8f54088ca9971026.htm,"N12 - מבצע ""חוק וסדר"": אלפי שוטרים יפעלו נגד המעורבים בהתפרעויות",,wayback
https://www.mako.co.il/news-israel/2021_q2/Article-bf534a4c7693971026.htm,N12 - התיירות בירושלים ספגה מכה קשה: הכי מעט תיירים...,,wayback
https://www.mako.co.il/news-israel/2021_q3/Article-95175b3f116ba71027.htm,N12 - מתחת לרדאר | היהודים שלומדים תורה ומקיימים מניין בהר הבית,,wayback
https://www.mako.co.il/news-israel/2021_q3/Article-9c73cd8d9e73b71026.htm,N12 - בלי חשמל ומים: שבוע עם נערי גבעות,,wayback
https://www.mako.co.il/news-israel/2022_q1/Article-11cb24506c12e71027.htm,N12 - דרוקמן על חוק הגיור: לא אוכל לתמוך בחוק שהרבנות מתנגדת...,,wayback
https://www.mako.co.il/news-israel/2022_q2/Article-085b0c64daaef71027.htm,"N12 - 3 מחבלים חוסלו, לוחמים נפצעו בחילופי האש | סיכום חדשות...",,wayback
https://www.mako.co.il/news-israel/2022_q2/Article-11fd8f7a31df081027.htm,"N12 - דו""ח מכון ירושלים: חצי מהילדים בבירה חיים מתחת לקו העוני",,wayback
https://www.mako.co.il/news-israel/2022_q2/Article-11fd8f7a31df081027.htm&utm_source=Whatsapp&utm_medium=Share,"N12 - דו""ח מכון ירושלים: חצי מהילדים בבירה חיים מתחת לקו העוני",,wayback
https://www.mako.co.il/news-israel/2022_q3/Article-8d4adecd7cae181026.htm,N12 - פרויקט מיוחד: הדילמה של ערביי מזרח ירושלים לקבלת אזרחות...,,wayback
https://www.mako.co.il/news-israel/2023_q1/Article-076cde3153d8581027.htm,"N12 - אלפים בהפגנה נגד הממשלה בכיכר הבימה: ""ההפיכה המשטרית...",,wayback
https://www.mako.co.il/news-israel/2023_q1/Article-170e06c4f420681027.htm,N12 - איליה סוסנסקי שנרצח בפיגוע בנווה יעקב הובא למנוחות,,wayback
https://www.mako.co.il/news-israel/2023_q1/Article-4cdc421b94a0681026.htm,N12 - רוכב אופניים נהרג מפגיעת רכב סמוך לבית שאן,,wayback
https://www.mako.co.il/news-israel/2023_q1/Article-5a1b0e06ecca681027.htm,N12 - אחרי כשעתיים של חסימה: מתחדשת התנועה באיילון לשני הכיוונים,,wayback
https://www.mako.co.il/news-israel/2023_q1/Article-ce84301a8e52681026.htm,N12 - הזוג הותקף בדרך מהצעת הנישואין – ועכשיו תובע פיצויים,,wayback
https://www.mako.co.il/news-israel/2023_q2/Article-0a8018cc6114781026.htm,N12 - תושב תל אביב טוען שאוים בידי רעולי פנים אחרי ההפגנה,,wayback
https://www.mako.co.il/news-israel/2023_q2/Article-0c802ca20619881027.htm,"N12 - אחרי הפרסום ב-N12: אתר יד2 הסיר עשרות דירות ל""דתיים בלבד""",,wayback
https://www.mako.co.il/news-israel/2023_q2/Article-3abcb0281ca0b81026.htm,N12 - שמות הנרצחים והנופלים במלחמת חרבות ברזל – רשימה מתעדכנת,,wayback
https://www.mako.co.il/news-israel/2023_q2/Article-918172570aa8881027.htm,N12 - בעלי הדירות סירבו להשכיר למתעניינים שלא שומרים שבת וכשרות,,wayback
https://www.mako.co.il/news-israel/2023_q4/Article-1cf31e55c052c81026.htm,N12 - קיבוץ ניר עוז וקיבוץ בארי הודיעו על מותם של 5 מתושביהם...,,wayback
https://www.mako.co.il/news-israel/2023_q4/Article-1cf4ecaa7fa1c81027.htm,"N12 - בתה של חנה פרי ששוחררה מהשבי: ""החטופים ידעו על התקדמות...",,wayback
https://www.mako.co.il/news-israel/2023_q4/Article-2d492207212bc81027.htm,"N12 - ""אם הייתי יודע שאני חוזר מעזה בלי עומר, לא הייתי מסכים...",,wayback
https://www.mako.co.il/news-israel/2023_q4/Article-4b4ad09b887eb81026.htm,"N12 - הזוג ששרד 3 התקפות מחבלים: ""נתתי גז ונכנסתי בהם""",,wayback
https://www.mako.co.il/news-israel/2023_q4/Article-4d2cbe96cbddb81026.htm,"N12 - לפני שהילד נרדם, הוא שואל אותך ""יש מחבל במסדרון?""",,wayback
https://www.mako.co.il/news-israel/2023_q4/Article-56c3a8171f79c81027.htm,"N12 - ""משהו ממני נשאר בעזה"" | שרון אלוני-קוניו על 52 הימים...",,wayback
https://www.mako.co.il/news-israel/2023_q4/Article-5905606a7087c81026.htm,"N12 - ""הם פה, אני בורח - נדבר"": השיחה האחרונה עם שלומי שאבטח...",,wayback
https://www.mako.co.il/news-israel/2023_q4/Article-6f029ca0fb19b81026.htm,"N12 - ""רק כשהצצתי מהחלון של האמבולנס הבנתי שאני בזירת מלחמה""",,wayback
https://www.mako.co.il/news-israel/2023_q4/Article-92812c6e6637c81027.htm,N12 - 49 ימים בגיהנום: דורון כץ-אשר ששוחררה מהשבי מדברת לראשונה,,wayback
https://www.mako.co.il/news-israel/2023_q4/Article-a7f49d709901c81027.htm,"N12 - העדות של בני משפחת מונדר מהשבי: ""אכלו מעט""",,wayback
https://www.mako.co.il/news-israel/2023_q4/Article-ae96888dbf75b81027.htm,N12 - השיחה האחרונה של עדן ירושלמי עם אחותה לפני שנחטפה,,wayback
https://www.mako.co.il/news-israel/2024_q1/Article-18cc9dc1ae28e81026.htm,N12 - חופשות בצל ההתרעות: הישראלים שלא מוותרים על ביקור בסיני...,,wayback
https://www.mako.co.il/news-israel/2024_q1/Article-1a10adc9aff5d81026.htm,N12 - מבקר המדינה פתח בבדיקה על כך שהקבינט החברתי-כלכלי לא כונס,,wayback
https://www.mako.co.il/news-israel/2024_q1/Article-878d62e8432fd81027.htm,"N12 - ""7 באוקטובר - היום העצוב ביותר בחיי""",,wayback
https://www.mako.co.il/news-israel/2024_q1/Article-aa21d01a5f84e81026.htm,"N12 - תחקיר חדשות סוף השבוע: כך נראה מנגנון ההשתמטות החרדי מצה""ל",,wayback
https://www.mako.co.il/news-israel/2024_q1/Article-e203f63e795cd81026.htm,"N12 - פעיל הליכוד תקף מילולית אב שכול: ""לא למדת כלום? הרגו לך...",,wayback
https://www.mako.co.il/news-israel/2024_q2/Article-049552eb319ff81026.htm,"N12 - אלמוג מאיר סיפר למשפחתו: ניהלתי יומן בשבי, ראיתי תמונות...",,wayback
https://www.mako.co.il/news-israel/2024_q2/Article-09b7d0a09d06191027.htm,"N12 - חדשות השבת: מטחים לגליל אחרי גל תקיפות של צה""ל בלבנון",,wayback
https://www.mako.co.il/news-israel/2024_q2/Article-2966f744654df81027.htm,N12 - עימותים אלימים בין שוטרים למפגינים בצומת עזריאלי,,wayback
https://www.mako.co.il/news-israel/2024_q2/Article-30804ff97927f81026.htm,N12 - תם טקס הדלקת המשואות 2024 שהוקלט מראש,,wayback
https://www.mako.co.il/news-israel/2024_q2/Article-6fff23e0495ef81027.htm,N12 - מסלול מצעד הדגלים בירושלים יישאר כמתוכנן: יעברו גם בשער...,,wayback
https://www.mako.co.il/news-israel/2024_q2/Article-714bb5f73999f81026.htm,"N12 - נהג הרכב שנפגע בתאונה עם בן גביר: ""נהרסו לי החיים, לא...",,wayback
https://www.mako.co.il/news-israel/2024_q2/Article-7d5392feac1bf81027.htm,N12 - מי אתם משפחת פאליק? | איך נראה המקלט ומדוע שהה הזוג...,,wayback
https://www.mako.co.il/news-israel/2024_q2/Article-83da819af5cff81026.htm,"N12 - ""תגידי תודה שנפלת על המשפחה שלנו"": הבית שבו הוחזקה נועה...",,wayback
https://www.mako.co.il/news-israel/2024_q2/Article-a758825bbbf2091027.htm,N12 - תעלומת המחשב האבוד של הצעיר שנרצח בקיבוץ ב-7 באוקטובר,,wayback
https://www.mako.co.il/news-israel/2024_q2/Article-b95854462e1a191027.htm,N12 - הרוג ופצוע בהתרסקות מטוס קל סמוך לבנימינה,,wayback
https://www.mako.co.il/news-israel/2024_q2/Article-d0253231f97ff81027.htm,"N12 - ""עם ישראל חי"": חגיגות מחוף הים של תל אביב ועד אתונה",,wayback
https://www.mako.co.il/news-israel/2024_q2/Article-d80fbe391466091027.htm,N12 - 300 קילומטרים עם גדר חלודה: מדוע הגבול הארוך בישראל פרוץ?,,wayback
https://www.mako.co.il/news-israel/2024_q3/Article-026243be33f6191027.htm,"N12 - אוהד מונדר: ""חשבתי שסבא ישרוד""; קרובתו של יגב: ""אין נחמה""",,wayback
https://www.mako.co.il/news-israel/2024_q3/Article-05883381eda7191027.htm,"N12 - נועה ארגמני בעדות: ""כל לילה נרדמתי במחשבה שזה הלילה...",,wayback
https://www.mako.co.il/news-israel/2024_q3/Article-062564b17cba191027.htm,"N12 - בת הזוג של אורי דנינו ז""ל: ""עוברים גיהינום. גילינו דרך...",,wayback
https://www.mako.co.il/news-israel/2024_q3/Article-0958cfc31076191027.htm,N12 - המיצב קורע הלב של בת הזוג של החטוף,,wayback
https://www.mako.co.il/news-israel/2024_q3/Article-0c771b65792e191026.htm,"N12 - ח""כ צבי סוכות למחבל בבית החולים: ""נדאג שמדינת ישראל...",,wayback
https://www.mako.co.il/news-israel/2024_q3/Article-0f1091b5cb72291027.htm,N12 - עשרות משפחות שכולות דורשות: אל תשתמשו בתמונות יקירנו...,,wayback
https://www.mako.co.il/news-israel/2024_q3/Article-1025091b41c0291027.htm,N12 - חוזרים לחיים: המסע של הלוחמים שנפצעו לשיקום פיזי ונפשי,,wayback
https://www.mako.co.il/news-israel/2024_q3/Article-13f78fbde76e191026.htm,"N12 - 12 פצועים בפיצוץ רכב ברמלה - 4 במצב אנוש, בהם תינוקת בת...",,wayback
https://www.mako.co.il/news-israel/2024_q3/Article-14a0dd90fc48191026.htm,"N12 - ערב הפסגה בקהיר: משפחות החטופים מפגינות בת""א",,wayback
https://www.mako.co.il/news-israel/2024_q3/Article-14e5db7a6162191027.htm,N12 - עשרות מפגינים חרדים נגד גיוס הצליחו לפרוץ לאתר ההנצחה...,,wayback
https://www.mako.co.il/news-israel/2024_q3/Article-151a4a873430191026.htm,N12 - הפריצה לבסיס - והסרת האחריות במשטרה,,wayback
https://www.mako.co.il/news-israel/2024_q3/Article-162881dea0ca191027.htm,"N12 - לחץ כבד על יו""ר ההסתדרות להשבית את המשק",,wayback
https://www.mako.co.il/news-israel/2024_q3/Article-167b8ec42033291026.htm,N12 - שי קינן חשף שהוא ראש העיר שחשוד בהטרדה מינית,,wayback
https://www.mako.co.il/news-israel/2024_q3/Article-16e731c12da6191026.htm,,,wayback
https://www.mako.co.il/news-israel/2024_q3/Article-1adace937815191027.htm,"N12 - בשטח, תחת אש: אוכלים ארנצ'יני, פיצה בינאנקה ומלוואח",,wayback
https://www.mako.co.il/news-israel/2024_q3/Article-1f18083ec658191026.htm,"N12 - הקלטות ראש הממשלה ושורדות השבי: ""בנות נאנסות שם, מבינים...",,wayback
https://www.mako.co.il/news-israel/2024_q3/Article-1f3e09c2c831291026.htm,"N12 - נהגי אוטובוסים הוקפצו בצפון, במד""א העלו כוננות",,wayback
https://www.mako.co.il/news-israel/2024_q3/Article-209bce0c4357191027.htm,N12 - טקס 7.10: קיבוצי עוטף עזה הודיעו שלא ישתתפו בטקס של...,,wayback
https://www.mako.co.il/news-israel/2024_q3/Article-242690fea666191026.htm,N12 - מטען חבלה התפוצץ בתל אביב; מתחזק החשד שמדובר בפיגוע לאומני,,wayback
https://www.mako.co.il/news-israel/2024_q3/Article-25067bb1efda191027.htm,N12 - הובאו למנוחות חלק מששת החטופים שנרצחו ושגופותיהם אותרו,,wayback
https://www.mako.co.il/news-israel/2024_q3/Article-26a97299abff191026.htm,"N12 - בתו של יורי, שנרצח בפיגוע במעבר אלנבי: ""המחבל נקבר...",,wayback
https://www.mako.co.il/news-israel/2024_q3/Article-29fe259b0d0c091027.htm,N12 - הורים שכולים קוראים לנתניהו: תקים וועדת חקירה ממלכתית,,wayback
https://www.mako.co.il/news-israel/2024_q3/Article-2aff6e01d12a191027.htm,N12 - מבט מבפנים: כמעט שנה למלחמה – חיי המפונים בבית המלון,,wayback
https://www.mako.co.il/news-israel/2024_q3/Article-2c3831ea1246191026.htm,"N12 - סמוטריץ' ליועמ""שית: ""לא אעניש את החרדים""",,wayback
https://www.mako.co.il/news-israel/2024_q3/Article-31c666a81b06191027.htm,N12 - דריה בת ה-11 נעדרת מאז אתמול: המשטרה מבקשת את עזרת הציבור,,wayback
https://www.mako.co.il/news-israel/2024_q3/Article-343e0d874584191026.htm,N12 - רעידת אדמה בעוצמה 5 הורגשה בצפון הארץ ובמרכזה,,wayback
https://www.mako.co.il/news-israel/2024_q3/Article-34b6c4a85502291026.htm,"N12 - תיעוד קשה מבית שמש: שוטר מכה באלה מפגין חרדי, מח""ש פתחה...",,wayback
https://www.mako.co.il/news-israel/2024_q3/Article-36af6ba3e7d6291026.htm,"N12 - הרופא שנכנס למבצע ברצועה: ""אם נאתר גופת חטוף, עשינו את...",,wayback
https://www.mako.co.il/news-israel/2024_q3/Article-392fbc172806191026.htm,N12 - משפחות חטופים בהצהרה על רקע המגעים לעסקת חטופים,,wayback
https://www.mako.co.il/news-israel/2024_q3/Article-3a7e415782f7191026.htm,"N12 - שורדות השבי אחרי הפגישה עם נתניהו: ""יצאנו בתחושה כבדה...",,wayback
https://www.mako.co.il/news-israel/2024_q3/Article-3bf3e2cc0400291026.htm,"N12 - האמירות ההומופוביות של המפכ""ל: דני לוי נפגש עם נציגים...",,wayback
https://www.mako.co.il/news-israel/2024_q3/Article-3ceac8194982291027.htm,"N12 - בארי, עוז ונובה: התינוקות שנקראו על שם יישובי העוטף",,wayback
https://www.mako.co.il/news-israel/2024_q3/Article-40d24f0dd9bf191026.htm,"N12 - ""אלמוג חווה סבל וככה זה הסתיים?"": משפחת החטוף שנרצח...",,wayback
https://www.mako.co.il/news-israel/2024_q3/Article-47e585427062291027.htm,N12 - קרב הירושה על בניין המגורים ברחוב הירקון: הגרושה מול...,,wayback
https://www.mako.co.il/news-israel/2024_q3/Article-487245e4e06f191026.htm,"N12 - הזדהו כשוטרים ועובדי בנק – ועקצו מעל מיליון שקלים: ""כל...",,wayback
https://www.mako.co.il/news-israel/2024_q3/Article-495b3eee97ef091026.htm,"N12 - המהומות בשדה תימן: עשרות פרצו לבסיס, בהם ח""כ צבי סוכות",,wayback
https://www.mako.co.il/news-israel/2024_q3/Article-4ada6b1a6fe7191026.htm,N12 - פעולות החייאה בפעוטה בת שנתיים שטבעה בבריכה בבית באשקלון,,wayback
https://www.mako.co.il/news-israel/2024_q3/Article-4bf9b07eb837191027.htm,"N12 - גילה שחייו ניצלו - הודות לשכנו שנפל: ""חי אצלי בגוף""",,wayback
https://www.mako.co.il/news-israel/2024_q3/Article-50f6ede2d6af191026.htm,"N12 - ""ליל גלנט"" 2? ארגוני המחאה יקיימו כינוס חירום",,wayback
https://www.mako.co.il/news-israel/2024_q3/Article-5187b41aaeb7191026.htm,"N12 - שנת הלימודים בפתח: הגנים עולים יותר, המטפלות מוכשרות פחות",,wayback
https://www.mako.co.il/news-israel/2024_q3/Article-568848acd0b1291026.htm,N12 - המועמדים שמציע שר המשפטים לוין לנשיא העליון - כל שופטי...,,wayback
https://www.mako.co.il/news-israel/2024_q3/Article-5790871d6240291026.htm,N12 - בן 67 במצב קשה לאחר שנמשה מנחל הירקון מחוסר הכרה,,wayback
https://www.mako.co.il/news-israel/2024_q3/Article-5851f92f4de2291027.htm,N12 - ראש עיר של אחת הערים הגדולות בגוש דן חשוד בהטרדה מינית,,wayback
https://www.mako.co.il/news-israel/2024_q3/Article-5c486ab87e09191027.htm,"N12 - ""הבן שלנו כבר מת, אותם אפשר להחזיר בחיים""",,wayback
https://www.mako.co.il/news-israel/2024_q3/Article-606f391675ca191027.htm,,,wayback
https://www.mako.co.il/news-israel/2024_q3/Article-614b14be6bef191027.htm,N12 - ראש מועצת שער הנגב במכתב חריף לשר הפנים ארבל,,wayback
https://www.mako.co.il/news-israel/2024_q3/Article-63226ab87e09191027.htm,N12 - החלום ושברו: חברות הפוד-טק שעזבו את הצפון בגלל המלחמה,,wayback
https://www.mako.co.il/news-israel/2024_q3/Article-63900f4fb7a7191027.htm,"N12 - החטופה שבעלה עדיין בשבי לנתניהו: ""לא אפגש איתך""",,wayback
https://www.mako.co.il/news-israel/2024_q3/Article-669ea93d5b24191026.htm,N12 - מיליונר שמקושר לממשלה איים על עינב צנגאוקר וקרא לירי...,,wayback
https://www.mako.co.il/news-israel/2024_q3/Article-6f34e7129ef7191026.htm,"N12 - שורדות השבי לנתניהו: ""למה לא ביקשת סליחה?""; רה""מ: ""ביקשתי""",,wayback
https://www.mako.co.il/news-israel/2024_q3/Article-6fe56028a42a191027.htm,,,wayback
https://www.mako.co.il/news-israel/2024_q3/Article-6fecb362d393291026.htm,N12 - משפחות החטופים לממשלה: נצלו את המומנטום בצפון ותחזירו...,,wayback
https://www.mako.co.il/news-israel/2024_q3/Article-715f89a41e1d191027.htm,"N12 - בכיר בצוות המו""מ למשפחות החטופים: ""לא תהיה עסקה בקרוב""",,wayback
https://www.mako.co.il/news-israel/2024_q3/Article-7644e50e7e71291027.htm,"N12 - פגיעה ישירה בבית בגליל התחתון, פצוע בינוני בנפילה בקריות",,wayback
https://www.mako.co.il/news-israel/2024_q3/Article-7690757c0ba4191027.htm,"N12 - וסרלאוף ובן גביר עלו להר הבית, עשרות יהודים התפללו...",,wayback
https://www.mako.co.il/news-israel/2024_q3/Article-790c433c6d46191026.htm,N12 - אישה נהרגה מפגיעת משאית בכביש 6 לעיני ארבעת ילדיה,,wayback
https://www.mako.co.il/news-israel/2024_q3/Article-794a7a51eec2291026.htm,N12 - מפונים מצפון הארץ על האפשרות להפסקת אש של 21 יום: איזה...,,wayback
https://www.mako.co.il/news-israel/2024_q3/Article-7d28267d4b2a191027.htm,,,wayback
https://www.mako.co.il/news-israel/2024_q3/Article-7dfedea21e91291026.htm,"N12 - נועם יחיאל ז""ל הוא הנער שנהרג בתאונה שהתרחשה הבוקר...",,wayback
https://www.mako.co.il/news-israel/2024_q3/Article-84e192dafaa0291026.htm,"N12 - החייל שצילם נשים ברכבת מתנצל: ""עשיתי את טעות חיי""",,wayback
https://www.mako.co.il/news-israel/2024_q3/Article-85cd273513af191027.htm,N12 - כדי למנוע עבודות בשבת - הכביש ייחסם ביום חול,,wayback
https://www.mako.co.il/news-israel/2024_q3/Article-8a5a494de265191026.htm,N12 - שני גברים מתו בתאונת דרכים קשה בין שני כלי רכב באזור עתלית,,wayback
https://www.mako.co.il/news-israel/2024_q3/Article-9194d589a460291026.htm,,,wayback
https://www.mako.co.il/news-israel/2024_q3/Article-9194d589a460291026.htm&utm_source=Twitter&utm_medium=Share,N12 - ניצב סיגל בר צבי שפרשה מהמשטרה בנאום פרידה נוקב,,wayback
https://www.mako.co.il/news-israel/2024_q3/Article-9194d589a460291026.htm&utm_source=Whatsapp&utm_medium=Share,N12 - ניצב סיגל בר צבי שפרשה מהמשטרה בנאום פרידה נוקב,,wayback
https://www.mako.co.il/news-israel/2024_q3/Article-924752a8c3d3291027.htm,"N12 - צעיר חטף שרשרת עם צלב מתיירים, ירק עליהם - והתגאה",,wayback
https://www.mako.co.il/news-israel/2024_q3/Article-98c297454c89191026.htm,"N12 - משפחות חטופים ומפגינים למען עסקה בשיירה לעוטף: ""לשים...",,wayback
https://www.mako.co.il/news-israel/2024_q3/Article-9970cd809584291027.htm,N12 - צעיר הותקף בעת שניסה להיכנס למקלט ציבורי בצפת שהפך...,,wayback
https://www.mako.co.il/news-israel/2024_q3/Article-9ec4b57c7e10291026.htm,N12 - תושבי קיבוץ דן שחזרו למרות האיום ואלה שמפונים כבר כמעט שנה,,wayback
https://www.mako.co.il/news-israel/2024_q3/Article-a3c0b5f86051291027.htm,N12 - הסלמה דרמטית בצפון לאחר חיסול הבכיר | סיכום חדשות השבת,,wayback
https://www.mako.co.il/news-israel/2024_q3/Article-a6c33113e5f9191026.htm,N12 - רשת 13 תפצה את אלעזר שטרן במאות אלפי שקלים,,wayback
https://www.mako.co.il/news-israel/2024_q3/Article-a894a9ae3ee6191027.htm,N12 - צנגאוקר: ראש המוסד אמר שבקונסטלציה הפוליטית הנוכחית לא...,,wayback
https://www.mako.co.il/news-israel/2024_q3/Article-aa5473a64bc9191026.htm,N12 - משפחות חטופים זועקות לקרוביהן ברמקולי ענק,,wayback
https://www.mako.co.il/news-israel/2024_q3/Article-af041db5390e191027.htm,"N12 - אחות של יוחאי אבני שנרצח גילתה שעו""ד אבי חימי מייצג את...",,wayback
https://www.mako.co.il/news-israel/2024_q3/Article-b0fdbd101064191027.htm,"N12 - פרסום פני החשודים בפרשת שדה תימן, והזעם של צה""ל: ""הפרה...",,wayback
https://www.mako.co.il/news-israel/2024_q3/Article-b29ed51e41f1291026.htm,"N12 - מיוחד: 8 שעות בשיחים, מטרים מהמחבלים - שורדת נובה משחזרת",,wayback
https://www.mako.co.il/news-israel/2024_q3/Article-b3fb18b5f680291027.htm,"N12 - ישראלים קיבלו הודעות הפחדה ""מנסראללה"": ""היכנסו למרחב מוגן""",,wayback
https://www.mako.co.il/news-israel/2024_q3/Article-b7631e0cd00f191027.htm,N12 - אילת: 6 צוללים חשו ברע במהלך צלילה ופונו לבית החולים,,wayback
https://www.mako.co.il/news-israel/2024_q3/Article-b7f7d3fb6db1291026.htm,N12 - השינוי בהנחיות פיקוד העורף | האירועים שבוטלו - והחתונות...,,wayback
https://www.mako.co.il/news-israel/2024_q3/Article-b8038f5ed50f191027.htm,N12 - ״תפס אותי בכוח וגרר אותי על הארץ״: בן 80 נפצע מול ביתו...,,wayback
https://www.mako.co.il/news-israel/2024_q3/Article-b86af9169db4191026.htm,"N12 - רקטה שוגרה מעזה לת""א - ונפלה בים",,wayback
https://www.mako.co.il/news-israel/2024_q3/Article-ba75856ad26e191026.htm,"N12 - נמשכת פרישת הניצבים במשטרה: מפקד מחוז ש""י הודיע למפכ""ל...",,wayback
https://www.mako.co.il/news-israel/2024_q3/Article-bf00574c0ce1291026.htm,N12 - מטחים לאזור חיפה ולראשונה - גם לשומרון | תיעוד היירוטים...,,wayback
https://www.mako.co.il/news-israel/2024_q3/Article-c4a71b18bb34291026.htm,N12 - יושב ראש הכנסת לשעבר דן תיכון הלך לעולמו בגיל 87,,wayback
https://www.mako.co.il/news-israel/2024_q3/Article-d0c481025c4d191027.htm,"N12 - אתגר הטיקטוק שנגמר באסון: ""יכול היה להסתיים בדימום מוחי""",,wayback
https://www.mako.co.il/news-israel/2024_q3/Article-d34d97448a6f191026.htm,"N12 - המפכ""ל החדש: הומואים - ""זה מגעיל אותי""",,wayback
https://www.mako.co.il/news-israel/2024_q3/Article-d59904a94055191026.htm,"N12 - ""הרגשה נוראית לשבת בחדר אחד עם מי שניסו להרוג אותך""",,wayback
https://www.mako.co.il/news-israel/2024_q3/Article-d616c4486bf6191026.htm,N12 - קיבוץ בארי נגד הטקס הממלכתי: שהממשלה תתעסק בחיים שאפשר...,,wayback
https://www.mako.co.il/news-israel/2024_q3/Article-d7664843a193291027.htm,"N12 - מנהיג חיזבאללה נסראללה חוסל על ידי צה""ל | סיכום חדשות השבת",,wayback
https://www.mako.co.il/news-israel/2024_q3/Article-d8ed2bb9f4a1291026.htm,,,wayback
https://www.mako.co.il/news-israel/2024_q3/Article-daa0677fc1e7091027.htm,N12 - נקבע מותו של התינוק שנשכח ברכב באשדוד,,wayback
https://www.mako.co.il/news-israel/2024_q3/Article-dacc5f44563a191026.htm,N12 - מטה המשפחות פרסם סרטון קשה לצפייה - שנפסל לשידור,,wayback
https://www.mako.co.il/news-israel/2024_q3/Article-de07f61663ef191027.htm,"N12 - נהגת נמלטה משוטרים, חצתה צומת באדום - והרגה רוכב אופנוע...",,wayback
https://www.mako.co.il/news-israel/2024_q3/Article-deca9775592f191026.htm,"N12 - ""זה הריפוי הכי גדול בעולם"": הסוד של קטי גבעוני",,wayback
https://www.mako.co.il/news-israel/2024_q3/Article-e0fb460852bd091026.htm,N12 - אחרי 33 שנות שירות: ניצב סיגל בר צבי פורשת מהמשטרה,,wayback
https://www.mako.co.il/news-israel/2024_q3/Article-e1b6bcd0fe22191027.htm,N12 - כישלון היום הראשון לגיוס החרדים: רק אחוזים בודדים...,,wayback
https://www.mako.co.il/news-israel/2024_q3/Article-e2d61be2cdd8191026.htm,"N12 - צולל טבע למוות בבריכה בשפלה, המציל חשב שזה חלק מאימון",,wayback
https://www.mako.co.il/news-israel/2024_q3/Article-e31cb32267f2291027.htm,N12 - רגע לפני שנרצחה - כנרת גת מישירה מבט למחבל ומוציאה לשון...,,wayback
https://www.mako.co.il/news-israel/2024_q3/Article-e55eac5cf69a191026.htm,N12 - קבלת הפנים החגיגית שחיכתה לפרחאן אל-קאדי,,wayback
https://www.mako.co.il/news-israel/2024_q3/Article-ecc1cd8a3051291026.htm,"N12 - ""נתניהו בחר בהסלמה אזורית"": הצהרת משפחות חטופים מחוץ לקריה",,wayback
https://www.mako.co.il/news-israel/2024_q3/Article-f13e5f2e8b02291026.htm,"N12 - חשש משפחות החטופים אחרי דברי נתניהו: ""האם מסתירים...",,wayback
https://www.mako.co.il/news-israel/2024_q3/Article-f15761a86ee7191027.htm,"N12 - הפשרה שהציע הרצוג לנתניהו: ""לקיים את טקס 7 באוקטובר...",,wayback
https://www.mako.co.il/news-israel/2024_q3/Article-f26816ab0432291026.htm,N12 - 9 שופטי עליון הסירו את מועמדותם לתפקיד הנשיא,,wayback
https://www.mako.co.il/news-israel/2024_q3/Article-f79a03e5ea3b191026.htm,,,wayback
https://www.mako.co.il/news-israel/2024_q3/Article-f8f7e477930a191026.htm,N12 - ההסתבכויות של דובר המשטרה החדש,,wayback
https://www.mako.co.il/news-israel/2024_q3/Article-fc2c6ee41ea6191027.htm,N12 - קיבוץ נירים: טקס זיכרון בראשות מירי רגב - לא אצלנו,,wayback
https://www.mako.co.il/news-israel/2024_q3/Article-fcea314fa668191027.htm,,,wayback
https://www.mako.co.il/news-israel/2024_q3/Article-fdaac4716905191027.htm,N12 - הסרטון החריג של רבני ירושלים נגד עליית יהודים להר הבית,,wayback
https://www.mako.co.il/news-israel/2024_q3/Article-fedb15474a2b191027.htm,N12 - הירש גולדברג-פולין וכרמל גת הובאו למנוחות,,wayback
https://www.mako.co.il/news-israel/2024_q4/Article-04b0a5932916291027.htm,N12 - צעירה נרצחה ועשרה נפצעו בפיגוע ירי בתחנה המרכזית בבאר שבע,,wayback
https://www.mako.co.il/news-israel/2024_q4/Article-2e56ea0f9246291026.htm,N12 - שנה אחרי: ממצאים ראשונים מדוח המבקר על פסטיבל הנובה,,wayback
https://www.mako.co.il/news-israel/2024_q4/Article-53ffe61c9357291027.htm,N12 - פרסום ראשון: למרות פסיקת העליון - לא תתקיים תפילה בגן מאיר,,wayback
https://www.mako.co.il/news-israel/2024_q4/Article-54bd71b79664291026.htm,N12 - סיפור הגבורה של יהונתן סקריסבסקי,,wayback
https://www.mako.co.il/news-israel/2024_q4/Article-56291f7dda46291026.htm,N12 - שנה ל-7 באוקטובר: טקסי הזיכרון במוקדים השונים בעוטף,,wayback
https://www.mako.co.il/news-israel/2024_q4/Article-586967f1c8a2291026.htm,N12 - בהרמת כוסית של הליכוד - ביצים הושלכו על אלי אלבג ופגעו...,,wayback
https://www.mako.co.il/news-israel/2024_q4/Article-5bf6ac784945291026.htm,N12 - גיבורי העל האמיתיים | דרך ההנצחה המיוחדת לזכר החיילים...,,wayback
https://www.mako.co.il/news-israel/2024_q4/Article-6b99fe65fea6291027.htm,"N12 - אם החטוף עומר ונקרט: ""ירד למשקל גוף שכבר לא יכול לרדת...",,wayback
https://www.mako.co.il/news-israel/2024_q4/Article-71bc4e2daab5291026.htm,N12 - דני קושמרו חוזר ליום ששינה את חיינו,,wayback
https://www.mako.co.il/news-israel/2024_q4/Article-8a1e97439034291026.htm,N12 - מתי ראש השנה 2024: זמני כניסת ויציאת החג ברחבי הארץ | Mako,,wayback
https://www.mako.co.il/news-israel/2024_q4/Article-937cfd8745d5291026.htm,"N12 - משפחות חטופים בהצהרה בת""א: ""ממשלת ישראל לא עושה דבר""",,wayback
https://www.mako.co.il/news-israel/2024_q4/Article-93fa01f37b54291027.htm,"N12 - המסע של רס""ן אור מעתוק: מהפציעה בעזה, דרך השיקום ועד...",,wayback
https://www.mako.co.il/news-israel/2024_q4/Article-9e1c85b2d8d5291026.htm,N12 - טקס המשפחות לציון 7 באוקטובר ייערך בנוכחות קהל מצומצם,,wayback
https://www.mako.co.il/news-israel/2024_q4/Article-bf450a93a516291026.htm,"N12 - בני הזוג חולצו ב-7.10 וחזרו לבית הרוס, הצילומים גילו מה...",,wayback
https://www.mako.co.il/news-israel/2024_q4/Article-c27f849197f5291027.htm,N12 - שנה לטבח 7 באוקטובר: המספרים מאחורי הטרגדיה,,wayback
https://www.mako.co.il/news-israel/2024_q4/Article-e68da4c86127291026.htm,N12 - העליון קבע: תתקיים תפילה בהפרדה ביום כיפור בתל אביב,,wayback
https://www.mako.co.il/news-israel/2024_q4/Article-f38804d91707291027.htm,"N12 - עמית מן ז""ל וילדי משפחת תעסה: אות נשיא המדינה לגבורה...",,wayback
https://www.mako.co.il/news-israel/2024_q4/Article-f80b148f62c4291027.htm,"N12 - דיאנה סברצוב ניצלה בפיגוע: ""אחד המחבלים הסתכל אליי וחייך""",,wayback
https://www.mako.co.il/news-israel/2024_q4/Article-f87fc6146336291026.htm,"N12 - החטופה ששוחררה בריאיון ראשון: ""כל כך כאב ופחדתי לצעוק""",,wayback
https://www.mako.co.il/news-israel/2024_q4/Article-fcfefe65fea6291027.htm,N12 - מצבת החייל שנפל בעזה כוסתה בבד שחור לאחר שנחקק עליה צלב,,wayback
https://www.mako.co.il/news-israel/education-q3_2017/Article-c80e63924de2e51004.htm,N12 - משרד הרווחה הופך עמדתו: אין בעיה עם אימוץ גאה,,wayback
https://www.mako.co.il/news-israel/education/Article-2b948bde64c1e11004.htm,"N12 - מבחני מיצ""ב: התלמידים קיבלו ""נכשל"" במתמטיקה",,wayback
https://www.mako.co.il/news-israel/education/Article-68e0ae6e58c8e21004.htm,N12 - תופעה: החינוך הממלכתי-דתי הופך לחרדי,,wayback
https://www.mako.co.il/news-israel/education/Article-98023956a5cde11004.htm,N12 - דבר המיסטיקנים על המלחמה בעזה,,wayback
https://www.mako.co.il/news-israel/education/Article-a585260a52ed441004.htm,N12 - כמה אנאלפביתים יש בישראל?,,wayback
https://www.mako.co.il/news-israel/entertainment-q2_2015/Article-810b6542ef85d41004.htm,N12 - הסרט הערבי - האירוע המכונן של ימי שישי,,wayback
https://www.mako.co.il/news-israel/entertainment-q2_2015/Article-b19f0ca7748dd41004.htm,N12 - בנט קבע: הצגה שכתב מחבל תוסר מסל התרבות,,wayback
https://www.mako.co.il/news-israel/entertainment-q2_2019/Article-c317129cfc14b61027.htm,"N12 - רגב נגד כחלון: ""לא מונע תמיכה בגוף שחותר תחת המדינה""",,wayback
https://www.mako.co.il/news-israel/entertainment-q3_2017/Article-8b25211f4c19d51004.htm,N12 - איש המסתורין מאחורי רד בנד נחשף,,wayback
https://www.mako.co.il/news-israel/entertainment-q4_2015/Article-f254b4887745151004.htm,"N12 - פרסום ראשון: משרד התרבות יפקח על ""פסטיבל הנכבה"" בסינמטק...",,wayback
https://www.mako.co.il/news-israel/entertainment/Article-1dca4ec4e9b2b21004.htm,N12 - אמה של שרית חדד חיה בדירה רעועה?,,wayback
https://www.mako.co.il/news-israel/entertainment/Article-302ef7641e30c21004.htm,"N12 - פמלה אנדרסון: ""מתרגשת לקראת הביקור בישראל""",,wayback
https://www.mako.co.il/news-israel/entertainment/Article-39b771189b7ce11004.htm,N12 - ואלס עם באשיר זכה בגלובוס הזהב,,wayback
https://www.mako.co.il/news-israel/health-q1_2016/Article-408eea3ad142351004.htm,N12 - הפרופסורית מישראל שמובילה את המחקר על האלצהיימר,,wayback
https://www.mako.co.il/news-israel/health-q2_2018/Article-a8085abd1bf1361004.htm,"N12 - ל""ג בעומר בלי אש: פקחים יישלחו",,wayback
https://www.mako.co.il/news-israel/health-q2_2019/Article-4e90ee253b99b61026.htm,N12 - סרטון הפרידה של האב החולה מבניו,,wayback
https://www.mako.co.il/news-israel/health/Article-057f057fe724721004.htm,"N12 - רמב""ם: הפסקנו לקלוט חולים",,wayback
https://www.mako.co.il/news-israel/health/Article-0a4edbc22028721004.htm,"N12 - ליצמן: ""ההחלטה לא מסכנת חיי אדם""",,wayback
https://www.mako.co.il/news-israel/health/Article-1d2c1176953bf11004.htm,N12 - מי עדן שוב עוצרת את הייצור: הבדיקות סוטות מהתקן,,wayback
https://www.mako.co.il/news-israel/health/Article-1ef8599fbcdca21004.htm,N12 - עכשיו זה רשמי: אוגוסט 2010 - החם ביותר אי פעם,,wayback
https://www.mako.co.il/news-israel/health/Article-2c2a732ebf45031004.htm,"N12 - משרד הבריאות מזהיר מפני ""חיידק המלפפון""",,wayback
https://www.mako.co.il/news-israel/health/Article-2c3b4990ccddd21004.htm,N12 - רגעי נחת: שיטפונות בנחלי הדרום,,wayback
https://www.mako.co.il/news-israel/health/Article-2f068ab0353a521004.htm,N12 - לאן נעלמים האיברים מאבו כביר?,,wayback
https://www.mako.co.il/news-israel/health/Article-2f07f60625e6721004.htm,N12 - הנס הושלם: וודלי שוב שר ורוקד,,wayback
https://www.mako.co.il/news-israel/health/Article-552d9b738450d21004.htm,N12 - היום הראשון של החורף: חם ויבש מהרגיל,,wayback
https://www.mako.co.il/news-israel/health/Article-5657e9326a8ee21004.htm,"N12 - גשם וברד: מחר יישארו טפטופים, בשבת קריר ושמשי",,wayback
https://www.mako.co.il/news-israel/health/Article-7009c0a9988d621004.htm,N12 - הידרדרות במצבו של וודלי בן ה-6 שהוטס לארץ מהאיטי,,wayback
https://www.mako.co.il/news-israel/health/Article-79d4f7a7ca6bf11004.htm,N12 - סוף סוף חורף אמיתי בישראל,,wayback
https://www.mako.co.il/news-israel/health/Article-7a720048179fe11004.htm,N12 - מספר שיא בתרומות מח העצם,,wayback
https://www.mako.co.il/news-israel/health/Article-8a5063ab25a5d21004.htm,N12 - הדג הארסי בעולם הגיע לחופי ישראל,,wayback
https://www.mako.co.il/news-israel/health/Article-9ec4cba65530e11006.htm,"N12 - סערה בעקבות תחקיר הסרטן בנח""ל",,wayback
https://www.mako.co.il/news-israel/health/Article-b10d581cd041d11004.htm,N12 - שוקולד וקפה מאריכים את תוחלת החיים,,wayback
https://www.mako.co.il/news-israel/health/Article-b2cb74cf64daf11004.htm,N12 - מחר בלילה: החורף חוזר בעוצמה,,wayback
https://www.mako.co.il/news-israel/health/Article-b40452184856f11004.htm,"N12 - ביום הבחירות: מפלס הכנרת עלה ב-3 ס""מ",,wayback
https://www.mako.co.il/news-israel/health/Article-e167ad857219d11004.htm,N12 - נזק אקולוגי חמור לירקון: עשרות דגים מתים מסבון,,wayback
https://www.mako.co.il/news-israel/health/Article-f31055749c3cf11004.htm,N12 - הילדים מצוננים? לא לתת להם תרופה,,wayback
https://www.mako.co.il/news-israel/local-q1_2016/Article-8615e4aa1670351004.htm,N12 - זינוק באלימות נגד הקהילה הגאה,,wayback
https://www.mako.co.il/news-israel/local-q1_2016/Article-e1423be05406251004.htm,"N12 - החגיגות במגה: מיליונים על יח""צ‎",,wayback
https://www.mako.co.il/news-israel/local-q1_2017/Article-a6e680d9bc22a51004.htm,N12 - תיעוד: חרדים תקפו חייל משוחרר,,wayback
https://www.mako.co.il/news-israel/local-q1_2018/Article-017400cb5cc6161004.htm,"N12 - ""נשים בימינו - כלום, טמטמו אותן""",,wayback
https://www.mako.co.il/news-israel/local-q1_2018/Article-2c515d2ae72d061004.htm,N12 - בחירות מקומיות גם אצל הדרוזים בגולן,,wayback
https://www.mako.co.il/news-israel/local-q1_2018/Article-769a4b1c1027161004.htm,"N12 - ""הוריד אותנו, עמדה לא לגיטימית""",,wayback
https://www.mako.co.il/news-israel/local-q2_2017/Article-8abcb1afd644b51004.htm,N12 - תל אביב: בן 12 נמצא ללא רוח חיים בביתו המפויח,,wayback
https://www.mako.co.il/news-israel/local-q2_2018/Article-c7742700a4c9361004.htm,N12 - סיפורו של הסליק ביגור: אלפי פצצות וכלי נשק מתחת לגן הילדים,,wayback
https://www.mako.co.il/news-israel/local-q2_2019/Article-f0d5f653e039a61027.htm,"N12 - הנשיא ריבלין בטקס הזיכרון הממלכתי בכותל: ""ההבטחה: מדינה...",,wayback
https://www.mako.co.il/news-israel/local-q3_2015/Article-a0d94fdfc5e7e41004.htm,N12 - מסלול עוקף רבנות: חתונה לא חוקית,,wayback
https://www.mako.co.il/news-israel/local-q3_2015/Article-a0fc2557123cf41004.htm,"N12 - מסכמים שנה: 161,081 נולדו, 28 אלף עלו לישראל",,wayback
https://www.mako.co.il/news-israel/local-q3_2016/Article-088ea43342d3651004.htm,"N12 - ""מנסים להפוך אותך לסוג של זומבי""",,wayback
https://www.mako.co.il/news-israel/local-q3_2016/Article-2af03e8c23e6651004.htm,N12 - עקב דבריו נגד רגב: קופמן הודח מקמפיין הרשות הלאומית...,,wayback
https://www.mako.co.il/news-israel/local-q3_2016/Article-6e7425650ecf551004.htm,N12 - בן ה-7 הפריע למורה - ונקשר לעמוד,,wayback
https://www.mako.co.il/news-israel/local-q3_2016/Article-92555cf08f52651004.htm,N12 - יצא לחפש פוקימון בים – וכמעט טבע,,wayback
https://www.mako.co.il/news-israel/local-q3_2016/Article-a7b0a44d34ea651004.htm,"N12 - ""לא היה שום סיכוי להביא מדליה""",,wayback
https://www.mako.co.il/news-israel/local-q3_2017/Article-daa93825a1f2e51004.htm,N12 - כך סיכלה המשטרה את נישואי בת ה-14,,wayback
https://www.mako.co.il/news-israel/local-q3_2017/Article-f91f58b613a1e51004.htm,"N12 - ""אנחנו מרגישים לבד, מי יחזיר עכשיו את הדר ואורון?""",,wayback
https://www.mako.co.il/news-israel/local-q3_2018/Article-0874f7b33b7e461004.htm,"N12 - אחרי 70 שנה: סוף ל""אפטרים""?",,wayback
https://www.mako.co.il/news-israel/local-q3_2018/Article-afc5cca526af561004.htm,N12 - השריד לפוגרום הנאצי ביום כיפור,,wayback
https://www.mako.co.il/news-israel/local-q4_2014/Article-60b4308f3d38941004.htm,"N12 - יוזם ""מחאת המילקי"" עושה את דרכו לישראל",,wayback
https://www.mako.co.il/news-israel/local-q4_2014/Article-cbdf3bcd43f3941004.htm,N12 - יוזם מחאת המילקי חוזר לישראל,,wayback
https://www.mako.co.il/news-israel/local-q4_2015/Article-76317da9183d151004.htm,"N12 - מיוחד| הורי החתן על מפגן השנאה: ""זה מזעזע. אם היינו...",,wayback
https://www.mako.co.il/news-israel/local-q4_2016/Article-5edde8a26c0b851004.htm,"N12 - ב""ש: נוסעים זעמו, הכריזה בערבית באוטובוס ""דן"" הוסרה",,wayback
https://www.mako.co.il/news-israel/local-q4_2016/Article-899638ec0dcf751004.htm,N12 - פרסום ראשון: בשל טענות להטרדה מינית - רב הודח,,wayback
https://www.mako.co.il/news-israel/local-q4_2016/article-5edde8a26c0b851004.htm,"N12 - ב""ש: נוסעים זעמו, הכריזה בערבית באוטובוס ""דן"" הוסרה",,wayback
https://www.mako.co.il/news-israel/local-q4_2017/Article-d03b619bcc71061004.htm,N12 - נתקעו בדרך לחתונה והגיעו בניידת,,wayback
https://www.mako.co.il/news-israel/local-q4_2017/Article-dd0e8d3b2559f51004.htm,"N12 - ""קיבלתי הצעה מגונה מחיים יבין""",,wayback
https://www.mako.co.il/news-israel/local/Article-01c38833304ef21004.htm,"N12 - 4 הרוגים, 3 ממשפחה אחת, בתאונה",,wayback
https://www.mako.co.il/news-israel/local/Article-03c072efdc92f21004.htm,N12 - 2 ישראליות נהרגו בתאונת דרכים בבוליביה,,wayback
https://www.mako.co.il/news-israel/local/Article-0a8e2cf7f013f21004.htm,N12 - רק שלשום נמנעה התנגשות בין רכבות בחיפה,,wayback
https://www.mako.co.il/news-israel/local/Article-0af9f011f18c921004.htm,N12 - צפו: הדרמה במג'דל שמס - מול המצלמות,,wayback
https://www.mako.co.il/news-israel/local/Article-0b0da89f6496231017.htm,N12 - צפו: נהגת דורסת שומר בכניסה לקניון,,wayback
https://www.mako.co.il/news-israel/local/Article-137eca369b7e621004.htm,N12 - ברקוביץ' מסיים את הקמפיין בהרמת כוסית יין,,wayback
https://www.mako.co.il/news-israel/local/Article-189d313c4b69821004.htm,"N12 - ""כששמענו על התאונה ידענו שהוא שם""",,wayback
https://www.mako.co.il/news-israel/local/Article-1b29bcfb605e921004.htm,N12 - י-ם: חרדים ניסו לתלוש מסכים מקירות הדואר,,wayback
https://www.mako.co.il/news-israel/local/Article-220831ba6c49821004.htm,"N12 - פצועה בתאונה הקטלנית: ""לא הצלחנו לשבור את החלונות, עד...",,wayback
https://www.mako.co.il/news-israel/local/Article-2586b4e28e09821004.htm,N12 - נתניה: פצוע קשה בפיצוץ מיכל צבע,,wayback
https://www.mako.co.il/news-israel/local/Article-26ff393598d3131004.htm,"N12 - כך סוחטים כסף בחניון של נתב""ג",,wayback
https://www.mako.co.il/news-israel/local/Article-27efac7db894b21004.htm,"N12 - בזמן שטיילתם: סיכום חדשות הסופ""ש",,wayback
https://www.mako.co.il/news-israel/local/Article-286d6189f047f21004.htm,N12 - חיפה: חודשו החיפושים אחר הנער,,wayback
https://www.mako.co.il/news-israel/local/Article-2b103863f687821004.htm,N12 - סוף שבוע מדמם: 6 הרוגים בכבישים,,wayback
https://www.mako.co.il/news-israel/local/Article-2b207bb900cac21004.htm,"N12 - כבאי לרה""מ: ""פעלנו עם רכב כיבוי בן 18 שנה""",,wayback
https://www.mako.co.il/news-israel/local/Article-2f59b14e90f7721004.htm,N12 - אדם נהרג ו-2 נפצעו קשה בתאונה קטלנית סמוך למושב סגולה,,wayback
https://www.mako.co.il/news-israel/local/Article-2f6597e21948f11004.htm,N12 - ישראל העבירה תפוחים לסוריה,,wayback
https://www.mako.co.il/news-israel/local/Article-34160c4455bd821004.htm,N12 - סנסציה: גליל/גלבוע אלופת ישראל בכדורסל,,wayback
https://www.mako.co.il/news-israel/local/Article-34bdc36cb910821004.htm,N12 - בגלל תרגיל: הפקק של המדינה,,wayback
https://www.mako.co.il/news-israel/local/Article-36d317277fa7d21004.htm,N12 - גביע המדינה: הגרלה קשה לסינדרלות,,wayback
https://www.mako.co.il/news-israel/local/Article-36d80fce16bd031004.htm,N12 - בגלל סכסוך: אין כשרות לעסקים בחיפה,,wayback
https://www.mako.co.il/news-israel/local/Article-375a4d1d6a3ba21004.htm,N12 - קיץ קטלני: שלושה טבעו למוות,,wayback
https://www.mako.co.il/news-israel/local/Article-37fc312aff5ab21004.htm,N12 - מבזק הספורט: הנבחרת שוב כשלה,,wayback
https://www.mako.co.il/news-israel/local/Article-3aa734946fc4821004.htm,N12 - הגשם חוזר לסיבוב אחרון,,wayback
https://www.mako.co.il/news-israel/local/Article-3ae9adb2ba1d721004.htm,N12 - שיבושים בתנועת הרכבות בדרום - עד יום חמישי,,wayback
https://www.mako.co.il/news-israel/local/Article-3db207387dded11006.htm,N12 - חללי מומבאי יוכרו כנפגעי איבה,,wayback
https://www.mako.co.il/news-israel/local/Article-3fa6d45ae841a21004.htm,N12 - משפחת הפעוט שנדרס בכרמיאל משחזרת,,wayback
https://www.mako.co.il/news-israel/local/Article-40a068b05c48d11004.htm,N12 - הרוג ו-4 פצועים בשתי תאונות בצפון,,wayback
https://www.mako.co.il/news-israel/local/Article-42835c1c31fbc21004.htm,N12 - המשטרה אישרה לתושבי בית אורן לחזור לבתיהם,,wayback
https://www.mako.co.il/news-israel/local/Article-42e73ce2385ec11004.htm,N12 - התערוכה שכל ישראלי צריך לראות,,wayback
https://www.mako.co.il/news-israel/local/Article-4516c63db784f21004.htm,"N12 - הידרדרות במצבו של הנער שנפצע מטיל נ""ט",,wayback
https://www.mako.co.il/news-israel/local/Article-45e61200900f621004.htm,N12 - עיר המקלט של הרב אלון: המושבה מגדל,,wayback
https://www.mako.co.il/news-israel/local/Article-49c1e5f3e988331017.htm&sCh=31750a2610f26110&pId=2082585621,"N12 - ריבלין בדיון המיוחד לזכר רבין: ""תג מחיר זה טרור יהודי""",,wayback
https://www.mako.co.il/news-israel/local/Article-4b239a1349f5c21004.htm,"N12 - נס בנתב""ג: פקח טיסה מנע אסון אווירי",,wayback
https://www.mako.co.il/news-israel/local/Article-4c901b1723e9e11004.htm,N12 - מפגיני השמאל כבשו את תל אביב,,wayback
https://www.mako.co.il/news-israel/local/Article-4d00537db08cd21004.htm,N12 - שבוע סוער מתחיל במוצאי שבת,,wayback
https://www.mako.co.il/news-israel/local/Article-5679784b415dd11006.htm,N12 - הכפיל של הרב עובדיה יוסף,,wayback
https://www.mako.co.il/news-israel/local/Article-56a0a7de6f2d721004.htm,"N12 - אמו של אלירז פרץ: ""נקעה נפשי מאזכרות""",,wayback
https://www.mako.co.il/news-israel/local/Article-572f9ffa3e0b821004.htm,N12 - צפו בחגיגות השבועות מרחבי הארץ,,wayback
https://www.mako.co.il/news-israel/local/Article-5b25e5799e59721004.htm,N12 - השכנה: הבנו שהילד כבר גמור,,wayback
https://www.mako.co.il/news-israel/local/Article-5e390afc2280131004.htm,N12 - 2 הרוגים ו-3 פצועים בתאונה קטלנית,,wayback
https://www.mako.co.il/news-israel/local/Article-5e904c5998c4d21004.htm,"N12 - אמו של אלעד ז""ל בעצרת לזכרו: ""לא התכוונת ללכת ולא...",,wayback
https://www.mako.co.il/news-israel/local/Article-5ea9aae0e500b21004.htm,"N12 - מה צופן העתיד לכביש ירושלים-ת""א?",,wayback
https://www.mako.co.il/news-israel/local/Article-621c753b45b5a21004.htm,N12 - חבריו של הנער שמעו על מותו במחנה - והוחזרו,,wayback
https://www.mako.co.il/news-israel/local/Article-6626a616b032921004.htm,N12 - נהג האוטובוס החשוד בהריגה מדבר לראשונה,,wayback
https://www.mako.co.il/news-israel/local/Article-66adab3d5532421004.htm,N12 - חגיגת מין בבית אבות בשרון,,wayback
https://www.mako.co.il/news-israel/local/Article-6aae8cd75a82031004.htm,N12 - צפו: ישי לוי התבלבל במילות ההמנון,,wayback
https://www.mako.co.il/news-israel/local/Article-6cc129f1e902721004.htm,N12 - טלי דהן שנהרגה בתאונה בערבה - הייתה בהריון,,wayback
https://www.mako.co.il/news-israel/local/Article-6fdf3810633b031004.htm,N12 - התאבדות כפולה בראש העין: גבר ואישה שמו קץ לחייהם ביחד,,wayback
https://www.mako.co.il/news-israel/local/Article-70ce19916252b21004.htm,N12 - צאת יום כיפור: סיכום אירועי החג,,wayback
https://www.mako.co.il/news-israel/local/Article-710967a2873cb21004.htm,"N12 - מרב מיכאלי בגל""צ: ""אמהות לא צריכות לשלוח ילדים לצבא""",,wayback
https://www.mako.co.il/news-israel/local/Article-785853147725d11004.htm,N12 - האם יש לאפשר פיתחון-פה לרוצח ראש הממשלה?,,wayback
https://www.mako.co.il/news-israel/local/Article-8014139ab3d9f11004.htm,N12 - פרסום ראשון: רכבת יצאה מהתחנה בלי בלמים,,wayback
https://www.mako.co.il/news-israel/local/Article-84ea435c0ddcf11004.htm,"N12 - המטפלת גילתה: ""הגננות מכות את הילדים""",,wayback
https://www.mako.co.il/news-israel/local/Article-89c257e43fa3d11006.htm,N12 - קצב נאבק על טיהור שמו באתר חדש שהקים באינטרנט,,wayback
https://www.mako.co.il/news-israel/local/Article-92870d1e944db61026.htm,"N12 - הכירו: זה האיש שניהל את חקירת רה""מ נתניהו",,wayback
https://www.mako.co.il/news-israel/local/Article-93110b1e2937f11004.htm,N12 - 4 בני אדם נהרגו ב-2 תאונות דרכים,,wayback
https://www.mako.co.il/news-israel/local/Article-9da38f1c5d84d11004.htm,N12 - אחר צהריים אחד: 3 הרוגים ו-16 פצועים ב-4 תאונות דרכים,,wayback
https://www.mako.co.il/news-israel/local/Article-b3e5acb7b03cf11004.htm,"N12 - אחותה של האם המתעללת: ""היא קורבן לא פחות מילדיה""",,wayback
https://www.mako.co.il/news-israel/local/Article-be614485acf8141004.htm,חדשות 2 - מי שהיה איש הברזל חלה בניוון שרירים - ויזם מירוץ,,wayback
https://www.mako.co.il/news-israel/local/Article-cfe88591441df11004.htm,N12 - י-ם: עובדת מעבדה נפצעה קשה מתגובה כימית,,wayback
https://www.mako.co.il/news-israel/local/Article-d1903cd115ecc11004.htm,N12 - פרסום ראשון : א' מבית הנשיא קנתה כרטיס טיסה לכיוון אחד...,,wayback
https://www.mako.co.il/news-israel/local/Article-d28b1432889fd11004.htm,N12 - בלעדי: המכתבים של אלחנן טננבוים,,wayback
https://www.mako.co.il/news-israel/local/Article-d7ecf82cd3c5441004.htm,N12 - המגרש שלהן: נבחרת הבנות שהתחילה מאפס,,wayback
https://www.mako.co.il/news-israel/local/Article-d8a3d931cf1df11004.htm,N12 - סקר חדשות 2 באינטרנט: 55% סבורים כי התנהגתו של מפקד חיל...,,wayback
https://www.mako.co.il/news-israel/local/Article-e1bc75d2af44b21004.htm,N12 - בחזרה למקרה הלינץ' הרצחני ברמאללה,,wayback
https://www.mako.co.il/news-israel/local/Article-ec9990f99af4d11004.htm,N12 - לא לומדים: נער קפץ מגג בית כנסת - מעד ונפצע קשה,,wayback
https://www.mako.co.il/news-israel/local/Article-ef0f8a91cf45e11004.htm,N12 - תושבים תחת קסאמים: כמה ניסים עוד יהיו לנו לפני חנוכה?,,wayback
https://www.mako.co.il/news-israel/local/Article-f54162099728721004.htm,N12 - מצא מיליון שקלים ברחוב - והחזיר למשטרה,,wayback
https://www.mako.co.il/news-law/2019_q4/Article-84f7c802b972e61026.htm,"N12 - עדות ניר חפץ בתיק 4000 | ""אלוביץ' לחץ לפטר את מנכ""ל...",,wayback
https://www.mako.co.il/news-law/2020_q1/Article-69d43ebd0eed071026.htm,N12 - בהלת הקורונה: המשטרה החלה לחקור מקרים של הפצת פייק ניוז,,wayback
https://www.mako.co.il/news-law/2020_q2/Article-9c4f46493e24271027.htm,N12 - משפט נתניהו: כמה זמן יימשך? איך ייראה? ומאילו טעויות...,,wayback
https://www.mako.co.il/news-law/2020_q3/Article-31677483d1a6471027.htm,"N12 - שי ניצן מנע חקירה נגד אלשיך למרות שקבע כי ""התנהגותו...",,wayback
https://www.mako.co.il/news-law/2020_q3/Article-b39659098fad471027.htm,N12 - החשש הבא של המשטרה: אירועי שמחת בית השואבה במגזר החרדי,,wayback
https://www.mako.co.il/news-law/2021_q1/Article-ee2c35b2219d671027.htm,N12 - הערכה: תיק החקירה נגד מיקי זוהר צפוי להיסגר,,wayback
https://www.mako.co.il/news-law/2021_q2/Article-0456db6b034d871027.htm,אושר מתה מתגובה אלרגית לחלב לאחר שאכלה קינוח במסעדה | N12,,wayback
https://www.mako.co.il/news-law/2021_q2/Article-e4ea201d49db971027.htm,"N12 - המדינה שינתה עמדה: ""אי אפשר למנוע מהציבור גישה לנחל האסי""",,wayback
https://www.mako.co.il/news-law/2021_q4/Article-57da161593c9c71027.htm,N12 - גיא שפירא מואשם ברצח אשתו רחל אייזנשטדט,,wayback
https://www.mako.co.il/news-law/2022_q1/Article-1228e9871c24e71026.htm,N12 - ועדת השחרורים החליטה לשחרר את יצחק אספה שדרס למוות את ארי,,wayback
https://www.mako.co.il/news-law/2022_q1/Article-705e8de8fbb8f71026.htm,"N12 - ירי לעבר מסתערבים ברהט, החשוד נוטרל",,wayback
https://www.mako.co.il/news-law/2022_q1/Article-7cab98afdfece71026.htm,N12 - פרסום ראשון: ראש ארגון הפשע בני שלמה נעצר לחקירה,,wayback
https://www.mako.co.il/news-law/2022_q3/Article-03172f025412381026.htm,N12 - 11 כבשים נמצאו בתא מטען של רכב פרטי,,wayback
https://www.mako.co.il/news-law/2022_q4/Article-2cecb7abcd67481026.htm,N12 - מיוחד: לילה עם לוחמי זרוע הדרום של החטיבה לביטחון הפנים...,,wayback
https://www.mako.co.il/news-law/2022_q4/Article-38a434e6eb49381027.htm,"N12 - גילויים חדשים בחקירות אייל גולן: ""נאנסנו והוא עמד בחוץ""",,wayback
https://www.mako.co.il/news-law/2022_q4/Article-3a9391e82d99381026.htm,N12 - חקירת פרשת אייל גולן המתחדשת: צעירה נוספת העידה במשטרה,,wayback
https://www.mako.co.il/news-law/2022_q4/Article-b9f6d01784f5581027.htm,N12 - עובדה: החוקר שנחשב לאימת הפוליטיקאים - מספר הכול,,wayback
https://www.mako.co.il/news-law/2022_q4/Article-ddafb4baf9ca381027.htm,"N12 - ""מפעל חיים ירד לטמיון"": משק חקלאי בבקעת הירדן הוצת בערב...",,wayback
https://www.mako.co.il/news-law/2023_q1/Article-031da51ce157581027.htm,"N12 - תחקיר מיוחד | החיילות שהוטרדו מינית מדברות: ""חטפתי כאפה...",,wayback
https://www.mako.co.il/news-law/2023_q1/Article-09a0a2cf1303681027.htm,"N12 - לידר נרצחה בלוד, משפחתה: היא התריעה על השכן שנעצר, הוא...",,wayback
https://www.mako.co.il/news-law/2023_q1/Article-1996a41c0918581026.htm,N12 - החשד לסחיטה: המתלונן נגד אשת ראש העיריית כרמיאל מדבר...,,wayback
https://www.mako.co.il/news-law/2023_q1/Article-4669aaf19a23681026.htm,N12 - שיטת בסרגליק: כך עורך הדין עקץ מאות אלפי שקלים מלקוחות,,wayback
https://www.mako.co.il/news-law/2023_q1/Article-4f3773b823a4681027.htm,"N12 - סיגל אטיאס ז""ל היא האישה שנרצחה על ידי בעלה בלוד",,wayback
https://www.mako.co.il/news-law/2023_q1/Article-9423a8f75a82781027.htm,"N12 - צוות ""טקילה"" הוקפץ לעצור פעילי ימין חמושים שאיימו לפגוע...",,wayback
https://www.mako.co.il/news-law/2023_q2/Article-94a0c922e83c781026.htm,N12 - במשטרה שוקלים: מאסרים מנהליים נגד בכירי ארגוני הפשע,,wayback
https://www.mako.co.il/news-law/2023_q2/Article-da1d69a6c1aa881026.htm,N12 - חשיפה: ארגון זק״א הפעיל חוקרים כדי להכפיש פעיל חברתי...,,wayback
https://www.mako.co.il/news-law/2024_q2/Article-53cbdfb8df5d191026.htm,,,wayback
https://www.mako.co.il/news-law/2024_q2/Article-7791907bb7d6291027.htm,"N12 - מנהל הקרן שכתב למשקיעים: ""הייתי בטראנס מוחי כמעט שנה""",,wayback
https://www.mako.co.il/news-law/2024_q2/Article-8406ecfde4eff81026.htm,N12 - בתום מרדף משטרתי: נעצרו שני תושבי טמרה עם לבנות חבלה ברכבם,,wayback
https://www.mako.co.il/news-law/2024_q2/Article-9a8f0b81d940291027.htm,,,wayback
https://www.mako.co.il/news-law/2024_q2/Article-cf346a9db6c6291026.htm,"N12 - התיירת נלקחה לבית מלון, והושקתה עד עילפון",,wayback
https://www.mako.co.il/news-law/2024_q2/Article-d12802667a38f81027.htm,"N12 - ""מעצרי שווא מאפיינים משטרים אפלים""",,wayback
https://www.mako.co.il/news-law/2024_q3/Article-0110e1785659191026.htm,"N12 - רצח בירכא, פצועים מפיצוץ ברמלה: נפגעים באירועי אלימות...",,wayback
https://www.mako.co.il/news-law/2024_q3/Article-03abfae33841191027.htm,N12 - גבר נורה למוות במסעדה בתל אביב,,wayback
https://www.mako.co.il/news-law/2024_q3/Article-03f9551a0424291027.htm,"N12 - חזר אחרי 250 יום בעזה וגילה שגנבים פרצו לו לדירה: ""זה...",,wayback
https://www.mako.co.il/news-law/2024_q3/Article-111b66f478fd191026.htm,,,wayback
https://www.mako.co.il/news-law/2024_q3/Article-2fce2e6fa470191026.htm,N12 - בקבוק תבערה נזרק לעבר ביתו של דוד ורטהיים,,wayback
https://www.mako.co.il/news-law/2024_q3/Article-433260afbf64191026.htm,N12 - דקירה במלון בבת ים: אורחת תקפה בסכין עובדת,,wayback
https://www.mako.co.il/news-law/2024_q3/Article-45b515ff7e32291027.htm,"N12 - הערעור על זיכוי השוטר שירה בטקה נדחה, אביו ניסה לקפוץ...",,wayback
https://www.mako.co.il/news-law/2024_q3/Article-53f160148ac2191026.htm,"N12 - סיגל איצקוביץ, האם החשודה ברצח בנה, איבדה שליטה במהלך...",,wayback
https://www.mako.co.il/news-law/2024_q3/Article-5f966f415723291026.htm,N12 - הצמיד סכין לגרון של נהג המונית: תיעוד דרמטי מאשקלון,,wayback
https://www.mako.co.il/news-law/2024_q3/Article-62b0141428c3291027.htm,N12 - חוות דעת פסיכיאטרית קבעה: איצקוביץ הנאשמת ברצח בנה...,,wayback
https://www.mako.co.il/news-law/2024_q3/Article-682d01ea6dff191027.htm,N12 - כתב אישום בכפוף לשימוע נגד שר האוצר לשעבר משה כחלון,,wayback
https://www.mako.co.il/news-law/2024_q3/Article-68817f642846191027.htm,"N12 - אישום: ניגשה לחדר הרחצה, דקרה את בנה ורצחה אותו",,wayback
https://www.mako.co.il/news-law/2024_q3/Article-6e234e687020291027.htm,N12 - הבעל ואחיו הראו תמונות אינטימיות של אשתו להוריה וישלמו...,,wayback
https://www.mako.co.il/news-law/2024_q3/Article-741dafde8dcf191026.htm,"N12 - פרסום ראשון: שיחת האיומים של אלירן צור, החשוד בעבירות...",,wayback
https://www.mako.co.il/news-law/2024_q3/Article-7afed688fabe191027.htm,"N12 - כשעליו תעודת לוחם צה""ל: שב""ח נעצר לאחר שהתחזה לחרדי...",,wayback
https://www.mako.co.il/news-law/2024_q3/Article-8521da6a8bbd191026.htm,N12 - חשד: איים באקדח על צוות רפואי בבית החולים סורוקה,,wayback
https://www.mako.co.il/news-law/2024_q3/Article-868bb1db81e1291027.htm,"N12 - גל פריצות וגנבות רכבים ברמת השרון: ""אין תחושת ביטחון""",,wayback
https://www.mako.co.il/news-law/2024_q3/Article-967f4d28f782191027.htm,N12 - חשיפה: כך תועדו החשודים בפרשת שדה תימן,,wayback
https://www.mako.co.il/news-law/2024_q3/Article-a484f45a28ef191026.htm,N12 - מפגינה תקפה מפגינה אחרת - שוטר שנכח באירוע לא התערב,,wayback
https://www.mako.co.il/news-law/2024_q3/Article-a6c117a0fe96191027.htm,N12 - אישום חמור: תושב רמת גן קיבל הוראות מאיראן תמורת תשלום,,wayback
https://www.mako.co.il/news-law/2024_q3/Article-ab4bb1c48438191027.htm,"N12 - קטטת ענק בת""א: שני אריתראים כבני 30 נרצחו",,wayback
https://www.mako.co.il/news-law/2024_q3/Article-b65279dd3a3a191026.htm,N12 - חשד לרצח ברמלה: צעירה כבת 20 נורתה למוות,,wayback
https://www.mako.co.il/news-law/2024_q3/Article-bd19b40a38ce191027.htm,"N12 - מפגינים רבים בקריאות ""בושה"" לחה""כ אדלשטיין בדרכו לבית...",,wayback
https://www.mako.co.il/news-law/2024_q3/Article-c097c3db9e16191027.htm,N12 - חשד: תקף את בת זוגו בדקירות ופצע אותה קשה - ונמלט,,wayback
https://www.mako.co.il/news-law/2024_q3/Article-c25de0004158191026.htm,"N12 - ""המחבל רצח את יוחאי בדם קר ולא יואשם בפיגוע""",,wayback
https://www.mako.co.il/news-law/2024_q3/Article-c7cb363448d1291026.htm,N12 - בית המשפט בירושלים הרשיע את וסים א-סייד ברצח בנסיבות...,,wayback
https://www.mako.co.il/news-law/2024_q3/Article-ca61a7c9e070291026.htm,,,wayback
https://www.mako.co.il/news-law/2024_q3/Article-cf680649ee9f191027.htm,"N12 - כתב אישום: ניסה לרצוח בת זוגו לשעבר בצומת ביל""ו בחודש...",,wayback
https://www.mako.co.il/news-law/2024_q3/Article-d10c7f3944e0291027.htm,N12 - רגע לפני: נעצרה חוליית חיסול בחדרה,,wayback
https://www.mako.co.il/news-law/2024_q3/Article-d488d2566915191027.htm,N12 - פרסום ראשון | ועדת גרוניס אישרה את מינויו של דני לוי...,,wayback
https://www.mako.co.il/news-law/2024_q3/Article-dc21e612e791291026.htm,N12 - פרסום ראשון: כתב אישום הוגש נגד הנהג של השר בן גביר,,wayback
https://www.mako.co.il/news-law/2024_q3/Article-e7f180e28f90291026.htm,"N12 - עו""ד אבי חימי מתפטר מייצוג רוצח איש השב""ס יוחאי אבני",,wayback
https://www.mako.co.il/news-law/2024_q3/Article-ebe56a2e5842291026.htm,N12 - דקירה תקיפה בבית ספר ברחובות: גזר הדין נגד הנערים,,wayback
https://www.mako.co.il/news-law/2024_q3/Article-efbb29d4879f191027.htm,"N12 - ""הוא אנס אותי כמה פעמים בשבוע, פחדתי לספר""",,wayback
https://www.mako.co.il/news-law/2024_q3/Article-f463b478aa7f191027.htm,"N12 - צילם נשים במצבים אינטמיים, נתפס על חם - ומסתובב חופשי...",,wayback
https://www.mako.co.il/news-law/2024_q3/Article-f4e2f89d27ff191026.htm,"N12 - נתניהו ליועמ""שית ולמפכ""ל: חקרו את רביב דרוקר, שהשתתף...",,wayback
https://www.mako.co.il/news-law/2024_q3/Article-f552f6608ce6191026.htm,"N12 - רצח בסכין ושרף את הדירה: פוענח רצח איש השב""ס",,wayback
https://www.mako.co.il/news-law/2024_q3/Article-f5c55dbad969091026.htm,"N12 - יוחאי אבני הוא איש השב""ס שלפי החשד נרצח בביתו שבבנימין",,wayback
https://www.mako.co.il/news-law/2024_q3/Article-f95e017b9d0e191026.htm,,,wayback
https://www.mako.co.il/news-law/crime-q1_2018/Article-53ad002b0f74161004.htm,N12 - לאחר סיום תפקידו: ריטמן ננזף,,wayback
https://www.mako.co.il/news-law/crime-q1_2018/Article-c1511c358409161004.htm,N12 - המשטרה ממליצה: שוחד בשני תיקי נתניהו,,wayback
https://www.mako.co.il/news-law/crime/Article-01af53320071b21004.htm,"N12 - בכיר המשק שפנה לאברג'יל: ""פעלתי בדרך הנכונה ביותר""",,wayback
https://www.mako.co.il/news-law/crime/Article-0460ef391260721004.htm,"N12 - כדורסלני ""ברק"" נתניה השתכרו - והכו עובד בפיצרייה",,wayback
https://www.mako.co.il/news-law/crime/Article-04801217d9c5341004.htm,N12 - חשד: תקפו טרנסג'נדרית בגז פלפל,,wayback
https://www.mako.co.il/news-law/crime/Article-08aede9efb0b921004.htm,N12 - חשד: חרדים הקימו רשת לייבוא סמים בשווי מיליון דולר,,wayback
https://www.mako.co.il/news-law/crime/Article-0d097ffb228e821004.htm,"N12 - הראפרית שורטי נדקרה ע""י בת זוגה לשעבר",,wayback
https://www.mako.co.il/news-law/crime/Article-0e6990e4a2e5821004.htm,N12 - המצלמות חשפו: המטפלת מתעללת בקשישה בת 70,,wayback
https://www.mako.co.il/news-law/crime/Article-1597dfca726bd11004.htm,"N12 - חשודה במתן שוחד מיני: ""לא קיבלתי שום תמורה""",,wayback
https://www.mako.co.il/news-law/crime/Article-17076f5ba966d11004.htm,N12 - קרוב של שלום ימיני נהג תחת השפעת סמים,,wayback
https://www.mako.co.il/news-law/crime/Article-1b8fa87bed78b21004.htm,N12 - גאידמק חזר לישראל - וירד למחתרת,,wayback
https://www.mako.co.il/news-law/crime/Article-1beb8747ea97a21004.htm,"N12 - תאונת הרכבת: חיים גוטשטיין לישר ישורון: ""הכל משמים""",,wayback
https://www.mako.co.il/news-law/crime/Article-1e362d0a3718131004.htm,"N12 - ריקו שירזי על חיסול אבוטבול: ""הייתי מופתע מאוד""",,wayback
https://www.mako.co.il/news-law/crime/Article-1ff52446803c821004.htm,N12 - קיסריה: גבר בן 55 נמצא מת כשהוא ירוי בגבו,,wayback
https://www.mako.co.il/news-law/crime/Article-2888697ccd62f11004.htm,N12 - טרקטור ההרס ממג'ד אל כרום,,wayback
https://www.mako.co.il/news-law/crime/Article-37a02f4de191721004.htm,N12 - החשד: בני טובים הפכו נערה בת 15 לשפחת מין,,wayback
https://www.mako.co.il/news-law/crime/Article-380ecabd754d131017.htm,"N12 - מעצרה של מרגול קוצר ב-3 ימים; עורך דינה: ""אטדגי הכיר לה...",,wayback
https://www.mako.co.il/news-law/crime/Article-3af11337dbe8921004.htm,N12 - כך פיתה הקצין אלפי ילדות ברשת,,wayback
https://www.mako.co.il/news-law/crime/Article-4250f5e29ebbd11004.htm,N12 - יריות לעבר מכונית בכביש החוף; אין נפגעים,,wayback
https://www.mako.co.il/news-law/crime/Article-44f35415d42ef11004.htm,"N12 - מעבדת סמים ""בשביל לצאת ממעגל הסמים""",,wayback
https://www.mako.co.il/news-law/crime/Article-4c490abaf7f6d21004.htm,N12 - אב ובנו נפצעו בפיצוץ מטען ברכבם במחלף הכפר הירוק,,wayback
https://www.mako.co.il/news-law/crime/Article-4d4f3962bd94821004.htm,N12 - משפחת החשוד באונס השתוללה בבית המשפט,,wayback
https://www.mako.co.il/news-law/crime/Article-5127d8a44199621004.htm,N12 - אלחנן טננבאום נאסר בגלל חוב למאהבת שלו,,wayback
https://www.mako.co.il/news-law/crime/Article-5154e3281536d11004.htm,"N12 - הוארך מעצרו של נהג ה""פגע וברח"" בראשל""צ",,wayback
https://www.mako.co.il/news-law/crime/Article-5410ba6ccd06c21004.htm,"N12 - המפכ""ל מגיב לפרשת בר-לב: ""לא להיגרר לספקולציות""",,wayback
https://www.mako.co.il/news-law/crime/Article-5ccaacc4d961b21004.htm,N12 - חשד לרצח והתאבדות במרכז תל אביב,,wayback
https://www.mako.co.il/news-law/crime/Article-5fe9e3787dcaa21004.htm,N12 - חשד: השקתה את חברתה לשוכרה - וקראה לידיד לאנוס אותה,,wayback
https://www.mako.co.il/news-law/crime/Article-6108bdbb6375b21004.htm,N12 - גבר בן 44 נורה למוות במרכז המסחרי בנשר,,wayback
https://www.mako.co.il/news-law/crime/Article-615e241de520821004.htm,"N12 - אולמרט: ""מעולם לא קיבלתי שוחד מאדם, עושים לי רצח אופי""",,wayback
https://www.mako.co.il/news-law/crime/Article-74f619fbd785d11004.htm,N12 - קריית מוצקין: רצח על רקע רומנטי,,wayback
https://www.mako.co.il/news-law/crime/Article-92f3b907c5eaf11004.htm,N12 - נער בן 14 גנב את המכונית מאמו - והשתולל בכביש,,wayback
https://www.mako.co.il/news-law/crime/Article-94194203f88df11004.htm,"N12 - תעלומה בת""א: איך מתו בני הזוג?",,wayback
https://www.mako.co.il/news-law/crime/Article-a9e5808141c3e11006.htm,N12 - הותר לפרסום: חשד לפרשת שוחד חמורה בהתאחדות לכדורגל,,wayback
https://www.mako.co.il/news-law/crime/Article-b5f2b384f05bf31004.htm,N12 - תופעה ישראלית: האסירים מתחזקים ובאים עם כיפה לבית המשפט,,wayback
https://www.mako.co.il/news-law/crime/Article-c318448ca29fd11006.htm,N12 - העבריין עמיר מולנר שוחרר למעצר בית,,wayback
https://www.mako.co.il/news-law/crime/Article-c737c5db733ce31004.htm,"N12 - הקב""ט שרצח: זהו איתמר אלון",,wayback
https://www.mako.co.il/news-law/crime/Article-dcbcd2e7cfbcf11004.htm,N12 - נתניה: דקר את בת זוגו - כי  לא הסכימה להתחתן איתו,,wayback
https://www.mako.co.il/news-law/crime/Article-e7a9bb4b19ddf11004.htm,N12 - מי אתה יצחק דרורי?,,wayback
https://www.mako.co.il/news-law/crime/Article-e9041999d550d11006.htm,N12 - חשד: הבריח אופיום מאירן - בתוך לימונים,,wayback
https://www.mako.co.il/news-law/crime/Article-eb42444f4849d11004.htm,"N12 - ת""א: בן 21 נהרג בתאונת פגע וברח",,wayback
https://www.mako.co.il/news-law/fb852268f2502910/Article-1ca4a0777e44291027.htm,N12 - אחרי שורת אירועים פליליים - בעלי העסקים בשדרה...,,wayback
https://www.mako.co.il/news-law/fb852268f2502910/Article-369e6d6eb8b6291026.htm,N12 - נעצרה בחשד להסתה בעקבות סרטון שעלה לטיקטוק,,wayback
https://www.mako.co.il/news-law/fb852268f2502910/Article-518d55786c17291027.htm,"N12 - מעצר הנשים שחילקו עלונים: קצינים בכירים במשטרה נחקרו במח""ש",,wayback
https://www.mako.co.il/news-law/fb852268f2502910/Article-75dac16d3db6291027.htm,"N12 - ""הפיגוע הפלילי"" ברמלה: הצהרת תובע נגד בן 17 מלוד",,wayback
https://www.mako.co.il/news-law/fb852268f2502910/Article-77eaf0679881291027.htm,N12 - היום שגילה לנו משטרה אחרת – והפספוס הגדול שלה מאז,,wayback
https://www.mako.co.il/news-law/fb852268f2502910/Article-7c7af0f2cb84291026.htm,N12 - מטען דמה נשלח לביתו של השר בן גביר עם מכתב מאיים,,wayback
https://www.mako.co.il/news-law/fb852268f2502910/Article-c7aa0d19d7a6291027.htm,"N12 - חשד לאונס קבוצתי אחרי מסיבה בת""א: שניים נעצרו",,wayback
https://www.mako.co.il/news-law/fb852268f2502910/Article-ef36857360a0291027.htm,"N12 - משפחתו של יובל קסטלמן ז""ל נגד מח""ש",,wayback
https://www.mako.co.il/news-law/legal-q2_2017/Article-946746d5d6b0c51004.htm,"N12 - עריפת הראש בטבריה: ""הרוצח לא היה שפוי""",,wayback
https://www.mako.co.il/news-law/legal-q2_2017/Article-c6498cc6fab9b51004.htm,,,wayback
https://www.mako.co.il/news-law/legal-q4_2016/Article-cde554968f2b751004.htm,"N12 - כבוד השופט, סליחה: איך משפיעה התנצלות על הרשעה ועונש?",,wayback
https://www.mako.co.il/news-law/legal/Article-06662641d870031004.htm,"N12 - רוני רון הורשע ברצח רוז פיזם: ""הצטער יותר על מארי פיזם""",,wayback
https://www.mako.co.il/news-law/legal/Article-08f9e26121f3821004.htm,"N12 - הרצח ב""חצי חינם"": שני רוצחיו של יום טוב דואק ז""ל -...",,wayback
https://www.mako.co.il/news-law/legal/Article-120b03ef5783d21004.htm,"N12 - קצב למקורביו: ""מהרגע הראשון רצו להרשיע אותי""",,wayback
https://www.mako.co.il/news-law/legal/Article-13e9301c0290a21004.htm,N12 - טלי פחימה ליוותה את ראאד סלאח לכלא,,wayback
https://www.mako.co.il/news-law/legal/Article-18d5957e9a08231017.htm,N12 - בית המשפט קבע כי הנהג הדורס מעכו לא כשיר לעמוד לדין,,wayback
https://www.mako.co.il/news-law/legal/Article-1be41e794917821004.htm,"N12 - כתב אישום נגד ""הרב"" שירה על תלמידו",,wayback
https://www.mako.co.il/news-law/legal/Article-223bc78e655a541004.htm,N12 - משפט הולילנד: הפרקליטות דורשת לפחות שש שנות מאסר על אולמרט,,wayback
https://www.mako.co.il/news-law/legal/Article-235c1d6f7c98f11004.htm,N12 - ידיד של מארי פיזאם: היא עדינת נפש,,wayback
https://www.mako.co.il/news-law/legal/Article-25b6f2fbdd9f141004.htm,N12 - החיילת רצתה שיפסיק לחזר – ובדתה תקיפה מינית,,wayback
https://www.mako.co.il/news-law/legal/Article-2cfcb0dd80c0c21004.htm,N12 - הורשע הקטין שנאשם ברצח ענת פלינר,,wayback
https://www.mako.co.il/news-law/legal/Article-344a6d3739b1921004.htm,N12 - השופטים סיירו בזירת הרצח של קרפ,,wayback
https://www.mako.co.il/news-law/legal/Article-354ab560129d321004.htm,N12 - הבוקר: רוני רון יעלה לראשונה על דוכן העדים,,wayback
https://www.mako.co.il/news-law/legal/Article-36b82fbc9014821004.htm,N12 - מול המצלמה: קטטה בין עורכי דין,,wayback
https://www.mako.co.il/news-law/legal/Article-3b9995d8b69bd21004.htm,N12 - כך ניצל אלון מזרחי ממאסר בפועל,,wayback
https://www.mako.co.il/news-law/legal/Article-474dab33f49dd11004.htm,"N12 - אלי רון ממציא שיטת ה""פל קל"" הולך לכלא",,wayback
https://www.mako.co.il/news-law/legal/Article-50579021da43c21004.htm,N12 - לאחר מותו של איפרגן: סעיף האישום הוחמר,,wayback
https://www.mako.co.il/news-law/legal/Article-5a5cb66f9e00f21004.htm,"N12 - טל מור התייפח: ""לא צרכתי סמים""",,wayback
https://www.mako.co.il/news-law/legal/Article-66b30dcb284f031004.htm,N12 - נהג מונית הורשע באונס נערה בת 17 בסילבסטר,,wayback
https://www.mako.co.il/news-law/legal/Article-68d34dc6080e621004.htm,"N12 - הנאנסת מדברת: ""אין פה ניצחון. הוא ניצח אותי כבר בגיל 4""",,wayback
https://www.mako.co.il/news-law/legal/Article-6b014ced4924f21004.htm,N12 - לא ישונה עונשו של דורס שחר גרינשפן,,wayback
https://www.mako.co.il/news-law/legal/Article-79c756e4916cf11004.htm,"N12 - הנאשם ברצח עו""ד פלינר ""סובל מפיגור שכלי""",,wayback
https://www.mako.co.il/news-law/legal/Article-7bf6a7c32ff8f11004.htm,"N12 - הררי על דומראני: ""לא מכיר אותו""",,wayback
https://www.mako.co.il/news-law/legal/Article-9b1da0c253d9041004.htm,"N12 - אבי בניהו: ""למצות הדין עם אילן שילוח""",,wayback
https://www.mako.co.il/news-law/legal/Article-ceeb00a324e1541004.htm,"N12 - חברו של אולמרט לפיד: ""עצוב שראש ממשלה מורשע""",,wayback
https://www.mako.co.il/news-law/legal/Article-edac3e243352d31004.htm,"N12 - פוענח רצח איתי גורן ז""ל בבית שאן",,wayback
https://www.mako.co.il/news-law/legal/Article-fb04b45adb88921004.htm,N12 - 3 שנות מאסר לזורק הנעל על ביניש,,wayback
https://www.mako.co.il/news-law_guide/2021_q3/Article-8abb81b8477ea71026.htm,N12 - din.co.il עורך דין לכל דין – עורכי דין ומידע משפטי,,wayback
https://www.mako.co.il/news-law_guide/2022_q1/Article-a5b904e56d28e71027.htm,"N12 - ""הקלות משמעותיות בהליך קבלת אזרחות אוסטרית""",,wayback
https://www.mako.co.il/news-law_guide/2024_q3/Article-0219167cae42291027.htm,N12 - צוואה הדדית מול צוואה רגילה: מאזן היתרונות והחסרונות,,wayback
https://www.mako.co.il/news-law_guide/2024_q3/Article-04d364358b93291026.htm,N12 - האם ייפוי כוח מתמשך מחליף צוואה?,,wayback
https://www.mako.co.il/news-law_guide/2024_q3/Article-149b9822b851291027.htm,N12 - תביעות קטנות - המדריך המלא,,wayback
https://www.mako.co.il/news-law_guide/2024_q3/Article-19cd3f7b9a81291027.htm,N12 - 5 הטעויות הנפוצות שבעלי עסקים עושים בהסכמי מייסדים,,wayback
https://www.mako.co.il/news-law_guide/2024_q3/Article-2cb57a8a122d191026.htm,N12 - כיצד לאכוף פסק דין כספי?,,wayback
https://www.mako.co.il/news-law_guide/2024_q3/Article-330c310bf120191026.htm,,,wayback
https://www.mako.co.il/news-law_guide/2024_q3/Article-4bf95073b044291026.htm,N12 - הדרך החוקית לעקוף או לבטל צוואה הדדית,,wayback
https://www.mako.co.il/news-law_guide/2024_q3/Article-4d81ad28dd99191026.htm,N12 - מהפך משפטי: כיצד בעל מסעדה שקוע בחובות הצליח לשמור על...,,wayback
https://www.mako.co.il/news-law_guide/2024_q3/Article-55eee06538dc191026.htm,N12 - פסק דין תקדימי: מועצה אזורית חויבה בפיצויים בגין הפצת...,,wayback
https://www.mako.co.il/news-law_guide/2024_q3/Article-6e0ba4d177a2291026.htm,N12 - נלחמים על האחוזים: כך תנצחו בוועדות הרפואיות,,wayback
https://www.mako.co.il/news-law_guide/2024_q3/Article-6f22618b7bcd191027.htm,N12 - התקנת עמדת טעינה לרכב חשמלי ברכוש המשותף בבניין,,wayback
https://www.mako.co.il/news-law_guide/2024_q3/Article-70bad214284f191027.htm,N12 - לא צריכים עוד מלחמות: איך תמנעו מראש סכסוכים משפטיים...,,wayback
https://www.mako.co.il/news-law_guide/2024_q3/Article-76698517f6e1291026.htm,"N12 - הכל מאחורי ה""קוד קופון"": על הסכמי העבודה של משפיעני הרשת",,wayback
https://www.mako.co.il/news-law_guide/2024_q3/Article-80befde06e30291026.htm,"N12 - מעסיק, אל תוותר על התייעצות מקצועית בדיני עבודה",,wayback
https://www.mako.co.il/news-law_guide/2024_q3/Article-8cccf9479314291027.htm,N12 - חוזה מקרקעין: מה צריך לבדוק לפני שחותמים?,,wayback
https://www.mako.co.il/news-law_guide/2024_q3/Article-8e5fc700ee30291026.htm,N12 - ערעור החיילת התקבל: נכותה הנפשית נגרמה - בשל תנאי שירותה,,wayback
https://www.mako.co.il/news-law_guide/2024_q3/Article-9c0affdf781f191027.htm,N12 - הפסיקה על אישה שהגישה צו למניעת הטרדה מאיימת מצד אבי...,,wayback
https://www.mako.co.il/news-law_guide/2024_q3/Article-af968ff5d6ea191027.htm,N12 - גירושין בזמן מלחמה: ניווט משפטי במציאות מורכבת,,wayback
https://www.mako.co.il/news-law_guide/2024_q3/Article-dcefceb6b7af191026.htm,N12 - בכל תאונת עבודה תוגש תביעה נגד המעסיק וממי עוד ניתן...,,wayback
https://www.mako.co.il/news-law_guide/2024_q3/Article-dd70b720cc1e191027.htm,N12 - גם פגיעה נפשית יכולה להיות מוכרת כתאונת עבודה,,wayback
https://www.mako.co.il/news-law_guide/2024_q3/Article-e1b791e767dc191026.htm,"N12 - בעל עסק שמעסיק שב""חים? העסק שלך בסכנת סגירה מיידית",,wayback
https://www.mako.co.il/news-law_guide/2024_q4/Article-31c61fdf89d5291027.htm,N12 - אשרת השקעה לארצות הברית מסוג E2 – סיפור הצלחה,,wayback
https://www.mako.co.il/news-law_guide/2024_q4/Article-6aab59bc5f47291026.htm,N12 - אופנוענים שימו לב: פוליסת החובה המוזלת עשויה לעלות לכם...,,wayback
https://www.mako.co.il/news-law_guide/2024_q4/Article-8287919ec9b6291027.htm,N12 - זמני שהות בגירושין והשפעתם על מזונות הילדים,,wayback
https://www.mako.co.il/news-law_guide/2024_q4/Article-a9bcb6e2fa66291027.htm,N12 - איך לבחור עורך דין לליווי הסכם זכיינות?,,wayback
https://www.mako.co.il/news-law_guide/2024_q4/Article-eedb1d567656291026.htm,N12 - חשיבות ייפוי כוח מתמשך רפואי בהקשר של מתן הנחיות לאי...,,wayback
https://www.mako.co.il/news-lifestyle/2020_q2/Article-287edffd75ad271026.htm,N12 - נתיבי ההדבקה שמעוררים דאגה: כך המחלה עוברת בין יישובים,,wayback
https://www.mako.co.il/news-lifestyle/2020_q3/Article-7e6d4e17850b471027.htm,"N12 - מנכ""ל משרד הבריאות: צריך להפסיק טיפולים לא דחופים",,wayback
https://www.mako.co.il/news-lifestyle/2020_q3/Article-8eb887fde467471026.htm,"N12 - שיא נוסף במספר החולים: כמעט 4,000 נדבקים חדשים בישראל",,wayback
https://www.mako.co.il/news-lifestyle/2020_q3/Article-955efb4af7ca471026.htm,"N12 - גמזו: ""נגיע השבוע ל-800 חולים קשה""",,wayback
https://www.mako.co.il/news-lifestyle/2020_q3/Article-c7321a1d66d9471026.htm,N12 - פרשת אתי אלון מגיעה למסך בסדרת דרמה חדשה,,wayback
https://www.mako.co.il/news-lifestyle/2020_q4/Article-0ca9b9cb6f3e471027.htm,N12 - פרופסור גמזו: כ-40% מהמאומתים – מהמגזר החרדי,,wayback
https://www.mako.co.il/news-lifestyle/2021_q3/Article-0ad27b98eaacb71027.htm,"N12 - פרופ' אש: רואים בלימה קלה בנתוני התחלואה, צריך עוד מתחסנים",,wayback
https://www.mako.co.il/news-lifestyle/2021_q4/Article-1bc06dc41930d71027.htm,"N12 - קיבלה את החיסון השני, התו ירוק לא מגיע",,wayback
https://www.mako.co.il/news-lifestyle/2021_q4/Article-67f82676dfa3c71026.htm,N12 - משרד הבריאות מחק תגובות על תופעות לוואי מהחיסון,,wayback
https://www.mako.co.il/news-lifestyle/2021_q4/Article-948571b8b1b0d71026.htm,"N12 - המצלמה הנסתרת חושפת: כך נמכרים ""כדורי הרזיה"" מסוכנים...",,wayback
https://www.mako.co.il/news-lifestyle/2022_q1/Article-0cfb2cd93110f71026.htm,N12 - בפעם הראשונה: רופאים ריפאו אישה מ-HIV,,wayback
https://www.mako.co.il/news-lifestyle/2022_q1/Article-38b43127ae69e71027.htm,N12 - ההנחיות עודכנו: גם חולי דמנציה יהיו זכאים כעת לטיפולי...,,wayback
https://www.mako.co.il/news-lifestyle/2022_q2/Article-e7e0d482d5a1181026.htm,N12 - יותר מכורים בכל שנה: 1 מכל 7 ישראלים סובל מהתמכרות,,wayback
https://www.mako.co.il/news-lifestyle/2022_q3/Article-ad199882148e181026.htm,N12 - איך אוכל חריף משפיע על הגוף?,,wayback
https://www.mako.co.il/news-lifestyle/2023_q4/Article-812a648e0fe1b81027.htm,N12 - זעם בבתי החולים: מחבלים מאושפזים לצד פצועים,,wayback
https://www.mako.co.il/news-lifestyle/2023_q4/Article-9ba87376ef74b81026.htm,N12 - מש' הבריאות מגייס מלווים מקצועיים למפוני העוטף - אבל לא...,,wayback
https://www.mako.co.il/news-lifestyle/2023_q4/Article-a615110ca890b81026.htm,N12 - ישראל במלחמה: אלה מוקדי החירום והסיוע לאזרחים,,wayback
https://www.mako.co.il/news-lifestyle/2023_q4/Article-f7e89373f5bac81026.htm,N12 - מומחים מסבירים: הפטרייה שמסכנת את הלוחמים,,wayback
https://www.mako.co.il/news-lifestyle/2024_q1/Article-d9f6c03c7366d81027.htm,"N12 - הרופאים של 7 באוקטובר: ""יבוא היום שכולנו נתמוטט, עכשיו...",,wayback
https://www.mako.co.il/news-lifestyle/2024_q1/Article-f5565e822f33e81026.htm,N12 - הערכה: כחצי מיליון ישראלים בסיכון גבוה לפתח פוסט טראומה,,wayback
https://www.mako.co.il/news-lifestyle/2024_q2/Article-96ef45e3e64f191026.htm,"N12 - הרופאים שיכלו לעבור לחו""ל אך החליטו לחזור לישראל",,wayback
https://www.mako.co.il/news-lifestyle/2024_q3/Article-058b981239d2291027.htm,"N12 - יעל שלביה תחת מתקפה: ""רזה כמו גבעול. על גבול האנורקסיה,...",,wayback
https://www.mako.co.il/news-lifestyle/2024_q3/Article-0bf31dc40b79191026.htm,,,wayback
https://www.mako.co.il/news-lifestyle/2024_q3/Article-0dfba4ead1e1291026.htm,"N12 - ""לישון בתוך מגרש חניה זה לא משהו שאפשר לייפות""",,wayback
https://www.mako.co.il/news-lifestyle/2024_q3/Article-116e00162a40291026.htm,N12 - לסובלים מבעיות עיכול ומעי רגיש:  דברים שכדאי לדעת על...,,wayback
https://www.mako.co.il/news-lifestyle/2024_q3/Article-16f1b36b126e191027.htm,N12 - המחקר שתוצאותיו מטרידות: מתכות כבדות ורעילות אותרו...,,wayback
https://www.mako.co.il/news-lifestyle/2024_q3/Article-18304dd9f6cf191026.htm,"N12 - בבקשה, תשמרו עליכם ועל כולנו: רופאת ילדים מפצירה בכם...",,wayback
https://www.mako.co.il/news-lifestyle/2024_q3/Article-21463f727a16291026.htm,N12 - בן 7 התלונן על ריח נוראי בבית - וזה מה שגילו ב-CT,,wayback
https://www.mako.co.il/news-lifestyle/2024_q3/Article-21472b093d1e191026.htm,N12 - לוויה של תינוק נדחתה במשך שבועיים וחצי - בגלל מחסור...,,wayback
https://www.mako.co.il/news-lifestyle/2024_q3/Article-23a9c6d95dc2291026.htm,N12 - טכנולוגיה חדשה תזהה מחלות לב באמצעות בדיקת עיניים,,wayback
https://www.mako.co.il/news-lifestyle/2024_q3/Article-258db8c1fa72291026.htm,"N12 - ""מרגישה כאילו דרסה אותי משאית"": עלייה בתחלואת הקורונה בארץ",,wayback
https://www.mako.co.il/news-lifestyle/2024_q3/Article-30b3f83a4b5e191026.htm,N12 - כל היתרונות הבריאותיים שבסלט הניסואז,,wayback
https://www.mako.co.il/news-lifestyle/2024_q3/Article-358f0547c2ef191026.htm,N12 - התגלה בגרמניה: וריאנט חדש של קורונה XEC מתפשט בעולם,,wayback
https://www.mako.co.il/news-lifestyle/2024_q3/Article-40608ac7e491291026.htm,N12 - בן 44 סבל מתסמין נדיר לאחר שחלה בקדחת מערב הנילוס,,wayback
https://www.mako.co.il/news-lifestyle/2024_q3/Article-49c8d533e057191026.htm,N12 - הם רופאים שהצילו חיים בעזה. כעת חלקם מרגישים שננטשו,,wayback
https://www.mako.co.il/news-lifestyle/2024_q3/Article-4b4e51d6bbf1291026.htm,"N12 - תופעת ""גז הקצפות"": שימוש גובר גם בקרב מבוגרים, שתי נשים...",,wayback
https://www.mako.co.il/news-lifestyle/2024_q3/Article-5d63faa2f840291027.htm,"N12 - ""חיי נהרסו"": טופלה באנטיביוטיקה מוכרת - ואז כל עורה התקלף",,wayback
https://www.mako.co.il/news-lifestyle/2024_q3/Article-635a3864de50291027.htm,N12 - לראשונה בישראל: אובחן בבקר נגיף מסוכן שעובר מבעלי חיים...,,wayback
https://www.mako.co.il/news-lifestyle/2024_q3/Article-63ce072f3d14291026.htm,N12 - מתנת יום הולדת: חייה של בת ה-17 ניצלו בזכות השתלת ריאות,,wayback
https://www.mako.co.il/news-lifestyle/2024_q3/Article-64e098d2e51d191026.htm,"N12 - מחקר: לונג קוביד גורם לצלקות עמוקות בריאות, אך ייתכן...",,wayback
https://www.mako.co.il/news-lifestyle/2024_q3/Article-6571e55dd67d191026.htm,N12 - בגיל 55: יו ג'קמן חטוב מתמיד,,wayback
https://www.mako.co.il/news-lifestyle/2024_q3/Article-677ebc16eabd191027.htm,"N12 - ""אבסורד שזה מה שאנחנו צריכות לעשות לפני שאנחנו הולכות...",,wayback
https://www.mako.co.il/news-lifestyle/2024_q3/Article-6adfa4f923e2291027.htm,N12 - חגיגית ודיאטטית: דברים שלא ידעתם על דלעת,,wayback
https://www.mako.co.il/news-lifestyle/2024_q3/Article-6b54f89d27ff191026.htm,N12 - כך תקפיאו מוצרי בשר ועוף בצורה האופטימלית,,wayback
https://www.mako.co.il/news-lifestyle/2024_q3/Article-798eb9c50ce8191027.htm,,,wayback
https://www.mako.co.il/news-lifestyle/2024_q3/Article-7ae0e88d35c3291027.htm,N12 - יעל שלביה חטפה על המשקל שלה - מומחית מסבירה על ההשלכות,,wayback
https://www.mako.co.il/news-lifestyle/2024_q3/Article-83a8c8f108a6191027.htm,N12 - מחלב ועד צדפות: המזונות בעלי הפוטנציאל לנזק משמעותי...,,wayback
https://www.mako.co.il/news-lifestyle/2024_q3/Article-890d3b678e4e191027.htm,N12 - לאחר ששני חולים אותרו – חשש להתפשטות חצבת בישראל,,wayback
https://www.mako.co.il/news-lifestyle/2024_q3/Article-8ad70008c5c9191027.htm,,,wayback
https://www.mako.co.il/news-lifestyle/2024_q3/Article-927fc98810d8091026.htm,"N12 - נקבע מותו של הצעיר שנדבק ב""אמבה אוכלת מוח""",,wayback
https://www.mako.co.il/news-lifestyle/2024_q3/Article-968bf8c06490291026.htm,N12 - העצות שיעזרו לכם לנהל שגרת תזונה נכונה בעת מגורים עם...,,wayback
https://www.mako.co.il/news-lifestyle/2024_q3/Article-98063d8d96ef191026.htm,"N12 - פאנדס: ""תסמונת שאלפי ילדים סובלים ממנה ואינם מאובחנים"":",,wayback
https://www.mako.co.il/news-lifestyle/2024_q3/Article-98460112a9cf191026.htm,N12 - תביעה: רופא המשפחה שעבר שבץ מוחי מת לאחר פענוח שגוי של...,,wayback
https://www.mako.co.il/news-lifestyle/2024_q3/Article-98c9387af342291026.htm,"N12 - לא ""בסך הכל דיאטה"": חייבים להיזהר ממשפיעני ""אורח חיים...",,wayback
https://www.mako.co.il/news-lifestyle/2024_q3/Article-99cdd2e72bd1291027.htm,N12 - דלף ממעבדה? מחקר חדש שופך אור על היווצרות הקורונה,,wayback
https://www.mako.co.il/news-lifestyle/2024_q3/Article-9cf06bd3a940291026.htm,N12 - בפיתוח: גלולה זכרית נגד הריון שאינה מבוססת על הורמונים,,wayback
https://www.mako.co.il/news-lifestyle/2024_q3/Article-9d72858b6caf191026.htm,N12 - חשה אי נוחות בעין והלכה להיבדק – האבחון המוקדם הציל את...,,wayback
https://www.mako.co.il/news-lifestyle/2024_q3/Article-b650dabf61e1291026.htm,N12 - בעקבות המצב הביטחוני: 6 פגים הועברו הבוקר לרמב״ם מבית...,,wayback
https://www.mako.co.il/news-lifestyle/2024_q3/Article-c0bc48cb30af191027.htm,N12 - מאסאי ועד גביולה: 5 פירות פחות מוכרים שכדאי לשלב בתזונה,,wayback
https://www.mako.co.il/news-lifestyle/2024_q3/Article-cf39b075c5ca191026.htm,,,wayback
https://www.mako.co.il/news-lifestyle/2024_q3/Article-cf55481094b1291026.htm,N12 - כוחה של המשכיות: מה עושה לנו דקה אחת של פלאנק ביום?,,wayback
https://www.mako.co.il/news-lifestyle/2024_q3/Article-cfa64414e6a6191026.htm,"N12 - ""נשארתי לבד ובלי הכסף והוא נעלם, יושב בטורקיה""",,wayback
https://www.mako.co.il/news-lifestyle/2024_q3/Article-d14313c9f824291027.htm,"N12 - תינוק נפטר בלידה קיסרית צרפתית, משרד הבריאות פתח בחקירה",,wayback
https://www.mako.co.il/news-lifestyle/2024_q3/Article-d5145a55fe90291027.htm,"N12 - ""אין יום שאנשים לא בוהים בי או צוחקים עליי""",,wayback
https://www.mako.co.il/news-lifestyle/2024_q3/Article-d6ff68a0f57b191026.htm,N12 - לראשונה מאז 7.10: משפחות שורדי נובה ופסיידאק יהיו...,,wayback
https://www.mako.co.il/news-lifestyle/2024_q3/Article-da5798bf8e80291026.htm,"N12 - הנגיף המסוכן שהתגלה בבקר בארץ: ""רבע עד שליש מהנדבקים...",,wayback
https://www.mako.co.il/news-lifestyle/2024_q3/Article-dc1b62cbbf1c191026.htm,N12 - קדחת הנילוס: מה מצב החולים הראשונים כיום?,,wayback
https://www.mako.co.il/news-lifestyle/2024_q3/Article-dc74b5bd9aef191026.htm,"N12 - ליסטריה בארה""ב: תופעת הריקול בתעשיית המזון במגמת עלייה...",,wayback
https://www.mako.co.il/news-lifestyle/2024_q3/Article-e11b615a0659191027.htm,N12 - האם בקרוב יכיר ארגון הבריאות העולמי במזון אולטרה-מעובד...,,wayback
https://www.mako.co.il/news-lifestyle/2024_q3/Article-e240292fa6d2291027.htm,N12 - אכל 24 ביצים ביום - במשך חודש שלם - וכך זה נגמר,,wayback
https://www.mako.co.il/news-lifestyle/2024_q3/Article-e6c60e162981291027.htm,N12 - צרפת: 5 אנשים אושפזו במצב קשה אחרי שאכלו רוטב פסטו,,wayback
https://www.mako.co.il/news-lifestyle/2024_q3/Article-e7ef119a8b9f191026.htm,N12 - נכנע ללחץ חברתי וזה נגמר באסון,,wayback
https://www.mako.co.il/news-lifestyle/2024_q3/Article-f48a63b3a89f191027.htm,N12 - בגלל פירסינג: בת 27 אושפזה בבית החולים עם זיהום חמור,,wayback
https://www.mako.co.il/news-lifestyle/2024_q3/Article-f67ace927622291026.htm,N12 - שפעת העופות מדאיגה את רשויות הבריאות: התגלה המקרה ה-3...,,wayback
https://www.mako.co.il/news-lifestyle/2024_q3/Article-f96de35d0d75191027.htm,N12 - היום ה-315 למלחמה | עדכונים בולטים,,wayback
https://www.mako.co.il/news-lifestyle/2024_q3/Article-fd7085106368181027.htm,N12 - זהב טרופי: כל הסיבות לאכול אננס,,wayback
https://www.mako.co.il/news-lifestyle/2024_q4/Article-13cd71b79664291026.htm,N12 - בעקבות חצי הכדור הדרומי: חשש לעונת שפעת קשה וארוכה,,wayback
https://www.mako.co.il/news-lifestyle/2024_q4/Article-16f62af64207291026.htm,"N12 - וירוס חדש מתפשט ברואנדה - בארה""ב בודקים מבקרים ששהו...",,wayback
https://www.mako.co.il/news-lifestyle/2024_q4/Article-2bb0dfb42d66291026.htm,N12 - החצבת עדיין כאן: שני חולים אותרו בחיפה,,wayback
https://www.mako.co.il/news-lifestyle/2024_q4/Article-30837b485c22291026.htm,"N12 - דוח נתוני הסרטן בישראל: יותר מאובחנים, פחות מתים",,wayback
https://www.mako.co.il/news-lifestyle/2024_q4/Article-66109c6bb792291027.htm,N12 - החיילים שמתקשים לחזור לחיים ולחגוג את ארוחת החג,,wayback
https://www.mako.co.il/news-lifestyle/2024_q4/Article-695bea0229ef191026.htm,N12 - בלי פושים או עדכונים שוטפים: הישראלים שהחליטו להתנתק...,,wayback
https://www.mako.co.il/news-lifestyle/2024_q4/Article-88b55d599b14291026.htm,"N12 - ""אני שם כדי שהלוחמים ירגישו הכי בטוח, אני הגב שלהם""",,wayback
https://www.mako.co.il/news-lifestyle/2024_q4/Article-8a6db401e416291026.htm,N12 - נפאל: מטיילת ישראלית סבלה מהרעלת גז בזמן שהתקלחה,,wayback
https://www.mako.co.il/news-lifestyle/2024_q4/Article-9a6a2af13a24291027.htm,N12 - עוזר למוח ומפחית לחץ דם: 5 יתרונות בריאותיים של הסלק,,wayback
https://www.mako.co.il/news-lifestyle/2024_q4/Article-a9703428dbd2291027.htm,N12 - ניתוח נדיר בוצע בתינוק שסבל מפגם במוחו,,wayback
https://www.mako.co.il/news-lifestyle/2024_q4/Article-b8c450b62202291027.htm,N12 - תביעה: חולה פרקינסון סולק מסניף סבן אילבן לאחר ששמט...,,wayback
https://www.mako.co.il/news-lifestyle/2024_q4/Article-edf067589a06291026.htm,N12 - סכנת חיים מיידית: בת 7 בלעה סוללת כפתור ואושפזה,,wayback
https://www.mako.co.il/news-lifestyle/rare_disease_week/Article-02e61255586a771026.htm,N12 - תסמונת גורלין: הסיפור של אורית רינדנר,,wayback
https://www.mako.co.il/news-med12/by_the_back/Article-11805125d9f9f81027.htm,"N12 - ""למה שהיא תרצה מישהו צעיר עם גוף מוגבל?""",,wayback
https://www.mako.co.il/news-med12/by_the_back/Article-72be756ad708f81027.htm,N12 - מרוץ נגד הזמן: מתי לשקול להחליף טיפול בדלקת חוליות מקשחת?,,wayback
https://www.mako.co.il/news-med12/by_the_back/Article-f6314bed3217f81027.htm,N12 - קשה לקום בבוקר? כך מטפלים בדלקת חוליות מקשחת,,wayback
https://www.mako.co.il/news-med12/liver_cancer/Article-3a9eb5857acb191027.htm,N12 - סיפורו של איש העסקים שלא ויתר למרות האבחנה של סרטן,,wayback
https://www.mako.co.il/news-med12/liver_cancer/Article-6c399fe0b0db191026.htm,N12 - ואז הגיע סרטן הכבד: מבט על מסע רפואי מורכב ותקווה לעתיד,,wayback
https://www.mako.co.il/news-med12/lung_ambition/Article-233a6aec0491181027.htm,N12 - יוזמה בין לאומית מעצימה את המלחמה בסרטן הריאה,,wayback
https://www.mako.co.il/news-med12/lung_ambition/Article-36cdc338f9a4191026.htm,N12 - רופאי המשפחה במאבק בסרטן הריאה,,wayback
https://www.mako.co.il/news-med12/lung_ambition/Article-42a257ff1541181026.htm,"N12 - ""2,500 חולים חדשים בשנה"": הכל על סרטן הריאה",,wayback
https://www.mako.co.il/news-med12/lung_ambition/Article-8d9d2a70bb17581027.htm,"N12 - למה בחברה הערבית מעשנים כפול? ""בחתונות ובאירועים מגישים...",,wayback
https://www.mako.co.il/news-med12/lung_ambition/Article-9f7a524d83dd481027.htm,N12 - להקדים רפואה למכה: התוכנית שנועדה להפחית את התחלואה...,,wayback
https://www.mako.co.il/news-med12/lung_ambition/Article-a0af7a5c8091181026.htm,"N12 - בני נוער נגד עישון: ""הקמפיין שיכול להציל חיים""",,wayback
https://www.mako.co.il/news-med12/lung_ambition/Article-b259c10addad681027.htm,"N12 - הגורמים, התסמינים והטיפול: מה שצריך לדעת על סרטן הריאות",,wayback
https://www.mako.co.il/news-med12/lung_ambition/Article-b2c94e0526f8b81026.htm,N12 - כשבני נוער מזהירים מסיגריות אלקטרוניות – גם בכנסת מקשיבים,,wayback
https://www.mako.co.il/news-med12/lung_ambition/Article-bcf10184a8fb481027.htm,N12 - גילוי מוקדם בבדיקה שגרתית: כשהחיים שלך ניצלים במקרה,,wayback
https://www.mako.co.il/news-med12/lung_ambition/Article-c02943254ac3a81027.htm,"N12 - ""עבור ילדים ובני נוער סיגריה אלקטרונית זו עבודה בעיניים""",,wayback
https://www.mako.co.il/news-med12/lung_ambition/Article-e250ae0d1eb3d81026.htm,N12 - כשהתותחים רועמים: העלייה בשיעורי העישון בזמן מלחמה,,wayback
https://www.mako.co.il/news-med12/lung_ambition/Article-e2dd02838282291026.htm,N12 - המהפכה הרדיולוגית: איך AI מסייעת בהפחתת תמותה מסרטן ריאות,,wayback
https://www.mako.co.il/news-military/036814c74a0e1910/Article-0000ca0fd003291026.htm,N12 - היום ה-357 למלחמה | עדכונים שוטפים,,wayback
https://www.mako.co.il/news-military/036814c74a0e1910/Article-006c0cc7b843291027.htm,N12 - כך אושרה תקיפת מפקדת חיזבאללה בדאחיה,,wayback
https://www.mako.co.il/news-military/036814c74a0e1910/Article-01d4d1ee14d4291027.htm,N12 - ההיערכות באיראן למתקפת הנגד - תורי ענק לדלק וקריאות מחאה,,wayback
https://www.mako.co.il/news-military/036814c74a0e1910/Article-022d28ab3d03291026.htm,"N12 - טייסי חיה""א על התקיפות העוצמתיות: ""לא הגענו לקצה גבול...",,wayback
https://www.mako.co.il/news-military/036814c74a0e1910/Article-0490fa919765291027.htm,"N12 - 100 מחבלים חוסלו בלבנון, צה""ל בכוננות לקראת ""פעולות...",,wayback
https://www.mako.co.il/news-military/036814c74a0e1910/Article-06038a3a1e64291026.htm,"N12 - העיתונות בלבנון אחרי הכניסה הקרקעית: ""בחזרה לסיוטים""",,wayback
https://www.mako.co.il/news-military/036814c74a0e1910/Article-069891d1d6c4291027.htm,N12 - תיעוד: רסיסי ענק אחרי המטח מאיראן,,wayback
https://www.mako.co.il/news-military/036814c74a0e1910/Article-06f40f2938f1291027.htm,"N12 - עלי כרכי, מפקד חזית הדרום ומספר 3 בחיזבאללה: זהו יעד...",,wayback
https://www.mako.co.il/news-military/036814c74a0e1910/Article-07de3c45bd52291026.htm,"N12 - היום ה-355 למלחמה | צה""ל: חוסל מפקד מערך הטילים של...",,wayback
https://www.mako.co.il/news-military/036814c74a0e1910/Article-0889118087a1291027.htm,N12 - ההתארגנות שנחשפה: לחטוף סוהרות וסוהרים ולברוח מהכלא |...,,wayback
https://www.mako.co.il/news-military/036814c74a0e1910/Article-08e3ab2179d2291026.htm,"N12 - ההסלמה של המיליציות בעיראק: האיומים, ההצהרות וקבלות...",,wayback
https://www.mako.co.il/news-military/036814c74a0e1910/Article-0973990a3bb5291027.htm,"N12 - טראמפ: ""ישראל צריכה לתקוף את מתקני הגרעין באיראן""",,wayback
https://www.mako.co.il/news-military/036814c74a0e1910/Article-0ae49a5b8dd2291026.htm,"N12 - ""לא אומרים את האמת למשפחות התצפיתניות""",,wayback
https://www.mako.co.il/news-military/036814c74a0e1910/Article-0e40152e0254291027.htm,"N12 - ""ממוקדת"": כל מה שניתן לומר על הפעולה הקרקעית של צה""ל...",,wayback
https://www.mako.co.il/news-military/036814c74a0e1910/Article-108300824c4f191027.htm,N12 - העיתוי של שיגור הטיל מתימן - וקבלת האחריות של החות'ים,,wayback
https://www.mako.co.il/news-military/036814c74a0e1910/Article-1173601b7126291027.htm,"N12 - הותר לפרסום: שירה חיה סוסליק, לוחמת מג""ב, נהרגה בפיגוע...",,wayback
https://www.mako.co.il/news-military/036814c74a0e1910/Article-13aa2bc70fa6291026.htm,N12 - מחבלים ברחו למוצביהם: ההפתעה ללוחמים אחרי שבוע בלבנון,,wayback
https://www.mako.co.il/news-military/036814c74a0e1910/Article-143890e18656291027.htm,N12 - הותר לפרסום: עידן שתיוי שנחטף לעזה - נרצח ב-7 באוקטובר,,wayback
https://www.mako.co.il/news-military/036814c74a0e1910/Article-15d68ae8e9c6291027.htm,"N12 - ""הפנים לא היו שחורות ולא היו פצעים"": האיש שאיתר את גופת...",,wayback
https://www.mako.co.il/news-military/036814c74a0e1910/Article-166db0e07f36291026.htm,"N12 - תקיפות עוצמתיות של צה""ל בדאחיה, מחסני אמל""ח הושמדו | תיעוד",,wayback
https://www.mako.co.il/news-military/036814c74a0e1910/Article-18fbbcf7cfd4291027.htm,"N12 - הפיגוע ביפו: כך נשמע הדיווח למד""א | האזינו",,wayback
https://www.mako.co.il/news-military/036814c74a0e1910/Article-19d4d979fc83291027.htm,"N12 - התגובות בעולם הערבי לחיסול נסראללה: ""מותו של אחד...",,wayback
https://www.mako.co.il/news-military/036814c74a0e1910/Article-1b16f4c53727291027.htm,N12 - ההשתלטות של חמאס על הסיוע ההומניטרי - והמספרים מאחורי...,,wayback
https://www.mako.co.il/news-military/036814c74a0e1910/Article-1c9870674774291026.htm,N12 - הדוח של מנהלת תקומה חושף: כמה מתושבי העוטף חזרו לבתיהם,,wayback
https://www.mako.co.il/news-military/036814c74a0e1910/Article-1d84e646f7a0291027.htm,N12 - לאחר מתקפת הביפרים בלבנון: החל נאום נסראללה,strong,wayback
https://www.mako.co.il/news-military/036814c74a0e1910/Article-1dbbb01b6086291027.htm,"N12 - יובל איבדה את בעלה מול עיניה: ""מרחתי את עצמי בדם שלו""",,wayback
https://www.mako.co.il/news-military/036814c74a0e1910/Article-1fce50b62202291027.htm,"N12 - הערכה בצה""ל: פגיעה בת""א או בביירות תביא למלחמה כוללת",,wayback
https://www.mako.co.il/news-military/036814c74a0e1910/Article-20a0da95f750291026.htm,N12 - אלפי מכשירי הקשר הצבאיים שהתפוצצו - רשת הקשר החלופית...,related,wayback
https://www.mako.co.il/news-military/036814c74a0e1910/Article-21b7a73f9ec5291026.htm,"N12 - שלושה לוחמי צה""ל נפלו בלחימה בלבנון | סיכום חדשות החג...",,wayback
https://www.mako.co.il/news-military/036814c74a0e1910/Article-2414bf876f74291027.htm,"N12 - צה""ל ביצע עשרות פשיטות ממוקדות לשטח דרום לבנון",,wayback
https://www.mako.co.il/news-military/036814c74a0e1910/Article-24e6c99c6475291027.htm,"N12 - הפעולה הקרקעית, התקיפות מהאוויר: ציר הלחץ של ישראל בלבנון",,wayback
https://www.mako.co.il/news-military/036814c74a0e1910/Article-24ecd39b67b5291027.htm,"N12 - בארה""ב מאמינים: סינוואר ירד למחתרת והוא פועל באמצעות...",,wayback
https://www.mako.co.il/news-military/036814c74a0e1910/Article-25456f059c36291026.htm,N12 - היום ה-367 למלחמה | עדכונים שוטפים,,wayback
https://www.mako.co.il/news-military/036814c74a0e1910/Article-27d5c6ff0c44291027.htm,N12 - היום ה-361 למלחמה | עדכונים שוטפים,,wayback
https://www.mako.co.il/news-military/036814c74a0e1910/Article-28f59df52cef191027.htm,"N12 - עזתים תוקפים את אונר""א: ""אמרו שמגיע לבן שלי למות""",,wayback
https://www.mako.co.il/news-military/036814c74a0e1910/Article-28fca5fd1815291026.htm,"N12 - חוסל ראש שלטון חמאס ברצועת עזה: ""יד ימינו של סינוואר""",,wayback
https://www.mako.co.il/news-military/036814c74a0e1910/Article-2bc99c280075291027.htm,"N12 - חילופי האשמות בין משרד התחבורה לצה""ל, ולחיילים אין דרך...",,wayback
https://www.mako.co.il/news-military/036814c74a0e1910/Article-2d7c18da0873291026.htm,"N12 - צה""ל מאשר רשמית: מזכ""ל חיזבאללה חסן נסראללה - חוסל",,wayback
https://www.mako.co.il/news-military/036814c74a0e1910/Article-2d7c18da0873291026.htm&utm_source=Twitter&utm_medium=Share,"N12 - צה""ל מאשר רשמית: מזכ""ל חיזבאללה חסן נסראללה - חוסל בביירות",,wayback
https://www.mako.co.il/news-military/036814c74a0e1910/Article-2f4683d783e5291026.htm,N12 - התגובה לתקיפה האיראנית: היעדים שנמצאים על השולחן,,wayback
https://www.mako.co.il/news-military/036814c74a0e1910/Article-34a8246dbb76291027.htm,N12 - לאחר שעלה החשד שחוסל: סינוואר חידש את הקשר עם המתווכות,,wayback
https://www.mako.co.il/news-military/036814c74a0e1910/Article-34f5a3aa1c16291026.htm,N12 - המחבל מהפיגוע בתחנה המרכזית באר שבע הוא אזרח ישראלי,,wayback
https://www.mako.co.il/news-military/036814c74a0e1910/Article-36f4c4e45765291026.htm,"N12 - לצד תמונה של נסראללה - האמל""ח הרב שמחבלי חיזבאללה...",,wayback
https://www.mako.co.il/news-military/036814c74a0e1910/Article-37d1086d9294291026.htm,"N12 - כדורי אש בשמיים, שובלי יירוט גדולים: תיעודים מהשיגורים...",,wayback
https://www.mako.co.il/news-military/036814c74a0e1910/Article-390e901ccc64291027.htm,"N12 - המחדל שקלקל את התוכניות – והחיסול שהחזיר לצה""ל את הביטחון",,wayback
https://www.mako.co.il/news-military/036814c74a0e1910/Article-3a4dc45d76d6291027.htm,"N12 - חוות הדעת של השב""כ לנתניהו לפני 7.10: הדיונים שקדמו למתקפה",,wayback
https://www.mako.co.il/news-military/036814c74a0e1910/Article-3a9ecd0f5507291027.htm,"N12 - הלחימה בדרום לבנון: מחסן אמל""ח תת-קרקעי בבית מגורים",,wayback
https://www.mako.co.il/news-military/036814c74a0e1910/Article-3c480f884e06291026.htm,N12 - מתקפת פתע: אוגדה 162 יצאה מרפיח – ופשטה על ג'באליה,,wayback
https://www.mako.co.il/news-military/036814c74a0e1910/Article-3d5a9c26b517291027.htm,N12 - דיווח: ישראלי נעצר בדאחיה בביירות,,wayback
https://www.mako.co.il/news-military/036814c74a0e1910/Article-3e1c216cfd05291026.htm,"N12 - כדור אש בשמיים - ונפילה: תיעוד מיירוט ומחדירת הכטב""ם...",,wayback
https://www.mako.co.il/news-military/036814c74a0e1910/Article-403e43d75f07291026.htm,N12 - עם עבר פלילי עשיר: זה המחבל שביצע את הפיגוע,,wayback
https://www.mako.co.il/news-military/036814c74a0e1910/Article-40744b4653a4291026.htm,N12 - דיווח: המסר הישראלי על תקיפה אפשרית של מתקני גרעין באיראן,,wayback
https://www.mako.co.il/news-military/036814c74a0e1910/Article-40d2df2ef327291027.htm,N12 - דרך איראן וחיזבאללה: הניסיון של ראש המוסד לקדם את עסקת...,,wayback
https://www.mako.co.il/news-military/036814c74a0e1910/Article-40f899e85d84291026.htm,N12 - דיווח ראשוני: חשד לפיגוע ירי ביפו,,wayback
https://www.mako.co.il/news-military/036814c74a0e1910/Article-42b3b6fd9a17291026.htm,N12 - אחרי נתק של שבועות: ראש הממשלה נתניהו ישוחח עם הנשיא ביידן,,wayback
https://www.mako.co.il/news-military/036814c74a0e1910/Article-43370d19d7a6291027.htm,"N12 - אלוף פיקוד הצפון: ""להיערך לחזרה ליישובים בצפון אחרי החג""",,wayback
https://www.mako.co.il/news-military/036814c74a0e1910/Article-438c9544ad17291026.htm,N12 - בתום חילופי אש: חמישה מחבלים חוסלו בשכם,,wayback
https://www.mako.co.il/news-military/036814c74a0e1910/Article-45dc1c3efe94291026.htm,"N12 - הותר לפרסום שם אחת הנרצחים בפיגוע ביפו: שחר גולדמן, בת...",,wayback
https://www.mako.co.il/news-military/036814c74a0e1910/Article-46342bd06b86291026.htm,N12 - היום ה-368 למלחמה | עדכונים שוטפים,,wayback
https://www.mako.co.il/news-military/036814c74a0e1910/Article-492c0f0a8c15291026.htm,"N12 - אחיו של החייל שנרצח בלינץ' ברמאללה: ""תחושה של סגירת מעגל""",,wayback
https://www.mako.co.il/news-military/036814c74a0e1910/Article-4b9c0f0a8c15291026.htm,"N12 - התיעוד שחושף: כך חיזבאללה מבריח אמל""ח - והאזהרה של צה""ל",,wayback
https://www.mako.co.il/news-military/036814c74a0e1910/Article-4d77f4a8a494291026.htm,"N12 - צה""ל: נתקוף הלילה בעוצמה ברחבי המזרח התיכון",,wayback
https://www.mako.co.il/news-military/036814c74a0e1910/Article-4da4f002725e191027.htm,N12 - דיווח: ישראל הצליחה לחדור למתקן לייצור טילים בסוריה,,wayback
https://www.mako.co.il/news-military/036814c74a0e1910/Article-4de3edf5a6d5291027.htm,N12 - שר החוץ הצרפתי לישראל כץ: אל תתקפו את מתקני הגרעין של...,,wayback
https://www.mako.co.il/news-military/036814c74a0e1910/Article-5099fa0b24c6291026.htm,"N12 - מאחורי פעילות אוגדת צה""ל בעומק לבנון",,wayback
https://www.mako.co.il/news-military/036814c74a0e1910/Article-5305292dc826291026.htm,"N12 - מחבל יורה על רחפן, הלחימה בעוטף - והקרב ההרואי על תחנת...",,wayback
https://www.mako.co.il/news-military/036814c74a0e1910/Article-56de0e27cac3291027.htm,"N12 - הכותרות בעולם הערבי: ""חיסול נסראללה מטלטל את חיזבאללה""",,wayback
https://www.mako.co.il/news-military/036814c74a0e1910/Article-5a4038e40fd6291026.htm,N12 - התסבוכת של ישראל מול המיליציות בעיראק,,wayback
https://www.mako.co.il/news-military/036814c74a0e1910/Article-5a4db4d17837291027.htm,"N12 - רס""ם רוני גניזת נפל בקרב בדרום לבנון",,wayback
https://www.mako.co.il/news-military/036814c74a0e1910/Article-5aa048798685291026.htm,N12 - גוברת ההערכה: יורשו של נסראללה חוסל,,wayback
https://www.mako.co.il/news-military/036814c74a0e1910/Article-5b49d1ee14d4291027.htm,N12 - האיום החדש של איראן: כך נגיב אם ישראל תתקוף,,wayback
https://www.mako.co.il/news-military/036814c74a0e1910/Article-5b49d1ee14d4291027.htm&utm_source=Whatsapp&utm_medium=Share,N12 - האיום החדש של איראן: כך נגיב אם ישראל תתקוף,,wayback
https://www.mako.co.il/news-military/036814c74a0e1910/Article-5cbef48929d4291026.htm,N12 - כל הפרטים שניתן לספר על ההיתקלויות בלבנון,,wayback
https://www.mako.co.il/news-military/036814c74a0e1910/Article-60034e682607291026.htm,"N12 - דקירה בחדרה: חמישה פצועים במצב קשה ובינוני, הדוקר נעצר",,wayback
https://www.mako.co.il/news-military/036814c74a0e1910/Article-67b3dd821e26291027.htm,N12 - בלעדי: תיעודי החטיפות מהעוטף שטרם נראו,,wayback
https://www.mako.co.il/news-military/036814c74a0e1910/Article-6b3e664ecd73291026.htm,N12 - אלו הבכירים שנותרו בצמרת חיזבאללה אחרי חיסול נסראללה...,,wayback
https://www.mako.co.il/news-military/036814c74a0e1910/Article-6bc21eab6684291026.htm,"N12 - ישראל נערכת למתקפה איראנית: ""התקבל מידע, יהיו השלכות לירי""",,wayback
https://www.mako.co.il/news-military/036814c74a0e1910/Article-6de2aea73d64291026.htm,N12 - מבצע מוגבל וממוקד – אך עם הרבה אש: התמרון הקרקעי של...,,wayback
https://www.mako.co.il/news-military/036814c74a0e1910/Article-6e574613c7f3291027.htm,N12 - היום ה-360 למלחמה | עדכונים שוטפים,,wayback
https://www.mako.co.il/news-military/036814c74a0e1910/Article-6e7142671603291026.htm,"N12 - טיל בליסטי ששוגר מתימן למרכז הארץ יורט בהצלחה ע""י מערכת...",,wayback
https://www.mako.co.il/news-military/036814c74a0e1910/Article-71e58ac0d427291027.htm,"N12 - מתנגדי המשטר שתומכים בתקיפה ישראלית, ומברכים על חיסול...",,wayback
https://www.mako.co.il/news-military/036814c74a0e1910/Article-7343ff5de435291026.htm,N12 - הותר לפרסום: סרן בן ציון פלח נפל בקרב בדרום לבנון,,wayback
https://www.mako.co.il/news-military/036814c74a0e1910/Article-74fb38e40fd6291026.htm,N12 - היום ה-369 למלחמה | דיווח על תקיפה ישראלית בדמשק,,wayback
https://www.mako.co.il/news-military/036814c74a0e1910/Article-7757ffde30e4291026.htm,"N12 - 
הלחימה בדרום לבנון: עשרות לוחמי צה""ל נפצעו בקרבות",,wayback
https://www.mako.co.il/news-military/036814c74a0e1910/Article-780aab009986291027.htm,N12 - הפרטים הקשים בין גורמי הביטחון למשפחות החטופים,,wayback
https://www.mako.co.il/news-military/036814c74a0e1910/Article-78d2d8ab05e5291026.htm,"N12 - דיווח: צה""ל החל בתמרון קרקעי בג'באליה שבצפון הרצועה",,wayback
https://www.mako.co.il/news-military/036814c74a0e1910/Article-7b28901ccc64291027.htm,"N12 - הבכיר בחיזבאללה ש""חוסל בדרך ליפהפייה"" והמידע הרגיש שנאסף",,wayback
https://www.mako.co.il/news-military/036814c74a0e1910/Article-7bf359cef175291027.htm,N12 - הפרט הנדיר והמחריד שהתגלה במטח לחיפה והקריות,,wayback
https://www.mako.co.il/news-military/036814c74a0e1910/Article-7c1348798685291026.htm,N12 - הערכה: עסקת חטופים - רק אחרי רגיעה בצפון,,wayback
https://www.mako.co.il/news-military/036814c74a0e1910/Article-7c8443790fc6291026.htm,"N12 - פרסום ראשון: המו""מ החשאי להפסקת אש כוללת",,wayback
https://www.mako.co.il/news-military/036814c74a0e1910/Article-7cf3942a5495291027.htm,N12 - היום ה-365 למלחמה | עדכונים שוטפים,,wayback
https://www.mako.co.il/news-military/036814c74a0e1910/Article-7dbc05f8f32e191026.htm,"N12 - התוכנית של הרש""פ לייצר משילות: גיוס של מאות פעילים חדשים",,wayback
https://www.mako.co.il/news-military/036814c74a0e1910/Article-7ec17c2ba4e2291026.htm,"N12 - תקיפה בדאחיה: ""ניסיון חיסול של מערך הכטב""מים של חיזבאללה""",,wayback
https://www.mako.co.il/news-military/036814c74a0e1910/Article-80bab8965273291026.htm,"N12 - הפצצות כבדות ברחבי לבנון, הבריחה מהדאחיה | התיעודים מהלילה",,wayback
https://www.mako.co.il/news-military/036814c74a0e1910/Article-82a54ba3d7f1291026.htm,N12 - בפיקוד העורף מסבירים: כך תתגברו על בעיות ה-GPS,,wayback
https://www.mako.co.il/news-military/036814c74a0e1910/Article-832e15803f45291026.htm,"N12 - ""מי שיוצא - נהרוג אותו"": השיחה מהמסגד למוקד 100 בזמן...",,wayback
https://www.mako.co.il/news-military/036814c74a0e1910/Article-849a091b41c0291027.htm,N12 - היום ה-350 למלחמה | עדכונים בולטים,,wayback
https://www.mako.co.il/news-military/036814c74a0e1910/Article-861a41e762d5291026.htm,N12 - גדעון סער בריאיון ראשון מאז הצטרפותו לממשלה,,wayback
https://www.mako.co.il/news-military/036814c74a0e1910/Article-8af524cfdfe4291026.htm,N12 - היום ה-363 למלחמה | אזעקה הופעלה בבת ים מחשש לחדירת כלי...,,wayback
https://www.mako.co.il/news-military/036814c74a0e1910/Article-906147e3a7b1291026.htm,N12 - היום ה-353 למלחמה | עדכונים שוטפים,,wayback
https://www.mako.co.il/news-military/036814c74a0e1910/Article-954f23e07276291027.htm,N12 - מתקפת הפתע בצפון הרצועה - והמטרה: שיבוש תוכניות חמאס,,wayback
https://www.mako.co.il/news-military/036814c74a0e1910/Article-98094576c345291026.htm,N12 - היום ה-364 למלחמה | עדכונים שוטפים,,wayback
https://www.mako.co.il/news-military/036814c74a0e1910/Article-9bcf81760f15291026.htm,"N12 - צעירה יזידית, שנחטפה כנערה - שוחררה מעזה אחרי כעשור",,wayback
https://www.mako.co.il/news-military/036814c74a0e1910/Article-9c9337bf58e5291027.htm,N12 - היום ה-366 למלחמה | עדכונים שוטפים,,wayback
https://www.mako.co.il/news-military/036814c74a0e1910/Article-9d440649ee9f191027.htm,"N12 - ""איך לא ידענו? כשלנו במשימה""",,wayback
https://www.mako.co.il/news-military/036814c74a0e1910/Article-a48c3f9b61a4291027.htm,N12 - היום ה-362 למלחמה | עדכונים בולטים,,wayback
https://www.mako.co.il/news-military/036814c74a0e1910/Article-a4e9c18f4d65291027.htm,N12 - השתיקה בחיזבאללה אחרי ניסיון החיסול של ספי א-דין - וההרס,,wayback
https://www.mako.co.il/news-military/036814c74a0e1910/Article-a727b25b1345291027.htm,N12 - תקיפות חריגות בדאחיה: היעד - היורש של נסראללה,,wayback
https://www.mako.co.il/news-military/036814c74a0e1910/Article-af4eb86a4540291026.htm,"N12 - החדירה, המכירה וההפעלה: כך מתכננים מבצע חבלה המוני",,wayback
https://www.mako.co.il/news-military/036814c74a0e1910/Article-b2608eec50b1291027.htm,N12 - השעות הגורליות שקדמו לחיסול עקיל וצמרת כוח רדואן,,wayback
https://www.mako.co.il/news-military/036814c74a0e1910/Article-b2b6388afb06291027.htm,N12 - הותר לפרסום: הנרצח ה-7 בפיגוע ביפו - ויקטור שמשון גרין,,wayback
https://www.mako.co.il/news-military/036814c74a0e1910/Article-b6c790e18656291027.htm,N12 - הערכה בחמאס: כ-80% מההרוגים בעזה הם אנשי הארגון ומשפחותיהם,,wayback
https://www.mako.co.il/news-military/036814c74a0e1910/Article-b92cf9849606291026.htm,N12 - הדרך שבה המוסד הבטיח פגיעה מקסימלית במבצע הביפרים,strong,wayback
https://www.mako.co.il/news-military/036814c74a0e1910/Article-be7e72ed0bc6291026.htm,N12 - מקורות בביירות: איראן מעודדת את חיזבאללה לחתור להפסקת אש,,wayback
https://www.mako.co.il/news-military/036814c74a0e1910/Article-beb349b01f06291027.htm,"N12 - צה""ל חושף לראשונה את השלל שנתפס ממחבלי חמאס",,wayback
https://www.mako.co.il/news-military/036814c74a0e1910/Article-bf7f4e6c6eb5291026.htm,"N12 - בלבנון בודקים אם מפקד גיס קודס נפגע בתקיפת צה""ל",,wayback
https://www.mako.co.il/news-military/036814c74a0e1910/Article-bf7f4e6c6eb5291026.htm&utm_source=Twitter&utm_medium=Share,"N12 - בלבנון בודקים אם מפקד גיס קודס נפגע בתקיפת צה""ל",,wayback
https://www.mako.co.il/news-military/036814c74a0e1910/Article-bfd47f14e975291027.htm,"N12 - סמל דניאל אביב חיים סופר ורב""ט טל דרור נפלו בלחימה בלבנון",,wayback
https://www.mako.co.il/news-military/036814c74a0e1910/Article-c141acedc505291026.htm,N12 - אחרי 24 שנה: מבצע הלינץ' ברמאללה חוסל בעזה,,wayback
https://www.mako.co.il/news-military/036814c74a0e1910/Article-c19effde30e4291026.htm,"N12 - תהיה תגובה - בתיאום עם ארה""ב: מאחורי הדיונים על התגובה...",,wayback
https://www.mako.co.il/news-military/036814c74a0e1910/Article-c2c4262931d6291027.htm,N12 - פרטים חדשים על חידוש הקשר של סינוואר,,wayback
https://www.mako.co.il/news-military/036814c74a0e1910/Article-c36cf6ad544f191027.htm,N12 - השיגור מתימן – והיירוט הכפול: כך מתמודדים עם האיום החות'י,,wayback
https://www.mako.co.il/news-military/036814c74a0e1910/Article-cbced4604b7e191027.htm,N12 - התחקיר המשטרתי על הטבח בנובה -  וההתכתבויות ימים לפני...,,wayback
https://www.mako.co.il/news-military/036814c74a0e1910/Article-cddfd505f5e4291027.htm,"N12 - ""כאילו ידעתי מראש שזה הולך לקרות"": הורי החיילת הראשונה...",,wayback
https://www.mako.co.il/news-military/036814c74a0e1910/Article-cfdca9d07f27291026.htm,N12 - הותר לפרסום: רויטל יהוד ודביר שרביט הם הנרצחים מהירי...,,wayback
https://www.mako.co.il/news-military/036814c74a0e1910/Article-d63e03097de5291027.htm,"N12 - תחקיר 7 באוקטובר בבור בקריה: מה קרה במטכ""ל בשבת השחורה?",,wayback
https://www.mako.co.il/news-military/036814c74a0e1910/Article-d910b591bee3291026.htm,N12 - אחרי התקיפה בחודיידה: אלו היעדים שהותקפו,,wayback
https://www.mako.co.il/news-military/036814c74a0e1910/Article-da9de039c3b1291027.htm,,,wayback
https://www.mako.co.il/news-military/036814c74a0e1910/Article-dbe63f0ccf85291026.htm,N12 - המסר של ביידן לקראת התגובה הישראלית - והעקיצה לנתניהו,,wayback
https://www.mako.co.il/news-military/036814c74a0e1910/Article-ddb937cac52f191026.htm,N12 - היום ה-345 למלחמה | עדכונים בולטים,,wayback
https://www.mako.co.il/news-military/036814c74a0e1910/Article-e0ce8639cfb6291027.htm,N12 - פרסום ראשון: בית החולים למחבלי חמאס בבסיס שדה תימן ייסגר,,wayback
https://www.mako.co.il/news-military/036814c74a0e1910/Article-e1d433cb2274291026.htm,N12 - אזעקות בגוש דן: 3 שיגורים מלבנון,,wayback
https://www.mako.co.il/news-military/036814c74a0e1910/Article-e97ea07a6045291026.htm,"N12 - צה""ל תקף במטוס קרב חמושים בטולכרם",,wayback
https://www.mako.co.il/news-military/036814c74a0e1910/Article-ea09d84336a6291026.htm,"N12 - הותר לפרסום: סמ""ר נועם ישראל עבדו נפל בקרב בצפון הרצועה",,wayback
https://www.mako.co.il/news-military/036814c74a0e1910/Article-eb439af0d115291026.htm,N12 - 4 פגיעות בבסיס נבטים: צילומי הלוויין אחרי המתקפה האיראנית,,wayback
https://www.mako.co.il/news-military/036814c74a0e1910/Article-ed186f0705f1291027.htm,N12 - מובילה את האימונים וההכשרות: הצצה ליחידה 800 של חיזבאללה,,wayback
https://www.mako.co.il/news-military/036814c74a0e1910/Article-f20739955102291026.htm,N12 - תיעוד | העיתונאי שנפגע מהתקיפה בלבנון - בזמן שידור...,,wayback
https://www.mako.co.il/news-military/036814c74a0e1910/Article-f42fa605f5e3291026.htm,N12 - הסמל שהפך למוקד תקיפות: התושבים שנמלטו מהדאחיה - והתיעודים,,wayback
https://www.mako.co.il/news-military/036814c74a0e1910/Article-f4d48dc47fb5291027.htm,"N12 - ""פעולה משמעותית"" נגד איראן - והרחבת הפעולה ברצועת עזה",,wayback
https://www.mako.co.il/news-military/036814c74a0e1910/Article-fcd578034dc4291026.htm,"N12 - הותר לפרסום: שני לוחמי צה""ל נפלו בקרבות בלבנון",,wayback
https://www.mako.co.il/news-military/036814c74a0e1910/Article-fcdaea0f9246291026.htm,"N12 - שנה למלחמה | נתוני צה""ל המעודכנים",,wayback
https://www.mako.co.il/news-military/036814c74a0e1910/Article-ff848b4eb684291027.htm,N12 - הכוננות לירי מאיראן: התרחישים שאליהם ישראל נערכה –...,,wayback
https://www.mako.co.il/news-military/2019_Q3/Article-540f20882378c61026.htm,"N12 - בגובה 6 מטרים ובאורך 9 ק""מ: הקיר שימנע חדירת מחבלים מעזה",,wayback
https://www.mako.co.il/news-military/2019_Q3/Article-5aaaa58852a1d61027.htm,"N12 - המבצע שהסתבך בעזה: צל""ש יוענק לסגן אלוף מ' שנהרג",,wayback
https://www.mako.co.il/news-military/2019_Q3/Article-b842893f31e5d61027.htm,N12 - הפלסטינים סיכלו ניסיון של הג'יהאד להרכיב רקטות בגדה,,wayback
https://www.mako.co.il/news-military/2019_Q3/Article-e3a8246e1dc7d61027.htm,N12 - משרד המשפטים יבחן את נסיבות פציעת המחבל החשוד ברצח רינה...,,wayback
https://www.mako.co.il/news-military/2019_q4/Article-450f6dfe6ccce61026.htm,N12 - האזהרה שהועברה לנתניהו: סיפוח הבקעה יסכן את חוזה השלום...,,wayback
https://www.mako.co.il/news-military/2019_q4/Article-47e79ded7cc3e61026.htm,"N12 - בדרך להסכם אי לוחמה בין ישראל לארצות המפרץ? ארה""ב מברכת",,wayback
https://www.mako.co.il/news-military/2020_q1/Article-e65667e4375e071026.htm,N12 - בעקבות הקורונה: שר הביטחון הטיל הגבלות נוספות על כניסת...,,wayback
https://www.mako.co.il/news-military/2020_q3/Article-36ba0ee55c29471027.htm,N12 - בזמן חתימת הסכם השלום בארצות הברית – צבע אדום בעוטף עזה,,wayback
https://www.mako.co.il/news-military/2020_q3/Article-ad9905e91a46471027.htm,N12 - גנץ מקדם בניית אלפי יחידות דיור ביהודה ושומרון,,wayback
https://www.mako.co.il/news-military/2020_q4/Article-a98ef3f58b3e471027.htm,"N12 - הנשק החדש של צה""ל: תותח נגד חדירות מהרצועה דרך הים",,wayback
https://www.mako.co.il/news-military/2021_q2/Article-178966fb8e96971026.htm,"N12 - התרגיל של צה""ל לחמאס: כך הותקפו מחבלים במנהרות בעזה",,wayback
https://www.mako.co.il/news-military/2021_q2/Article-60ce3af3e6a7971027.htm,N12 - מבצע שומר החומות: אלה הרוגי המבצע והמהומות בישראל,,wayback
https://www.mako.co.il/news-military/2021_q2/Article-9a534a4e1ca8971027.htm,N12 - היום ה-11 למבצע שומר החומות: הקבינט אישר את הפסקת האש,,wayback
https://www.mako.co.il/news-military/2021_q2/Article-9cbc411b2f4cd61027.htm,"N12 - הערכה בישראל: מזכ""ל חיזבאללה חסן נסראללה חוסל בתקיפה...",,wayback
https://www.mako.co.il/news-military/2021_q3/Article-2f41dcdf460aa71027.htm,"N12 - מאה משוחררים תוקפים את גנץ ובר לב: ""פעלו נגד אלימות...",,wayback
https://www.mako.co.il/news-military/2021_q4/Article-187bbe39cc0ad71026.htm,N12 - התיעוד הדרמטי נחשף: כך נמלטו האסירים מכלא גלבוע,,wayback
https://www.mako.co.il/news-military/2021_q4/Article-9c2d86297e84d71027.htm,N12 - המשטרה: חיזבאללה מבריח נשק לערביי ישראל לחמש אותם ליום...,,wayback
https://www.mako.co.il/news-military/2022_q1/Article-08e01bbc77fcf71026.htm,N12 - דאעש קם לתחייה: מאחורי הארגון שהרים ראש בישראל,,wayback
https://www.mako.co.il/news-military/2022_q1/Article-f666ed7add12e71026.htm,"N12 - ""העטלף"" שהתרסק: משמש את צה""ל לסיורים ימיים כבר יותר...",,wayback
https://www.mako.co.il/news-military/2022_q2/Article-09662284ee40081027.htm,N12 - חשיפת עובדה: התקלה בקשר שעות לפני המבצע להפצצת המטרו,,wayback
https://www.mako.co.il/news-military/2022_q2/Article-39b7915a90d2081027.htm,"N12 - ח""כ אחמד טיבי עלה למסגד אל-אקצא והתעמת עם לוחמי מג""ב",,wayback
https://www.mako.co.il/news-military/2022_q2/Article-52d60736fb3c081027.htm,"N12 - הותר לפרסום: סא""ל מחמוד ח'יר אל-דין הוא הקצין שנפל בעזה...",,wayback
https://www.mako.co.il/news-military/2022_q2/Article-8f86401e2fccf71026.htm,"N12 - ""אפס!"", ""אתה אפס!"": עימות בין בר-לב לבן גביר בזירת הפיגוע",,wayback
https://www.mako.co.il/news-military/2022_q3/Article-5ba16baeab08281027.htm,"N12 - המחבל איבראהים א-נאבולסי חוסל על ידי לוחמי צה""ל וימ""מ בשכם",,wayback
https://www.mako.co.il/news-military/2022_q3/Article-5ca459478213381027.htm,N12 - הלקח הגדול מההפסדים של פוטין: הטנק כאן כדי להישאר,,wayback
https://www.mako.co.il/news-military/2022_q3/Article-861836c02508381026.htm,N12 - הסכם הגבול הימי עם לבנון: כוננות בשל חשש לפרובוקציה של...,,wayback
https://www.mako.co.il/news-military/2022_q3/Article-cffab7cb5d71381026.htm,N12 - המחווה לציון 25 שנים לאסון השייטת: 60 לוחמים בטקס זיכרון,,wayback
https://www.mako.co.il/news-military/2022_q4/Article-474d670db784481026.htm,N12 - לכודים באיראן: הישראלים שנחתו נחיתת חירום בטהראן,,wayback
https://www.mako.co.il/news-military/2022_q4/Article-8705f9a6da72481026.htm,N12 - הבן נפצע ליד אביו שנרצח בפיגוע: זכיתי לראות אותו ברגעיו...,,wayback
https://www.mako.co.il/news-military/2022_q4/Article-948825c8e922481026.htm,N12 - מתיחות בירושלים: 6 רכבים של יהודים הוצתו בשכונת סילוואן,,wayback
https://www.mako.co.il/news-military/2022_q4/Article-c303d78a3dbd481027.htm,"N12 - כנס החורף של מכון ""גזית""",,wayback
https://www.mako.co.il/news-military/2022_q4/Article-ca608241b78a381027.htm,"N12 - בתום חילופי אש בשכם וכיתור בית: ""נלכד מבצע פיגוע הירי...",,wayback
https://www.mako.co.il/news-military/2022_q4/Article-f52ad30efb30481027.htm,"N12 - תיעוד: מטען מוטמן צמוד לאופנוע - ובכיר ""גוב האריות""...",,wayback
https://www.mako.co.il/news-military/2023_q1/Article-19836853e3c7581027.htm,N12 - אחרי הביקור של בן גביר: למה הר הבית הפך לחבית נפץ?,,wayback
https://www.mako.co.il/news-military/2023_q1/Article-3e61f88a920e581027.htm,N12 - לראשונה: רוסיה תפעל משדה תעופה סורי ליד חלב,,wayback
https://www.mako.co.il/news-military/2023_q1/Article-4c3af26fc1fd581026.htm,"N12 - דוח: היחסים עם ארה""ב בסכנה, עלולה לפרוץ אינתיפאדה ביו""ש",,wayback
https://www.mako.co.il/news-military/2023_q1/Article-96653972b928681026.htm,N12 - עשרות קציני מילואים בהודעה דרמטית: לא נשרת אם הרפורמה...,,wayback
https://www.mako.co.il/news-military/2023_q1/Article-98de63fc3e5a581026.htm,"N12 - הרמטכ""ל אביב כוכבי בריאיון פרידה: ""לא נוכל לאפשר שיהיו...",,wayback
https://www.mako.co.il/news-military/2023_q2/Article-47a5c3d30bdd881026.htm,N12 - אנשי חיזבאללה חמושים זוהו באוהלים בצד הישראלי בגבול הצפון,,wayback
https://www.mako.co.il/news-military/2023_q2/Article-7c5076a9b875781027.htm&Partner=twitter_share,"N12 - לילה מתוח בדרום: צה""ל תקף ברצועת עזה, 9 רקטות יורטו מעל...",,wayback
https://www.mako.co.il/news-military/2023_q2/Article-ef8e1750100c881026.htm,"N12 - רשת CNN בתחקיר: צה""ל כשל בחווארה ומנע כניסת כוחות חירום",,wayback
https://www.mako.co.il/news-military/2023_q3/Article-2c8b5146a549a81027.htm,"N12 - החשש מפיגועים בחג: סגר כללי יוטל על יו""ש, המעברים בעזה...",,wayback
https://www.mako.co.il/news-military/2023_q3/Article-56048a188de7a81027.htm,N12 - ישראל היא המדינה החזקה באזור - אבל יש לה נטייה מסוכנת |...,,wayback
https://www.mako.co.il/news-military/2023_q3/Article-f88c2856ee80b81026.htm,N12 - מחבלים הגיעו למסיבת הטבע באזור רעים - וירו ללא הבחנה,,wayback
https://www.mako.co.il/news-military/2024_q1/Article-01afb3b6b726e81027.htm,N12 - תעלומת חטיפתו של אורי דנינו שנעלם ממושב הנהג,,wayback
https://www.mako.co.il/news-military/2024_q1/Article-05d239843f9ec81026.htm,"N12 - תיעוד ההסתערות על סופה: ""זו התנחלות אחים, בואו ניכנס""",,wayback
https://www.mako.co.il/news-military/2024_q1/Article-094a15d16c1cd81026.htm,"N12 - כ-29 אלף מטרות בעזה, יותר מ-1,000 בלבנון: תיעוד תקיפות...",,wayback
https://www.mako.co.il/news-military/2024_q1/Article-0d5e3c193d99d81027.htm,N12 - הסיוע ההומניטרי וההתקפלות של נתניהו | פרסום ראשון,,wayback
https://www.mako.co.il/news-military/2024_q1/Article-0d6fff2076f8e81027.htm,N12 - הלוחמים פשטו על מבנה בשיפא וחיסלו בכירי חמאס שנמלטו מהמיון,,wayback
https://www.mako.co.il/news-military/2024_q1/Article-238a34786fd3e81026.htm,"N12 - ""תפסתי לו את היד חזק - רה""מ, תסתכל לי בעיניים"": הקלטות...",,wayback
https://www.mako.co.il/news-military/2024_q1/Article-2af18c70444ad81027.htm,"N12 - לאחר חשיפת התיעוד, בישראל מעריכים: סינוואר עדיין מנותק קשר",,wayback
https://www.mako.co.il/news-military/2024_q1/Article-44f6b501cf5dc81026.htm,N12 - המפות כבר מוכנות: הכנס שקורא להתיישב ברצועת עזה,,wayback
https://www.mako.co.il/news-military/2024_q1/Article-4c4f57c49f74d81026.htm,N12 - רודף הרחפנים: בן ה-22 שהקים יחידה שמסייעת בלחימה בעזה,,wayback
https://www.mako.co.il/news-military/2024_q1/Article-56216c4a7fc5e81026.htm,"N12 - מזיהוי המחבלים ועד ""פרש טורקי מלא"": הקלטות הקשר מחמ""ל...",,wayback
https://www.mako.co.il/news-military/2024_q1/Article-5a4fe5f809b4e81026.htm,N12 - עלול להחזיר את חמאס: הסיבה שישראל מתנגדת לדרישת החזרה...,,wayback
https://www.mako.co.il/news-military/2024_q1/Article-5bc82c5ce765d81026.htm,"N12 - מסמך ההנחיות של סינוואר: ""להמשיך את הקו שנתניהו אחראי""",,wayback
https://www.mako.co.il/news-military/2024_q1/Article-5bf44d104aa1e81027.htm,N12 - ליל 7 אוקטובר: הסימנים המקדימים | תחקיר עובדה,,wayback
https://www.mako.co.il/news-military/2024_q1/Article-60b948e5f29bd81027.htm,"N12 - ""הנסיך הירוק"", בנו של מייסד חמאס, נכנס עם צה""ל לעזה",,wayback
https://www.mako.co.il/news-military/2024_q1/Article-6326a490b5a5d81026.htm,N12 - ההישגים והאתגרים המדיניים של ישראל במלחמה,,wayback
https://www.mako.co.il/news-military/2024_q1/Article-88d9a8174a57e81026.htm,"N12 - תוצרת איראן: סוכלה הברחה של אמל""ח מתקדם ליהודה ושומרון",,wayback
https://www.mako.co.il/news-military/2024_q1/Article-89fbac4c389fc81026.htm,"N12 - הטעות של חיזבאללה - שחשפה את האמת על הרג ה""אזרחים"" בלבנון",,wayback
https://www.mako.co.il/news-military/2024_q1/Article-8c4b12b6c547e81027.htm,"N12 - באל-ג'זירה האשימו את לוחמי צה""ל באונס - וחזרו בהם",,wayback
https://www.mako.co.il/news-military/2024_q1/Article-a6c285f79983e81026.htm,"N12 - מפקד אוגדה 98 לנבחרי הציבור: ""אתם חייבים להיות ראויים...",,wayback
https://www.mako.co.il/news-military/2024_q1/Article-b005519b814fc81026.htm,N12 - אלו הנקודות המחלוקת בין ישראל לחיזבאללה,,wayback
https://www.mako.co.il/news-military/2024_q1/Article-bb644614196ed81026.htm,N12 - הבקשה של פיקוד הדרום בלילה שלפני הטבח - והסירוב,,wayback
https://www.mako.co.il/news-military/2024_q1/Article-bd45c01e9ec0d81027.htm,N12 - פיגוע משולב ברעננה: אישה נרצחה ולפחות 19 בני אדם נפצעו,,wayback
https://www.mako.co.il/news-military/2024_q1/Article-bf33e14f54fcd81027.htm,N12 - פיגוע ירי במחסום ליד מעלה אדומים: צעיר בשנות העשרים...,,wayback
https://www.mako.co.il/news-military/2024_q1/Article-c1bd0a486226e81027.htm,N12 - הכוורת של סינוואר: ישבו יחד בכלא הישראלי - והפכו לציר...,,wayback
https://www.mako.co.il/news-military/2024_q1/Article-c54561b7bb64d81026.htm,"N12 - חשיפה: ראש השב""כ דרש בקבינט מנתניהו להקים מיד ועדת...",,wayback
https://www.mako.co.il/news-military/2024_q1/Article-e876f4a52cccd81026.htm,N12 - פרסום ראשון: הפיילוט הישראלי לניהול אוכלוסייה אזרחית...,,wayback
https://www.mako.co.il/news-military/2024_q1/Article-e9de7a050020c81027.htm,N12 - מי מתגעגע לגוש קטיף? ההכנות בשטח לחזרה לעזה -...,,wayback
https://www.mako.co.il/news-military/2024_q1/Article-f4f5dc9e4873d81027.htm,"N12 - איך מתקדמת משימת הקמתו של ""אזור החיץ"" בגבול עזה?",,wayback
https://www.mako.co.il/news-military/2024_q1/Article-f7f4482d2f68e81027.htm,N12 - קורן תעסה בן ה-13 חוזר לרגעי האימה | עובדה,,wayback
https://www.mako.co.il/news-military/2024_q2/Article-0208b5ff508ff81026.htm,"N12 - תמונות ראשונות: נועה, אלמוג, שלומי ואנדרי עם המשפחות",,wayback
https://www.mako.co.il/news-military/2024_q2/Article-064660a26116191027.htm,"N12 - פרטים מהצעת הפשרה האמריקנית בדוחא, והסוגיות שעדיין...",,wayback
https://www.mako.co.il/news-military/2024_q2/Article-0a5b0ec2fcf8191026.htm,"N12 - צומצמו המחלוקות על מפתחות העסקה, ציר פילדלפי ונצרים...",,wayback
https://www.mako.co.il/news-military/2024_q2/Article-109889a2af7ff81027.htm,"N12 - הותר לפרסום: נקבע מותו של לוחם הימ""מ ארנון זמורה שנפצע...",,wayback
https://www.mako.co.il/news-military/2024_q2/Article-1cb4a391c8f2291026.htm,N12 - הורי התצפיתניות מנחל עוז מנסים להרכיב את 24 השעות...,,wayback
https://www.mako.co.il/news-military/2024_q2/Article-1fdc4d387a8df81027.htm,N12 - הביקורת הגוברת בעזה - והקמפיין של חמאס,,wayback
https://www.mako.co.il/news-military/2024_q2/Article-20005454b950091026.htm,N12 - הותר לפרסום: ארבעה לוחמי גבעתי נהרגו בקרבות ברפיח,,wayback
https://www.mako.co.il/news-military/2024_q2/Article-20199a01fddff81027.htm,"N12 - נועה ארגמני על רגעי החילוץ: ""החייל אמר 'שלום, נועה, זה...",,wayback
https://www.mako.co.il/news-military/2024_q2/Article-21f0a3087adef81027.htm,"N12 - ""סעיף ההתנגדות"" של חמאס, והמסר מגורם במצרים | עושים סדר",,wayback
https://www.mako.co.il/news-military/2024_q2/Article-27b20acc6bf2f81027.htm,N12 - תיעוד בלעדי: כלי הטיס הראשונים שזיהו את מחבלי חמאס ב-7...,,wayback
https://www.mako.co.il/news-military/2024_q2/Article-2cca4b7a57dff81027.htm,N12 - החטופים מחולצים למסוק כשהלוחמים מגינים עליהם בגופם: תיעוד,,wayback
https://www.mako.co.il/news-military/2024_q2/Article-2db3ef40da4ae81026.htm,"N12 - מחבל שנלקח בשבי משיפא הודה: ""חזרנו לשם יומיים אחרי...",,wayback
https://www.mako.co.il/news-military/2024_q2/Article-33f42ccc19aff81027.htm,"N12 - כך משתקף מבצע ""ארנון"" בעזה",,wayback
https://www.mako.co.il/news-military/2024_q2/Article-3498c77d9516191027.htm,"N12 -  רס""ן יותם יצחק פלד ורס""ם מרדכי יוסף בן שועם נפלו במרכז...",,wayback
https://www.mako.co.il/news-military/2024_q2/Article-374fee1bb8fef81026.htm,N12 - חיזבאללה עשוי לגרור את לבנון למלחמה - והשיח הפנימי מתלהט,,wayback
https://www.mako.co.il/news-military/2024_q2/Article-48d1d21d72d5191026.htm,"N12 - המחלוקות, הפערים והסעיפים שבתהליכי סגירה",,wayback
https://www.mako.co.il/news-military/2024_q2/Article-4e2fba8fd67ff81026.htm,"N12 - נועה מחובקת עם אביה, שלומי ואנדרי מוקפים בכוחות...",,wayback
https://www.mako.co.il/news-military/2024_q2/Article-505f4858f778f81026.htm,N12 - משפחות שלושת החטופים שגופותיהם חולצו מעזה הגיבו לבשורה,,wayback
https://www.mako.co.il/news-military/2024_q2/Article-58feb4a20267191026.htm,"N12 - על סף מלחמה בצפון: צה""ל מגביר את התקיפות ומעביר כוחות...",,wayback
https://www.mako.co.il/news-military/2024_q2/Article-5a60c132847ff81027.htm,"N12 - נועה, אנדרי, שלומי ואלמוג חולצו מעזה - אלה סיפוריהם",,wayback
https://www.mako.co.il/news-military/2024_q2/Article-5f72ab40298ae81026.htm,N12 - היומן חושף: מה נתניהו עשה ב-7 באוקטובר?,,wayback
https://www.mako.co.il/news-military/2024_q2/Article-5fbe5986bd40f81027.htm,"N12 - המחדלים של אמ""ן בפיקודו של אהרון חליוה",,wayback
https://www.mako.co.il/news-military/2024_q2/Article-60bd24d11ceef81027.htm,"N12 - בכירים בקטאר נזפו בראשי חמאס: ""ישראל איבדה סבלנות""",,wayback
https://www.mako.co.il/news-military/2024_q2/Article-71442ce9ec67191027.htm,N12 - היום ה-321  למלחמה | עדכונים בולטים,,wayback
https://www.mako.co.il/news-military/2024_q2/Article-71ee480634cee81026.htm,N12 - תיעוד: רגע החטיפה של ירדן ביבס לרצועת עזה,,wayback
https://www.mako.co.il/news-military/2024_q2/Article-75555050c11d091026.htm,"N12 - דובר צה""ל על התקיפה בתימן: ""ערוכים לתגובה בכלל הגזרות""",,wayback
https://www.mako.co.il/news-military/2024_q2/Article-80db23c69abff81027.htm,"N12 - ""מבצעים כמו של הימ""מ רואים רק בסרטים""",,wayback
https://www.mako.co.il/news-military/2024_q2/Article-82234e231ae9e81026.htm,"N12 - הרמטכ""ל יתחקר את הפגיעה הקטלנית בארגון הסיוע",,wayback
https://www.mako.co.il/news-military/2024_q2/Article-845798d0439ef81026.htm,"N12 - גנץ לראשי רשויות בצפון: ""אל תקטרו, העתיד עלול להיות...",,wayback
https://www.mako.co.il/news-military/2024_q2/Article-861b96055ef4f81026.htm,"N12 - היום ה-214 למלחמה | חמאס הודיע: הסכמנו להפסקת אש, צה""ל...",,wayback
https://www.mako.co.il/news-military/2024_q2/Article-867fc1cb4fedf81026.htm,"N12 - החטופים נדב פופלוול, עמירם קופר ויורם מצגר מתו בשבי חמאס",,wayback
https://www.mako.co.il/news-military/2024_q2/Article-871161198adff81026.htm,"N12 - ""הם במצב של תת-תזונה קשה, עברו התעללות לאורך זמן""",,wayback
https://www.mako.co.il/news-military/2024_q2/Article-87d4864444f4f81027.htm,"N12 - אחרי הודעת חמאס: החלה ""פעולה ממוקדת"" ברפיח",,wayback
https://www.mako.co.il/news-military/2024_q2/Article-8bb824915e96091026.htm,"N12 - האלוף מודה: ""ב-7 באוקטובר חיילים פצועים חולצו לפני אזרחים""",,wayback
https://www.mako.co.il/news-military/2024_q2/Article-8e1cf794b625f81027.htm,"N12 - ראש מנהלת תקומה : ""הקיבוצים יחזרו לבתיהם תוך שנתיים או...",,wayback
https://www.mako.co.il/news-military/2024_q2/Article-8e48dcf090fff81027.htm,"N12 - היום ה-248 למלחמה | כטב""ם ישראלי הופל בשמי לבנון",,wayback
https://www.mako.co.il/news-military/2024_q2/Article-a1fcd0f63b4ff81026.htm,N12 - דיווח בסעודיה: ההצעה המתוקנת שהגישה ישראל לחמאס,,wayback
https://www.mako.co.il/news-military/2024_q2/Article-abd115b7971a191027.htm,"N12 - הקבינט הצביע בעד השארת כוחות בציר פילדלפי, גלנט התנגד",,wayback
https://www.mako.co.il/news-military/2024_q2/Article-ac0aa45fbae5191027.htm,N12 - דיווחים בלבנון: 10 הרוגים בתקיפה ישראלית בדרום המדינה,,wayback
https://www.mako.co.il/news-military/2024_q2/Article-ae79f77b5c55091026.htm,"N12 - מתקרבים למלחמה עם חיזבאללה: צה""ל החל בהעברת כוחות לצפון",,wayback
https://www.mako.co.il/news-military/2024_q2/Article-b843dbc80cc2091026.htm,N12 - הנתונים נחשפים: כמה מפונים מהצפון לא מוכנים לחזור הביתה?,,wayback
https://www.mako.co.il/news-military/2024_q2/Article-ba94661d1c5f091026.htm,N12 - ההכחשה של חיזבאללה - והניסיון למנוע תגובה של הדרוזים...,,wayback
https://www.mako.co.il/news-military/2024_q2/Article-bc991463b17ff81027.htm,N12 - הותר לפרסום: ארבעה חטופים חיים חולצו במבצע מיוחד בעזה,,wayback
https://www.mako.co.il/news-military/2024_q2/Article-c6bc577e2983f81026.htm,"N12 - הוחמרה האזהרת המסע למאלמו: ""חשש מבוסס שגורמי טרור יפגעו...",,wayback
https://www.mako.co.il/news-military/2024_q2/Article-cc168774591bf81027.htm,"N12 - היום ה-233 למלחמה | בצה""ל מבהירים: אין אירוע חטיפת חייל",,wayback
https://www.mako.co.il/news-military/2024_q2/Article-ccc98e8cc7ebe81027.htm,N12 - הדרך של ישראל להיחלץ מתגובת הנקם האיראנית,,wayback
https://www.mako.co.il/news-military/2024_q2/Article-ccff370055b2f81027.htm,N12 - עסקה חדשה - או כניסה לרפיח: ביידן במרתון שיחות עם...,,wayback
https://www.mako.co.il/news-military/2024_q2/Article-d18453a3bccae81026.htm,N12 - מפת האיומים: זרועות התמנון האיראני נגד ישראל במזרח התיכון,,wayback
https://www.mako.co.il/news-military/2024_q2/Article-d51e59e93928f81027.htm,"N12 - הותר לפרסום: רס""ם (מיל') רן יעבץ נפל בפיצוץ אמצעי לחימה...",,wayback
https://www.mako.co.il/news-military/2024_q2/Article-dce77e424313091026.htm,N12 - גילויים חדשים: המסקנות מקרבות 7 באוקטובר,,wayback
https://www.mako.co.il/news-military/2024_q2/Article-ec6fd3a3fc3fe81027.htm,N12 - גורמים ישראליים אישרו: ישראל תקפה באיראן,,wayback
https://www.mako.co.il/news-military/2024_q2/Article-ecd911ef6879f81026.htm,"N12 - גורם במשטרה: נהגו של בן גביר אשם בתאונה, פרקליט המדינה...",,wayback
https://www.mako.co.il/news-military/2024_q2/Article-f0014999397ff81026.htm,N12 - בשעה 11:00 דווח ״פעל״: הפרטים שידועים על מבצע החילוץ הנועז,,wayback
https://www.mako.co.il/news-military/2024_q2/Article-f311d437576ff81026.htm,"N12 - ממשל ביידן לוחץ, והמתווכות מאיימות על בכירי חמאס בסנקציות",,wayback
https://www.mako.co.il/news-military/2024_q2/Article-febbd21d72d5191026.htm,N12 - היום ה-316 למלחמה,,wayback
https://www.mako.co.il/news-military/2024_q3/Article-0087aeb58e34291026.htm,N12 -  הקבינט מתכנס – שורת תוכניות צבאיות מחכות להחלטה,,wayback
https://www.mako.co.il/news-military/2024_q3/Article-0128e0b62f15191027.htm,N12 - איראן דוחקת בחיזבאללה לא לתקוף בישראל,,wayback
https://www.mako.co.il/news-military/2024_q3/Article-01b3df706134291026.htm,"N12 - חודידה ביום שאחרי התקיפה: ""שלב חדש בעימות""",,wayback
https://www.mako.co.il/news-military/2024_q3/Article-03ba982a47b8191027.htm,N12 - היום ה-325 למלחמה | עדכונים בולטים,,wayback
https://www.mako.co.il/news-military/2024_q3/Article-03db40bf0400291027.htm,N12 - יועצו הבכיר של נתניהו רמז בציוץ שישראל אחראית לפיצוצים...,,wayback
https://www.mako.co.il/news-military/2024_q3/Article-04224a3778e2291026.htm,"N12 - 15 שנות מאסר נגזרו על נור יוסף, שניסה לרצוח חייל ב""שומר...",,wayback
https://www.mako.co.il/news-military/2024_q3/Article-06b94986ece9191027.htm,N12 - חשיפה: חמאס מזייף תוצאות של סקרי דעת קהל,,wayback
https://www.mako.co.il/news-military/2024_q3/Article-06b94986ece9191027.htm&utm_source=Twitter&utm_medium=Share,N12 - חשיפה: חמאס מזייף תוצאות של סקרי דעת קהל,,wayback
https://www.mako.co.il/news-military/2024_q3/Article-07745637c9af191027.htm,N12 - אחרי שיגור הטיל מתימן: החשש מתגובה ישראלית - והיעדים...,,wayback
https://www.mako.co.il/news-military/2024_q3/Article-089ec33194ca191026.htm,"N12 - תגובת המשפחות: ""סליחה שנתנו להם להרוג אותך""",,wayback
https://www.mako.co.il/news-military/2024_q3/Article-08cf445ad956191027.htm,"N12 - מאבטח נרצח בפיגוע בשומרון, מצוד אחר המחבל שנמלט עם נשק",,wayback
https://www.mako.co.il/news-military/2024_q3/Article-097775d59b14291027.htm,"N12 - איש אונר""א ומפקד חמאס בלבנון: מה שידוע על המחוסל באזור צור",,wayback
https://www.mako.co.il/news-military/2024_q3/Article-09ceac2ceff9191027.htm,N12 - היום ה-329 למלחמה | הפעילות בג׳נין: 20 מחבלים מחוסלים...,,wayback
https://www.mako.co.il/news-military/2024_q3/Article-09d535811a1a191026.htm,N12 - החות'ים סימנו לישראל את המטרות האסטרטגיות שלהם,,wayback
https://www.mako.co.il/news-military/2024_q3/Article-0b139ecde3b5191026.htm,N12 - גל של גינויים בעולם אחרי התקיפות בכפר ג'ית,,wayback
https://www.mako.co.il/news-military/2024_q3/Article-0b88ceab1ca7191026.htm,"N12 - ראשי השב""כ והמוסד יצאו לקהיר לדון בציר פילדלפי ומעבר רפיח",,wayback
https://www.mako.co.il/news-military/2024_q3/Article-0ba224396d91291027.htm,N12 - נתניהו על ההסלמה מול חיזבאללה: גורעים מהם יכולות,,wayback
https://www.mako.co.il/news-military/2024_q3/Article-0c5646d0ef7d191027.htm,"N12 - ""אני בעד ישראל"": תמלולי חקירת אחותו של הנייה נחשפים",,wayback
https://www.mako.co.il/news-military/2024_q3/Article-0ccf0a32f8a3291026.htm,N12 - היום ה-359 למלחמה | עדכונים שוטפים,,wayback
https://www.mako.co.il/news-military/2024_q3/Article-0e99c2e3b7c5191027.htm,"N12 - בכיר בממשל ביידן: חמאס תחת לחץ אדיר, יש מומנטום לעסקה",,wayback
https://www.mako.co.il/news-military/2024_q3/Article-0fb39375a2ce191027.htm,N12 - ההקלטות חושפות: מחסני הסיוע ההומניטרי של חמאס מלאים,,wayback
https://www.mako.co.il/news-military/2024_q3/Article-105059c186d9191027.htm,"N12 - החילוץ מטולכרם - והשקר של הפלסטינים: ""כוחות צה""ל...",,wayback
https://www.mako.co.il/news-military/2024_q3/Article-106ea7c9e070291026.htm,N12 - כך טורפדו עסקאות החטופים: גילויים מאחורי הקלעים של...,,wayback
https://www.mako.co.il/news-military/2024_q3/Article-106ea7c9e070291026.htm&utm_source=Twitter&utm_medium=Share,N12 - כך טורפדו עסקאות החטופים: גילויים מאחורי הקלעים של...,,wayback
https://www.mako.co.il/news-military/2024_q3/Article-1072b9388224191027.htm,N12 - גורם ביטחוני בכיר: ניתן להשיג עסקה - בתוך ימים בודדים,,wayback
https://www.mako.co.il/news-military/2024_q3/Article-115dea85ead1291026.htm,N12 - ניסיון פיגוע בתוך בסיס האימונים: ערבי ישראלי ניסה לפגוע...,,wayback
https://www.mako.co.il/news-military/2024_q3/Article-12994ded6ce3291026.htm,"N12 - מה קרה לסינוואר? הרמז של צה""ל בתמונה שפרסם מהערכת המצב...",,wayback
https://www.mako.co.il/news-military/2024_q3/Article-12e49831e28c091026.htm,"N12 - כטב""ם פגע בבניין בתל אביב, גבר כבן 50 נהרג במקום",,wayback
https://www.mako.co.il/news-military/2024_q3/Article-14641ccdbf14291027.htm,N12 - דיווח: כוחות מיוחדים ביצעו פשיטות לשטח לבנון לקראת...,,wayback
https://www.mako.co.il/news-military/2024_q3/Article-15298e48f1ca191027.htm,N12 - המנהרה שבה נרצחו ששת החטופים - רק קילומטר מחילוץ החטוף...,,wayback
https://www.mako.co.il/news-military/2024_q3/Article-1598056bc3c5191026.htm,"N12 - צה""ל במסר לאיראן: תיעוד מתרגיל תדלוק אווירי",,wayback
https://www.mako.co.il/news-military/2024_q3/Article-15a268c14dfa191027.htm,N12 - היום ה-332 למלחמה | עדכונים בולטים,,wayback
https://www.mako.co.il/news-military/2024_q3/Article-15d184dd7b31291027.htm,"N12 - הבוקר שאחרי חיסול איבראהים עקיל: ""ישראל מרחיבה את המלחמה""",,wayback
https://www.mako.co.il/news-military/2024_q3/Article-165b3fdf530f091026.htm,"N12 - המסמכים חושפים: סינוואר דיבר על ""הפרויקט הגדול"" חודשים...",,wayback
https://www.mako.co.il/news-military/2024_q3/Article-16c79c055aad191027.htm,"N12 - גורמים במערכת הביטחון: סביבת נתניהו ""מכניסה רעל""...",,wayback
https://www.mako.co.il/news-military/2024_q3/Article-170f7817e86e191026.htm,,,wayback
https://www.mako.co.il/news-military/2024_q3/Article-1743cefbc9e6191027.htm,N12 - מהמודיעין המדויק - ועד איתור המנהרה: מה שידוע על המבצע,,wayback
https://www.mako.co.il/news-military/2024_q3/Article-1892ed1eb640191027.htm,"N12 - נועה ארגמני כותבת לבן זוגה: ""לא מצליחה לתפוס את זה שאתה...",,wayback
https://www.mako.co.il/news-military/2024_q3/Article-199498eae6c3191026.htm,N12 - הסתתרו בתוך בית ספר: הבכירים שחוסלו במפקדת חמאס בעזה,,wayback
https://www.mako.co.il/news-military/2024_q3/Article-1a57c527db99191026.htm,"N12 - מקלחת פעם בחודש בגיגית, חודשים בחושך: התנאים הקשים בשבי...",,wayback
https://www.mako.co.il/news-military/2024_q3/Article-1af85b7907ff091027.htm,N12 - חקירה סמויה הובילה למעצרים בשדה תימן בחשד להתעללות במחבל,,wayback
https://www.mako.co.il/news-military/2024_q3/Article-1b384ee270af191026.htm,"N12 - מחבלי נוח'בה סייעו לצה""ל באיתור חטופים",,wayback
https://www.mako.co.il/news-military/2024_q3/Article-1b406ef7dbac091026.htm,"N12 - יבגני פרדר הוא ההרוג בפיצוץ הכטב""ם בת""א",,wayback
https://www.mako.co.il/news-military/2024_q3/Article-1b774ed3af21191026.htm,"N12 - דיווח: אישים בכירים בחמאס, ובהם חבר קרוב של סינוואר, חוסלו",,wayback
https://www.mako.co.il/news-military/2024_q3/Article-1bd66494c754191026.htm,"N12 - דיווח: חיזבאללה מפנה את המפקדות בדאחיה ו""נערך לגרוע מכל""",,wayback
https://www.mako.co.il/news-military/2024_q3/Article-1d897266f917191026.htm,N12 - היום ה-320 למלחמה | עדכונים בולטים,,wayback
https://www.mako.co.il/news-military/2024_q3/Article-1dc9ca1c126d191027.htm,N12 - שוטרים בנשקים שלופים: מעצר רכב חשוד בכביש 6,,wayback
https://www.mako.co.il/news-military/2024_q3/Article-1e30d5eeb781291027.htm,"N12 - חולים עוברים לחניונים, טיפולים בוטלו: פעילות בתי החולים...",,wayback
https://www.mako.co.il/news-military/2024_q3/Article-1f08b7056d42291027.htm,"N12 - ברחבי לבנון – עם מספר שיא של פצצות:""פעולה שלא הייתה כמותה""",,wayback
https://www.mako.co.il/news-military/2024_q3/Article-204ad081426f191026.htm,"N12 - דוח: ישראל במקום הראשון בעולם באספקת מל""טים מתאבדים",,wayback
https://www.mako.co.il/news-military/2024_q3/Article-20b985b72391191027.htm,N12 - כך איבדה ישראל את ההרתעה מול חיזבאללה בשנה שלפני המלחמה,,wayback
https://www.mako.co.il/news-military/2024_q3/Article-2282cd3e95da191027.htm,"N12 - רה""מ: סליחה שלא הצלחנו להחזיר את אלכס בחיים",,wayback
https://www.mako.co.il/news-military/2024_q3/Article-242ba0daefe2291026.htm,N12 - צה״ל חושף: 17 פרופילים פיקטיביים של מחבלי חיזבאללה,,wayback
https://www.mako.co.il/news-military/2024_q3/Article-254d98bf8e80291026.htm,N12 - הותר לפרסום: ישראלי גויס בידי האיראנים לקדם התנקשות...,,wayback
https://www.mako.co.il/news-military/2024_q3/Article-2764aee65ce9191027.htm,N12 - גלנט: לכלול את ההכרעה בצפון במטרות המלחמה,,wayback
https://www.mako.co.il/news-military/2024_q3/Article-281b0df1d04c191026.htm,N12 - היום ה-336 למלחמה | עדכונים בולטים,,wayback
https://www.mako.co.il/news-military/2024_q3/Article-2970744a9761291026.htm,N12 - היום ה-352 למלחמה | כל העדכונים שחשוב לדעת,,wayback
https://www.mako.co.il/news-military/2024_q3/Article-29bf976ff8c4191027.htm,"N12 - המאמץ האמריקני לרסן את התקיפה, ועל הסיבות לעיכוב",,wayback
https://www.mako.co.il/news-military/2024_q3/Article-2ba24c59ea57191027.htm,"N12 - ""לא עמדנו במשימה, האחריות מוטלת עליי""",,wayback
https://www.mako.co.il/news-military/2024_q3/Article-2c08c64f48bf191026.htm,N12 - מתקרב לנחיתה ומתרסק על הקרקע - תיעוד התרסקות המסוק ברפיח,,wayback
https://www.mako.co.il/news-military/2024_q3/Article-2cc628ce5939191026.htm,N12 - החטוף פרחאן אל-קאדי חולץ משבי חמאס,,wayback
https://www.mako.co.il/news-military/2024_q3/Article-2d89cf8e25f4191026.htm,N12 - השיגורים הכושלים של חמאס והרקטות שנותרו לארגון הטרור,,wayback
https://www.mako.co.il/news-military/2024_q3/Article-2e03b80d90e3291026.htm,N12 - הערכה: נסראללה מת מחנק ובייסורים בבונקר,,wayback
https://www.mako.co.il/news-military/2024_q3/Article-2e0931c7d190191027.htm,N12 - אחרי חיסול איסמאעיל הנייה: מי צפוי להיכנס לנעליו?,,wayback
https://www.mako.co.il/news-military/2024_q3/Article-2e92c5b61698091026.htm,N12 - תחקיר מיוחד: הכשלים ב-8200 שהיו חלק ממחדל 7 באוקטובר,,wayback
https://www.mako.co.il/news-military/2024_q3/Article-2fa3b5e3fbd1191027.htm,"N12 - 3,000 טילים בליסטיים: היכולות ההתקפיות של איראן, וההגנה...",,wayback
https://www.mako.co.il/news-military/2024_q3/Article-2fe32afde902291026.htm,N12 - היום ה-353 למלחמה | חיזבאללה: עלי כרכי לא חוסל,,wayback
https://www.mako.co.il/news-military/2024_q3/Article-307a332f93af191027.htm,"N12 - מכתב האזהרה של לוחמי הסיירת למפקדים: ""הרוח שלנו תיגמר""",,wayback
https://www.mako.co.il/news-military/2024_q3/Article-314ea6c0f853291026.htm,"N12 - אחרי ניסיון החיסול של נסראללה: ""יכול לשנות את המזרח...",,wayback
https://www.mako.co.il/news-military/2024_q3/Article-31c7d15a0088191027.htm,N12 - אל-מיאדין: תגובת חיזבאללה על חיסול פואד שוכר בוצעה בהצלחה,,wayback
https://www.mako.co.il/news-military/2024_q3/Article-32312f632e91291027.htm,"N12 - מה יעלה בגורל רצועת עזה? ""תוכנית האלופים"" שנתניהו דן בה",,wayback
https://www.mako.co.il/news-military/2024_q3/Article-32373d8a9f7e191026.htm,N12 - היום ה-343 למלחמה | מטח כבד לצפת ולגליל העליון,,wayback
https://www.mako.co.il/news-military/2024_q3/Article-327a9fc1c24f191027.htm,"N12 - אות החיים ממתן אנגרסט: ""שמעו בקול שלו שהוא בטוח שיחזירו...",,wayback
https://www.mako.co.il/news-military/2024_q3/Article-32ab6a5b2628091027.htm,"N12 - העימות החריף בין נתניהו לגלנט: ""אתה לא ראש הממשלה""",,wayback
https://www.mako.co.il/news-military/2024_q3/Article-34632ad2f624291026.htm,"N12 - מזכ""ל חיזבאללה הבא? הבכיר שסומן כמחליף של נסראללה",,wayback
https://www.mako.co.il/news-military/2024_q3/Article-353e01c32d6f191027.htm,N12 - הטיל הבליסטי והמסר: למה איראן והחותי'ם תוקפים דווקא...,,wayback
https://www.mako.co.il/news-military/2024_q3/Article-356743c4e50d191026.htm,N12 - שלושה נרצחו בפיגוע ירי בגבול ירדן,,wayback
https://www.mako.co.il/news-military/2024_q3/Article-36c84cc47ab2291026.htm,"N12 - עדיין לא שבר את הכלים: למה מזכ""ל חיזבאללה לא מימש את...",,wayback
https://www.mako.co.il/news-military/2024_q3/Article-376ebf302232291026.htm,"N12 - כך נבנה בנק המטרות של צה""ל בלבנון",,wayback
https://www.mako.co.il/news-military/2024_q3/Article-38194a4b9c1a091027.htm,N12 - תושבים נלחמו לבדם במחבלים במשך שעות: תחקיר הקרב על בארי,,wayback
https://www.mako.co.il/news-military/2024_q3/Article-3832272a5893291027.htm,"N12 - דיווחים בארה""ב: ישראל נערכת לפעולה קרקעית מוגבלת בלבנון",,wayback
https://www.mako.co.il/news-military/2024_q3/Article-3840bded9d50291027.htm,"N12 - בישראל מכריזים על מעבר לשלב חדש במלחמה, רה""מ: ""נחזיר את...",,wayback
https://www.mako.co.il/news-military/2024_q3/Article-38ac62cc1d3a191026.htm,"N12 - בכיר בארגוני הטרור: ""סבב השיחות בדוחא נכשל ולקראת קריסה""",,wayback
https://www.mako.co.il/news-military/2024_q3/Article-38b960a26116191027.htm,"N12 - נחשף סרטון חטיפתו של אריה זלמנוביץ' ז""ל",,wayback
https://www.mako.co.il/news-military/2024_q3/Article-3937d345b7b5191027.htm,"N12 - המתווכות בהצהרה בפסגה בקטאר: ""ארה""ב הניחה הצעה לעסקת...",,wayback
https://www.mako.co.il/news-military/2024_q3/Article-3aade5ea7ebb091027.htm,N12 - תיעוד: תושבי הצפון מפונים - תושבי לבנון חוגגים,,wayback
https://www.mako.co.il/news-military/2024_q3/Article-3ae83d0fd743291026.htm,N12 - פיצוצים בזה אחר זה - ובניינים שקרסו: תיעודים מהתקיפות...,,wayback
https://www.mako.co.il/news-military/2024_q3/Article-3bf9dd1eea9b191026.htm,N12 - היום ה-334 למלחמה | עדכונים בולטים,,wayback
https://www.mako.co.il/news-military/2024_q3/Article-3c9f2cef9ada191027.htm,"N12 - נפגעים מפגיעת טיל נ""ט בכפר יובל שבאצבע הגליל",,wayback
https://www.mako.co.il/news-military/2024_q3/Article-3e5ba491c411291027.htm,N12 - היום ה-351 למלחמה | חיזבאללה בהודעה רשמית: איבראהים...,,wayback
https://www.mako.co.il/news-military/2024_q3/Article-3ebe422b7b3f191027.htm,N12 - טיל קרקע-קרקע שוגר מתימן לכיוון מרכז הארץ - והתפוצץ באוויר,,wayback
https://www.mako.co.il/news-military/2024_q3/Article-3f4a40010bd3291026.htm,"N12 - דובר צה""ל: יחד עם נסראללה חוסלו 20 מחבלים נוספים",,wayback
https://www.mako.co.il/news-military/2024_q3/Article-405bbea0a391291027.htm,"N12 - בלבנון מאותתים בצל ההסלמה: ""נגיב בצורה פרופורציונלית""",,wayback
https://www.mako.co.il/news-military/2024_q3/Article-41304648bafa191026.htm,,,wayback
https://www.mako.co.il/news-military/2024_q3/Article-41b37dcf2514191027.htm,"N12 - ההצגה של אל-ג'זירה, העקיצה - והעימות עם אדרעי: ""פעולה...",,wayback
https://www.mako.co.il/news-military/2024_q3/Article-41e3fb000af0291027.htm,N12 - אברהים עקיל: זה יעד ניסיון החיסול של ישראל בביירות,,wayback
https://www.mako.co.il/news-military/2024_q3/Article-4295126edbd2291026.htm,N12 - אושר לפרסום: ישראלי מהצפון תכנן פיגוע מטען וירי,,wayback
https://www.mako.co.il/news-military/2024_q3/Article-432b32bb8117191027.htm,N12 - המגעים לעסקת חטופים |,,wayback
https://www.mako.co.il/news-military/2024_q3/Article-43bfe37bc4d9191027.htm,"N12 - אריה זלמנוביץ' ז""ל הוא החטוף שהיה עם פרחאן בדירה",,wayback
https://www.mako.co.il/news-military/2024_q3/Article-445f24823512191027.htm,N12 - ממתינים או תוקפים? הדיונים בישראל על תגובה לאיום האיראני,,wayback
https://www.mako.co.il/news-military/2024_q3/Article-448996cc765f191026.htm,"N12 - בצבא מאשרים: החטופים ניק, אליה ורון נהרגו כתוצאה מתקיפת...",,wayback
https://www.mako.co.il/news-military/2024_q3/Article-45215164951f191027.htm,"N12 - השיחה הקשה בין הורי החיילים החטופים לרמטכ""ל",,wayback
https://www.mako.co.il/news-military/2024_q3/Article-4584bf675ed0191026.htm,N12 - החיסולים בלבנון ובטהראן - וההערכות הישראלית לתגובה,,wayback
https://www.mako.co.il/news-military/2024_q3/Article-4604f6437f08191026.htm,N12 - היום ה-323 למלחמה | עדכונים בולטים,,wayback
https://www.mako.co.il/news-military/2024_q3/Article-460f97448a6f191026.htm,N12 - המצוקה של חיזבאללה והאפשרויות של ישראל,,wayback
https://www.mako.co.il/news-military/2024_q3/Article-463cd51e41f1291026.htm,"N12 - צה""ל השמיד טיל שיוט רוסי של חיזבאללה - כל הפרטים על הטיל",,wayback
https://www.mako.co.il/news-military/2024_q3/Article-47204fb015cd191026.htm,"N12 - דובר צה""ל יפרסם את התיעוד מהמנהרה שבה נרצחו ששת החטופים",,wayback
https://www.mako.co.il/news-military/2024_q3/Article-473224540f78191027.htm,N12 - 100 מטוסי קרב תוקפים במקביל אלפי משגרים: צפו בתיעוד,,wayback
https://www.mako.co.il/news-military/2024_q3/Article-4852952e1e12291027.htm,N12 - בצל ההסלמה בצפון: גל ביטולי הטיסות החל,,wayback
https://www.mako.co.il/news-military/2024_q3/Article-48700653a1d4191027.htm,N12 - הטעות של דף: כך גילתה ישראל את מיקומו של אדריכל הטבח,,wayback
https://www.mako.co.il/news-military/2024_q3/Article-4aa485940030291027.htm,N12 - הותר לפרסום: 3 לוחמי גבעתי ופרמדיקית צה״ל נפלו בקרבות...,,wayback
https://www.mako.co.il/news-military/2024_q3/Article-4ab63fde62e6191027.htm,N12 - חולצו גופות חטופים שנרצחו בשבי חמאס,,wayback
https://www.mako.co.il/news-military/2024_q3/Article-4da47266f917191026.htm,"N12 - השלכת בקבוקי תבערה והצתת יער: המשטרה ושב""כ סיכלו פיגוע",,wayback
https://www.mako.co.il/news-military/2024_q3/Article-4f0381337ebf191027.htm,"N12 - היערכות למלחמה בצפון: הקבינט מתכנס, אלו היעדים של צה""ל",,wayback
https://www.mako.co.il/news-military/2024_q3/Article-4f0381337ebf191027.htm&utm_source=Twitter&utm_medium=Share,"N12 - היערכות למלחמה בצפון: הקבינט התכנס, אלו היעדים של צה""ל",,wayback
https://www.mako.co.il/news-military/2024_q3/Article-50c8682bc457191026.htm,"N12 - החיסול בצידון, הקשר לפתח - והקולות: ""הלבנונים חרדים...",,wayback
https://www.mako.co.il/news-military/2024_q3/Article-520c893bc249191027.htm,"N12 - צה""ל מפרק את המבנים במוצב נחל עוז: הורי התצפיתניות: ""לא...",,wayback
https://www.mako.co.il/news-military/2024_q3/Article-52d6737472d6291026.htm,N12 - דיווח: תקיפה ישראלית סמוך לשגרירות איראן בדמשק,,wayback
https://www.mako.co.il/news-military/2024_q3/Article-53ad7a484baa191027.htm,N12 - היום ה-331 למלחמה | עדכונים בולטים,,wayback
https://www.mako.co.il/news-military/2024_q3/Article-540b8c7b72d9191027.htm,N12 - זה הארכי מחבל שחמק משורת ניסיונות חיסול - עד הלילה,,wayback
https://www.mako.co.il/news-military/2024_q3/Article-5799414b9447191026.htm,N12 - האתגר הכפול במבצעים לחילוץ חטופים מעזה,,wayback
https://www.mako.co.il/news-military/2024_q3/Article-59679d7616b0291026.htm,"N12 - העסקה שהתעכבה - והשיחה בין גנץ ונתניהו: ""למה אנחנו...",,wayback
https://www.mako.co.il/news-military/2024_q3/Article-59c89822b851291027.htm,"N12 - דריכות שיא לקראת תגובת חיזבאללה: ישיר מהצהרת דובר צה""ל",,wayback
https://www.mako.co.il/news-military/2024_q3/Article-59c89822b851291027.htm&utm_source=Whatsapp&utm_medium=Share,"N12 - חיזבאללה הרחיב את טווח הירי, אלה הנחיות פיקוד העורף...",,wayback
https://www.mako.co.il/news-military/2024_q3/Article-59d547b57e87191026.htm,N12 - דיווח: כך ישראל מגייסת משתפי פעולה מתחת לאף של חמאס,,wayback
https://www.mako.co.il/news-military/2024_q3/Article-5a40fa5b4152291026.htm,N12 - מסמך הסודיות - וההתייעצות המצומצמת: הדיונים על ההסלמה...,,wayback
https://www.mako.co.il/news-military/2024_q3/Article-5a41213795ec191027.htm,N12 - היום ה-338 למלחמה | חוסלו בעזה 2 מפקדי גדודים של...,,wayback
https://www.mako.co.il/news-military/2024_q3/Article-5aa837e9e601291026.htm,N12 - אחרי חיסול איבראהים עקיל: אלה בכירי חיזבאללה שנותרו,,wayback
https://www.mako.co.il/news-military/2024_q3/Article-5bdc776fee01291027.htm,N12 - התמונות של האזרח הישראלי שגויס בידי סוכנים איראניים -...,,wayback
https://www.mako.co.il/news-military/2024_q3/Article-5be1f82d2b63291026.htm,"N12 - נתניהו על ניסיון החיסול: ""עם ישראל חי, כשצריך הוא גם בועט""",,wayback
https://www.mako.co.il/news-military/2024_q3/Article-5cd5834f6229191027.htm,N12 - הקרב על ציר נצרים: למה הוא חשוב כל כך לחמאס,,wayback
https://www.mako.co.il/news-military/2024_q3/Article-5d6932261b09191027.htm,N12 - היום ה-326 למלחמה | עדכונים בולטים,,wayback
https://www.mako.co.il/news-military/2024_q3/Article-5de091be482a191026.htm,N12 - בשופר של חיזבאללה מאותתים: לא נרחיב את העימות,,wayback
https://www.mako.co.il/news-military/2024_q3/Article-5f0f4784b41c091027.htm,"N12 - חשיפה: ממצאי אמ""ן מתחקיר הטבח",,wayback
https://www.mako.co.il/news-military/2024_q3/Article-5ff3d1a967d9091027.htm,"N12 - ראש מרחב הדרום בשב""כ פורש מתפקידו",,wayback
https://www.mako.co.il/news-military/2024_q3/Article-6075ae59fffd191026.htm,"N12 - בשימוש צבאות רבים בעולם: זה מסוק ""הינשוף"" מהאסון ברפיח",,wayback
https://www.mako.co.il/news-military/2024_q3/Article-6192970a32a2291026.htm,N12 - ההתייעצויות המצומצמות של נתניהו – והמידור של גלנט,,wayback
https://www.mako.co.il/news-military/2024_q3/Article-62f2bfb18874191026.htm,N12 - ההיערכות למתקפה משולבת - והתגובה שנשקלת,,wayback
https://www.mako.co.il/news-military/2024_q3/Article-63732f460dc0191026.htm,"N12 - הרג 5 לוחמי צה""ל: זה המלווה של הנייה שחוסל",,wayback
https://www.mako.co.il/news-military/2024_q3/Article-63c9b41aaeb7191026.htm,N12 - היום ה-322 למלחמה | עדכונים בולטים,,wayback
https://www.mako.co.il/news-military/2024_q3/Article-644f7407489a191026.htm,N12 - 11 חודשים אחרי: נתונים חדשים חושפים את היקף מתקפת 7...,,wayback
https://www.mako.co.il/news-military/2024_q3/Article-648aaddd687f191027.htm,"N12 - היום ה-346 למלחמה | מפקד חיל האוויר: ""נגיב נגד כל מבקשי...",,wayback
https://www.mako.co.il/news-military/2024_q3/Article-65c62cd37e4a191027.htm,N12 - פיגוע כפול בגוש עציון,,wayback
https://www.mako.co.il/news-military/2024_q3/Article-664e7436e571291026.htm,N12 - פרטים חדשים על מבצע הביפרים הנועז,strong,wayback
https://www.mako.co.il/news-military/2024_q3/Article-66e79cc22155191026.htm,N12 - בנט חושף: האסטרטגיה שישראל צריכה לפעול לפיה בעזה,,wayback
https://www.mako.co.il/news-military/2024_q3/Article-6713d0b8eca0291026.htm,N12 - הותר לפרסום: הלוחמים נאיל פוארסה ותומר קרן נפלו בלחימה...,,wayback
https://www.mako.co.il/news-military/2024_q3/Article-6766b2715351291026.htm,N12 - חיסול עקיל: הפגישה הסודית מתחת לאדמה והבכיר שחוסל במקרה,,wayback
https://www.mako.co.il/news-military/2024_q3/Article-67dd9fe2ea25191026.htm,N12 - היום ה-314 למלחמה | עדכונים בולטים,,wayback
https://www.mako.co.il/news-military/2024_q3/Article-68c956372069191026.htm,"N12 - צה""ל פתח במבצע נרחב לסיכול טרור בג'נין ובטולכרם",,wayback
https://www.mako.co.il/news-military/2024_q3/Article-699f4106cd44191027.htm,N12 - הותר לפרסום: לוחם הצנחנים עומר גינזבורג נפל בקרבות...,,wayback
https://www.mako.co.il/news-military/2024_q3/Article-6d32c7d6c558191026.htm,N12 - הותר לפרסום: שלושה לוחמי מילואים נפלו בקרב במרכז רצועת עזה,,wayback
https://www.mako.co.il/news-military/2024_q3/Article-6eab44588971291027.htm,"N12 - דיווח: צה""ל פשט על משרדי אל-ג'זירה ברמאללה - והורה על...",,wayback
https://www.mako.co.il/news-military/2024_q3/Article-70030489ceb0291026.htm,N12 -  משפחות החטופים האמריקנים נפגשו עם ראש ה-CIA,,wayback
https://www.mako.co.il/news-military/2024_q3/Article-708bd6c3caa1291027.htm,N12 - ההסלמה בצפון והאזהרה האמריקנית לישראל | פרסום ראשון,,wayback
https://www.mako.co.il/news-military/2024_q3/Article-7187c2546e5d191027.htm,N12 - אזעקות בלתי פוסקות בנהריה: פגיעה ישירה בבניין בעיר,,wayback
https://www.mako.co.il/news-military/2024_q3/Article-7252beada8c5191027.htm,N12 - תחקיר ראשוני: הלוחמים בכפר ג'ית לא היו נחושים מספיק,,wayback
https://www.mako.co.il/news-military/2024_q3/Article-72b523d877a0291026.htm,N12 - 3 מחבלים התקרבו לגבול הצפון בחסות הערפל - והניחו מטען חבלה,,wayback
https://www.mako.co.il/news-military/2024_q3/Article-732564b17cba191027.htm,N12 - פיגוע ירי ליד חברון: 3 ישראלים נרצחו,,wayback
https://www.mako.co.il/news-military/2024_q3/Article-74226e93f4f9191027.htm,N12 - קצין המודיעין של אוגדת עזה מסיים את תפקידו,,wayback
https://www.mako.co.il/news-military/2024_q3/Article-742556575916191026.htm,N12 - תחקיר: קצין המודיעין שהזהיר מפני סימנים למתקפת חמאס,,wayback
https://www.mako.co.il/news-military/2024_q3/Article-74b4df706134291026.htm,"N12 - שב""כ מתריע: התגברות ניסיונות איראניים לבצע פיגועי...",,wayback
https://www.mako.co.il/news-military/2024_q3/Article-774014e99a92291026.htm,"N12 - הרמטכ""ל בצפון: ""מתכוננים לאפשרות של תמרון קרקעי בלבנון""",,wayback
https://www.mako.co.il/news-military/2024_q3/Article-7a401cc77baf191026.htm,"N12 - בלבנון מאותתים: ""חוששים מההסלמה - אבל שוללים מלחמה כוללת""",,wayback
https://www.mako.co.il/news-military/2024_q3/Article-7c4cdcf3c746191027.htm,N12 - המשלחת יוצאת לקהיר: הבעיות בדרך להסכם,,wayback
https://www.mako.co.il/news-military/2024_q3/Article-7cae8988a075191026.htm,"N12 - ""תנאי החטופים מידרדרים"": מסמך האזהרה לנתניהו | חשיפה",,wayback
https://www.mako.co.il/news-military/2024_q3/Article-7e21e377046e191026.htm,,,wayback
https://www.mako.co.il/news-military/2024_q3/Article-7e315555661b191026.htm,N12 - הגברת הלחץ הצבאי - הגברת הסיכון לחיי החטופים,,wayback
https://www.mako.co.il/news-military/2024_q3/Article-7e7dde5426a0291026.htm,"N12 - הכאוס בלבנון והאיומים: ""כללי העימות התרסקו, עומדים בפני...",,wayback
https://www.mako.co.il/news-military/2024_q3/Article-7ef31c889383291027.htm,N12 - הקצינה בבור שנתנה את האישור הסופי - והמטוסים החמושים...,,wayback
https://www.mako.co.il/news-military/2024_q3/Article-7ef31c889383291027.htm&utm_source=Twitter&utm_medium=Share,N12 - הקצינה בבור שנתנה את האישור הסופי - והמטוסים החמושים...,,wayback
https://www.mako.co.il/news-military/2024_q3/Article-7fd37ffca2b0291026.htm,"N12 - האמריקנים מנסים למנוע הסלמה, בישראל נערכים לימי קרב",,wayback
https://www.mako.co.il/news-military/2024_q3/Article-809543981c32291027.htm,"N12 - חיזבאללה: ""ישראל מפזרת כרזות עם ברקודים מסוכנים מאוד...",,wayback
https://www.mako.co.il/news-military/2024_q3/Article-814419f010aa191027.htm,"N12 - צה""ל חילץ כמה גופות ברצועה",,wayback
https://www.mako.co.il/news-military/2024_q3/Article-81df3bbcbed3291026.htm,N12 - כך הצליח המודיעין הישראלי לחדור אל תוך חיזבאללה,,wayback
https://www.mako.co.il/news-military/2024_q3/Article-820fbb9fc657191026.htm,N12 - הובאו למנוחות 3 מהחטופים שגופותיהם חולצו עזה,,wayback
https://www.mako.co.il/news-military/2024_q3/Article-829aa5e2adb3291027.htm,"N12 - גורמים אמריקנים: ""ייתכן שישראל הכניסה כוחות למבצעים...",,wayback
https://www.mako.co.il/news-military/2024_q3/Article-83381d4f6b2b191027.htm,"N12 - באישור המשפחה: עדן ירושלמי ז""ל בסרטון חמאס שצולם בשבי",,wayback
https://www.mako.co.il/news-military/2024_q3/Article-843709dc9b59191026.htm,N12 - היום ה-327 למלחמה | עדכונים בולטים,,wayback
https://www.mako.co.il/news-military/2024_q3/Article-85153495fd14191027.htm,"N12 - גולדפוס: ""לקח זמן למערכת להתעשת, מהרמטכ""ל ועד אחרון...",,wayback
https://www.mako.co.il/news-military/2024_q3/Article-858e686ed453291026.htm,"N12 - דובר צה""ל: בשעות הקרובות נתקוף יכולות אסטרטגיות של...",,wayback
https://www.mako.co.il/news-military/2024_q3/Article-8594e032f6ce191026.htm,N12 - לראשונה: הזירה הצפונית צפויה להיכנס למטרות המלחמה,,wayback
https://www.mako.co.il/news-military/2024_q3/Article-85d4bbee17f0291026.htm,"N12 - צה""ל תקף באופן ממוקד בביירות, עשן מיתמר מהדאחיה",,wayback
https://www.mako.co.il/news-military/2024_q3/Article-86caf0269091191026.htm,N12 - כוננות שיא: בישראל מחכים לתגובת איראן וחיזבאללה,,wayback
https://www.mako.co.il/news-military/2024_q3/Article-8764945c5497191027.htm,"N12 - ההתעללות בעצור בשדה תימן: ""החיילים החדירו חפץ לישבנו""",,wayback
https://www.mako.co.il/news-military/2024_q3/Article-87b5b3028112191027.htm,N12 - הברית האזורית הצפויה של ישראל במתקפה איראנית,,wayback
https://www.mako.co.il/news-military/2024_q3/Article-87e23ac9c71f191026.htm,N12 - 30 הדקות הראשונות במתקפת הפתע של 7.10,,wayback
https://www.mako.co.il/news-military/2024_q3/Article-88e218a06fa2291026.htm,N12 - היום ה-356 | ישראל במלחמה,,wayback
https://www.mako.co.il/news-military/2024_q3/Article-8942a961ad07191027.htm,N12 - משפחות חטופים קיבלו הודעות מאיימות מהמספרים של קרוביהם,,wayback
https://www.mako.co.il/news-military/2024_q3/Article-8a76dca416dc191027.htm,N12 - תחקיר: השעות הדרמטיות במסיבת הנובה,,wayback
https://www.mako.co.il/news-military/2024_q3/Article-8ab3f6408260291027.htm,"N12 - החלטת הקבינט על המערכה בצפון, בצל הסכסוך בין נתניהו וגלנט",,wayback
https://www.mako.co.il/news-military/2024_q3/Article-8f9ad979fc83291027.htm,"N12 - מערכת הביטחון לחצה, נתניהו אישר את התקיפה מניו יורק",,wayback
https://www.mako.co.il/news-military/2024_q3/Article-8fb0f43ddadd191027.htm,N12 - היום ה-341 למלחמה | עדכונים בולטים,,wayback
https://www.mako.co.il/news-military/2024_q3/Article-8fe7e7f0701c091027.htm,"N12 - האזהרה של ראש המוסד: ""אין לבנות בשבי עוד זמן לחכות""",,wayback
https://www.mako.co.il/news-military/2024_q3/Article-90355f0a728e191027.htm,"N12 - ""שמענו קול חלש מתוך המסוק ההפוך"": הדרמה בחילוץ הפצועים...",,wayback
https://www.mako.co.il/news-military/2024_q3/Article-905bac2ceff9191027.htm,"N12 - צה""ל: תקפנו חמושים לאחר שהשתלטו על רכב בשיירת סיוע...",,wayback
https://www.mako.co.il/news-military/2024_q3/Article-907b4589ef6b091027.htm,"N12 - צה""ל מודה: ""נפגעו טנקים רבים במלחמה""",,wayback
https://www.mako.co.il/news-military/2024_q3/Article-9158afde8dcf191026.htm,N12 - היום ה-347 למלחמה | עדכונים בולטים,,wayback
https://www.mako.co.il/news-military/2024_q3/Article-9165c02dc5ba191027.htm,N12 - 6 חטופים נרצחו בשבי חמאס בימים האחרונים והושבו לארץ,,wayback
https://www.mako.co.il/news-military/2024_q3/Article-921155d2e85d091027.htm,N12 - נערי גבעות תקפו באלות מתנדבים אמריקנים שסייעו לפלסטינים...,,wayback
https://www.mako.co.il/news-military/2024_q3/Article-92939592173d191026.htm,N12 - ה-339 למלחמה | דיווחים בסוריה: גל תקיפות של ישראל,,wayback
https://www.mako.co.il/news-military/2024_q3/Article-9307370c4e2c191027.htm,,,wayback
https://www.mako.co.il/news-military/2024_q3/Article-93cab1503f26291026.htm,"N12 - המגעים לעסקה – והפסימיות בישראל: המשא ומתן תקוע,...",,wayback
https://www.mako.co.il/news-military/2024_q3/Article-9549387460d3291027.htm,"N12 - הכינוס בחיל האוויר ב-8.10 שאפשר את ""הפיכת הקערה"" בלבנון",,wayback
https://www.mako.co.il/news-military/2024_q3/Article-954a39c6dd61291026.htm,N12 - חיזבאללה: שיגרנו עשרות רקטות לעבר רמת דוד,,wayback
https://www.mako.co.il/news-military/2024_q3/Article-956cdd1eea9b191026.htm,"N12 - כתבי אישום בארה""ב נגד סינוואר ובכירים נוספים בחמאס",,wayback
https://www.mako.co.il/news-military/2024_q3/Article-96b4fdd62b51291027.htm,"N12 - צה""ל חיסל שני מחבלים שהחזיקו בששת החטופים ברפיח",,wayback
https://www.mako.co.il/news-military/2024_q3/Article-96f43c675b97191027.htm,N12 - פרסום ראשון: נמצאו קליעים בגופותיהם של החטופים שהוחזרו...,,wayback
https://www.mako.co.il/news-military/2024_q3/Article-9746341b1fb5191027.htm,"N12 - דיווח: איראן מעכבת את הנקמה בישראל כדי לאפשר מו""מ",,wayback
https://www.mako.co.il/news-military/2024_q3/Article-977c9660bba7191027.htm,N12 - על רקע המלחמה: עלייה באחוזי הגיוס לקרבי,,wayback
https://www.mako.co.il/news-military/2024_q3/Article-9820bbbc62e9191026.htm,"N12 - גורם בצה""ל: חטיבת רפיח התמוטטה, 80% מהמנהרות הושמדו",,wayback
https://www.mako.co.il/news-military/2024_q3/Article-98f429f897a2291027.htm,"N12 - גלנט בפגישה עם משפחות חטופים: ""לא יודעים מה עלה בגורל...",,wayback
https://www.mako.co.il/news-military/2024_q3/Article-99a06d1d9f32291027.htm,N12 - התקיפה הממוקדת בדאחיה: היעד - בכיר במערך הטילים של...,,wayback
https://www.mako.co.il/news-military/2024_q3/Article-9a2c7690d1b1291026.htm,"N12 - אירוע חמור בצפון: לוחמים הרימו כטב""ם חמוש עם ראש נפץ...",,wayback
https://www.mako.co.il/news-military/2024_q3/Article-9a486a1aed7d191026.htm,"N12 - שלושת החטופים שרמן, בייזר וטולדנו ז""ל - נהרגו מהפצצת צה""ל",,wayback
https://www.mako.co.il/news-military/2024_q3/Article-9bffb86a4540291026.htm,N12 - דריכות במערכת הביטחון: אוגדה 98 יוצאת מעזה - ועולה צפונה,,wayback
https://www.mako.co.il/news-military/2024_q3/Article-9c20ecb78040191026.htm,N12 - לאחר שני החיסולים הדרמטיים: היערכות שיא בישראל לקראת תגובה,,wayback
https://www.mako.co.il/news-military/2024_q3/Article-9d6810720e71291026.htm,"N12 - צה""ל השמיד מאות מטרות בלבנון: ""התקיפות שלנו יתגברו""",,wayback
https://www.mako.co.il/news-military/2024_q3/Article-9ec3d7dc1f24291027.htm,"N12 - נתניהו בפנייה ישירה לאזרחי איראן: ""תושבי איראן - ישראל...",,wayback
https://www.mako.co.il/news-military/2024_q3/Article-9fd09e883049191027.htm,"N12 - דובר צה""ל לאחר חילוץ אל-קאדי: ""ממשיכים לפעול בשטח""",,wayback
https://www.mako.co.il/news-military/2024_q3/Article-a0c44f3702b7191027.htm,N12 - הותר לפרסום: לוחם שריון נפל בקרב בדרום הרצועה,,wayback
https://www.mako.co.il/news-military/2024_q3/Article-a20370d9a1e3191026.htm,N12 - היום ה-310 למלחמה | נרצח ופצוע קל בפיגוע ירי בצומת...,,wayback
https://www.mako.co.il/news-military/2024_q3/Article-a39974b3f5a7191026.htm,"N12 - ראש השב""כ ביקר את התנהלות בן גביר במכתב, השר דרש לפטרו",,wayback
https://www.mako.co.il/news-military/2024_q3/Article-a5a06a0c34ff091027.htm,N12 - לראשונה מאז פרסום התחקיר: חברי קיבוץ בארי ייפגשו עם...,,wayback
https://www.mako.co.il/news-military/2024_q3/Article-a5ab5c35b244191026.htm,"N12 - ארה""ב מגבירה נוכחות צבאית במזרח התיכון: צוללת ונושאת...",,wayback
https://www.mako.co.il/news-military/2024_q3/Article-a64df811e74d091026.htm,N12 - התקבל האישור הרשמי: מוחמד דף חוסל בתקיפה בעזה,,wayback
https://www.mako.co.il/news-military/2024_q3/Article-a69ae9c5d9cd191027.htm,"N12 - שרה נתניהו למשפחות חטופים: ""אסור לנטוש אותם""",,wayback
https://www.mako.co.il/news-military/2024_q3/Article-a72286139800291026.htm,N12 - מהאירועים הביטחוניים הגדולים שנראו: מאחורי המתקפה...,,wayback
https://www.mako.co.il/news-military/2024_q3/Article-a7901a4f1578191027.htm,N12 - אחרי מתקפת המנע בלבנון: חברות התעופה שחוזרות ואלו שלא,,wayback
https://www.mako.co.il/news-military/2024_q3/Article-a7a75cc77cdc191026.htm,N12 - סערה במערכת הביטחון: אלוף העביר מסמך סודי לראש הממשלה...,,wayback
https://www.mako.co.il/news-military/2024_q3/Article-a7bf039efe7a191026.htm,N12 - חילופי אש כבדים בג'נין; נעצרו 6 בחשד למעורבות בפיגוע הכפול,,wayback
https://www.mako.co.il/news-military/2024_q3/Article-a7d93195d816191027.htm,N12 - 184 תוואי מנהרה נמצאו בציר פילדלפי,,wayback
https://www.mako.co.il/news-military/2024_q3/Article-a7fd762b39ff191027.htm,N12 - שב״כ סיכל פיגוע נגד אישיות ביטחונית בכירה לשעבר,,wayback
https://www.mako.co.il/news-military/2024_q3/Article-a8d7e9706c08191026.htm,"N12 - ראש השב""כ לרה""מ: ""אין משטרה בישראל""",,wayback
https://www.mako.co.il/news-military/2024_q3/Article-a8e079e49dd4191026.htm,"N12 - התותחים שהוחזרו לכשירות כדי להילחם בכטב""מים",,wayback
https://www.mako.co.il/news-military/2024_q3/Article-aa2f7c1da523291026.htm,N12 - דיווחים בסוריה: חמישה חיילים סורים נהרגו הלילה בתקיפה...,,wayback
https://www.mako.co.il/news-military/2024_q3/Article-aa76d6f17bb0291026.htm,N12 - גל תקיפות חריג בלבנון: עשרות מטרות הותקפו במקביל,,wayback
https://www.mako.co.il/news-military/2024_q3/Article-acd0113b0582291026.htm,N12 - תיעוד דרמטי: הרגעים הראשונים אחרי הפגיעה בצפת,,wayback
https://www.mako.co.il/news-military/2024_q3/Article-aeb9571f488f091026.htm,N12 - האסון במג'דל שמס - וההתנערות בלבנון,,wayback
https://www.mako.co.il/news-military/2024_q3/Article-af463f167a54191027.htm,"N12 - בצה""ל חוששים שמתפללים ייכנסו לרצועת עזה – והורו לסגור...",,wayback
https://www.mako.co.il/news-military/2024_q3/Article-b09ee254249c191026.htm,N12 - היום ה-337 למלחמה,,wayback
https://www.mako.co.il/news-military/2024_q3/Article-b0e16af0fd2a191026.htm,"N12 - גלנט תקף את נתניהו בקבינט: ""יכול גם להחליט להרוג את כל...",,wayback
https://www.mako.co.il/news-military/2024_q3/Article-b17376c8952b191027.htm,,,wayback
https://www.mako.co.il/news-military/2024_q3/Article-b20fd6c3caa1291027.htm,N12 - בישראל מעריכים: טווח הירי של חיזבאללה יתרחב,,wayback
https://www.mako.co.il/news-military/2024_q3/Article-b2adfd874ac4191027.htm,N12 - האסון של טנק מספר 3: הורי הלוחמים חושפים לראשונה את...,,wayback
https://www.mako.co.il/news-military/2024_q3/Article-b3909fa60e56191027.htm,"N12 - דיווח: המסרים שהועברו לחיזבאללה, סקר: 90% מהלבנונים נגד...",,wayback
https://www.mako.co.il/news-military/2024_q3/Article-b3e1d96a1840191027.htm,N12 - גוברת ההערכה: מוחסן חוסל | הפרטים הידועים מהתקיפה,,wayback
https://www.mako.co.il/news-military/2024_q3/Article-b4ec6abc7501291026.htm,N12 - אחרי החיסול בישראל מעריכים: אנחנו לקראת הסלמה דרמטית,,wayback
https://www.mako.co.il/news-military/2024_q3/Article-b668ca1c126d191027.htm,"N12 - הרמטכ""ל הציג לשרים בקבינט תיעוד מהמנהרה שבה הוחזקו 6...",,wayback
https://www.mako.co.il/news-military/2024_q3/Article-b6946c211059191026.htm,"N12 - הערכה: חמאס איבד קשר עם חלק מהחטופים; אל-קאדי: ""המחבלים...",,wayback
https://www.mako.co.il/news-military/2024_q3/Article-b69c31723849191027.htm,"N12 - הודחה הקב""נית שכתבה כי הציונות הדתית היא ""כת של אוכלי...",,wayback
https://www.mako.co.il/news-military/2024_q3/Article-b6edcf9a396f191027.htm,N12 - פיגוע דקירה בשער שכם בירושלים: בן 20 במצב קל,,wayback
https://www.mako.co.il/news-military/2024_q3/Article-b71ec7963764291027.htm,"N12 - ""המשימה - להסיר את האיום על התושבים"": פקודת הקרב ביציאה...",,wayback
https://www.mako.co.il/news-military/2024_q3/Article-b73401fbd15f191026.htm,"N12 - חיזבאללה מרחיב את הירי, התושבים מפחדים מקריסה",,wayback
https://www.mako.co.il/news-military/2024_q3/Article-b7a83b56c032291026.htm,N12 - גורם ישראלי בכיר: נותרו לחיזבאללה רק מחצית מהטילים...,,wayback
https://www.mako.co.il/news-military/2024_q3/Article-b7e9ba6fce79191027.htm,N12 - פרטים חדשים על המבצע הלילי בג'נין ובטולכרם,,wayback
https://www.mako.co.il/news-military/2024_q3/Article-b8b26fe73742291026.htm,"N12 - הירי לצפון נמשך, לתושבים רבים אין מרחב מוגן: ""אפילו לא...",,wayback
https://www.mako.co.il/news-military/2024_q3/Article-b907c5aff015191027.htm,"N12 - דיווח באיראן: מתקפת סייבר גדולה על בנקים במדינה, גם...",,wayback
https://www.mako.co.il/news-military/2024_q3/Article-b91b9d9698f7191026.htm,N12 - לוחם מילואים נהרג בצפון הרצועה,,wayback
https://www.mako.co.il/news-military/2024_q3/Article-b9278cf546c6191027.htm,"N12 - היום ה-319 למלחמה | גל תקיפות חריג של צה""ל בלבנון",,wayback
https://www.mako.co.il/news-military/2024_q3/Article-b9bc7e25e8be191027.htm,"N12 - ""יש אות חיים, אבל לא יודעים מה יהיה עוד דקה""",,wayback
https://www.mako.co.il/news-military/2024_q3/Article-ba5f9ecde3b5191026.htm,N12 - לאחר יותר מעשרה חודשי מלחמה: רוב הציבור תומך בעסקה,,wayback
https://www.mako.co.il/news-military/2024_q3/Article-babfb813327a191026.htm,,,wayback
https://www.mako.co.il/news-military/2024_q3/Article-bb620c010392291026.htm,N12 - משפחות ששת החטופים שנרצחו במאמר מיוחד: המסר שלנו...,,wayback
https://www.mako.co.il/news-military/2024_q3/Article-bb9098cc3ca1291027.htm,N12 - בישראל החליטו: העלאת הרף בהדרגה מול חיזבאללה - מבלי...,,wayback
https://www.mako.co.il/news-military/2024_q3/Article-bbbde8529139191027.htm,N12 - למה בעולם הערבי כבר לא מתרגשים מבן גביר?,,wayback
https://www.mako.co.il/news-military/2024_q3/Article-be050f1c476c191026.htm,"N12 - ישראל פוגעת בפעילי חמאס בלבנון, אך הארגון צובר לגיטימציה",,wayback
https://www.mako.co.il/news-military/2024_q3/Article-be1cddb09fdb191026.htm,"N12 - הסימנים מהשבי מעידים: עדן ירושלמי ז""ל סבלה מהרעבה בידי...",,wayback
https://www.mako.co.il/news-military/2024_q3/Article-bed2fa05fa92291027.htm,"N12 - המלצת המל""ל לטסים לחו""ל לחגי תשרי",,wayback
https://www.mako.co.il/news-military/2024_q3/Article-bf6b4d2cd18b191026.htm,"N12 - בעקבות הביקורת: הרמטכ""ל הורה לערוך טקסים ""מותאמים""",,wayback
https://www.mako.co.il/news-military/2024_q3/Article-bfc3267bf347191026.htm,,,wayback
https://www.mako.co.il/news-military/2024_q3/Article-c125c8c75352291027.htm,N12 - ההערכה הפסימית של ראש מערך החטופים | פרסום ראשון,,wayback
https://www.mako.co.il/news-military/2024_q3/Article-c22493c17a72291026.htm,"N12 - היירוט בוצע עם קלע דוד, האזעקות - מחשש לשברי יירוט",,wayback
https://www.mako.co.il/news-military/2024_q3/Article-c2d219b70b0e191027.htm,,,wayback
https://www.mako.co.il/news-military/2024_q3/Article-c3a693d7cbe1291027.htm,"N12 - צה""ל הביא גופות מהרצועה כדי לבדוק אם מדובר בסינוואר",,wayback
https://www.mako.co.il/news-military/2024_q3/Article-c42d645c6bcd191026.htm,"N12 - צה""ל מפיץ את התיעוד מהמנהרה שבה נרצחו ששת החטופים | ישיר",,wayback
https://www.mako.co.il/news-military/2024_q3/Article-c4f19c56b386191027.htm,"N12 - המאבטח ליווה פועלים למפעל, אחד מהם התנפל עליו בפטיש",,wayback
https://www.mako.co.il/news-military/2024_q3/Article-c8d99d8de434191026.htm,N12 - היום ה-311 למלחמה |  עדכונים בולטים,,wayback
https://www.mako.co.il/news-military/2024_q3/Article-c92783c70000291026.htm,N12 - דיווחים בלבנון: עשרות נפגעים בפיצוץ של מכשירי קשר של...,related,wayback
https://www.mako.co.il/news-military/2024_q3/Article-c95076b83fe9191026.htm,"N12 - בכיר בארגון הבריאות העולמי: צה""ל התחייב להפוגות...",,wayback
https://www.mako.co.il/news-military/2024_q3/Article-c9dc7b02cfc3291027.htm,N12 - החימושים העוצמתיים שהפכו את הבונקר של נסראללה לאתר הרס,,wayback
https://www.mako.co.il/news-military/2024_q3/Article-cbf74320bc73291026.htm,"N12 - ההנחייה של צה""ל למגדל הפיקוח בביירות",,wayback
https://www.mako.co.il/news-military/2024_q3/Article-cc8783d343e1291026.htm,"N12 - מאחורי גל התקיפות הנרחב: צה""ל פועל לצמצם בעשרות אחוזים...",,wayback
https://www.mako.co.il/news-military/2024_q3/Article-cc8783d343e1291026.htm&utm_source=Twitter&utm_medium=Share,"N12 - מאחורי גל התקיפות הנרחב: צה""ל פועל לצמצם בעשרות אחוזים...",,wayback
https://www.mako.co.il/news-military/2024_q3/Article-cd0dae3bc553291027.htm,"N12 - היום ה-358 למלחמה |  דובר צה""ל אישר: נסראללה חוסל",,wayback
https://www.mako.co.il/news-military/2024_q3/Article-cd6bc68b5db6191027.htm,"N12 - התחקיר שהוצג לרמטכ""ל: מה קרה בלילה שבין השישה לשבעה...",,wayback
https://www.mako.co.il/news-military/2024_q3/Article-cde97bbdf031291026.htm,"N12 - לצד 13 פעילים, מתחת לאדמה: כך חוסל איבראהים עקיל",,wayback
https://www.mako.co.il/news-military/2024_q3/Article-ce3ac261ac58191026.htm,N12 - חיזבאללה יגיב בימים הקרובים לחיסול בכיר ארגון הטרור,,wayback
https://www.mako.co.il/news-military/2024_q3/Article-ce5d5558b7fd191027.htm,"N12 - אסון בדרום הרצועה: מסוק צבאי התרסק ברפיח, שניים נהרגו...",,wayback
https://www.mako.co.il/news-military/2024_q3/Article-cf255e89f275191027.htm,"N12 - רעולי פנים הציתו בתים וכלי רכב פלסטינים בכפר ג'ית,...",,wayback
https://www.mako.co.il/news-military/2024_q3/Article-d0094d4ab2f9191027.htm,"N12 - פרסום ראשון: מסמכי השב""כ שנשלחו לפני 7 באוקטובר",,wayback
https://www.mako.co.il/news-military/2024_q3/Article-d02774091764191027.htm,N12 - נעצרו שני חשודים בתקיפת האזרחיות הישראליות בגבעת רונן,,wayback
https://www.mako.co.il/news-military/2024_q3/Article-d3832fcd531d191026.htm,N12 - הותר לפרסום: יוחנן שחורי ויורי בירנבאום נרצחו בפיגוע...,,wayback
https://www.mako.co.il/news-military/2024_q3/Article-d41d3da68ae0291027.htm,N12 - דוח ביניים חושף: אבק במנחת - גורם מרכזי להתרסקות המסוק...,,wayback
https://www.mako.co.il/news-military/2024_q3/Article-d465101c1300291026.htm,N12 - תיעוד מהשוק בלבנון: פעיל חיזבאללה קונה ירקות - הקשר...,,wayback
https://www.mako.co.il/news-military/2024_q3/Article-d52bf4aeb3a1291027.htm,"N12 - הרמטכ""ל הלוי בבסיס תל נוף: נכה בחיזבאללה עד שיבין",,wayback
https://www.mako.co.il/news-military/2024_q3/Article-d54bfffa8e2e191027.htm,,,wayback
https://www.mako.co.il/news-military/2024_q3/Article-d5cf3fd9666f191027.htm,N12 - המיירט פגע במטרה - אבל היא לא הושמדה | פרטים חדשים,,wayback
https://www.mako.co.il/news-military/2024_q3/Article-d6041f7f089f191027.htm,"N12 - אחרי הכרעת חטיבת רפיח - תמונת מצב: הפעילות של צה""ל ברצועה",,wayback
https://www.mako.co.il/news-military/2024_q3/Article-d6293fc39c2a091027.htm,"N12 - פרסום ראשון: תחקיר צה""ל על המחדל ביחידה 8200",,wayback
https://www.mako.co.il/news-military/2024_q3/Article-d75d62683dc6291026.htm,"N12 - צה""ל חשף מנהרה שחודרת מלבנון לשטח ישראל",,wayback
https://www.mako.co.il/news-military/2024_q3/Article-d7f3fb9014f3291026.htm,N12 - ישראל ממשיכה בתקיפות בלבנון – ונערכת לתמרון קרקעי,,wayback
https://www.mako.co.il/news-military/2024_q3/Article-d91a4ce81093291027.htm,"N12 - הדילמה באיראן וההערכה בישראל: ""הזדמנות לשינוי אסטרטגי""",,wayback
https://www.mako.co.il/news-military/2024_q3/Article-d95bbd1da61f191027.htm,"N12 - אות חיים ראשון מהשבי | מתן אנגרסט בקולו: ""רוצה לראות את...",,wayback
https://www.mako.co.il/news-military/2024_q3/Article-d96a886bc033191026.htm,N12 - סינוואר מאותת: מעוניין בהפסקת אש מהירה,,wayback
https://www.mako.co.il/news-military/2024_q3/Article-dc67d610d024291026.htm,N12 - בלעדי: תיעוד מתוך מנהרת הענק שאותרה במרכז הרצועה,,wayback
https://www.mako.co.il/news-military/2024_q3/Article-dd146092c02d191027.htm,"N12 - צה""ל אחרי חשיפת חדשות 12: המסמך שנחשף לא נכתב בידי סינוואר",,wayback
https://www.mako.co.il/news-military/2024_q3/Article-dd2caac9887d191027.htm,"N12 - מחבלים אותרו בתוך שיירת רכבים של האו""ם ברצועת עזה",,wayback
https://www.mako.co.il/news-military/2024_q3/Article-df197cf324de191027.htm,N12 - היום ה-344 למלחמה | אזעקות בלתי פוסקות בגליל העליון...,,wayback
https://www.mako.co.il/news-military/2024_q3/Article-dfa4314fa668191027.htm,"N12 - צה""ל פתח במתקפה להסרת איומים בלבנון, מצב מיוחד הוכרז בעורף",,wayback
https://www.mako.co.il/news-military/2024_q3/Article-e005c15857e6191027.htm,"N12 - כל מה שידוע על אזור התקיפה החריגה של צה""ל בבקעת הלבנון",,wayback
https://www.mako.co.il/news-military/2024_q3/Article-e06a0e847fd7191027.htm,"N12 - גלנט תוקף את בן גביר: ""מעשים חסרי אחריות""",,wayback
https://www.mako.co.il/news-military/2024_q3/Article-e2692f584243291026.htm,"N12 - צה""ל תקף את המפקדה המרכזית של חיזבאללה בדאחיה בביירות",,wayback
https://www.mako.co.il/news-military/2024_q3/Article-e38a9c1a7df5191026.htm,N12 - ראשי חמאס לאחר הפסגה בדוחא: לא הושגה שום התקדמות,,wayback
https://www.mako.co.il/news-military/2024_q3/Article-e3b08a473f73191027.htm,"N12 - גורם ביטחוני מזהיר: ""החטופים במצב קשה, הם לא ישרדו עוד...",,wayback
https://www.mako.co.il/news-military/2024_q3/Article-e3b4a961ad07191027.htm,N12 - משפחות חטופים קיבלו הודעות מאיימות - חלקן מהטלפון של...,,wayback
https://www.mako.co.il/news-military/2024_q3/Article-e3c834c99c10291027.htm,N12 - היום ה-348 למלחמה | עדכונים בולטים,,wayback
https://www.mako.co.il/news-military/2024_q3/Article-e45d95ab0734291026.htm,"N12 - גלנט: ""השלב הבא במלחמה נגד חיזבאללה יתחיל בקרוב""",,wayback
https://www.mako.co.il/news-military/2024_q3/Article-e584abdecb37191027.htm,N12 - עשרות חרדים מפגינים מול לשכת הגיוס,,wayback
https://www.mako.co.il/news-military/2024_q3/Article-e6f9024f90a2291027.htm,"N12 - כך נראית ""מלחמת ההשפעה"" של צה""ל בלבנון",,wayback
https://www.mako.co.il/news-military/2024_q3/Article-e761cbc3c0af191027.htm,"N12 - מתנחלים נכנסו עם אלות לבית ספר פלסטיני: ""הכו מורים...",,wayback
https://www.mako.co.il/news-military/2024_q3/Article-e7859dcf4ff0291026.htm,"N12 - צה""ל מאשר: איבראהים עקיל חוסל, ואיתו גם פעילי כוח רדואן",,wayback
https://www.mako.co.il/news-military/2024_q3/Article-e86769f84e50191027.htm,N12 - מנהיג חמאס איסמאעיל הנייה חוסל בטהראן,,wayback
https://www.mako.co.il/news-military/2024_q3/Article-e8712bc521f0291026.htm,"N12 - בכיר לשעבר: רה""מ לא התייעץ עם המוסד לפני ההחלטה להכניס...",,wayback
https://www.mako.co.il/news-military/2024_q3/Article-e8bd35692594191027.htm,N12 - היום ה-312 למלחמה | עדכונים בולטים,,wayback
https://www.mako.co.il/news-military/2024_q3/Article-ea191543aa93291027.htm,N12 - אחרי חיסול נסראללה: ראש הממשלה בהצהרה מיוחדת | ישיר,,wayback
https://www.mako.co.il/news-military/2024_q3/Article-eb3f9d8b9f4f191026.htm,N12 - כרוזים פוזרו באופן חריג בכפר בדרום לבנון - ללא ידיעת...,,wayback
https://www.mako.co.il/news-military/2024_q3/Article-eb84017fec93291026.htm,N12 - חיסול נסראללה: כך התקבלה ההחלטה לחסל את מנהיג חיזבאללה,,wayback
https://www.mako.co.il/news-military/2024_q3/Article-ebc9856cb344291026.htm,"N12 - צה""ל מבצע ירי ארטילרי נרחב, דיווח: צבא לבנון נסוג...",,wayback
https://www.mako.co.il/news-military/2024_q3/Article-ec62c08293ff191026.htm,"N12 - תצפיתנית ממוצב נחל עוז: ""ראיתי אימונים – לא הקשיבו לנו""",,wayback
https://www.mako.co.il/news-military/2024_q3/Article-ec758f226df6191027.htm,N12 - כך חולצו גופות החטופים: הלוחמים נכנסו ל-4 מנהרות במקביל,,wayback
https://www.mako.co.il/news-military/2024_q3/Article-ed61c5193ae7091027.htm,"N12 - האזהרה הדרמטית לפני טבח 7.10: ""החרב באה - יפה השעה...",,wayback
https://www.mako.co.il/news-military/2024_q3/Article-ed98e525e0f3291026.htm,N12 - מחשש לפגיעה בחטופים: הפעולה לחיסול סינוואר שבוטלה,,wayback
https://www.mako.co.il/news-military/2024_q3/Article-efc2781205b6191027.htm,"N12 - צה""ל החל לגייס מחדש אזרחים שקיבלו פטור ממילואים",,wayback
https://www.mako.co.il/news-military/2024_q3/Article-efd251df3cb4191027.htm,N12 - דיווח: התנאי של סינוואר להגעה לפסגה - שישראל לא תוכל לקבל,,wayback
https://www.mako.co.il/news-military/2024_q3/Article-f119c8eb4a8d191027.htm,N12 - היום ה-340 למלחמה | עדכונים בולטים,,wayback
https://www.mako.co.il/news-military/2024_q3/Article-f17b7430d090291027.htm,"N12 - ""תודה שעצרתם אותי, לא ידעתי מה לעשות"" | גרסת הנאשם...",,wayback
https://www.mako.co.il/news-military/2024_q3/Article-f23778d0035b191027.htm,N12 - היום ה-332 למלחמה | עדכונים בולטים,,wayback
https://www.mako.co.il/news-military/2024_q3/Article-f41c8f541856191026.htm,N12 - גורם ביטחוני מאשים: המשטרה קיבלה התרעה לפני הפרעות...,,wayback
https://www.mako.co.il/news-military/2024_q3/Article-f4a4b458527e191027.htm,"N12 - פרסום ראשון: תאריך היעד לפרישה של הרמטכ""ל",,wayback
https://www.mako.co.il/news-military/2024_q3/Article-f4ae8577a449191026.htm,N12 - המבצע לחילוץ החטוף פרחאן אל-קאדי: כל מה שמותר לומר,,wayback
https://www.mako.co.il/news-military/2024_q3/Article-f6dbb0a26715191027.htm,"N12 - המשלחת בהרכב מלא, המנדט למו""מ אושר | מה שידוע על הפסגה...",,wayback
https://www.mako.co.il/news-military/2024_q3/Article-f724a7c9e070291026.htm,N12 - היום ה-349 למלחמה | עדכונים בולטים,,wayback
https://www.mako.co.il/news-military/2024_q3/Article-f73cadfa0a97191027.htm,N12 - שלושה מתוך ארבעה מהחשודים בפרעות בכפר ג'ית הם תושבי...,,wayback
https://www.mako.co.il/news-military/2024_q3/Article-f86df6223750291027.htm,N12 - דיווחים בלבנון: פצועים בפיצוצים בדחיה ובמוקדים בדרום לבנון,,wayback
https://www.mako.co.il/news-military/2024_q3/Article-f8e575f94b73291026.htm,"N12 - מפקד חזית הדרום, עלי כרכי, חוסל גם הוא בתקיפה בדאחיה",,wayback
https://www.mako.co.il/news-military/2024_q3/Article-f8fdea76c79f191026.htm,"N12 - גלנט ממשיך לאיים על חיזבאללה, בצפון זועמים: ""אצלנו...",,wayback
https://www.mako.co.il/news-military/2024_q3/Article-f917d278a17d191026.htm,N12 - משפחות החטופים שנרצחו צפו בסרטון מהמנהרה | פרטים חדשים,,wayback
https://www.mako.co.il/news-military/2024_q3/Article-fa1249b777d3291026.htm,N12 - חולצה גופתו של נסראללה מההריסות בביירות,,wayback
https://www.mako.co.il/news-military/2024_q3/Article-fa1249b777d3291026.htm&utm_source=Twitter&utm_medium=Share,N12 - חולצה גופתו של נסראללה מההריסות בביירות,,wayback
https://www.mako.co.il/news-military/2024_q3/Article-fb164219815a191026.htm,N12 - היום ה-330 למלחמה | עדכונים בולטים,,wayback
https://www.mako.co.il/news-military/2024_q3/Article-fb32dec4cba9191026.htm,N12 - היום ה-328 למלחמה | עדכונים בולטים,,wayback
https://www.mako.co.il/news-military/2024_q3/Article-fb42f3969509191026.htm,"N12 - בצה""ל מאשרים סופית: נשלל החשד לחטיפה בשומרון",,wayback
https://www.mako.co.il/news-military/2024_q3/Article-fb6e916bcb50291026.htm,"N12 - קריאה לאמברגו נשק על ישראל: אושרה באו""ם ההצעה הפלסטינית",,wayback
https://www.mako.co.il/news-military/2024_q3/Article-fb7673eff064191027.htm,N12 - מפקד חיל האוויר הודיע על על השהיית טיסות לאנשי קבע בחיל,,wayback
https://www.mako.co.il/news-military/2024_q3/Article-fd6ff47c417f191026.htm,"N12 - שיחת הרמטכ""ל עם בני משפחות חטופים שנרצחו: ""הגענו מאוחר...",,wayback
https://www.mako.co.il/news-military/2024_q3/Article-fde563a3a635291027.htm,N12 - הדיונים בחג – והתיאום עם האמריקנים: התגובה הישראלית...,,wayback
https://www.mako.co.il/news-military/2024_q3/Article-fdf7380a3699191026.htm,"N12 - ""אירוע טרור חמור ביותר"": צה""ל פרסם סיכום תחקיר הפרעות...",,wayback
https://www.mako.co.il/news-military/2024_q3/Article-fe7a172b990b091027.htm,N12 - הישראלים שלמדו להכיר את מוחמד דף מקרוב,,wayback
https://www.mako.co.il/news-military/2024_q3/Article-ff103a6005d1291026.htm,"N12 - נפתח צוהר, מחבל יוצא - והטיל נחשף | תיעוד מתוך תקיפת...",,wayback
https://www.mako.co.il/news-military/6361323ddea5a810/Article-02cfdbceafc4b81027.htm,"N12 - ""תצילו אותנו"": טייסי האפאצ'י שהגיעו ראשונים לזירת הקרבות",,wayback
https://www.mako.co.il/news-military/6361323ddea5a810/Article-0623499d69abb81026.htm,"N12 - עזה, סרט מלחמה: דני קושמרו בלב הקרבות, הכי קרוב לבית...",,wayback
https://www.mako.co.il/news-military/6361323ddea5a810/Article-0a35938daafbb81026.htm,N12 - הערכה בישראל: רוב החטופים מוחזקים בדרום הרצועה,,wayback
https://www.mako.co.il/news-military/6361323ddea5a810/Article-108cbc7c0cf4c81027.htm,"N12 - ראש המל""ל: ""אם נדע איפה סינוואר ושיש לידו חטופים - זו...",,wayback
https://www.mako.co.il/news-military/6361323ddea5a810/Article-1093611dd330c81027.htm,N12 - היום ה-50 למלחמה | בחמאס הודיעו: דוחים את שחרור החטופים,,wayback
https://www.mako.co.il/news-military/6361323ddea5a810/Article-11eec8fb1038b81027.htm,N12 - הלוחמות שיצאו להגן על הבית - ולא שבו,,wayback
https://www.mako.co.il/news-military/6361323ddea5a810/Article-13d039efa63fb81027.htm,N12 - נתניהו בפתח ישיבת הממשלה על העסקה: לא נרפה עד שכל...,,wayback
https://www.mako.co.il/news-military/6361323ddea5a810/Article-17845750ce53c81027.htm,N12 - המחדל נחשף: המצגת שחזתה את המתקפה של חמאס,,wayback
https://www.mako.co.il/news-military/6361323ddea5a810/Article-208bb39392f3b81027.htm,"N12 - קנצלר גרמניה אולף שולץ נשכב על הקרקע בזמן אזעקה בנתב""ג",,wayback
https://www.mako.co.il/news-military/6361323ddea5a810/Article-21609be03e2cb81026.htm,N12 - הרצוג חשף בריאיון ל-BBC:: ספרו של היטלר נמצא בחדר ילדים...,,wayback
https://www.mako.co.il/news-military/6361323ddea5a810/Article-216638ef81b0c81026.htm,N12 - 14 חטופים נוספים משתחררים - אלה סיפוריהם | הפעימה...,,wayback
https://www.mako.co.il/news-military/6361323ddea5a810/Article-242d35117239c81026.htm,"N12 - אגם קיבלה שם ערבי: ""את מתחתנת בעזה""",,wayback
https://www.mako.co.il/news-military/6361323ddea5a810/Article-25ba1fcb87cfa81026.htm,N12 - מתנחל הגיב בירי לעבר מחבל,,wayback
https://www.mako.co.il/news-military/6361323ddea5a810/Article-272ad7001741b81026.htm,"N12 - צה""ל חיסל חוליית מחבלים שחדרה לישראל מגבול הצפון",,wayback
https://www.mako.co.il/news-military/6361323ddea5a810/Article-2893dcfc9b93b81026.htm,N12 - פרסום ראשון: נתניהו שוחח עם האלוף במיל' בריק,,wayback
https://www.mako.co.il/news-military/6361323ddea5a810/Article-2efe49d8c7a9c81026.htm,"N12 - שני גבאי נחשבה נעדרת 47 יום, עד שהתברר שנקברה בקבר אחר",,wayback
https://www.mako.co.il/news-military/6361323ddea5a810/Article-3406e901d1f8b81027.htm,N12 - פיגוע בשומרון: אלחנן קליין מהיישוב עינב נורה למוות,,wayback
https://www.mako.co.il/news-military/6361323ddea5a810/Article-36b01ec17801b81027.htm,N12 - אירוע בני הערובה באופקים | הזוג שחולץ משחזר את רגעי האימה,,wayback
https://www.mako.co.il/news-military/6361323ddea5a810/Article-37a3c0485246c81027.htm,N12 - דקה אחר דקה: האסון שגבה את חייהם של 9 לוחמי גולני,,wayback
https://www.mako.co.il/news-military/6361323ddea5a810/Article-3a30d45977d1d81026.htm,"N12 - ""היחידה הזאת יותר מפחידה מאלוהים"": זרועות התמנון של...",,wayback
https://www.mako.co.il/news-military/6361323ddea5a810/Article-4a118c90a664b81027.htm,N12 - המיזם המפתיע שהקימו נשים חרדיות מתוך חנות פאות,,wayback
https://www.mako.co.il/news-military/6361323ddea5a810/Article-4c2cb3d4be84c81027.htm,"N12 - חשיפה: בגופתו של יובל דורון קסטלמן ז""ל נמצאו קליעים",,wayback
https://www.mako.co.il/news-military/6361323ddea5a810/Article-4e5b7f12c7a1c81027.htm,"N12 - שחרור החטופים נמשך: 12 חטופים שוחררו, 2 מהן בעלות...",,wayback
https://www.mako.co.il/news-military/6361323ddea5a810/Article-5367b5662604c81027.htm,N12 - תושבי עזה באמירות יוצאות דופן נגד הנהגת חמאס,,wayback
https://www.mako.co.il/news-military/6361323ddea5a810/Article-598aff29cc74b81027.htm,"N12 - גלנט מקבל אחריות: ""אחראי על מערכת הביטחון גם באירועים...",,wayback
https://www.mako.co.il/news-military/6361323ddea5a810/Article-59c4d2a4fedfb81026.htm,"N12 - קמפיין ההסתה שמנצל את כאב משפחות החטופים - ומגיע מחו""ל",,wayback
https://www.mako.co.il/news-military/6361323ddea5a810/Article-5d17c69f39ecb81026.htm,N12 - השיר שמחבלי נוח'בה שומעים בכלא ללא הפסקה - ההמנון...,,wayback
https://www.mako.co.il/news-military/6361323ddea5a810/Article-5d5b7a9718a2b81026.html,,,wayback
https://www.mako.co.il/news-military/6361323ddea5a810/Article-5d6d3ca7e714b81026.htm,"N12 - התמונה, התיעוד והשיחה: ההוכחות בקרב על דעת הקהל העולמית",,wayback
https://www.mako.co.il/news-military/6361323ddea5a810/Article-5de7f6883ef7c81026.htm,N12 - תיעוד בלעדי | בזמן הלחימה בקיבוץ בארי - מאות חיילים...,,wayback
https://www.mako.co.il/news-military/6361323ddea5a810/Article-61355d57dd17b81026.htm,"N12 - ""הדוקטור"" הישראלי של סינוואר: איך עובד מוח של מפלצת",,wayback
https://www.mako.co.il/news-military/6361323ddea5a810/Article-651e386aac79c81027.htm,"N12 - חמישה לוחמי צה""ל נהרגו בקרבות בעומק הרצועה",,wayback
https://www.mako.co.il/news-military/6361323ddea5a810/Article-67fa673093a4b81027.htm,N12 - בעקבות מסלול הדמים של המתקפה בחולית,,wayback
https://www.mako.co.il/news-military/6361323ddea5a810/Article-6d629f54a502b81027.htm,N12 - סופי שהייתה נצורה במשך 20 שעות משחזרת את רגעי האימה...,,wayback
https://www.mako.co.il/news-military/6361323ddea5a810/Article-6e95ea49c6a6c81026.htm,"N12 - ""הדבר האחרון שאתה רוצה זה שההורים שלך יהיו חולים ואתה...",,wayback
https://www.mako.co.il/news-military/6361323ddea5a810/Article-70e91413c9adb81027.htm,"N12 - מח""ט צפון הרצועה והאיש הקרוב לסינוואר: אלה הבכירים שהותקפו",,wayback
https://www.mako.co.il/news-military/6361323ddea5a810/Article-715402898b88a81027.htm,N12 - הקבינט הכריע נגד עמדת בן גביר: תנאי האסירים הביטחוניים...,,wayback
https://www.mako.co.il/news-military/6361323ddea5a810/Article-7185445d66d3b81026.htm,"N12 - כ-4,000 עזתים שעבדו בישראל מוחזקים במתקן ביטחוני",,wayback
https://www.mako.co.il/news-military/6361323ddea5a810/Article-7466a8dbbcd3b81027.htm,N12 - אלפי רקטות ביום ושיגור טילי שיוט: כך עלול להיראות עימות...,,wayback
https://www.mako.co.il/news-military/6361323ddea5a810/Article-7ba094b98e06b81027.htm,"N12 - יוכבד ליפשיץ ששוחררה מידי חמאס: ""עברתי תופת, הכו אותי""",,wayback
https://www.mako.co.il/news-military/6361323ddea5a810/Article-7bd0cc44a4ceb81027.htm,N12 - הסבא בעל עיטור המופת ממלחמת יום כיפורים - הנכד נפל...,,wayback
https://www.mako.co.il/news-military/6361323ddea5a810/Article-7dc1b3c79271b81026.htm,N12 - עדויות התצפיתניות שנותרו לספר על רגעי האימה,,wayback
https://www.mako.co.il/news-military/6361323ddea5a810/Article-7f8ba0e57497c81026.htm,"N12 - ""כשתחליטו מה לעשות עם חמאס תחזרו אליי'",,wayback
https://www.mako.co.il/news-military/6361323ddea5a810/Article-80e681763f0ac81027.htm,N12 - חבר הנפש ההודי של כרמל גת מחכה שתחזור,,wayback
https://www.mako.co.il/news-military/6361323ddea5a810/Article-81186e7d7c59b81026.htm,"N12 - מהתיאטרון לשייטת - ולתפקיד המסביר הלאומי: מי אתה, דניאל...",,wayback
https://www.mako.co.il/news-military/6361323ddea5a810/Article-831cb8cdf6d6b81026.htm,"N12 - מפקד אוגדה 99: ""לא מכיר יכולת להשמדת חמאס מבלי לכבוש את...",,wayback
https://www.mako.co.il/news-military/6361323ddea5a810/Article-84e6d2a9e728b81026.htm,N12 - היום ה-25 למלחמה | עדכונים שוטפים,,wayback
https://www.mako.co.il/news-military/6361323ddea5a810/Article-8570250308f0b81026.htm,"N12 - סיפורי הגבורה מהעוטף: ""הציל ילדה ששני הוריה נרצחו""",,wayback
https://www.mako.co.il/news-military/6361323ddea5a810/Article-86705a9a50b1b81026.htm,"N12 - העולה החדשה ברונה ז״ל נרצחה במסיבה – 10,000 איש התייצבו...",,wayback
https://www.mako.co.il/news-military/6361323ddea5a810/Article-879fec9220c0b81026.htm,N12 - ישראל במלחמה: עלה ל-700 מספר הנרצחים,,wayback
https://www.mako.co.il/news-military/6361323ddea5a810/Article-87ce20a6fdb8b81027.htm,"N12 - צה""ל חשף: כך החמאס לוקח דלק מבתי חולים",,wayback
https://www.mako.co.il/news-military/6361323ddea5a810/Article-87ce20a6fdb8b81027.htm&utm_source=Whatsapp&utm_medium=Share,"N12 - צה""ל חשף: כך החמאס לוקח דלק מבתי חולים",,wayback
https://www.mako.co.il/news-military/6361323ddea5a810/Article-8b5a7729d2e5c81026.htm,"N12 - צה""ל באיתות לחות'ים: ספינת טילים  מדגם סער 6 הפליגה...",,wayback
https://www.mako.co.il/news-military/6361323ddea5a810/Article-8dd8a52d4d0bc81027.htm,"N12 - קיבוץ ניר עוז הודיע: ג'ודי ווינשטיין חגי נרצחה, גופתה...",,wayback
https://www.mako.co.il/news-military/6361323ddea5a810/Article-8f71cf63bca0b81026.htm,N12 - N12 מחברים בין מי שנותן - לכל מי שצריך,,wayback
https://www.mako.co.il/news-military/6361323ddea5a810/Article-928f6cb65633c81026.htm,"N12 - תיעוד הקרב שבו חוסלו 30 מחבלים: ""מי שמחוץ לכלי הוא אויב""",,wayback
https://www.mako.co.il/news-military/6361323ddea5a810/Article-92d67e4f8f11c81026.htm,"N12 - חשיפת ""עובדה"": פרטי התכתובת הדרמטית מתוך 8200: ""מוות...",,wayback
https://www.mako.co.il/news-military/6361323ddea5a810/Article-936072d61801c81026.htm,N12 - המחבלים שלקחו חטופים לשיפא חושפים מידע חדש,,wayback
https://www.mako.co.il/news-military/6361323ddea5a810/Article-9362f7b9c078b81026.htm,N12 - הדרישה החצופה של נציגי הצלב האדום - והסירוב בישראל,,wayback
https://www.mako.co.il/news-military/6361323ddea5a810/Article-9a0c1fd27561b81026.htm,"N12 - היום הרביעי למלחמה: מטחים כבדים למרכז, הרוגים באשכול",,wayback
https://www.mako.co.il/news-military/6361323ddea5a810/Article-a0389683a720c81027.htm,"N12 - ""פשוט דורסת את המחבלים וממשיכה הלאה"": הטנקיסטיות שהצילו...",,wayback
https://www.mako.co.il/news-military/6361323ddea5a810/Article-a2b3282d4fe2b81027.htm,"N12 - ראש המל""ל הנגבי: ""ספגנו מכה קשה מנשוא, נצא לקרב וננצח בו""",,wayback
https://www.mako.co.il/news-military/6361323ddea5a810/Article-a60b4fbf25d4b81026.htm,"N12 - ""אבא הגיע"": האלופים שהתגייסו למלחמה משחזרים את שאירע",,wayback
https://www.mako.co.il/news-military/6361323ddea5a810/Article-a639d06c50a3c81026.htm,N12 - החל מפגש קבינט המלחמה עם משפחות החטופים,,wayback
https://www.mako.co.il/news-military/6361323ddea5a810/Article-aad954017029b81026.htm,N12 - פרטים חדשים על מבצע החילוץ של אורי מגידיש,,wayback
https://www.mako.co.il/news-military/6361323ddea5a810/Article-aae759439c72b81026.htm,N12 - מעל מיליון נדרשים לעזוב: כאוס בעזה אחרי הודעת הצבא -...,,wayback
https://www.mako.co.il/news-military/6361323ddea5a810/Article-b520e558c2f5c81026.htm,"N12 - תחקיר המתקפה על חמ""ל התצפיתניות: החיילות נחנקו למוות...",,wayback
https://www.mako.co.il/news-military/6361323ddea5a810/Article-b8543e853ad1b81027.htm,"N12 - בן גביר: ""'שומר החומות 2' בפתח""; בכיר בקואליציה: ""פוגע...",,wayback
https://www.mako.co.il/news-military/6361323ddea5a810/Article-bd24ac5125b9b81027.htm,"N12 - ""נשלוט בעזה"": השר סמוטריץ' בריאיון לוחמני. צפו",,wayback
https://www.mako.co.il/news-military/6361323ddea5a810/Article-cd47eedc1166b81026.htm,"N12 - מלכת ירדן נגד ישראל: ""ביידן אמר שערפו ראשי ילדים - אין...",,wayback
https://www.mako.co.il/news-military/6361323ddea5a810/Article-d3e1cbc5b4d5b81026.htm,N12 - הותר לפרסום תיעוד מחקירות מחבלים,,wayback
https://www.mako.co.il/news-military/6361323ddea5a810/Article-db23e4bc15d1b81026.htm,N12 - תוכננה במשך כשנה: כך התרחשה מתקפת הפתע של חמאס – שלב...,,wayback
https://www.mako.co.il/news-military/6361323ddea5a810/Article-db286ccf110bb81026.htm,"N12 - תיעוד מחקירת מחבלי חמאס: ""מחבלים נמלטים באמבולנסים""",,wayback
https://www.mako.co.il/news-military/6361323ddea5a810/Article-ddf5b377cdd4c81026.htm,"N12 - ""כיכר פלסטין"" נפלה: דנה ויס בעומק הרצועה עם לוחמי צה""ל",,wayback
https://www.mako.co.il/news-military/6361323ddea5a810/Article-dea506e9f824b81026.htm,N12 - בערבית ובאנגלית: האמת על הפיצוץ בבית החולים בעזה,,wayback
https://www.mako.co.il/news-military/6361323ddea5a810/Article-e1d6d9f33d25b81027.htm,"N12 - האושיות הפיצו תאוריית קונספירציה על שחרור החטופות,...",,wayback
https://www.mako.co.il/news-military/6361323ddea5a810/Article-e5688a84b42fb81026.htm,"N12 - 53 חטופים ישוחררו, הפוגה לכמה ימים: אלה הפרטים של עסקת...",,wayback
https://www.mako.co.il/news-military/6361323ddea5a810/Article-eb82d32d0b8db81026.htm,"N12 - הקשר של אנשי אונר""א לחמאס: מבט מבפנים",,wayback
https://www.mako.co.il/news-military/6361323ddea5a810/Article-ec3f8e05fcedb81027.htm,N12 - תחקיר המשטרה חושף: 364 נטבחו במסיבת הטבע ברעים,,wayback
https://www.mako.co.il/news-military/6361323ddea5a810/Article-f5fdaeb7aeb4c81027.htm,"N12 - ""הילדים קראו 'הצילו'"": הניצולה מאירוע בני הערובה בבארי...",,wayback
https://www.mako.co.il/news-military/6361323ddea5a810/Article-f7a2bf23b029b81027.htm,N12 - היום ה-28 למלחמה | עדכונים שוטפים,,wayback
https://www.mako.co.il/news-military/Article-254d98bf8e80291026.htm,N12 - הותר לפרסום: ישראלי גויס בידי האיראנים לקדם התנקשות...,,wayback
https://www.mako.co.il/news-military/israel-q2_2017/Article-07aeded6c137c51004.htm,"N12 - חמאס נגד רג'וב: ""ויתור על הכותל - זה פשע לאומי""",,wayback
https://www.mako.co.il/news-military/israel-q2_2017/Article-3c2de86840d0c51004.htm,"N12 - עימות עם הממשל: ""הכותל במחלוקת""",,wayback
https://www.mako.co.il/news-military/israel-q2_2017/Article-587dc9da6597c51004.htm,"N12 - ""לא נשלם על החשמל של חמאס""",,wayback
https://www.mako.co.il/news-military/israel-q2_2017/Article-93b3758500aab51004.htm,N12 - מגעים לביקור הנשיא טראמפ בישראל,,wayback
https://www.mako.co.il/news-military/israel-q2_2017/Article-e69a0213110db51004.htm,"N12 - במקום ישראל - ""שטחים פלסטיניים""",,wayback
https://www.mako.co.il/news-military/israel-q2_2019/Article-39a103bd35bda61027.htm,"N12 - ג'ונתן פולארד מדבר: ""תמיד יש משהו דחוף יותר ממני""‎",,wayback
https://www.mako.co.il/news-military/israel-q3_2015/Article-990df63642d9e41004.htm,N12 - מיוחד | היהודים שעומדים מאחורי החרם על ישראל,,wayback
https://www.mako.co.il/news-military/israel-q3_2016/Article-5b1027caee56651004.htm,N12 - בפעם השניה השנה: אין כניסה לירדן עם כיפה,,wayback
https://www.mako.co.il/news-military/israel-q3_2016/Article-5c182da0e8d5751004.htm,"N12 - ""שליטה יהודית ביו""ש לא תפגע ברוב היהודי""",,wayback
https://www.mako.co.il/news-military/israel-q3_2017/Article-65f9da4b3b04d51004.htm,"N12 - אבו מאזן לרה""מ: ""מגנה את הפיגוע""",,wayback
https://www.mako.co.il/news-military/israel-q3_2018/Article-7fced278bb9e461004.htm,"N12 - זעם בטורקיה: תיירים גורשו מנתב""ג",,wayback
https://www.mako.co.il/news-military/israel-q3_2018/Article-c0c24b8f7177561004.htm,"N12 - ח""כים מקדמים גינוי לישראל באו""ם",,wayback
https://www.mako.co.il/news-military/israel-q4_2015/Article-5ea6c8c22e1f051004.htm,"N12 - נתניהו לאובמה: ""הכרה בריבונות בגולן תרתיע את אירן""",,wayback
https://www.mako.co.il/news-military/israel-q4_2016/Article-ffeb285c3112851004.htm,N12 - פרסום ראשון: רכבת להתנחלויות,,wayback
https://www.mako.co.il/news-military/israel-q4_2017/Article-4e5ebbd0fa70061004.htm,N12 - העונש לחוטובלי: ביקור מדיני בוטל,,wayback
https://www.mako.co.il/news-military/israel-q4_2017/Article-5e603b8ab937f51004.htm,"N12 - רה""מ לטראמפ: אפשר לפולארד לעלות",,wayback
https://www.mako.co.il/news-military/israel-q4_2017/Article-f504eb8a8b81061004.htm,"N12 - תמיכה מפתיעה ב""קשרים עם ישראל""",,wayback
https://www.mako.co.il/news-military/israel/Article-06a457bba429d31004.htm,N12 - ישראל התנצלה בפני טורקיה; היחסים ישובו לסדרם,,wayback
https://www.mako.co.il/news-military/israel/Article-09821581cdce821004.htm,"N12 - טורקיה מזהירה מפני ""תוצאות חמורות שלא ניתן לשער את סופן""",,wayback
https://www.mako.co.il/news-military/israel/Article-0b552bc648faf11004.htm,N12 - עופר דקל יציג הצעה חדשה למצרים,,wayback
https://www.mako.co.il/news-military/israel/Article-0c02b442b1bff21004.htm,N12 - הצעת אובמה בנאומו המדיני: לחלק את ירושלים בין ישראל...,,wayback
https://www.mako.co.il/news-military/israel/Article-0c7a93b9fc6a341004.htm,N12 - העולם נגד ישראל: חברות ומדענים בסכנה בשל החרם האירופי,,wayback
https://www.mako.co.il/news-military/israel/Article-0de2f22d9457641004.htm,"N12 - ח""כ מצנע: ""התנועה צריכה לפרוש מהממשלה""",,wayback
https://www.mako.co.il/news-military/israel/Article-0de2f22d9457641004.htm&,"N12 - ח""כ מצנע: ""התנועה צריכה לפרוש מהממשלה""",,wayback
https://www.mako.co.il/news-military/israel/Article-1098b66a6849231017.htm,N12 - דיווח: בוסניה וניגריה יימנעו במועצת הביטחון ויצרו גוש חוסם,,wayback
https://www.mako.co.il/news-military/israel/Article-26b040c7010cc21004.htm,N12 - משרד החוץ מאשר: יש מגעים חשאיים עם טורקיה,,wayback
https://www.mako.co.il/news-military/israel/Article-282599eb733b241004.htm,N12 - נתניהו נפגש עם האפיפיור בוותיקן,,wayback
https://www.mako.co.il/news-military/israel/Article-35986311a844641004.htm,משרד החוץ נגד הסוכנות היהודית | N12,,wayback
https://www.mako.co.il/news-military/israel/Article-368a34564528721004.htm,"N12 - מזכ""ל האו""ם: להשיב את גלעד הביתה",,wayback
https://www.mako.co.il/news-military/israel/Article-38340ba2120ef21004.htm,"N12 - ברלוסקוני: ""לא אכיר במדינה פלסטינית""",,wayback
https://www.mako.co.il/news-military/israel/Article-39d52ea34a20f11004.htm,"N12 - עשרות הפגינו למען שחרור שליט מול בית רה""מ",,wayback
https://www.mako.co.il/news-military/israel/Article-3fd5689c8b62031004.htm,"N12 - דיווחים בוושינגטון: רה""מ דיבר על ירושלים, ביידן לא מחא...",,wayback
https://www.mako.co.il/news-military/israel/Article-4b3c43aff4e3721004.htm,"N12 - סגן נשיא ארה""ב נחת בישראל",,wayback
https://www.mako.co.il/news-military/israel/Article-5033ff550fc6b21004.htm,"N12 - הרשות הפלסטינית החליטה: משעים את המו""מ - עד להפסקת הבניה",,wayback
https://www.mako.co.il/news-military/israel/Article-52cb489124f8d21004.htm,N12 - חשש בי-ם מניתוק היחסים עם תוניס,,wayback
https://www.mako.co.il/news-military/israel/Article-5529e2b64357f11004.htm,"N12 - רה""מ הטורקי: אני מאוכזב מתוצאות הבחירות בישראל",,wayback
https://www.mako.co.il/news-military/israel/Article-59d33e298cb9f21004.htm,"N12 - אבו מאזן: ""יודעים כמה המשפחה מתגעגעת לגלעד""",,wayback
https://www.mako.co.il/news-military/israel/Article-5a54e34f043ca21004.htm,"N12 - זועבי תעיד ותדרוש להעמיד לדין את רה""מ",,wayback
https://www.mako.co.il/news-military/israel/Article-5c6e0801efef821004.htm,N12 - ארדואן נפגש עם הרב פרומן,,wayback
https://www.mako.co.il/news-military/israel/Article-603917fbb51cf11004.htm,N12 - בלייר: לא אפגש במהלך ביקורי עם גורמים בחמאס,,wayback
https://www.mako.co.il/news-military/israel/Article-7966e581ccf3e11004.htm,"N12 - ח""כ ישראל כץ: ""אסד חי באשליות""",,wayback
https://www.mako.co.il/news-military/israel/Article-8cf89ed57f85b31004.htm,"N12 - אולמרט: ""אבו מאזן הוא הפרטנר הטוב ביותר שהיה לישראל""",,wayback
https://www.mako.co.il/news-military/israel/Article-90b44c919c6ad11006.htm,N12 - אולמרט: אסור שאירן תהפוך לגרעינית,,wayback
https://www.mako.co.il/news-military/israel/Article-b00cf7a0d0b8e11004.htm,N12 - 'פורום השלישיה' דחה את ההצעה הצרפתית להפסקת אש,,wayback
https://www.mako.co.il/news-military/israel/Article-b218b3125e6cf11004.htm,N12 - בבית הדין בהאג מחפשים דרך לתבוע את ישראל,,wayback
https://www.mako.co.il/news-military/israel/Article-b79f862cbc1d831017.htm,"N12 - רומני בפגישה עם פרס: ""ארה""ב מוטרדת מגרעין אירני""",,wayback
https://www.mako.co.il/news-military/israel/Article-bfa1dccceb16e11004.htm,N12 - חמאס לטורקיה: סייעו בחידוש הרגיעה,,wayback
https://www.mako.co.il/news-military/israel/Article-cfb8f15f3464e11006.htm,N12 - אולמרט מאיים: תהיה התייחסות לקסאם,,wayback
https://www.mako.co.il/news-military/israel/Article-d323fbd355e7e11004.htm,N12 - סוריה הודיעה לטורקיה: מפסיקים השיחות עם ישראל,,wayback
https://www.mako.co.il/news-military/israel/Article-d353fe70c0b3741004.htm,N12 - סקר חדשות 2: 53% מהציבור מתנגדים להפסקת אש עם חמאס,,wayback
https://www.mako.co.il/news-military/politics-q1_2015/Article-29a1b81c2683c41004.htm,N12 - תיעוד: המבצע לחשיפת זיופי קולות,,wayback
https://www.mako.co.il/news-military/politics-q1_2015/Article-e165aad27879b41004.htm,,,wayback
https://www.mako.co.il/news-military/politics-q1_2015/Article-ff3e03e538cbb41004.htm,"N12 - סקר חדשות 2: נתניהו והרצוג נחלשים, בנט ולפיד מתחזקים",,wayback
https://www.mako.co.il/news-military/politics-q1_2017/Article-743a2848b3a9a51004.htm,"N12 - ""לא יהיה רחוב בארץ על שם ערפאת""",,wayback
https://www.mako.co.il/news-military/politics-q1_2018/Article-4e5b170e007d061004.htm,N12 - בלעדי: הקלטות יאיר נתניהו,,wayback
https://www.mako.co.il/news-military/politics-q1_2019/Article-e05b5b6dca2f861004.htm,N12 - דרכן של הנשים בפוליטיקה הישראלית,,wayback
https://www.mako.co.il/news-military/politics-q2_2015/Article-94089d64a97dd41004.htm,"N12 - חזן הושעה מניהול ישיבות: ""אני שבור מבפנים""",,wayback
https://www.mako.co.il/news-military/politics-q2_2016/Article-88435a09e352551004.htm,"N12 - ליברמן: ""מציע לבנט להירגע""",,wayback
https://www.mako.co.il/news-military/politics-q2_2016/Article-9f556d039361451004.htm,"N12 - ""נפעל לביטול מפעל ההנצחה""",,wayback
https://www.mako.co.il/news-military/politics-q2_2018/Article-d6ed5b9033e1461004.htm,N12 - החוק שיאפשר לזוגות גאים לאמץ,,wayback
https://www.mako.co.il/news-military/politics-q2_2019/Article-34aba0c27d3fa61027.htm,"N12 - ""אסור ליטול מבית משפט את הסמכות""",,wayback
https://www.mako.co.il/news-military/politics-q2_2019/Article-55b176a53d6e961004.htm,N12 - מצד שני: פוליטיקאים מול עיתונאים,,wayback
https://www.mako.co.il/news-military/politics-q2_2019/Article-bd1a3ebee6ffa61027.htm,"N12 - ליברמן: ""אין מקום לפשרה""",,wayback
https://www.mako.co.il/news-military/politics-q3_2015/Article-d51a1911d7b5f41004.htm,"N12 - ברק בהקלטות חדשות: ""נתניהו חלש""",,wayback
https://www.mako.co.il/news-military/politics-q3_2017/Article-bce323223d50e51004.htm,N12 - בלעדי: השר דרעי נגד הציונות הדתית,,wayback
https://www.mako.co.il/news-military/politics-q3_2018/Article-045d932a0582661004.htm,"N12 - בנט: ""הסכמי ליברמן-חמאס כשלו""",,wayback
https://www.mako.co.il/news-military/politics-q3_2018/Article-1d4f85202dda561004.htm,"N12 - ""בני גנץ החליט להצטרף לפוליטיקה""",,wayback
https://www.mako.co.il/news-military/politics-q4_2014/Article-5b77396b86b0a41004.htm,N12 - נתניהו פיטר את לבני ולפיד,,wayback
https://www.mako.co.il/news-military/politics-q4_2015/Article-4eeda6eee293151004.htm,N12 - בנט זימן את מגל לפגישה ב-4 עיניים; המשטרה בוחנת את...,,wayback
https://www.mako.co.il/news-military/politics-q4_2015/Article-5c934de0bc1a151004.htm,"N12 - ""ערוץ 20 איבד את הבושה""",,wayback
https://www.mako.co.il/news-military/politics-q4_2015/Article-b905a0680daa051004.htm,N12 - 50% מהישראלים: להעביר שכונות ערביות במזרח ירושלים לרשות...,,wayback
https://www.mako.co.il/news-military/politics-q4_2017/Article-fd4358936062f51004.htm,N12 - החוק שיוביל לסגירת שוברים שתיקה?,,wayback
https://www.mako.co.il/news-military/politics-q4_2018/Article-03d078d07bc0761004.htm,N12 - הסיבוב השני בבחירות: ההצבעה החלה,,wayback
https://www.mako.co.il/news-military/politics-q4_2018/Article-328e285828b2761004.htm,"N12 - ""הפרקליטות הצבאית מסייעת לנצח""",,wayback
https://www.mako.co.il/news-military/politics-q4_2018/Article-7d0c35d4977c661004.htm,N12 - המנצחים המפסידים: תוצאות האמת,,wayback
https://www.mako.co.il/news-military/politics/Article-084813bdb10db21004.htm,N12 - בדרך לאחדות? נתניהו ולבני ייפגשו שוב,,wayback
https://www.mako.co.il/news-military/politics/Article-0de2f22d9457641004.htm,"N12 - ח""כ מצנע: ""התנועה צריכה לפרוש מהממשלה""",,wayback
https://www.mako.co.il/news-military/politics/Article-0e0680134f64131004.htm,"N12 - המועמד לשעבר ליו""ר העבודה - חבר בקדימה",,wayback
https://www.mako.co.il/news-military/politics/Article-22d34dca8928b21004.htm,N12 - נתניהו: אזרחות רק עם הצהרת נאמנות למדינה יהודית,,wayback
https://www.mako.co.il/news-military/politics/Article-3109fa13f6cbc21004.htm,"N12 - נתניהו: ""שיקום הנזקים יהיה קצר ככל שניתן""",,wayback
https://www.mako.co.il/news-military/politics/Article-338812b7b8f0d21004.htm,N12 - סקר: מצנע יכול להציל את העבודה,,wayback
https://www.mako.co.il/news-military/politics/Article-3d758340eb4ad21004.htm,N12 - סקר חדשות 2: יש עצמאות - אין מנדטים,,wayback
https://www.mako.co.il/news-military/politics/Article-3fea8e639342621004.htm,"N12 - מדוע הח""כים לא מוכנים להצטרף למשלחת לציון יום השואה...",,wayback
https://www.mako.co.il/news-military/politics/Article-4c477401175ac11004.htm,N12 - דיכטר: נעקור את העבריינות מקדימה,,wayback
https://www.mako.co.il/news-military/politics/Article-5fcfe220d5c8e21004.htm,N12 - נתניהו חושש ממשפחות הרוגי אסון הכרמל,,wayback
https://www.mako.co.il/news-military/politics/Article-6adfd1dc0262e11004.htm,"N12 - סערה פוליטית בעקבות דו""ח גולדברג",,wayback
https://www.mako.co.il/news-military/politics/Article-6dd930b5e93b031004.htm,N12 - מפקד העבודה: אלפי טפסים לא כשרים,,wayback
https://www.mako.co.il/news-military/politics/Article-869ba6c323e0841004.htm,N12 - הירי נמשך - התמיכה בראש הממשלה צונחת,,wayback
https://www.mako.co.il/news-military/politics/Article-8de1084f1b6dd11004.htm,N12 - בצל החשד: פורר נבחר לראש עיריית רחובות,,wayback
https://www.mako.co.il/news-military/politics/Article-8e90129a0badf11004.htm,N12 - עמוס עוז: לא פוסל תמיכה בממשלה של נתניהו,,wayback
https://www.mako.co.il/news-military/politics/Article-a5a92d81f1c9521004.htm,N12 - בואו להשתתף בריאיון עם דן מרידור,,wayback
https://www.mako.co.il/news-military/politics/Article-acb2739becf8d11004.htm,N12 - אחרי הבחירות: השמחות והדרמות,,wayback
https://www.mako.co.il/news-military/politics/Article-c0e52368e64a641004.htm,"N12 - ח""כ שקד: ""לספח את גוש עציון""",,wayback
https://www.mako.co.il/news-military/politics/Article-d675d484a22d541004.htm,"חדשות 2 - פרס: ""התקרבתי להסכם עם אבו מאזן, רה""מ עצר אותי""",,wayback
https://www.mako.co.il/news-military/politics/Article-e87b5595d81e141004.htm,N12 - הבחירות לרשויות: התוצאות המלאות,,wayback
https://www.mako.co.il/news-military/politics/Article-f308b8cf90e2341004.htm,"N12 - ביקורת על הכוונה להעלות את אחוז החסימה: ""עוד שיגעון של...",,wayback
https://www.mako.co.il/news-military/security-fire-in-the-south/Article-62387d4bb4be131017.htm,N12 - מופז: יש למוטט את חמאס,,wayback
https://www.mako.co.il/news-military/security-q1_2015/Article-a01a488571aaa41004.htm,N12 - למה לנסראללה אין טוויטר?,,wayback
https://www.mako.co.il/news-military/security-q1_2016/Article-1651d8086688351004.htm,N12 - אחרי הפרסום: יעלון הורה לחקור,,wayback
https://www.mako.co.il/news-military/security-q1_2016/Article-2f2e33ae6e8b351004.htm,"N12 - אמו של החייל שירה במחבל: ""שלחתם את הבן שלי והתנערתם ממנו""",,wayback
https://www.mako.co.il/news-military/security-q1_2016/Article-5b20401a83e7251004.htm,"N12 - האיום הבא: דאע""ש על הגבול בדרום",,wayback
https://www.mako.co.il/news-military/security-q1_2016/Article-a92f08595f1d251004.htm,"N12 - מחושך לאור: מי אתה, נדב ארגמן?",,wayback
https://www.mako.co.il/news-military/security-q1_2017/Article-b68f816aa311b51004.htm,"N12 - מחבלים בני 13: ""לא מתחרט שדקרתי""",,wayback
https://www.mako.co.il/news-military/security-q1_2018/Article-a0748dbbd010261004.htm,N12 - תיעוד: מסתערבים במעצר בנשק שלוף,,wayback
https://www.mako.co.il/news-military/security-q1_2018/Article-f8856278ace2161004.htm,N12 - איום הטילים החדש שמטריד את ישראל,,wayback
https://www.mako.co.il/news-military/security-q1_2019/Article-2388546b7a45861004.htm,"N12 - כוכבי: ""נעמיד צבא קטלני ויעיל""",,wayback
https://www.mako.co.il/news-military/security-q1_2019/Article-45460af90c45961004.htm,N12 - מיוחד: כך נחשפו מנהרות חיזבאללה,,wayback
https://www.mako.co.il/news-military/security-q2_2015/Article-a6bec0dd9fcdc41004.htm,"N12 - בחזרה לפילבוקס בנחל עוז: ""הגעגוע אינסופי""",,wayback
https://www.mako.co.il/news-military/security-q2_2015/Article-b0747479cd9fc41004.htm,"N12 - החולצה והמאבק: ""תדע כל אם ערבייה שגורל ילדיה בידינו""",,wayback
https://www.mako.co.il/news-military/security-q2_2015/Article-f95bb904cb93e41004.htm,N12 - פלסטינית עברה את הגדר עם רובה: חמאס שלח אותי,,wayback
https://www.mako.co.il/news-military/security-q2_2016/Article-48dc988ee477451004.htm,N12 - 3 חיילים נפצעו בפיגוע דריסה בבנימין,,wayback
https://www.mako.co.il/news-military/security-q2_2016/Article-81456f37ce35551004.htm,"N12 - ""העימות הבא – סוף שלטון חמאס""",,wayback
https://www.mako.co.il/news-military/security-q2_2017/Article-8b16d7acec25b51004.htm,N12 - תיעוד: טיפול בפצועים סורים בגבול,,wayback
https://www.mako.co.il/news-military/security-q2_2017/Article-a0069a57ddf3c51004.htm,"N12 - ""נצטרך לצמצם אספקת חשמל לעזה""",,wayback
https://www.mako.co.il/news-military/security-q2_2018/Article-32d647560884361004.htm,"N12 - ""פגענו ברוב התשתיות האירניות""‎",,wayback
https://www.mako.co.il/news-military/security-q2_2018/Article-ac9a99456512461004.htm,"N12 - התינוקת מתה מגז? ""בחמאס שיקרו""",,wayback
https://www.mako.co.il/news-military/security-q3_2015/Article-79f164d9ad7af41004.htm,"N12 - בלעדי | דורון אלמוג מדבר: ""הירש נכשל במבחן הביצועי, יש...",,wayback
https://www.mako.co.il/news-military/security-q3_2016/Article-1f090c9652ab551004.htm,"N12 - הטיפול שיצמצם את הסיכון לפוסט-טראומה בצה""ל",,wayback
https://www.mako.co.il/news-military/security-q3_2016/Article-b519bfcb926d551004.htm,"N12 - בעימות הבא: ""24 שעות לפינוי""",,wayback
https://www.mako.co.il/news-military/security-q3_2017/Article-b4f2926e4c28d51004.htm,"N12 - ""הם לא שהידים, הם רוצחים שפלים""",,wayback
https://www.mako.co.il/news-military/security-q3_2018/Article-244111b310e0561004.htm,N12 - חשד: עפיפון תבערה הופרח משכם,,wayback
https://www.mako.co.il/news-military/security-q3_2018/Article-65d8135d29bc461004.htm,N12 - המיירט לא פגע בטיל - ונחת בסוריה,,wayback
https://www.mako.co.il/news-military/security-q3_2018/Article-9dbc69518dbc461004.htm,N12 - מטוס קרב סורי חדר לישראל ויורט,,wayback
https://www.mako.co.il/news-military/security-q3_2018/Article-ade6c3287d5c461004.htm,N12 - האזעקות בצפון: מחשש לזליגת רקטות,,wayback
https://www.mako.co.il/news-military/security-q3_2018/Article-bfdf78309859461004.htm,"N12 - 33 שיגורים מעזה, צה""ל תקף מנהרות",,wayback
https://www.mako.co.il/news-military/security-q4_2014/Article-c2f60100fbc0a41004.htm,N12 - צפו: ציפור מתנגשת במטוס אימונים,,wayback
https://www.mako.co.il/news-military/security-q4_2014/Article-ec9156b2fc07941004.htm,"N12 - גורמי ביטחון: ""חמאס עצר את משגרי הרקטה לישראל""",,wayback
https://www.mako.co.il/news-military/security-q4_2015/Article-28b4c12c2258051004.htm,N12 - 2 פצועים בפיגוע דריסה בגוש עציון,,wayback
https://www.mako.co.il/news-military/security-q4_2015/Article-5b4d4d0ead24051004.htm,N12 - תיעוד דרמטי: פיגוע הדקירה בפתח תקווה,,wayback
https://www.mako.co.il/news-military/security-q4_2015/Article-92876cc66484051004.htm,N12 - תיעוד: צוות חדשות 2 הותקף בעפולה,,wayback
https://www.mako.co.il/news-military/security-q4_2015/Article-975f2378d45b151004.htm,N12 - תוך שעתיים: שני ניסיונות פיגוע סוכלו,,wayback
https://www.mako.co.il/news-military/security-q4_2016/Article-b48ba27ba5d1951004.htm,N12 - גטאס הודה: העברתי טלפונים ופתקים,,wayback
https://www.mako.co.il/news-military/security-q4_2017/Article-493ffcf8d5a6061004.htm,N12 - תיעוד: נערה פלסטינית סוטרת לחייל,,wayback
https://www.mako.co.il/news-military/security-q4_2018/Article-12e60164d4d2761004.htm,"N12 - ""הרכב פרץ את המחסום, הם יהודים""",,wayback
https://www.mako.co.il/news-military/security-q4_2018/Article-2af4280c9877761004.htm,"N12 - התושבים בצפון התריעו כבר ב-2014: ""שומעים חפירות""",,wayback
https://www.mako.co.il/news-military/security/Article-01a4f5686afde11004.htm,N12 - הרוג פלסטיני בעימותים בחברון,,wayback
https://www.mako.co.il/news-military/security/Article-02d6bd2c9c40921004.htm,"N12 - צה""ל השתלט על הספינה לעזה",,wayback
https://www.mako.co.il/news-military/security/Article-039193878efd031004.htm,N12 - צפו: הנזק שנגרם לספינה האירית,,wayback
https://www.mako.co.il/news-military/security/Article-03f005d855bad11004.htm,N12 - לבני: לטפל בפשע כמו שמטפלים בטרור,,wayback
https://www.mako.co.il/news-military/security/Article-06ceb55b78d3821004.htm,"N12 - עפולה: פלסטיני הגיע לתחנת המשטרה כדי ""לדקור יהודים""",,wayback
https://www.mako.co.il/news-military/security/Article-071a4f368690131004.htm,"N12 - צפו במהומת פעילי השמאל בנתב""ג: ""לשחרר את פלסטין""",,wayback
https://www.mako.co.il/news-military/security/Article-09dd310bc6e4721004.htm,N12 - מי חיבל בעסקת הנשק עם קולומביה?,,wayback
https://www.mako.co.il/news-military/security/Article-0d19bc01df9f131017.htm,"N12 - ""המחבל ברח מהכלא המצרי""",,wayback
https://www.mako.co.il/news-military/security/Article-0e4ba5d31a4ce11004.htm,N12 - מהבוקר: 12 רקטות ליישובי הדרום,,wayback
https://www.mako.co.il/news-military/security/Article-0eac37709356521004.htm,N12 - ישראל החלה בהכנות לנסיגה מרג'ר,,wayback
https://www.mako.co.il/news-military/security/Article-113b13ea5980921004.htm,"N12 - בניהו: ""יחידה אחרת הייתה מסיימת עם 70 הרוגים""",,wayback
https://www.mako.co.il/news-military/security/Article-11e6ed1bc88ae11006.htm,N12 - בת 3 חודשים נפצעה קל מגראד בגדרה,,wayback
https://www.mako.co.il/news-military/security/Article-13209574316f031004.htm,N12 - ברק רוצה לייצא נשק לטורקיה - ליברמן מונע,,wayback
https://www.mako.co.il/news-military/security/Article-227beec9b586721004.htm,"N12 - חדש בצה""ל: קצין סיוע הומניטרי בזמן לחימה",,wayback
https://www.mako.co.il/news-military/security/Article-25cca4925019621004.htm,N12 - הוחזר הצעיר הבדואי שחצה את הגבול לרצועת עזה,,wayback
https://www.mako.co.il/news-military/security/Article-293ada433c13921004.htm,"N12 - הכירו את ""סוכן המוסד"" מרחובות",,wayback
https://www.mako.co.il/news-military/security/Article-2984c7280448e11004.htm,N12 - פיגוע דקירה בקדומים: בן 60 נפצע קל,,wayback
https://www.mako.co.il/news-military/security/Article-2a089d35e4e0e21004.htm,"N12 - ""50 מיליון דולר תמורת החזקת שליט""",,wayback
https://www.mako.co.il/news-military/security/Article-2ba928786718a21004.htm,N12 - האיש שהתבצר גם בשגרירות בריטניה,,wayback
https://www.mako.co.il/news-military/security/Article-2cdb0b8b4a9f031004.htm,N12 - דיווח: הספינה הצרפתית שברה את המצור ויצאה לכיוון עזה,,wayback
https://www.mako.co.il/news-military/security/Article-2d6fafe1da9af11004.htm,N12 - שוטר ניצל מניסיון דריסה בשומרון,,wayback
https://www.mako.co.il/news-military/security/Article-2de2b2b4cc1ed21004.htm,N12 - חוות הדעת של טירקל על מינוי גלנט,,wayback
https://www.mako.co.il/news-military/security/Article-30f3b53ef84b821004.htm,N12 - מחמוד אבו טיר: לא אוהב שגלעד שליט בשבי,,wayback
https://www.mako.co.il/news-military/security/Article-31672787528ae21004.htm,N12 - מצוד נרחב אחר האחראים לפיגוע,,wayback
https://www.mako.co.il/news-military/security/Article-33a1b9b5d3c4e21004.htm,"N12 - טיל ה""חץ"" המשופר השמיד ""טיל אירני""",,wayback
https://www.mako.co.il/news-military/security/Article-34a141791e03f11004.htm,N12 - אולמרט: התגובה לירי תהיה לא פרופורציונלית,,wayback
https://www.mako.co.il/news-military/security/Article-3514fa048d29e11004.htm,"N12 - צפו בסרטי הפצצת צה""ל בעזה",,wayback
https://www.mako.co.il/news-military/security/Article-36266f70826a621004.htm,N12 - רמת הגולן: חייל בחטיבת שריון נפצע קשה בראשו במהלך אימון,,wayback
https://www.mako.co.il/news-military/security/Article-39b52903477cd21004.htm,"N12 - הערכה: היועמ""ש לא יוכל להגן על גלנט בבג""ץ",,wayback
https://www.mako.co.il/news-military/security/Article-3a67bd4058dde21004.htm,"N12 - הוארך מעצרו של ""מהנדס החמאס מאוקראינה""",,wayback
https://www.mako.co.il/news-military/security/Article-3b25985b969ca21004.htm,N12 - הגיע לסייע - וראה שאשתו בין ההרוגים,,wayback
https://www.mako.co.il/news-military/security/Article-3c6ea05b88f5a21004.htm,N12 - דיווח: נמנעה פעולת תגמול ישראלית על תקרית הירי בלבנון,,wayback
https://www.mako.co.il/news-military/security/Article-4365a32eb123d21004.htm,"N12 - חמאס מציג: הנשק הצה""לי בתערוכה",,wayback
https://www.mako.co.il/news-military/security/Article-48d73a518860921004.htm,"N12 - ""ארדואן שוקל לפרוץ את המצור על עזה בעצמו""",,wayback
https://www.mako.co.il/news-military/security/Article-4986fe467ff5e11006.htm,"N12 - ""רגיעה לא תשנה את כוונתנו לפעול בעזה""",,wayback
https://www.mako.co.il/news-military/security/Article-4ba5ec7ebebe621004.htm,,,wayback
https://www.mako.co.il/news-military/security/Article-4ca67ea704edd21004.htm,"N12 - ""יהיה קשה להגן על מינוי גלנט""",,wayback
https://www.mako.co.il/news-military/security/Article-52aa5a8e6528b21004.htm,"N12 - פלסטינים מאיימים: ""נחטוף את החייל המרקד ונצרפו לשליט""",,wayback
https://www.mako.co.il/news-military/security/Article-55e749ddbeaae11006.htm,N12 - עזה: כוח צנחנים חיסל מחבל מתאבד,,wayback
https://www.mako.co.il/news-military/security/Article-59a176647e46f21004.htm,N12 - המתווך לשחרור שליט: דוד מידן - ראש אגף בכיר במוסד,,wayback
https://www.mako.co.il/news-military/security/Article-5a376cb350f3821004.htm,"N12 - נועם שליט: ""הנוער זועק את זעקתו של גלעד""",,wayback
https://www.mako.co.il/news-military/security/Article-5c0077e3d98b031004.htm,"N12 - דיווח: ""פעילי המשט לעזה מתאמנים לעימות עם צה""ל""",,wayback
https://www.mako.co.il/news-military/security/Article-5f1360bd045aa21004.htm,N12 - הרפז הודה בחקירתו: קיבלתי המסמך מגורם שאיני מכיר,,wayback
https://www.mako.co.il/news-military/security/Article-6085a04c1444921004.htm,N12 - מצרים: לא רוצים עימות בים בין ישראל לאירן,,wayback
https://www.mako.co.il/news-military/security/Article-60aa3acfc9ee821004.htm,N12 - תיעוד מהספינה: כך נערכו להשתלטות לוחמי השייטת,,wayback
https://www.mako.co.il/news-military/security/Article-622004ee67ab721004.htm,N12 - רוסיה נעזרת בישראל במלחמה בטרור,,wayback
https://www.mako.co.il/news-military/security/Article-65784a0eddf3921004.htm,"N12 - ראש המשט לעזה: ""משפחות השהידים יהיו על המשט הבא""",,wayback
https://www.mako.co.il/news-military/security/Article-698327c13a18a21004.htm,"N12 - המתבצר לחדשות 2: ""שיתנו לי מקלט מפני הרוצחים היהודים""",,wayback
https://www.mako.co.il/news-military/security/Article-6c0407394dbc031004.htm,N12 - מאסר ל-4 חיילים נוספים שמחו על פינוי מאחזים,,wayback
https://www.mako.co.il/news-military/security/Article-701a538468f0131004.htm,N12 - חמאס רומז: גלעד שליט עדיין בחיים,,wayback
https://www.mako.co.il/news-military/security/Article-706e66ae2753821004.htm,N12 - משפחת שליט: במקום לעשות סרטים שידאג החמאס לאינטרסים של עמו,,wayback
https://www.mako.co.il/news-military/security/Article-735397a3465be11004.htm,N12 - פיקוד העורף: כך להיערך להסלמה בצפון,,wayback
https://www.mako.co.il/news-military/security/Article-73c3ff3393b3a21004.htm,"N12 - משפחת ההרוג מתקשה לעכל: ""ברי שם את הצבא במקום הראשון""",,wayback
https://www.mako.co.il/news-military/security/Article-812624f87c00b31004.htm,N12 - מתחת לפני השטח: תרגיל ההטעיה הישראלי שקדם למבצע בעזה,,wayback
https://www.mako.co.il/news-military/security/Article-81658679e96de11004.htm,N12 - תיעוד מיוחד: כתב חדשות 2 ביום קרב בתוך הרצועה,,wayback
https://www.mako.co.il/news-military/security/Article-8938b7cd472ae11004.htm,N12 - הערב: שתי פגיעות ישירות בשדרות,,wayback
https://www.mako.co.il/news-military/security/Article-8e6f45258f70841004.htm,N12 - אחראי הכספים של חמאס חוסל בצפון רצועת עזה,,wayback
https://www.mako.co.il/news-military/security/Article-af78db343368f71026.htm,"N12 - דבר הרמטכ""ל | 20 שנה אחרי מבצע ""חומת מגן"" – כוכבי מדבר",,wayback
https://www.mako.co.il/news-military/security/Article-ba54847e43eca21004.htm,"N12 - הצצה נדירה: כך מתאמן צה""ל ל""מרמרה"" הבאה",,wayback
https://www.mako.co.il/news-military/security/Article-cb18fcc7d174f11004.htm,N12 - מעבר רפיח: בכיר חמאס נלכד עם מיליונים,,wayback
https://www.mako.co.il/news-military/security/Article-cb507a709cfbb21004.htm&sCh=31750a2610f26110&pId=2082585621,"N12 - צפו: שוטרי מג""ב מיידים אבנים על פלסטינים",,wayback
https://www.mako.co.il/news-military/security/Article-ce0e005d49fe641004.htm,N12 - חיל האוויר הפציץ 34 מטרות בעזה,,wayback
https://www.mako.co.il/news-military/security/Article-f67545c0a2fe821004.htm,N12 - תיעוד: כך היכו את לוחמי השייטת על הסיפון,,wayback
https://www.mako.co.il/news-military/security/Article-ff8571ef7c88b31004.htm,N12 - ליברמן: לא ייתכן שפלסטינים יכו חיילים ויישארו בחיים,,wayback
https://www.mako.co.il/news-mivzak/2019_q4/Article-51ddf73c5d16e61027.htm,N12 - מבזק חצות: החיסול והרקטות,,wayback
https://www.mako.co.il/news-mivzak/2019_q4/Article-78a0f169ad32e61026.htm,N12 - מבזק חצות: רקטה התפוצצה בשטח פתוח באשכול,,wayback
https://www.mako.co.il/news-money/2020_q1/Article-98efdd5bedec071027.htm,N12 - הבנקים מודיעים: סיוע ודחיית תשלומי משכנתא בשל משבר הקורונה,,wayback
https://www.mako.co.il/news-money/2021_q2/Article-b89029f9b338971026.htm,N12 - שכונת רימאל | עזה כמו שלא ראיתם,,wayback
https://www.mako.co.il/news-money/2021_q3/Article-182399187c17b71027.htm,N12 - האי לאנאי: הצצה ליעד החופשה של נתניהו,,wayback
https://www.mako.co.il/news-money/2021_q4/Article-081bd396883bd71027.htm,N12 - סיכום שנת 2021 בהייטק הישראלי,,wayback
https://www.mako.co.il/news-money/2021_q4/Article-0ab3d59fbe11d71026.htm,"N12 - מדירות יוקרה, ועד למחסן של מסעדה: התרחבות בפערים בשוק...",,wayback
https://www.mako.co.il/news-money/2021_q4/Article-6d2d58ae627ec71026.htm,N12 - שערוריית שופרסל: אחרי החשיפה - מחאה חילונית נגד הרשת,,wayback
https://www.mako.co.il/news-money/2022_q2/Article-064a1fa8cae5181026.htm,"N12 - הנתון שמנפח את מחירי הנדל""ן: כמה זמן לוקח לבנות דירה...",,wayback
https://www.mako.co.il/news-money/2023_q1/Article-4c5bcbd44a15681027.htm,N12 - לקראת שביתה בשלטון המקומי?,,wayback
https://www.mako.co.il/news-money/2023_q1/Article-9dced921a8a7681026.htm,"N12 - נגיד בנק ישראל לשעבר תקף בזעם את הממשלה: ""זה עלבון...",,wayback
https://www.mako.co.il/news-money/2023_q2/Article-09a32f2fe4ff781027.htm,"N12 - הוכרז ""מצב מיוחד בעורף"": מה המשמעות - ומי זכאי לפיצוי?",,wayback
https://www.mako.co.il/news-money/2023_q2/Article-0d67d9a059cea81026.htm,"N12 - ""הכלכלה מצוינת"": ההצהרה של גפני – והעובדות",,wayback
https://www.mako.co.il/news-money/2023_q2/Article-104246baba0d781027.htm,"N12 - השכירות, מחירי המזון - והמלונות: כל עליות המחירים",,wayback
https://www.mako.co.il/news-money/2024_q1/Article-190a41af95f8d81027.htm,N12 - רשמית: חברת מודי'ס הורידה את דירוג האשראי של ישראל,,wayback
https://www.mako.co.il/news-money/2024_q1/Article-7b36f0b1545cc81026.htm,N12 - בנק ישראל הפחית את הריבית ב-0.25%,,wayback
https://www.mako.co.il/news-money/2024_q1/Article-7d0fb005a9a7d81027.htm,"N12 - אשת העסקים, התחקיר והטענה: קרובי משפחתי חטופים",,wayback
https://www.mako.co.il/news-money/2024_q1/Article-b502209d3c87d81026.htm,N12 - בנק ישראל מגבה את בנק לאומי שלא נענה לקריאת סמוטריץ',,wayback
https://www.mako.co.il/news-money/2024_q2/Article-0956011d2efdf81026.htm,"N12 - העבר הנאצי, קמפיין ה-BDS והרשת הבריטית שברחה מישראל",,wayback
https://www.mako.co.il/news-money/2024_q2/Article-216ef13f798df81027.htm,N12 - פוקס: Pret a Manger ביטלה את הגעתה לישראל - בגלל המלחמה,,wayback
https://www.mako.co.il/news-money/2024_q2/Article-78566163f330091026.htm,N12 - אינטל הורתה להפסיק את העבודות במפעל החדש,,wayback
https://www.mako.co.il/news-money/2024_q2/Article-86b28b1cafaee81026.htm,"N12 - קליפורניה: מפגינים התבצרו במשרד של מנכ""ל גוגל ונעצרו",,wayback
https://www.mako.co.il/news-money/2024_q2/Article-ab24b810f73fe81027.htm,N12 - סוכנות דירוג האשראי S&P; הורידה את הדירוג של ישראל,,wayback
https://www.mako.co.il/news-money/2024_q2/Article-b339cd7601dee81026.htm,N12 - חשש מתרחיש עלטה בגוש דן? הממשלה דחתה קידום תחנות כוח...,,wayback
https://www.mako.co.il/news-money/2024_q2/Article-d2bdee9a2163091026.htm,N12 - תרחיש העלטה בישראל: מה באמת יקרה במתקפה של חיזבאללה?,,wayback
https://www.mako.co.il/news-money/2024_q2/Article-e2aba5900193f81027.htm,N12 - כ-20 אלף ישראלים ייפגעו: וויז אייר מבטלת טיסות,,wayback
https://www.mako.co.il/news-money/2024_q3/Article-0e6a25f848b4191026.htm,"N12 - ""יש פה קטסטרופה כלכלית"": משמעות הורדת דירוג האשראי של...",,wayback
https://www.mako.co.il/news-money/2024_q3/Article-160815e48d0e191027.htm,N12 - דירוג המדינות הכי טובות בעולם לשנת 2024: ישראל צנחה...,,wayback
https://www.mako.co.il/news-money/2024_q3/Article-16b065bab793291026.htm,N12 - אחרי עשור: מסעדת סנטה קטרינה של תומר אגאי נסגרת,,wayback
https://www.mako.co.il/news-money/2024_q3/Article-1fa50e99c699191027.htm,"N12 - ""הרנטגן"" מבקש הסדר חוב בשל חובות של עשרות מיליוני שקלים",,wayback
https://www.mako.co.il/news-money/2024_q3/Article-229a8099af37191027.htm,N12 - סיטי: דירוג האשראי של ישראל בסכנה,,wayback
https://www.mako.co.il/news-money/2024_q3/Article-26714952f854191026.htm,N12 - ביטלו את ההטבות על המינוס: זאת הריבית שתשלמו בכל בנק,,wayback
https://www.mako.co.il/news-money/2024_q3/Article-2a25c50afd04191027.htm,N12 - הזהב האמיתי: המדליסטים האולימפיים מקבלים מתנות ששוות...,,wayback
https://www.mako.co.il/news-money/2024_q3/Article-2b559cc22155191026.htm,N12 - זינוק של 150%: אל על מציגה את הרבעון הרווחי ביותר...,,wayback
https://www.mako.co.il/news-money/2024_q3/Article-2c29cb41bab4191026.htm,"N12 - נתניהו: ""הורדת דירוג האשראי היא תולדה של המלחמה, הוא...",,wayback
https://www.mako.co.il/news-money/2024_q3/Article-3008ed418244291027.htm,N12 - בקרוב תשלמו יותר: רשימת הערים שרוצות לייקר לכם את הארנונה,,wayback
https://www.mako.co.il/news-money/2024_q3/Article-3265b77314c0191026.htm,N12 - המטוס נחת בקפריסין - כי הצוות לא היה מוכן להמשיך לישראל,,wayback
https://www.mako.co.il/news-money/2024_q3/Article-33836a86d290291026.htm,"N12 - ""הגענו להבנות"": רשת המלונות הישראלית האהובה בדרך לעבור...",,wayback
https://www.mako.co.il/news-money/2024_q3/Article-34f77a112fd1291027.htm,N12 - הגירת הון: חמשת היעדים שהמיליונרים הכי אוהבים להשקיע...,,wayback
https://www.mako.co.il/news-money/2024_q3/Article-351f90af106e191027.htm,N12 - משבר האקלים עומד לעלות לנו הרבה מאוד כסף,,wayback
https://www.mako.co.il/news-money/2024_q3/Article-376b30e0430e191027.htm,"N12 - האם אנחנו מכורים למינוס שלנו, או שבאמת אין לנו ברירה?",,wayback
https://www.mako.co.il/news-money/2024_q3/Article-3a7dd979fc83291027.htm,"N12 - ""חשש מפיטורי עובדים"": מה ההשלכות של הורדת הדירוג החדשה?",,wayback
https://www.mako.co.il/news-money/2024_q3/Article-3cb91b561161291027.htm,N12 - הפרטת נמל אשדוד ומס חדש על הבנקים: טיוטת חוק ההסדרים נחשפת,,wayback
https://www.mako.co.il/news-money/2024_q3/Article-4036b3ac5c91291027.htm,N12 - רגע לפני החגים: איך תרכיבו את סל ראש השנה הזול ביותר?,,wayback
https://www.mako.co.il/news-money/2024_q3/Article-42b35f2e8b02291026.htm,"N12 - המשק בישראל צפוי לספוג מכה קשה, כבר בימים הקרובים",,wayback
https://www.mako.co.il/news-money/2024_q3/Article-44ce07d2f589191027.htm,"N12 - סמל הסטטוס החדש של עשירי ארה""ב: כלב שמירה ב-150 אלף דולר",,wayback
https://www.mako.co.il/news-money/2024_q3/Article-45ddda7161a6191026.htm,N12 - באוצר מעריכים: נתניהו דוחה את קידום התקציב כדי לצאת...,,wayback
https://www.mako.co.il/news-money/2024_q3/Article-46c8a12322c4191027.htm,N12 - מאימפריית אסתטיקה לחובות של 113 מיליון שקל: הצרות של...,,wayback
https://www.mako.co.il/news-money/2024_q3/Article-487245e4e06f191026.htm,"N12 - הזדהו כשוטרים ועובדי בנק – ועקצו מעל מיליון שקלים: ""כל...",,wayback
https://www.mako.co.il/news-money/2024_q3/Article-49cd9b89f080191027.htm,"N12 - זינוק חד בארנונה בירושלים: ""העיר מבריחה את הצעירים""",,wayback
https://www.mako.co.il/news-money/2024_q3/Article-4d5f3b678e4e191027.htm,N12 - הדיל עם מירי רגב שיכול לשנות דרמטית את התחבורה הציבורית,,wayback
https://www.mako.co.il/news-money/2024_q3/Article-516eae929704191026.htm,N12 - זה כמה שתעלה למשפחות החרדיות הפסקת מימון מעונות היום,,wayback
https://www.mako.co.il/news-money/2024_q3/Article-54d9ce328153291027.htm,N12 - הורדה של דירוג האשראי: מודי'ס הפחיתה את דירוג האשראי של...,,wayback
https://www.mako.co.il/news-money/2024_q3/Article-59134d4ab2f9191027.htm,,,wayback
https://www.mako.co.il/news-money/2024_q3/Article-5c2a74c677d9191026.htm,N12 - מחקר: למערכת החינוך בישראל חסרים 36 מיליארד שקל כל שנה,,wayback
https://www.mako.co.il/news-money/2024_q3/Article-5edcfd4a01d9191027.htm,N12 - התעשרו בן לילה: אלה האנשים שמניית אנבידיה הפכה למיליונרים,,wayback
https://www.mako.co.il/news-money/2024_q3/Article-5f659f157dc9191027.htm,N12 - רגע ההכרעה בפרשת הונאת הענק מתקרב: איזה עונש ייגזר על...,,wayback
https://www.mako.co.il/news-money/2024_q3/Article-612dae91b980291027.htm,N12 - פלייטיקה רוכשת את סופרפליי הישראלית ב-700 מיליון דולר,,wayback
https://www.mako.co.il/news-money/2024_q3/Article-641649a44c80291027.htm,"N12 - ""מלחמה בצפון תוריד עוד יותר את הסיכוי להורדת ריבית בישראל""",,wayback
https://www.mako.co.il/news-money/2024_q3/Article-649f4613c7f3291027.htm,N12 - בנק הפועלים אפשר לפנסיונרית בת 70 לקחת יותר מ-30...,,wayback
https://www.mako.co.il/news-money/2024_q3/Article-64df5d85db0c091026.htm,N12 - הנתונים חושפים: כמה באמת עולה לנו אבטחת משפחת נתניהו?,,wayback
https://www.mako.co.il/news-money/2024_q3/Article-651ce80b5af6191027.htm,N12 - הנגיד נוזף בנתניהו על הסחבת בקידום תקציב 2025: זה המכתב...,,wayback
https://www.mako.co.il/news-money/2024_q3/Article-653284d73156191027.htm,"N12 - סוויטה ב-5,000 דולר ללילה: כמה עלו לנו הנסיעות של...",,wayback
https://www.mako.co.il/news-money/2024_q3/Article-65ece86774e2291027.htm,N12 - הסיכויים בעדכם: למה כדאי לכם דווקא עכשיו לחפש עבודה,,wayback
https://www.mako.co.il/news-money/2024_q3/Article-67e76bab8dd3291026.htm,"N12 - בוגרי אוני' ת""א - הראשונים בעולם בהקמת סטארט-אפים מחוץ...",,wayback
https://www.mako.co.il/news-money/2024_q3/Article-682d01ea6dff191027.htm,N12 - כתב אישום בכפוף לשימוע נגד שר האוצר לשעבר משה כחלון,,wayback
https://www.mako.co.il/news-money/2024_q3/Article-68a25b43bc41291027.htm,"N12 - רה""מ הנחה לבחון ביטול שטרות 200 שקל",,wayback
https://www.mako.co.il/news-money/2024_q3/Article-69615b77e5bd191026.htm,N12 - מלחמה בסופרמרקט: 50% מדווחים על זינוק בהוצאות המזון,,wayback
https://www.mako.co.il/news-money/2024_q3/Article-6c7e49a4bb22291027.htm,N12 - ביטוח הרכב קפץ ב-40%תוך 3 שנים - מה הסיכוי שזה ירד?,,wayback
https://www.mako.co.il/news-money/2024_q3/Article-70a32193f3e2291026.htm,"N12 - התחזו לבראד פיט - והונו נשים בסכומי עתק: ""האמינו שהן...",,wayback
https://www.mako.co.il/news-money/2024_q3/Article-72ddebe11a23291026.htm,N12 - עוד מכה קשה למשק: סוכנות מודי'ס תוריד הלילה את דירוג...,,wayback
https://www.mako.co.il/news-money/2024_q3/Article-7b47f0fda3d3291026.htm,N12 - מחיר הדלק יורד: יעמוד באוקטובר על 7.16 שקלים לליטר...,,wayback
https://www.mako.co.il/news-money/2024_q3/Article-7b5d1532d542291026.htm,N12 - האוצר מקדם ביטול של הפטור ממס על קרנות ההשתלמות: מה זה...,,wayback
https://www.mako.co.il/news-money/2024_q3/Article-7c35f721f223191026.htm,N12 - החוסכים לחצו: קרן הפנסיה הגדולה בבריטניה נפטרת מהשקעות...,,wayback
https://www.mako.co.il/news-money/2024_q3/Article-7de385427062291027.htm,N12 - הממשלה המעופפת: טיסות השרים - בעיצומה של המלחמה,,wayback
https://www.mako.co.il/news-money/2024_q3/Article-7f322b832d40291026.htm,"N12 - השף תומר טל עוזב את מסעדת ג'ורג' וג'ון בת""א",,wayback
https://www.mako.co.il/news-money/2024_q3/Article-80ba9961a3c0291026.htm,"N12 - יזם ""הכרישים"" נפצע קשה בעזה: ""הוא ניהל את החברה מבית...",,wayback
https://www.mako.co.il/news-money/2024_q3/Article-85f410faabca191026.htm,"N12 - יו""ר ההסתדרות: ""אי אפשר לעמוד מנגד""; סמוטריץ': ""הנחיתי...",,wayback
https://www.mako.co.il/news-money/2024_q3/Article-8b9b39a1e02b191027.htm,"N12 -  ""נורמליזציה של האנטישמיות"" המחאה הפרו-ישראלית נגד רשת...",,wayback
https://www.mako.co.il/news-money/2024_q3/Article-8de9c8ee98d3291026.htm,N12 - במשרד הכלכלה שוקלים: להפעיל נגד ארקיע את החוק בנושא...,,wayback
https://www.mako.co.il/news-money/2024_q3/Article-8f35a201d739191027.htm,"N12 - אחרי הסיוע הנדיב שהעניקו לישראל, האמריקאים הציבו דרישה...",,wayback
https://www.mako.co.il/news-money/2024_q3/Article-90655b68ffe1291026.htm,"N12 - בנק ישראל: ""לא הוצג צידוק מקצועי מבוסס דיו לביטול שטר...",,wayback
https://www.mako.co.il/news-money/2024_q3/Article-9163f45a28ef191026.htm,N12 - זינוק של 64% : 212 בעלי הון של מעל ל-100 מיליון דולר...,,wayback
https://www.mako.co.il/news-money/2024_q3/Article-9179da5b516d191026.htm,N12 - מילואימניקים עובדים? אלו הזכויות שמגיעות לכם,,wayback
https://www.mako.co.il/news-money/2024_q3/Article-92f1f43f4c4f191026.htm,N12 - עובדים ומעסיקים בחגי תשרי? הכירו את כל הזכויות והחובות...,,wayback
https://www.mako.co.il/news-money/2024_q3/Article-9a16e8b9e0e9191026.htm,"N12 - ""הממשלה מתנהלת כמו בן זוג שמסתיר מאשתו שהוא פוטר""",,wayback
https://www.mako.co.il/news-money/2024_q3/Article-a0f8331bb5e2291027.htm,"N12 - המשקיעה יסמין לוקאץ': ""הרילוקיישן היה אחת ההחלטות...",,wayback
https://www.mako.co.il/news-money/2024_q3/Article-a2eef08273d2291026.htm,N12 - בנק ישראל מבהיר: ביטול שטר ה-200 שקל אינו על הפרק,,wayback
https://www.mako.co.il/news-money/2024_q3/Article-a32655ebf31e191027.htm,N12 - מטא מיליארדר: מארק צוקרברג מתקרב לתואר האדם העשיר בעולם,,wayback
https://www.mako.co.il/news-money/2024_q3/Article-a3cc4d9ca825191027.htm,N12 - בכירי המשק מסבירים מה צריך לעשות כדי למנוע שפל כלכלי,,wayback
https://www.mako.co.il/news-money/2024_q3/Article-a5cafe017649191026.htm,N12 - מודי'ס: אלו יהיו ההשלכות של מלחמה כוללת מול חיזבאללה או...,,wayback
https://www.mako.co.il/news-money/2024_q3/Article-a9f46b402732291026.htm,N12 - משרד האוצר בדרך לגזירות דרמטיות: אלו ההצעות שעל הפרק,,wayback
https://www.mako.co.il/news-money/2024_q3/Article-aafa9fe2ea25191026.htm,"N12 - החזון של משרד האנרגיה לאיפוס פליטות: שמש, מימן -...",,wayback
https://www.mako.co.il/news-money/2024_q3/Article-ae4e288d7879191027.htm,"N12 - ישראל ב""משק סגור"". אלה החברות שמרוויחות מהמצב",,wayback
https://www.mako.co.il/news-money/2024_q3/Article-b356f6223750291027.htm,"N12 - מה צריך לעשות כדי להציל את העגבניה, ומתי המחירים ירדו",,wayback
https://www.mako.co.il/news-money/2024_q3/Article-b68ec2f1aba0291027.htm,"N12 - בוגרי התואר המבטיח לא מצליחים למצוא עבודה: ""הגשתי...",,wayback
https://www.mako.co.il/news-money/2024_q3/Article-b80967256264191027.htm,N12 - מי באמת אחראי למחירי הרכב הגבוהים? הסיבות שוועדת הכלכלה...,,wayback
https://www.mako.co.il/news-money/2024_q3/Article-b91d3517d2e2291026.htm,N12 - התכנית שמצילה את מי שהסתבך עם ההוצאה לפועל,,wayback
https://www.mako.co.il/news-money/2024_q3/Article-bad586028cf6191027.htm,N12 - הדשא לא ירוק יותר: המצב הכלכלי הקשה בטורקיה,,wayback
https://www.mako.co.il/news-money/2024_q3/Article-c1743508fe9f191026.htm,"N12 - בלי גניבות, בלי הטרדות: מה הן השכונות הבטוחות ביותר...",,wayback
https://www.mako.co.il/news-money/2024_q3/Article-c34ad0f300e8191027.htm,N12 - הדולר נחלש לרמה של 3.67 שקלים - אלו הסיבות,,wayback
https://www.mako.co.il/news-money/2024_q3/Article-c4354a0d16ea191026.htm,"N12 - הקרב על נתב""ג: משרד התחבורה מפעיל לחץ שלא לשבות בשדה...",,wayback
https://www.mako.co.il/news-money/2024_q3/Article-c529284cca2c191027.htm,N12 - מזרח ירושלים מאחור: הנוסעים בתחבורה הציבורית עדיין...,,wayback
https://www.mako.co.il/news-money/2024_q3/Article-c5f64bef9924191026.htm,N12 - הטבות המס יקוצצו וגם קצבאות הילדים: הגזירות של האוצר...,,wayback
https://www.mako.co.il/news-money/2024_q3/Article-c8c545e4e06f191026.htm,N12 - בגיל 41 הגיע לחלל: המיליארדר שנשר מהתיכון ועשה היסטוריה,,wayback
https://www.mako.co.il/news-money/2024_q3/Article-c9d54579e36f191027.htm,N12 - מדד המחירים לצרכן עלה ב-0.9 באוגוסט,,wayback
https://www.mako.co.il/news-money/2024_q3/Article-cad467cc4350291027.htm,N12 - מס על כל ק״מ נסיעה: התוכנית שבאוצר מוציאים מהקפאה,,wayback
https://www.mako.co.il/news-money/2024_q3/Article-cde548a6f6fd191026.htm,"N12 - הצרות של רשת המלונות בראון, הרוכשים הפוטנציאליים...",,wayback
https://www.mako.co.il/news-money/2024_q3/Article-d042a3928c50291027.htm,N12 - אלה מכשירי הקשר שהתפוצצו בגל השני של הפיצוצים בלבנון,related,wayback
https://www.mako.co.il/news-money/2024_q3/Article-d9614e63e2a8191027.htm,"N12 - הממשלה פרצה את מסגרת התקציב: ""דוחפים את ישראל לעוד...",,wayback
https://www.mako.co.il/news-money/2024_q3/Article-db8e825d6aff191027.htm,N12 - יגרום להתייקרויות בסופר? ניר ברקת מבטל את חובת סימון...,,wayback
https://www.mako.co.il/news-money/2024_q3/Article-dcce9539c110291026.htm,N12 - עם שני אגמים: פארק ענק יוקם באחת השכונות הכי יפות בארץ,,wayback
https://www.mako.co.il/news-money/2024_q3/Article-ddf81c73e299191027.htm,,,wayback
https://www.mako.co.il/news-money/2024_q3/Article-e53834ccdcfd191026.htm,"N12 - 1,391 נכסים ניזוקו בצפון באופן ישיר. העלות המוערכת:...",,wayback
https://www.mako.co.il/news-money/2024_q3/Article-e8712bc521f0291026.htm,"N12 - בכיר לשעבר: רה""מ לא התייעץ עם המוסד לפני ההחלטה להכניס...",,wayback
https://www.mako.co.il/news-money/2024_q3/Article-e92cfb91fa5f191027.htm,N12 - רוצה לעבוד עוד 30 שנה: ביל גייטס לא מתכוון לצאת לפנסיה,,wayback
https://www.mako.co.il/news-money/2024_q3/Article-ea139661a6c3291026.htm,N12 - 108 שנה אחרי שהוכרז המיליארדר הראשון. מי יהיה הטריליונר...,,wayback
https://www.mako.co.il/news-money/2024_q3/Article-ed1915474a2b191027.htm,N12 - אצבע בעין למערב: טורקיה מבקשת להצטרף למועדון של סין ורוסיה,,wayback
https://www.mako.co.il/news-money/2024_q3/Article-f4e2eef33847191027.htm,N12 - מהפכה ברישיון הנהיגה: מספר השיעורים הנדרש לקבלת רישיון...,,wayback
https://www.mako.co.il/news-money/2024_q3/Article-f8568eb92d30291026.htm,"N12 - עוקץ ההגירה לקנדה: ""אחרי שנה הוא פשוט נעלם עם 20 אלף שקל""",,wayback
https://www.mako.co.il/news-money/2024_q3/Article-f9600d874584191026.htm,N12 - פיץ' מורידה את דירוג האשראי של ישראל ל-A,,wayback
https://www.mako.co.il/news-money/2024_q3/Article-ff103a6005d1291026.htm,"N12 - נפתח צוהר, מחבל יוצא - והטיל נחשף | תיעוד מתוך תקיפת...",,wayback
https://www.mako.co.il/news-money/2024_q4/Article-06da6da532f1291026.htm,N12 - כובשת את אתונה: רשת המלונות הישראלית משנה את עיר הבירה,,wayback
https://www.mako.co.il/news-money/2024_q4/Article-077824e9e276291026.htm,,,wayback
https://www.mako.co.il/news-money/2024_q4/Article-147533237e06291027.htm,N12 - פוליטי או אסטרטגי? ספאר נפרדת מהבעלים של ערוץ 14,,wayback
https://www.mako.co.il/news-money/2024_q4/Article-18b059d71092291027.htm,N12 - מטורף: בכמה התייקרו העגבניות תוך שנה,,wayback
https://www.mako.co.il/news-money/2024_q4/Article-25b9eecb8d86291026.htm,,,wayback
https://www.mako.co.il/news-money/2024_q4/Article-350e9661a6c3291026.htm,N12 - לא הדירוג: הדבר האמיתי שצריך להדאיג אותנו בכלכלה הישראלית,,wayback
https://www.mako.co.il/news-money/2024_q4/Article-3a286b8c5876291026.htm,N12 - צעד גדול לגזירות 2025: האוצר פרסם תזכירי חוק להעלאת מיסים,,wayback
https://www.mako.co.il/news-money/2024_q4/Article-3b5a08b25265291027.htm,,,wayback
https://www.mako.co.il/news-money/2024_q4/Article-40b6da293e94291026.htm,N12 - חברת S&P; הודיעה על הורדת דירוג האשראי של ישראל,,wayback
https://www.mako.co.il/news-money/2024_q4/Article-42aa3154a1b6291027.htm,"N12 - סמוטריץ' מתנגד למיגון, ותושבי שדרות תקועים ללא רכבת למרכז",,wayback
https://www.mako.co.il/news-money/2024_q4/Article-44f04b91b3b6291026.htm,N12 - הצוואות הסותרות שהובילו לקרב על הירושה בין הגרושה לאלמנה,,wayback
https://www.mako.co.il/news-money/2024_q4/Article-594e2f548df6291027.htm,N12 - באוצר מתכננים ״מס עשירים״ - כך הוא יעבוד,,wayback
https://www.mako.co.il/news-money/2024_q4/Article-6c7ac82968e1291026.htm,N12 - רשת המלונות קרסה: זה מה שייפתח במקומה באזור היפה בארץ,,wayback
https://www.mako.co.il/news-money/2024_q4/Article-7791907bb7d6291027.htm,"N12 - מנהל הקרן שכתב למשקיעים: ""הייתי בטראנס מוחי כמעט שנה""",,wayback
https://www.mako.co.il/news-money/2024_q4/Article-7c8384c83074291027.htm,N12 - כל היתרונות הבריאותיים של הכרובית,,wayback
https://www.mako.co.il/news-money/2024_q4/Article-82c5c59a7107291027.htm,N12 - בזמן מלחמה: תוכנית האוצר שתפגע קשות באנשי הקבע,,wayback
https://www.mako.co.il/news-money/2024_q4/Article-831c5d2c0f74291027.htm,N12 - בכמה התייקרו טיפולי הרכב שלכם השנה?,,wayback
https://www.mako.co.il/news-money/2024_q4/Article-89638104e184291027.htm,"N12 - בג""ץ הכריע: ילדי חללי צה""ל שנולדו מקצירת זרע זכאים...",,wayback
https://www.mako.co.il/news-money/2024_q4/Article-8fa84b2f28b6291026.htm,,,wayback
https://www.mako.co.il/news-money/2024_q4/Article-9b3f5aa57234291026.htm,N12 - השינוי שחיכינו לו באייפון סוף סוף מגיע,,wayback
https://www.mako.co.il/news-money/2024_q4/Article-9d32da3a2374291026.htm,N12 - בניגוד לכל העולם: למה הישראלים עדיין רוצים ילדים?,,wayback
https://www.mako.co.il/news-money/2024_q4/Article-b404a582ab74291026.htm,N12 - הרשת הבריטית ברחה מישראל בגלל המלחמה - זה הפיצוי שהיא...,,wayback
https://www.mako.co.il/news-money/2024_q4/Article-b9c996699884291027.htm,"N12 - ""מודי'ס העניקה לממשלת ישראל הזדמנות להימנע ממשבר כלכלי""",,wayback
https://www.mako.co.il/news-money/2024_q4/Article-c6e7b03e4627291027.htm,N12 - בוטלה המלצת האיחוד האירופי לאסור טיסות לישראל,,wayback
https://www.mako.co.il/news-money/2024_q4/Article-cc7f0e457b02291027.htm,N12 - המרוץ לדירה: הצעירים שהשיגו את החלום הישראלי,,wayback
https://www.mako.co.il/news-money/2024_q4/Article-dfcb37b84907291026.htm,N12 - האם מדינת ישראל תחווה פריחה אחרי המלחמה?,,wayback
https://www.mako.co.il/news-money/2024_q4/Article-e12d123b46b6291026.htm,N12 - גולדקנופף מאיים: חוק שיפטור חרדים מגיוס - או שלא יאושר...,,wayback
https://www.mako.co.il/news-money/2024_q4/Article-e3742bb39683291027.htm,N12 - המלצת הסוכנות האירופית לתעופה |,,wayback
https://www.mako.co.il/news-money/2024_q4/Article-e6284a2c8e74291027.htm,N12 - דווקא עכשיו: הפגיעה שבוחן האוצר במענקים לחיילים משוחררים,,wayback
https://www.mako.co.il/news-money/2024_q4/Article-f459dc90d126291026.htm,N12 - הבנקים: האוצר מתנער מההסכמות שלא יוטל מס מיוחד על רווחינו,,wayback
https://www.mako.co.il/news-money/2024_q4/Article-fb5cf240cb66291027.htm,"N12 - סרטון הפיצוץ השקרי: ""דרך ראויה לציין שנה""",,wayback
https://www.mako.co.il/news-money/2024_q4/Article-ffc049c7fa76291027.htm,"N12 - ""דחסו אותנו בכלוב, הם היו אלימים"": אלפי ישראלים עוכבו...",,wayback
https://www.mako.co.il/news-money/Article-8b9b39a1e02b191027.htm,"N12 -  ""נורמליזציה של האנטישמיות"" המחאה הפרו-ישראלית נגד רשת...",,wayback
https://www.mako.co.il/news-money/consumer-q1_2019/Article-946f1be40f55861004.htm,N12 - המדריך: כך תבחרו את המקום הכי טוב במטוס,,wayback
https://www.mako.co.il/news-money/consumer-q4_2014/Article-d757282dc4d4941004.htm,N12 - גם הכנסת קובעת: ישראל יקרה יותר,,wayback
https://www.mako.co.il/news-money/consumer/Article-00c81730d624291027.htm,"N12 - ישראלים בחו""ל: ""שילמנו לחברה ישראלית ונתקענו""",,wayback
https://www.mako.co.il/news-money/consumer/Article-00ed1ccdbf14291027.htm,N12 - עידן חדש בתעופה הישראלית: אייר חיפה ביצעה את טיסתה הראשונה,,wayback
https://www.mako.co.il/news-money/consumer/Article-081f2d6d17f9191026.htm,N12 - האתר הפופולרי שמבטיח נעליים מקוריות - והחשד שהמוצרים...,,wayback
https://www.mako.co.il/news-money/consumer/Article-082d858b6caf191026.htm,N12 - פחות מ-400 דולר: זו חבילת הנופש הכי זולה שנשארה בחגים,,wayback
https://www.mako.co.il/news-money/consumer/Article-09da29f897a2291027.htm,N12 - מעל כולם: זו חברת התעופה הזרה שלא הפסיקה את הטיסות שלה...,,wayback
https://www.mako.co.il/news-money/consumer/Article-0d8f4894c3bd191027.htm,N12 - עומדים ראשונים בתור למטוס? יש לכם כינוי מעליב,,wayback
https://www.mako.co.il/news-money/consumer/Article-10593c45bd52291026.htm,"N12 - 7,000 דולר לניו יורק, אלפי דולרים לאירופה: מחלקות...",,wayback
https://www.mako.co.il/news-money/consumer/Article-16508f04f8d4321004.htm,"N12 - גאפ בישראל: הקולקציה הסודית נחשפת, וגם המחירים",,wayback
https://www.mako.co.il/news-money/consumer/Article-17857791f3a0291027.htm,N12 - לא טעים: זו חברת התעופה עם האוכל הכי גרוע,,wayback
https://www.mako.co.il/news-money/consumer/Article-179e29175d2b341004.htm,N12 - עבדו עליכם בחנות: למי פונים?,,wayback
https://www.mako.co.il/news-money/consumer/Article-17f34894c3bd191027.htm,N12 - האיים הקריביים של אירופה: המקום הסודי שמסתתר ביעד המוכר,,wayback
https://www.mako.co.il/news-money/consumer/Article-19add84fcc5c531018.htm,N12 - הצצה מיוחדת לאחוזות הפאר הגדולות בישראל,,wayback
https://www.mako.co.il/news-money/consumer/Article-19f3030c14e2291027.htm,N12 - עבר אפל במיוחד: זה מה שמסתתר ביעד הלואו קוסט המפתיע,,wayback
https://www.mako.co.il/news-money/consumer/Article-1ee44df36fe9481026.htm,N12 - השף של מסעדת היוקרה מתפטר במחאה על אי-תשלום לספקים,,wayback
https://www.mako.co.il/news-money/consumer/Article-1f269b8a80d7f31004.htm,"N12 - לקוח: ""חברת הוט איימה בהוצאה לפועל""",,wayback
https://www.mako.co.il/news-money/consumer/Article-202d42d96be3291026.htm,N12 - לפני כולם: הצצה ל-50 מקומות חדשים שייפתחו בארץ,,wayback
https://www.mako.co.il/news-money/consumer/Article-22412f55a2f8191027.htm,,,wayback
https://www.mako.co.il/news-money/consumer/Article-2366f4355fd5291026.htm,N12 - הישראלים רצויים: המדינה הערבית שתומכת בנו יותר מכולן,,wayback
https://www.mako.co.il/news-money/consumer/Article-23934ece5d91291026.htm,"N12 - אלה האותיות הקטנות: ""טוס ככל יכולתך"" יוצא לדרך בארץ...",,wayback
https://www.mako.co.il/news-money/consumer/Article-247a8fff2d90291026.htm,N12 - סכומי עתק: אסתי חשפה כמה עלתה הפאה שלראשה - וזה מטורף,,wayback
https://www.mako.co.il/news-money/consumer/Article-26c28603344cc81026.htm,N12 - עוזרים למילואימניקים: כל העסקים של אנשי ונשות המילואים,,wayback
https://www.mako.co.il/news-money/consumer/Article-2a04bcf9f32f621004.htm,"N12 - גאפ כבר בת""א: האם זה משתלם?",,wayback
https://www.mako.co.il/news-money/consumer/Article-2ce554bc1d92291027.htm,N12 - בשעה טובה: חברת התעופה הישראלית החדשה קיבלה אישור המראה,,wayback
https://www.mako.co.il/news-money/consumer/Article-2f2773615831191027.htm,N12 - בפעם השנייה בתוך חודש וחצי: לופטהנזה ואייר פראנס מבטלות...,,wayback
https://www.mako.co.il/news-money/consumer/Article-30dfe11d0e9a191027.htm,N12 - ליודעי דבר: אלה התאריכים הכי זולים לצאת בהם לחופשה בחגים,,wayback
https://www.mako.co.il/news-money/consumer/Article-3668445f2e0e191027.htm,N12 - פתיבר מסתערת על שוק חדש. האם זה מצליח לה?,,wayback
https://www.mako.co.il/news-money/consumer/Article-3883516736da191026.htm,N12 - קאמבק: אחרי 20 שנה איקאה מחזירה את הפריט האייקוני למדפים,,wayback
https://www.mako.co.il/news-money/consumer/Article-39793490e3bf191026.htm,"N12 - ""אין איש באופק"": מה קורה באי שרגיל להיות עמוס מדי בתיירים?",,wayback
https://www.mako.co.il/news-money/consumer/Article-3ccaf17a4192291027.htm,"N12 - פוטנציאל יש בשפע, עכשיו רק תממשו אותו",,wayback
https://www.mako.co.il/news-money/consumer/Article-3ea4273513af191027.htm,N12 - כוכבת עולה: העיר הזו זכתה לביקוש שיא בקיץ האחרון,,wayback
https://www.mako.co.il/news-money/consumer/Article-41ae935cd930291026.htm,N12 - ברמה אחרת מהשאר: נבחר המלון הכי טוב בעולם לשנת 2024,,wayback
https://www.mako.co.il/news-money/consumer/Article-424284c83074291027.htm,N12 - המקומות הכי טובים בארץ בשנת 2024 | mako חופש,,wayback
https://www.mako.co.il/news-money/consumer/Article-44064da8459f191027.htm,N12 - ריינאייר מבטלת טיסות בחגים בניגוד למגמה בשוק. האם היא...,,wayback
https://www.mako.co.il/news-money/consumer/Article-449223aba31e521004.htm,N12 - הצצה לבתי האנשים העשירים ביותר בישראל,,wayback
https://www.mako.co.il/news-money/consumer/Article-449ed3896190291027.htm,N12 - סנדוויץ' מגנום: היה שווה לחכות לו,,wayback
https://www.mako.co.il/news-money/consumer/Article-4852952e1e12291027.htm,N12 - בצל ההסלמה בצפון: גל ביטולי הטיסות החל,,wayback
https://www.mako.co.il/news-money/consumer/Article-4b4c49e6e285321004.htm,N12 - הצצה לספינת התענוגות הכי מפוארת שביקרה אי פעם בישראל,,wayback
https://www.mako.co.il/news-money/consumer/Article-4c458517f6e1291026.htm,N12 - מחפשים טיסה? כך תבדקו אם נתיב הטיסה עובר מעל מדינות עוינות,,wayback
https://www.mako.co.il/news-money/consumer/Article-4f428d0c6bebc11004.htm,N12 - האירו ירד - זה הזמן לטוס לאירופה,,wayback
https://www.mako.co.il/news-money/consumer/Article-4f6f56f892d2291027.htm,"N12 - ""זה פסיכולוגי, כשיש משהו חדש אני חייב להשיג""",,wayback
https://www.mako.co.il/news-money/consumer/Article-545f87ed75f4631018.htm,"N12 - ממוצ""ש: מחיר הדלק עולה ב-16 אג'",,wayback
https://www.mako.co.il/news-money/consumer/Article-556bb29de9db191026.htm,N12 - השינוי הדרמטי שמקדם משרד הכלכלה במחירים ברשתות השיווק,,wayback
https://www.mako.co.il/news-money/consumer/Article-564ea5932916291027.htm,N12 - איזו חברה מציעה את ההנחה הכי גדולה בחשמל?,,wayback
https://www.mako.co.il/news-money/consumer/Article-571740fb084e191027.htm,"N12 - טייס אל על לנוסעים: ""המטוס כבד מדי, אנחנו מורידים את...",,wayback
https://www.mako.co.il/news-money/consumer/Article-5896c593cbf6291027.htm,N12 - יש כבוד: המלון הישראלי שזכה בפרס על השירות שלו,,wayback
https://www.mako.co.il/news-money/consumer/Article-5b2d254c92e9f11004.htm,N12 - הבטיחו לכם מתנה חינם? היזהרו,,wayback
https://www.mako.co.il/news-money/consumer/Article-5bddba4c9880291027.htm,N12 - יופי מהפנט: נחתנו במפרץ הכי יפה בעולם שחיים בו בצורה...,,wayback
https://www.mako.co.il/news-money/consumer/Article-5bf76520b01b191026.htm,N12 - עגבניות מטורקיה דרך יוון: משרד החקלאות לא עדכן היבואנים,,wayback
https://www.mako.co.il/news-money/consumer/Article-6099ae0ec881291026.htm,,,wayback
https://www.mako.co.il/news-money/consumer/Article-6249d3248a6f031004.htm,N12 - צפו: הדירה הכי יקרה בישראל,,wayback
https://www.mako.co.il/news-money/consumer/Article-6b4cdadc3098191026.htm,N12 - עובד על כל החושים: ככה באמת נראית החופשה במלון הכי...,,wayback
https://www.mako.co.il/news-money/consumer/Article-70add48f704f191026.htm,,,wayback
https://www.mako.co.il/news-money/consumer/Article-72bea5892e30291027.htm,N12 - דרישה חריגה: חברת התעופה מחייבת את הדיילות ללבוש תחתונים,,wayback
https://www.mako.co.il/news-money/consumer/Article-7d89086cfbf3e71027.htm,N12 - נטפליקס מעלה מחירים: החבילות יתייקרו בכ-15%,,wayback
https://www.mako.co.il/news-money/consumer/Article-831e81760f15291026.htm,"N12 - ""טפשת נתב""ג"": זה מה שגורם לכולנו לאבד את הראש בנמל התעופה",,wayback
https://www.mako.co.il/news-money/consumer/Article-833be612e791291026.htm,N12 - זו הסיבה שבגללה תנובה החליפו את צבע הפקקים בקרטוני החלב,,wayback
https://www.mako.co.il/news-money/consumer/Article-872ab49181d9191026.htm,N12 - טסים שיכורים: חברת התעופה אומרת שזה המקום עם הנוסעים...,,wayback
https://www.mako.co.il/news-money/consumer/Article-8a67981239d2291027.htm,N12 - צוקרברג הציג את נשק יום הדין שלו: משקפיים,,wayback
https://www.mako.co.il/news-money/consumer/Article-8d19901bf7e1291026.htm,N12 - לחשב מסלול מחדש: עד היום כולם רק עברו ליד העיר הזו,,wayback
https://www.mako.co.il/news-money/consumer/Article-8de9c8ee98d3291026.htm,N12 - במשרד הכלכלה שוקלים: להפעיל נגד ארקיע את החוק בנושא...,,wayback
https://www.mako.co.il/news-money/consumer/Article-91735c56b480291027.htm,N12 - 13 העוגות הכי טובות לראש השנה 2024,,wayback
https://www.mako.co.il/news-money/consumer/Article-984ca4012f7b731018.htm,N12 - כמה בשר באמת יש בהמבורגר שלכם?,,wayback
https://www.mako.co.il/news-money/consumer/Article-9b95e778430b091027.htm,N12 - אינסטנט בובה טי: המשקה שאתם חייבים להכיר הקיץ,,wayback
https://www.mako.co.il/news-money/consumer/Article-9c8a148f62c4291027.htm,N12 - בזמן הפיגוע והאזעקות: מלון היוקרה סירב לתת מחסה לשתי נערות,,wayback
https://www.mako.co.il/news-money/consumer/Article-9cc1041be6a5b31004.htm,N12 - החל מהיום: רפורמה בחבילות הערוצים בכבלים ובלווין,,wayback
https://www.mako.co.il/news-money/consumer/Article-9ef68ac7e491291026.htm,N12 - הפופאפ הפלאפי שעומד לשבור לכם את הפיד,,wayback
https://www.mako.co.il/news-money/consumer/Article-a011bbf12cc4731018.htm,N12 - המדריך המלא להוזלת מחיר הסלולר,,wayback
https://www.mako.co.il/news-money/consumer/Article-a05210ff7565b71027.htm,N12 - רפורמת סימון המדבקות: מכירת המוצרים המסומנים המשיכה לעלות,,wayback
https://www.mako.co.il/news-money/consumer/Article-a258fedee745241004.htm,N12 - מה כדאי לכם לדעת לפני שקונים מצבר?,,wayback
https://www.mako.co.il/news-money/consumer/Article-a2ce2aa7ad34291027.htm,"N12 - המצור האווירי על ישראל: עשרות אלפים תקועים בחו""ל",,wayback
https://www.mako.co.il/news-money/consumer/Article-a50f901bf7e1291026.htm,N12 - לא מה שחשבתם: זה מה שבאמת קורה על האוניות הכי גדולות בעולם,,wayback
https://www.mako.co.il/news-money/consumer/Article-a5593cff35e1291026.htm,N12 - מהפכה של ממש: הטיסות שלנו הולכות להשתנות לגמרי בקרוב,,wayback
https://www.mako.co.il/news-money/consumer/Article-a570b442b1bff21004.htm,N12 - רשימת מלונות היוקרה של ישראל,,wayback
https://www.mako.co.il/news-money/consumer/Article-a640a5932916291027.htm,,,wayback
https://www.mako.co.il/news-money/consumer/Article-a7901a4f1578191027.htm,N12 - חברות התעופה הזרות חוזרות בהדרגה לישראל | הרשימה המתעדכנת,,wayback
https://www.mako.co.il/news-money/consumer/Article-b7407912eda1291027.htm,"N12 - ""זה הקו הכי עמוס, לאל על אין סיכוי לעמוד בביקושים,...",,wayback
https://www.mako.co.il/news-money/consumer/Article-b804fc467cc6291026.htm,N12 - סוד שמור: רוב התיירים לא שמעו על האי הים תיכוני הזה,,wayback
https://www.mako.co.il/news-money/consumer/Article-b91e8fbde76e191026.htm,"N12 - ""אף אחד כבר לא משלם מחיר מלא"": כך עובד מנגנון ההנחות...",,wayback
https://www.mako.co.il/news-money/consumer/Article-b9439c527958f81027.htm,N12 - מגנום דאבל אוכמניות או דאבל פטל ולימון? ריטה טעמה והחליטה,,wayback
https://www.mako.co.il/news-money/consumer/Article-ba1e5f14807f191027.htm,"N12 - מרחביה 7: טעים, ביתי ונדיב",,wayback
https://www.mako.co.il/news-money/consumer/Article-bd40672706cd191027.htm,N12 - הגולשים זועמים: מה קרה להמבורגר האהוב?,,wayback
https://www.mako.co.il/news-money/consumer/Article-bf487ed40d22291026.htm,N12 - רבו על השענת המושב לאחור - ונזרקו מטיסות עתידיות של החברה,,wayback
https://www.mako.co.il/news-money/consumer/Article-c0b141642324291027.htm,N12 - רגע לפני ראש השנה: המוצר שיורד מהמדפים,,wayback
https://www.mako.co.il/news-money/consumer/Article-c60e21ff01b6291027.htm,N12 - לא תמימים: הכייסים בעיר האירופית הזו עובדים שעות נוספות,,wayback
https://www.mako.co.il/news-money/consumer/Article-c89a2f0c4016221004.htm,N12 - להיט ברשת: תינוקות על רולר בליידס - שמוכרים מים,,wayback
https://www.mako.co.il/news-money/consumer/Article-cdd120caee2d621004.htm,N12 - ועכשיו: תקלה גם ברכבי מאזדה,,wayback
https://www.mako.co.il/news-money/consumer/Article-d2201518c19ee11004.htm,"N12 - ארה""ב: סלמונלה במוצרי בוטנים",,wayback
https://www.mako.co.il/news-money/consumer/Article-dad2a18c717b191026.htm,"N12 - ""המקום מת"": התיירים לא מגיעים יותר ליעד שהיה הכי אהוב...",,wayback
https://www.mako.co.il/news-money/consumer/Article-db18e2cc0400291026.htm,N12 - אתם לא רוצים לדעת: אלה הדברים הכי מוזרים ששכחו במלון,,wayback
https://www.mako.co.il/news-money/consumer/Article-dbc554c72d06291027.htm,"N12 - חופית סרמילי: ""היה לי קשה. בעלי היה מתעורר מהבכי שלי""",,wayback
https://www.mako.co.il/news-money/consumer/Article-ddf81c73e299191027.htm,N12 - עוקץ תיירים מכוער: בעיר הזו התיירים משלמים במסעדות יותר...,,wayback
https://www.mako.co.il/news-money/consumer/Article-e1f297819542291027.htm,"N12 - ""לא צריך לעשות את זה"": טרנד חדש מכעיס את צוותי נמל התעופה",,wayback
https://www.mako.co.il/news-money/consumer/Article-e6fac33c5122e11006.htm,N12 - סלולר בשנייה,,wayback
https://www.mako.co.il/news-money/consumer/Article-ebc633237e06291027.htm,,,wayback
https://www.mako.co.il/news-money/consumer/Article-fc2f12546884291026.htm,N12 - 3 ארוחות צהריים מהירות לתחילת השבוע,,wayback
https://www.mako.co.il/news-money/economy-q2_2016/Article-ddb8f22a0542551004.htm,N12 - לבייב מבקש ״תספורת״ ובונה אחוזה,,wayback
https://www.mako.co.il/news-money/economy-q4_2014/Article-d1ccfff62cae841004.htm,N12 - השר לפיד: מארגני המחאה שקוראים לרדת מהארץ - אנטי...,,wayback
https://www.mako.co.il/news-money/economy/Article-02a740dd189cc11004.htm,N12 - דריכות באחד העם: המיתון בדרך?,,wayback
https://www.mako.co.il/news-money/economy/Article-14f580dd0cd8c21004.htm,N12 - האיש שיגיע לירח גם בלי עזרת בזוקה,,wayback
https://www.mako.co.il/news-money/economy/Article-17abb8ddacbed31004.htm,N12 - אל-על לא תחדש את הקו לקהיר,,wayback
https://www.mako.co.il/news-money/economy/Article-19214893a910031004.htm,N12 - צפו: הכנסת דנה במשבר הדלק המזוהם,,wayback
https://www.mako.co.il/news-money/economy/Article-1cc6e6dd8176e21004.htm,N12 - מבזק הכלכלה: עליות שערים בבורסה,,wayback
https://www.mako.co.il/news-money/economy/Article-231a6ca87649d21004.htm,N12 - שכר המהנדס הישראלי שובר שיאים,,wayback
https://www.mako.co.il/news-money/economy/Article-3b04b69c2668131004.htm,N12 - פישר: שהמפגינים לא יגזימו בדרישותיהם - זה עלול להיות מסוכן,,wayback
https://www.mako.co.il/news-money/economy/Article-42494d697dd9c21004.htm,N12 - מבזק הכלכלה: רפורמה צפויה בפנסיה,,wayback
https://www.mako.co.il/news-money/economy/Article-4d4feae91efdc21004.htm,N12 - מבזק הכלכלה: הסוף לטוקבקים?,,wayback
https://www.mako.co.il/news-money/economy/Article-610e9d55f983d21004.htm,N12 - מיום א': שביתה ברשויות המקומיות,,wayback
https://www.mako.co.il/news-money/economy/Article-657e22ef72acd11004.htm,"N12 - הבורסה צונחת: מדד המעו""ף איבד כ-6% מערכו",,wayback
https://www.mako.co.il/news-money/economy/Article-ba9501ae76fed11006.htm,N12 - נגיד בנק ישראל תומך בתכנית האוצר,,wayback
https://www.mako.co.il/news-money/real_estate-floor12/Article-f223da9f7e66291027.htm,,,wayback
https://www.mako.co.il/news-money/real_estate/Article-03c3ac4263ff191027.htm,"N12 - כל החבר'ה קנו יחד קרקע בשרון, כל זוג בנה את בית חלומותיו",,wayback
https://www.mako.co.il/news-money/real_estate/Article-1c84ee771814191027.htm,N12 - יותר השכרות ארוכות־טווח: התוכנית האסטרטגית החדשה של...,,wayback
https://www.mako.co.il/news-money/real_estate/Article-1fb58ffa622ce81026.htm,N12 - בענף הבנייה מזהירים: ההגבלות הטורקיות יעלו את מחירי הדירות,,wayback
https://www.mako.co.il/news-money/real_estate/Article-1fb58ffa622ce81026.htm&amp;amp;amp;utm_source=Whatsapp&amp;amp;amp;utm_medium=Share,N12 - בענף הבנייה מזהירים: ההגבלות הטורקיות יעלו את מחירי הדירות,,wayback
https://www.mako.co.il/news-money/real_estate/Article-204df9908282291027.htm,"N12 - כ""ס: שדרגו בעצמם את המרפסת המוזנחת לפינת קסם",,wayback
https://www.mako.co.il/news-money/real_estate/Article-22de3d8d96ef191026.htm,N12 - מצפון ועד דרום: דירה ממוצעת התייקרה ב-145 אלף שקל בתוך...,,wayback
https://www.mako.co.il/news-money/real_estate/Article-2742dea21e91291026.htm,N12 - אחרי שמכרה ספה שקיבלה גילתה שהיא שווה פי 40,,wayback
https://www.mako.co.il/news-money/real_estate/Article-29595355acda191026.htm,N12 - רוכשים דירת יד שנייה? הנה כמה טיפים שאסור לכם לפספס,,wayback
https://www.mako.co.il/news-money/real_estate/Article-296643ee11f8191027.htm,N12 - קנתה דירה באשקלון על הים וריהטה קומפלט מאיקאה,,wayback
https://www.mako.co.il/news-money/real_estate/Article-47e585427062291027.htm,N12 - קרב הירושה על בניין המגורים ברחוב הירקון: הגרושה מול...,,wayback
https://www.mako.co.il/news-money/real_estate/Article-53ba12083ad1291027.htm,"N12 - ""כמו וילה פרטית באוויר"": פנינה רוזנבלום מוכרת את הבית",,wayback
https://www.mako.co.il/news-money/real_estate/Article-55cb86f20340291026.htm,N12 - תשכילו: מצאנו את בתי הספר הכי יפים בארץ,,wayback
https://www.mako.co.il/news-money/real_estate/Article-56ed6ea18334291027.htm,"N12 - המדינה מגרילה עוד 4,700 דירות: חצי מהן - ביישובי חרדים",,wayback
https://www.mako.co.il/news-money/real_estate/Article-5a88ebe7984f191026.htm,N12 - 5 חדרים ליד הקו הסגול: בכמה נמכרה דירה בקריית אונו?,,wayback
https://www.mako.co.il/news-money/real_estate/Article-5e111f02bb00091027.htm,"N12 - הנדל""ן בתל אביב עושה קאמבק: גידול של 30% בעסקאות ברבעון...",,wayback
https://www.mako.co.il/news-money/real_estate/Article-665cafcc8e14291026.htm,"N12 - מצוקת הדיור בישראל: מ""פינה"" ל""פנינה"" בשוק השכירות",,wayback
https://www.mako.co.il/news-money/real_estate/Article-6e5f7316cf5f191026.htm,"N12 - ת""א: הבניין המרהיב שהפך את הרחוב למפורסם",,wayback
https://www.mako.co.il/news-money/real_estate/Article-729cd589a460291026.htm,N12 - חיפה: השקיע בדירה המוזנחת 55 אלף שקל והיא נחטפה ברגע,,wayback
https://www.mako.co.il/news-money/real_estate/Article-78176426612d191026.htm,N12 - במהדורה מוגבלת: הפריט החדש והמהמם של איקאה,,wayback
https://www.mako.co.il/news-money/real_estate/Article-7e72e40f8264191026.htm,N12 - באיזו שכונה בישראל יש הכי הרבה דירות בשכירות?,,wayback
https://www.mako.co.il/news-money/real_estate/Article-91563be2a532291027.htm,"N12 - שוק הנדל""ן בת""א מתקרר, אבל לא לאורך זמן",,wayback
https://www.mako.co.il/news-money/real_estate/Article-a0f6f9849606291026.htm,,,wayback
https://www.mako.co.il/news-money/real_estate/Article-a45c9f2b2c64291027.htm,,,wayback
https://www.mako.co.il/news-money/real_estate/Article-b26e67105314d81026.htm,"N12 - שכר הדירה בת""א ירד ב-10% בהשוואה לתקופה שלפני המלחמה",,wayback
https://www.mako.co.il/news-money/real_estate/Article-b56d94115792291026.htm,N12 - מלכודת הדבש של מבצעי רכישת הדירה שמציעים הקבלנים,,wayback
https://www.mako.co.il/news-money/real_estate/Article-c8e61b18bb34291026.htm,N12 - הרצליה: שיפצה בית קסום כולו בלבן אבל חכו שתראו מה בנתה...,,wayback
https://www.mako.co.il/news-money/real_estate/Article-cd2a86db5217771027.htm,N12 - ירושלים שיאנית בהגירה שלילית - אז לאן התושבים עוזבים?,,wayback
https://www.mako.co.il/news-money/real_estate/Article-d03a0a80aead191026.htm,N12 - 9 מגדלי ענק: אלה הפרויקטים שצפויים לשנות את רמת גן,,wayback
https://www.mako.co.il/news-money/real_estate/Article-df96ab2179d2291026.htm,N12 - המקלחת שלכם מסריחה? נסו את המוצר הטבעי הזה,,wayback
https://www.mako.co.il/news-money/real_estate/Article-e61609539fc6291027.htm,N12 - הבית המהמם הזה עולה פחות מ-200 אלף שקל,,wayback
https://www.mako.co.il/news-money/real_estate/Article-eb1a78dc26f8191026.htm,N12 - כמה מוכרי הדירות בתל אביב מוכנים לרדת במחיר?,,wayback
https://www.mako.co.il/news-money/real_estate/Article-ee169fdbf9a2291027.htm,N12 - תל אביב: שיפוץ מפתיע לדירה מוזנחת בשכונה הכי משפחתית בעיר,,wayback
https://www.mako.co.il/news-money/real_estate/Article-f27c7083a63d191027.htm,N12 - בריכה חלומית ומטבח עץ יפהפה: בבית של השחקנית המפורסמת,,wayback
https://www.mako.co.il/news-money/real_estate/Article-f341a2b37d14291027.htm,"N12 - מומחים מעריכים: מחירי הנדל""ן יגיעו בקרוב לשיא",,wayback
https://www.mako.co.il/news-money/real_estate/Article-f8def26f7fb6291026.htm,"N12 - ""יפגע בכל רוכש דירה"": משמעות הגזירות החדשות במיסוי...",,wayback
https://www.mako.co.il/news-money/tech-q1_2018/Article-3d8c3e7b019d161004.htm,N12 - פרצת האבטחה שמסכנת את השוטרים,,wayback
https://www.mako.co.il/news-money/tech-q2_2016/Article-07946cad8d04551004.htm,N12 - התשובה לאפליית הבדואים בהייטק,,wayback
https://www.mako.co.il/news-money/tech-q2_2019/Article-0f3ca54eec3f961004.htm,N12 - האם מאגר המצביעים בישראל נפרץ?,,wayback
https://www.mako.co.il/news-money/tech-q4_2017/Article-684508f39a54061004.htm,N12 - צפו: החולדות המשותקות - שבו ללכת‎,,wayback
https://www.mako.co.il/news-money/tech/Article-352cb59190e6921004.htm,N12 - צפו: מי זכה במונדיאל הרובוטים?,,wayback
https://www.mako.co.il/news-money/tech/Article-35bd305fc69af11004.htm,N12 - האינטרנט הישראלי במגמת צמיחה,,wayback
https://www.mako.co.il/news-money/tech/Article-3940fcebf807e21004.htm,N12 - בעולם הערבי עושים לייק למהומות,,wayback
https://www.mako.co.il/news-money/tech/Article-451105ca4afec21004.htm,N12 - גוגל מציגה: כך נחקור את גוף האדם,,wayback
https://www.mako.co.il/news-money/tech/Article-729666ae2753821004.htm,N12 - מומחה למדעים פלנטריים: העצם הבוער - חלק מפצצת תאורה,,wayback
https://www.mako.co.il/news-money/tech/Article-74b7ee34646fc11006.htm,"N12 - Google השיקה את הדפדפן החדש שלה – ""הכרום""",,wayback
https://www.mako.co.il/news-money/tech/Article-958584352e5ae11006.htm,N12 - בלוג מלחמה,,wayback
https://www.mako.co.il/news-money/tech12/Article-045fdb110aaf191026.htm,N12 - נמוך מהצפוי: הנתון המאכזב על האייפון 16,,wayback
https://www.mako.co.il/news-money/tech12/Article-06e86e41ae90291026.htm,"N12 - המכשיר שנראה כמו אייפון, אבל מתקדם וזול ממנו",,wayback
https://www.mako.co.il/news-money/tech12/Article-0737c9dc3682291027.htm,"N12 - ""ישרא-הל"": השפה הסודית של האנטישמים ברשת נחשפת",,wayback
https://www.mako.co.il/news-money/tech12/Article-0911b19f5116291027.htm,N12 - מצאה שטיח קבור בגינה והגולשים חשדו שזאת גופה,,wayback
https://www.mako.co.il/news-money/tech12/Article-0ad3234746dcb81027.htm,"N12 - הטעות הקטנה של דובר צה""ל שתדלקה את שונאי ישראל",,wayback
https://www.mako.co.il/news-money/tech12/Article-0b89a2b84466291026.htm,N12 - שנה לאירועי 7 באוקטובר: כל הטקסים ויוזמות הזיכרון...,,wayback
https://www.mako.co.il/news-money/tech12/Article-0d3e3b3642e0b81026.htm,"N12 - הקונספירציה שמציפה את הרשת: ""גורמים בצה""ל שיתפו פעולה...",,wayback
https://www.mako.co.il/news-money/tech12/Article-114f8a583432291027.htm,"N12 - ""ליבי עם לבנון: מיה קאליפה צייצה נגד ישראל",,wayback
https://www.mako.co.il/news-money/tech12/Article-13765026acd8191027.htm,N12 - 17 שעות של אתגר: עבר בכל הרחובות של המונופול,,wayback
https://www.mako.co.il/news-money/tech12/Article-1767727edd5f191026.htm,N12 - המשבר שמסעיר את עולם הגיימינג: כל צוות Annapurna...,,wayback
https://www.mako.co.il/news-money/tech12/Article-1abf12285e89191026.htm,"N12 - ""ממשל ביידן לחץ לצנזר תכנים בנושא הקורונה""",,wayback
https://www.mako.co.il/news-money/tech12/Article-1ae4588c9d74291026.htm,N12 - עוקבים אחרי העמוד הזה? נפלתם ישר למלכודת,,wayback
https://www.mako.co.il/news-money/tech12/Article-1d16de8ccd82291027.htm,N12 - מיליונים צפו בסרטוני הנאום של היטלר בטיקטוק,,wayback
https://www.mako.co.il/news-money/tech12/Article-1d86efa4cd99191027.htm,,,wayback
https://www.mako.co.il/news-money/tech12/Article-20fb49c6fc4f191027.htm,N12 - בהפתעה: אפל יורדת מהתביעה נגד NSO הישראלית,,wayback
https://www.mako.co.il/news-money/tech12/Article-2110d5f912d3291026.htm,"N12 - הווידוי של הדיג'יי: ""אני לא מאמין ב-BDS אבל הם הכריחו...",,wayback
https://www.mako.co.il/news-money/tech12/Article-21f8ce1e3d39191026.htm,N12 - ב-200 מיליון דולר: הרכישה המקומית החדשה של צ'ק פוינט,,wayback
https://www.mako.co.il/news-money/tech12/Article-233d32e813a6191027.htm,N12 - כשר אבל מסריח: עיתונאים כועסים על גוגל,,wayback
https://www.mako.co.il/news-money/tech12/Article-233f0c2e3394291026.htm,N12 - שידור תאי: זו ההודעה שקיבלתם מפיקוד העורף,,wayback
https://www.mako.co.il/news-money/tech12/Article-260011167f4e191027.htm,N12 - שנה למלחמה: הנתון המדאיג על חברות ההייטק,,wayback
https://www.mako.co.il/news-money/tech12/Article-276e870dbae1291027.htm,"N12 - האמת על סרטון הכטב""ם ש""התפוצץ בגליל""",,wayback
https://www.mako.co.il/news-money/tech12/Article-2c2185c0b284191026.htm,N12 - הדוח שחושף: איפה עובדי ההייטק מרוויחים הכי הרבה? זה לא...,,wayback
https://www.mako.co.il/news-money/tech12/Article-2d6b06ddb182291027.htm,N12 - אחרי ביטול המכירה לגוגל: עסקת הענק החדשה שמגבשת Wiz,,wayback
https://www.mako.co.il/news-money/tech12/Article-2df17b62a2db191026.htm,"N12 - מועצת הפיקוח של מטא: ""׳מהנהר לים׳ הוא ביטוי לגיטימי""",,wayback
https://www.mako.co.il/news-money/tech12/Article-34a9a0dde56e191026.htm,N12 - תכינו ארנקים: נחשף המחיר של האייפון בישראל,,wayback
https://www.mako.co.il/news-money/tech12/Article-365ea9ae3ee6191027.htm,"N12 - ""מוכן לשרת"": התגובה של מאסק להצעה החריגה",,wayback
https://www.mako.co.il/news-money/tech12/Article-3932d748997d191027.htm,"N12 - אפל השיקה את האייפון 16, אוזניות ושעון כמה זה יעלה?",,wayback
https://www.mako.co.il/news-money/tech12/Article-3966a66a91ff191026.htm,"N12 - ממשלת ארה""ב מזהירה: עדכנו מיד את הדפדפן",,wayback
https://www.mako.co.il/news-money/tech12/Article-3e300940f342291027.htm,"N12 - ביקורת אייפון 16: זה המכשיר הכי טוב של אפל, ועדיין חסר...",,wayback
https://www.mako.co.il/news-money/tech12/Article-3eb8c21a7d00291026.htm,N12 - לאחר מבצע הביפרים: ברשתות בישראל - צוחקים כרגיל,strong,wayback
https://www.mako.co.il/news-money/tech12/Article-454c03c5ca91b81026.htm,"N12 - משרד החינוך: ""מחבל נכנס לזום של בית הספר והפחיד את הבנות""",,wayback
https://www.mako.co.il/news-money/tech12/Article-49d48e2826dcb81026.htm,N12 - טיקטוק הפכה לזירת קרב האם ישראל נשארה מאחור?,,wayback
https://www.mako.co.il/news-money/tech12/Article-4af60775002b191026.htm,,,wayback
https://www.mako.co.il/news-money/tech12/Article-4bd879d7b966191026.htm,N12 - השיקולים ששימשו את טיקטוק לאשר סרטונים אנטי-ישראליים,,wayback
https://www.mako.co.il/news-money/tech12/Article-4c50c1d8c4c6291026.htm,"N12 - התעמתו עם שורדי נובה: ""כולכם שקרנים""",,wayback
https://www.mako.co.il/news-money/tech12/Article-505b9c055aad191027.htm,N12 - יש תאריך: האייפון 16 יגיע לארץ ממש בקרוב,,wayback
https://www.mako.co.il/news-money/tech12/Article-510cdb5f98ef191027.htm,N12 - לא תצליחו לנחש מה המחיר של המנה הזאת,,wayback
https://www.mako.co.il/news-money/tech12/Article-52e88691d8f8191027.htm,N12 - זה התאריך שבו יושק האייפון 16,,wayback
https://www.mako.co.il/news-money/tech12/Article-564279f2915e191027.htm,N12 - מאסק עקץ את סוויפט - בתו הטרנסית השיבה מלחמה,,wayback
https://www.mako.co.il/news-money/tech12/Article-573ac63e5284291026.htm,N12 - התוכנה שכולנו משתמשים בה מקבלת שדרוג משמעותי,,wayback
https://www.mako.co.il/news-money/tech12/Article-59a5a6a0faca191027.htm,"N12 - ""סוכן מוסד"": הקונספירציות על הבלוגר האיראני",,wayback
https://www.mako.co.il/news-money/tech12/Article-5a67b9eebcd2291026.htm,N12 - מה אומר הביטוי החם של עמק הסיליקון?,,wayback
https://www.mako.co.il/news-money/tech12/Article-5bd502032891291027.htm,N12 - גם במלחמה: השכר הממוצע בהייטק עלה,,wayback
https://www.mako.co.il/news-money/tech12/Article-5dfdb9e8921d191027.htm,"N12 - ""התעוררתי בלי 114 ק""ג. רק אתמול קראו לי שמן""",,wayback
https://www.mako.co.il/news-money/tech12/Article-5f638bcf0816291027.htm,N12 - כבר לא אותו דבר: השינוי בשיח נגד ישראל ברשת,,wayback
https://www.mako.co.il/news-money/tech12/Article-612dae91b980291027.htm,N12 - פלייטיקה רוכשת את סופרפליי הישראלית ב-700 מיליון דולר,,wayback
https://www.mako.co.il/news-money/tech12/Article-63004894c3bd191027.htm,N12 - ישלמו מיליארדים: אפל וגוגל שוב מסתבכות,,wayback
https://www.mako.co.il/news-money/tech12/Article-63226ab87e09191027.htm,N12 - החלום ושברו: חברות הפוד-טק שעזבו את הצפון בגלל המלחמה,,wayback
https://www.mako.co.il/news-money/tech12/Article-6bfec977a1ff191027.htm,N12 - עדכנתם את האייפון? החידוש שלא כדאי לפספס כבר פה,,wayback
https://www.mako.co.il/news-money/tech12/Article-6cb9918c0305191027.htm,N12 - ישראלי שפוטר מאינטל תובע: המנהל שיתף תכנים אנטישמיים...,,wayback
https://www.mako.co.il/news-money/tech12/Article-6f5307d02b24291026.htm,"N12 - ""80% מהאוכלוסייה באיראן חיובית כלפי ישראל""",,wayback
https://www.mako.co.il/news-money/tech12/Article-6fa802225fb6191027.htm,"N12 - ""ציונות היא גזענות"" היא דעה לגיטימית, אבל ""חמאס זה...",,wayback
https://www.mako.co.il/news-money/tech12/Article-701761004ea6291026.htm,"N12 - ""המלחמה החלה, תתכוננו"": גל אירועי סייבר ביום השנה ל-7.10",,wayback
https://www.mako.co.il/news-money/tech12/Article-72bacce55235f81027.htm,N12 - הגיוס הגדול בתולדות ההייטק הישראלי: Wiz מגייסת עוד...,,wayback
https://www.mako.co.il/news-money/tech12/Article-75cae8bf755e191026.htm,"N12 - ""אני סטרייט נשוי ואוהב בגדים. אני לא מתבייש בזה""",,wayback
https://www.mako.co.il/news-money/tech12/Article-75f826492ec3291026.htm,N12 - ביבי ושרה רוקדים באייטיז: הסיפור מאחורי הסרטון הוויראלי,,wayback
https://www.mako.co.il/news-money/tech12/Article-7d79a25b0c26291027.htm,N12 - עדות חיה בלחיצה: הכלי שמפשט הכנת טקסי זיכרון ל-7 באוקטובר,,wayback
https://www.mako.co.il/news-money/tech12/Article-7e21f1254544291027.htm,N12 - הנתונים מראים: זה מה שעשתה שנה של מלחמה להייטק הישראלי,,wayback
https://www.mako.co.il/news-money/tech12/Article-7e21f1254544291027.htm&utm_source=Whatsapp&utm_medium=Share,,,wayback
https://www.mako.co.il/news-money/tech12/Article-7eac087c5d90291027.htm,N12 - עדות מבפנים: הישראלי שחדר לרשת ההשפעה של תומכי חמאס,,wayback
https://www.mako.co.il/news-money/tech12/Article-81408268b90e191027.htm,"N12 - דרמה ביוניקורן: המנכ""ל הודח וסירב לעזוב",,wayback
https://www.mako.co.il/news-money/tech12/Article-8188c9937690291027.htm,N12 - תקלה בוואטסאפ: האפליקציה קורסת,,wayback
https://www.mako.co.il/news-money/tech12/Article-81c379d29005191027.htm,"N12 - אחרי שבית המשפט קבע שהיא מונופול: ארה""ב בוחנת פירוק של...",,wayback
https://www.mako.co.il/news-money/tech12/Article-81de720c7cef191026.htm,N12 - הפנייה הדחופה שהוגשה לשר התקשורת קרעי - והקשר לשבעה...,,wayback
https://www.mako.co.il/news-money/tech12/Article-82a54ba3d7f1291026.htm,N12 - בפיקוד העורף מסבירים: כך תתגברו על בעיות ה-GPS,,wayback
https://www.mako.co.il/news-money/tech12/Article-83367ad05d9f191027.htm,N12 - רץ ברשת: פלייסטיישן 5 בעזה - ב-700 שקל בלבד,,wayback
https://www.mako.co.il/news-money/tech12/Article-899d8c5dc45e191027.htm,"N12 - ""אוכלי כלבים"": השקר של טראמפ הפך לבדיחת רשת",,wayback
https://www.mako.co.il/news-money/tech12/Article-8c2e66c04f40291027.htm,N12 - עדכנתם את האייפון והסוללה נחלשה? אתם לא לבד,,wayback
https://www.mako.co.il/news-money/tech12/Article-8eca98a7f7a0291026.htm,"N12 - ""התפקיד שלי: לחפש את האור בקצה המנהרה""",,wayback
https://www.mako.co.il/news-money/tech12/Article-909bc6aeb0e1291026.htm,N12 - דיווח: זה האייפון הבא שעומד לצאת,,wayback
https://www.mako.co.il/news-money/tech12/Article-930e29ec2bbd191027.htm,"N12 - אייפון? המכשיר שהושק השבוע עולה 10,000 שקלים",,wayback
https://www.mako.co.il/news-money/tech12/Article-94260178f462191027.htm,"N12 - בית המשפט נגד גוגל: ""הפרה את החוק""",,wayback
https://www.mako.co.il/news-money/tech12/Article-9925894012bed81026.htm,N12 - שימוש ציני בהודעות חירום לתעמולת בחירות אגרסיבית:...,,wayback
https://www.mako.co.il/news-money/tech12/Article-99b3810d0283291027.htm,"N12 - ""נסראללה יצא מהקבוצה"": הרשת חוגגת את החיסול",,wayback
https://www.mako.co.il/news-money/tech12/Article-9af3919ec9b6291027.htm,N12 - בגלל המלחמה: מחסור במכשירי אייפון 16 בארץ,,wayback
https://www.mako.co.il/news-money/tech12/Article-9b6d9ec7b324291027.htm,"N12 - טראמפ נגד גוגל: ""להעמיד אותם לדין""",,wayback
https://www.mako.co.il/news-money/tech12/Article-9b8250064cc3291027.htm,"N12 - ""המחבל *שלי* מת היום. אלו חדשות נהדרות""",,wayback
https://www.mako.co.il/news-money/tech12/Article-9bb23cca8233291026.htm,"N12 - נשיא האיטי שפך על עצמו מים במהלך נאום באו""ם והפך לוויראלי",,wayback
https://www.mako.co.il/news-money/tech12/Article-9d6323a23824291027.htm,N12 - למרות המלחמה: עלייה של יותר מ-30% בהשקעות בסטארט-אפים...,,wayback
https://www.mako.co.il/news-money/tech12/Article-a24e3134b732291027.htm,N12 - הסוף של טלגרם? השינוי שעלול לחסל את הרשת,,wayback
https://www.mako.co.il/news-money/tech12/Article-a58e1dee4500291026.htm,"N12 - מהו מכשיר הביפר, שפוצץ מרחוק לאנשי חיזבאללה?",strong,wayback
https://www.mako.co.il/news-money/tech12/Article-a602380a3699191026.htm,N12 - ניסינו את המשקפיים ששומעים בהם מדהים,,wayback
https://www.mako.co.il/news-money/tech12/Article-a72286139800291026.htm,N12 - מהאירועים הביטחוניים הגדולים שנראו: מאחורי המתקפה...,,wayback
https://www.mako.co.il/news-money/tech12/Article-aab0d95d4390291027.htm,N12 - יותר מרופא: ההישג המדהים של הבינה המלאכותית,,wayback
https://www.mako.co.il/news-money/tech12/Article-ab092af64207291026.htm,N12 - לאחר הסערה: אילון מאסק התקפל ושינה גישה,,wayback
https://www.mako.co.il/news-money/tech12/Article-abdb810d0283291027.htm,"N12 - ""תודה"": הציוץ החריג של צה""ל - והתגובות בעולם",,wayback
https://www.mako.co.il/news-money/tech12/Article-adb153c3f072191027.htm,N12 - רגע לפני פיטורי הענק: חבילות הפרישה מרצון שמציעה אינטל...,,wayback
https://www.mako.co.il/news-money/tech12/Article-ae35782a8dc6291027.htm,"N12 - מדינות בארה""ב תובעות את טיקטוק: ""הרסנית לבריאות הנפשית...",,wayback
https://www.mako.co.il/news-money/tech12/Article-b3fb18b5f680291027.htm,"N12 - ישראלים קיבלו הודעות הפחדה ""מנסראללה"": ""היכנסו למרחב מוגן""",,wayback
https://www.mako.co.il/news-money/tech12/Article-b595331e037b191026.htm,"N12 - הסיפור מאחורי הסרטון המוזר של צה""ל בטיקטוק",,wayback
https://www.mako.co.il/news-money/tech12/Article-b7cf0196f31c191027.htm,"N12 - ""סמל נאצי"": הקונספירציה סביב סיכת החטופים",,wayback
https://www.mako.co.il/news-money/tech12/Article-b80da2b37d14291027.htm,"N12 - מאות אלפי צפיות: ""אני בהלם שזה זמר ישראלי, חשבתי שהוא...",,wayback
https://www.mako.co.il/news-money/tech12/Article-bce58d0fe307191026.htm,,,wayback
https://www.mako.co.il/news-money/tech12/Article-be337520ace2291027.htm,N12 - לא תאמינו כמה עולה המכשיר החדש של שיאומי,,wayback
https://www.mako.co.il/news-money/tech12/Article-c039f8020391291026.htm,N12 - העדכון הגדול הבא לוואטסאפ יעשה לכם סדר,,wayback
https://www.mako.co.il/news-money/tech12/Article-c4ec55f2fdbd191026.htm,N12 - החברה שאליה הצטרף נפתלי בנט גייסה מיליונים,,wayback
https://www.mako.co.il/news-money/tech12/Article-c67a893bc249191027.htm,,,wayback
https://www.mako.co.il/news-money/tech12/Article-c92f89379978191026.htm,,,wayback
https://www.mako.co.il/news-money/tech12/Article-cb35df382cd9191026.htm,,,wayback
https://www.mako.co.il/news-money/tech12/Article-cd72cf4657f4191027.htm,N12 - גוגל ואפל דוחפות את המהפכה הבאה לסמארטפונים שלהן: מה...,,wayback
https://www.mako.co.il/news-money/tech12/Article-cfc5f7e94c5f191026.htm,"N12 - לעשות גוגל? הצעירים היום מעדיפים ""לטקטק""",,wayback
https://www.mako.co.il/news-money/tech12/Article-d042a3928c50291027.htm,N12 - אלה מכשירי הקשר שהתפוצצו בגל השני של הפיצוצים בלבנון,related,wayback
https://www.mako.co.il/news-money/tech12/Article-d105f7d60ae3291027.htm,"N12 - בתגובה לחות'ים: הציוץ החריג של דובר צה""ל בערבית",,wayback
https://www.mako.co.il/news-money/tech12/Article-d1ae8147fe9db81026.htm,N12 - טיקטוק: נחסל את טרנד האמריקאים שמזדהים עם בן לאדן,,wayback
https://www.mako.co.il/news-money/tech12/Article-d3daf4c5ab64291026.htm,,,wayback
https://www.mako.co.il/news-money/tech12/Article-d422eeb35dd9191026.htm,,,wayback
https://www.mako.co.il/news-money/tech12/Article-d52391217cb6291026.htm,"N12 - המהומה בהייטק: ""אם הייתי שם לב, הייתי מתנגד""",,wayback
https://www.mako.co.il/news-money/tech12/Article-d6340b06b981291027.htm,N12 - רעידת אדמה בדרך? הענקית שרוצה לרכוש את אינטל,,wayback
https://www.mako.co.il/news-money/tech12/Article-d6eddf45706e191026.htm,N12 - קיבלתם את ההודעה הזאת מהמשטרה? תיזהרו,,wayback
https://www.mako.co.il/news-money/tech12/Article-dc687e2cb385291026.htm,N12 - צוקרברג מציג: הפיצ'ר הכי מגניב בוואטסאפ,,wayback
https://www.mako.co.il/news-money/tech12/Article-dc6d1c3b6455191026.htm,N12 - בלי צנזורה או גבולות: מאסק חשף את מחולל תמונות ה-AI שלו,,wayback
https://www.mako.co.il/news-money/tech12/Article-e64699f99197191026.htm,"N12 - ""העיקר עלו לך עוקבים והתפרסמת"": התגובות שמקבלת בתו של...",,wayback
https://www.mako.co.il/news-money/tech12/Article-e6bb9d109daf191026.htm,N12 - זה הסטארטאפ החדש של אייל שני,,wayback
https://www.mako.co.il/news-money/tech12/Article-e78355eb5530191027.htm,"N12 - הנגד בצה""ל שכובש את טיקטוק - בזכות האבטיח",,wayback
https://www.mako.co.il/news-money/tech12/Article-e98332705f0d191026.htm,N12 - הצעד הבא של אילון לוי במיזם החדש,,wayback
https://www.mako.co.il/news-money/tech12/Article-ebedb54b7cc9191027.htm,,,wayback
https://www.mako.co.il/news-money/tech12/Article-ed398b1ad676c81026.htm,"N12 - פוטין לא ""חבר"": כך פעלה מתקפת הסייבר והפייק של רוסיה...",,wayback
https://www.mako.co.il/news-money/tech12/Article-efb03343975f191026.htm,"N12 - ""חכו שתגלו שהיא חיילת ישראלית שמתחפשת""",,wayback
https://www.mako.co.il/news-money/tech12/Article-f04f9e159cb4291027.htm,N12 - רואים את העכבר בתמונה? הנה מה שזה אומר עליכם,,wayback
https://www.mako.co.il/news-money/tech12/Article-f279ca7980f8191026.htm,N12 - אחרי שנקבע שהיא מונופול בתחום החיפוש: המשפט החדש שמאיים...,,wayback
https://www.mako.co.il/news-money/tech12/Article-f2b7d3e49d56291027.htm,N12 - שנה לטבח: העמוד המסתורי בטוויטר בהודעה חריגה,,wayback
https://www.mako.co.il/news-money/tech12/Article-f523cb3912bd191027.htm,"N12 - ""החידושים לא הולכים לשפר את המוצר דרסטית""",,wayback
https://www.mako.co.il/news-money/tech12/Article-f8b56f4d2489191026.htm,,,wayback
https://www.mako.co.il/news-money/tech12/Article-fa7415d8322c191026.htm,N12 - האיש שיציל את האסטרונאוטים שתקועים בחלל,,wayback
https://www.mako.co.il/news-money/tech12/Article-fab501dbb6ae191026.htm,"N12 - ההיפופוטם הננסי שכבש את הרשת: ""הפך לאייקון""",,wayback
https://www.mako.co.il/news-money/tech12/Article-ffb8a34dd65e191027.htm,N12 - גם בישראל? סמסונג תפטר 30% מעובדיה,,wayback
https://www.mako.co.il/news-money/traffic_israel/Article-055866fe925be71026.htm,"N12 - ""עוברים התעללות"": נהגי אוטובוס מספרים על התנאים המחפירים",,wayback
https://www.mako.co.il/news-n12_magazine/2020_q4/Article-d8eb0bb33d84671026.htm,"N12 - ""הבנתי שהומו זה שלילי וחולני, אז היה צריך להסתיר""",,wayback
https://www.mako.co.il/news-n12_magazine/2021_q3/Article-262e3d50611ab71026.htm,"N12 - ""טעיתי, המוניטין שלי יספוג מכה"": פרופ' דן אריאלי שובר...",,wayback
https://www.mako.co.il/news-n12_magazine/2021_q3/Article-a8c56b8cb29cb71027.htm,N12 - על סמל האינתיפאדה זכריא זביידי ששוב ברח לישראל מהידיים,,wayback
https://www.mako.co.il/news-n12_magazine/2021_q4/Article-20c935ce6fb5d71027.htm,"N12 - האשפוז, הפרידה ממרגי והשינוי הגופני: נועה קירל בריאיון...",,wayback
https://www.mako.co.il/news-n12_magazine/2022_q2/Article-2ba2f7131ce6081027.htm,"N12 - מהיר יותר, חזק יותר, קטלני יותר: כך ייראה חייל העתיד של...",,wayback
https://www.mako.co.il/news-n12_magazine/2022_q2/Article-d10c3582a1cf081026.htm,N12 - כיכר השוק ריקה: ירושלים מתקשה להתאושש מהקורונה ומהפיגועים,,wayback
https://www.mako.co.il/news-n12_magazine/2022_q3/Article-09c88570d4ec281026.htm,"N12 - ""אתה הבתול האחרון"": כשבבית הספר מותר לדבר ולצחוק על סקס",,wayback
https://www.mako.co.il/news-n12_magazine/2022_q3/Article-4f272a920f34281026.htm,N12 - מיוחד: הסקר שמגלה במי יבחרו הצעירים ואת מפת המנדטים שלהם,,wayback
https://www.mako.co.il/news-n12_magazine/2022_q3/Article-5ca459478213381027.htm,N12 - הלקח הגדול מההפסדים של פוטין: הטנק כאן כדי להישאר,,wayback
https://www.mako.co.il/news-n12_magazine/2022_q4/Article-2359435d604a481027.htm,"N12 - ""יוצאת לזרוק את הזבל עם הנשק"": הנשים שהולכות כל הזמן עם...",,wayback
https://www.mako.co.il/news-n12_magazine/2022_q4/Article-9c3800d64698381026.htm,N12 - דעה לא פופולרית: הפתרונות שיוצאות נגד הקונספציות...,,wayback
https://www.mako.co.il/news-n12_magazine/2023_q1/Article-293f88167f87681026.htm,"N12 - המרוץ לדרכון זר: ""לחפש מקום אחר למדינת תל אביב -...",,wayback
https://www.mako.co.il/news-n12_magazine/2023_q2/Article-629c56f2ba13781027.htm,"N12 - ""יש דברים שרק אנחנו עושים"": יום ביחידה למשימות תת-מימיות",,wayback
https://www.mako.co.il/news-n12_magazine/2023_q2/Article-b578508b5484881027.htm,"N12 - איך להבין את המוח, להרוג תאי סרטן ולנצל בינה מלאכותית?",,wayback
https://www.mako.co.il/news-n12_magazine/2023_q3/Article-56048a188de7a81027.htm,N12 - ישראל היא המדינה החזקה באזור - אבל יש לה נטייה מסוכנת |...,,wayback
https://www.mako.co.il/news-n12_magazine/2024_q1/Article-2efff25017b3e81026.htm,"N12 - ""הבעיה ב-7.10 לא הייתה כסף"": הדיון שיקבע את עתיד המדינה",,wayback
https://www.mako.co.il/news-n12_magazine/2024_q1/Article-68b35d2e7a83e81027.htm,"N12 - מה הוביל להחלטה של תא""ל ברק חירם לאשר ירי לבית של פסי",,wayback
https://www.mako.co.il/news-n12_magazine/2024_q3/Article-0083df8b33d8191027.htm,"N12 - ""זו הייתה השנה הטובה בחיי, ופתאום צנחתי למטה מגובה רב""",,wayback
https://www.mako.co.il/news-n12_magazine/2024_q3/Article-07f17d464292291027.htm,N12 - מה נותר מתוכנית הבלהות שנסראללה הכין לישראל?,,wayback
https://www.mako.co.il/news-n12_magazine/2024_q3/Article-0ec99d41cb40291027.htm,N12 - לא רק פוטין: המנהיג שמטריף את אירופה מבפנים,,wayback
https://www.mako.co.il/news-n12_magazine/2024_q3/Article-1666328acf0e191026.htm,N12 - הפריצה של תום נשר והסיבה שגירשה את אבא מהסט של הסרט,,wayback
https://www.mako.co.il/news-n12_magazine/2024_q3/Article-17030e52bd40291027.htm,"N12 - ""הוא היה יפה כמו מלאך"": מה קרה לנער המסיבות שנעלם בנובה?",,wayback
https://www.mako.co.il/news-n12_magazine/2024_q3/Article-1c4a186b3f82291027.htm,"N12 - ""עם עסקת החטופים בתוך שנתיים ישראל תחדל להתקיים""",,wayback
https://www.mako.co.il/news-n12_magazine/2024_q3/Article-201bd83ad8cb191027.htm,"N12 - ""הוא רצה לעשות לי הפתעה, עלה על הרכבת - ונהרג""",,wayback
https://www.mako.co.il/news-n12_magazine/2024_q3/Article-23d6cf049749191026.htm,"N12 - 6 נרצחו, 1 עדיין בשבי: מה נותר מהכספת של בארי שעלתה באש",,wayback
https://www.mako.co.il/news-n12_magazine/2024_q3/Article-29d79d41cb40291027.htm,"N12 - ""פתאום יושב מולי סטודנט עם נשק והקנה שלו מכוון אליי""",,wayback
https://www.mako.co.il/news-n12_magazine/2024_q3/Article-2b97fd296cbb191027.htm,"N12 - ליאור אשכנזי: ""אל תתפלא אם אחרי ועדת חקירה נתניהו ייבחר""",,wayback
https://www.mako.co.il/news-n12_magazine/2024_q3/Article-3267ad76ee72291026.htm,N12 - הקונדומים שחילקה וגן הילדים שהתפרצה אליו: שפי פז מדברת,,wayback
https://www.mako.co.il/news-n12_magazine/2024_q3/Article-3267ad76ee72291026.htm&utm_source=Twitter&utm_medium=Share,N12 - הקונדומים שחילקה וגן הילדים שהתפרצה אליו: שפי פז מדברת,,wayback
https://www.mako.co.il/news-n12_magazine/2024_q3/Article-3cfb3b38b40e191026.htm,"N12 - ""נועה סיפרה בבכי על השיבוץ בצבא ואני קיבלתי אגרוף בבטן""",,wayback
https://www.mako.co.il/news-n12_magazine/2024_q3/Article-49c8d533e057191026.htm,N12 - הם רופאים שהצילו חיים בעזה. כעת חלקם מרגישים שננטשו,,wayback
https://www.mako.co.il/news-n12_magazine/2024_q3/Article-4bff06ecc882291026.htm,N12 - ענבל שמעה את בתה נרצחת וכעת יוצאת למאבק סביב שיחת הטלפון,,wayback
https://www.mako.co.il/news-n12_magazine/2024_q3/Article-4eb34daef3c2191026.htm,"N12 - ""המחבלים ביקשו שאפתח מצלמה, חשבתי שהורגים אותי בלייב""",,wayback
https://www.mako.co.il/news-n12_magazine/2024_q3/Article-52449d41cb40291027.htm,"N12 - ""זה עצם בגרון של חמאס, בסוף לא יהיה להם לאן לחזור""",,wayback
https://www.mako.co.il/news-n12_magazine/2024_q3/Article-6238675a5c10291026.htm,"N12 - אהוד אולמרט ""שוכח"" מה אמר בעבר ומציע לחלק את ירושלים:...",,wayback
https://www.mako.co.il/news-n12_magazine/2024_q3/Article-7131d9cbc4f6191026.htm,"N12 - ""פוטין כבר לא מדבר, רק צועק, זה מצב שהוא לא דמיין""",,wayback
https://www.mako.co.il/news-n12_magazine/2024_q3/Article-7191ab476a99191026.htm,"N12 - רן ארז: ""לקצוב את הקדנציה שלי? לא צריך לתקן מה שלא צריך""",,wayback
https://www.mako.co.il/news-n12_magazine/2024_q3/Article-721501b1cad8191027.htm,"N12 - המועמד הגרמני שהגן על היטלר והאנטישמים ש""מרגישים אצלו...",,wayback
https://www.mako.co.il/news-n12_magazine/2024_q3/Article-76169bc5ea39191026.htm,N12 - התומך החדש והמפתיע של סינוואר | אהוד יערי,,wayback
https://www.mako.co.il/news-n12_magazine/2024_q3/Article-77ab297a8b47191026.htm,"N12 - הסיפור של התנין קלרנס והסוף הטרגי: ""היה בו משהו מהפנט""",,wayback
https://www.mako.co.il/news-n12_magazine/2024_q3/Article-780262cbbf1c191026.htm,"N12 - נדב ארגמן: ""אנחנו בדרך לדיקטטורה, אני ממש חושש לעתידה...",,wayback
https://www.mako.co.il/news-n12_magazine/2024_q3/Article-89e290da9605191026.htm,"N12 - ""הייתי בשוק"": הסוד של הקצין התגלה אחרי 20 שנה",,wayback
https://www.mako.co.il/news-n12_magazine/2024_q3/Article-978dfebf701e191026.htm,"N12 - ""מצמידים קלצ'ניקוב לראש"": מיכל לובנוב שומעת על חיי בעלה...",,wayback
https://www.mako.co.il/news-n12_magazine/2024_q3/Article-a643ff715456191026.htm,"N12 - נפלו מקומה 3, הפכו מקרר ועברו דרך קירות: הקרב ההרואי בעזה",,wayback
https://www.mako.co.il/news-n12_magazine/2024_q3/Article-bb9e38e52069091027.htm,N12 - משחק מסוכן: הקלף שבן גביר שולף מכאיב לנתניהו,,wayback
https://www.mako.co.il/news-n12_magazine/2024_q3/Article-bebf63824b30291026.htm,N12 - כך הפך נתניהו למרוויח הגדול בסופו של שבוע פוליטי סוער,,wayback
https://www.mako.co.il/news-n12_magazine/2024_q3/Article-bf21ac852247191027.htm,"N12 - שקמה ברסלר: ""נתניהו יותר שמאל ממרצ. פחד לחסל את סינוואר""",,wayback
https://www.mako.co.il/news-n12_magazine/2024_q3/Article-bf6085b0ac81291026.htm,N12 - יום בצפון הבוער: כך נראית רצועת ביטחון בתוך המדינה,,wayback
https://www.mako.co.il/news-n12_magazine/2024_q3/Article-cc6f26ccf70e191027.htm,"N12 - ""הזדמנויות כאלה צצות תוך דקה"": המרדף אחרי יחיא סינוואר",,wayback
https://www.mako.co.il/news-n12_magazine/2024_q3/Article-d02e0e52bd40291027.htm,"N12 - ""טיל שיוט ראשון נפל ואין זמן להתרגש"": כך סוכלה המתקפה...",,wayback
https://www.mako.co.il/news-n12_magazine/2024_q3/Article-d190d9116f70191026.htm,"N12 - ""כשחזרתי מעזה החלפתי טלפון כי השב""כ המליץ – וננעלתי""",,wayback
https://www.mako.co.il/news-n12_magazine/2024_q3/Article-d374544e533e091027.htm,,,wayback
https://www.mako.co.il/news-n12_magazine/2024_q3/Article-f411340f4915191026.htm,"N12 - ""דברים שאפילו לא סיפרתי להורים שלי"": דור הררי נחשף",,wayback
https://www.mako.co.il/news-n12_magazine/2024_q3/Article-f5886bfd6d79191027.htm,"N12 - הנשק העוצמתי והמדויק של נסראללה שישראל חשפה, אך נמנעת...",,wayback
https://www.mako.co.il/news-n12_magazine/2024_q3/Article-f85960598591291027.htm,"N12 - ""הוא מסכסך"": כשנוסבאום הצטרף לשיחת וואטסאפ של משפחת צפיר",,wayback
https://www.mako.co.il/news-n12_magazine/2024_q3/Article-f9b178b2771d191026.htm,"N12 - ""ילד יפהפה וטוב לב - פספוס גדול"": אורן סמדג'ה מדבר על...",,wayback
https://www.mako.co.il/news-n12_magazine/781730bdada5e810/Article-051bdac6c233f81027.htm,"N12 - המחאה בארה""ב והתמיכה בחמאס ב-7.10: ""הם קרובים לתל אביב""",,wayback
https://www.mako.co.il/news-n12_magazine/781730bdada5e810/Article-13492a62eca2091026.htm,"N12 - בין הישראלים שדוחפים להתנחל בלבנון יש ד""ר עם ייחוס מפתיע",,wayback
https://www.mako.co.il/news-n12_magazine/781730bdada5e810/Article-c725222dc247e81027.htm&utm_source=Whatsapp&utm_medium=Share,"N12 - פרסמה פוסט במדים והייתה בהלם: ""ידעו עליי הכול ואיימו ברצח""",,wayback
https://www.mako.co.il/news-n12_magazine/781730bdada5e810/Article-c845474e0b5ee81027.htm,"N12 - ""הייתה לנו בת והיא נרצחה ואף אחד לא יודע שהיא הייתה שם""",,wayback
https://www.mako.co.il/news-n12_magazine/781730bdada5e810/Article-cd27285e46bee81026.htm,N12 - גם נתניהו יודע: זה האיש שיקבע את עתיד הממשלה,,wayback
https://www.mako.co.il/news-n12_magazine/781730bdada5e810/Article-fc0ef1db322ef81026.htm,"N12 - יצאו לקושש מילואימניקים בוואטסאפ: ""מחפשים לוחמים לחודש""",,wayback
https://www.mako.co.il/news-n12_magazine/7c2e4b3aeab21910/Article-1042ef053084291027.htm,N12 - סיפור הגבורה מאחורי הצילום של השוטר שהרים את ברהנו טגניה,,wayback
https://www.mako.co.il/news-n12_magazine/7c2e4b3aeab21910/Article-471a9f2b2c64291027.htm,"N12 - ""לא כל העם איתנו, הציבור מתחיל לנרמל את הסיטואציה""",,wayback
https://www.mako.co.il/news-n12_magazine/7c2e4b3aeab21910/Article-4812f5e54150191027.htm,,,wayback
https://www.mako.co.il/news-n12_magazine/7c2e4b3aeab21910/Article-7b28901ccc64291027.htm,"N12 - הבכיר בחיזבאללה ש""חוסל בדרך ליפהפייה"" והמידע הרגיש שנאסף",,wayback
https://www.mako.co.il/news-n12_magazine/7c2e4b3aeab21910/Article-b442e75ebe1d191026.htm,N12 - המלחמה מהעיניים שלכם: תמונות גולשים מהמלחמה | פרויקט מיוחד,,wayback
https://www.mako.co.il/news-n12_magazine/7c2e4b3aeab21910/Article-ca96ce39d914291026.htm,"N12 - ""פחדתי נורא, הרגיש לי מנותק להוציא את 'נאדי באדי' במלחמה""",,wayback
https://www.mako.co.il/news-n12_magazine/7c2e4b3aeab21910/Article-cddfd505f5e4291027.htm,"N12 - ""כאילו ידעתי מראש שזה הולך לקרות"": הורי החיילת הראשונה...",,wayback
https://www.mako.co.il/news-n12_magazine/7c2e4b3aeab21910/Article-ec93012d4882291026.htm,"N12 - ""לא פחדתי שיהרגו אותי"": יוכבד ליפשיץ והעימות עם סינוואר...",,wayback
https://www.mako.co.il/news-n12_magazine/7c2e4b3aeab21910/Article-f22f4b3aeab2191027.htm,"N12 - ""השלמנו עם הדקות האחרונות שלנו"": האם ובתה שניצבו מול...",,wayback
https://www.mako.co.il/news-n12_magazine/7c2e4b3aeab21910/Article-f9df9f2b2c64291027.htm,"N12 - ""מספרי הזהב"" שאפשרו להגיע עד לבונקר של נסראללה",,wayback
https://www.mako.co.il/news-n12_magazine/nussbaum_typing/Article-471a9f2b2c64291027.htm,"N12 - ""לא כל העם איתנו, הציבור מתחיל לנרמל את הסיטואציה""",,wayback
https://www.mako.co.il/news-podcast_n12/2024_q3/Article-7423da5327b2291026.htm,"N12 - ""אחד ביום"" | המלחמה הארוכה בלבנון: חלק ג'",,wayback
https://www.mako.co.il/news-podcast_n12/one_a_day-captivity_7october/Article-fd3840010bd3291026.htm,N12 - בשבי: שיחה עם שני גורן,,wayback
https://www.mako.co.il/news-podcast_n12/one_a_day/Article-06b8682eef3d191027.htm,N12 - אחד ביום | סמוטריץ' מציג: תקציב מלחמה,,wayback
https://www.mako.co.il/news-podcast_n12/one_a_day/Article-0bcd78d0035b191027.htm,N12 - אחד ביום | בשבי: שיחה עם עדה שגיא,,wayback
https://www.mako.co.il/news-podcast_n12/one_a_day/Article-1c426b210c77191027.htm,N12 - ״אחד ביום״: נורות האזהרה הכלכליות,,wayback
https://www.mako.co.il/news-podcast_n12/one_a_day/Article-1f4a797372b0191027.htm,"N12 - ""אחד ביום"": החיסול של איסמאעיל הנייה",,wayback
https://www.mako.co.il/news-podcast_n12/one_a_day/Article-23830fb060c3b71026.htm,"N12 - תום עידן אנגלה מרקל | פודקאסט ""אחד ביום""",,wayback
https://www.mako.co.il/news-podcast_n12/one_a_day/Article-2bcd71fa36b3291026.htm,N12 - ״אחד ביום״: המלחמה הארוכה בלבנון: חלק ד׳,,wayback
https://www.mako.co.il/news-podcast_n12/one_a_day/Article-2fc85bacd395971026.htm,,,wayback
https://www.mako.co.il/news-podcast_n12/one_a_day/Article-3a83960e6654291027.htm,"N12 - ""אחד ביום"": לשקם את כפר עזה",,wayback
https://www.mako.co.il/news-podcast_n12/one_a_day/Article-418396654b81291027.htm,"N12 - ""אחד ביום"": מחוז ש""י - מה עושה המשטרה מעבר לגדר?",,wayback
https://www.mako.co.il/news-podcast_n12/one_a_day/Article-4358b4165c19191026.htm,N12 - במנהרות של חיזבאללה,,wayback
https://www.mako.co.il/news-podcast_n12/one_a_day/Article-4395a122a025971026.htm,"N12 - הקרב על שיח ג'ראח | פודקאסט ""אחד ביום""",,wayback
https://www.mako.co.il/news-podcast_n12/one_a_day/Article-49f4b0e07f36291026.htm,"N12 - ""אחד ביום"" | בארי: שנה אחרי",,wayback
https://www.mako.co.il/news-podcast_n12/one_a_day/Article-5706addd687f191027.htm,N12 - אחד ביום | בשבי: שיחה עם אילנה גריצווסקי,,wayback
https://www.mako.co.il/news-podcast_n12/one_a_day/Article-6ed51fe74ccf191027.htm,N12 - ״אחד ביום״: איך לכתוב הספד?,,wayback
https://www.mako.co.il/news-podcast_n12/one_a_day/Article-7423da5327b2291026.htm,"N12 - ""אחד ביום"" | המלחמה הארוכה בלבנון: חלק ג'",,wayback
https://www.mako.co.il/news-podcast_n12/one_a_day/Article-923700d6c6dd191026.htm,"N12 - ""אחד ביום"" | מעצמה של ספורט פראלימפי",,wayback
https://www.mako.co.il/news-podcast_n12/one_a_day/Article-951b3df4a9b1291026.htm,N12 - אחד ביום | בשבי: שיחה עם ליאת אצילי,,wayback
https://www.mako.co.il/news-podcast_n12/one_a_day/Article-ae74931c7c5c771026.htm,"N12 - נפילתו של בני גנץ | פודקאסט ""אחד ביום""",,wayback
https://www.mako.co.il/news-podcast_n12/one_a_day/Article-b2ebb57c7e10291026.htm,"N12 - ""אחד ביום"": הזיגזג של גדעון סער",,wayback
https://www.mako.co.il/news-podcast_n12/one_a_day/Article-b2ebb57c7e10291026.htm&utm_source=Twitter&utm_medium=Share,"N12 - ""אחד ביום"": הזיגזג של גדעון סער",,wayback
https://www.mako.co.il/news-podcast_n12/one_a_day/Article-b58c410a1ea9191026.htm,N12 - אחד ביום | בשבי: שיחה עם מרגלית מוזס,,wayback
https://www.mako.co.il/news-podcast_n12/one_a_day/Article-c4592989f62f191026.htm,"N12 - ""אחד ביום"": האבולוציה של הטרור בשטחים",,wayback
https://www.mako.co.il/news-podcast_n12/one_a_day/Article-c5f7a7c9e070291026.htm,N12 - ״אחד ביום״: מתקפת הביפרים בלבנון,strong,wayback
https://www.mako.co.il/news-podcast_n12/one_a_day/Article-c8167a484baa191027.htm,"N12 - ""אחד ביום"": תקועים בחלל",,wayback
https://www.mako.co.il/news-podcast_n12/one_a_day/Article-cc6b76366f62291026.htm,,,wayback
https://www.mako.co.il/news-podcast_n12/one_a_day/Article-e40c9074d612291026.htm,N12 - המלחמה הארוכה בלבנון: חלק א',,wayback
https://www.mako.co.il/news-podcast_n12/one_a_day/Article-fc728c9572aba71027.htm,"N12 - פודקאסט ""אחד ביום"": להבין את הר הבית",,wayback
https://www.mako.co.il/news-podcast_n12/unholy/Article-25f9965fd1dbb81026.htm,N12 - הקרב על האלגוריתם: מדוע ישראל מפסידה בזירת הרשתות החברתיות,,wayback
https://www.mako.co.il/news-politics/2019_Q3/Article-9855879e0cdac61027.htm,"N12 - שקד: ""עידוד הגירת תושבי עזה - אינטרס ישראלי""",,wayback
https://www.mako.co.il/news-politics/2020_q4/Article-f04f75097975671027.htm,N12 - ישראל כוננה יחסים רשמיים עם בהוטן,,wayback
https://www.mako.co.il/news-politics/2021_q1/Article-22faff23bd2d671026.htm,"N12 - רפי פרץ הודיע על פרישה מהפוליטיקה: ""הזמן לתת לכוחות...",,wayback
https://www.mako.co.il/news-politics/2021_q1/Article-ab91438bc276771026.htm,"N12 - הרשימה המשותפת מתפרקת: רע""מ תרוץ לבד בבחירות הקרובות",,wayback
https://www.mako.co.il/news-politics/2021_q1/Article-acc6de67f92e671027.htm,"N12 - מפגינים פרצו מחסום - רה""מ ורעייתו הוכנסו למתחם מאובטח",,wayback
https://www.mako.co.il/news-politics/2021_q1/Article-ce752931b2fe771027.htm,"N12 - ח""כ שאשא-ביטון מגיבה לנתניהו: ""אחד משיאי השפל""",,wayback
https://www.mako.co.il/news-politics/2022_q1/Article-9cfab9d9a903e71027.htm,"N12 - יאיר גולן: ""האמירה שלי לא מוצלחת ונאמרה בכעס""",,wayback
https://www.mako.co.il/news-politics/2022_q2/Article-374de2ac00f8181027.htm,"N12 - במרצ מתנערים מח""כ זועבי ג'ידא רינאוי זועבי",,wayback
https://www.mako.co.il/news-politics/2022_q2/Article-719672305b28181027.htm,N12 - נאום בנט ולפיד: התגובה ברגע שבו האורות כבו - והחיבוק...,,wayback
https://www.mako.co.il/news-politics/2022_q2/Article-f4d8c47211a0181027.htm,"N12 - סערת פינוי חומש: עימותים בין פעילי שמאל למשטרה, 3 נעצרו",,wayback
https://www.mako.co.il/news-politics/2022_q3/Article-05abb20f4aee181026.htm,N12 - במפלגת העבודה שולפים את הסכינים: הקמפיין נגד מפלגת...,,wayback
https://www.mako.co.il/news-politics/2022_q3/Article-10591820585f181026.htm,N12 - ביידן המריא לישראל: כך ייראה ביקורו הראשון בארץ כנשיא,,wayback
https://www.mako.co.il/news-politics/2022_q3/Article-ab303ee9ca9f281027.htm,"N12 - ""למרות מיקומו הריאלי"": סגן השרה מאיר יצחק הלוי הודיע על...",,wayback
https://www.mako.co.il/news-politics/2022_q4/Article-08c02fe6f05a381026.htm,"N12 - המשטרה נגד ח""כ רוטמן: ניצל חסינותו לרעה והכשיל שוטרים",,wayback
https://www.mako.co.il/news-politics/2022_q4/Article-f1a4c23dcc09581027.htm,N12 - אחרי הנהגים שפוטרו: מי עוד על הכוונת של ממשלת נתניהו ה-6?,,wayback
https://www.mako.co.il/news-politics/2023_q1/Article-0eba2a863829581027.htm,N12 - שינוי הרכב הוועדה למינוי שופטים יאפשר לממשלה למנות מי...,,wayback
https://www.mako.co.il/news-politics/2023_q1/Article-2454d6d5f38b681027.htm,"N12 - נגד המהפכה והסרבנות: ריאיון עם מפקד חה""א לשעבר",,wayback
https://www.mako.co.il/news-politics/2023_q1/Article-26fd6b7a8c14681027.htm,"N12 - הרמטכ""ל לשעבר: ""חיילים וקצינים - לא שכירי חרב של דיקטטור""",,wayback
https://www.mako.co.il/news-politics/2023_q1/Article-4c89f5090581681026.htm,"N12 - סקר מנדטים ראשון אחרי הבחירות: גנץ מתחזק, נתניהו נחלש",,wayback
https://www.mako.co.il/news-politics/2023_q1/Article-811ba0dee349681026.htm,"N12 - אבי מעוז הודיע לנתניהו: ""מתפטר מתפקידי בממשלה""",,wayback
https://www.mako.co.il/news-politics/2023_q1/Article-8443c9a1635e681027.htm,"N12 - עיתונאים נטשו בזעם את קבוצת הדוברות של הליכוד:""אין לי...",,wayback
https://www.mako.co.il/news-politics/2023_q1/Article-ad2683e958fd581027.htm,"N12 - כתובת פיקטיבית: כך הצליח סגן יו""ר הכנסת ח""כ ואטורי...",,wayback
https://www.mako.co.il/news-politics/2023_q1/Article-ad81fbea5238581026.htm,N12 - עובדי מדינה על הכוונת של לשכת ראש הממשלה,,wayback
https://www.mako.co.il/news-politics/2023_q1/Article-b090e7be50b4681027.htm,"N12 - חולדאי מגיב לראשונה על תלונת הליכוד: ""לדיקטטורה מתנגדים...",,wayback
https://www.mako.co.il/news-politics/2023_q1/Article-c4bbab038f2b681027.htm,"N12 - מחאת המילואימניקים ב-8200: ""לא נגיע עד שתבוטל המהפכה...",,wayback
https://www.mako.co.il/news-politics/2023_q1/Article-e2ad03116aa0781026.htm,N12 -  איך ניסים ואטורי מהליכוד הוא קבלן מבצע בפרויקט בתל אביב,,wayback
https://www.mako.co.il/news-politics/2023_q2/Article-3762dd484afb881027.htm,N12 - סקר מנדטים: המחנה הממלכתי וגנץ בתיקו עם הליכוד בראשות...,,wayback
https://www.mako.co.il/news-politics/2023_q2/Article-658faac42ba9781026.htm,"N12 - מאי גולן, קונסולית ישראל בניו יורק? ההצעה של רה""מ במקום...",,wayback
https://www.mako.co.il/news-politics/2023_q2/Article-83acb0a860ce781026.htm,"N12 - סקר ""אולפן שישי"": 84% קבעו - טיפול הממשלה בפשיעה סה""כ גרוע",,wayback
https://www.mako.co.il/news-politics/2023_q3/Article-4d665ff96ffe981026.htm,N12 - שיטת שר האוצר להעברת כספים לחינוך הדתי,,wayback
https://www.mako.co.il/news-politics/2023_q3/Article-56d568cfa254a81026.htm,"N12 - בג""ץ יכריע: עתירה ראשונה נגד ועדת פגסוס שהקים השר לוין",,wayback
https://www.mako.co.il/news-politics/2023_q3/Article-72d3132af469981026.htm,N12 - הרופאים מאיימים לעזוב את הארץ ותוקפים את משרד הבריאות,,wayback
https://www.mako.co.il/news-politics/2023_q3/Article-7d7cadc9f66ea81027.htm,"N12 - השבוע ה-39 למחאה נגד המהפכה המשפטית: ""משבר חוקתי מתקרב""",,wayback
https://www.mako.co.il/news-politics/2023_q3/Article-86bb16915ab1a81026.htm,"N12 - ""הטרור מתגבר בגלל לפיד-גנץ ועבאס"": כך התבטאו חברי...",,wayback
https://www.mako.co.il/news-politics/2023_q3/Article-9dbdbc630566981027.htm,"N12 - ""יום ההתנגדות"": חסימת תחנות רכבת ושיבוש המרחב הדיגיטלי",,wayback
https://www.mako.co.il/news-politics/2023_q3/Article-b9c71fa9b00da81026.htm,"N12 - זו העמותה שארגנה את התפילות בהפרדה בלב ת""א: ""גאים בהדתה""",,wayback
https://www.mako.co.il/news-politics/2023_q3/Article-c1f5ea2110e3a81026.htm,N12 - 30 שנה להסכם אוסלו: בחזרה לרגע ששינה את ההיסטוריה הישראלית,,wayback
https://www.mako.co.il/news-politics/2023_q3/Article-de9cf82da523a81027.htm,"N12 - יוסף חדאד הותקף בדובאי: ""בגלל הדעות שלי והעשייה שלי...",,wayback
https://www.mako.co.il/news-politics/2023_q4/Article-1ccfef1a62b3c81027.htm,N12 - ההכרזה על התארגנות טרור חדשה בלבנון - והזעם,,wayback
https://www.mako.co.il/news-politics/2023_q4/Article-9f47fed9563eb81027.htm,"N12 - סקר ""היום שאחרי"": 44% מהציבור רוצה להתיישב שוב בעזה,...",,wayback
https://www.mako.co.il/news-politics/2023_q4/Article-d64753c3e93eb81027.htm,"N12 - סגן יו""ר הכנסת ניסים ואטורי: ""לשרוף את עזה, להטביע אותם""",,wayback
https://www.mako.co.il/news-politics/2023_q4/Article-ff311278f1b9c81026.htm,N12 - אביו של סרן איתן פיש במכתב המרגש של ללוחמים,,wayback
https://www.mako.co.il/news-politics/2024_q1/Article-10f9b5ce83b5d81027.htm,"N12 - סקר חדשות 12: גנץ מטפס, נתניהו מאחור",,wayback
https://www.mako.co.il/news-politics/2024_q1/Article-2eca35be2f2ff81026.htm,"N12 - סקר אולפן שישי: רוב בעד עסקה, נתניהו מונע משיקולים...",,wayback
https://www.mako.co.il/news-politics/2024_q1/Article-3bc78f63bb47e81026.htm,"N12 - מסמך התיקונים המפורט של היועמ""שית - והדד-ליין",,wayback
https://www.mako.co.il/news-politics/2024_q1/Article-76c8bbd12d73d81026.htm,"N12 - הביקורת על קטאר, וגם על ארה""ב: ""ככה לא נראה לחץ""",,wayback
https://www.mako.co.il/news-politics/2024_q1/Article-7c6a192b2cbfd81026.htm,"N12 - בכיר נגד נתניהו: ""רוצה מלחמה בלי סוף""",,wayback
https://www.mako.co.il/news-politics/2024_q1/Article-7ce65d03aa05d81027.htm,"N12 - בכירים בממשלה ובקואליציה משתתפים בכנס ה""התיישבות בעזה""",,wayback
https://www.mako.co.il/news-politics/2024_q1/Article-ca3e2a36f508e81026.htm,"N12 - קנס של 40 אלף שקלים והשעיית רישיון: הסנקציות נגד חה""כ...",,wayback
https://www.mako.co.il/news-politics/2024_q1/Article-e633fb704833e81026.htm,N12 - סקר חדשות 12: 40% מתומכי גוש נתניהו בעד הקדמת הבחירות,,wayback
https://www.mako.co.il/news-politics/2024_q1/Article-ee61565f61d2d81026.htm,N12 - שרה נתניהו דורשת להדיח את הדובר במערך ההסברה,,wayback
https://www.mako.co.il/news-politics/2024_q2/Article-165fb9187adff81027.htm,N12 - היום שאחרי פרישת גנץ: המוקשים של הקואליציה,,wayback
https://www.mako.co.il/news-politics/2024_q2/Article-166e02e1a12ff81026.htm,"N12 - מזכיר הממשלה עונה ליועמ""שית: ""טרם בשלה השעה לחקור את...",,wayback
https://www.mako.co.il/news-politics/2024_q2/Article-182ade748ea1f81027.htm,"N12 - השר בן גביר נפצע בהתהפכות רכבו, מצבו קל",,wayback
https://www.mako.co.il/news-politics/2024_q2/Article-1ac74554da07191026.htm,N12 - המכרז במיליוני שקלים לטקס לציון שנה ל-7 באוקטובר,,wayback
https://www.mako.co.il/news-politics/2024_q2/Article-1ce19d32505c091026.htm,"N12 - ארגוני מחאה הכריזו על הקמת ועדת חקירה אזרחית: ""מתביישים...",,wayback
https://www.mako.co.il/news-politics/2024_q2/Article-1f2f92886ebaf81027.htm,"N12 - מי אחראי לכשלון עסקת החטופים? סקר ""אולפן שישי""",,wayback
https://www.mako.co.il/news-politics/2024_q2/Article-2ca5b638779be81027.htm,"N12 - סקר חדשות 12: המחנה הממלכתי נחלש, הליכוד ויש עתיד מתחזקות",,wayback
https://www.mako.co.il/news-politics/2024_q2/Article-35533bdf108ee81026.htm,"N12 - חשיפה: הקלטות שקד ונוה סביב מינוי נשיא למחוזי ת""א",,wayback
https://www.mako.co.il/news-politics/2024_q2/Article-3844c5dc4107191027.htm,"N12 - ""גורם מדיני"" יוצא נגד ""מדליפים עלומים"" - ""שערורייה""",,wayback
https://www.mako.co.il/news-politics/2024_q2/Article-3e80377cbe8ff81026.htm,"N12 - גנץ ביטל את ההצהרה, נתניהו פנה אליו: ""אל תצא מהממשלה""",,wayback
https://www.mako.co.il/news-politics/2024_q2/Article-4ece32fac0fef81027.htm,"N12 - היועמ""שית לנתניהו: יש להקים ועדת חקירה ממלכתית בהקדם",,wayback
https://www.mako.co.il/news-politics/2024_q2/Article-4f8915577f20091026.htm,"N12 - סקר חדשות 12: מפלגה של ליברמן, בנט, סער ויוסי כהן -...",,wayback
https://www.mako.co.il/news-politics/2024_q2/Article-63d8fd6bf2e5f81026.htm,N12 - פרסום ראשון: ראש מערך ההסברה הלאומי מתפטר,,wayback
https://www.mako.co.il/news-politics/2024_q2/Article-68986e8c045cf81027.htm,"N12 - כך רגב מתמודדת עם תחקיר ""המקור""",,wayback
https://www.mako.co.il/news-politics/2024_q2/Article-79ae4b7a57dff81027.htm,"N12 - הערב: הצהרת יו""ר המחנה הממלכתי בני גנץ",,wayback
https://www.mako.co.il/news-politics/2024_q2/Article-7a820acc6bf2f81027.htm,N12 - 58% מהנשאלים: על נתניהו להתפטר מיידית | סקר חדשות 12,,wayback
https://www.mako.co.il/news-politics/2024_q2/Article-927a7544962ff81026.htm,N12 - פרסום ראשון: השיחה של נתניהו וגנץ על פירוק ממשלת החירום,,wayback
https://www.mako.co.il/news-politics/2024_q2/Article-92f9b169b1eff81027.htm,"N12 - נתניהו על פרישת גנץ: ""זה לא הזמן לנטוש את המערכה""",,wayback
https://www.mako.co.il/news-politics/2024_q2/Article-9afa1524a09ff81027.htm,N12 - רבבות מפגינים בקפלן בקריאה לצאת לבחירות,,wayback
https://www.mako.co.il/news-politics/2024_q2/Article-a019a01e80d6291026.htm,N12 - נתניהו לגלנט: ביקור בוושינגטון – רק אחרי אישור קבינט,,wayback
https://www.mako.co.il/news-politics/2024_q2/Article-a6894bbebe92291026.htm,"N12 - השיחה עם גלנט, והייאוש של משפחות חטופים: ""הבנו שאין משא...",,wayback
https://www.mako.co.il/news-politics/2024_q2/Article-c00d1cc3bea4091027.htm,"N12 - סקר חדשות 12: מפלגת של ליברמן, בנט, סער וכהן - הגדולה...",,wayback
https://www.mako.co.il/news-politics/2024_q2/Article-ebdd67ef5a5cf81026.htm,"N12 - יו""ר העבודה יאיר גולן קרא לאי ציות אזרחי נרחב",,wayback
https://www.mako.co.il/news-politics/2024_q2/Article-f263d0266feef81027.htm,N12 - יומיים לאולטימטום: גנץ צפוי לפרוש מהממשלה עד מוצאי שבת,,wayback
https://www.mako.co.il/news-politics/2024_q2/Article-f4741f494b50291027.htm,N12 - חברי קואליציה מפזרים רמזים אחרי גל הפיצוצים השני בלבנון,,wayback
https://www.mako.co.il/news-politics/2024_q3/Article-0438e1ec79ef191027.htm,"N12 - היועמ""שית: ועדת הרוגלות פועלת באופן לא חוקי",,wayback
https://www.mako.co.il/news-politics/2024_q3/Article-049902cc9564191027.htm,"N12 - גלנט במתקפה חריפה על נתניהו: ""ניצחון מוחלט? קשקוש""",,wayback
https://www.mako.co.il/news-politics/2024_q3/Article-0a525b1325ef191026.htm,N12 - ההסכם המתגבש בין נתניהו לסער: וטו לסער על קידום הרפורמה...,,wayback
https://www.mako.co.il/news-politics/2024_q3/Article-0b1cb003555f191027.htm,N12 - דיון בישיבת הממשלה על ההסתה נגד נתניהו | הציטוטים המלאים,,wayback
https://www.mako.co.il/news-politics/2024_q3/Article-0b1cb003555f191027.htm&utm_source=Twitter&utm_medium=Share,N12 - דיון בישיבת הממשלה על ההסתה נגד נתניהו | הציטוטים המלאים,,wayback
https://www.mako.co.il/news-politics/2024_q3/Article-0cc7ccf9c199191026.htm,N12 - בית המשפט דחה את העתירה נגד מינויו של מאיר סוויסה למנהל...,,wayback
https://www.mako.co.il/news-politics/2024_q3/Article-0f7a577ad210291026.htm,N12 - ועדת חקירה ממלכתית תקום רק בסוף הקדנציה של הממשלה,,wayback
https://www.mako.co.il/news-politics/2024_q3/Article-11e9a941404b191027.htm,"N12 - גנץ תוקף את נתניהו: ""פחדת להיכנס לתמרון, ועכשיו אתה...",,wayback
https://www.mako.co.il/news-politics/2024_q3/Article-13282248a80b191027.htm,,,wayback
https://www.mako.co.il/news-politics/2024_q3/Article-15deaac55ba2291026.htm,"N12 - בדרך להפוגה בלבנון? הלחץ על הפוליטי נתניהו, וההסתייגות...",,wayback
https://www.mako.co.il/news-politics/2024_q3/Article-1905be86b3e9191027.htm,N12 - טקס המשפחות ייפתח בדקת דומיה ויסתיים לפני שיחל הטקס...,,wayback
https://www.mako.co.il/news-politics/2024_q3/Article-1dc4e0b6e9cb191027.htm,N12 - ההקלטות חושפות: כך פעל מנדלבליט לקדם את מינויו לתפקיד...,,wayback
https://www.mako.co.il/news-politics/2024_q3/Article-231b7c5f4129191027.htm,,,wayback
https://www.mako.co.il/news-politics/2024_q3/Article-231b7c5f4129191027.htm&utm_source=Twitter&utm_medium=Share,N12 - הכותרת החריגה בערבית בשער של העיתון החרדי-ליטאי,,wayback
https://www.mako.co.il/news-politics/2024_q3/Article-261639e925ad191027.htm,,,wayback
https://www.mako.co.il/news-politics/2024_q3/Article-28242cbc03d9191027.htm,,,wayback
https://www.mako.co.il/news-politics/2024_q3/Article-28b803d55eaf191026.htm,"N12 - בזמן הדיון הביטחוני עם גלנט: כך נתניהו התעדכן במו""מ...",,wayback
https://www.mako.co.il/news-politics/2024_q3/Article-2a4b68cd3d15191027.htm,N12 - הנקמה של נתניהו: גנץ נדרש להחזיר 70 אלף שקל,,wayback
https://www.mako.co.il/news-politics/2024_q3/Article-2d9049d8b533291026.htm,"N12 - הפנייה לרה""מ להמשיך את המלחמה - והטענה של ראשי הרשויות:...",,wayback
https://www.mako.co.il/news-politics/2024_q3/Article-2e26248a5c2b191027.htm,"N12 - נתניהו מתייחס לראשונה לשביתה: ""בושה. לתת לסינוואר את מה...",,wayback
https://www.mako.co.il/news-politics/2024_q3/Article-33be42ee1f49191027.htm,"N12 - ""זו מלחמה על הקיום"": שרה נתניהו בנאום נדיר",,wayback
https://www.mako.co.il/news-politics/2024_q3/Article-3cdb21e7fb8a191027.htm,"N12 - עצרת בכיכר החטופים בת""א, צעדת מחאה למען שחרורם בירושלים",,wayback
https://www.mako.co.il/news-politics/2024_q3/Article-3e8aa6e0ebbf191027.htm,N12 - פרטים חדשים: איפה עומדים המגעים בין נתניהו לסער?,,wayback
https://www.mako.co.il/news-politics/2024_q3/Article-41a95e2caf6a091026.htm,"N12 - יותר מ-70% מהציבור חושב שנתניהו צריך להתפטר, רוב לעסקת...",,wayback
https://www.mako.co.il/news-politics/2024_q3/Article-4b3137502301291027.htm,"N12 - סקר ""אולפן שישי"": סער לא מתאים לתפקיד שר הביטחון",,wayback
https://www.mako.co.il/news-politics/2024_q3/Article-4ca2fcee533b191026.htm,N12 - ראש הממשלה נתניהו כינס מסיבת עיתונאים,,wayback
https://www.mako.co.il/news-politics/2024_q3/Article-4ecc00018ece191026.htm,N12 - הציבור מעדיף בחירות חדשות - על ממשלת אחדות | סקר אולפן...,,wayback
https://www.mako.co.il/news-politics/2024_q3/Article-513b388f210d191026.htm,N12 - החוק להנצחת אירועי 7.10 - והמימון,,wayback
https://www.mako.co.il/news-politics/2024_q3/Article-5395b40a38ce191027.htm,"N12 - ראש הממשלה ליועמ""שית: לא מתכוון לקיים דיון על ועדת...",,wayback
https://www.mako.co.il/news-politics/2024_q3/Article-53d73f80d37e191026.htm,"N12 - בן גביר תקף את היועמ""שית, גורמי משפט עונים: מגלגל את...",,wayback
https://www.mako.co.il/news-politics/2024_q3/Article-54858f6d06af191026.htm,"N12 - מטה החטופים: ""צירוף סער לממשלה - גזר דין מוות לחטופים""",,wayback
https://www.mako.co.il/news-politics/2024_q3/Article-57569d109daf191026.htm,N12 - בדרך לממשלה? זה מה שחשב גדעון סער עד לא מזמן,,wayback
https://www.mako.co.il/news-politics/2024_q3/Article-59134d4ab2f9191027.htm,"N12 - סמוטריץ': ""עושה עבודה טובה, לא שומעים רעש מהעסקים...",,wayback
https://www.mako.co.il/news-politics/2024_q3/Article-5a710513ffa0291026.htm,"N12 - היועמ""שית לנתניהו: לא אייצג אותך בעתירות להקמת ועדת...",,wayback
https://www.mako.co.il/news-politics/2024_q3/Article-5afbd278a17d191026.htm,"N12 - אביו של אורי דנינו ז""ל לרה""מ: ""בנית את המנהרה שבני נרצח...",,wayback
https://www.mako.co.il/news-politics/2024_q3/Article-5f469f89f729191026.htm,N12 - שופטי העליון לשר המשפטים: תכנס את הוועדה למינוי שופטים,,wayback
https://www.mako.co.il/news-politics/2024_q3/Article-61d8f3183c6b191027.htm,N12 - הנשיא הרצוג נגד חזרת חוקי המהפכה המשפטית,,wayback
https://www.mako.co.il/news-politics/2024_q3/Article-662be8f5bdf4191026.htm,N12 - ניצחון לאופוזיציה: הכנסת דחתה הצעת חוק של הקואליציה,,wayback
https://www.mako.co.il/news-politics/2024_q3/Article-6afb206fc7e8191027.htm,"N12 - ראשי רשויות הטיחו בשר קיש: ""מפקירים אותנו""",,wayback
https://www.mako.co.il/news-politics/2024_q3/Article-7092dad30df7191027.htm,N12 - רוב גדול בציבור חושב שהממשלה מנהלת באופן גרוע את המלחמה...,,wayback
https://www.mako.co.il/news-politics/2024_q3/Article-76ffcc9c8a24291026.htm,"N12 - לאחר שהודיע על כניסה לממשלה, סער במליאה: ""אני אעביר את...",,wayback
https://www.mako.co.il/news-politics/2024_q3/Article-76ffcc9c8a24291026.htm&utm_source=Twitter&utm_medium=Share,"N12 - לאחר שהודיע על כניסה לממשלה, סער במליאה: ""אני אעביר את...",,wayback
https://www.mako.co.il/news-politics/2024_q3/Article-777f39efb745191027.htm,N12 - נסיעת גנץ לא אושרה? הרכבת האווירית של הפוליטיקאים,,wayback
https://www.mako.co.il/news-politics/2024_q3/Article-7806cd72a704291027.htm,"N12 - הנשיא הרצוג: ""צריכה לקום ממשלת אחדות רחבה, כולל כולם""",,wayback
https://www.mako.co.il/news-politics/2024_q3/Article-7b4cd4b05b90291027.htm,"N12 - כניסת הניצב ללשכת רה""מ נאסרה, בן גביר הורה למפכ""ל...",,wayback
https://www.mako.co.il/news-politics/2024_q3/Article-7ba05781b4e3291027.htm,"N12 - סקר חדשות 12: הליכוד מוביל, רוב להשארת גלנט בתפקיד",,wayback
https://www.mako.co.il/news-politics/2024_q3/Article-844e3e18d572291026.htm,"N12 - בכיר בממשלה נגד נתניהו: הנסיעה לאו""ם באמצע המלחמה - מופקרת",,wayback
https://www.mako.co.il/news-politics/2024_q3/Article-844e3e18d572291026.htm&utm_source=Twitter&utm_medium=Share,"N12 - בכיר בממשלה נגד נתניהו: הנסיעה לאו""ם באמצע המלחמה - מופקרת",,wayback
https://www.mako.co.il/news-politics/2024_q3/Article-8d328c5eea76291026.htm,"N12 - השרים חשבו שיצפו ""רק"" בזוועות 7.10 - אך קיבלו גם...",,wayback
https://www.mako.co.il/news-politics/2024_q3/Article-8d328c5eea76291026.htm&utm_source=Email&utm_medium=Share,,,wayback
https://www.mako.co.il/news-politics/2024_q3/Article-8d328c5eea76291026.htm&utm_source=Whatsapp&utm_medium=Share,,,wayback
https://www.mako.co.il/news-politics/2024_q3/Article-8e6c6de165f6191027.htm,N12 - איזנקוט חשף פרטים חדשים על עסקת חטופים,,wayback
https://www.mako.co.il/news-politics/2024_q3/Article-8f99549159e3291026.htm,N12 - גדעון סער מצטרף לממשלה,,wayback
https://www.mako.co.il/news-politics/2024_q3/Article-954d341ae249191026.htm,N12 - השרה מירי רגב חשפה את מיקום מבצע חילוץ החטוף והפרה...,,wayback
https://www.mako.co.il/news-politics/2024_q3/Article-9a3ef47c417f191026.htm,"N12 - ההצעה של רוטמן והחשש באופוזיציה: ""יוביל לחקירות פוליטיות""",,wayback
https://www.mako.co.il/news-politics/2024_q3/Article-9a5b974f00de191026.htm,"N12 - הסרט והסערה: יוצרי ""תיקי ביבי"" חושפים פרטים חדשים",,wayback
https://www.mako.co.il/news-politics/2024_q3/Article-a2f376964c80291026.htm,"N12 - ""רעיית רוצח החטופים"": גאולה אבן-סער על תגובות הדיווח על...",,wayback
https://www.mako.co.il/news-politics/2024_q3/Article-a3c090fea666191026.htm,N12 - דרישת משפחת נתניהו וסירוב הייעוץ המשפטי,,wayback
https://www.mako.co.il/news-politics/2024_q3/Article-a596ee292a38091026.htm,N12 - סקר אולפן שישי: הציון של הציבור לנתניהו,,wayback
https://www.mako.co.il/news-politics/2024_q3/Article-a66b42ee1f49191027.htm,"N12 - רה""מ דרש מראש השב""כ: לתגבר את האבטחה על יאיר נתניהו",,wayback
https://www.mako.co.il/news-politics/2024_q3/Article-a7cb81f2ff3a191027.htm,"N12 - סערה בקבינט | גלנט: כך לא יהיה הסכם חטופים, נתניהו: זו...",,wayback
https://www.mako.co.il/news-politics/2024_q3/Article-b45f2ca168bf191027.htm,"N12 - מחאה מול הבית של גדעון סער: ""אל תיכנס לממשלה""",,wayback
https://www.mako.co.il/news-politics/2024_q3/Article-b64b640bb2ea191027.htm,N12 - שרים בקבינט במתקפה על גלנט,,wayback
https://www.mako.co.il/news-politics/2024_q3/Article-b64b640bb2ea191027.htm&utm_source=Twitter&utm_medium=Share,N12 - שרים בקבינט במתקפה על גלנט,,wayback
https://www.mako.co.il/news-politics/2024_q3/Article-b70739a4aa8b191027.htm,,,wayback
https://www.mako.co.il/news-politics/2024_q3/Article-b8369060d591191026.htm,"N12 - גדעון סער: ""כניסה לממשלה? לא כובל את ידיי בשום דבר""",,wayback
https://www.mako.co.il/news-politics/2024_q3/Article-b84e0513ffa0291026.htm,"N12 - היועמ""שית נגד בן גביר: ""מינוי רפ""ק סויסה - בלתי חוקית""",,wayback
https://www.mako.co.il/news-politics/2024_q3/Article-bc003151b9dc191027.htm,"N12 - מכתב האזהרה הדרמטי של היועמ""שית על חקירת מחדל 7.10 |...",,wayback
https://www.mako.co.il/news-politics/2024_q3/Article-c294b1529641191027.htm,"N12 - סקר ""אולפן שישי"": הרוב בעד מלחמה כוללת עם חיזבאללה",,wayback
https://www.mako.co.il/news-politics/2024_q3/Article-c3049822b851291027.htm,N12 - גדעון סער מוותר על הצעה לתפקיד שר הביטחון,,wayback
https://www.mako.co.il/news-politics/2024_q3/Article-ca3826de6599191026.htm,"N12 - קריאות בליכוד נגד הטקס שמארגנת רגב: ""טעות בשיקול הדעת""",,wayback
https://www.mako.co.il/news-politics/2024_q3/Article-ca952aabf3b0291026.htm,"N12 - סער: ""בנט ולפיד הציעו לי את תיק הביטחון במגעים לממשלת...",,wayback
https://www.mako.co.il/news-politics/2024_q3/Article-cdcaecf021e8091027.htm,N12 - נתניהו מקשיח עמדות: אלה העקרונות לעסקת חטופים חדשה,,wayback
https://www.mako.co.il/news-politics/2024_q3/Article-d2cbffdf781f191027.htm,N12 - נפתלי בנט חוזר לפוליטיקה,,wayback
https://www.mako.co.il/news-politics/2024_q3/Article-d34f775e6fef191026.htm,N12 - מפת האינטרסים מאחורי המגעים של נתניהו וסער,,wayback
https://www.mako.co.il/news-politics/2024_q3/Article-d5324de9c7d8191026.htm,"N12 - סערה אחרי שבן גביר אמר בריאיון: ""הייתי מקים בית כנסת...",,wayback
https://www.mako.co.il/news-politics/2024_q3/Article-d69353d301c2291026.htm,"N12 - לפנות בוקר וללא הצהרה לתקשורת: נתניהו המריא לביקור באו""ם",,wayback
https://www.mako.co.il/news-politics/2024_q3/Article-d69353d301c2291026.htm&utm_source=Twitter&utm_medium=Share,"N12 - לפנות בוקר וללא הצהרה לתקשורת: נתניהו המריא לביקור באו""ם",,wayback
https://www.mako.co.il/news-politics/2024_q3/Article-d9892aabf3b0291026.htm,"N12 - ניצן אלון: ההצעה של הירש לא מוכרת לצוות המו""מ",,wayback
https://www.mako.co.il/news-politics/2024_q3/Article-debc459a0f29191027.htm,"N12 - היועמש""ית התנגדה למינוי סויסה, המפכ""ל: ""מחויב לציית לחוק""",,wayback
https://www.mako.co.il/news-politics/2024_q3/Article-df3dc22c59da191027.htm,,,wayback
https://www.mako.co.il/news-politics/2024_q3/Article-e464cf9a396f191027.htm,"N12 - גבאי בית הכנסת שבו הונחו עלוני החטופים: ""לא התלוננו על...",,wayback
https://www.mako.co.il/news-politics/2024_q3/Article-e464cf9a396f191027.htm&utm_source=Twitter&utm_medium=Share,"N12 - גבאי בית הכנסת שבו הונחו עלוני החטופים: ""לא התלוננו על...",,wayback
https://www.mako.co.il/news-politics/2024_q3/Article-e542c6d95dc2291026.htm,"N12 - הפסקת אש בצפון? ""המערכה צריכה להסתיים בריסוק חיזבאללה""",,wayback
https://www.mako.co.il/news-politics/2024_q3/Article-ec5f3d6f1066191027.htm,"N12 - העובדת הבכירה בלשכת רה""מ והמינוי הרגיש בזמן המלחמה",,wayback
https://www.mako.co.il/news-politics/2024_q3/Article-ed6d49c6fc4f191027.htm,N12 - המשטרה עצרה 775 מפגינים - רק נגד שלושה הוגשו כתבי אישום,,wayback
https://www.mako.co.il/news-politics/2024_q3/Article-ee94d0a09d06191027.htm,"N12 - ליברמן: ב-2016 היה דיון על מכה מקדימה בלבנון, כמעט...",,wayback
https://www.mako.co.il/news-politics/2024_q3/Article-f06fd2a47a40291027.htm,"N12 - הלעג הבוטה של אדלשטיין למפגינים: ""שרים בציבור, עושים...",,wayback
https://www.mako.co.il/news-politics/2024_q3/Article-f139b3e8f712191027.htm,N12 - סמוטריץ': אולי זה צודק ומוסרי להמית ברעב 2 מיליון אזרחים,,wayback
https://www.mako.co.il/news-politics/2024_q3/Article-f3ddd748997d191027.htm,,,wayback
https://www.mako.co.il/news-politics/2024_q3/Article-f42d0d7222aa191027.htm,"N12 - מטה משפחות החטופים: ""נתניהו הפקיר את החטופים. המדינה תרעד""",,wayback
https://www.mako.co.il/news-politics/2024_q3/Article-f6604a7876ff191026.htm,N12 - היסטוריה של סכסוכים: היחסים העכורים של נתניהו עם שרי...,,wayback
https://www.mako.co.il/news-politics/2024_q3/Article-f672d081426f191026.htm,"N12 - דובר המשטרה: ""תנו הזדמנות לספר על הדברים הטובים""",,wayback
https://www.mako.co.il/news-politics/2024_q3/Article-f8068270c8f6191026.htm,N12 - נתניהו למשפחות חטופים: לא בטוח שתהיה עסקה,,wayback
https://www.mako.co.il/news-politics/2024_q3/Article-f94f0dde0c00291026.htm,"N12 - ""הממשלה לא ידעה"": השיחה בין שרה נתניהו משפחות החטופים...",,wayback
https://www.mako.co.il/news-politics/2024_q3/Article-f94f0dde0c00291026.htm&utm_source=Twitter&utm_medium=Share,"N12 - ""הממשלה לא ידעה"": השיחה בין שרה נתניהו משפחות החטופים...",,wayback
https://www.mako.co.il/news-politics/2024_q3/Article-fa982567bd1f191026.htm,"N12 - שר החוץ ישראל כ""ץ: ""קמלה האריס ניצחה בעימות מול טראמפ""",,wayback
https://www.mako.co.il/news-politics/2024_q3/Article-fafca0dfb514291026.htm,N12 - עסקה לשחרור החטופים? כך התבטא השר סער בעבר,,wayback
https://www.mako.co.il/news-politics/2024_q3/Article-fb8bc23ca6eb191026.htm,N12 - ערב רביעי ברציפות של הפגנות; עימותים בין שוטרים למוחים...,,wayback
https://www.mako.co.il/news-politics/2024_q3/Article-fbbdcf27e3af191026.htm,N12 - גלנט יוזז ממקומו? מגעים לצירוף מיידי של סער לממשלה,,wayback
https://www.mako.co.il/news-politics/2024_q3/Article-fe73b5ce2d6c191027.htm,"N12 - היועמ""שית נגד הממשלה: ""הופכים את השירות הציבורי לפוליטי""",,wayback
https://www.mako.co.il/news-politics/2024_q3/Article-ff7c7cc650a9191026.htm,,,wayback
https://www.mako.co.il/news-politics/2024_q4/Article-40b800939374291026.htm,"N12 - היועמ""שית מול השר לוין: ""מצב שבו אין נשיא עליון - בלתי...",,wayback
https://www.mako.co.il/news-politics/2024_q4/Article-4a5b38eff307291027.htm,"N12 - לפיד: ארה""ב אמרה לי לפני חיסול נסראללה שסגרה עם נתניהו...",,wayback
https://www.mako.co.il/news-politics/2024_q4/Article-4a9a9bdff317291027.htm,N12 - השיחה עם טראמפ והחשש בבית הלבן: האם נתניהו מתערב...,,wayback
https://www.mako.co.il/news-politics/2024_q4/Article-4a9a9bdff317291027.htm&utm_source=Twitter&utm_medium=Share,N12 - השיחה עם טראמפ והחשש בבית הלבן: האם נתניהו מתערב...,,wayback
https://www.mako.co.il/news-politics/2024_q4/Article-70a952921394291027.htm,"N12 - ""איראן תצטער על הרגע""; ""זה אנחנו או הם"": התגובות במערכת...",,wayback
https://www.mako.co.il/news-politics/2024_q4/Article-860e28125024291026.htm,"N12 - נסראללה חוסל, אך האתגר הגדול של נתניהו רק מתחיל",,wayback
https://www.mako.co.il/news-politics/2024_q4/Article-90717634fe64291026.htm,"N12 - סוגיית הגיוס היא לא סוגיה פוליטית, יש דרך אחת לפתור אותה",,wayback
https://www.mako.co.il/news-politics/2024_q4/Article-bce698db29a6291026.htm,"N12 - בנט: ""לתקוף את תוכנית הגרעין של איראן""",,wayback
https://www.mako.co.il/news-politics/2024_q4/Article-c79489846ed5291026.htm,"N12 - נתניהו במסר חריף למקרון: ""הבושה שלכם תהדהד""",,wayback
https://www.mako.co.il/news-politics/2024_q4/Article-dde51b4e6a66291026.htm,N12 - בישיבת הממשלה המיוחדת: נתניהו ביקש לשנות את שם המלחמה,,wayback
https://www.mako.co.il/news-politics/legal_reforms/Article-54cc1b284dce981027.htm,"N12 - ""הפגיעה מעמיקה"": רצף אזהרות הבכירים על בעיית הכשירות בצה""ל",,wayback
https://www.mako.co.il/news-politics/legal_reforms/Article-61e093a1b469981027.htm,N12 - הנער בן ה-18 ששוטרים היכו בהפגנה באיילון נחקר באזהרה,,wayback
https://www.mako.co.il/news-science/2021_q2/Article-2f4e8c3f5afb871027.htm,N12 - תיעוד מפחיד: צבוע ענק משוטט ברחובות ראשון לציון,,wayback
https://www.mako.co.il/news-science/2021_q3/Article-48de1b605ab1c71027.htm,N12 - הטיפול הפסיכולוגי שלנו ישתפר בזכות חולדה,,wayback
https://www.mako.co.il/news-science/2022_q2/Article-ae1e0ca4466df71027.htm,N12 - ברוקולי נגד קורונה: חומר המצוי בירק עשוי להוות תרופה לנגיף,,wayback
https://www.mako.co.il/news-science/2022_q3/Article-db5d3c7e26d1381026.htm,"N12 - הפסולת הרדיואקטיבית במרכז: ""סכנה בשריפה או פגיעת רקטה""",,wayback
https://www.mako.co.il/news-science/2023_q1/Article-04d15b00b22b581026.htm,"N12 - התחזית לשבוע הקרוב: הגשם ימשיך בראשון, החל משלישי - הפוגה",,wayback
https://www.mako.co.il/news-science/2023_q1/Article-0eb2fcce0c3e581027.htm,N12 - קרחון בשטח של כל גוש דן התנתק מאנטרקטיקה,,wayback
https://www.mako.co.il/news-science/2024_q3/Article-07aa947e3a04291027.htm,N12 - תחזית מזג האוויר לערב ראש השנה: טמפרטורות נמוכות...,,wayback
https://www.mako.co.il/news-science/2024_q3/Article-1984b76c5841291026.htm,"N12 - היום הראשון של הסתיו: גשם בצפון ובמרכז, לקראת התחממות...",,wayback
https://www.mako.co.il/news-science/2024_q3/Article-1a2c46d73b32291027.htm,"N12 - ""הדג הזה נראה כמו איזה יצור של מדען מטורף""",,wayback
https://www.mako.co.il/news-science/2024_q3/Article-252671fa36b3291026.htm,"N12 - תחזית מזג האוויר: היום מתקרר, בערב החג - טפטופים",,wayback
https://www.mako.co.il/news-science/2024_q3/Article-27aadc36c46f191027.htm,N12 - תחזית מזג האוויר: גשם וירידה בטמפרטורות,,wayback
https://www.mako.co.il/news-science/2024_q3/Article-49d5e62acb62291026.htm,"N12 - התחזית: הכבדה בעומס החום, רוח צפונית חזקה",,wayback
https://www.mako.co.il/news-science/2024_q3/Article-58dc203d75d1291026.htm,N12 - גשם מקומי וקריר מהרגיל: בוקר סתווי – לקראת התחממות ניכרת,,wayback
https://www.mako.co.il/news-science/2024_q3/Article-5c805ec50fff191027.htm,N12 - ראיתם חיפושית צהובה בבית? כדאי שתדעו את זה,,wayback
https://www.mako.co.il/news-science/2024_q3/Article-64833265d4b2291026.htm,"N12 - התחזית: הטמפרטורות ימשיכו לעלות, ביום ראשון תחול הקלה",,wayback
https://www.mako.co.il/news-science/2024_q3/Article-77ab297a8b47191026.htm,"N12 - הסיפור של התנין קלרנס והסוף הטרגי: ""היה בו משהו מהפנט""",,wayback
https://www.mako.co.il/news-science/2024_q3/Article-8eaa5b1325ef191026.htm,"N12 - הסתיו כאן: גשמים במישור החוף, הטמפרטורות נמוכות לעונה",,wayback
https://www.mako.co.il/news-science/2024_q3/Article-9189d289af02291026.htm,N12 - אחרי הגשם הקל: עלייה בטמפרטורות,,wayback
https://www.mako.co.il/news-science/2024_q3/Article-a627b6216c90291027.htm,N12 - בדיוק הזמן: המקום שאפשר לחזור לטייל בו עכשיו,,wayback
https://www.mako.co.il/news-science/2024_q3/Article-ad9aa5a94cd0291027.htm,"N12 - התחזית: טמפרטורות נמוכות מהממוצע, סיכוי לגשם ברחבי הארץ",,wayback
https://www.mako.co.il/news-science/2024_q3/Article-b7dfec5e0b21291027.htm,N12 - הסתיו דופק בדלת: ירידה בטמפרטורות וטפטופים,,wayback
https://www.mako.co.il/news-science/2024_q3/Article-d2968d9a3be9191027.htm,,,wayback
https://www.mako.co.il/news-science/2024_q3/Article-efd72f14c4ff191027.htm,"N12 - בעקבות הגשם: חופי תל אביב נצבעו בשחור, משרד הפנים אסר...",,wayback
https://www.mako.co.il/news-science/2024_q4/Article-05185dd98c47291027.htm,N12 - אורח נדיר על החוף בישראל: צב הים הגדול בעולם הגיע פצוע...,,wayback
https://www.mako.co.il/news-science/2024_q4/Article-0eeeacedc505291026.htm,"N12 - גל חום בפתח: עלייה בטמפרטורות, התחממות ניכרת בימים...",,wayback
https://www.mako.co.il/news-science/2024_q4/Article-17bac45c7065291027.htm,"N12 - עלייה לצורך ירידה: התחממות בטמפרטורות, אך בשבוע הבא -...",,wayback
https://www.mako.co.il/news-science/2024_q4/Article-4c3ef4bbd774291027.htm,N12 - לא על עץ ולא על שיח: מכירים את הדלועיים,,wayback
https://www.mako.co.il/news-science/2024_q4/Article-6da402535da4291027.htm,N12 - התחזית לערב החג: קריר עם סיכוי לגשם מקומי קל באזור הצפון,,wayback
https://www.mako.co.il/news-science/2024_q4/Article-95edfbd269e6291027.htm,N12 - תחזית מזג האוויר לקראת יום כיפור,,wayback
https://www.mako.co.il/news-science/2024_q4/Article-9a4a380c2915291027.htm,N12 - בין הרים וים: במסלול הזה נמצאת נקודת תצפית מהמרגשות בישראל,,wayback
https://www.mako.co.il/news-science/2024_q4/Article-9f570fb79637291026.htm,N12 - היום ה-370 למלחמה | שני הרוגים במטח לקריית שמונה,,wayback
https://www.mako.co.il/news-science/2024_q4/Article-b92128ab3d03291026.htm,N12 - מזג האוויר במהלך השבת צפוי להיות נוח; מתחילת השבוע -...,,wayback
https://www.mako.co.il/news-science/2024_q4/Article-bd3a29111b96291026.htm,N12 - שגרה של סתיו: עלייה מתונה בטמפרטורות,,wayback
https://www.mako.co.il/news-science/2024_q4/Article-c473a33324a5291027.htm,N12 - תחזית מזג האוויר: עלייה נוספת בעומס החום,,wayback
https://www.mako.co.il/news-science/2024_q4/Article-e716960e6654291027.htm,"N12 - התחזית | קריר באופן יחסי, עם גשם עד שעות הצוהריים בצפון...",,wayback
https://www.mako.co.il/news-science/2024_q4/Article-eee30fb79637291026.htm,"N12 - התחזית: מזג אוויר רגיל לעונה, בהרים - ירידה בטמפרטורות",,wayback
https://www.mako.co.il/news-special/now-and-then/Article-9ae10a494459421004.htm,N12 - האופנובנק מחזיר את חובו לחברה,,wayback
https://www.mako.co.il/news-special_projects/2024_q2/Article-25bf5c5ed8c8091027.htm,N12 - למה חשוב לעשות תיקוני פחחות במרכז שירות מורשה יבואן בלבד?,,wayback
https://www.mako.co.il/news-special_projects/2024_q2/Article-3ea5e742791c191027.htm,N12 - גם בצל המלחמה: ישראל שיאנית ה-OECD בשמירת גז טבעי...,,wayback
https://www.mako.co.il/news-special_projects/2024_q3/Article-3638c2c0c45e191026.htm,"N12 - מעבדת Ransomware מתקדמת הוקמה ב-Dell: ""כוח חישובי חסר...",,wayback
https://www.mako.co.il/news-special_projects/2024_q3/Article-aba121ef6700291026.htm,N12 - ניצולי שואה בצפון: המלחמה שלהם על כל ארוחה,,wayback
https://www.mako.co.il/news-special_projects/2024_q3/Article-d5d3f1be28fd091027.htm,N12 - יכולות AI ועיצוב יוקרתי: ה-Zenbook S16 של ASUS מציב...,,wayback
https://www.mako.co.il/news-special_projects/making_the_impossible/Article-fe702b085b58481027.htm,N12 - קודם קול: הטכנולוגיה שמזהה פרפור פרוזדורים בשיחת טלפון,,wayback
https://www.mako.co.il/news-special_projects/most_promising_startups/Article-3f569abc19ca191026.htm,N12 - כך בחרנו: אלו המשקיעים מאחורי דירוג הסטארטאפים המבטיחים...,,wayback
https://www.mako.co.il/news-special_projects/most_promising_startups/Article-64b2ae9a48da191027.htm,N12 - היסודות לבניית מכונת מכירות משומנת לחברות שתוביל צמיחה,,wayback
https://www.mako.co.il/news-special_projects/most_promising_startups/Article-7392284436da191027.htm,N12 - איך מקימים סטארטאפ בקטגוריה חדשה ולא מתרסקים?,,wayback
https://www.mako.co.il/news-special_projects/most_promising_startups/Article-9e2e177633da191027.htm,"N12 - ""רצינו לסגור את החברה 3 פעמים לפני האקזיט"": הסיפור של...",,wayback
https://www.mako.co.il/news-special_projects/most_promising_startups/Article-c77f47fddad0191027.htm,N12 - נעים להכיר: אנשי המוצר של 2024 בהייטק הישראלי,,wayback
https://www.mako.co.il/news-special_projects/most_promising_startups/Article-ff7b55c3adda191026.htm,N12 - שנה מאתגרת במיוחד: מה עבר על נבחרת הסטארטאפים של 2023?,,wayback
https://www.mako.co.il/news-special_projects/neighborhood_with_everything/Article-19786c4675f2091026.htm,"N12 - קרית אתא החדשה: חכמה, מקושרת ומבטיחה",,wayback
https://www.mako.co.il/news-special_projects/neighborhood_with_everything/Article-37860408c6b2091027.htm,N12 - קונים דירה יד ראשונה מיזם? כל מה שצריך לקחת בחשבון,,wayback
https://www.mako.co.il/news-special_projects/neighborhood_with_everything/Article-887aafc0e6f2091026.htm,"N12 - ירוקה, משפחתית ואייקונית: כך נראית הבשורה האדריכלית של...",,wayback
https://www.mako.co.il/news-special_projects/neighborhood_with_everything/Article-d74647db58f2091026.htm,N12 - לא צריך לצאת מהשכונה: הפרויקט החדש שישנה את קרית אתא...,,wayback
https://www.mako.co.il/news-special_projects/neighborhood_with_everything/Article-ddb032b684b2091027.htm,N12 - חוזרים ליסודות: הישראלים מחפשים שוב את הקהילתיות,,wayback
https://www.mako.co.il/news-special_projects/one_question/Article-75e5397da068581027.htm,N12 - למה אנחנו לא מצליחים במולטי-טסקינג?,,wayback
https://www.mako.co.il/news-specials/click/Article-53d03eb83c5b121004.htm,N12 - סוף טוב: בגן החיות מצאו לגור הגורילה אם מאמצת,,wayback
https://www.mako.co.il/news-specials/data_n12/Article-1d7081094122291026.htm,N12 - כך הסלימה הלחימה בלבנון בשבוע האחרון,,wayback
https://www.mako.co.il/news-specials/data_n12/Article-2f2773615831191027.htm,N12 - ביטול טיסות חברות התעופה הזרות בשל המלחמה: רשימה מתעדכנת,,wayback
https://www.mako.co.il/news-specials/data_n12/Article-40f62c5f81f2f81026.htm,N12 - אלה המנהיגים שהוצאו נגדם צווי מעצר בין-לאומיים,,wayback
https://www.mako.co.il/news-specials/data_n12/Article-4276253ac691291027.htm,N12 - הנתונים חושפים: זינוק בהגירה מישראל בחודשי המהפכה המשפטית,,wayback
https://www.mako.co.il/news-specials/data_n12/Article-503df89d27ff191026.htm,N12 - יותר ממיליון חיילים נהרגו ונפצעו במלחמה באוקראינה,,wayback
https://www.mako.co.il/news-specials/data_n12/Article-6151d12c4b6d191027.htm,"N12 - ""ככה יש עוד אנשים שנושאים בנטל השכול המשפחתי שלנו""",,wayback
https://www.mako.co.il/news-specials/data_n12/Article-63e388dcd6dd191027.htm,N12 - לא דמיינתם: קיץ 2024 היה הכי חם אי-פעם - בישראל ובעולם,,wayback
https://www.mako.co.il/news-specials/data_n12/Article-704e67da9cf9f81027.htm,N12 - המדינות שהכירו במדינה פלסטינית והסיקור בעולם,,wayback
https://www.mako.co.il/news-specials/data_n12/Article-71749a120415191027.htm,"N12 - בתי חולים, מסגדים ובתי ספר: כך משתמש חמאס בתשתיות אזרחיות",,wayback
https://www.mako.co.il/news-specials/data_n12/Article-835c429e4583291026.htm,N12 - ב-11 ימים בלבד: מה עשתה ישראל לחיזבאללה,,wayback
https://www.mako.co.il/news-specials/data_n12/Article-9053d1935476191026.htm,N12 - ירידה במספר הישראלים שמשתמשים באפליקציות היכרויות,,wayback
https://www.mako.co.il/news-specials/data_n12/Article-bd63336cc209191027.htm,"N12 - הפשיעה משתוללת ואמון הציבור בשפל: האתגרים של המפכ""ל החדש",,wayback
https://www.mako.co.il/news-specials/data_n12/Article-bde4cea2c562191026.htm,N12 - היד הארוכה של ישראל: מפת החיסולים של מנהיגי הטרור,,wayback
https://www.mako.co.il/news-specials/data_n12/Article-e4062ed5f140291027.htm,N12 - מגדילה את הפער: שיא בסקרים להאריס נגד טראמפ,,wayback
https://www.mako.co.il/news-specials/data_n12/Article-e9a5820ff799191027.htm,N12 - חרבות ברזל: המפונים שיתחילו את שנת הלימודים מרחוק,,wayback
https://www.mako.co.il/news-specials/data_n12/Article-f6ddfa05fa92291027.htm,N12 - נתוני המשטרה: ירידה במספר העבירות שנחקרו מאז פרוץ המלחמה,,wayback
https://www.mako.co.il/news-specials/egypt/Article-161fbcb79c5ed21004.htm,"N12 - צפו בנאום הפרישה של חוסני מובארק: ""ההיסטוריה תשפוט אותי""",,wayback
https://www.mako.co.il/news-specials/egypt/Article-672f8ed67b9fd21004.htm,N12 - תיעוד: שוטר מצרי יורה למוות במפגין,,wayback
https://www.mako.co.il/news-specials/peek/Article-e553c58c7b7cc11004.htm,N12 - שרים עם כוכבים,,wayback
https://www.mako.co.il/news-specials/pics/Article-6704c58c7b7cc11004.htm,N12 - קנאת נשיאים,,wayback
https://www.mako.co.il/news-specials/social-protest/Article-3e537b98a8a3131004.htm,"N12 - מחאת הדיור: ח""כים יקבלו שקי שינה",,wayback
https://www.mako.co.il/news-specials/social-protest/Article-48189c7f7634131004.htm,"N12 - אחרי פיצוץ המו""מ: המתמחים נטשו את בתי החולים",,wayback
https://www.mako.co.il/news-specials/social-protest/Article-72862f193f6c131017.htm,N12 - מארגני המחאה מבהירים: אין דעיכה,,wayback
https://www.mako.co.il/news-specials/today-in-history-q3_2015/Article-6be84607833d651004.htm,"N12 - כותרות העבר: ""קתרינה"" מכה בארה""ב",,wayback
https://www.mako.co.il/news-specials/today-in-history/Article-00ec8d331e8a021004.htm,N12 - כותרות העבר - 15.4,,wayback
https://www.mako.co.il/news-specials/today-in-history/Article-120369d29f24731018.htm,"N12 - כותרות העבר: פרס שואל - ""אני לוזר?""",,wayback
https://www.mako.co.il/news-specials/today-in-history/Article-167fd84d1894831017.htm,N12 - כותרות עבר: 2 הרוגים בלבנון,,wayback
https://www.mako.co.il/news-specials/today-in-history/Article-1e5824576f7ef21004.htm,N12 - כותרות העבר: נתניהו טוען - הם מפחדים,,wayback
https://www.mako.co.il/news-specials/today-in-history/Article-2024d929b74e431017.htm,N12 - כותרות העבר 16.1: אילן רמון ממריא לחלל,,wayback
https://www.mako.co.il/news-specials/today-in-history/Article-265260f80e8f831017.htm,N12 - כותרות העבר: עדות מוניקה לוינסקי,,wayback
https://www.mako.co.il/news-specials/today-in-history/Article-2b93ced5f84ae31004.htm,N12 - כותרות העבר: בית המשפט זיכה את השר המיועד נאמן מכל אשמה,,wayback
https://www.mako.co.il/news-specials/today-in-history/Article-2ca8d45b75c2021004.htm,N12 - כותרות העבר: אורי זוהר מפציע,,wayback
https://www.mako.co.il/news-specials/today-in-history/Article-2edaae692b60031004.htm,N12 - כותרות העבר - 19.5,,wayback
https://www.mako.co.il/news-specials/today-in-history/Article-4de93fdec14ad11004.htm,N12 - כותרות העבר - 16.11,,wayback
https://www.mako.co.il/news-specials/today-in-history/Article-798537c349fc921004.htm,N12 - כותרות עבר: 13 שנים לאסון המכביה,,wayback
https://www.mako.co.il/news-specials/today-in-history/Article-9554fb586ebd721004.htm,N12 - כותרות העבר: קצב מבטל את עסקת הטיעון,,wayback
https://www.mako.co.il/news-specials/today-in-history/Article-9b4961ef040c621004.htm,N12 - כותרות העבר - 12.2,,wayback
https://www.mako.co.il/news-specials/today-in-history/Article-c714692a5678831017.htm,N12 - כותרות עבר: מאסר עולם לרוצח בתו,,wayback
https://www.mako.co.il/news-specials/today-in-history/Article-ce7624c524a3641004.htm,N12 - כותרות עבר: נתניהו פורש מהליכוד,,wayback
https://www.mako.co.il/news-specials/today-in-history/Article-cf6720095c94031004.htm,N12 - כותרות העבר: מהפך בתוצאות האמת של הבחירות,,wayback
https://www.mako.co.il/news-specials/videopedia/Article-459af8fcfb1be11004.htm,N12 - דוח וינוגרד,,wayback
https://www.mako.co.il/news-sport/basketball-2024_q2/Article-a3a0fa50d53ee81027.htm,"N12 - ביל סימונס: ""דני אבדיה שני במרוץ לשחקן המשתפר""",,wayback
https://www.mako.co.il/news-sport/basketball-2024_q2/Article-aea89c24f62ee81027.htm,N12 - בפעם ה-13: אליצור רמלה אלופת המדינה,,wayback
https://www.mako.co.il/news-sport/basketball-2024_q2/Article-fefc9b756d2ee81027.htm,N12 - לאחר הארכה: אתא גברה 96:101 על נס ציונה,,wayback
https://www.mako.co.il/news-sport/basketball-2024_q3/Article-04a3ca82c5b1291027.htm,N12 - בני הרצליה הדיחה את הפועל י-ם מגביע ווינר,,wayback
https://www.mako.co.il/news-sport/basketball-2024_q3/Article-05e4dfa24752291027.htm,"N12 - ""יהיה בסדר"": ינאי וספרא נפגשו בניו יורק",,wayback
https://www.mako.co.il/news-sport/basketball-2024_q3/Article-05e5be949c52291027.htm,N12 - לונדון מחכה לו: מייקל בריסקר חתם בליונס,,wayback
https://www.mako.co.il/news-sport/basketball-2024_q3/Article-064553d301c2291026.htm,"N12 - בהפועל ירושלים מרגיעים: ""זאת ההתחלה של המרתון""",,wayback
https://www.mako.co.il/news-sport/basketball-2024_q3/Article-073b43155d34291026.htm,"N12 - אבדיה: ""רוצה להשתפר כמנהיג, לדבר יותר""",,wayback
https://www.mako.co.il/news-sport/basketball-2024_q3/Article-07f286139800291026.htm,N12 - הכנה מושלמת: 74:90 לחולון על קריית אתא,,wayback
https://www.mako.co.il/news-sport/basketball-2024_q3/Article-09944caf2e3f191026.htm,"N12 - בעדיפות עליונה: מכבי ת""א פועלת לצרף גארד",,wayback
https://www.mako.co.il/news-sport/basketball-2024_q3/Article-0a7f718ac433291027.htm,"N12 - עם תצוגה גדולה: ר""ג עלתה לגמר גביע ווינר",,wayback
https://www.mako.co.il/news-sport/basketball-2024_q3/Article-0d772f51c372291026.htm,"N12 - אין היררכיה: הפועל ת""א מסכמת הפסד בפתיחה",,wayback
https://www.mako.co.il/news-sport/basketball-2024_q3/Article-0e1a4358c1b0291027.htm,"N12 - ""הפתיע"": צפו בדווייט הווארד ב""רוקדים עם כוכבים""",,wayback
https://www.mako.co.il/news-sport/basketball-2024_q3/Article-1449115d9082291027.htm,"N12 - ""בתוך החושך הגדול, זו קרן אור קטנה""",,wayback
https://www.mako.co.il/news-sport/basketball-2024_q3/Article-19fe68756149191027.htm,"N12 - כהן: ""הפוסט שלי הדליק מחדש את השיחות""",,wayback
https://www.mako.co.il/news-sport/basketball-2024_q3/Article-1a564c4b3eef191026.htm,"N12 - ""לא נכון לבוא לישראל"": חילופי זרות במכבי חיפה",,wayback
https://www.mako.co.il/news-sport/basketball-2024_q3/Article-1bb29df52cef191027.htm,"N12 - עופר ינאי נגד חלק מאוהדי הפועל ת""א: ""כפיות טובה""",,wayback
https://www.mako.co.il/news-sport/basketball-2024_q3/Article-1ecc8aa0e951291027.htm,N12 - באוויר הפתוח: מכבי תל אביב הפסידה 89:66 לאנדולו אפס,,wayback
https://www.mako.co.il/news-sport/basketball-2024_q3/Article-1ed437502301291027.htm,N12 - צרות לצד הניצחון: בלאט וגבריאל נפצעו,,wayback
https://www.mako.co.il/news-sport/basketball-2024_q3/Article-1f73aac55ba2291026.htm,"N12 - ""בכורה משוגעת לילד בן 18"". המחמאות לשרף",,wayback
https://www.mako.co.il/news-sport/basketball-2024_q3/Article-20db61f46944291026.htm,N12 - ״אתה גם ככה רוקי״: הראיון הקורע של לברון וברוני,,wayback
https://www.mako.co.il/news-sport/basketball-2024_q3/Article-250b447296e9191027.htm,"N12 - קטש: ""לפי האימון הראשון, יש לנו את זה""",,wayback
https://www.mako.co.il/news-sport/basketball-2024_q3/Article-253e55046a82291026.htm,"N12 - דן שמיר: ""שום דבר לא יתקרב למכבי ת""א של 2003-5""",,wayback
https://www.mako.co.il/news-sport/basketball-2024_q3/Article-33c682848cf9191027.htm,N12 - החוזה של קאבוקלו וגובה הביי-אאוט לפרטיזן,,wayback
https://www.mako.co.il/news-sport/basketball-2024_q3/Article-35de2a4fab52291026.htm,"N12 - התחלות קשות: הפועל ת""א הפסידה 78:75 לבדאלונה",,wayback
https://www.mako.co.il/news-sport/basketball-2024_q3/Article-38ea2e8ceec3291027.htm,"N12 - ""בשביל ישו"". כדורסלן ה-NBA שפרש בגיל 21",,wayback
https://www.mako.co.il/news-sport/basketball-2024_q3/Article-3bb59fdbf9a2291027.htm,N12 - ענק: בן שרף הוביל לניצחון בבכורה ביורוקאפ,,wayback
https://www.mako.co.il/news-sport/basketball-2024_q3/Article-3ed23b168a90291027.htm,"N12 - ויתר על כסף רב: מאחורי הפרישה של ""ווג`""",,wayback
https://www.mako.co.il/news-sport/basketball-2024_q3/Article-44ef7d464292291027.htm,N12 - הסתבך בגלל כדורגל: סערת הענק סביב ארגין עתמאן,,wayback
https://www.mako.co.il/news-sport/basketball-2024_q3/Article-46b2c5a7c232291026.htm,N12 - 2.21 בגיל 13: צפו בתיעוד יוצא הדופן,,wayback
https://www.mako.co.il/news-sport/basketball-2024_q3/Article-474752df7df1291026.htm,N12 - עיניים צהובות: ההסבר לתמונה הוויראלית של מייקל ג`ורדן,,wayback
https://www.mako.co.il/news-sport/basketball-2024_q3/Article-48e278104c71291027.htm,"N12 - 2 משחקים, 3 פצועים: מכבי ת""א מסכמת הכנה",,wayback
https://www.mako.co.il/news-sport/basketball-2024_q3/Article-4a6bf7d60ae3291027.htm,"N12 - הצעד בדרך ל-10,000 מקומות בהיכל שלמה",,wayback
https://www.mako.co.il/news-sport/basketball-2024_q3/Article-4aada0510eff191027.htm,"N12 - ""פורח במכבי"": באירופה החמיאו ליוקובאיטיס",,wayback
https://www.mako.co.il/news-sport/basketball-2024_q3/Article-4b560008c5c9191027.htm,N12 - מיוות`ר וכוכבי NBA במפגן תמיכה בישראל,,wayback
https://www.mako.co.il/news-sport/basketball-2024_q3/Article-4c9112083ad1291027.htm,N12 - הליגה הצרפתית בכדורסל: מחאה פרו פלסטינית במחזור הפתיחה,,wayback
https://www.mako.co.il/news-sport/basketball-2024_q3/Article-4e8523cadc42291026.htm,"N12 - יוקובאיטיס בסגל מכבי ת""א לקריית אתא",,wayback
https://www.mako.co.il/news-sport/basketball-2024_q3/Article-501654eb7191291026.htm,"N12 - מגיפה של ממש: דו""ח פציעות בליגת העל",,wayback
https://www.mako.co.il/news-sport/basketball-2024_q3/Article-590078104c71291027.htm,"N12 - ""שהשחקנים יתמודדו עם להיות פייבוריטים""",,wayback
https://www.mako.co.il/news-sport/basketball-2024_q3/Article-5ab0686ed453291026.htm,"N12 - בשל המצב: הפועל ת""א תקדים את יציאתה מישראל",,wayback
https://www.mako.co.il/news-sport/basketball-2024_q3/Article-5ed6009f5361291026.htm,"N12 - ""שלשה של סטף"": צפו בסל הענק של הובר",,wayback
https://www.mako.co.il/news-sport/basketball-2024_q3/Article-650f1fc61a44291027.htm,"N12 - האלופה ברבע: 70:99 לאליצור רמלה על רמה""ש",,wayback
https://www.mako.co.il/news-sport/basketball-2024_q3/Article-6ab33ee4d572291027.htm,"N12 - עודד קטש: ""חייבים להתחזק כדי להישאר תחרותיים""",,wayback
https://www.mako.co.il/news-sport/basketball-2024_q3/Article-71b93508fe9f191026.htm,N12 - מהפך: היורוליג הודיעה על תקרת שכר חדשה,,wayback
https://www.mako.co.il/news-sport/basketball-2024_q3/Article-739279486791291027.htm,"N12 - ""לא סופרים את מכבי ת""א, אבל נפתיע""",,wayback
https://www.mako.co.il/news-sport/basketball-2024_q3/Article-7749e1a06e33291026.htm,"N12 - עודד קטש: ""מחפשים להתחזק. צריך גם מזל""",,wayback
https://www.mako.co.il/news-sport/basketball-2024_q3/Article-7ca558385db1291027.htm,"N12 - אכזבה בי-ם: ""הפסד מעצבן, אבל הדרך ארוכה""",,wayback
https://www.mako.co.il/news-sport/basketball-2024_q3/Article-7e1627c24340291027.htm,"N12 - אבן פינה: מאחורי הפרידה של אבן ממכבי ת""א",,wayback
https://www.mako.co.il/news-sport/basketball-2024_q3/Article-844e01c32d6f191027.htm,"N12 - חי, רבע 4: גלבוע/גליל - הפועל י-ם 67:62",,wayback
https://www.mako.co.il/news-sport/basketball-2024_q3/Article-87a5be949c52291027.htm,"N12 - הפועל ומכבי ת""א בעקבות אנטוניו בלאקני",,wayback
https://www.mako.co.il/news-sport/basketball-2024_q3/Article-8894e1a06e33291026.htm,N12 - רשמי: אלפא קאבה חתם במכבי תל אביב,,wayback
https://www.mako.co.il/news-sport/basketball-2024_q3/Article-8b9b257129b0291026.htm,N12 - בני הרצליה גברה על הפועל חיפה ותפגוש הפועל את י-ם,,wayback
https://www.mako.co.il/news-sport/basketball-2024_q3/Article-8bcb3d8d96ef191026.htm,"N12 - ארגין עתמאן: ""המגרשים הם לא מקום לפוליטיקה""",,wayback
https://www.mako.co.il/news-sport/basketball-2024_q3/Article-8bee75d59b14291027.htm,"N12 - שחקנים יצאו בלילה, הפועל כפתה שעת עוצר",,wayback
https://www.mako.co.il/news-sport/basketball-2024_q3/Article-8db61ffa8b23291026.htm,N12 - הפלסטר הנכון? מה שיביא אלפא קאבה למכבי תל אביב,,wayback
https://www.mako.co.il/news-sport/basketball-2024_q3/Article-8f69e743c361291027.htm,"N12 - מכבי רמת גן הדיחה את הפועל ת""א מגביע ווינר",,wayback
https://www.mako.co.il/news-sport/basketball-2024_q3/Article-93ad5f2e8b02291026.htm,N12 - מתקרב לפרישה? דריק רוז יודע על עתידו השבוע,,wayback
https://www.mako.co.il/news-sport/basketball-2024_q3/Article-967cd7542a32291027.htm,"N12 - ""אין רף שלא נגיע אליו, זו תקומה""",,wayback
https://www.mako.co.il/news-sport/basketball-2024_q3/Article-96dc536fd644291027.htm,N12 - ההסבר מאחורי התנועה האייקונית של מוטומבו,,wayback
https://www.mako.co.il/news-sport/basketball-2024_q3/Article-9892be1818e6191027.htm,N12 - שאקיל אוניל: הכדורסלן האגדי העביר מסר בעברית לניצולי...,,wayback
https://www.mako.co.il/news-sport/basketball-2024_q3/Article-9ec73ec0f844291027.htm,N12 - ״אתה גם ככה רוקי״: הראיון הקורע של לברון וברוני,,wayback
