outlet,url,title,published_date,discovery_route,independent_routes,central_or_mention,status,matched_document_id,is_liveblog,evidence,notes
bild,https://www.bild.de/politik/ausland-und-internationales/dutzende-terroristen-verletzt-etliche-hisbollah-piepser-explodiert-66e983275eec914fde514474,Explosionswelle schockt Libanon: Hunderte Hisbollah-Piepeser gleichzeitig detoniert,2024-09-17,bild-sitemap;gdelt-gkg;mediacloud,bild-sitemap;gdelt-gkg;mediacloud,central,in_corpus,ge_bild_9c1c25b60d,,Hunderte Hisbollah-Piepser detonieren gleichzeitig : Explosionswelle schockt Libanon,
bild,https://www.bild.de/politik/ausland-und-internationales/hunderte-pager-detonieren-im-libanon-so-koennten-die-hisbollah-piepser-explodiert-sein-66e9b363cfcaa32a02924230,Libanon: So könnten die Hisbollah-Pager explodiert sein,2024-09-17,bild-sitemap;gdelt-gkg;mediacloud,bild-sitemap;gdelt-gkg;mediacloud,central,in_corpus,ge_bild_caca1e6bc6,,Hunderte Pager detonieren im Libanon : So könnten die Hisbollah-Piepser explodiert sein,
bild,https://www.bild.de/news/ausland/am-obststand-im-libanon-ueberwachungskamera-filmt-pager-explosion-66e9e36a63176b30b587a2d0,Am Obststand im Libanon: Überwachungskamera filmt Pager-Explosion,2024-09-18,mediacloud;wayback-page:www.bild.de/,mediacloud;wayback-page:www.bild.de/,central,in_corpus,ge_bild_ac3c4b356a,,Am Obststand im Libanon : Überwachungskamera filmt Pager-Explosion,
bild,https://www.bild.de/politik/ausland-und-internationales/islamisten-kalt-erwischt-hisbollah-wuetet-nach-piepser-attacke-gegen-israel-66e9a1e95eec914fde514673,Hisbollah wütet nach Piepser-Attacke: Eskaliert jetzt der Krieg?,2024-09-18,bild-sitemap;gdelt-gkg;mediacloud,bild-sitemap;gdelt-gkg;mediacloud,central,in_corpus,ge_bild_b93dfb6adb,,Hisbollah wütet nach Piepser-Attacke : Eskaliert jetzt der Krieg?,
bild,https://www.bild.de/politik/ausland-und-internationales/israel-in-hoechster-einsatzbereitschaft-nach-explosionen-bei-hisbollah-66ead4c82fbaa92dea26a365,Israels Verteidigungsminister Gallant : „Stehen am Beginn einer neuen Phase des Krieges“ Zwei Explosionswellen in Beirut – die IDF ist auf mögliche Gegenangriffe vorbereitet.,2024-09-18,bild-sitemap;gdelt-gkg;wayback-page:www.bild.de/,bild-sitemap;gdelt-gkg;wayback-page:www.bild.de/,central,in_corpus,ge_bild_8b070510cd,,Es war ein Schock-Angriff am Dienstagnachmittag: Hunderte Pager der islamistischen explodierten gleichzeitig im ganzen Libanon.,
bild,https://www.bild.de/politik/ausland-und-internationales/israelische-geheimdienst-expertin-fuehle-mich-wie-im-james-bond-film-66ea8b753e01df59ddc16463,"Israelische Geheimdienst-Expertin: „Fühle mich wie im James-Bond-Film"" | Politik",2024-09-18,bild-sitemap;gdelt-gkg;wayback-page:www.bild.de/,bild-sitemap;gdelt-gkg;wayback-page:www.bild.de/,central,in_manifest_not_candidate,,,Israelische Geheimdienst-Expertin über Piepser-Operation : „Fühle mich wie im James-Bond-Film“,manifest tag: bild|untagged|bild-archive; accessible via live
bild,https://www.bild.de/politik/ausland-und-internationales/israels-legendaerer-geheimdienst-so-jagt-der-mossad-weltweit-seine-feinde-66ea8bfa63176b30b587a71f,Israels legendärer Geheimdienst: So jagt der Mossad weltweit seine Feinde,2024-09-18,bild-sitemap;gdelt-gkg;mediacloud,bild-sitemap;gdelt-gkg;mediacloud,central,in_manifest_not_candidate,,,Die letzte dem Mossad öffentlich zugeschriebene Aktion vor der Piepser-Attacke war das Attentat auf den Chef des Polit-Büros der Hamas. .,manifest tag: bild|untagged|bild-archive; accessible via live
bild,https://www.bild.de/politik/ausland-und-internationales/new-york-times-berichtet-so-plante-israel-seine-piepser-attacke-gegen-hisbollah-66ea67142b960c78492eb6c1,2700 Hisbollah-Terroristen verwundet: Enthüllt! Darum schlug Israel jetzt zu,2024-09-18,bild-sitemap;mediacloud;wayback-page:www.bild.de/,bild-sitemap;mediacloud;wayback-page:www.bild.de/,central,in_corpus,ge_bild_a855b7c8d2,,Piepser im Libanon explodiert ++ 2700 Hisbollah-Terroristen verwundet : Enthüllt! Darum schlug Israel jetzt zu,paywalled (teaser/lead only on the fetched copy)
bild,https://www.bild.de/politik/ausland-und-internationales/pager-und-walkie-talkie-bomben-muss-hisbollah-stille-post-spielen-66eade3a3694503ff1e85db4,Pager- und Walkie-Talkie-Bomben: Muss Hisbollah „Stille Post“ spielen?,2024-09-18,bild-sitemap;mediacloud;wayback-page:www.bild.de/,bild-sitemap;mediacloud;wayback-page:www.bild.de/,central,in_corpus,ge_bild_3c2946f1a7,,Nach Pager- und Walkie-Talkie-Explosionen : Muss die Hisbollah jetzt „Stille Post“ spielen?,paywalled (teaser/lead only on the fetched copy)
bild,https://www.bild.de/politik/ausland-und-internationales/piepser-attacke-gegen-die-hisbollah-arabische-welt-ist-schockiert-und-beeindruckt-66eac11a3694503ff1e85bdc,Piepser-Attacke gegen Hisbollah: Arabische Welt schockiert und beeindruckt,2024-09-18,bild-sitemap;gdelt-gkg;mediacloud;wayback-page:www.bild.de/,bild-sitemap;gdelt-gkg;mediacloud;wayback-page:www.bild.de/,central,in_corpus,ge_bild_15cd3b214e,,Piepser-Attacke gegen die Hisbollah : Arabische Welt ist schockiert und beeindruckt,
bild,https://www.bild.de/leben-wissen/digital/explosionen-im-libanon-kann-der-geheimdienst-auch-mein-handy-sprengen-66ebdf972fbaa92dea26ab42,Explosionen im Libanon: Kann der Geheimdienst auch mein Handy sprengen?,2024-09-19,bild-sitemap;gdelt-gkg;mediacloud;wayback-page:www.bild.de/,bild-sitemap;gdelt-gkg;mediacloud;wayback-page:www.bild.de/,central,in_corpus,ge_bild_c25454ec71,,Nach Sprengstoff-Pagern im Libanon : Kann auch mein Handy explodieren?,
bild,https://www.bild.de/politik/ausland-und-internationales/israel-israelischer-staatsbuerger-plante-mord-an-netanjahu-66ebf02ae44bfa220d688977,Israel: Israelischer Staatsbürger plante Mord an Netanjahu,2024-09-19,bild-sitemap;gdelt-gkg,bild-sitemap;gdelt-gkg,mention,in_manifest_not_candidate,,,"Der Iran und die Hisbollah beschuldigen , hinter den Explosionen elektronischer Kommunikationsgeräte im Libanon zu stecken. Dabei wurden in den letzten Tagen über 30 Menschen getötet und mehr als 3000 verletzt, darunter viele Hisbollah-Mitglieder. I",manifest tag: bild|untagged|bild-archive; accessible via live
bild,https://www.bild.de/politik/ausland-und-internationales/israel-und-hisbollah-waren-noch-nie-so-nah-an-einem-krieg-im-libanon-66ebd61f72203d7f73054345,"Israel und Hisbollah: „Waren noch nie so nah"" an einem Krieg im Libanon | Politik",2024-09-19,bild-sitemap;gdelt-gkg,bild-sitemap;gdelt-gkg,mention,in_manifest_not_candidate,,,"lich Raketen auf Israel schießen! Am Dienstag und Mittwoch wurden durch einen israelischen Angriff Tausende Hisbollah-Terroristen durch explodierende Pager und Walkie-Talkies verletzt, Dutzende starben.",manifest tag: bild|untagged|bild-archive; accessible via live
bild,https://www.bild.de/politik/ausland-und-internationales/mysterioese-fake-firma-schickte-sie-die-toedlichen-piepser-an-die-hisbollah-66eae1f52fbaa92dea26a41f,Mysteriöse Fake-Firma: Schickte sie die tödlichen Piepser an die Hisbollah?,2024-09-19,bild-sitemap;gdelt-gkg;mediacloud,bild-sitemap;gdelt-gkg;mediacloud,central,in_corpus,ge_bild_51a701efb7,,Mysteriöse Fake-Firma aus Ungarn im Visier : Schickte SIE die tödlichen Piepser an die Hisbollah?,
bild,https://www.bild.de/politik/ausland-und-internationales/nervoeser-auftritt-im-live-tv-hisbollah-chef-von-mossad-operation-verunsichert-66ec42e8d6581c44efa2c114,Nervöser Auftritt im Live-TV: Hisbollah-Chef von Mossad-Operation verunsichert,2024-09-19,bild-sitemap;gdelt-gkg;mediacloud,bild-sitemap;gdelt-gkg;mediacloud,mention,in_manifest_not_candidate,,,"Hisbollah-Chef Hassan Nasrallah (64) ist bekannt für seine ausschweifenden Reden, oft trägt er sie monoton vor. Diesmal, nach der Explosion Tausender Kommunikationsgeräte seiner Terror-Miliz, wirkte er verändert. Am Donnerstagnachmittag wandte er sich mit einer Rede im Live-TV erstmals nach der mutm",manifest tag: bild|untagged|bild-archive; accessible via live
bild,https://www.bild.de/politik/ausland-und-internationales/new-york-times-berichtet-so-plante-israel-seine-piepser-attacke-gegen-hisbollah-66ea1f6063176b30b587a382,„New York Times“ berichtet: So plante Israel seine Piepser-Attacke gegen Hisbollah,2024-09-19,bild-sitemap;gdelt-gkg;mediacloud,bild-sitemap;gdelt-gkg;mediacloud,central,in_corpus,ge_bild_e70215898b,,US-Medien berichten : So plante Israel seine Piepser-Attacke,
bild,https://www.bild.de/politik/ausland-und-internationales/ploetzlich-eine-mossad-waffe-was-sind-noch-mal-diese-pager-66ea89346afad031304b7b64,"Was sind diese Pager, mit deren Hilfe die Hisbollah attackiert wurde?",2024-09-19,gdelt-gkg;mediacloud,gdelt-gkg;mediacloud,central,not_in_manifest,,,Plötzlich Mossad-Waffe : Was sind noch mal diese Pager?,accessible via live
bild,https://www.bild.de/politik/ausland-und-internationales/terror-experte-zu-pager-angriff-das-waren-die-fehler-der-hisbollah-66ebef9c0fba4a0fa3965c80,Terror-Experte zu Pager-Angriff: Das waren die Fehler der Hisbollah | Politik,2024-09-19,bild-sitemap;gdelt-gkg,bild-sitemap;gdelt-gkg,central,in_corpus,ge_bild_23d5f01243,,"Erst Pieper, dann Walkie-Talkies: Das waren die Fehler der Hisbollah",
bild,https://www.bild.de/politik/ausland-und-internationales/zweite-welle-schockt-libanon-hisbollah-walkie-talkies-explodieren-66eae1e12fbaa92dea26a41b,Zweite Welle schockt Libanon: Jetzt explodieren die Walkie-Talkies der Hisbollah,2024-09-19,bild-sitemap;gdelt-gkg;mediacloud;wayback-page:www.bild.de/,bild-sitemap;gdelt-gkg;mediacloud;wayback-page:www.bild.de/,central,in_corpus,ge_bild_9c5c73b710,,Eines der zerstörten Walkie-Talkies liegt auf einem Sofa in der Stadt Baalbek im Osten des Landes,
bild,https://www.bild.de/politik/meinung-kommentare-kolumnen/kommentar-zur-hisbollah-attacke-darf-man-sich-ueber-den-tod-von-terroristen-freuen-66ebe6a472203d7f7305441e,Kommentar zur Hisbollah-Attacke: Darf man sich über den Tod von Terroristen freuen?,2024-09-19,bild-sitemap;gdelt-gkg;mediacloud;wayback-page:www.bild.de/,bild-sitemap;gdelt-gkg;mediacloud;wayback-page:www.bild.de/,central,in_corpus,ge_bild_83407de25e,,"Hisbollah-Terroristen beerdigen einen Kameraden, der bei der Pager-Operation getötet wurde",
bild,https://www.bild.de/politik/ausland-und-internationales/medien-israel-plante-pager-explosionen-im-libanon-seit-15-jahren-66ed286498555c6260204f7b,Medien: Israel plante Pager-Explosionen im Libanon seit 15 Jahren | Politik,2024-09-20,bild-sitemap;gdelt-gkg,bild-sitemap;gdelt-gkg,central,in_corpus,ge_bild_ceb0b2e470,,Brisanter Medienbericht : Israel plante Pager-Explosionen im Libanon seit 15 Jahren,
bild,https://www.bild.de/politik/ausland-und-internationales/schlag-gegen-terrororganisation-israel-greift-hunderte-hisbollah-ziele-an-66ed0046a19e903256fc5b15,Israel greift Hunderte Hisbollah-Ziele an: Schlag gegen Terrororganisation | Politik,2024-09-20,bild-sitemap;gdelt-gkg,bild-sitemap;gdelt-gkg,mention,in_manifest_not_candidate,,,"Der Konflikt zwischen Israel und der Hisbollah im hat sich deutlich zugespitzt, nachdem am Dienstag und Mittwoch Hunderte Pager und . Bei den in zwei Wellen erfolgten Explosionen der Geräte wurden 37 Menschen getötet und fast 3000 verletzt. Die Hisbollah macht Israel verantwor",manifest tag: bild|untagged|bild-archive; accessible via live
bild,https://www.bild.de/politik/ausland-und-internationales/marschiert-israel-jetzt-in-den-libanon-ein-brenzlige-situation-im-norden-66ed8fec8b0a074c475ce7e9,Marschiert Israel jetzt in den Libanon ein? Brenzlige Situation im Norden,2024-09-21,bild-sitemap;gdelt-gkg;mediacloud,bild-sitemap;gdelt-gkg;mediacloud,central,in_manifest_not_candidate,,,"nach der Pieper-Attacke gegen Tausende Hisbollah-Terroristen, bei der am Dienstag und Mittwoch 37 Menschen getötet und fast 3000 durch explodierende Pager und Walkie-Talkies verletzt wurden, verschärft sich die Lage an der nördlichen Front Israels rasant!",manifest tag: bild|untagged|bild-archive; accessible via live
bild,https://www.bild.de/politik/ausland-und-internationales/nach-israel-angriffen-auf-hisbollah-libanon-kuendigt-grosse-explosion-an-66edfb0cc3ccdc3a464c8640,Nach Israel-Angriffen auf Hisbollah: Libanon kündigt „große Explosion“ an,2024-09-21,bild-sitemap;gdelt-gkg;mediacloud,bild-sitemap;gdelt-gkg;mediacloud,mention,in_corpus,ge_bild_6775b518aa,,"Bou Habib wirft Israel vor, hinter dem Angriff in seinem Land mit explodierenden Pagern und Funkgeräten zu stecken. Der Minister sagte, Tausende Pager seien zur Explosion gebracht worden. Zwischendurch hielt er ein Bild im Rat hoch, das",
bild,https://www.bild.de/politik/ausland-und-internationales/aus-angst-vor-israel-aufstand-gegen-den-hisbollah-boss-66efeb1ec3ccdc3a464c92d7,Aus Angst vor Israel: Aufstand gegen den Hisbollah-Boss!,2024-09-22,bild-sitemap;gdelt-gkg;mediacloud,bild-sitemap;gdelt-gkg;mediacloud,mention,in_manifest_not_candidate,,,"Die Zeitung verurteilt die israelischen Pager- und Walkie-Talkie-Operationen gegen die Hisbollah-Mitglieder als „Staatsterrorismus“. Gleichzeitig wirft sie Nasrallah vor, dem Libanon schon vorher",manifest tag: bild|untagged|bild-archive; accessible via live
bild,https://www.bild.de/politik/ausland-und-internationales/hisbollah-unter-druck-israel-hat-terroristen-laecherlich-gemacht-66ef1ca3e1d06e35845ef11d,Hisbollah unter Druck: Israel hat Terroristen „lächerlich“ gemacht,2024-09-22,bild-sitemap;gdelt-gkg;mediacloud,bild-sitemap;gdelt-gkg;mediacloud,mention,in_manifest_not_candidate,,,"nsschlägen Ibrahim Aqil (62), den Kommandeur einer Elite-Einheit, und 15 weitere hochrangige Hisbollah-Mitglieder. Bei Explosionswellen detonierender Pager und Walkie-Talkies waren am Dienstag und Mittwoch weitere dutzende Terror-Kämpfer getötet worden. Israels Streitkräfte flogen im Süden des Liban",manifest tag: bild|untagged|bild-archive; accessible via live
bild,https://www.bild.de/politik/ausland-und-internationales/israel-attacke-erdogans-ruestungs-firma-wirbt-mit-eigenen-walkie-talkies-66f1283fc3ccdc3a464ca06a,Israel-Attacke: Erdogans Rüstungs-Firma wirbt mit eigenen Walkie-Talkies,2024-09-23,bild-sitemap;gdelt-gkg;mediacloud,bild-sitemap;gdelt-gkg;mediacloud,central,in_corpus,ge_bild_2ae7416aef,,Nach Israels Hisbollah-Operation : Türken fürchten manipulierte Piepser,
bild,https://www.bild.de/politik/ausland-und-internationales/nach-israels-angriff-auf-verbuendeten-mullahs-lassen-muskeln-spielen-66ee84271df99b61f6ec7743,Neue Drohnen und Raketen : Mullah-Armee lässt Muskeln spielen Das Mullah-Regime demonstriert bei einer Militärparade seine militärische Stärke.,2024-09-23,bild-sitemap;gdelt-gkg;wayback-page:www.bild.de/,bild-sitemap;gdelt-gkg;wayback-page:www.bild.de/,mention,in_manifest_not_candidate,,,"Am Dienstag und Mittwoch waren bei einem Angriff, den höchstwahrscheinlich Israel koordinierte, zunächst Tausende Pager und Walkie-Talkies von Hisbollah-Milizen explodiert. Mindestens 37 Menschen wurden dadurch getötet, 3000 verletzt. Anschließend setzte Israel mit Luf",manifest tag: bild|untagged|bild-archive; accessible via live
bild,https://www.bild.de/politik/ausland-und-internationales/us-bericht-enthuellt-strategie-israel-hat-ein-geheimes-kriegsziel-66f02136a6fc5611b0aaec90,US-Bericht enthüllt Strategie: Israel hat ein geheimes Kriegsziel,2024-09-23,bild-sitemap;mediacloud,bild-sitemap;mediacloud,central,in_manifest_not_candidate,,,"Ein US-Bericht enthüllt Israels geheimes Kriegsziel. Jetzt wird vieles klar: Warum Israel mit der Piepser-Attacke zuschlug, warum die Bombardements immer heftiger werden.",manifest tag: bild|untagged|bild-archive; paywalled (teaser/lead only on the fetched copy); accessible via live
bild,https://www.bild.de/politik/neue-terrorziele-im-visier-israel-kuendigt-weitere-libanon-angriffe-an-66f15c4dc3ccdc3a464ca3d0,Neue Terrorziele im Visier: Israel kündigt weitere Libanon-Angriffe an,2024-09-23,bild-sitemap;gdelt-gkg,bild-sitemap;gdelt-gkg,mention,in_corpus,ge_bild_78bbd73339,,"härft. Nach der „Pieper-Attacke“ vergangene Woche gegen Tausende Hisbollah-Terroristen, bei der 37 Menschen getötet und fast 3000 durch explodierende Pager und Walkie-Talkies verletzt wurden, Aus dem Libanon wiederum wurden Geschosse Richtung Israel geschossen.",
bild,https://www.bild.de/politik/ausland-und-internationales/israel-schlaegt-in-beirut-zu-raketen-kommandeur-der-hisbollah-getoetet-66f2ad4cb647001a28944956,Israel schlägt in Beirut zu: Raketen-Kommandeur der Hisbollah getötet!,2024-09-24,bild-sitemap;gdelt-gkg;mediacloud,bild-sitemap;gdelt-gkg;mediacloud,mention,in_manifest_not_candidate,,,"heiterten, die libanesische Terror-Miliz feuerte weiter. Dann ging Israel in die Offensive: Mit einer Geheimdienst-Operation sprengte Israel tausende Pager und Walkie-Talkies von Hisbollah-Mitgliedern in die Luft. Kurz darauf schaltete die Luftwaffe mehrere hochrangige Kommandeure in Beirut aus.",manifest tag: bild|untagged|bild-archive; accessible via live
ntv,https://www.n-tv.de/der_tag/Dutzende-Hisbollah-Mitglieder-durch-explodierende-Pager-verletzt-article25233836.html,Der Tag: Dutzende Hisbollah-Mitglieder durch explodierende Pager verletzt,2024-09-17,ntv-sitemap,ntv-sitemap,central,in_corpus,ge_ntv_9a1aed9420,,Der Tag Dutzende Hisbollah-Mitglieder durch explodierende Pager verletzt,
ntv,https://www.n-tv.de/der_tag/Hunderte-Hisbollah-Pager-explodieren-gleichzeitig-Wie-geht-das-article25234817.html,Der Tag: Hunderte Hisbollah-Pager explodieren gleichzeitig: Wie geht das?,2024-09-17,ntv-sitemap,ntv-sitemap,central,not_in_manifest,,,Der Tag Hunderte Hisbollah-Pager explodieren gleichzeitig: Wie geht das?,accessible via live
ntv,https://www.n-tv.de/politik/So-koennten-die-Hisbollah-Pager-manipuliert-worden-sein-article25234840.html,So könnten die Hisbollah-Pager manipuliert worden sein,2024-09-17,gdelt-gkg;mediacloud;ntv-sitemap;wayback-page:www.n-tv.de/,gdelt-gkg;mediacloud;ntv-sitemap;wayback-page:www.n-tv.de/,central,not_in_manifest,,,Hunderte Pager im Libanon explodieren zeitgleich. Experten vermuten hinter dem beispiellosen Angriff eine von langer Hand geplante Aktion Israels. Die erst vor Kurz,accessible via live
ntv,https://www.n-tv.de/politik/Tote-und-Tausende-Verletzte-durch-Pager-Explosionen-im-Libanon-article25234339.html,Tote und Tausende Verletzte durch Pager-Explosionen im Libanon,2024-09-17,gdelt-gkg;mediacloud;ntv-sitemap;wayback-page:www.n-tv.de/,gdelt-gkg;mediacloud;ntv-sitemap;wayback-page:www.n-tv.de/,central,not_in_manifest,,,Landesweit explodieren im Libanon beinahe zeitgleich Hunderte Pager. Offenbar trifft es zumeist Kämpfer der Hisbollah-Miliz. Die Terrororganisation vermutet Israel hinter der Attacke. Zu den Verletzten gehört auch der,accessible via live
ntv,https://www.n-tv.de/der_tag/Hisbollah-Geraete-explodiert-Opferzahlen-im-Libanon-steigen-rapide-article25237478.html,Der Tag: Hisbollah-Geräte explodiert: Opferzahlen im Libanon steigen rapide,2024-09-18,ntv-sitemap,ntv-sitemap,central,in_corpus,ge_ntv_70ea214293,,Der Tag Hisbollah-Geräte explodiert: Opferzahlen im Libanon steigen rapide,
ntv,https://www.n-tv.de/der_tag/Jetzt-explodieren-Hisbollah-Walkie-Talkies-im-Libanon-article25237150.html,Der Tag: Jetzt explodieren Hisbollah-Walkie-Talkies im Libanon,2024-09-18,ntv-sitemap,ntv-sitemap,central,not_in_manifest,,,"sind weitere Kommunikationsgeräte von Hisbollah-Mitgliedern explodiert . In einem südlichen Vorort der libanesischen Hauptstadt sei ""eine Anzahl von Walkie-Talkies explodiert"", verlautete aus Hisbollah-Kreisen. Die staatliche libanesische Nachrichtenagentur meldete Explosionen von Pagern und anderen",accessible via live
ntv,https://www.n-tv.de/der_tag/Nach-zweiter-Explosionswelle-im-Libanon-9-Tote-und-300-Verletzte-article25237357.html,Der Tag: Nach zweiter Explosionswelle im Libanon: 9 Tote und 300 Verletzte,2024-09-18,ntv-sitemap,ntv-sitemap,central,not_in_manifest,,,"Bei erneuten Explosionen zahlreicher elektronischer Geräte sind im Libanon nach Behördenangaben mehr als 300 Menschen verletzt worden. Das libanesische Gesundheitsministerium teilte zudem mit, dass dabei min",accessible via live
ntv,https://www.n-tv.de/der_tag/Schwere-wahllose-Kollateralschaeden-EU-aeussert-sich-zu-Pager-Explosionen-im-Libanon-article25236990.html,"Der Tag: ""Schwere, wahllose Kollateralschäden"": EU äußert sich zu Pager-Explosionen im Libanon",2024-09-18,ntv-sitemap,ntv-sitemap,central,in_corpus,ge_ntv_00027abbab,,"Der Tag ""Schwere, wahllose Kollateralschäden"": EU äußert sich zu Pager-Explosionen im Libanon",
ntv,https://www.n-tv.de/mediathek/videos/politik/Blufarb-zu-Pager-Explosionen-im-Libanon-Israel-ist-klar-dass-das-eine-Reaktion-zur-Folge-haben-kann-article25235249.html,01:51 min,2024-09-18,wayback-page:www.n-tv.de/,wayback-page:www.n-tv.de/,central,in_corpus,ge_ntv_1501bab538,,"[headline/description] Blufarb zu Pager-Explosionen im Libanon: ""Israel ist klar, dass das eine Reaktion zur Folge haben kann"" Israel startet offenbar einen koordinierten Angriff im Libanon. Dabei explodieren Funkempfänger beinahe zeitgleich. Neun Menschen sterben, 2750 Pe",video page
ntv,https://www.n-tv.de/mediathek/videos/politik/Explodierende-Pager-toeten-mehrere-Hisbollah-Mitglieder-article25234598.html,00:48 min,2024-09-18,wayback-page:www.n-tv.de/,wayback-page:www.n-tv.de/,central,in_corpus,ge_ntv_25bfdc44dd,,"Der Konflikt zwischen Israel und der schiitischen Hisbollah-Miliz spitzt sich zu: Bei Explosionen Tausender tragbarer Funkempfänger, sogenannter Pager, werden mehrere Menschen getötet und mehr als 2800 verletzt. Die meisten Opfer sind Hisbollah-Mitglieder. Vor Ort macht man Israel für die Attentate",video page
ntv,https://www.n-tv.de/mediathek/videos/politik/Explosionen-haben-Terror-Wirkung-auf-Zivilbevoelkerung-article25237403.html,"Tausende Verletzte im Libanon Explosionen haben ""Terror-Wirkung auf Zivilbevölkerung""",2024-09-18,wayback-page:www.n-tv.de/,wayback-page:www.n-tv.de/,central,in_manifest_not_candidate,,,"Bei den gezielten Pager-Zündungen im Libanon gehen die Verletztenzahlen in die Tausende. Robert Chatterjee, stellvertretender Chefredakteur beim ""Zenith""-Magazins, spricht ü",video page; manifest tag: ntv|untagged|cdx; accessible via live
ntv,https://www.n-tv.de/mediathek/videos/politik/Jaeger-zu-Pager-Explosionen-Das-hat-neue-Qualitaet-article25235816.html,04:46 min,2024-09-18,wayback-page:www.n-tv.de/,wayback-page:www.n-tv.de/,central,in_corpus,ge_ntv_88fc2680dc,,"Explodierende Autobomben oder Telefone sind bei Anschlägen nichts Neues - die gleichzeitig gezündeten Funkgeräte im Libanon aber erreichen ein neues Level, erklärt Thomas Jäger. Besonders brisant ist laut dem Politikexperten die dafür notwendige Infiltrierung v",video page
ntv,https://www.n-tv.de/mediathek/videos/politik/Zeugen-filmen-explodierende-Walkie-Talkies-im-Libanon-article25237275.html,02:19 min,2024-09-18,wayback-page:www.n-tv.de/,wayback-page:www.n-tv.de/,central,in_corpus,ge_ntv_aacb9693e2,,Galant kündigt neue Phase an Zeugen filmen explodierende Walkie-Talkies im Libanon,video page
ntv,https://www.n-tv.de/politik/14-05-Munz-Wegen-F-16-macht-sich-Kreml-keine-Sorgen--article23143824.html,Ukraine-Krieg im Liveticker: +++ 14:05 Munz: Wegen F-16 macht sich Kreml keine Sorgen +++,2024-09-18,gdelt-gkg,gdelt-gkg,mention,live_blog,,yes,"+++ 12:41 Kreml warnt nach Pager-Explosionen vor ""Eskalation der Spannungen"" in Nahost +++ Nach der Massenexplosion hunderter Pager im Libanon hat der Kreml in Moskau vor einer ""Eska",not in manifest; accessible via wayback capture 20240918153859
ntv,https://www.n-tv.de/politik/Entlassung-von-Israels-Verteidigungsminister-gefordert-article25235683.html,Verhältnis zu Premier zerrüttet: Entlassung von Israels Verteidigungsminister gefordert,2024-09-18,gdelt-gkg;ntv-sitemap;wayback-page:www.n-tv.de/,gdelt-gkg;ntv-sitemap;wayback-page:www.n-tv.de/,mention,not_in_manifest,,,"Beamten des israelischen Sicherheitsapparats abgezielt habe. Ein Name wurde nicht genannt. Die Mitteilung von Shin Bet kam kurz vor der Explosion von Pagern, die Hunderte von Hisbollah-Aktivisten am Dienstag im Libanon bei sich trugen. Viele von ihnen wurden verletzt. Die Explosionen waren über das ",accessible via live
ntv,https://www.n-tv.de/politik/Hisbollah-schwoert-Israel-Rache-article25235207.html,Hisbollah schwört Israel Rache,2024-09-18,gdelt-gkg;mediacloud;ntv-sitemap,gdelt-gkg;mediacloud;ntv-sitemap,central,not_in_manifest,,,"Durch die zeitgleiche Explosion sogenannter Pager waren am Dienstag rund 2750 Menschen im Libanon verletzt worden, 9 Menschen starben. Unter den Verletzten sollen viele Hisbollah-Kämpfer sein, darunt",accessible via live
ntv,https://www.n-tv.de/politik/Insider-Mossad-schmuggelte-Sprengstoff-in-Hisbollah-Pager-article25235067.html,Insider: Mossad schmuggelte Sprengstoff in Hisbollah-Pager,2024-09-18,gdelt-gkg;mediacloud;ntv-sitemap;wayback-page:www.n-tv.de/,gdelt-gkg;mediacloud;ntv-sitemap;wayback-page:www.n-tv.de/,central,not_in_manifest,,,5000 Geräte präpariert Insider: Mossad schmuggelte Sprengstoff in Hisbollah-Pager,accessible via live
ntv,https://www.n-tv.de/politik/Israels-Verteidigungsminister-kuendigt-neue-Phase-des-Krieges-an-article25237460.html,Israels Verteidigungsminister kündigt neue Phase des Krieges an,2024-09-18,gdelt-gkg;mediacloud;ntv-sitemap;wayback-page:www.n-tv.de/,gdelt-gkg;mediacloud;ntv-sitemap;wayback-page:www.n-tv.de/,mention,not_in_manifest,,,nnte zu einem Krieg zwischen Israel und der mit dem Iran verbündeten Hisbollah kommen. Befeuert wurden diese Sorgen durch Anschläge mit manipulierten Pagern und Sprechfunkgeräten.,accessible via live
ntv,https://www.n-tv.de/politik/Massenhaft-Augen-OPs-und-Amputationen-im-Libanon-article25236393.html,Massenhaft Augen-OPs und Amputationen im Libanon,2024-09-18,gdelt-gkg;mediacloud;ntv-sitemap;wayback-page:www.n-tv.de/,gdelt-gkg;mediacloud;ntv-sitemap;wayback-page:www.n-tv.de/,central,not_in_manifest,,,"Die Explosionen Hunderter Pagern ist für den Libanon eine medizinische Katastrophe. Rund 2800 Menschen sind verletzt, mindestens zwölf Menschen sterben. ""Die meisten Verletzten habe",accessible via live
ntv,https://www.n-tv.de/politik/Pager-Angriff-trifft-die-Basis-der-Hisbollah-article25237149.html,"Pager-Angriff ""trifft die Basis der Hisbollah""",2024-09-18,gdelt-gkg;mediacloud;ntv-sitemap;wayback-page:www.n-tv.de/,gdelt-gkg;mediacloud;ntv-sitemap;wayback-page:www.n-tv.de/,central,not_in_manifest,,,Experten wie israelische Medien sind sich weitgehend einig: Mit den Pager-Explosionen stellt Israel seine Fähigkeiten eindrücklich unter Beweis. Für die Hisbollah indes ist der Angriff erniedrigend und wird wohl eine Gegenr,accessible via live
ntv,https://www.n-tv.de/politik/Spur-der-explosiven-Pager-Wer-steckt-hinter-BAC-Consulting-article25237205.html,Spur der explosiven Pager,2024-09-18,gdelt-gkg;mediacloud;ntv-sitemap;wayback-page:www.n-tv.de/,gdelt-gkg;mediacloud;ntv-sitemap;wayback-page:www.n-tv.de/,central,not_in_manifest,,,Adresse in Budapest Spur der explosiven Pager - wer steckt hinter BAC Consulting?,accessible via live
ntv,https://www.n-tv.de/politik/Taiwanisches-Unternehmen-Explodierte-Pager-sind-aus-Ungarn-nicht-von-uns-article25235545.html,Taiwanisches Unternehmen: Explodierte Pager sind aus Ungarn,2024-09-18,gdelt-gkg;mediacloud;ntv-sitemap;wayback-page:www.n-tv.de/,gdelt-gkg;mediacloud;ntv-sitemap;wayback-page:www.n-tv.de/,central,not_in_manifest,,,"Hunderte Funkempfänger explodieren im Libanon. Das taiwanesische Unternehmen Gold Apollo stellt nun klar, nicht der Produzent zu sein. Vielmehr verweist es auf eine Firma in Ungarn.",accessible via live
ntv,https://www.n-tv.de/politik/Weitere-Hisbollah-Geraete-explodieren-im-Libanon-300-Verletzte-article25237160.html,Weitere Hisbollah-Geräte explodieren im Libanon,2024-09-18,gdelt-gkg;mediacloud;ntv-sitemap;wayback-page:www.n-tv.de/,gdelt-gkg;mediacloud;ntv-sitemap;wayback-page:www.n-tv.de/,central,not_in_manifest,,,"Im Libanon explodieren erneut Kommunikationsgeräte von Hisbollah-Mitgliedern. Augenzeugen berichten, dass es sich unter anderem um Walkie-Talkies handelt. Inzwischen ist klar: Mehr als 450 Menschen sind verletzt worden, 14 sterben.",accessible via live
ntv,https://www.n-tv.de/der_tag/Hisbollah-Chef-Israel-hat-alle-roten-Linien-ueberschritten-article25239788.html,"Der Tag: Hisbollah-Chef: Israel hat ""alle roten Linien überschritten""",2024-09-19,ntv-sitemap,ntv-sitemap,central,not_in_manifest,,,"habe mit den Explosionen ""alle roten Linien überschritten"" . ""Der Feind"" habe durch die zeitgleich am Dienstag und Mittwoch zur Explosion gebrachten Pager und Walkie-Talkies ""nicht weniger als 5000 Menschen töten"" wollen, sagte Nasrallah.",accessible via live
ntv,https://www.n-tv.de/der_tag/Israels-Verteidigungsminister-Neue-Phase-des-Krieges-article25237870.html,"Der Tag: Israels Verteidigungsminister: ""Neue Phase des Krieges""",2024-09-19,ntv-sitemap,ntv-sitemap,mention,not_in_manifest,,,nnte zu einem Krieg zwischen Israel und der mit dem Iran verbündeten Hisbollah kommen. Befeuert wurden diese Sorgen durch Anschläge mit manipulierten Pagern und Sprechfunkgeräten.,accessible via live
ntv,https://www.n-tv.de/der_tag/Japan-Die-Pager-sind-nicht-von-uns-article25238787.html,"Der Tag: Japan: ""Die Pager sind nicht von uns!""",2024-09-19,ntv-sitemap,ntv-sitemap,central,not_in_manifest,,,"Der Tag Japan: ""Die Pager sind nicht von uns!""",accessible via live
ntv,https://www.n-tv.de/der_tag/Libanon-Explodierten-Geraeten-wurde-Sprengsatz-eingepflanzt-article25240257.html,Der Tag: Libanon: Explodierten Geräten wurde Sprengsatz eingepflanzt,2024-09-19,ntv-sitemap,ntv-sitemap,central,not_in_manifest,,,Den am Dienstag und Mittwoch explodierten elektronischen Geräten waren ersten libanesischen Ermittlungsergebnissen zufolge vor der Ankunft im Land Sprengsätze eingepflanzt worden. Die Zündung sei dann durch elektr,accessible via live
ntv,https://www.n-tv.de/mediathek/videos/politik/Blufarb-Kommunikationsabbruch-schwaecht-Hisbollah-article25237965.html,02:48 min,2024-09-19,wayback-page:www.n-tv.de/,wayback-page:www.n-tv.de/,central,in_manifest_not_candidate,,,"Nach den Pager-Explosionen im Libanon beginnt Israel eine neue Phase des Krieges: Das Land ""macht jetzt massiv militärisch Druck"", weiß ntv-Korrespondentin Raschel",video page; manifest tag: ntv|untagged|cdx; accessible via live
ntv,https://www.n-tv.de/mediathek/videos/politik/Libanesische-Armee-sprengt-absichtlich-eigene-Funkgeraete-article25237963.html,02:07 min,2024-09-19,wayback-page:www.n-tv.de/,wayback-page:www.n-tv.de/,central,in_corpus,ge_ntv_f0eaf850fd,,Nach Explosion mehrerer Pager Libanesische Armee sprengt absichtlich eigene Funkgeräte,video page
ntv,https://www.n-tv.de/politik/Experte-Pager-Attacke-war-Voelkerrechtsbruch-aus-zwei-Gruenden-article25239928.html,Experte: Pager-Attacke war Völkerrechtsbruch,2024-09-19,gdelt-gkg;mediacloud;ntv-sitemap,gdelt-gkg;mediacloud;ntv-sitemap,central,not_in_manifest,,,"Ob Israel hinter den Explosionen der Pager und Walkie-Talkies im Libanon steckt, ist bisher weder bestätigt noch dementiert worden. Aber: Sollte das Land für die Manipulationen verantwortlich",accessible via live
ntv,https://www.n-tv.de/politik/Explosionen-im-Libanon-Wie-der-Sprengstoff-in-die-Hisbollah-Pager-kam-article25239052.html,Wie der Sprengstoff in die Hisbollah-Pager kam,2024-09-19,gdelt-gkg;mediacloud;ntv-sitemap;wayback-page:www.n-tv.de/,gdelt-gkg;mediacloud;ntv-sitemap;wayback-page:www.n-tv.de/,central,not_in_manifest,,,Bericht über Geheimdienst-Plan Wie der Sprengstoff in die Hisbollah-Pager kam,accessible via live
ntv,https://www.n-tv.de/politik/Hisbollah-Chef-Israel-hat-alle-roten-Linien-ueberschritten-article25239807.html,"Hisbollah-Chef: Israel hat ""alle roten Linien überschritten""",2024-09-19,gdelt-gkg;mediacloud;ntv-sitemap,gdelt-gkg;mediacloud;ntv-sitemap,central,not_in_manifest,,,"Im Libanon explodieren zahlreiche Pager und Walkie-Talkies der Hisbollah. Der Chef der Miliz macht Israel dafür verantwortlich und kündigt Vergeltung an. Die Betrafung werde kommen, prophez",accessible via live
ntv,https://www.n-tv.de/politik/Hisbollah-meldet-nach-Walkie-Talkie-Explosionen-Tod-von-20-Mitgliedern-article25238242.html,Hisbollah meldet nach Walkie-Talkie-Explosionen Tod von 20 Mitgliedern,2024-09-19,gdelt-gkg;mediacloud;ntv-sitemap;wayback-page:www.n-tv.de/,gdelt-gkg;mediacloud;ntv-sitemap;wayback-page:www.n-tv.de/,central,not_in_manifest,,,Einen Tag nach den Anschlägen mit Tausenden Pagern erschüttert am Mittwoch eine neue Welle von Explosionen tragbarer Kleingeräte den Libanon. Nach Hunderten Verletzten spricht die Hisbollah-Miliz nun,accessible via live
ntv,https://www.n-tv.de/politik/Iran-laesst-verletzte-Hisbollah-Mitglieder-ausfliegen-article25237805.html,Iran lässt verletzte Hisbollah-Mitglieder ausfliegen,2024-09-19,gdelt-gkg;mediacloud;ntv-sitemap;wayback-page:www.n-tv.de/,gdelt-gkg;mediacloud;ntv-sitemap;wayback-page:www.n-tv.de/,central,not_in_manifest,,,Nach einer zweiten Explosionswelle kleiner Funkgeräte im Libanon steigt die Zahl der Toten auf mehr als 25. Iran schickt Ärzte ins Land und will Verletzte ausfliegen. Der UN-Sicherheitsrat beraumt eine,accessible via live
ntv,https://www.n-tv.de/politik/Iran-soll-Mord-an-Netanjahu-beauftragt-haben-Festnahme-article25238557.html,Weitere Tötungen geplant: Iran soll Mord an Netanjahu beauftragt haben - Festnahme,2024-09-19,gdelt-gkg;ntv-sitemap;wayback-page:www.n-tv.de/,gdelt-gkg;ntv-sitemap;wayback-page:www.n-tv.de/,mention,not_in_manifest,,,"Der Iran und die Hisbollah sehen Israel derweil als Drahtzieher hinter den Explosionen elektronischer Kommunikationsgeräte im Libanon. Dabei wurden in den vergangenen Tagen mehr als 30 Menschen getötet und mehr als 3000 weitere verletzt, darunter zahlreiche Mitglieder de",accessible via live
ntv,https://www.n-tv.de/politik/Nahost-Experte-Die-Menschen-sind-in-Panik-article25239031.html,"Nahost-Experte: ""Die Menschen sind in Panik""",2024-09-19,gdelt-gkg;mediacloud;ntv-sitemap,gdelt-gkg;mediacloud;ntv-sitemap,central,not_in_manifest,,,"Libanon nach der Pager-Attacke Nahost-Experte: ""Die Menschen sind in Panik""",accessible via live
ntv,https://www.n-tv.de/politik/Produktion-explodierter-Walkie-Talkies-schon-2014-eingestellt-article25238071.html,Produktion explodierter Walkie-Talkies schon 2014 eingestellt,2024-09-19,gdelt-gkg;mediacloud;ntv-sitemap;wayback-page:www.n-tv.de/,gdelt-gkg;mediacloud;ntv-sitemap;wayback-page:www.n-tv.de/,central,not_in_manifest,,,"Nachdem in einer zweiten Explosionswelle im Libanon die Walkie-Talkies von Hisbollah-Mitgliedern Feuer fangen, meldet sich der Hersteller der Funkgeräte zu Wort. Die Produktion der Geräte sei vor zehn Jahren eing",accessible via live
ntv,https://www.n-tv.de/ticker/Israels-Verteidigungsminister-plant-Fortsetzung-militaerischer-Aktionen-gegen-die-Hisbollah-im-Libanon-article25240140.html,"""Steigenden Preis bezahlen"": Israels Verteidigungsminister plant Fortsetzung militärischer Aktionen gegen die Hisbollah im Libanon",2024-09-19,ntv-sitemap,ntv-sitemap,central,not_in_manifest,,,Bei offenbar koordinierten Attacken auf Kommunikationsgeräte der Hisbollah wurden am Dienstag und Mittwoch nach libanesischen Angaben mehr als 30 Menschen getötet und Tausende weitere verletzt. Der Chef der sch,"automated wire-feed page (WELT dpa newsticker / RTL teletext), not an editorial article; accessible via live"
ntv,https://www.n-tv.de/mediathek/videos/politik/Im-Libanon-werden-Beerdigungen-zu-Kundgebungen-article25240582.html,01:52 min,2024-09-20,wayback-page:www.n-tv.de/,wayback-page:www.n-tv.de/,central,in_manifest_not_candidate,,,"Die Ermittlungen zu den Pager-Explosionen laufen, Menschen nehmen von Verstorbenen Abschied. Währenddessen überzieht Israel den Libanon mit Luftangriffen. Dabei soll der hochrangi",video page; manifest tag: ntv|untagged|cdx; accessible via live
ntv,https://www.n-tv.de/mediathek/videos/politik/Russe-sieht-Buechse-der-Pandora-koennte-jeden-treffen-article25240714.html,"Munz zu Pager-Bomben im Libanon Russe sieht ""Büchse der Pandora - könnte jeden treffen""",2024-09-20,wayback-page:www.n-tv.de/,wayback-page:www.n-tv.de/,central,in_manifest_not_candidate,,,"Für Moskau ist klar, dass Israel hinter den explodierenden Funkgeräten im Libanon steckt. In Russland spricht man von ""Terrorismus"" und warnt vor weitreichenden Implikationen, berichtet ntv-Korrespondent Rainer Munz. D",video page; manifest tag: ntv|untagged|cdx; accessible via live
ntv,https://www.n-tv.de/mediathek/videos/politik/Thiele-Neuer-Krieg-guckt-ueber-den-Tellerrand-article25240611.html,"Pager-Angriffe auf die Hisbollah Thiele: ""Neuer Krieg guckt über den Tellerrand""",2024-09-20,wayback-page:www.n-tv.de/,wayback-page:www.n-tv.de/,central,in_manifest_not_candidate,,,"Nach den tödlichen Pager-Attacken droht die Hisbollah mit einer militärischen Reaktion. Doch wie und wann die Miliz zurückschlägt, sei noch völlig unklar, so Militärexperte R",video page; manifest tag: ntv|untagged|cdx; accessible via live
ntv,https://www.n-tv.de/politik/Israel-greift-Ziel-im-Sueden-Beiruts-an-article25242005.html,Rauch über der Stadt: Israel greift Ziel im Süden Beiruts an,2024-09-20,gdelt-gkg;ntv-sitemap;wayback-page:www.n-tv.de/,gdelt-gkg;ntv-sitemap;wayback-page:www.n-tv.de/,mention,not_in_manifest,,,"Akil wurde Informationen aus Beirut zufolge erst am Freitag aus dem Krankenhaus entlassen, nachdem er bei der Attacke auf technische Geräte der Hisbollah verletzt worden war. Auch dieser Angriff wird Israel zugeschrieben. Einer anonymen Quelle aus Sicherheitskreisen im Libanon zufolge erf",accessible via live
ntv,https://www.n-tv.de/politik/Israel-ueberzieht-Hisbollah-mit-Luftangriffen-article25240370.html,Israel überzieht Hisbollah mit Luftangriffen,2024-09-20,gdelt-gkg;mediacloud;ntv-sitemap;wayback-page:www.n-tv.de/,gdelt-gkg;mediacloud;ntv-sitemap;wayback-page:www.n-tv.de/,central,not_in_manifest,,,"Die libanesische Hisbollah-Miliz steht nach zwei Explosionswellen durch manipulierte Funkgeräte unter Schock. Israel nutzt den Moment, um Hunderte Angriffe auf Raketenabschussrampen der Islamisten zu fliegen. US-Präsident Biden und Frankreichs",accessible via live
ntv,https://www.n-tv.de/politik/Israel-wird-massiv-aus-dem-Libanon-beschossen-article25241646.html,Hisbollah: Salven abgefeuert: Israel wird massiv aus dem Libanon beschossen,2024-09-20,gdelt-gkg;ntv-sitemap,gdelt-gkg;ntv-sitemap,mention,not_in_manifest,,,"ums Leben, darunter 26 Zivilisten. Die vom Iran unterstützte Hisbollah-Miliz sieht Israel als Drahtzieher hinter den Explosionen ihrer elektronischen Kommunikationsgeräte in den vergangenen Tagen.",accessible via live
ntv,https://www.n-tv.de/mediathek/videos/politik/Huthi-koennten-mit-russischen-Flugkoerpern-agieren-article25242885.html,"Thiele zu Kämpfen in Nahost ""Huthi könnten mit russischen Flugkörpern agieren""",2024-09-21,wayback-page:www.n-tv.de/,wayback-page:www.n-tv.de/,central,in_manifest_not_candidate,,,"Nach den Pager-Explosionen und der Tötung des hochrangigen Kommandeurs Akil sei die Hisbollah stark geschwächt und nur noch bedingt handlungsfähig, meint Militärexp",video page; manifest tag: ntv|untagged|cdx; accessible via live
ntv,https://www.n-tv.de/politik/Hisbollah-bestaetigt-Tod-von-Kommandeur-Akil-article25242548.html,Hisbollah bestätigt Tod von Kommandeur Akil,2024-09-21,gdelt-gkg;mediacloud;ntv-sitemap;wayback-page:www.n-tv.de/,gdelt-gkg;mediacloud;ntv-sitemap;wayback-page:www.n-tv.de/,central,not_in_manifest,,,"Auch nach der Explosion Tausender Funkgeräte lässt Israel der Hisbollah keine Ruhe. Die Miliz bestätigt, dass in Beirut ein hochrangiger Kommandeur getötet wurde. Ibrahim Akil stand als interna",accessible via live
ntv,https://www.n-tv.de/politik/Israel-fliegt-umfassenden-Angriff-im-Suedlibanon-article25243380.html,"""Dutzende"" Kampfjets beteiligt: Israel fliegt ""umfassenden"" Angriff im Südlibanon",2024-09-21,gdelt-gkg;ntv-sitemap,gdelt-gkg;ntv-sitemap,mention,not_in_manifest,,,Mit der gezielten Tötung hochrangiger Hisbollah-Kommandeure durch die israelische Armee im Libanon sowie Israel zugeschriebenen Explosionen von Kommunikationsgeräten der Hisbollah-Miliz spitzte sich die Lage in den vergangenen Tagen deutlich zu. Bei einem israelischen Luftangriff in einem südlichen ,accessible via live
ntv,https://www.n-tv.de/politik/Streit-zu-Pager-Explosionen-vor-UN-Sicherheitsrat-article25242591.html,Streit zu Pager-Explosionen vor UN-Sicherheitsrat,2024-09-21,gdelt-gkg;mediacloud;ntv-sitemap;wayback-page:www.n-tv.de/,gdelt-gkg;mediacloud;ntv-sitemap;wayback-page:www.n-tv.de/,central,not_in_manifest,,,"Nach den blutigen Pager-Explosionen greift Libanons Außenminister Israel vor dem UN-Sicherheitsrat an. Das Land sei dabei, ein Schurkenstaat zu werden. Israels UN-Botschafte",accessible via live
ntv,https://www.n-tv.de/politik/Netanjahu-Hisbollah-wird-die-Botschaft-verstehen-article25244141.html,"Gefechte in Israel und Libanon: Netanjahu: ""Hisbollah wird die Botschaft verstehen""",2024-09-22,gdelt-gkg;ntv-sitemap,gdelt-gkg;ntv-sitemap,mention,not_in_manifest,,,"angenen Tagen hatte Israel mit mehreren folgenschweren Angriffen den Druck auf die Hisbollah spürbar erhöht. Seit Dienstag wurden bei Explosionen von Kommunikationsgeräten, einem massiven Luftschlag in einem Vorort in Beirut und Angriffen im Süden des Landes mindestens 86 Menschen getötet und mehr a",accessible via live
ntv,https://www.n-tv.de/politik/Raketen-aus-dem-Libanon-schlagen-in-Israel-ein-article25243508.html,Raketen aus dem Libanon schlagen in Israel ein,2024-09-22,gdelt-gkg;mediacloud;ntv-sitemap,gdelt-gkg;mediacloud;ntv-sitemap,mention,not_in_manifest,,,"Raketen auf militärische Industriekomplexe des israelischen Rüstungsunternehmens Rafael abgefeuert zu haben. Dies sei Vergeltung für die explodierten Pager und Walkie-Talkies. Zudem teilte die Hisbollah mit, mit Dutzenden Raketen den israelischen Militärstützpunkt Ramat David nahe Haifa und den dort",accessible via live
ntv,https://www.n-tv.de/mediathek/videos/politik/Zwischen-Israel-und-dem-Libanon-verhaerten-die-Fronten-article25244958.html,Video Zwischen Israel und dem Libanon verhärten die Fronten,2024-09-23,wayback-page:www.n-tv.de/,wayback-page:www.n-tv.de/,central,in_manifest_not_candidate,,,"ten. Israel setzt sich die Wiederkehr vertriebener Menschen im Norden des Landes zum Ziel, im Libanon will man die Toten nach der Detonation mehrerer Funkgeräte rächen.",video page; manifest tag: ntv|untagged|cdx; accessible via live
ntv,https://www.n-tv.de/politik/Augenarzt-im-Libanon-ist-noch-immer-entsetzt-article25245269.html,Augenarzt im Libanon ist noch immer entsetzt,2024-09-23,gdelt-gkg;mediacloud;ntv-sitemap;wayback-page:www.n-tv.de/,gdelt-gkg;mediacloud;ntv-sitemap;wayback-page:www.n-tv.de/,central,not_in_manifest,,,"rund um die Uhr. Er versucht, der Flut von Patienten Herr zu werden, deren Augen verletzt wurden, als im Libanon massenhaft Funkempfänger, sogenannte Pager, und Walkie-Talkies explodierten.",accessible via live
ntv,https://www.n-tv.de/politik/Beirut-meldet-100-Tote-nach-israelischem-Beschuss-article25246116.html,Israel weitet Angriffe aus: Beirut meldet 100 Tote nach israelischem Beschuss,2024-09-23,gdelt-gkg;ntv-sitemap;wayback-page:www.n-tv.de/,gdelt-gkg;ntv-sitemap;wayback-page:www.n-tv.de/,mention,not_in_manifest,,,"Die kriegsähnlichen Auseinandersetzung hat sich nach der Explosion Tausender Kommunikationsgeräte im Libanon sowie einem israelischen Angriff auf die Hisbollah-Führung nahe Beirut mit mehr als 50 Toten, darunter auch Zivilisten, in der vergangene",accessible via live
ntv,https://www.n-tv.de/politik/Israel-bereitet-naechste-Phasen-des-Kampfes-vor-article25247330.html,"Israel bereitet ""nächste Phasen"" des Kampfes vor",2024-09-23,gdelt-gkg;mediacloud;ntv-sitemap,gdelt-gkg;mediacloud;ntv-sitemap,mention,not_in_manifest,,,sowie der heftigen gegenseitigen Angriffe am Wochenende hatte sich der Konflikt zwischen Israel und der Hisbollah durch die Explosionen von Hunderten Pagern und Walkie-Talkies der Miliz im Libanon zugespitzt. Die Hisbollah macht Israel für die Explosionen verantwortlich. Israel selbst äußerte sich n,accessible via live
ntv,https://www.n-tv.de/politik/Israel-kuendigt-weitere-Angriffe-auf-die-Hisbollah-an-article25246780.html,Israel kündigt weitere Angriffe auf die Hisbollah an,2024-09-23,gdelt-gkg;mediacloud;ntv-sitemap,gdelt-gkg;mediacloud;ntv-sitemap,mention,not_in_manifest,,,sowie der heftigen gegenseitigen Angriffe am Wochenende hatte sich der Konflikt zwischen Israel und der Hisbollah durch die Explosionen von hunderten Pagern und Walkie-Talkies der Miliz im Libanon zugespitzt. Die Hisbollah macht Israel für die Explosionen verantwortlich. Israel selbst äußerte sich n,accessible via live
ntv,https://www.n-tv.de/politik/Israel-bombardiert-erneut-Vorort-von-Beirut-article25249538.html,Israel bombardiert erneut Vorort von Beirut,2024-09-24,gdelt-gkg;mediacloud;ntv-sitemap,gdelt-gkg;mediacloud;ntv-sitemap,mention,not_in_manifest,,,"hält - in einen größeren Krieg hineingezogen werden könnten. Die Hisbollah hatte bereits vergangene Woche schwere Verluste erlitten, als Tausende von Pagern und Funkgeräten ihrer Mitglieder explodierten. Israel hat eine Verantwortung dafür bislang weder bestätigt noch abgestritten.",accessible via live
rnd,https://www.rnd.de/politik/libanon-tote-und-verletzte-nach-pager-explosionen-hisbollah-mitglieder-unter-opfern-46S4Y5DL2BPSVPKP3EJFAZHYIY.html,Hunderte Pager explodiert: acht Tote und 2750 Verletzte im Libanon,2024-09-17,mediacloud;wayback-page:www.rnd.de/,mediacloud;wayback-page:www.rnd.de/,central,in_corpus,ge_rnd_01d7465f51,,"Ersthelfer des Zivilschutzes bringen einen verletzten Mann, dessen tragbarer Pager explodiert ist, ins al-Zahraa-Krankenhaus.",
rnd,https://www.rnd.de/politik/sorge-vor-eskalation-zwischen-israel-und-hisbollah-wachst-7734c101-db2e-4b91-b025-cea3294e1f63.html,0:42 Min. Video Krieg im Nahen Osten Sorge vor Eskalation zwischen Israel und Hisbollah wächst,2024-09-17,wayback-page:www.rnd.de/,wayback-page:www.rnd.de/,mention,not_in_manifest,,,Mindestens acht Tote durch explodierende Pager im Libanon,accessible via wayback capture 20240917174942
rnd,https://www.rnd.de/politik/ex-bnd-chef-nennt-pager-explosionen-herausragende-geheimdienstlich-operation-3STIN3KRGFB7ZCGHTP3F3HT7ZI.html,„Herausragende geheimdienstliche Operation“: Ex-BND-Chef lobt Pager-Explosionen,2024-09-18,mediacloud;wayback-page:www.rnd.de/,mediacloud;wayback-page:www.rnd.de/,central,in_corpus,ge_rnd_6b5c75ac27,,"ge Präsident des Bundesnachrichtendienstes (BND), Gerhard Schindler, hat die zeitgleichen Explosionen Hunderter tragbarer Funkempfänger – sogenannter Pager – bei Mitgliedern der libanesischen Schiitenmiliz Hisbollah als „herausragend“ gewürdigt.",
rnd,https://www.rnd.de/politik/explodierende-pager-was-ist-ein-pager-warum-benutzt-sie-die-hisbollah-5DRLGTIHRNEEJNCJWRRB6UULCI.html,Explodierende Pager bei der Hisbollah: Was bisher bekannt ist,2024-09-18,mediacloud;wayback-page:www.rnd.de/,mediacloud;wayback-page:www.rnd.de/,central,in_corpus,ge_rnd_2976713b85,,"Ein Krankenwagen mit Verwundeten, deren tragbarer Pager explodiert ist, kommt vor dem Krankenhaus der Amerikanischen Universität in Beirut an.",
rnd,https://www.rnd.de/politik/explosionen-von-pagern-und-walkie-talkies-im-libanon-eskaliert-die-lage-im-nahen-osten-JY67IHKFGRBIBDO54YCDLFVXYQ.html,"Erst explodieren Pager, jetzt Walkie-Talkies: Eskaliert die Lage im Nahen Osten?",2024-09-18,mediacloud;wayback-page:www.rnd.de/,mediacloud;wayback-page:www.rnd.de/,central,in_corpus,ge_rnd_08395d6668,,"Libanesische Soldaten versammeln vor einem Geschäft in Sidon, in dem vermutlich ein Funkgerät explodiert ist.",
rnd,https://www.rnd.de/politik/explosive-lage-im-nahen-osten-24ZUHU4Z2JBK7IF533MNEC43W4.html,Explosive Lage im Nahen Osten,2024-09-18,mediacloud,mediacloud,central,in_manifest_not_candidate,,,Die Situation im Libanon droht nach den Attacken über Pager und Funkgeräte weiter zu eskalieren. Die AfD scheitert mit zwei Klagen vor dem Bundesverfassungsgericht. Und Stefan Raab legt nach seinem TV-Comeback,manifest tag: rnd|untagged|cdx; accessible via wayback capture 20240919012912
rnd,https://www.rnd.de/politik/liveticker-israel-und-nahost-krieg-aktuelle-news-und-informationen-18-9-2024-TENB5YC2Y5C45LMULAZY62C2DA.html,Live Der Krieg in Nahost im Liveblog Borrell dringt auf Waffenruhe: „Morgen ist schon zu spät“,2024-09-18,manifest-liveblog-scan;wayback-cdx-liveblog-path;wayback-page:www.rnd.de/,wayback-cdx-liveblog-path;wayback-page:www.rnd.de/,central,live_blog,,yes,"Libanesische Soldaten und Feuerwehrleute versammeln vor einem Geschäft in Sidon, in dem vermutlich ein Funkgerät explodiert ist. Bei erneuten Explosionen zahlreicher elektronischer Geräte sind im Libanon nach Behördenangaben mindestens 100 Menschen verletzt word",in manifest (rnd|untagged|cdx) but not a candidate; accessible via wayback capture 20240919012705
rnd,https://www.rnd.de/politik/nach-pager-explosionen-lufthansa-und-air-france-stoppen-fluege-nach-israel-K5LFTDAIBZPPNBER7U2JRUK7FI.html,Lufthansa und Air France setzen Flüge nach Israel wegen veränderter Sicherheitslage aus,2024-09-18,mediacloud;wayback-page:www.rnd.de/,mediacloud;wayback-page:www.rnd.de/,central,in_corpus,ge_rnd_8b78b3d210,,Die libanesische Hisbollah-Miliz hatte Israel die Schuld für die Explosionen der sogenannten Pager gegeben und Vergeltung angekündigt. Israels Armee kommentierte die Vorfälle zunächst nicht.,
rnd,https://www.rnd.de/politik/pager-angriff-auf-hisbollah-eine-operation-ueber-die-noch-filme-gemacht-werden-LVIXKJ2U7JFKJOR6HTD5B2PMTM.html,"Terrorismusforscher Neumann über Pager-Coup: „Eine Operation, über die noch Filme gemacht werden“",2024-09-18,mediacloud;wayback-page:www.rnd.de/,mediacloud;wayback-page:www.rnd.de/,central,in_corpus,ge_rnd_4477279a80,,"Bei einer mutmaßlich israelischen Geheimdienstaktion gegen die islamistische Hisbollah-Miliz im Libanon explodieren erst Hunderte Funk-Pager, einen Tag danach auch Walkie-Talkies. Der Terrorismusforscher Peter Neumann sieht den Nahen Osten vor der gefährlichsten Eskalation seit Langem.",
rnd,https://www.rnd.de/politik/pager-explosionen-im-libanon-funkgeraete-wohl-mit-sprengstoff-bestueckt-7GX5G5II65JA5OFN6DWYOR24LI.html,Im Libanon explodierte Pager waren wohl mit Sprengstoff bestückt,2024-09-18,mediacloud;wayback-page:www.rnd.de/,mediacloud;wayback-page:www.rnd.de/,central,in_corpus,ge_rnd_9839d97395,,Zeitgleich explodierten im Libanon Hunderte Funkgeräte. Angeblich wurden sie von israelischen Agenten auf dem Lieferweg abgefangen und mit Sprengstoff versehen.,
rnd,https://www.rnd.de/politik/pager-explosionen-im-libanon-israel-geht-ein-hohes-risiko-ein-B6MZZKGJE5EBNEZRHDFCCSMM4M.html,Kommentar zur Explosionswelle im Libanon Kostenpflichtig ﻿ Israel geht ein hohes Risiko ein Steven Geyer,2024-09-18,wayback-page:www.rnd.de/,wayback-page:www.rnd.de/,central,in_corpus,ge_rnd_5147ce635b,,"Zeitgleich explodierten im Libanon zahlreiche Pager. Etwa 2800 Menschen werden verletzt, mindestens zwölf davon tödlich. Vieles spricht dafür, dass Israel hinter allem steckt. Doch so raffiniert die Ak",paywalled (teaser/lead only on the fetched copy)
rnd,https://www.rnd.de/politik/taiwanische-firma-gold-apollo-detonierte-pager-im-libanon-sollen-in-europa-produziert-worden-sein-27f5c342-3690-4428-a150-1dffeae30faf.html,2:58 Min. Video Eskalation im Nahen Osten Taiwanische Firma Gold Apollo: Detonierte Pager im Libanon sollen in Europa produziert worden sein,2024-09-18,wayback-page:www.rnd.de/,wayback-page:www.rnd.de/,central,not_in_manifest,,,Taiwanische Firma Gold Apollo: Detonierte Pager im Libanon sollen in Europa produziert worden sein,accessible via wayback capture 20241119144148
rnd,https://www.rnd.de/politik/wagenknechts-frieden-heisst-unterwerfung-unter-putin-LCVQTJEUFRBPXGUNSXK77DHV5I.html,Wagenknechts Frieden heißt Unterwerfung unter Putin,2024-09-18,mediacloud,mediacloud,mention,in_manifest_not_candidate,,,"Menschen versammeln sich vor dem Amerikanischen Krankenhaus in Beirut um einen Krankenwagen mit Verwundeten, deren tragbare Pager explodiert sind.",manifest tag: rnd|untagged|cdx; accessible via wayback capture 20240919131052
rnd,https://www.rnd.de/politik/auftakt-fuer-einen-neuen-krieg-DNX3PKJGDBHSXJWGNGNSMK642M.html,Auftakt für einen neuen Krieg?,2024-09-19,mediacloud,mediacloud,central,in_manifest_not_candidate,,,"Die Attacken auf die Hisbollah mithilfe von Funkgeräten deuten Experten als Versuch, einen Krieg zu starten. Brüssel stellt einen Plan für den ukrainischen Winter auf. Und Leverkusen hofft in Rotterdam a",manifest tag: rnd|untagged|cdx; accessible via wayback capture 20240920014109
rnd,https://www.rnd.de/politik/israel-kundigt-nach-explosionen-im-libanon-neue-kriegsphase-an-43530460-a2c1-4847-9af8-c8a76f86f3a3.html,1:09 Min. Video Hisbollah schwört Vergeltung Israel kündigt nach Explosionen im Libanon neue Kriegsphase an,2024-09-19,wayback-page:www.rnd.de/,wayback-page:www.rnd.de/,central,not_in_manifest,,,"Nach einer neuen Welle von Explosionen im Libanon, bei der am Mittwoch Handfunkgeräte betroffen waren, hat der israelische Verteidigungsminister Joaw Gallant einen neuen Schwerpunkt in den Kriegszielen seines Landes angekündigt. Man t",accessible via wayback capture 20240919102940
rnd,https://www.rnd.de/politik/israels-geheimdienst-mossad-alles-begann-mit-der-jagd-auf-nazi-moerder-BU5FOAO3C5BB3OE6N627BGY4EY.html,Das Mossad-Prinzip: „Steh auf und töte ihn zuerst“,2024-09-19,mediacloud,mediacloud,mention,in_manifest_not_candidate,,,"Inzwischen sind mehrere Dutzend hinzugekommen. Zum Beispiel jene Opfer von mit Sprengstoff manipulierten Pagern und Sprechfunkgeräten jüngster Zeit. Dutzende Hisbollah-Kommandeure starben, Tausende wurden verletzt, als am 17. und 18. September diese Geräte gez",manifest tag: rnd|untagged|cdx; accessible via wayback capture 20240920015350
rnd,https://www.rnd.de/politik/nach-pager-explosionen-israel-kuendigt-neue-kriegsphase-an-QX2TQUHAYJO55KS2PSRTCONMBE.html,Nach Explosionen im Libanon kündigt Israel neue Kriegsphase an,2024-09-19,mediacloud;wayback-page:www.rnd.de/,mediacloud;wayback-page:www.rnd.de/,mention,in_corpus,ge_rnd_8a981c41ba,,Tel Aviv/Beirut. Nach den Explosionen elektronischer Kommunikationsgeräte im Libanon mit Dutzenden Toten und Tausenden Verletzten hat Israel ein verschärftes Vorgehen gegen die Hisbollah-Miliz in dem nördlichen Nachbarland,
rnd,https://www.rnd.de/sport/del-2024-start-teams-tabelle-uebertragung-alle-infos-zur-neuen-saison-NQ53I25RBFES7OOLIAHJVQMBJY.html,"Neuheiten, Highlights, TV: Fragen und Antworten zum Start der DEL-Saison",2024-09-19,mediacloud,mediacloud,mention,not_in_manifest,,,Videobeweis über die Hallenlautsprecher verkünden - ähnlich wie beim American Football in der National Football League (NFL). Dafür wird er mit einem Funkgerät ausgestattet. Erstmals werden sich deswegen auch die Unparteiischen auf dem Eis per Funk austauschen können.,accessible via wayback capture 20240920022251
rnd,https://www.rnd.de/politik/libanon-israel-greift-ziel-in-beirut-an-hisbollah-kommandeur-ibrahim-akil-offenbar-getoetet-Z62XO5D7JFGYXJUOFUXM47DNEE.html,Israel meldet Tod von Hamas-Kommandeur Ibrahim Akil nach Luftangriff auf Beirut,2024-09-20,mediacloud,mediacloud,mention,in_manifest_not_candidate,,,ezielten Angriff getötet. Knapp einen Monat später reagierte die Hisbollah mit einem Vergeltungsangriff. Nach den koordinierten Explosionen Hunderter Pager und Handfunkgeräte dürfte die heutige Attacke die Hisbollah weiter unter Druck setzen.,manifest tag: rnd|untagged|cdx; accessible via wayback capture 20240920195513
rnd,https://www.rnd.de/politik/nahost-konflikt-israel-fliegt-massive-angriffe-im-libanon-ZUIGGHWQTBLZJNWNYBMYJGEKCU.html,Israel fliegt massive Angriffe im Libanon,2024-09-20,mediacloud;wayback-page:www.rnd.de/,mediacloud;wayback-page:www.rnd.de/,mention,in_corpus,ge_rnd_cbed327433,,"schen zu töten“, sagte er. „Dieser kriminelle Akt kommt einer Kriegserklärung gleich.“ Mindestens 37 Menschen kamen bei den Explosionen manipulierter Pager und Handfunkgeräte am Dienstag und Mittwoch nach Behördenangaben ums Leben. Rund 3000 weitere wurden demnach verletzt.",
rnd,https://www.rnd.de/politik/nahost-und-ukraine-netanjahu-und-putin-als-wahlhelfer-fuer-trump-KI7MIEEYKZDZHLIFMD4FH6N6EQ.html,Netanjahu und Putin als Wahlhelfer? Sechs gefährliche Wochen für die Welt,2024-09-20,mediacloud;wayback-page:www.rnd.de/,mediacloud;wayback-page:www.rnd.de/,mention,in_manifest_not_candidate,,,"Hightechattacke auf die Hisbollah-Miliz im Libanon. Reihenweise detonierten plötzlich deren jüngst georderten mobilen Low-Tech-Kommunikationsgeräte, Pager und Funkgeräte, in der Hosentasche oder am Ohr der Nutzer. Die Hisbollah meldete bis Freitag 32 Tote, eine vierstellige Zahl von Verletzten – und",manifest tag: rnd|untagged|cdx; accessible via wayback capture 20240920160353
rnd,https://www.rnd.de/politik/viele-krisen-auf-die-wiesn-VMMPBIOZHFB7DHWI3UDWFSECNU.html,Viele Krisen? Auf die Wiesn!,2024-09-20,mediacloud,mediacloud,mention,in_manifest_not_candidate,,,"Der Krieg in Gaza war noch nicht zu Ende, als diese Woche im Libanon die Funkgeräte der Hisbollah-Miliz reihenweise explodierten – in einer demütigenden High-Tech-Attacke, die dem Mossad zugeschrieben wird. , wie ihn mein Kollege Ha",manifest tag: rnd|untagged|cdx; accessible via wayback capture 20240921015208
rnd,https://www.rnd.de/politik/armeesprecher-hagari-getoeteter-hisbollah-kommandeur-plante-ueberfall-auf-israel-H47ZUZS3L5JFTA2KWGJL6NUJLI.html,Armeesprecher Hagari: Getöteter Hisbollah-Kommandeur plante Überfall auf Israel,2024-09-21,mediacloud,mediacloud,mention,in_manifest_not_candidate,,,"eit in den Norden zurückkehren lassen, wenn der Krieg im Gazastreifen gestoppt werde. Zugleich beschuldigte Nasrallah Israel, für die Explosionen von Pagern und Handfunkgeräten in dieser Woche verantwortlich zu sein. Mindestens 37 Menschen kamen nach Behördenangaben dabei am Dienstag und Mittwoch um",manifest tag: rnd|untagged|cdx; accessible via wayback capture 20240921053957
rnd,https://www.rnd.de/politik/bisher-500-tote-im-libanon-israel-plant-schon-naechste-phasen-im-kampf-gegen-hisbollah-EWQMP2BGRZKWFIHOTB5VYWNFFQ.html,Israel plant schon „nächste Phasen“ im Kampf gegen die Hisbollah im Libanon,2024-09-24,mediacloud,mediacloud,mention,in_manifest_not_candidate,,,nd 150.000 Menschen ihre Wohnorte auf beiden Seiten der Grenze verlassen. Die kriegsähnliche Auseinandersetzung hat sich nach der Explosion Tausender Funkgeräte im Libanon sowie einem israelischen Angriff auf die Hisbollah-Führung nahe Beirut mit mehr als 50 Toten vorige Woche nochmals verschärft. I,manifest tag: rnd|untagged|cdx; accessible via wayback capture 20240924040200
rtl,https://www.rtl.de/HBBTV/Teletext/Newsde/libanon-un-ueber-situation-besorgt-id1833820.html,Libanon: UN über Situation besorgt,2024-09-17,mediacloud,mediacloud,central,not_in_manifest,,,Bei den Explosionen der sogenannten Pager sind im Libanon rund 2.750 Menschen verletzt und 8 Menschen getötet worden. Unter den Verletzten waren auch zahlreiche Mitglieder der proiranschen Sc,"automated wire-feed page (WELT dpa newsticker / RTL teletext), not an editorial article; accessible via wayback capture 20240918011009"
rtl,https://www.rtl.de/news/explosionen-von-pagern-im-libanon-hisbollah-miliz-wirft-israel-anschlaege-vor-id1833651.html,Explosionen von Pagern im Libanon: Hisbollah-Miliz wirft Israel Anschläge vor!,2024-09-17,gdelt-gkg;mediacloud;rtl-sitemap;wayback-page:www.rtl.de/news/,gdelt-gkg;mediacloud;rtl-sitemap;wayback-page:www.rtl.de/news/,central,in_corpus,ge_rtl_cdfcb68914,,"ollah-Miliz spitzt sich zu! Eine Serie von Explosionen erschüttert den Libanon. Rund 2750 Menschen werden verletzt, als Pager – kleine Kommunikationsgeräte – plötzlich explodieren. Mindestens acht Menschen sterben. Und ein Zusammenhang mit den s",
rtl,https://www.rtl.de/HBBTV/Teletext/Newsde/erneut-explosionen-im-libanon-id1835625.html,Erneut Explosionen im Libanon,2024-09-18,mediacloud,mediacloud,central,not_in_manifest,,,"n Israel koordinierten Angriff im Libanon hat es in der Hauptstadt Beirut und im Land erneut Explosionen gegeben. Sicherheitskreise bestätigten, dass Walkie-Talkies von Hisbollah-Mitgliedern explodierten. Nach Behördenangaben starben mindestens neun Menschen, mehr als 300 weitere wurden verletzt.","automated wire-feed page (WELT dpa newsticker / RTL teletext), not an editorial article; accessible via wayback capture 20240919011746"
rtl,https://www.rtl.de/HBBTV/Teletext/Newsde/zweite-explosionswelle-im-libanon-id1835924.html,Zweite Explosionswelle im Libanon,2024-09-18,mediacloud,mediacloud,central,not_in_manifest,,,Bei erneuten Explosionen zahlreicher elektronischer Geräte sind im Libanon nach Behördenangaben mindestens neun Menschen getötet worden. Mehr als 300 weitere Menschen wurden verletzt. Wie am Vortag soll es v,"automated wire-feed page (WELT dpa newsticker / RTL teletext), not an editorial article; accessible via wayback capture 20240919011604"
rtl,https://www.rtl.de/news/libanon-funkgeraete-von-hisbollah-mitgliedern-explodiert-id1835574.html,Libanon: Funkgeräte von Hisbollah-Mitgliedern explodiert,2024-09-18,gdelt-gkg;mediacloud;rtl-sitemap,gdelt-gkg;mediacloud;rtl-sitemap,central,in_corpus,ge_rtl_17383aad60,,"Schock im Libanon! Nur einen Tag nach den tödlichen Explosionen von Pagern, bei denen zwölf Menschen ums Leben kamen und Tausende verletzt wurden, soll es erneut Explosionen gegeben haben. Dies",
rtl,https://www.rtl.de/HBBTV/Teletext/Newsde/hisbollah-meldet-32-tote-id1836750.html,Hisbollah meldet 32 Tote,2024-09-19,mediacloud,mediacloud,central,not_in_manifest,,,"Die Schiitenmiliz Hisbollah im Libanon hat seit der Explosion Hunderter Pager 32 Tote in den eigenen Reihen bestätigt. Die Miliz machte keine Angaben, ob die Mitglieder durch die Explosionen am Dienstag und Mittwoch getötet wur","automated wire-feed page (WELT dpa newsticker / RTL teletext), not an editorial article; accessible via wayback capture 20240920012458"
rtl,https://www.rtl.de/HBBTV/Teletext/Newsde/opferzahl-im-libanon-steigt-id1837314.html,Opferzahl im Libanon steigt,2024-09-19,mediacloud,mediacloud,central,not_in_manifest,,,Im Libanon ist die Zahl der Todesopfer nach den mutmaßlich von Israel koordinierten Explosionen technischer Geräte auf 37 gestiegen. Nach Angaben von Gesundheitsminister Firas Abiad sind an beiden Tagen rund 3.000 Menschen verletzt worden.,"automated wire-feed page (WELT dpa newsticker / RTL teletext), not an editorial article; accessible via wayback capture 20240920012928"
rtl,https://www.rtl.de/HBBTV/Teletext/Newsde/tuerk-verurteilt-pager-angriff-id1840366.html,Türk verurteilt Pager-Angriff,2024-09-21,mediacloud,mediacloud,central,not_in_manifest,,,"Der UN-Hochkommissar für Menschenrechte, Volker Türk, hat den Israel zugeschriebenen Angriff mit Hunderten explodierenden Pagern und Funkgeräten im Libanon in die Nähe eines Kriegsverbrechens gerückt. «Das humanitäre Völkerrecht verbietet den Einsatz von Sprengfallen in Form s","automated wire-feed page (WELT dpa newsticker / RTL teletext), not an editorial article; accessible via wayback capture 20240922014544"
spiegel,https://www.spiegel.de/ausland/beirut-hisbollah-pager-explodiert-in-supermarkt-ueberwachungskamera-filmt-vorfall-a-325b332c-b5bf-4408-a6f4-91d750da3f9e#ref=rss,Beirut: Hisbollah-Pager explodiert in Supermarkt,2024-09-17,mediacloud;spiegel-nachrichtenarchiv;wayback-page:www.spiegel.de/;wayback-page:www.spiegel.de/thema/hisbollah/,mediacloud;spiegel-nachrichtenarchiv;wayback-page:www.spiegel.de/;wayback-page:www.spiegel.de/thema/hisbollah/,central,in_corpus,ge_spiegel_f1406d44a6,,Vorfall in Beirut und im Südlibanon Überwachungskamera filmt explodierenden Hisbollah-Pager in Supermarkt,
spiegel,https://www.spiegel.de/ausland/israel-gaza-krieg-hisbollah-mitglieder-durch-explodierende-pager-in-beirut-und-im-sueden-libanons-verwundet-a-8d9a237f-fdeb-4377-9394-9f0be7783816#ref=rss,Israel-Gaza-Krieg: Hisbollah-Mitglieder durch explodierende Pager in Beirut und im Süden des Libanon verwundet,2024-09-17,gdelt-gkg;mediacloud;spiegel-nachrichtenarchiv;wayback-page:www.spiegel.de/;wayback-page:www.spiegel.de/thema/hisbollah/,gdelt-gkg;mediacloud;spiegel-nachrichtenarchiv;wayback-page:www.spiegel.de/;wayback-page:www.spiegel.de/thema/hisbollah/,central,in_corpus,ge_spiegel_00c96b2041,,Vorfall in Beirut und im Südlibanon Hunderte Pager in Hosentaschen von Hisbollah-Mitgliedern explodiert – Tote und mehr als 2000 Verletzte,
spiegel,https://www.spiegel.de/ausland/pager-attacke-auf-die-hisbollah-im-libanon-gold-apollo-ar-924-a-a2457674-78c4-4d6c-a773-efab1eef93aa#ref=rss,Pager-Attacke auf die Hisbollah im Libanon: »Gold Apollo AR-924«,2024-09-17,gdelt-gkg;mediacloud;spiegel-nachrichtenarchiv;wayback-page:www.spiegel.de/;wayback-page:www.spiegel.de/thema/hisbollah/,gdelt-gkg;mediacloud;spiegel-nachrichtenarchiv;wayback-page:www.spiegel.de/;wayback-page:www.spiegel.de/thema/hisbollah/,central,in_corpus,ge_spiegel_56bd1c4430,,Attacke auf die Hisbollah Operation »Gold Apollo AR-924«,paywalled (teaser/lead only on the fetched copy)
spiegel,https://www.spiegel.de/ausland/warum-nutzt-die-hisbollah-pager-a-8b2e72db-275a-4c58-9e05-ff5343c9b359#ref=rss,Warum nutzt die Hisbollah Pager?,2024-09-17,gdelt-gkg;mediacloud;spiegel-nachrichtenarchiv;wayback-page:www.spiegel.de/;wayback-page:www.spiegel.de/thema/hisbollah/,gdelt-gkg;mediacloud;spiegel-nachrichtenarchiv;wayback-page:www.spiegel.de/;wayback-page:www.spiegel.de/thema/hisbollah/,central,in_corpus,ge_spiegel_b1e2a6d396,,Explosionen in Libanon Warum nutzt die Hisbollah Pager?,
spiegel,https://www.spiegel.de/politik/deutschland/news-des-tages-friedrich-merz-us-chiphersteller-intel-reinhold-messner-a-7991f67d-8168-4d7e-bf62-503346308076#ref=rss,"News des Tages: Kanzlerkandidat Friedrich Merz, US-Chiphersteller Intel, Reinhold Messner",2024-09-17,mediacloud,mediacloud,mention,not_in_manifest,,,"Hunderte Pager in Hosentaschen explodiert – zwei Hisbollah-Mitglieder tot, viele verwundet: Die Hisbollah wurde offenbar gehackt, eines ihrer Hauptkommunikationsmit",accessible via live
spiegel,https://www.spiegel.de/ausland/hisbollah-droht-israel-mit-vergeltung-angst-vor-flaechenbrand-in-region-a-0e05d383-2abc-4858-a0dc-673383d0913c#ref=rss,Hisbollah droht Israel mit Vergeltung – Angst vor Flächenbrand in Region,2024-09-18,gdelt-gkg;mediacloud;spiegel-nachrichtenarchiv;wayback-page:www.spiegel.de/thema/hisbollah/,gdelt-gkg;mediacloud;spiegel-nachrichtenarchiv;wayback-page:www.spiegel.de/thema/hisbollah/,central,in_manifest_not_candidate,,,Detonierte Pager Hisbollah droht Israel mit Vergeltung – Angst vor Flächenbrand in Region,manifest tag: spiegel|untagged|cdx; accessible via live
spiegel,https://www.spiegel.de/ausland/hisbollah-im-libanon-israel-geheimdienst-mossad-soll-pager-mit-sprengstoff-versehen-haben-a-4bb11c5c-0e1d-440e-ab5f-f7de5db0c22d#ref=rss,Hisbollah im Libanon: Israel-Geheimdienst Mossad soll Pager mit Sprengstoff versehen haben,2024-09-18,gdelt-gkg;mediacloud;spiegel-nachrichtenarchiv;wayback-page:www.spiegel.de/;wayback-page:www.spiegel.de/thema/hisbollah/,gdelt-gkg;mediacloud;spiegel-nachrichtenarchiv;wayback-page:www.spiegel.de/;wayback-page:www.spiegel.de/thema/hisbollah/,central,in_corpus,ge_spiegel_d0e10cf2c6,,Eskalation in Nahost Taiwanischer Pager-Hersteller hat explodierte Geräte offenbar nicht selbst hergestellt,
spiegel,https://www.spiegel.de/ausland/hisbollah-pager-explodieren-im-libanon-szenen-der-explosionen-kursieren-im-netz-steckt-israel-dahinter-a-1dbd7b72-841f-4cd5-ac92-44b25c1ae339#ref=rss,Hisbollah-Pager explodieren im Libanon: Szenen der Explosionen kursieren im Netz – Steckt Israel dahinter?,2024-09-18,mediacloud;spiegel-nachrichtenarchiv;wayback-page:www.spiegel.de/;wayback-page:www.spiegel.de/thema/hisbollah/,mediacloud;spiegel-nachrichtenarchiv;wayback-page:www.spiegel.de/;wayback-page:www.spiegel.de/thema/hisbollah/,central,in_corpus,ge_spiegel_263040e1b7,,Pager-Explosionen im Libanon »Direkt vor unseren Augen in Stücke gerissen«,
spiegel,https://www.spiegel.de/ausland/iran-schickt-rettungsteams-in-den-libanon-a-be7d6f51-e8c2-435f-81b7-fe5f462dd0d5#ref=rss,Iran schickt Rettungsteams in den Libanon,2024-09-18,gdelt-gkg;mediacloud;spiegel-nachrichtenarchiv;wayback-page:www.spiegel.de/thema/hisbollah/,gdelt-gkg;mediacloud;spiegel-nachrichtenarchiv;wayback-page:www.spiegel.de/thema/hisbollah/,central,in_manifest_not_candidate,,,Nach Pager-Explosionen Iran schickt Rettungsteams in den Libanon,manifest tag: spiegel|untagged|cdx; accessible via live
spiegel,https://www.spiegel.de/ausland/israel-mossad-aktionen-von-der-eichmann-entfuehrung-bis-zum-zorn-gottes-a-9663cd95-2d00-49e5-a848-8633a94d3491,Spektakuläre Aktionen israelischer Geheimdienste: Von der Eichmann-Entführung bis zum »Zorn Gottes«,2024-09-18,spiegel-nachrichtenarchiv;wayback-page:www.spiegel.de/thema/hisbollah/,spiegel-nachrichtenarchiv;wayback-page:www.spiegel.de/thema/hisbollah/,central,in_manifest_not_candidate,,,"[headline/description] Spektakuläre Aktionen israelischer Geheimdienste: Von der Eichmann-Entführung bis zum »Zorn Gottes« Tausende Hisbollah-Pager explodieren im Libanon, womöglich ferngezündet. Israel schweigt. Allerdings ist der Mossad für Aufsehen erregende Taten bekan",manifest tag: spiegel|untagged|cdx; paywalled (teaser/lead only on the fetched copy); accessible via live
spiegel,https://www.spiegel.de/ausland/libanon-berichte-ueber-weitere-detonationen-a-39f6c9b7-97ff-479b-bdea-200bdb8f3f6c#ref=rss,Libanon: Viele Verletzte bei Welle von Walkie-Talkie-Explosionen im Libanon,2024-09-18,mediacloud;spiegel-nachrichtenarchiv;wayback-page:www.spiegel.de/;wayback-page:www.spiegel.de/thema/hisbollah/,mediacloud;spiegel-nachrichtenarchiv;wayback-page:www.spiegel.de/;wayback-page:www.spiegel.de/thema/hisbollah/,central,in_corpus,ge_spiegel_3b11b7ca12,,Erneute Attacke auf Hisbollah Viele Verletzte bei Welle von Walkie-Talkie-Explosionen im Libanon,
spiegel,https://www.spiegel.de/ausland/libanon-mindestens-100-verletzte-bei-walkie-talkie-explosionen-a-24b2481c-552f-4f8b-a616-3ad31c013688#ref=rss,Libanon: Israels Verteidigungsminister Yoav Gallant ruft neue Phase des Kriegs aus,2024-09-18,gdelt-gkg;mediacloud;spiegel-nachrichtenarchiv;wayback-page:www.spiegel.de/,gdelt-gkg;mediacloud;spiegel-nachrichtenarchiv;wayback-page:www.spiegel.de/,central,in_corpus,ge_spiegel_0c74f9ad5e,,"Walkie-Talkie-Explosionen im Libanon, Tote und Verletzte, Israel spricht von neuer Kriegsphase",
spiegel,https://www.spiegel.de/ausland/libanon-warum-der-iranische-botschafter-einen-hisbollah-pager-getragen-haben-soll-a-e4994a17-37a7-4da0-8d42-bd034701f9b2#ref=rss,Libanon: Warum der iranische Botschafter einen Hisbollah-Pager getragen haben soll,2024-09-18,gdelt-gkg;mediacloud;spiegel-nachrichtenarchiv;wayback-page:www.spiegel.de/;wayback-page:www.spiegel.de/thema/hisbollah/,gdelt-gkg;mediacloud;spiegel-nachrichtenarchiv;wayback-page:www.spiegel.de/;wayback-page:www.spiegel.de/thema/hisbollah/,central,in_corpus,ge_spiegel_8be8faca25,,Angriff im Libanon Warum der iranische Botschafter einen Hisbollah-Pager getragen haben soll,paywalled (teaser/lead only on the fetched copy)
spiegel,https://www.spiegel.de/ausland/libanon-zwei-kinder-unter-opfern-der-pager-explosionen-bei-angriff-auf-hisbollah-a-a74fb598-fcab-42a2-a109-0d8e33e50b6a#ref=rss,Angriff auf Hisbollah: Zwei Kinder unter Opfern der Pager-Explosionen,2024-09-18,gdelt-gkg;mediacloud;spiegel-nachrichtenarchiv;wayback-page:www.spiegel.de/;wayback-page:www.spiegel.de/thema/hisbollah/,gdelt-gkg;mediacloud;spiegel-nachrichtenarchiv;wayback-page:www.spiegel.de/;wayback-page:www.spiegel.de/thema/hisbollah/,central,in_corpus,ge_spiegel_1ab085ff34,,Angriff auf Hisbollah Zwei Kinder unter Opfern der Pager-Explosionen,
spiegel,https://www.spiegel.de/ausland/lufthansa-und-air-france-streichen-fluege-nach-israel-a-40ebb9bf-d1d7-49f2-bf1f-e680172c6b84#ref=rss,Lufthansa und Air France streichen Flüge nach Israel,2024-09-18,gdelt-gkg;mediacloud;spiegel-nachrichtenarchiv;wayback-page:www.spiegel.de/thema/hisbollah/,gdelt-gkg;mediacloud;spiegel-nachrichtenarchiv;wayback-page:www.spiegel.de/thema/hisbollah/,central,in_manifest_not_candidate,,,Nach Pager-Detonationen Lufthansa und Air France streichen Flüge nach Israel,manifest tag: spiegel|untagged|cdx; accessible via live
spiegel,https://www.spiegel.de/ausland/mehr-als-400-verletzte-bei-zweiter-explosionswelle-im-libanon-a-4ad2e6d7-c28e-4478-a7ed-1e0e2eec482b#ref=rss,Mehr als 400 Verletzte bei zweiter Explosionswelle im Libanon,2024-09-18,gdelt-gkg;mediacloud;spiegel-nachrichtenarchiv;wayback-page:www.spiegel.de/thema/hisbollah/,gdelt-gkg;mediacloud;spiegel-nachrichtenarchiv;wayback-page:www.spiegel.de/thema/hisbollah/,central,in_corpus,ge_spiegel_fb3203db58,,Detonierte Funkgeräte der Hisbollah Mehr als 400 Verletzte bei zweiter Explosionswelle im Libanon,
spiegel,https://www.spiegel.de/netzwelt/netzpolitik/explodierende-pager-der-hisbollah-der-hybride-cyberwar-ist-eroeffnet-kolumne-a-adee7233-2956-4511-90f6-617c391c5e36,Explodierende Pager der Hisbollah: Der Hybride Cyberwar ist eröffnet - Kolumne,2024-09-18,gdelt-gkg;spiegel-nachrichtenarchiv;wayback-page:www.spiegel.de/;wayback-page:www.spiegel.de/thema/hisbollah/,gdelt-gkg;spiegel-nachrichtenarchiv;wayback-page:www.spiegel.de/;wayback-page:www.spiegel.de/thema/hisbollah/,central,not_in_manifest,,,meinung • Explodierende Pager der Hisbollah Der hybride Cyberwar hat begonnen,paywalled (teaser/lead only on the fetched copy); accessible via live
spiegel,https://www.spiegel.de/netzwelt/pager-attacke-im-libanon-wie-man-tausende-geraete-zur-explosion-bringt-a-aefe1089-d8f5-440a-b581-d4f8914ad30c#ref=rss,(S+) Attacke im Libanon: Wie man Tausende Pager zur Explosion bringt,2024-09-18,gdelt-gkg;mediacloud;spiegel-nachrichtenarchiv;wayback-page:www.spiegel.de/;wayback-page:www.spiegel.de/thema/hisbollah/,gdelt-gkg;mediacloud;spiegel-nachrichtenarchiv;wayback-page:www.spiegel.de/;wayback-page:www.spiegel.de/thema/hisbollah/,central,not_in_manifest,,,Attacke auf Hisbollah-Miliz Wie die Angreifer wohl Tausende Pager zur Explosion brachten,paywalled (teaser/lead only on the fetched copy); accessible via live
spiegel,https://www.spiegel.de/politik/deutschland/die-lage-am-morgen-pagerattacke-in-libanon-soeders-sonderbare-demut-afd-und-demokratische-rechte-im-bundestag-a-555ccafa-e787-48d7-996b-7aea14c84b6f#ref=rss,Söders sonderbare Demut,2024-09-18,gdelt-gkg;mediacloud;spiegel-nachrichtenarchiv,gdelt-gkg;mediacloud;spiegel-nachrichtenarchiv,central,not_in_manifest,,,"Heute geht es um die Hintergründe der Pager-Attacken im Libanon, um die Zukunft des bayerischen Ministerpräsidenten und um die AfD, die für sich Ausschussvorsitze einklagen will.",accessible via live
spiegel,https://www.spiegel.de/politik/deutschland/news-des-tages-explodierende-pager-verfassungsgericht-zur-afd-hochwasser-im-osten-a-e3217499-2dc1-4413-ab6f-d6eea5317aa8#ref=rss,"News des Tages: Explodierende Pager, Verfassungsgericht zur AfD, Hochwasser im Osten",2024-09-18,gdelt-gkg;mediacloud;spiegel-nachrichtenarchiv;wayback-page:www.spiegel.de/,gdelt-gkg;mediacloud;spiegel-nachrichtenarchiv;wayback-page:www.spiegel.de/,central,not_in_manifest,,,"wie immer, wenn der Mossad beteiligt ist – offiziell bedeckt hält. Offenbar wurde eine Charge von 5000 Stück eines in Europa in Lizenz hergestellten Pagers aus Taiwan, irgendwo in der Lieferkette abgefangen und mit Sprengstoff manipuliert.",accessible via live
spiegel,https://www.spiegel.de/ausland/hisbollah-im-libanon-iranischer-botschafter-nach-pager-explosion-ausgeflogen-a-e9040028-1278-4c43-8758-cae301feff93#ref=rss,Bei Pager-Explosion verletzt: Iranischer Botschafter zur Behandlung aus Libanon ausgeflogen,2024-09-19,gdelt-gkg;mediacloud;spiegel-nachrichtenarchiv;wayback-page:www.spiegel.de/;wayback-page:www.spiegel.de/thema/hisbollah/,gdelt-gkg;mediacloud;spiegel-nachrichtenarchiv;wayback-page:www.spiegel.de/;wayback-page:www.spiegel.de/thema/hisbollah/,central,in_corpus,ge_spiegel_b9f098bebc,,Bei Pager-Explosion verletzt Iranischer Botschafter zur Behandlung aus Libanon ausgeflogen,
spiegel,https://www.spiegel.de/ausland/israels-luftwaffe-fliegt-erneut-angriffe-im-libanon-a-7407894a-a54f-4b32-bd90-d57cae920ffc#ref=rss,Israels Luftwaffe fliegt erneut Angriffe im Libanon,2024-09-19,gdelt-gkg;mediacloud;spiegel-nachrichtenarchiv;wayback-page:www.spiegel.de/thema/hisbollah/,gdelt-gkg;mediacloud;spiegel-nachrichtenarchiv;wayback-page:www.spiegel.de/thema/hisbollah/,mention,in_corpus,ge_spiegel_6cd9da63ea,,"zwischen der radikal-islamischen Miliz und dem israelischen Militär kommen wird, ließ er offen. Israel hat sich bislang nicht zu den herbeigeführten Pager-Explosionen im Libanon bekannt.",
spiegel,https://www.spiegel.de/ausland/libanon-hisbollah-chef-nasrallah-kuendigt-vergeltung-gegen-israel-an-nach-verheerenden-angriffen-a-f14079bd-f2f1-4c5e-891e-f09b75fc08d8#ref=rss,Angriffe im Libanon: Hisbollah-Chef spricht von Völkermord,2024-09-19,gdelt-gkg;mediacloud;spiegel-nachrichtenarchiv;wayback-page:www.spiegel.de/thema/hisbollah/,gdelt-gkg;mediacloud;spiegel-nachrichtenarchiv;wayback-page:www.spiegel.de/thema/hisbollah/,central,in_corpus,ge_spiegel_f0e1ea07ed,,"an. Derzeit ist unklar, wie viele Hisbollah-Mitglieder durch die Explosionen verletzt oder getötet wurden. Nach den Explosionen Hunderter sogenannter Pager an verschiedenen Orten, detonierten nur einen Tag später zahlreiche Walkie-Talkies.",
spiegel,https://www.spiegel.de/ausland/libanon-icom-bestreitet-explodierte-walkie-talkies-selbst-hergestellt-zu-haben-a-efc67991-3671-477e-894f-a66974a02d98#ref=rss,"Libanon: Icom bestreitet, explodierte Walkie-Talkies selbst hergestellt zu haben",2024-09-19,gdelt-gkg;mediacloud;spiegel-nachrichtenarchiv,gdelt-gkg;mediacloud;spiegel-nachrichtenarchiv,central,in_corpus,ge_spiegel_c7cc83e65b,,Angriff im Libanon Hersteller will explodierte Walkie-Talkies nicht selbst produziert haben,
spiegel,https://www.spiegel.de/ausland/libanon-verbietet-pager-und-walkie-talkies-auf-fluegen-aus-beirut-a-07866047-e6dd-4d2a-8564-0ea814474afc#ref=rss,Libanon verbietet Pager und Walkie-Talkies auf Flügen aus Beirut,2024-09-19,gdelt-gkg;mediacloud;spiegel-nachrichtenarchiv;wayback-page:www.spiegel.de/thema/hisbollah/,gdelt-gkg;mediacloud;spiegel-nachrichtenarchiv;wayback-page:www.spiegel.de/thema/hisbollah/,central,in_corpus,ge_spiegel_ee4ecfbe34,,Reaktion auf Explosionen Libanon verbietet Pager und Walkie-Talkies auf Flügen aus Beirut,
spiegel,https://www.spiegel.de/ausland/pager-attacke-auf-die-hisbollah-terror-experte-ueber-die-rechtlichen-und-moralischen-implikationen-a-cb304b13-8124-46e4-8f53-1eaf82a98033#ref=rss,(S+) Pager-Attacke auf die Hisbollah: Was Terror-Experte zu den rechtlichen und moralischen Implikationen sagt,2024-09-19,gdelt-gkg;mediacloud;spiegel-nachrichtenarchiv,gdelt-gkg;mediacloud;spiegel-nachrichtenarchiv,central,in_corpus,ge_spiegel_eb13e72e65,,"Terrorexperte über Pager-Attacke »Die Nachricht ist: ›Wir kriegen dich, selbst wenn du nur das kleine Licht in der siebten Reihe bist‹«",paywalled (teaser/lead only on the fetched copy)
spiegel,https://www.spiegel.de/ausland/pager-schlag-gegen-die-hisbollah-die-spuren-fuehren-nach-osteuropa-a-e20a2fc6-7b49-4d03-8494-5cabedbf1c5c#ref=rss,Pager-Schlag gegen die Hisbollah: Die Spuren führen nach Osteuropa,2024-09-19,gdelt-gkg;mediacloud;spiegel-nachrichtenarchiv;wayback-page:www.spiegel.de/thema/hisbollah/,gdelt-gkg;mediacloud;spiegel-nachrichtenarchiv;wayback-page:www.spiegel.de/thema/hisbollah/,central,in_corpus,ge_spiegel_176d1e0d56,,Attacke im Libanon Die Spur der Hisbollah-Pager nach Osteuropa,paywalled (teaser/lead only on the fetched copy)
spiegel,https://www.spiegel.de/ausland/pager-und-walkie-talkie-attacken-im-libanon-eskalation-auf-knopfdruck-a-de4c4f85-acac-4a08-aeca-afeff2348f4a,Pager- und Walkie-Talkie-Attacken im Libanon: Eskalation auf Knopfdruck,2024-09-19,gdelt-gkg;spiegel-nachrichtenarchiv;wayback-page:www.spiegel.de/;wayback-page:www.spiegel.de/thema/hisbollah/,gdelt-gkg;spiegel-nachrichtenarchiv;wayback-page:www.spiegel.de/;wayback-page:www.spiegel.de/thema/hisbollah/,central,in_candidates_dropped,,,"[headline/description] Angriff auf die Hisbollah: »Wir haben viele Fähigkeiten noch nicht aktiviert« Zwei Wellen von Explosionen an Kommunikationsgeräten haben die Hisbollah-Miliz in Panik versetzt. Israel gilt als Urheber der Attacke, äußert sich aber nur vage – droht all",no event term in extracted body (353 words; likely paywall teaser) -> relevance none; paywalled (teaser/lead only on the fetched copy); accessible via our-raw:raw/spiegel/23c58dde444c6a65.html
spiegel,https://www.spiegel.de/ausland/reaktion-auf-explosionen-im-libanon-uno-sicherheitsrat-beruft-dringlichkeitssitzung-ein-a-a9d10c9d-d52a-42c9-8bc1-9fac7af193ce#ref=rss,Reaktion auf Explosionen im Libanon: Uno-Sicherheitsrat beruft Dringlichkeitssitzung ein,2024-09-19,gdelt-gkg;mediacloud;spiegel-nachrichtenarchiv;wayback-page:www.spiegel.de/;wayback-page:www.spiegel.de/thema/hisbollah/,gdelt-gkg;mediacloud;spiegel-nachrichtenarchiv;wayback-page:www.spiegel.de/;wayback-page:www.spiegel.de/thema/hisbollah/,central,in_corpus,ge_spiegel_9f710ce1a0,,Einzelteile eines explodierten Funkgeräts: Israel schweigt zu den Explosionen,
spiegel,https://www.spiegel.de/politik/deutschland/news-des-tages-israel-hisbollah-springer-matthias-doepfner-sean-combs-puff-daddy-a-dc134325-ce71-43e7-858d-cde754b9cf01#ref=rss,"News des Tages: Israel, Hisbollah, Springer, Matthias Döpfner, Sean Combs, Puff Daddy",2024-09-19,gdelt-gkg;mediacloud;spiegel-nachrichtenarchiv,gdelt-gkg;mediacloud;spiegel-nachrichtenarchiv,central,not_in_manifest,,,Nahost – was genau bezweckt Israel mit den Pager- und Walkie-Talkie-Attacken im Libanon?,accessible via live
spiegel,https://www.spiegel.de/politik/deutschland/news-uno-reaktion-auf-pager-explosion-zaesur-bei-brandenburg-wahl-markus-soeder-nach-kanzlerverzicht-a-f376be78-c252-4822-a853-18a11c3e047c#ref=rss,Die Lage am Morgen – Der unheimliche E-Krieg,2024-09-19,gdelt-gkg;mediacloud;spiegel-nachrichtenarchiv;wayback-page:www.spiegel.de/,gdelt-gkg;mediacloud;spiegel-nachrichtenarchiv;wayback-page:www.spiegel.de/,central,not_in_manifest,,,"Die Choreografie ist unheimlich, die Methode noch unheimlicher. Vorgestern explodierten im Libanon Pager in Tausenden Hosentaschen, neun Menschen starben, fast 3000 wurden verletzt. Sie sollen, so wird berichtet, Angehörige der terroristischen Schiitenmi",accessible via live
spiegel,https://www.spiegel.de/ausland/israel-gegen-hisbollah-die-woche-in-der-ploetzlich-pager-explodieren-podcast-a-6de10e7f-b330-49e2-9703-6ebc87eacd01#ref=rss,"Israel gegen Hisbollah: Die Woche, in der plötzlich Pager explodieren – Podcast",2024-09-20,gdelt-gkg;mediacloud;spiegel-nachrichtenarchiv;wayback-page:www.spiegel.de/,gdelt-gkg;mediacloud;spiegel-nachrichtenarchiv;wayback-page:www.spiegel.de/,central,in_corpus,ge_spiegel_c6816e6e17,,Pager-Explosionen und die Folgen »Eine unfassbare Demütigung für die Hisbollah«,
spiegel,https://www.spiegel.de/ausland/israel-krieg-gegen-die-hisbollah-was-folgt-auf-die-bombenwellen-im-libanon-a-36851c1f-3ec8-4ef7-a5bd-5fc0a18c85ad,Israels Krieg gegen die Hisbollah: »Weg mit den Funkgeräten! Weg mit den Funkgeräten!«,2024-09-20,spiegel-nachrichtenarchiv;wayback-page:www.spiegel.de/thema/hisbollah/,spiegel-nachrichtenarchiv;wayback-page:www.spiegel.de/thema/hisbollah/,central,in_manifest_not_candidate,,,"[headline/description] Israels Krieg gegen die Hisbollah: »Weg mit den Funkgeräten! Weg mit den Funkgeräten!« Erst explodieren Pager, tags darauf Walkie-Talkies. Die libanesische Hisbollah-Miliz ist geschwächt, ihre Kämpfer sind in Panik. Geht Israel jetzt den Schritt zum",manifest tag: spiegel|untagged|cdx; paywalled (teaser/lead only on the fetched copy); accessible via live
spiegel,https://www.spiegel.de/ausland/israel-meldet-massiven-raketenbeschuss-der-hisbollah-aus-dem-libanon-a-b170e6f2-1bb6-4505-ade2-3e3ecc3b71af#ref=rss,Nach Pager-Attacke: Israel meldet massiven Beschuss aus dem Libanon,2024-09-20,gdelt-gkg;mediacloud;spiegel-nachrichtenarchiv;wayback-page:www.spiegel.de/;wayback-page:www.spiegel.de/thema/hisbollah/,gdelt-gkg;mediacloud;spiegel-nachrichtenarchiv;wayback-page:www.spiegel.de/;wayback-page:www.spiegel.de/thema/hisbollah/,central,in_manifest_not_candidate,,,Hisbollah-Anführer selbst hatte Israel als Reaktion auf die Explosion von Hunderten Pagern und Funksprechgeräten der Miliz mit Vergeltung gedroht. Am Dienstag und Mittwoch waren Geräte der Hisbollah-Miliz gleichzeitig explodiert. Bei den i,manifest tag: spiegel|untagged|cdx; accessible via live
spiegel,https://www.spiegel.de/ausland/israel-meldet-zerstoerung-von-mehr-als-1000-raketenwerferrohren-der-hisbollah-a-0fe799b9-58dd-4fff-9eb7-d2a4b60827cc#ref=rss,Israel greift in mehreren Wellen Hisbollah-Ziele an,2024-09-20,gdelt-gkg;mediacloud;spiegel-nachrichtenarchiv;wayback-page:www.spiegel.de/;wayback-page:www.spiegel.de/thema/hisbollah/,gdelt-gkg;mediacloud;spiegel-nachrichtenarchiv;wayback-page:www.spiegel.de/;wayback-page:www.spiegel.de/thema/hisbollah/,central,in_manifest_not_candidate,,,"Die Spannungen haben sich verstärkt, nachdem bei Hunderten zeitgleichen Explosionen von Kommunikationsgeräten der Hisbollah-Miliz im Libanon am Dienstag und Mittwoch mindestens 37 Menschen ums Leben kamen und fast 3000 verletzt wurden. Die Hisbollah macht I",manifest tag: spiegel|untagged|cdx; accessible via live
spiegel,https://www.spiegel.de/ausland/israels-luftangriffe-auf-den-libanon-zuendeln-am-pulverfass-a-6b9426f0-e26d-4016-8c7b-45d4953db49d#ref=rss,Israels Luftangriffe auf den Libanon: Zündeln am Pulverfass,2024-09-20,mediacloud;spiegel-nachrichtenarchiv;wayback-page:www.spiegel.de/,mediacloud;spiegel-nachrichtenarchiv;wayback-page:www.spiegel.de/,central,in_corpus,ge_spiegel_d9f1ab16a2,,Nach den Attacken auf Hisbollah-Pager Zündschnüre am Pulverfass,
spiegel,https://www.spiegel.de/ausland/krieg-in-nahost-israels-armee-greift-ziel-in-beirut-an-a-04e1a5ea-fdea-44d0-88fb-13082748a39e#ref=rss,Krieg in Nahost: Israels Armee greift Ziel in Beirut an,2024-09-20,gdelt-gkg;mediacloud;spiegel-nachrichtenarchiv;wayback-page:www.spiegel.de/thema/hisbollah/,gdelt-gkg;mediacloud;spiegel-nachrichtenarchiv;wayback-page:www.spiegel.de/thema/hisbollah/,mention,in_manifest_not_candidate,,,Hisbollah-Anführer selbst hatte Israel als Reaktion auf die Explosion von Hunderten Pagern und Funksprechgeräten der Miliz mit Vergeltung gedroht. Am Dienstag und Mittwoch waren Geräte der Hisbollah-Miliz gleichzeitig explodiert. Bei den i,manifest tag: spiegel|untagged|cdx; accessible via live
spiegel,https://www.spiegel.de/kultur/kino/libanon-pager-attacke-gegen-hisbollah-mitglieder-liebesgruesse-aus-tel-aviv-a-7314ff9d-5957-499b-ad8c-ac6bc67a8073#ref=rss,S+) Libanon: Pager–Attacke gegen Hisbollah-Mitglieder,2024-09-20,gdelt-gkg;mediacloud;spiegel-nachrichtenarchiv;wayback-page:www.spiegel.de/;wayback-page:www.spiegel.de/thema/hisbollah/,gdelt-gkg;mediacloud;spiegel-nachrichtenarchiv;wayback-page:www.spiegel.de/;wayback-page:www.spiegel.de/thema/hisbollah/,central,not_in_manifest,,,meinung • Pager-Attacke gegen Hisbollah-Mitglieder Liebesgrüße aus Tel Aviv,paywalled (teaser/lead only on the fetched copy); accessible via live
spiegel,https://www.spiegel.de/ausland/israel-gaza-konflikt-mindestens-13-tote-bei-israelischem-angriff-auf-ehemaliges-schulgebaeude-in-gaza-a-c90547ae-680b-4003-80d4-dbe0818bc242#ref=rss,Israel-Gaza-Konflikt: Mindestens 13 Tote bei israelischem Angriff auf ehemaliges Schulgebäude in Gaza,2024-09-21,gdelt-gkg;mediacloud;spiegel-nachrichtenarchiv;wayback-page:www.spiegel.de/thema/hisbollah/,gdelt-gkg;mediacloud;spiegel-nachrichtenarchiv;wayback-page:www.spiegel.de/thema/hisbollah/,mention,in_manifest_not_candidate,,,m Freitag stellte einen erneuten schweren Rückschlag für die Hisbollah dar. Am Dienstag und Mittwoch waren bei der gleichzeitigen Explosion Hunderter Pager und Walkie-Talkies mindestens 39 Menschen getötet worden. Die Hisbollah macht Israel dafür verantwortlich und kündigte Vergeltung an.,manifest tag: spiegel|untagged|cdx; accessible via live
spiegel,https://www.spiegel.de/ausland/israel-hisbollah-soll-ueberfall-auf-israel-geplant-haben-a-815c57e1-3780-4774-8758-9f6ad020a078#ref=rss,Erklärung des israelischen Armeesprechers: Hisbollah soll Überfall auf Israel geplant haben,2024-09-21,gdelt-gkg;mediacloud;spiegel-nachrichtenarchiv;wayback-page:www.spiegel.de/thema/hisbollah/,gdelt-gkg;mediacloud;spiegel-nachrichtenarchiv;wayback-page:www.spiegel.de/thema/hisbollah/,mention,in_manifest_not_candidate,,,"eit in den Norden zurückkehren lassen, wenn der Krieg im Gazastreifen gestoppt werde. Zugleich beschuldigte Nasrallah Israel, für die Explosionen von Pagern und Handfunkgeräten in dieser Woche verantwortlich zu sein. Mindestens 37 Menschen kamen nach Behördenangaben dabei am Dienstag und Mittwoch um",manifest tag: spiegel|untagged|cdx; accessible via live
spiegel,https://www.spiegel.de/ausland/nahostkonflikt-israel-greift-ziele-im-suedlibanon-mit-dutzenden-kampfflugzeugen-an-a-7a4dbd22-9c42-412b-bb6b-2310375a6f05,Nahostkonflikt: Israel greift Ziele im Südlibanon mit Dutzenden Kampfflugzeugen an,2024-09-21,gdelt-gkg;spiegel-nachrichtenarchiv;wayback-page:www.spiegel.de/thema/hisbollah/,gdelt-gkg;spiegel-nachrichtenarchiv;wayback-page:www.spiegel.de/thema/hisbollah/,mention,in_manifest_not_candidate,,,Mit der gezielten Tötung hochrangiger Hisbollah-Kommandeure durch die israelische Armee im Libanon sowie Israel zugeschriebenen Explosionen von Kommunikationsgeräten der Hisbollah-Miliz spitzte sich die Lage in den vergangenen Tagen deutlich zu.,manifest tag: spiegel|untagged|cdx; accessible via live
spiegel,https://www.spiegel.de/ausland/pager-attacke-im-libanon-uno-menschenrechtschef-rueckt-angriff-in-naehe-von-kriegsverbrechen-a-b821ad02-9f98-4144-ae0e-7610cbab8176#ref=rss,Eskalation im Libanon: Uno-Menschenrechtschef rückt Pager-Attacke in Nähe von Kriegsverbrechen,2024-09-21,gdelt-gkg;mediacloud;spiegel-nachrichtenarchiv;wayback-page:www.spiegel.de/thema/hisbollah/,gdelt-gkg;mediacloud;spiegel-nachrichtenarchiv;wayback-page:www.spiegel.de/thema/hisbollah/,central,in_corpus,ge_spiegel_894b2658f7,,Sicherheitsrat Uno-Menschenrechtschef rückt Pager-Attacke in Nähe von Kriegsverbrechen,
spiegel,https://www.spiegel.de/panorama/detonationen-in-libanon-israel-haette-die-pager-nicht-sprengen-duerfen-a-04207456-bf8f-4501-9539-b564529e4a99#ref=rss,Detonationen in Libanon: »Israel hätte die Pager nicht sprengen dürfen«,2024-09-21,gdelt-gkg;mediacloud;spiegel-nachrichtenarchiv;wayback-page:www.spiegel.de/thema/hisbollah/,gdelt-gkg;mediacloud;spiegel-nachrichtenarchiv;wayback-page:www.spiegel.de/thema/hisbollah/,central,not_in_manifest,,,Detonationen im Libanon und das Völkerrecht »Israel hätte die Pager nicht sprengen dürfen«,paywalled (teaser/lead only on the fetched copy); accessible via live
spiegel,https://www.spiegel.de/politik/deutschland/news-scholz-in-new-york-schicksalswahl-in-brandenburg-bomben-auf-beirut-a-44c95757-4fe2-4b67-a80a-376af1d1089a#ref=rss,"Scholz in New York, Schicksalswahl in Brandenburg, Bomben auf Beirut",2024-09-21,gdelt-gkg;mediacloud;spiegel-nachrichtenarchiv,gdelt-gkg;mediacloud;spiegel-nachrichtenarchiv,mention,not_in_manifest,,,"Für Israel war es eine Woche des Triumphs. Massenhaft mit Sprengstoff präparierte Pager explodierten im Libanon am Dienstag in den Hosentaschen von Kämpfern der Hisbollah, der von Iran kontrollierten Miliz. Etwa 24 Stunden später wieder",accessible via live
spiegel,https://www.spiegel.de/ausland/eskalation-im-libanon-israels-armee-und-hisbollah-miliz-liefern-sich-schwere-gefechte-a-f857c3e8-5100-4eab-b93c-21cbd563672b#ref=rss,Libanon: Israels Armee und Hisbollah-Miliz liefern sich schwere Gefechte,2024-09-22,gdelt-gkg;mediacloud;spiegel-nachrichtenarchiv;wayback-page:www.spiegel.de/thema/hisbollah/,gdelt-gkg;mediacloud;spiegel-nachrichtenarchiv;wayback-page:www.spiegel.de/thema/hisbollah/,mention,in_manifest_not_candidate,,,"Am Dienstag und Mittwoch vergangener Woche waren außerdem Tausende Pager und Walkie-Talkies in den Taschen und Händen von Mitgliedern der Islamisten-Miliz explodiert. Dutzende Menschen starben, etwa 3000 wurden durch die D",manifest tag: spiegel|untagged|cdx; accessible via live
spiegel,https://www.spiegel.de/ausland/israel-netanyahu-droht-hisbollah-mit-weiteren-angriffen-a-4a75227a-1573-4e83-a02b-f20beb564720#ref=rss,Israel: Benjamin Netanyahu droht Hisbollah im Libanon mit weiteren Angriffen,2024-09-22,gdelt-gkg;mediacloud;spiegel-nachrichtenarchiv;wayback-page:www.spiegel.de/thema/hisbollah/,gdelt-gkg;mediacloud;spiegel-nachrichtenarchiv;wayback-page:www.spiegel.de/thema/hisbollah/,central,in_corpus,ge_spiegel_b6d3fc143f,,In den vergangenen Tagen hatte sich der Konflikt zwischen und der Hisbollah mit der Explosion von Hunderten Pagern und Walkie-Talkies der libanesischen Miliz sowie der gezielten Tötung hochrangiger Hisbollah-Kommandeure durch die israelische Armee deutlich zugesp,
spiegel,https://www.spiegel.de/deinspiegel/jugendfeuerwehr-eine-zwoelfjaehrige-erzaehlt-ich-kann-feuer-loeschen-a-5da5fc6c-a823-49fb-8bd4-56c09a98b860#ref=rss,Als Zwölfjährige bei der Jugendfeuerwehr: »Ich kann Feuer löschen«,2024-09-22,mediacloud,mediacloud,mention,in_manifest_not_candidate,,,"willigen Feuerwehr bei uns im Ort. Wenn die Leitstelle einen Notruf entgegennimmt, leitet sie ihn an die Feuerwehr in Ellerbek weiter. Dann piept das Funkgerät von meinem Papa.",manifest tag: spiegel|untagged|cdx; accessible via live
spiegel,https://www.spiegel.de/wissenschaft/mensch/pager-attentate-im-libanon-der-kalte-cyberkrieg-hat-laengst-begonnen-kolumne-a-59329438-3fad-4a31-9866-37ca381267db,"MEINUNG • Nach den Pager-Attentaten im Libanon: Eine Welt, in der man keinem elektronischen Gerät mehr trauen kann",2024-09-22,gdelt-gkg;spiegel-nachrichtenarchiv;wayback-page:www.spiegel.de/,gdelt-gkg;spiegel-nachrichtenarchiv;wayback-page:www.spiegel.de/,central,not_in_manifest,,,"meinung • Nach den Pager-Attentaten im Libanon Eine Welt, in der man keinem elektronischen Gerät mehr trauen kann",accessible via live
spiegel,https://www.spiegel.de/ausland/eskalation-im-nahen-osten-mehr-als-350-tote-nach-israelischen-angriffen-im-libanon-a-c88ceea7-8162-484d-a6d2-0ff46bae0034,Eskalation im Nahen Osten: Fast 500 Tote nach israelischen Angriffen im Libanon,2024-09-23,gdelt-gkg;spiegel-nachrichtenarchiv,gdelt-gkg;spiegel-nachrichtenarchiv,mention,in_corpus,ge_spiegel_bae207550c,,"Seiten der Grenze mussten rund 150.000 Menschen ihre Wohnorte verlassen. Die kriegsähnliche Auseinandersetzung hat sich nach der Explosion Tausender Kommunikationsgeräte im Libanon sowie einem israelischen Angriff auf die Hisbollah-Führung nahe Beirut mit mehr als 50 Toten, darunter Zivilisten, in d",
spiegel,https://www.spiegel.de/ausland/israel-greift-neue-hisbollah-ziele-im-libanon-an-a-c77c650a-cb33-4f93-bf39-26eee691b6c4#ref=rss,Israel greift neue Hisbollah-Ziele im Libanon an,2024-09-23,gdelt-gkg;mediacloud;spiegel-nachrichtenarchiv;wayback-page:www.spiegel.de/;wayback-page:www.spiegel.de/thema/hisbollah/,gdelt-gkg;mediacloud;spiegel-nachrichtenarchiv;wayback-page:www.spiegel.de/;wayback-page:www.spiegel.de/thema/hisbollah/,mention,in_manifest_not_candidate,,,Die Hisbollah und Israel lieferten sich seit den tausendfachen Pager-Explosionen im Libanon seit Tagen heftige Beschüsse. Israel plant nach den Worten von Generalstabschef Herzi Halevi auch in den kommenden Tagen weite,manifest tag: spiegel|untagged|cdx; accessible via live
spiegel,https://www.spiegel.de/ausland/libanon-meldet-100-tote-und-400-verletzte-nach-luftschlaegen-aus-israel-a-e5b096dc-9037-4217-9c83-93858b33a34f,Raketen auf die Hisbollah: Libanon meldet mindestens 274 Tote – Israel warnt vor Luftschlägen auch im Osten,2024-09-23,gdelt-gkg;spiegel-nachrichtenarchiv;wayback-page:www.spiegel.de/thema/hisbollah/,gdelt-gkg;spiegel-nachrichtenarchiv;wayback-page:www.spiegel.de/thema/hisbollah/,mention,in_manifest_not_candidate,,,"et. Zudem mussten 150.000 Menschen auf beiden Seiten der Grenze ihre Wohnorte verlassen. Die Auseinandersetzung hat sich nach der Explosion Tausender Kommunikationsgeräte im Libanon sowie einem israelischen Angriff auf die Hisbollah-Führung nahe mit mehr als 50 Toten, darunter auch Zivilisten, in de",manifest tag: spiegel|untagged|cdx; accessible via live
spiegel,https://www.spiegel.de/ausland/israel-greift-libanon-an-hunderte-tote-bei-militaeraktion-pfeile-des-nordens-der-ueberblick-a-d87ece15-ed81-40be-9261-e720cb341a5d,Israel greift Libanon an: Hunderte Tote bei Militäraktion »Pfeile des Nordens« – der Überblick,2024-09-24,gdelt-gkg;spiegel-nachrichtenarchiv,gdelt-gkg;spiegel-nachrichtenarchiv,central,in_manifest_not_candidate,,,"[headline/description] Nach den Attacken auf Hisbollah-Pager: Zündschnüre am Pulverfass Israel greift Ziele im Libanon an, Hisbollah-Chef Nasrallah droht mit Vergeltung, in Gaza sterben weitere Menschen. Die Lage in Nahost spitzt sich zu. Wie reagieren die Verbündeten?",manifest tag: spiegel|untagged|cdx; accessible via live
spiegel,https://www.spiegel.de/ausland/israel-libanon-israels-militaer-greift-im-libanon-an-menschen-fliehen-in-ihren-autos-a-c5bb4533-06ce-4b81-81d7-527c36aae681#ref=rss,Israel/Libanon: Israels Militär greift im Libanon an,2024-09-24,mediacloud;spiegel-nachrichtenarchiv,mediacloud;spiegel-nachrichtenarchiv,mention,in_manifest_not_candidate,,,"Bereits in der vergangenen Woche hatte sich der Konflikt durch die Explosionen von hunderten Pagern der Terrormiliz im Libanon zugespitzt. Israel hatte erklärt, die jüngste Intensivierung der Luftangriffe auf Hisbollah-Ziele solle die irantreue Gru",manifest tag: spiegel|untagged|cdx; accessible via live
spiegel,https://www.spiegel.de/ausland/news-hisbollah-libanon-uno-generalversammlung-olaf-scholz-nebraska-donald-trump-a-1350acd0-b1a7-44a5-921d-c2a542a98f2d#ref=rss,Die Lage am Morgen – Israel steuert auf einen Libanonkrieg zu,2024-09-24,gdelt-gkg;mediacloud;spiegel-nachrichtenarchiv,gdelt-gkg;mediacloud;spiegel-nachrichtenarchiv,mention,in_manifest_not_candidate,,,"tz Warnungen der USA: Zwar beteuert auch Israels Führung, man wolle keinen Krieg. Doch sie eskaliert den Konflikt mit der Hisbollah gezielt: Nach dem Pager-Angriff der vergangenen Woche sowie der Tötung wichtiger Kommandeure folgen nun massive Attacken auf militärische Einrichtungen im ganzen Land. ",manifest tag: spiegel|untagged|cdx; accessible via live
tagesschau,https://www.tagesschau.de/ausland/asien/libanon-hisbollah-pager-102.html,Pager-Explosionen im Libanon: Neun Tote und 2.750 Verletzte,2024-09-17,gdelt-gkg;mediacloud;tagesschau-archive;wayback-page:www.tagesschau.de/,gdelt-gkg;mediacloud;tagesschau-archive;wayback-page:www.tagesschau.de/,central,in_corpus,ge_tagesschau_de5f18e8d3,,"ende Telekommunikationsgeräte getötet worden. 2.750 Menschen wurden demnach verletzt, davon 200 schwer. Die sogenannten Pager, die von der Hisbollah zur Kommunikation genutzt werden, waren fast zeitgleich explodiert, hieß es aus dem Umfeld der M",
tagesschau,https://www.tagesschau.de/newsticker/liveblog-nahost-dienstag-180.html,Nahost-Liveblog: ++ Blinken reist zu Verhandlungen nach Ägypten ++,2024-09-17,gdelt-gkg;wayback-cdx-liveblog-path;wayback-page:www.tagesschau.de/,gdelt-gkg;wayback-cdx-liveblog-path;wayback-page:www.tagesschau.de/,central,live_blog,,yes,"Nahost. Die Entwicklungen im Liveblog. Lufthansa setzt Flüge nach Tel Aviv und Teheran ausIran bezeichnet Explosion von Pagern als ""Terrorakt""Libanon meldet acht Tote und Tausende Verletzte nach Pager-ExplosionenBorrell: Keine Fortschritte bei W",not in manifest; accessible via wayback capture 20240918074739
tagesschau,https://www.tagesschau.de/wirtschaft/verbraucher/lufthansa-tel-aviv-teheran-100.html,Lufthansa und Air France setzen Flüge nach Tel Aviv aus,2024-09-17,gdelt-gkg;mediacloud,gdelt-gkg;mediacloud,central,not_in_manifest,,,Nach den Pager-Explosionen im Libanon setzt die Lufthansa ihre Flüge nach Tel Aviv und Teheran bis einschließlich Donnerstag aus. Air,accessible via live
tagesschau,https://www.tagesschau.de/ausland/asien/hisbollah-pager-explosionen-100.html,Was ist über die Pager-Explosionen im Libanon bekannt?,2024-09-18,gdelt-gkg;mediacloud;tagesschau-archive;wayback-page:www.tagesschau.de/,gdelt-gkg;mediacloud;tagesschau-archive;wayback-page:www.tagesschau.de/,central,in_corpus,ge_tagesschau_bcdc70bedf,,"Im Libanon sind viele Menschen durch Explosionen von Pagern getötet oder verletzt worden, nun wird Israel dafür verantwortlich gemacht. Was genau ist geschehen, wie konnten die G",
tagesschau,https://www.tagesschau.de/ausland/asien/libanon-explosionen-100.html,Libanon: Pager-Detonationen als Teil einer größeren Aktion?,2024-09-18,gdelt-gkg;mediacloud;tagesschau-archive;wayback-page:www.tagesschau.de/,gdelt-gkg;mediacloud;tagesschau-archive;wayback-page:www.tagesschau.de/,central,in_corpus,ge_tagesschau_c4082cd92e,,Die fast zeitgleiche Explosion Tausender Pager im Libanon lässt auf eine lange geplante Aktion schließen. Vermutet wird dahinter der israelische Geheimdienst Mossad.,
tagesschau,https://www.tagesschau.de/ausland/asien/libanon-hisbollah-explosionen-100.html,Erneut Tote und Verletzte bei Explosionen im Libanon,2024-09-18,gdelt-gkg;mediacloud;wayback-page:www.tagesschau.de/,gdelt-gkg;mediacloud;wayback-page:www.tagesschau.de/,central,in_corpus,ge_tagesschau_da05785628,,Erneut sind im Libanon Kommunikationsgeräte der Hisbollah explodiert - dieses Mal offenbar Funkgeräte. Laut Behörden wurden mindestens 20 Menschen getötet und mehr als 450 Menschen verletzt. Nach dem mutmaßlich von Israe,
tagesschau,https://www.tagesschau.de/ausland/asien/libanon-pager-explosion-ursache-100.html,Israels Geheimdienst soll laut US-Medien hinter Pager-Explosionen stecken,2024-09-18,gdelt-gkg;mediacloud;tagesschau-archive;wayback-page:www.tagesschau.de/,gdelt-gkg;mediacloud;tagesschau-archive;wayback-page:www.tagesschau.de/,central,in_corpus,ge_tagesschau_a6b7c66884,,Die im Libanon explodierten Pager wurden laut US-Medien durch eine Aktion des israelischen Geheimdienstes mittels Sprengstoff zur Detonation gebracht. Di,
tagesschau,https://www.tagesschau.de/inland/innenpolitik/geheimdienste-100.html,Geheimdienste: Wenn Staaten heimlich töten,2024-09-18,gdelt-gkg;mediacloud,gdelt-gkg;mediacloud,central,in_manifest_not_candidate,,,"Flugzeuge explodieren, Schiffe versinken - und aktuell explodieren Tausende Pager scheinbar ohne Grund. Immer wieder geraten Geheimdienste in den Verdacht, gezielte Tötungen durchgeführt zu haben. Von",manifest tag: tagesschau|untagged|cdx; accessible via live
tagesschau,https://www.tagesschau.de/newsticker/liveblog-nahost-mittwoch-178.html,Nahost-Liveblog: ++ Zahl der Toten nach Pager-Explosionen steigt auf zwölf ++,2024-09-18,gdelt-gkg;mediacloud;wayback-cdx-liveblog-path;wayback-page:www.tagesschau.de/,gdelt-gkg;mediacloud;wayback-cdx-liveblog-path;wayback-page:www.tagesschau.de/,central,live_blog,,yes,s. Der Liveblog zum Nachlesen. Deutsche Exporte von Kriegswaffen nach Israel drastisch gesunkenZahl der Todesopfer nach Pager-Explosionen erhöht sich auf zwölfArmeesender: Israels Armee erhöht AlarmbereitschaftBlinken zu Gesprächen in Kairo eing,not in manifest; accessible via wayback capture 20240919011105
tagesschau,https://www.tagesschau.de/ausland/asien/israel-hisbollah-kriegsfront-verschiebt-sich-100.html,"Israels Verteidigungsminister kündigt ""neue Phase"" des Krieges an",2024-09-19,gdelt-gkg;mediacloud;tagesschau-archive;wayback-page:www.tagesschau.de/,gdelt-gkg;mediacloud;tagesschau-archive;wayback-page:www.tagesschau.de/,mention,in_manifest_not_candidate,,,"adt Beirut und anderen Orten im Land zahlreiche Explosionen gegeben. Dabei detonierten von der Hisbollah-Miliz benutzte Pager und Funkgeräte, es gab mehrere Tote und Tausende Verletzte. Die israelischen Behörden haben sich bislang nicht zu den V",manifest tag: tagesschau|untagged|cdx; accessible via live
tagesschau,https://www.tagesschau.de/ausland/asien/libanon-israel-nahostkrieg-pager-funkgeraete-100.html,Konflikt zwischen Israel und der Hisbollah droht weiter zu eskalieren,2024-09-19,gdelt-gkg;mediacloud;wayback-page:www.tagesschau.de/,gdelt-gkg;mediacloud;wayback-page:www.tagesschau.de/,central,in_corpus,ge_tagesschau_b75d06c818,,Nach den massenhaften Explosionen von Funkgeräten im Libanon scheint die Lage in Nahost zu eskalieren. Israel und die Hisbollah melden gegenseitigen Beschuss. Gleichze,
tagesschau,https://www.tagesschau.de/ausland/asien/libanon-israel-nahostkrieg-rede-nasrallah-100.html,"Hisbollah-Chef Nasrallah sieht ""alle roten Linien überschritten""",2024-09-19,gdelt-gkg;tagesschau-archive;wayback-page:www.tagesschau.de/,gdelt-gkg;tagesschau-archive;wayback-page:www.tagesschau.de/,central,in_manifest_not_candidate,,,Nach der Explosion Hunderter Kommunikationsgeräte im Libanon hat Hisbollah-Chef Nasrallah einen schweren Schlag gegen seine Miliz eingeräumt. Er warf Israel einen krimi,manifest tag: tagesschau|untagged|cdx; accessible via live
tagesschau,https://www.tagesschau.de/ausland/asien/libanon-pager-angriff-interview-neumann-100.html,Terrorismusforscher: Pager-Angriff auch psychologische Kriegsführung,2024-09-19,gdelt-gkg;mediacloud;tagesschau-archive;wayback-page:www.tagesschau.de/,gdelt-gkg;mediacloud;tagesschau-archive;wayback-page:www.tagesschau.de/,central,in_corpus,ge_tagesschau_af41358963,,Hinter den Explosionen von Pagern und Funkgeräten im Libanon vermutet auch der Terrorismusforscher Peter Neumann Israel. Eine neue Form der Kriegsführun,
tagesschau,https://www.tagesschau.de/inland/innenpolitik/waffen-israel-deutschland-100.html,Rüstungsexporte nach Israel: Welche Waffen liefert Deutschland?,2024-09-19,gdelt-gkg;mediacloud;tagesschau-archive,gdelt-gkg;mediacloud;tagesschau-archive,central,in_manifest_not_candidate,,,"srael liefern? Immer wieder flammt die Diskussion auf. Auch jetzt wieder. Denn im Libanon sind in den vergangenen Tagen Pager und Funkgeräte explodiert. Es steht der Verdacht im Raum, Israel würde so versuchen, Hisbollah-Terroristen zu treffen.",manifest tag: tagesschau|untagged|cdx; accessible via live
tagesschau,https://www.tagesschau.de/newsticker/liveblog-nahost-donnerstag-188.html,Nahost-Liveblog: ++ Israel meldet neue Luftangriffe im Libanon ++,2024-09-19,gdelt-gkg;mediacloud;wayback-cdx-liveblog-path,gdelt-gkg;mediacloud;wayback-cdx-liveblog-path,central,live_blog,,yes,n steigt auf 37Israel meldet Festnahme wegen mutmaßlicher AnschlagspläneIsrael greift Hisbollah-Stellungen im Libanon anWalkie-Talkies laut Hersteller seit zehn Jahren nicht produziertWestliche Diplomaten beraten in Paris über Lage in Nahost Ende,not in manifest; accessible via wayback capture 20240920012919
tagesschau,https://www.tagesschau.de/ausland/asien/libanon-israel-krieg-100.html,Israelischer Luftangriff auf libanesische Hauptstadt Beirut,2024-09-20,gdelt-gkg,gdelt-gkg,mention,in_manifest_not_candidate,,,"lten haben. Ob Akil bei dem Angriff getötet wurde, ist noch unklar. Der Kommandeur der Terrormiliz soll bereits bei der Explosionsserie technischer Geräte verletzt worden sein. Akil wurde demnach im Krankenhaus behandelt und heute entlassen. Er gehört zu den Gründungsmitgl",manifest tag: tagesschau|untagged|cdx; accessible via wayback capture 20240920152748
tagesschau,https://www.tagesschau.de/ausland/asien/libanon-pager-explosionen-voelkerrecht-100.html,Völkerrechtler uneins über Legitimität von Libanon-Angriffen,2024-09-20,gdelt-gkg;mediacloud;wayback-page:www.tagesschau.de/,gdelt-gkg;mediacloud;wayback-page:www.tagesschau.de/,central,in_corpus,ge_tagesschau_5487e7d8f1,,Hinter der Explosion Tausender Pager und Funkgeräte im Libanon wird ein gezielter Schlag Israels gegen die Hisbollah-Miliz vermutet. Doch handelt es sich um,
tagesschau,https://www.tagesschau.de/investigativ/ndr-wdr/israel-hisbollah-pager-100.html,Angriffe auf Hisbollah,2024-09-20,gdelt-gkg;mediacloud;tagesschau-archive;wayback-page:www.tagesschau.de/,gdelt-gkg;mediacloud;tagesschau-archive;wayback-page:www.tagesschau.de/,central,in_corpus,ge_tagesschau_a713846d36,,"t eines Krimis geworden, der die Geheimdienste weltweit beschäftigt. Seitdem im Libanon am Dienstag zeitgleich Tausende Pager der Terrormiliz Hisbollah explodierten, wird gerätselt, wer für die koordinierte Aktion verantwortlich ist und wie die",
tagesschau,https://www.tagesschau.de/newsticker/liveblog-nahost-freitag-184.html,Nahost-Liveblog: ++ Großbritannien fordert Waffenstillstand ++,2024-09-20,gdelt-gkg;mediacloud;wayback-cdx-liveblog-path;wayback-page:www.tagesschau.de/,gdelt-gkg;mediacloud;wayback-cdx-liveblog-path;wayback-page:www.tagesschau.de/,mention,live_blog,,yes,"ichtenagentur AFP. Ursprünglich war die Verbindung bis Ende Oktober ausgesetzt worden. Minister: Teile der explodierten Pager nicht aus Taiwan Nach Angaben des Wirtschaftsministers von Taiwan, Kuo Jyh-huei, sind die Komponenten der Pager, die am",not in manifest; accessible via wayback capture 20240920055311
tagesschau,https://www.tagesschau.de/ausland/asien/israel-libanon-pager-explosionen-un-sicherheitsrat-100.html,"Libanon bezichtigt Israel nach Pager-Explosionen des ""Terrorismus""",2024-09-21,gdelt-gkg;mediacloud;tagesschau-archive;wayback-page:www.tagesschau.de/,gdelt-gkg;mediacloud;tagesschau-archive;wayback-page:www.tagesschau.de/,central,in_corpus,ge_tagesschau_7f21adeb8b,,", oder die Welt werde Zeuge einer ""großen Explosion"" werden. Der Libanon hat Israel nach der massenhaften Explosion von Pagern und Walkie-Talkies im Besitz der Hisbollah-Miliz vor dem UN-Sicherheitsrat ""Terrorismus"" vorgeworfen. Außenminister Ab",
tagesschau,https://www.tagesschau.de/ausland/libanon-lage-100.html,Welche Folgen haben die Angriffe für die Hisbollah?,2024-09-21,gdelt-gkg;mediacloud;tagesschau-archive;wayback-page:www.tagesschau.de/,gdelt-gkg;mediacloud;tagesschau-archive;wayback-page:www.tagesschau.de/,central,in_manifest_not_candidate,,,"Erst explodierende Pager, dann Funkgeräte, nun der Angriff in Beirut. In der libanesischen Bevölkerung herrscht Verunsicherung, die Hisbollah dr",manifest tag: tagesschau|untagged|cdx; accessible via live
tagesschau,https://www.tagesschau.de/newsticker/liveblog-nahost-samstag-184.html,Nahost-Liveblog: ++ Hisbollah meldet Tod von weiterem Befehlshaber ++,2024-09-21,gdelt-gkg;mediacloud;wayback-cdx-liveblog-path;wayback-page:www.tagesschau.de/,gdelt-gkg;mediacloud;wayback-cdx-liveblog-path;wayback-page:www.tagesschau.de/,mention,live_blog,,yes,"enannt zu haben. Libanon bezichtigt Israel des ""Terrorismus"" Der Libanon hat Israel nach der massenhaften Explosion von Pagern und Walkie-Talkies im Besitz der Hisbollah-Miliz vor dem UN-Sicherheitsrat ""Terrorismus"" vorgeworfen. Außenminister Ab",not in manifest; accessible via wayback capture 20240921061515
tagesschau,https://www.tagesschau.de/newsticker/liveblog-nahost-sonntag-188.html,Nahost-Liveblog: ++ Israel stürmt Al-Dschasira-Büro im Westjordanland ++,2024-09-21,gdelt-gkg;mediacloud;wayback-cdx-liveblog-path,gdelt-gkg;mediacloud;wayback-cdx-liveblog-path,mention,live_blog,,yes,"d mehr als 3.000 verletzt. Aus Sicherheitskreisen hieß es, der israelische Geheimdienst habe wohl 5.000 der sogenannten Pager mit Sprengstoff versehen und am Dienstag gleichzeitig zur Explosion gebracht. Hisbollah: Konflikt mit Israel in neuer P",not in manifest; accessible via wayback capture 20240923194334
tagesschau,https://www.tagesschau.de/ausland/asien/israel-libanon-konflikt-100.html,Israel und Hisbollah weiten gegenseitige Angriffe aus,2024-09-22,gdelt-gkg;mediacloud;tagesschau-archive,gdelt-gkg;mediacloud;tagesschau-archive,mention,in_manifest_not_candidate,,,"üstungsunternehmen Rafael in der Nähe der Hafenstadt Haifa. Dies sei der erste Teil der Vergeltung für die explodierten Pager und Walkie-Talkies, erklärte die Hisbollah. Die massiven Gefechte folgen auf das Bombardement eines Hochhauses im Süden",manifest tag: tagesschau|untagged|cdx; accessible via live
tagesschau,https://www.tagesschau.de/ausland/asien/libanon-nach-angriff-israel-100.html,Tausende Menschen fliehen im Libanon vor israelischen Angriffen,2024-09-23,gdelt-gkg;tagesschau-archive,gdelt-gkg;tagesschau-archive,mention,in_corpus,ge_tagesschau_84360575df,,"schen getötet und verletzt worden - unter ihnen auch Frauen, Kinder und Sanitäter. Nach den beiden Explosionswellen von Kommunikationsgeräten im Libanon in der vergangenen Woche hat sich der Konflikt zwischen der Hisbollah und Israel deutlich intensiviert. Je",
tagesschau,https://www.tagesschau.de/ausland/asien/libanon-israel-hisbollah-100.html,"Israels Angriffe im Libanon: ""Die Hisbollah ist sehr geschwächt""",2024-09-24,gdelt-gkg;mediacloud;tagesschau-archive,gdelt-gkg;mediacloud;tagesschau-archive,mention,in_manifest_not_candidate,,,"eigentlich eine Folge nach dem umfassenden Geheimdienstangriff Israels auf die Hisbollah. Nach der Explosion Tausender Pager in der vergangenen Woche war eine größere Militärkampagne erwartbar, durch die die Hisbollah dauerhaft geschwächt werde",manifest tag: tagesschau|untagged|cdx; accessible via live
tonline,https://www.t-online.de/nachrichten/ausland/id_100491568/eskalation-im-libanon-2750-verletzte-bei-explosionen.html,Eskalation im Libanon: 2.750 Verletzte bei Explosionen,2024-09-17,gdelt-gkg;wayback-page:www.t-online.de/nachrichten/ausland/,gdelt-gkg;wayback-page:www.t-online.de/nachrichten/ausland/,central,in_corpus,ge_tonline_fdb278a115,,"Plötzlich explodieren im Libanon zeitgleich Hunderte kleine Kommunikationsgeräte, sogenannte Pager. Ein Zusammenhang mit den Spannungen zwischen der Hisbollah und Israel liegt nahe.",
tonline,https://www.t-online.de/nachrichten/ausland/id_100491656/pager-der-nicht-ortbare-handy-vorlaeufer.html,Pager: Der nicht ortbare Handy-Vorläufer,2024-09-17,gdelt-gkg;wayback-page:www.t-online.de/nachrichten/ausland/,gdelt-gkg;wayback-page:www.t-online.de/nachrichten/ausland/,central,in_corpus,ge_tonline_437b0d9223,,Explosionen im Libanon Pager: Der nicht ortbare Handy-Vorläufer,
tonline,https://www.t-online.de/nachrichten/ausland/internationale-politik/id_100491522/beirut-hisbollah-miliz-explosionen-verletzen-zahlreiche-mitglieder.html,Rätselhafte Pager-Explosion in Beirut: Zahlreiche Hisbollah-Mitglieder verletzt,2024-09-17,gdelt-gkg;mediacloud;wayback-page:www.t-online.de/;wayback-page:www.t-online.de/nachrichten/ausland/,gdelt-gkg;mediacloud;wayback-page:www.t-online.de/;wayback-page:www.t-online.de/nachrichten/ausland/,central,in_corpus,ge_tonline_e66d47c1cb,,Terrormiliz droht Israel mit Vergeltung Hunderte Hisbollah-Mitglieder bei Piepser-Explosion verletzt – 9 Tote,
tonline,https://www.t-online.de/nachrichten/ausland/internationale-politik/id_100491660/libanon-pager-explosionen-treffen-hisbollah-nahostkonflikt-koennte-eskalieren.html,Libanon: Pager-Explosionen treffen Hisbollah | Nahostkonflikt könnte eskalieren,2024-09-17,gdelt-gkg;wayback-page:www.t-online.de/nachrichten/ausland/,gdelt-gkg;wayback-page:www.t-online.de/nachrichten/ausland/,central,in_corpus,ge_tonline_cfd5ef8c86,,"Explosion von Dutzenden Piepsern ""Ein großer Schlag gegen die Hisbollah""",
tonline,https://www.t-online.de/nachrichten/ausland/internationale-politik/id_100491694/lufthansa-setzt-fluege-nach-tel-aviv-und-teheran-aus-nahostkonflikt.html,Lufthansa setzt Flüge nach Tel Aviv und Teheran aus,2024-09-17,gdelt-gkg;wayback-page:www.t-online.de/nachrichten/ausland/,gdelt-gkg;wayback-page:www.t-online.de/nachrichten/ausland/,mention,in_manifest_not_candidate,,,"Die Airline fürchtet offenbar eine weitere Eskalation des Nahostkonflikts, nachdem am Dienstag bei massenhaften Pager-Explosionen im neun Menschen getötet und fast 2.800 weitere verletzt wurden. Die Hisbollah machte für die Attacke verantwortlich, von israelischer Se",manifest tag: tonline|untagged|cdx; accessible via live
tonline,https://www.t-online.de/tv/nachrichten/politik/id_100491564/libanon-zahlreiche-hisbollah-mitglieder-bei-pager-explosion-verletzt.html,Zahlreiche Hisbollah-Mitglieder bei Pager-Explosion verletzt,2024-09-17,wayback-page:www.t-online.de/,wayback-page:www.t-online.de/,central,not_in_manifest,,,Videos zeigen Detonationen Zahlreiche Hisbollah-Mitglieder bei Pager-Explosion verletzt,accessible via live
tonline,https://www.t-online.de/digital/aktuelles/id_100491964/libanon-hisbollah-pager-explodieren-gefahr-fuer-smartphones-.html,Neun Tote im Libanon: Pager-Explosionen werfen Fragen nach Sicherheit von Smartphones auf,2024-09-18,gdelt-gkg;mediacloud;wayback-page:www.t-online.de/,gdelt-gkg;mediacloud;wayback-page:www.t-online.de/,central,in_corpus,ge_tonline_bd398e4428,,Pager-Explosionen im Libanon Können Smartphones manipuliert werden und explodieren?,
tonline,https://www.t-online.de/digital/hardware/id_100491882/hisbollah-warum-benutzt-die-terrororganisation-noch-pager-.html,Hisbollah: Warum benutzt die Terrororganisation noch Pager?,2024-09-18,gdelt-gkg;wayback-page:www.t-online.de/,gdelt-gkg;wayback-page:www.t-online.de/,central,in_corpus,ge_tonline_db6fe369cd,,Tausende Explosionen im Libanon Warum benutzt die Hisbollah noch Pager?,
tonline,https://www.t-online.de/nachrichten/ausland/id_100491772/hisbollah-schwoert-vergeltung-nach-explosionen-im-libanon.html,Hisbollah schwört Vergeltung nach Explosionen im Libanon,2024-09-18,gdelt-gkg;wayback-page:www.t-online.de/nachrichten/ausland/,gdelt-gkg;wayback-page:www.t-online.de/nachrichten/ausland/,central,in_corpus,ge_tonline_67835c3fd1,,Operationen an Augen und amputierte Arme: Die Hisbollah-Mitglieder im Libanon sind durch die Pager-Explosionen stark getroffen worden. Wieder beginnt das große Warten auf ihren Gegenschlag in Israel.,
tonline,https://www.t-online.de/nachrichten/ausland/id_100491776/lufthansa-und-air-france-setzen-fluege-nach-israel-aus.html,Lufthansa und Air France setzen Flüge nach Israel aus,2024-09-18,gdelt-gkg;wayback-page:www.t-online.de/nachrichten/ausland/,gdelt-gkg;wayback-page:www.t-online.de/nachrichten/ausland/,mention,in_manifest_not_candidate,,,Die libanesische Hisbollah-Miliz hatte Israel die Schuld für die Explosionen der sogenannten Pager gegeben und Vergeltung angekündigt. Israels Armee kommentierte die Vorfälle zunächst nicht.,manifest tag: tonline|untagged|cdx; accessible via live
tonline,https://www.t-online.de/nachrichten/ausland/id_100491926/arzt-viele-augen-ops-nach-explosionen-im-libanon.html,Arzt: Viele Augen-OPs nach Explosionen im Libanon,2024-09-18,gdelt-gkg;wayback-page:www.t-online.de/nachrichten/ausland/,gdelt-gkg;wayback-page:www.t-online.de/nachrichten/ausland/,central,in_corpus,ge_tonline_a9cb1ff528,,Krieg in Nahost Hunderte Pager explodieren im Libanon - was steckt dahinter?,
tonline,https://www.t-online.de/nachrichten/ausland/id_100491940/pager-explosionen-im-libanon-was-wir-wissen-und-was-nicht.html,Pager-Explosionen im Libanon: Was wir wissen und was nicht,2024-09-18,gdelt-gkg;wayback-page:www.t-online.de/nachrichten/ausland/,gdelt-gkg;wayback-page:www.t-online.de/nachrichten/ausland/,central,in_corpus,ge_tonline_d2f6b18032,,"Als Folge der gleichzeitigen Explosion Hunderter sogenannter Pager sind am Dienstag im bisher rund 2.800 Menschen verletzt worden, mindestens zwölf Menschen starben. Unter den Verletzten sollen viele Hisbollah-Kämpfe",
tonline,https://www.t-online.de/nachrichten/ausland/id_100492418/beirut-schlag-gegen-hisbollah-walkie-talkies-explodieren-im-libanon.html,Nächster Schlag gegen Hisbollah? Walkie-Talkies explodieren in Beirut,2024-09-18,gdelt-gkg;mediacloud;wayback-page:www.t-online.de/nachrichten/ausland/,gdelt-gkg;mediacloud;wayback-page:www.t-online.de/nachrichten/ausland/,central,in_corpus,ge_tonline_4b99699e23,,Nächster Schlag gegen Hisbollah? Walkie-Talkies explodieren im Libanon – mehrere Tote,
tonline,https://www.t-online.de/nachrichten/ausland/id_100492446/100-verletzte-bei-erneuten-explosionen-im-libanon.html,100 Verletzte bei erneuten Explosionen im Libanon,2024-09-18,gdelt-gkg;wayback-page:www.t-online.de/nachrichten/ausland/,gdelt-gkg;wayback-page:www.t-online.de/nachrichten/ausland/,central,in_corpus,ge_tonline_7ef07cf613,,Nach Pager-Attacke Zweite Explosionswelle schockt den Libanon - 20 Tote,
tonline,https://www.t-online.de/nachrichten/ausland/internationale-politik/id_100491788/massenexplosion-israel-manipulierte-hisbollah-funkgeraete-schon-vorher.html,Massenexplosion im Libanon,2024-09-18,gdelt-gkg;mediacloud;wayback-page:www.t-online.de/;wayback-page:www.t-online.de/nachrichten/ausland/,gdelt-gkg;mediacloud;wayback-page:www.t-online.de/;wayback-page:www.t-online.de/nachrichten/ausland/,central,in_corpus,ge_tonline_9f2b972afb,,Massenexplosion im Libanon Insider: Israel manipulierte Pager – Hersteller äußert sich,
tonline,https://www.t-online.de/nachrichten/ausland/internationale-politik/id_100492044/hisbollah-pager-im-libanon-explodiert-darum-soll-israel-jetzt-angegriffen-haben.html,Hisbollah-Pager im Libanon explodiert: Darum soll Israel jetzt angegriffen haben,2024-09-18,gdelt-gkg;wayback-page:www.t-online.de/nachrichten/ausland/,gdelt-gkg;wayback-page:www.t-online.de/nachrichten/ausland/,central,in_corpus,ge_tonline_cc9cc53e70,,Im Libanon sind Hunderte Pager von Mitgliedern der Terrorgruppe Hisbollah explodiert. Der mutmaßliche Angriff wirft viele Fragen auf.,
tonline,https://www.t-online.de/nachrichten/ausland/internationale-politik/id_100492206/nahostkonflikt-explosionen-im-libanon-so-arbeitet-der-mossad-aus-israel.html,Nahostkonflikt | Explosionen im Libanon: So arbeitet der Mossad aus Israel,2024-09-18,gdelt-gkg;wayback-page:www.t-online.de/;wayback-page:www.t-online.de/nachrichten/ausland/,gdelt-gkg;wayback-page:www.t-online.de/;wayback-page:www.t-online.de/nachrichten/ausland/,mention,in_corpus,ge_tonline_bc9998c08f,,"Bei den gleichzeitigen Explosionen Hunderter Pager am Dienstag im wurden mindestens 12 Menschen getötet und etwa 2.800 weitere verletzt. Rund 300 der Verletzten schwebten am Mittwoch in Lebensgefahr,",
tonline,https://www.t-online.de/nachrichten/ausland/internationale-politik/id_100492502/israel-verlegt-truppen-nach-norden-eskalation-in-nahost-befuerchtet.html,"Israel: ""Neue Phase des Kriegs"" – Verlegung von Truppen in den Norden angekündigt",2024-09-18,gdelt-gkg;mediacloud;wayback-page:www.t-online.de/nachrichten/ausland/,gdelt-gkg;mediacloud;wayback-page:www.t-online.de/nachrichten/ausland/,central,in_manifest_not_candidate,,,Bei erneuten Explosionen elektronischer Geräte im Libanon waren offiziellen Angaben zufolge mindestens neun Menschen getötet und mehr als 300 weitere verletzt worden. Die Hisbollah und der machen,manifest tag: tonline|untagged|cdx; accessible via live
tonline,https://www.t-online.de/nachrichten/ausland/krisen/id_100491984/hisbollah-pager-explodieren-im-libanon-israel-giesst-in-nahost-oel-ins-feuer.html,Hisbollah-Pager explodieren im Libanon: Israel gießt in Nahost Öl ins Feuer,2024-09-18,gdelt-gkg;wayback-page:www.t-online.de/;wayback-page:www.t-online.de/nachrichten/ausland/,gdelt-gkg;wayback-page:www.t-online.de/;wayback-page:www.t-online.de/nachrichten/ausland/,central,in_corpus,ge_tonline_b26ef5a847,,Hisbollah-Pager und Walkie-Talkies explodieren Der Schuss geht nach hinten los,
tonline,https://www.t-online.de/tv/nachrichten/politik/id_100492512/hisbollah-im-libanon-ueberwachungskamera-filmt-explosion.html,Überwachungskamera filmt Explosion,2024-09-18,wayback-page:www.t-online.de/,wayback-page:www.t-online.de/,central,not_in_manifest,,,Im Libanon sind erneut mehrere Funkgeräte explodiert. Dieses Mal sind Walkie-Talkies betroffen. Eine Überwachungskamera filmt eine Explosion.,accessible via live
tonline,https://www.t-online.de/nachrichten/ausland/id_100491896/iran-droht-israel-mit-vernichtender-antwort-nahost-konflikt-newsblog.html,"Iran droht Israel mit ""vernichtender Antwort"" ++ Nahost-Konflikt im Newsblog",2024-09-19,gdelt-gkg;manifest-liveblog-scan;mediacloud;wayback-cdx-liveblog-path;wayback-page:www.t-online.de/;wayback-page:www.t-online.de/nachrichten/ausland/,gdelt-gkg;mediacloud;wayback-cdx-liveblog-path;wayback-page:www.t-online.de/;wayback-page:www.t-online.de/nachrichten/ausland/,mention,in_corpus,ge_tonline_1e9c010a33,yes,"r den Raketenangriff auf . Der Anschlag sollte das Hauptquartier des Mossad treffen und sei eine Reaktion auf die tödlichen Explosionen von tausenden Kommunikationsgeräten, teilt die Terrorgruppe mit. Die Rakete wurde vom Luftabwehrsystem abgefangen. Inzwischen hat die israelische Armee nach eigenen",live blog: corpus holds one snapshot; 62 Wayback captures in window
tonline,https://www.t-online.de/nachrichten/ausland/id_100492626/explosionen-im-libanon-israel-kuendigt-neue-kriegsphase-an.html,Explosionen im Libanon: Israel kündigt neue Kriegsphase an,2024-09-19,gdelt-gkg;wayback-page:www.t-online.de/nachrichten/ausland/,gdelt-gkg;wayback-page:www.t-online.de/nachrichten/ausland/,central,in_corpus,ge_tonline_2b705383c1,,"Mindestens 37 Menschen wurden bei den Angriffen auf Pager und Handfunkgeräte am Dienstag und Mittwoch nach Behördenangaben getötet worden. Rund 3.000 weitere wurden verletzt. Nasrallah, wie auch Militär- und",
tonline,https://www.t-online.de/nachrichten/ausland/id_100492808/vom-iran-fuer-morde-rekrutiert-israeli-festgenommen.html,Vom Iran für Morde rekrutiert? - Israeli festgenommen,2024-09-19,gdelt-gkg;wayback-page:www.t-online.de/nachrichten/ausland/,gdelt-gkg;wayback-page:www.t-online.de/nachrichten/ausland/,mention,in_manifest_not_candidate,,,"Der Iran und die Hisbollah sehen Israel derweil als Drahtzieher hinter den Explosionen elektronischer Kommunikationsgeräte im . Dabei wurden in den vergangenen Tagen mehr als 30 Menschen getötet und mehr als 3000 weitere verletzt, darunter zahlreiche Mitglieder der Hisbo",manifest tag: tonline|untagged|cdx; accessible via live
tonline,https://www.t-online.de/nachrichten/ausland/id_100492888/berichte-verletzte-in-israel-nach-beschuss-aus-dem-libanon.html,Berichte: Verletzte in Israel nach Beschuss aus dem Libanon,2024-09-19,gdelt-gkg;wayback-page:www.t-online.de/nachrichten/ausland/,gdelt-gkg;wayback-page:www.t-online.de/nachrichten/ausland/,central,in_corpus,ge_tonline_1289f01e0d,,Nach den Explosionen zahlreicher technischer Geräte im Libanon meldet sich Hisbollah-Chef Hassan Nasrallah zum ersten Mal zu Wort. Er betont: Israel habe alle roten Linien überschritten.,
tonline,https://www.t-online.de/nachrichten/ausland/id_100493460/israel-fliegt-nach-beschuss-massive-angriffe-im-libanon.html,Israel fliegt nach Beschuss massive Angriffe im Libanon,2024-09-20,gdelt-gkg,gdelt-gkg,mention,in_corpus,ge_tonline_fd279fe7a9,,"schen zu töten"", sagte er. ""Dieser kriminelle Akt kommt einer Kriegserklärung gleich."" Mindestens 37 Menschen kamen bei den Explosionen manipulierter Pager und Handfunkgeräte am Dienstag und Mittwoch nach Behördenangaben ums Leben. Rund 3.000 weitere wurden demnach verletzt.",
tonline,https://www.t-online.de/nachrichten/ausland/id_100493586/tote-vom-dach-gestossen-israels-armee-untersucht-vorfall.html,Tote vom Dach gestoßen? - Israels Armee untersucht Vorfall,2024-09-20,gdelt-gkg,gdelt-gkg,mention,in_manifest_not_candidate,,,"Zugleich beschuldigte Nasrallah Israel, für die Explosionen von Pagern und Handfunkgeräten verantwortlich zu sein. Der Hisbollah-Chef sprach von einer Kriegserklärung und kündigte Vergeltung an. Mindestens 37 Menschen k",manifest tag: tonline|untagged|cdx; accessible via live
tonline,https://www.t-online.de/nachrichten/ausland/id_100493774/eskalation-in-nahost-nur-dann-wird-der-iran-eingreifen.html,Eskalation in Nahost: Nur dann wird der Iran eingreifen,2024-09-20,gdelt-gkg;wayback-page:www.t-online.de/,gdelt-gkg;wayback-page:www.t-online.de/,central,in_manifest_not_candidate,,,Flächenbrand ausweiten. 37 Menschen wurden getötet und fast 3.000 verletzt. Hisbollah-Anführer Hassan Nasrallah macht Israel für die Explosionen der Kommunikationsgeräte verantwortlich und droht mit Vergeltung.,manifest tag: tonline|untagged|cdx; accessible via live
tonline,https://www.t-online.de/nachrichten/ausland/id_100494048/israel-toetet-topterroristen-der-hisbollah-bei-angriff-im-libanon.html,Israel tötet Topterroristen der Hisbollah bei Angriff im Libanon,2024-09-20,gdelt-gkg,gdelt-gkg,mention,in_corpus,ge_tonline_c50b0f43ab,,"etzt. Bereits Anfang der 1990er-Jahre hatte versucht, Akil auszuschalten. Akil soll erst am Freitag aus dem Krankenhaus entlassen, nachdem er bei der Attacke auf technische Geräte der Hisbollah verletzt worden war. .",
tonline,https://www.t-online.de/nachrichten/tagesanbruch/id_100493414/loest-israels-pager-angriff-auf-hisbollah-grossen-krieg-aus-.html,Löst Israels Pager-Angriff auf Hisbollah großen Krieg aus?,2024-09-20,gdelt-gkg;wayback-page:www.t-online.de/,gdelt-gkg;wayback-page:www.t-online.de/,central,in_corpus,ge_tonline_5fdaa69e1a,,"n auf seine Worte und Zeichen achten, sondern manchmal auch auf das Ding, das sie weiterreicht. Am Mittwoch explodierten zeitgleich Hunderte tragbare Funkgeräte, am Tag zuvor Tausende Pager: Geräte aus der Zeit vor dem Smartphone, als Fax und Festnetztelefon die Welt beherrschten. Die Truppen der Hi",
tonline,https://www.t-online.de/nachrichten/ausland/id_100494228/armeesprecher-hisbollah-plante-ueberfall-auf-israel.html,Armeesprecher: Hisbollah plante Überfall auf Israel,2024-09-21,gdelt-gkg,gdelt-gkg,mention,not_in_manifest,,,"eit in den Norden zurückkehren lassen, wenn der Krieg im Gazastreifen gestoppt werde. Zugleich beschuldigte Nasrallah Israel, für die Explosionen von Pagern und Handfunkgeräten in dieser Woche verantwortlich zu sein. Mindestens 37 Menschen kamen nach Behördenangaben dabei am Dienstag und Mittwoch um",accessible via live
tonline,https://www.t-online.de/nachrichten/ausland/id_100494568/israels-armee-400-stellungen-der-hisbollah-angegriffen.html,Israels Armee: 400 Stellungen der Hisbollah angegriffen,2024-09-21,gdelt-gkg,gdelt-gkg,mention,in_manifest_not_candidate,,,"angenen Tagen hatte Israel mit mehreren folgenschweren Angriffen den Druck auf die Hisbollah spürbar erhöht. Seit Dienstag wurden bei Explosionen von Kommunikationsgeräten, einem massiven Luftschlag in einem Vorort in Beirut und Angriffen im Süden des Landes mindestens 86 Menschen getötet und mehr a",manifest tag: tonline|untagged|cdx; accessible via live
tonline,https://www.t-online.de/nachrichten/ausland/id_100494818/israels-angriffe-im-libanon-wie-reagiert-die-hisbollah-.html,Israels Angriffe im Libanon - Wie reagiert die Hisbollah?,2024-09-22,gdelt-gkg,gdelt-gkg,central,in_corpus,ge_tonline_95538d8a86,,"Erst explodieren Tausende Pager und Funkgeräte im Libanon, dann zielt Israel mit einem Luftschlag auf die Hisbollah-Führung. Die Miliz steht unter Druck. Ist eine große Eskalation n",
tonline,https://www.t-online.de/nachrichten/ausland/id_100495108/israels-armee-warnt-einwohner-im-sueden-des-libanons.html,Israels Armee warnt Einwohner im Süden des Libanons,2024-09-23,gdelt-gkg,gdelt-gkg,mention,in_corpus,ge_tonline_349c8b94cc,,"Seiten der Grenze mussten rund 150.000 Menschen ihre Wohnorte verlassen. Die kriegsähnliche Auseinandersetzung hat sich nach der Explosion Tausender Kommunikationsgeräte im Libanon sowie einem israelischen Angriff auf die Hisbollah-Führung nahe Beirut mit mehr als 50 Toten, darunter Zivilisten, in d",
tonline,https://www.t-online.de/nachrichten/kolumne-gerhard-spoerl/id_100495356/israel-gegen-die-hisbollah-auf-dem-schnellsten-weg-ins-chaos.html,Israel gegen die Hisbollah: Wird Iran direkt in den Konflikt eingreifen?,2024-09-23,gdelt-gkg;mediacloud,gdelt-gkg;mediacloud,mention,in_manifest_not_candidate,,,"eiseln folgen sollte, woraufhin der Krieg geendet hätte, damit der Wiederaufbau beginnen konnte. Das ausgefeilte Vorhaben starb mit der Explosion der Pager.",manifest tag: tonline|untagged|cdx; accessible via live
tonline,https://www.t-online.de/nachrichten/ausland/id_100495852/israel-plant-schon-naechste-phasen-im-kampf-gegen-hisbollah.html,Israel plant schon «nächste Phasen» im Kampf gegen Hisbollah,2024-09-24,gdelt-gkg,gdelt-gkg,mention,in_manifest_not_candidate,,,nd 150.000 Menschen ihre Wohnorte auf beiden Seiten der Grenze verlassen. Die kriegsähnliche Auseinandersetzung hat sich nach der Explosion Tausender Funkgeräte im Libanon sowie einem israelischen Angriff auf die Hisbollah-Führung nahe Beirut mit mehr als 50 Toten vorige Woche nochmals verschärft. I,manifest tag: tonline|untagged|cdx; accessible via live
tonline,https://www.t-online.de/nachrichten/ausland/internationale-politik/id_100496120/nahostkonflikt-israel-bombardiert-hisbollah-im-libanon-washington-besorgt.html,Nahostkonflikt: Israel bombardiert Hisbollah im Libanon – Washington besorgt,2024-09-24,gdelt-gkg,gdelt-gkg,mention,in_manifest_not_candidate,,,"Solche Angriffe, auch die Pager-Explosionen aus der Vorwoche, fänden nicht spontan statt, erklärt Stephan Stetter, Professor für Internationale Politik und Konfliktforschung: ""Das i",manifest tag: tonline|untagged|cdx; accessible via live
welt,https://www.welt.de/newsticker/dpa_nt/afxline/topthemen/article253558698/Hunderte-Verletzte-nach-Explosionen-im-Libanon.html,Hunderte Verletzte nach Explosionen im Libanon,2024-09-17,gdelt-gkg,gdelt-gkg,central,not_in_manifest,,,machte Israel (verlinkt auf https://www.welt.de/themen/israel-reisen/) für die zeitgleichen Explosionen der sogenannten Pager verantwortlich und kündigte Vergeltung für die «sündige Aggression» an. Unter den Verletzten sollen viele Hisbollah-Käm,"automated wire-feed page (WELT dpa newsticker / RTL teletext), not an editorial article; accessible via live"
welt,https://www.welt.de/newsticker/dpa_nt/infoline_nt/politik_ausland_nt/article253560818/Pager-Der-nicht-ortbare-Handy-Vorlaeufer.html,Pager: Der nicht ortbare Handy-Vorläufer,2024-09-17,gdelt-gkg,gdelt-gkg,central,not_in_manifest,,,Einen Pager sieht man als Normalverbraucher heute am ehesten in einer alten Folge der Serie «Emergency Room». Die kleinen Geräte wa,"automated wire-feed page (WELT dpa newsticker / RTL teletext), not an editorial article; accessible via live"
welt,https://www.welt.de/politik/ausland/article253557702/Libanon-Hunderte-Hisbollah-Mitglieder-durch-explodierende-Pager-verletzt.html,Libanon: Hunderte Hisbollah-Mitglieder durch explodierende Pager verletzt,2024-09-17,gdelt-gkg;mediacloud;wayback-page:www.welt.de/;wayback-page:www.welt.de/politik/ausland/;welt-schlagzeilen,gdelt-gkg;mediacloud;wayback-page:www.welt.de/;wayback-page:www.welt.de/politik/ausland/;welt-schlagzeilen,central,in_corpus,ge_welt_9b154955e5,,"Vor der Explosion von zahlreichen Pagern im Libanon ist es dem israelischen Geheimdienst Berichten zufolge gelungen, tausende Geräte mit Sprengstoff zu präpari",
welt,https://www.welt.de/politik/ausland/plus253561588/Libanon-Es-befand-sich-Plastiksprengstoff-RDX-in-den-Batterien.html,Libanon: „Es befand sich Plastiksprengstoff RDX in den Batterien“,2024-09-17,mediacloud;wayback-page:www.welt.de/;wayback-page:www.welt.de/politik/ausland/;welt-schlagzeilen,mediacloud;wayback-page:www.welt.de/;wayback-page:www.welt.de/politik/ausland/;welt-schlagzeilen,central,not_in_manifest,,,"Die Explosionen im Libanon sind eine sicherheitstechnische Katastrophe für die Hisbollah. Offenbar hat Israel der Miliz kompromittierte Pager untergejubelt. Ein Militärexperte erklärt, warum die Sicherheitsleute den Sprengstoff nicht entdeckten.",paywalled (teaser/lead only on the fetched copy); accessible via live
welt,https://www.welt.de/politik/ausland/video253559370/Viele-Tote-und-Verletzte-Pager-von-Hisbollah-Kaempfern-explodiert.html,Viele Tote und Verletzte: Pager von Hisbollah-Kämpfern explodiert,2024-09-17,mediacloud;wayback-page:www.welt.de/politik/ausland/,mediacloud;wayback-page:www.welt.de/politik/ausland/,central,in_corpus,ge_welt_6530fd2001,,"[headline/description] Tote und Verletzte: Pager von Hisbollah-Kämpfern explodieren Dutzende mutmaßliche Mitglieder der Hisbollah-Miliz sind bei Explosionen getötet oder verletzt worden. In den Händen und Hosentaschen der Personen seien Funkempfänger, sogenannte Pager, exp",video page
welt,https://www.welt.de/politik/ausland/video253560574/Explodierte-Funkempfaenger-Diese-chiffrierten-Pager-wurden-nur-an-hochrangige-Mitglieder-der-Hisbollah-verteilt.html,Explodierte Funkempfänger: „Diese chiffrierten Pager wurden nur an hochrangige Mitglieder der Hisbollah verteilt“,2024-09-17,mediacloud;wayback-page:www.welt.de/;wayback-page:www.welt.de/politik/ausland/,mediacloud;wayback-page:www.welt.de/;wayback-page:www.welt.de/politik/ausland/,central,in_corpus,ge_welt_2f6c568550,,"[headline/description] Explodierte Funkempfänger: „Diese chiffrierten Pager wurden nur an hochrangige Mitglieder der Hisbollah verteilt“ Zeitgleich explodieren im Libanon Hunderte kleine Kommunikationsgeräte, sogenannte Pager. Rund 2800 Menschen werden verletzt. Die Hisbol",video page
welt,https://www.welt.de/newsticker/dpa_nt/afxline/topthemen/article253562338/Berichte-Funkgeraete-waren-wohl-mit-Sprengstoff-bestueckt.html,Berichte: Funkgeräte waren wohl mit Sprengstoff bestückt,2024-09-18,gdelt-gkg,gdelt-gkg,central,not_in_manifest,,,"n erlitten. Bei der gleichzeitigen Explosion Hunderter tragbarer und von der Miliz genutzter Funkempfänger, sogenannter Pager, wurden in Beirut und anderen Teilen des Libanons sehr viele Hisbollah-Mitglieder verletzt. Aus Kreisen der schiitische","automated wire-feed page (WELT dpa newsticker / RTL teletext), not an editorial article; accessible via live"
welt,https://www.welt.de/newsticker/dpa_nt/afxline/topthemen/article253563900/Iran-schickt-Rettungsteams-in-den-Libanon.html,Iran schickt Rettungsteams in den Libanon,2024-09-18,gdelt-gkg;wayback-page:www.welt.de/,gdelt-gkg;wayback-page:www.welt.de/,central,not_in_manifest,,,Hunderte kleine sogenannte Pager explodieren gleichzeitig im Libanon. Knapp 2.800 Menschen werden verletzt. Unter den Verletzten sind viele Mitglieder d,"automated wire-feed page (WELT dpa newsticker / RTL teletext), not an editorial article; accessible via live"
welt,https://www.welt.de/newsticker/dpa_nt/afxline/topthemen/article253563996/Pager-Explosionen-im-Libanon-Was-wir-wissen-und-was-nicht.html,Pager-Explosionen im Libanon: Was wir wissen und was nicht,2024-09-18,gdelt-gkg;wayback-page:www.welt.de/,gdelt-gkg;wayback-page:www.welt.de/,central,not_in_manifest,,,"Als Folge der gleichzeitigen Explosion Hunderter sogenannter Pager sind am Dienstag im Libanon bisher rund 2.800 Menschen verletzt worden, mindestens zwölf Menschen starben. Unter den Ve","automated wire-feed page (WELT dpa newsticker / RTL teletext), not an editorial article; accessible via live"
welt,https://www.welt.de/newsticker/dpa_nt/infoline_nt/politik_ausland_nt/article253562356/Lufthansa-und-Air-France-setzen-Fluege-nach-Israel-aus.html,Lufthansa und Air France setzen Flüge nach Israel aus,2024-09-18,gdelt-gkg,gdelt-gkg,central,not_in_manifest,,,rheitslage verantwortlich. Die libanesische Hisbollah-Miliz hatte Israel die Schuld für die Explosionen der sogenannten Pager gegeben und Vergeltung angekündigt. Israels Armee kommentierte die Vorfälle zunächst nicht. Die Airlines der Lufthansa,"automated wire-feed page (WELT dpa newsticker / RTL teletext), not an editorial article; accessible via live"
welt,https://www.welt.de/newsticker/dpa_nt/infoline_nt/politik_ausland_nt/article253575922/Kreise-Erneut-Explosionen-im-Libanon.html,Kreise: Erneut Explosionen im Libanon,2024-09-18,gdelt-gkg,gdelt-gkg,central,not_in_manifest,,,"ß es aus libanesischen Sicherheitskreisen. Bereits am Dienstag waren an mehreren Orten im Libanon gleichzeitig Hunderte Pager explodiert, die Menschen unter anderem in ihren Hosentaschen trugen. Dabei wurden rund 2.800 Menschen verletzt und mind","automated wire-feed page (WELT dpa newsticker / RTL teletext), not an editorial article; accessible via live"
welt,https://www.welt.de/newsticker/dpa_nt/infoline_nt/politik_ausland_nt/article253579308/Galant-Fokus-verschiebt-sich-auf-Nord-Front.html,Galant: Fokus verschiebt sich auf Nord-Front,2024-09-18,gdelt-gkg,gdelt-gkg,mention,not_in_manifest,,,verbündete Hisbollah will die Waffen erst bei Erreichen einer Feuerpause im Gazastreifen schweigen lassen. Bei erneuten Explosionen elektronischer Geräte im Libanon waren offiziellen Angaben zufolge mindestens neun Menschen getötet und mehr als 300 weitere verletzt worden,"automated wire-feed page (WELT dpa newsticker / RTL teletext), not an editorial article; accessible via live"
welt,https://www.welt.de/politik/ausland/article253575444/Libanon-Walkie-Talkies-detonieren-Neun-Tote-und-mehr-als-300-Verletzte-bei-weiteren-Explosionen.html,Libanon: Walkie-Talkies detonieren – Neun Tote und mehr als 300 Verletzte bei weiteren Explosionen,2024-09-18,gdelt-gkg;mediacloud;wayback-page:www.welt.de/politik/ausland/;welt-schlagzeilen,gdelt-gkg;mediacloud;wayback-page:www.welt.de/politik/ausland/;welt-schlagzeilen,central,in_corpus,ge_welt_6c417b4df9,,"nd Guterres sprach, trafen die Nachrichten von einer zweiten Explosionswelle im Libanon ein. Dort explodierten hunderte Walkie-Talkies, nach Angaben des libanesischen Gesundheitsministers Firas Abiad am Donnerstagnachmittag wurden 25 Menschen get",
welt,https://www.welt.de/politik/ausland/video253561074/Explodierende-Pager-im-Libanon-Es-ist-eine-klassische-Supply-Chain-Attacke.html,Explodierende Pager im Libanon: „Es ist eine klassische Supply-Chain-Attacke“,2024-09-18,mediacloud;wayback-page:www.welt.de/;wayback-page:www.welt.de/politik/ausland/,mediacloud;wayback-page:www.welt.de/;wayback-page:www.welt.de/politik/ausland/,central,in_corpus,ge_welt_72b6848474,,"[headline/description] Explodierende Pager im Libanon: „Es ist eine klassische Supply-Chain-Attacke“ Nach der beinahe zeitgleichen Explosion Hunderter Funkempfänger, sogenannter Pager, im Libanon und Syrien wirft Libanon Israel vor, eine „Cyber-Attacke“ verübt zu haben. „D",video page
welt,https://www.welt.de/politik/ausland/video253562668/Bericht-der-New-York-Times-Israelischer-Geheimdienst-soll-Pager-Lieferung-abgefangen-und-mit-Sprengstoff-praepariert-haben.html,Bericht der „New York Times“: Israelischer Geheimdienst soll Pager-Lieferung abgefangen und mit Sprengstoff präpariert haben,2024-09-18,mediacloud;wayback-page:www.welt.de/,mediacloud;wayback-page:www.welt.de/,central,not_in_manifest,,,"[headline/description] Bericht der „New York Times“: Israelischer Geheimdienst soll Pager-Lieferung abgefangen und mit Sprengstoff präpariert haben Nach den Explosionen von Hunderten Pagern im Libanon berichtet die „New York Times“ unter Berufung auf US-Behörden, dass Isra",video page; accessible via live
welt,https://www.welt.de/politik/ausland/video253563392/Pager-im-Libanon-explodiert-Begrenzter-Krieg-seit-neun-Monaten-Seit-dem-7-Oktober-beschiesst-die-Hisbollah-Israel.html,Pager im Libanon explodiert: „Begrenzter Krieg seit neun Monaten – Seit dem 7. Oktober beschießt die Hisbollah Israel“,2024-09-18,mediacloud;wayback-page:www.welt.de/,mediacloud;wayback-page:www.welt.de/,central,not_in_manifest,,,[headline/description] Pager im Libanon explodiert: „Begrenzter Krieg seit neun Monaten – Seit dem 7. Oktober beschießt die Hisbollah Israel“ Berichten zufolge könnte die Massenexplosion von Pagern der Hisbollah im Libanon auf eine Sabotageaktion Israels zurückzuführen sei,video page; accessible via live
welt,https://www.welt.de/politik/ausland/video253574524/Krise-in-Nahost-Pager-Explosionen-im-Libanon-und-Syrien-USA-bestreiten-Beteiligung.html,Krise in Nahost: Pager-Explosionen im Libanon und Syrien – USA bestreiten Beteiligung,2024-09-18,mediacloud,mediacloud,central,not_in_manifest,,,"[headline/description] Krise in Nahost: Pager-Explosionen im Libanon und Syrien – USA bestreiten Beteiligung Der iranische Präsident hat die USA und ihre Verbündeten beschuldigt, den Angriff auf die Hisbollah im Libanon und in Syrien mit explodierenden Pagern unterstützt z",video page; accessible via live
welt,https://www.welt.de/politik/ausland/video253575702/Pager-Explosionen-im-Libanon-Wir-werden-weiter-diese-Art-von-Operationen-erleben.html,Pager-Explosionen im Libanon: „Wir werden weiter diese Art von Operationen erleben“,2024-09-18,mediacloud,mediacloud,central,not_in_manifest,,,"[headline/description] Pager-Explosionen im Libanon: „Wir werden weiter diese Art von Operationen erleben“ Hunderte Pager explodieren im Libanon, Tausende Menschen werden verletzt: Die libanesische Regierung macht Israel verantwortlich und bereitet sich auf den Ernstfall v",video page; accessible via live
welt,https://www.welt.de/politik/ausland/video253576366/Walkie-Talkie-Explosionen-Es-ist-auch-ein-grosser-psychologischer-Schlag-gegen-die-Terroristen.html,„Es ist auch ein großer psychologischer Schlag gegen die Terroristen“,2024-09-18,wayback-page:www.welt.de/politik/ausland/,wayback-page:www.welt.de/politik/ausland/,central,not_in_manifest,,,"[headline/description] Walkie-Talkie-Explosionen: „Es ist auch ein großer psychologischer Schlag gegen die Terroristen“ „Es gibt die Diskussion, dass Israel Truppen aus dem Gaza-Streifen reduzieren muss“, sagt Nils Kottmann, Redakteur der „Jüdischen Allgemeinen“, im Interv",video page; accessible via live
welt,https://www.welt.de/politik/ausland/video253579012/Walkie-Talkie-Explosion-Wenn-ein-Geheimdienst-Operationen-unternimmt-wird-es-weder-bestaetigt-noch-abgestritten.html,"„Wenn ein Geheimdienst Operationen unternimmt, wird es weder bestätigt noch abgestritten“",2024-09-18,wayback-page:www.welt.de/politik/ausland/,wayback-page:www.welt.de/politik/ausland/,central,not_in_manifest,,,"[headline/description] Walkie-Talkie-Explosion: „Wenn ein Geheimdienst Operationen unternimmt, wird es weder bestätigt noch abgestritten“ „60.000 Evakuierte“ würden darauf warten, in ihre Häuser im Norden Israels zurückzukehren, berichtet Israel-Korrespondentin Gisela Dach",video page; accessible via live
welt,https://www.welt.de/politik/deutschland/video253562748/Nach-Pager-Attacke-im-Libanon-Lufthansa-setzt-Fluege-nach-Israel-und-Iran-aus.html,Nach Pager-Attacke im Libanon: Lufthansa setzt Flüge nach Israel und Iran aus,2024-09-18,mediacloud;wayback-page:www.welt.de/,mediacloud;wayback-page:www.welt.de/,central,not_in_manifest,,,[headline/description] Nach Pager-Attacke im Libanon: Lufthansa setzt Flüge nach Israel und Iran aus Nach den Pager-Explosionen bei der Hisbollah im Libanon hat die Lufthansa Flüge in den Nahen Osten gestrichen. Die Kranich-Airline setzt ab sofort bis einschließlich Donner,video page; accessible via live
welt,https://www.welt.de/satire/article253564698/Um-immer-in-Kontakt-zu-bleiben-Soeder-schenkt-Merz-Pager.html,Um immer in Kontakt zu bleiben: Söder schenkt Merz Pager,2024-09-18,gdelt-gkg;mediacloud;welt-schlagzeilen,gdelt-gkg;mediacloud;welt-schlagzeilen,central,not_in_manifest,,,"sagte der CSU-Anführer mit seinem bekannten Haifischgrinsen, als er dem verdutzten Sauerländer äußerst vorsichtig einen Pager überreichte. Der Funkrufempfänger vom taiwanesischen Herstellers Gold Apollo solle sicherstellen, dass die Kommunikatio",accessible via live
welt,https://www.welt.de/sport/eishockey/article253563958/Vor-Saisonstart-DEL-Klubs-fordern-Aenderung-der-kuriosen-Abstiegsregelung.html,Vor Saisonstart: DEL-Klubs fordern Änderung der kuriosen Abstiegsregelung,2024-09-18,mediacloud,mediacloud,mention,not_in_manifest,,,tsprecher verkünden – ähnlich wie beim American Football in der National Football League (NFL). Dafür wird er mit einem Funkgerät ausgestattet. Erstmals werden sich deswegen auch die Unparteiischen auf dem Eis per Funk austauschen können. • Die spek,accessible via live
welt,https://www.welt.de/vermischtes/video253542952/Livestream-Hunderte-Hisbollah-Pager-detonieren-gleichzeitig-Wer-steckt-dahinter.html,Hunderte Hisbollah-Pager detonieren gleichzeitig – Wer steckt dahinter?,2024-09-18,wayback-page:www.welt.de/;wayback-page:www.welt.de/politik/ausland/,wayback-page:www.welt.de/;wayback-page:www.welt.de/politik/ausland/,central,in_corpus,ge_welt_e4de7b31b1,,"[headline/description] Hunderte Hisbollah-Pager detonieren gleichzeitig – Wer steckt dahinter? Bei mysteriösen Explosionen von Funkempfängern im Libanon sind mehrere Menschen getötet worden. Hunderte seien verletzt worden, sagte Gesundheitsminister Firas Abiad. Unter den O",video page
welt,https://www.welt.de/videos/video253575930/WELT-Spezial-Nach-Pager-Attacke-Welle-von-Walkie-Talkie-Explosionen-im-Libanon.html,WELT Spezial: Nach Pager-Attacke – Welle von Walkie-Talkie-Explosionen im Libanon,2024-09-18,mediacloud,mediacloud,central,in_corpus,ge_welt_5bea80f43d,,"[headline/description] WELT Spezial: Nach Pager-Attacke – Welle von Walkie-Talkie-Explosionen im Libanon Nachdem bei zahlreichen Pager-Explosionen am Dienstag im Libanon Tausende Menschen verletzt wurden, sollen nun Walkie-Talkies in den Händen von Hisbollah-Mitgliedern ex",video page
welt,https://www.welt.de/wirtschaft/plus253560752/Nahost-Konflikt-Hisbollah-Miliz-Was-fuer-eine-Manipulation-der-Pager-im-Libanon-spricht.html,"Nahost-Konflikt, Hisbollah-Miliz: Was für eine Manipulation der Pager im Libanon spricht",2024-09-18,gdelt-gkg;mediacloud;welt-schlagzeilen,gdelt-gkg;mediacloud;welt-schlagzeilen,central,in_corpus,ge_welt_3cce7e4997,,Das spricht für die Manipulation der Pager im Libanon,paywalled (teaser/lead only on the fetched copy)
welt,https://www.welt.de/debatte/kommentare/article253591616/Neue-Geraete-Attacke-Israels-triumphaler-Angriff-ist-kein-Ersatz-fuer-eine-Strategie.html,Neue Geräte-Attacke: Israels triumphaler Angriff ist kein Ersatz für eine Strategie,2024-09-19,gdelt-gkg;mediacloud;wayback-page:www.welt.de/;welt-schlagzeilen,gdelt-gkg;mediacloud;wayback-page:www.welt.de/;welt-schlagzeilen,central,not_in_manifest,,,"Untersuchung. Generalsekretär Antonio Guterres warnt vor den Folgen. Das erweckt den Eindruck, die Detonation Tausender Pager und Funkgeräte, die mutmaßlich Israel induziert hat, sei ein massenhaftes Verbrechen gegen die libanesische Zivilbevölk",accessible via live
welt,https://www.welt.de/newsticker/dpa_nt/infoline_nt/politik_ausland_nt/article253582014/Vom-Iran-fuer-Morde-rekrutiert-Israeli-festgenommen.html,Vom Iran für Morde rekrutiert? - Israeli festgenommen,2024-09-19,gdelt-gkg,gdelt-gkg,mention,not_in_manifest,,,"nicht mitgeteilt. Der Iran und die Hisbollah sehen Israel derweil als Drahtzieher hinter den Explosionen elektronischer Kommunikationsgeräte im Libanon. Dabei wurden in den vergangenen Tagen mehr als 30 Menschen getötet und mehr als 3000 weitere verletzt, dar","automated wire-feed page (WELT dpa newsticker / RTL teletext), not an editorial article; accessible via live"
welt,https://www.welt.de/newsticker/dpa_nt/infoline_nt/politik_ausland_nt/article253583560/Berichte-Verletzte-in-Israel-nach-Beschuss-aus-dem-Libanon.html,Berichte: Verletzte in Israel nach Beschuss aus dem Libanon,2024-09-19,gdelt-gkg,gdelt-gkg,central,not_in_manifest,,,Hisbollah-Chef Hassan Nasrallah hat Israel nach den offensichtlich koordinierten Angriffen auf technische Geräte der Schiitenorganisation versuchten «Völkermord» und ein «Massaker» vorgeworfen. «Innerhalb von zwei Tagen und binnen e,"automated wire-feed page (WELT dpa newsticker / RTL teletext), not an editorial article; accessible via live"
welt,https://www.welt.de/podcasts/article253575422/Pager-und-Walkie-Talkie-Attacke-So-koennte-die-Hisbollah-reagieren-Podcast.html,Pager- und Walkie-Talkie-Attacke – So könnte die Hisbollah reagieren – Podcast,2024-09-19,gdelt-gkg;mediacloud;welt-schlagzeilen,gdelt-gkg;mediacloud;welt-schlagzeilen,central,not_in_manifest,,,,accessible via live
welt,https://www.welt.de/politik/ausland/plus253576196/Hisbollah-Kalkulierter-Schachzug-oder-Notloesung-Was-hinter-den-Pager-Angriffen-steckt.html,Hisbollah: Kalkulierter Schachzug oder Notlösung? Was hinter den Pager-Angriffen steckt,2024-09-19,mediacloud;wayback-page:www.welt.de/politik/ausland/;welt-schlagzeilen,mediacloud;wayback-page:www.welt.de/politik/ausland/;welt-schlagzeilen,central,in_corpus,ge_welt_1390009ac6,,Kalkulierter Schachzug oder Notlösung? Was hinter den Pager-Angriffen stecken könnte,paywalled (teaser/lead only on the fetched copy)
welt,https://www.welt.de/politik/ausland/video253580434/Libanon-Nach-Pager-und-Walkie-Talkie-Explosionen-UN-Sicherheitsrat-beruft-Dringlichkeitssitzung-ein.html,Libanon: Nach Pager- und Walkie-Talkie-Explosionen – UN-Sicherheitsrat beruft Dringlichkeitssitzung ein,2024-09-19,mediacloud,mediacloud,central,not_in_manifest,,,[headline/description] Libanon: Nach Pager-Explosionen – UN-Sicherheitsrat beruft Dringlichkeitssitzung ein Nach den tödlichen Massen-Explosionen von Hisbollah-Pagern und Walkie-Talkies beruft der UN-Sicherheitsrat eine Dringlichkeitssitzung ein. Derweil erkärte Israel die,video page; accessible via live
welt,https://www.welt.de/politik/ausland/video253581622/Explosionen-im-Libanon-Niemand-in-der-Hisbollah-hat-mit-einem-derartigen-Angriff-gerechnet.html,Explosionen im Libanon: „Niemand in der Hisbollah hat mit einem derartigen Angriff gerechnet“,2024-09-19,mediacloud;wayback-page:www.welt.de/politik/ausland/,mediacloud;wayback-page:www.welt.de/politik/ausland/,central,not_in_manifest,,,"[headline/description] Explosionen im Libanon: „Niemand in der Hisbollah hat mit einem derartigen Angriff gerechnet“ Erneut kam es zu Bombenanschlägen gegen Mitglieder der Hisbollah-Miliz. Diesmal wurden keine Pager verwendet, sondern Walkie-Talkies. „Das erfordert eine ho",video page; accessible via live
welt,https://www.welt.de/politik/ausland/video253582138/Israelischer-Geheimdienst-Adolf-Eichmann-Gift-explodierende-Telefone-Die-spektakulaersten-Mossad-Operationen.html,"Israelischer Geheimdienst: Adolf Eichmann, Gift, explodierende Telefone – Die spektakulärsten Mossad-Operationen",2024-09-19,mediacloud;wayback-page:www.welt.de/politik/ausland/,mediacloud;wayback-page:www.welt.de/politik/ausland/,central,not_in_manifest,,,"[headline/description] Israelischer Geheimdienst: Adolf Eichmann, Gift, explodierende Telefone – Die spektakulärsten Mossad-Operationen Noch ist unklar, ob die massenhafte Explosion von Pagern im Libanon wirklich eine Aktion von Israels Auslandsgeheimdienst war. Tatsache i",video page; accessible via live
welt,https://www.welt.de/politik/ausland/video253582354/Libanon-Das-ist-bislang-ueber-die-explodierten-Pager-und-Walkie-Talkies-im-Libanon-bekannt.html,Libanon: Das ist bislang über die explodierten Pager und Walkie-Talkies im Libanon bekannt,2024-09-19,mediacloud;wayback-page:www.welt.de/politik/ausland/,mediacloud;wayback-page:www.welt.de/politik/ausland/,central,not_in_manifest,,,[headline/description] Libanon: Das ist bislang über die explodierten Pager und Walkie-Talkies im Libanon bekannt Nach den tödlichen Massen-Explosionen von Hisbollah-Pagern und Walkie-Talkies beruft der UN-Sicherheitsrat eine Dringlichkeitssitzung ein. WELT TV fasst zusamm,video page; accessible via live
welt,https://www.welt.de/politik/ausland/video253585622/Hisbollah-Geraete-explodiert-Auch-ein-hochrangiger-Iraner-der-den-gleichen-Pager-hat-wurde-getroffen.html,"Hisbollah-Geräte explodiert: „Auch ein hochrangiger Iraner, der den gleichen Pager hat, wurde getroffen“",2024-09-19,mediacloud;wayback-page:www.welt.de/politik/ausland/,mediacloud;wayback-page:www.welt.de/politik/ausland/,central,not_in_manifest,,,"[headline/description] Hisbollah-Geräte explodiert: „Auch ein hochrangiger Iraner, der den gleichen Pager hat, wurde getroffen“ Bei erneuten Explosionen von Funkgeräten im Libanon kamen 20 Menschen ums Leben, Hunderte wurden verletzt. „Auch der stellvertretende iranische B",video page; accessible via live
welt,https://www.welt.de/politik/ausland/video253587160/Anschlag-mit-Walkie-Talkies-Es-liegt-vor-allem-an-der-Hisbollah-wie-sich-dieser-Konflikt-weiter-entwickelt.html,"Anschlag mit Walkie-Talkies: „Es liegt vor allem an der Hisbollah, wie sich dieser Konflikt weiter entwickelt“",2024-09-19,mediacloud;wayback-page:www.welt.de/politik/ausland/,mediacloud;wayback-page:www.welt.de/politik/ausland/,central,not_in_manifest,,,"[headline/description] Anschlag mit Walkie-Talkies: „Es liegt vor allem an der Hisbollah, wie sich dieser Konflikt weiter entwickelt“ Über 30 Menschen sind bei den Anschlägen im Libanon mit Pagern und Walkie-Talkies ums Leben gekommen. Ziel waren erneut Unterstützer der Hi",video page; accessible via live
welt,https://www.welt.de/politik/ausland/video253590082/Schlag-gegen-Terrormiliz-Ich-kann-keine-grosse-strategische-Schwaechung-der-Hisbollah-entdecken.html,Schlag gegen Terrormiliz: „Ich kann keine große strategische Schwächung der Hisbollah entdecken“,2024-09-19,mediacloud,mediacloud,central,not_in_manifest,,,[headline/description] Schlag gegen Terrormiliz: „Ich kann keine große strategische Schwächung der Hisbollah entdecken“ Nach den Pager- und Walkie-Talkie-Explosionen im Libanon kündigte die Terrormiliz Hisbollah Vergeltung gegen Israel an. „Die Hisbollah ist nicht maßgebli,video page; accessible via live
welt,https://www.welt.de/politik/ausland/video253593776/Livestream-Nach-Explosion-von-Pagern-im-Libanon-Hisbollah-Chef-Nasrallah-haelt-Rede.html,Livestream +++Nach Explosion von Pagern im Libanon – Hisbollah-Chef Nasrallah hält Rede,2024-09-19,mediacloud;wayback-page:www.welt.de/politik/ausland/,mediacloud;wayback-page:www.welt.de/politik/ausland/,central,live_blog,,yes,[headline/description] Livestream +++Nach Explosion von Pagern im Libanon – Hisbollah-Chef Nasrallah hält Rede Nach der offensichtlich koordinierten Attacke auf technische Geräte der Hisbollah mit mindestens 32 Toten und mehr als 3000 Verletzten besteht die Sorge vor einem,video page; not in manifest; accessible via wayback capture 20240919140615
welt,https://www.welt.de/politik/ausland/video253599038/Nach-Explosion-von-Pagern-Von-Seiten-der-Hisbollah-wird-ein-Gegenschlag-nicht-moeglich-sein.html,Nach Explosion von Pagern: „Von Seiten der Hisbollah wird ein Gegenschlag nicht möglich sein“,2024-09-19,mediacloud,mediacloud,central,not_in_manifest,,,[headline/description] Nach Explosion von Pagern: „Von Seiten der Hisbollah wird ein Gegenschlag nicht möglich sein“ Nach den Explosionen technischer Geräte hat Hisbollah-Chef Nasrallah von einer „Kriegserklärung“ Israels gesprochen und Rache geschworen. Der Sicherheitsexp,video page; accessible via live
welt,https://www.welt.de/politik/deutschland/article253567086/Israel-auf-zweifelhaftem-Kurs-Netanjahu-verfaellt-dem-Groessenwahn-der-Unbesiegbarkeit.html,Israel auf zweifelhaftem Kurs: Netanjahu verfällt dem Größenwahn der Unbesiegbarkeit,2024-09-19,gdelt-gkg;welt-schlagzeilen,gdelt-gkg;welt-schlagzeilen,central,in_corpus,ge_welt_06b84d417f,,seiner Macht (verlinkt auf https://www.welt.de/politik/ausland/article253557702/Libanon-Israelischer-Geheimdienst-soll-Pager-Lieferung-mit-Sprengstoff-praepariert-haben.html) gelungen. In einer einzigen Minute ließ wahrscheinlich der Mossad Tau,
welt,https://www.welt.de/debatte/kommentare/article253614268/Hisbollah-Nasrallahs-grosse-Rache-muss-noch-warten.html,Hisbollah: Nasrallahs große Rache muss noch warten,2024-09-20,gdelt-gkg;mediacloud;welt-schlagzeilen,gdelt-gkg;mediacloud;welt-schlagzeilen,central,in_corpus,ge_welt_ab2f67ce3e,,"onnerstag in einer Fernsehansprache und meinte damit die mutmaßlich von Mossad-Agenten koordinierte Detonation erst von Pagern und dann von Funkgeräten, die mindestens 37 Menschen das Leben kostete (verlinkt auf https://www.welt.de/politik/ausla",
welt,https://www.welt.de/newsticker/dpa_nt/afxline/topthemen/article253601904/Israel-fliegt-nach-Beschuss-massive-Angriffe-im-Libanon.html,Israel fliegt nach Beschuss massive Angriffe im Libanon,2024-09-20,gdelt-gkg,gdelt-gkg,mention,not_in_manifest,,,eser kriminelle Akt kommt einer Kriegserklärung gleich.» Mindestens 37 Menschen kamen bei den Explosionen manipulierter Pager und Handfunkgeräte am Dienstag und Mittwoch nach Behördenangaben ums Leben. Rund 3.000 weitere wurden demnach verletzt.,"automated wire-feed page (WELT dpa newsticker / RTL teletext), not an editorial article; accessible via live"
welt,https://www.welt.de/newsticker/dpa_nt/infoline_nt/politik_ausland_nt/article253603988/Tote-vom-Dach-gestossen-Israels-Armee-untersucht-Vorfall.html,Tote vom Dach gestoßen? - Israels Armee untersucht Vorfall,2024-09-20,gdelt-gkg,gdelt-gkg,mention,not_in_manifest,,,"zt, deren Staatsführung Israel als Erzfeind betrachtet. Zugleich beschuldigte Nasrallah Israel, für die Explosionen von Pagern und Handfunkgeräten verantwortlich zu sein. Der Hisbollah-Chef sprach von einer Kriegserklärung und kündigte Vergeltun","automated wire-feed page (WELT dpa newsticker / RTL teletext), not an editorial article; accessible via live"
welt,https://www.welt.de/politik/ausland/article253594352/Libanon-Hisbollah-Chef-nennt-Pager-Explosionen-Kriegserklaerung.html,Libanon: Hisbollah-Chef nennt Pager-Explosionen „Kriegserklärung“,2024-09-20,gdelt-gkg;mediacloud;wayback-page:www.welt.de/politik/ausland/;welt-schlagzeilen,gdelt-gkg;mediacloud;wayback-page:www.welt.de/politik/ausland/;welt-schlagzeilen,central,in_corpus,ge_welt_5a364c0757,,sie Schmerzen erleiden.“ Die Zahl der Todesopfer bei den Explosionen zahlreicher von der Hisbollah-Miliz genutzter Handfunkgeräte war zuvor nach Angaben der libanesischen Regierung auf 25 gestiegen. 608 Menschen seien bei den Explosionen am Mittwoc,
welt,https://www.welt.de/politik/ausland/article253602010/Libanon-Israel-greift-hunderte-Hisbollah-Ziele-an-Macron-richtet-Videobotschaft-an-Libanesen.html,Libanon: Israel greift hunderte Hisbollah-Ziele an – Macron richtet Videobotschaft an Libanesen,2024-09-20,mediacloud;wayback-page:www.welt.de/;wayback-page:www.welt.de/politik/ausland/;welt-schlagzeilen,mediacloud;wayback-page:www.welt.de/;wayback-page:www.welt.de/politik/ausland/;welt-schlagzeilen,mention,not_in_manifest,,,"kt zwischen Israel und der Hisbollah im Libanon hat sich deutlich zugespitzt, nachdem am Dienstag und Mittwoch hunderte Pager und Walkie-Talkies der Hisbollah-Miliz zeitgleich explodierten. Bei den in zwei Wellen erfolgten Explosionen der Geräte",accessible via live
welt,https://www.welt.de/politik/ausland/article253616868/Beirut-Israelische-Armee-greift-Ziel-an-Hisbollah-Kommandeur-soll-getoetet-worden-sein.html,Beirut: Israelische Armee greift Ziel an – Hisbollah-Kommandeur soll getötet worden sein,2024-09-20,gdelt-gkg;mediacloud;wayback-page:www.welt.de/;wayback-page:www.welt.de/politik/ausland/;welt-schlagzeilen,gdelt-gkg;mediacloud;wayback-page:www.welt.de/;wayback-page:www.welt.de/politik/ausland/;welt-schlagzeilen,mention,not_in_manifest,,,"t X, die „Feinde“ Israels hätten keinen „Zufluchtsort“ mehr. Am Dienstag und Mittwoch waren im Libanon bereits hunderte Pager und Walkie-Talkies der Hisbollah-Miliz gleichzeitig explodiert. Bei den in zwei Wellen erfolgten Explosionen, die Israe",accessible via live
welt,https://www.welt.de/politik/ausland/article253628760/Israel-Libanons-Aussenminister-droht-mit-grosser-Explosion-und-dunklem-Zeitalter.html,Israel: Libanons Außenminister droht mit „großer Explosion“ und „dunklem Zeitalter“,2024-09-20,gdelt-gkg;mediacloud;wayback-page:www.welt.de/;wayback-page:www.welt.de/politik/ausland/;welt-schlagzeilen,gdelt-gkg;mediacloud;wayback-page:www.welt.de/;wayback-page:www.welt.de/politik/ausland/;welt-schlagzeilen,mention,not_in_manifest,,,"ns dunkle Zeitalter zurückwerfen wird.“ Bou Habib warf Israel vor, hinter dem Angriff in seinem Land mit explodierenden Pagern und Funkgeräten zu stecken. Der Minister sagte, Tausende Pager seien zur Explosion gebracht worden. Zwischendurch hiel",accessible via live
welt,https://www.welt.de/politik/ausland/video253575272/Libanon-Pager-Explosion-Es-gibt-Berichte-dass-ein-paar-Geraete-aufgefallen-sind.html,"Libanon: Pager-Explosion – „Es gibt Berichte, dass ein paar Geräte aufgefallen sind“",2024-09-20,mediacloud;wayback-page:www.welt.de/politik/ausland/,mediacloud;wayback-page:www.welt.de/politik/ausland/,central,in_corpus,ge_welt_f02c64384a,,"[headline/description] Libanon: Pager-Explosion – „Es gibt Berichte, dass ein paar Geräte aufgefallen sind“ „Es könnte sein, dass man der Hisbollah einen schweren Schlag versetzen wollte“, sagt Nahost-Experte Simon Wolfgang Fuchs im Interview mit Welt TV. „Es ist schon län",video page
welt,https://www.welt.de/politik/ausland/video253579438/Walkie-Talkie-Explosionen-Man-will-einen-Krieg-vermeiden-indem-man-signalisiert-Wir-haben-euch.html,"Walkie-Talkie-Explosionen: „Man will einen Krieg vermeiden, indem man signalisiert – Wir haben euch“",2024-09-20,mediacloud;wayback-page:www.welt.de/politik/ausland/,mediacloud;wayback-page:www.welt.de/politik/ausland/,central,not_in_manifest,,,"[headline/description] Pager-Explosion: „Man will einen Krieg vermeiden, indem man signalisiert – Wir haben euch“ Israel hätte möglicherweise monatelang die explodierten Walkie Talkies abgehört, sagt Geheimdienstexperte Shlomo Shpiro im Interview mit Welt TV. Innerhalb der",video page; accessible via live
welt,https://www.welt.de/politik/ausland/video253599618/Explosion-von-Pagern-Israel-hat-nach-einem-Jahr-Beschuss-aus-dem-Libanon-die-Schnauze-voll.html,Explosion von Pagern: „Israel hat nach einem Jahr Beschuss aus dem Libanon die Schnauze voll“,2024-09-20,mediacloud;wayback-page:www.welt.de/politik/ausland/,mediacloud;wayback-page:www.welt.de/politik/ausland/,central,not_in_manifest,,,[headline/description] Explosion von Pagern: „Israel hat nach einem Jahr Beschuss aus dem Libanon die Schnauze voll“ In einer Ansprache kündigte Hisbollah-Chef Nasrallah wegen der Explosion Hunderter Pager Vergeltung gegenüber Israel an. „Die Hisbollah setzt die Zukunft de,video page; accessible via live
welt,https://www.welt.de/politik/ausland/video253604246/Hisbollah-Chef-Nasrallah-kann-nichts-anderes-ausser-drohen-und-Terror.html,"Hisbollah-Chef: „Nasrallah kann nichts anderes, außer drohen und Terror“",2024-09-20,mediacloud;wayback-page:www.welt.de/;wayback-page:www.welt.de/politik/ausland/,mediacloud;wayback-page:www.welt.de/;wayback-page:www.welt.de/politik/ausland/,central,not_in_manifest,,,"[headline/description] Hisbollah-Chef: „Nasrallah kann nichts anderes, außer drohen und Terror“ Nach der Explosion von hunderten Pagern und Walkie-Talkies im Libanon, droht jetzt der Hisbollah-Chef Hassan Nasrallah in einer Fernsehansprache mit Rache. „Nasrallah kann nicht",video page; accessible via live
welt,https://www.welt.de/wirtschaft/plus253593328/Pager-Attacken-gegen-die-Hisbollah-muss-jetzt-auch-der-Westen-Attacken-fuerchten.html,Pager-Attacken gegen die Hisbollah – muss jetzt auch der Westen Attacken fürchten?,2024-09-20,mediacloud;wayback-page:www.welt.de/;welt-schlagzeilen,mediacloud;wayback-page:www.welt.de/;welt-schlagzeilen,central,in_corpus,ge_welt_d453f9f2a8,,Pager-Attacken gegen die Hisbollah – muss jetzt auch der Westen Angriffe fürchten?,paywalled (teaser/lead only on the fetched copy)
welt,https://www.welt.de/newsticker/dpa_nt/afxline/topthemen/article253628972/Armeesprecher-Hisbollah-plante-Ueberfall-auf-Israel.html,Armeesprecher: Hisbollah plante Überfall auf Israel,2024-09-21,gdelt-gkg,gdelt-gkg,mention,not_in_manifest,,,"lassen, wenn der Krieg im Gazastreifen gestoppt werde. Zugleich beschuldigte Nasrallah Israel, für die Explosionen von Pagern und Handfunkgeräten in dieser Woche verantwortlich zu sein. Mindestens 37 Menschen kamen nach Behördenangaben dabei am","automated wire-feed page (WELT dpa newsticker / RTL teletext), not an editorial article; accessible via live"
welt,https://www.welt.de/newsticker/dpa_nt/afxline/topthemen/article253635438/Israels-Armee-400-Stellungen-der-Hisbollah-angegriffen.html,Israels Armee: 400 Stellungen der Hisbollah angegriffen,2024-09-21,gdelt-gkg,gdelt-gkg,mention,not_in_manifest,,,"mehreren folgenschweren Angriffen den Druck auf die Hisbollah spürbar erhöht. Seit Dienstag wurden bei Explosionen von Kommunikationsgeräten, einem massiven Luftschlag in einem Vorort in Beirut und Angriffen im Süden des Landes mindestens 86 Menschen getötet","automated wire-feed page (WELT dpa newsticker / RTL teletext), not an editorial article; accessible via live"
welt,https://www.welt.de/politik/ausland/article253633946/Hochmoderne-Waffen-Iran-praesentiert-Drohnen-und-Rakete-vom-Typ-Dschihad-bei-Militaerparade.html,Hochmoderne Waffen: Iran präsentiert Drohnen und Rakete vom Typ „Dschihad“ bei Militärparade,2024-09-21,mediacloud,mediacloud,mention,not_in_manifest,,,he Gemeinden infiltrieren und unschuldige Zivilisten ermorden wollten“. Am Dienstag und Mittwoch waren bereits hunderte Pager und Walkie-Talkies der Hisbollah-Miliz gleichzeitig explodiert (verlinkt auf https://www.welt.de/politik/ausland/articl,accessible via live
welt,https://www.welt.de/newsticker/dpa_nt/afxline/topthemen/article253640112/Israels-Angriffe-im-Libanon-Wie-reagiert-die-Hisbollah.html,Israels Angriffe im Libanon - Wie reagiert die Hisbollah?,2024-09-22,gdelt-gkg,gdelt-gkg,central,not_in_manifest,,,"ael zugeschriebene Angriffe im Libanon auf eine harte Probe gestellt. Erst explodierten am Dienstag im Libanon Tausende Pager, am Mittwoch dann Dutzende Funkgeräte, die Hisbollah-Mitglieder zur Kommunikation nutzten. Am Freitag griff das israeli","automated wire-feed page (WELT dpa newsticker / RTL teletext), not an editorial article; accessible via live"
welt,https://www.welt.de/politik/ausland/article253635056/Nahost-Konflikt-Israel-greift-Ziele-im-Suedlibanon-mit-dutzenden-Kampfflugzeugen-an.html,"Nahost-Konflikt: Israel greift Ziele im Südlibanon mit „dutzenden"" Kampfflugzeugen an",2024-09-22,gdelt-gkg;wayback-page:www.welt.de/politik/ausland/;welt-schlagzeilen,gdelt-gkg;wayback-page:www.welt.de/politik/ausland/;welt-schlagzeilen,mention,not_in_manifest,,,ebenen Explosionen von Kommunikationsgeräten (verlinkt auf https://www.welt.de/politik/ausland/article253575444/Libanon-Walkie-Talkies-explodieren-in-Beirut-Israel-kuendigt-neue-Phase-des-Krieges-an.html) der Hisbollah-Miliz spitzte sich die Lage,accessible via live
welt,https://www.welt.de/politik/deutschland/video253579118/Meine-WELT-Meine-Meinung-Man-sollte-bei-der-Gaestewahl-sorgfaeltiger-sein-als-es-die-ARD-gewesen-ist.html,"Meine WELT – Meine Meinung: „Man sollte bei der Gästewahl sorgfältiger sein, als es die ARD gewesen ist“",2024-09-22,mediacloud,mediacloud,central,not_in_manifest,,,"[headline/description] Jan Fleischhauer: „Man sollte bei der Gästewahl sorgfältiger sein, als es die ARD gewesen ist“ Die öffentlich-rechtliche ARD weist eine Behauptung zurück, sie habe in einem Talkformat gecastete Laiendarsteller eingesetzt. Darüber und über die Pager-E",video page; accessible via live
welt,https://www.welt.de/newsticker/dpa_nt/infoline_nt/politik_ausland_nt/article253647584/Israels-Armee-warnt-Einwohner-im-Sueden-des-Libanons.html,Israels Armee warnt Einwohner im Süden des Libanons,2024-09-23,gdelt-gkg,gdelt-gkg,mention,not_in_manifest,,,"d 150.000 Menschen ihre Wohnorte verlassen. Die kriegsähnliche Auseinandersetzung hat sich nach der Explosion Tausender Kommunikationsgeräte im Libanon sowie einem israelischen Angriff auf die Hisbollah-Führung nahe Beirut mit mehr als 50 Toten, darunter Zivi","automated wire-feed page (WELT dpa newsticker / RTL teletext), not an editorial article; accessible via live"
welt,https://www.welt.de/newsticker/dpa_nt/afxline/topthemen/article253667614/Israel-plant-schon-naechste-Phasen-im-Kampf-gegen-Hisbollah.html,Israel plant schon «nächste Phasen» im Kampf gegen Hisbollah,2024-09-24,gdelt-gkg,gdelt-gkg,mention,not_in_manifest,,,rte auf beiden Seiten der Grenze verlassen. Die kriegsähnliche Auseinandersetzung hat sich nach der Explosion Tausender Funkgeräte im Libanon sowie einem israelischen Angriff auf die Hisbollah-Führung nahe Beirut mit mehr als 50 Toten vorige Woche n,"automated wire-feed page (WELT dpa newsticker / RTL teletext), not an editorial article; accessible via live"
welt,https://www.welt.de/politik/article253687090/Rede-des-US-Praesidenten-bei-UN-Generaldebatte-Joe-Bidens-Amerika-verabschiedet-sich.html,Rede des US-Präsidenten bei UN-Generaldebatte: Joe Bidens Amerika verabschiedet sich,2024-09-24,gdelt-gkg;mediacloud,gdelt-gkg;mediacloud,mention,not_in_manifest,,,"kt auf https://www.welt.de/debatte/kommentare/article253317040/Israel-Netanjahus-gefaehrlicher-Starrsinn.html) nach den Pager-Attacken hat die Administration offensichtlich überrascht. Folgt nun der Flächenbrand, der seit dem 7. Oktober vermiede",accessible via live
welt,https://www.welt.de/politik/ausland/article253647272/Naher-Osten-Hisbollah-erlebte-schlimmste-Woche-ihrer-Geschichte-Jetzt-erhoeht-Israel-den-Druck-auf-die-Hamas.html,"Naher Osten: Hisbollah erlebte „schlimmste Woche ihrer Geschichte"" – Jetzt erhöht Israel den Druck auf die Hamas",2024-09-24,gdelt-gkg;wayback-page:www.welt.de/;wayback-page:www.welt.de/politik/ausland/;welt-schlagzeilen,gdelt-gkg;wayback-page:www.welt.de/;wayback-page:www.welt.de/politik/ausland/;welt-schlagzeilen,mention,not_in_manifest,,,"densvertrag mit Ägypten unterzeichnete, 1994 folgte Jordanien. Mit Blick auf die Israel zugeschriebenen Explosionen von Kommunikationsgeräten der Hisbollah in der vergangenen Woche sagte Außenminister Abdelatty: „Wir diskutieren mit unseren regionalen und int",accessible via live
zdfheute,https://www.zdf.de/nachrichten/politik/ausland/liveblog-eskalation-nahost-israel-100.html,Blog,2024-07-31,manifest-liveblog-scan;wayback-cdx-liveblog-path;wayback-page:www.zdf.de/nachrichten;wayback-page:www.zdf.de/nachrichten/politik/ausland,wayback-cdx-liveblog-path;wayback-page:www.zdf.de/nachrichten;wayback-page:www.zdf.de/nachrichten/politik/ausland,mention,live_blog,,yes,"e Antwort auf das ""brutale Massaker"" Israels am Dienstag und Mittwoch, bei dem in mehreren Teilen des Libanons Hunderte Pager und Funkgeräte explodierten. Zudem erklärte mit Miliz, mit Dutzenden Raketen den israelischen Militärstützpunkt Ramat D",in manifest (zdfheute|untagged|cdx) but not a candidate; accessible via wayback capture 20240922161114
zdfheute,https://www.zdf.de/nachrichten/politik/ausland/hisbollah-pager-explosionen-100.html,Libanon: Pager-Explosionen verletzen Tausende,2024-09-17,gdelt-gkg;mediacloud;wayback-page:www.zdf.de/nachrichten,gdelt-gkg;mediacloud;wayback-page:www.zdf.de/nachrichten,central,in_corpus,ge_zdfheute_f39b41962b,,"[headline/description] Libanon: Pager-Explosionen verletzen Tausende Bei Pager-Explosionen im Libanon sind mindestens neun Menschen gestorben, Tausende wurden verletzt. Es soll sich um einen koordinierten Angriff auf Hisbollah-Ziele handeln.",
zdfheute,https://www.zdf.de/nachrichten/politik/ausland/explosionen-beirut-walkie-talkies-pager-100.html,Nach Pager-Vorfällen: Weitere Explosionen im Libanon,2024-09-18,mediacloud;wayback-page:www.zdf.de/nachrichten/politik/ausland,mediacloud;wayback-page:www.zdf.de/nachrichten/politik/ausland,central,in_corpus,ge_zdfheute_507f288e9f,,Nach Vorfällen mit Pagern : Weitere Geräte-Explosionen im Libanon,
zdfheute,https://www.zdf.de/nachrichten/politik/ausland/pager-explosion-hisbollah-libanon-israel-100.html,Steckt Israel hinter den Pager-Explosionen im Libanon?,2024-09-18,gdelt-gkg;mediacloud,gdelt-gkg;mediacloud,central,in_corpus,ge_zdfheute_5a317882e0,,[headline/description] Steckt Israel hinter den Pager-Explosionen im Libanon? Sind die Pager-Explosionen im Libanon ein Machtbeweis? Der pro-iranischen Hisbollah-Miliz ist ein schwerer Schlag zugefügt worden. Experten vermuten Israel hinter den Vorfällen.,
zdfheute,https://www.zdf.de/nachrichten/politik/ausland/walkie-talkies-pager-mossad-hisbollah-israel-libanon-100.html,Experte: Wenig Optionen für Hisbollah-Rache,2024-09-18,gdelt-gkg;mediacloud;wayback-page:www.zdf.de/nachrichten/politik/ausland,gdelt-gkg;mediacloud;wayback-page:www.zdf.de/nachrichten/politik/ausland,central,in_corpus,ge_zdfheute_2af159311c,,"[headline/description] Experte: Wenig Optionen für Hisbollah-Rache Im Libanon explodieren Hunderte Funkempfänger, dann Walkie-Talkies. Alles deutet auf die Urheberschaft Israels hin, so Experte Hinz. Und auf geplante ""größere Militäraktionen"".",
zdfheute,https://www.zdf.de/nachrichten/politik/ausland/hisbollah-chef-pager-explosionen-reaktion-100.html,"Hisbollah zu Explosionen: ""Alle roten Linien überschritten""",2024-09-19,mediacloud;wayback-page:www.zdf.de/nachrichten/politik/ausland,mediacloud;wayback-page:www.zdf.de/nachrichten/politik/ausland,central,in_corpus,ge_zdfheute_e2b287ebd6,,,
zdfheute,https://www.zdf.de/nachrichten/politik/ausland/libanon-pager-explosionen-israel-100.html,Tote nach Pager Explosion im Libanon: Die Völkerrechts-Frage,2024-09-19,mediacloud;wayback-page:www.zdf.de/nachrichten/politik/ausland,mediacloud;wayback-page:www.zdf.de/nachrichten/politik/ausland,central,in_corpus,ge_zdfheute_d886ea02f0,,Tote und Verletzte im Libanon : Pager-Explosionen: Was sagt das Völkerrecht?,
zdfheute,https://www.zdf.de/nachrichten/politik/ausland/israel-libanon-hisbollah-angriff-waffensysteme-100.html,Israel: Hisbollah-Kommandeur Ibrahim Akil in Beirut getötet,2024-09-20,mediacloud;wayback-page:www.zdf.de/nachrichten/politik/ausland,mediacloud;wayback-page:www.zdf.de/nachrichten/politik/ausland,mention,in_corpus,ge_zdfheute_adc2174b59,,"tärischen Belange der Terrorgruppe seit vielen Jahren lenken. Hisbollah-Generalsekretär Hassan Nasrallah sagte bei einer Rede am Donnerstag, dass die Pager-Explosionen seiner Organisation einen ""schweren Schlag"" versetzt hätten.",
zdfheute,https://www.zdf.de/nachrichten/politik/ausland/pager-explosion-libanon-israel-fathollah-nejad-100.html,"Politikwissenschaftler: ""Hisbollah in strategischem Dilemma""",2024-09-20,mediacloud;wayback-page:www.zdf.de/nachrichten/politik/ausland,mediacloud;wayback-page:www.zdf.de/nachrichten/politik/ausland,central,in_corpus,ge_zdfheute_24e870cf00,,Im Süden des Libanons intensiviert Israel seine Angriffe auf Ziele der Hisbollah. Nach den Explosionen von Kommunikationsgeräten droht Hisbollah-Führer Hassan Nasrallah mit Vergeltung.,
zdfheute,https://www.zdf.de/nachrichten/politik/ausland/hisbollah-kommandeur-libanon-luftangriff-israel-100.html,Hisbollah-Militärführung zu großen Teilen ausgeschaltet,2024-09-22,mediacloud,mediacloud,mention,in_corpus,ge_zdfheute_a6522f7194,,,
zdfheute,https://www.zdf.de/nachrichten/politik/ausland/libanon-hisbollah-angriffe-strategie-ziele-israel-100.html,Libanon: Was erreicht Israel mit Bomben gegen die Hisbollah?,2024-09-23,gdelt-gkg;mediacloud,gdelt-gkg;mediacloud,mention,in_corpus,ge_zdfheute_8d0d93c5f6,,,
